Row/Case,Status,Description,T2 ,"AIR2 
","ACID_GAS
 
","AIRFLOW 




KMOL/HR 
","ACID_GAS 
","H2S     




KMOL/HR 
","SO2OUT  




KMOL/HR 
","H2SOUT  




KMOL/HR 
","H2SMF   





","SO2MF   





","CONV    





","R2      





","F1      





"
1,OK,,140,8.13,121,123.6,121,47.3265353,2.52198083,0.417608956,0.002682267,0.033510511,0.93788707,0.080042559,1.0214876
2,OK,,140,8.13,124,123.6,124,48.4999205,2.00751482,0.550320524,0.003514277,0.026570535,0.947261041,0.132262189,0.996774194
3,OK,,140,8.13,127,123.6,127,49.6733057,1.51333909,0.734357287,0.004660665,0.019940654,0.954750417,0.233726778,0.973228346
4,OK,,140,8.13,130,123.6,130,50.8466908,1.05933003,0.988478709,0.006232002,0.013883386,0.959725821,0.448881973,0.950769231
5,OK,,140,8.13,133,123.6,133,52.020076,0.648134356,1.34383661,0.008411994,0.008440406,0.96170765,0.996633805,0.929323308
6,OK,,140,8.13,136,123.6,136,53.1934612,0.318938698,1.86164592,0.011561856,0.004119968,0.959006529,2.80629735,0.908823529
7,OK,,140,8.13,139,123.6,139,54.3668464,0.093393504,2.57745076,0.015868785,0.001194225,0.950873658,13.287933,0.889208633
8,OK,,140,8.13,142,123.6,142,55.5402315,0.00326018,3.59768851,0.021934028,4.12E-05,0.93516504,532.953239,0.870422535
9,OK,,140,8.13,145,123.6,145,56.7136167,0.000854629,4.76731579,0.028763829,1.06E-05,0.915925474,2704.93318,0.852413793
10,OK,,140,8.13,148,123.6,148,57.8870019,0.000420405,5.97651215,0.035678114,5.16E-06,0.896748279,6919.86218,0.835135135
11,OK,,140,8.13,151,123.6,151,59.0603871,0.000234624,7.17669307,0.04238673,2.84E-06,0.878481533,14943.5688,0.818543046
12,OK,,140,8.13,154,123.6,154,60.2337722,0.000140186,8.38445256,0.048988249,1.67E-06,0.860799143,29321.1143,0.802597403
13,OK,,140,8.13,157,123.6,157,61.4071574,8.83E-05,9.5993848,0.05547084,1.04E-06,0.843675013,53474.2387,0.787261146
14,OK,,140,8.13,160,123.6,160,62.5805426,5.83E-05,10.8124508,0.061812234,6.76E-07,0.82722251,91504.008,0.7725
15,OK,,140,8.61904737,121,123.6,121,47.3265353,2.61799574,0.4058521,0.002598685,0.034670764,0.936106714,0.074953201,1.0214876
16,OK,,140,8.61904737,124,123.6,124,48.4999205,2.10005519,0.533097569,0.003393973,0.027705687,0.945708101,0.122500942,0.996774194
17,OK,,140,8.61904737,127,123.6,127,49.6733057,1.60514005,0.707314911,0.004475738,0.021083137,0.953446727,0.212289972,0.973228346
18,OK,,140,8.61904737,130,123.6,130,50.8466908,1.14260931,0.948929389,0.005965496,0.014930252,0.958865785,0.399557657,0.950769231
19,OK,,140,8.61904737,133,123.6,133,52.020076,0.725927474,1.28880933,0.008045181,0.009426735,0.961270014,0.853442975,0.929323308
20,OK,,140,8.61904737,136,123.6,136,53.1934612,0.379372489,1.76615254,0.01094036,0.004888668,0.959665625,2.23790195,0.908823529
21,OK,,140,8.61904737,139,123.6,139,54.3668464,0.128504993,2.44371632,0.015009162,0.00164002,0.952687686,9.15181772,0.889208633
22,OK,,140,8.61904737,142,123.6,142,55.5402315,0.009911097,3.40237071,0.020695535,0.000124913,0.938561981,165.679871,0.870422535
23,OK,,140,8.61904737,145,123.6,145,56.7136167,0.000229003,4.65366634,0.028005419,2.84E-06,0.917940424,9846.52072,0.852413793
24,OK,,140,8.61904737,148,123.6,148,57.8870019,0.000449065,5.78646673,0.034472197,5.50E-06,0.900030825,6266.53063,0.835135135
25,OK,,140,8.61904737,151,123.6,151,59.0603871,0.000268164,6.97411643,0.041108823,3.24E-06,0.881910957,12694.4605,0.818543046
26,OK,,140,8.61904737,154,123.6,154,60.2337722,0.000159463,8.17119772,0.047651777,1.90E-06,0.864339275,25100.0088,0.802597403
27,OK,,140,8.61904737,157,123.6,157,61.4071574,9.98E-05,9.38117197,0.054119737,1.17E-06,0.847228366,46188.4682,0.787261146
28,OK,,140,8.61904737,160,123.6,160,62.5805426,6.54E-05,10.597409,0.06047504,7.56E-07,0.830658637,79945.7543,0.7725
29,OK,,140,9.10809474,121,123.6,121,47.3265353,2.71530939,0.394584499,0.002518712,0.035839314,0.934288579,0.070277917,1.0214876
30,OK,,140,9.10809474,124,123.6,124,48.4999205,2.20058606,0.515180406,0.003269905,0.028934172,0.944004723,0.113011862,0.996774194
31,OK,,140,9.10809474,127,123.6,127,49.6733057,1.69319039,0.683549213,0.004312549,0.022170541,0.952152578,0.194517081,0.973228346
32,OK,,140,9.10809474,130,123.6,130,50.8466908,1.22696694,0.912145484,0.005717756,0.015984467,0.957930155,0.357707028,0.950769231
33,OK,,140,9.10809474,133,123.6,133,52.020076,0.803633091,1.23109944,0.007663681,0.010406323,0.960885629,0.736444684,0.929323308
34,OK,,140,9.10809474,136,123.6,136,53.1934612,0.439915934,1.68319203,0.010399087,0.005654892,0.96008705,1.83895395,0.908823529
35,OK,,140,9.10809474,139,123.6,139,54.3668464,0.170005734,2.31315887,0.014172835,0.00216526,0.954325756,6.54555671,0.889208633
36,OK,,140,9.10809474,142,123.6,142,55.5402315,0.022273006,3.21131216,0.019493528,0.000280391,0.941779408,69.5225748,0.870422535
37,OK,,140,9.10809474,145,123.6,145,56.7136167,0.001054315,4.38137942,0.02632374,1.31E-05,0.922726957,2011.41694,0.852413793
38,OK,,140,9.10809474,148,123.6,148,57.8870019,0.000654179,5.55971823,0.033056369,8.00E-06,0.90394437,4129.64595,0.835135135
39,Errors,,140,9.10809474,151,123.6,151,59.0603871,3.38E-06,7.06825861,0.041537743,4.07E-08,0.880321442,1020442.63,0.818543046
40,OK,,140,9.10809474,154,123.6,154,60.2337722,0.000180851,7.96324871,0.046350072,2.15E-06,0.867791286,21550.194,0.802597403
41,OK,,140,9.10809474,157,123.6,157,61.4071574,0.000821717,9.17015972,0.052804334,9.64E-06,0.850652891,5480.18983,0.787261146
42,OK,,140,9.10809474,160,123.6,160,62.5805426,7.21E-05,10.4129035,0.059298053,8.33E-07,0.833606819,71202.6101,0.7725
43,OK,,140,9.59714211,121,123.6,121,47.3265353,2.81562517,0.383508188,0.002440428,0.037037828,0.932402967,0.06589015,1.0214876
44,OK,,140,9.59714211,124,123.6,124,48.4999205,2.29187573,0.500423334,0.003166636,0.030038539,0.942426729,0.105419122,0.996774194
45,OK,,140,9.59714211,127,123.6,127,49.6733057,1.78792686,0.659307521,0.004147266,0.023335863,0.95073341,0.177720685,0.973228346
46,OK,,140,9.59714211,130,123.6,130,50.8466908,1.31040402,0.878753736,0.0054926,0.017020783,0.956945915,0.322699611,0.950769231
47,OK,,140,9.59714211,133,123.6,133,52.020076,0.880740614,1.17948517,0.007322014,0.011372804,0.960395564,0.643817784,0.929323308
48,OK,,140,9.59714211,136,123.6,136,53.1934612,0.506168464,1.60252699,0.009874635,0.006489952,0.960357995,1.52152668,0.908823529
49,OK,,140,9.59714211,139,123.6,139,54.3668464,0.212470206,2.2031387,0.013465294,0.002700506,0.955568346,4.98621184,0.889208633
50,OK,,140,9.59714211,142,123.6,142,55.5402315,0.039862244,3.04295384,0.018430084,0.000501045,0.944494,36.7832683,0.870422535
51,OK,,140,9.59714211,145,123.6,145,56.7136167,0.001664127,4.14969402,0.02488182,2.06E-05,0.926801386,1205.92035,0.852413793
52,OK,,140,9.59714211,148,123.6,148,57.8870019,0.000683298,5.34018198,0.031688051,8.35E-06,0.907736364,3794.24726,0.835135135
53,OK,,140,9.59714211,151,123.6,151,59.0603871,0.000351026,6.53248157,0.038357319,4.23E-06,0.889387237,9068.46002,0.818543046
54,OK,,140,9.59714211,154,123.6,154,60.2337722,0.000208186,7.73316185,0.0449257,2.47E-06,0.87161073,18166.1946,0.802597403
55,OK,,140,9.59714211,157,123.6,157,61.4071574,0.000127997,8.94494563,0.051414334,1.50E-06,0.854331742,34290.0608,0.787261146
56,OK,,140,9.59714211,160,123.6,160,62.5805426,8.34E-05,10.1425937,0.057677969,9.63E-07,0.837926028,59868.1027,0.7725
57,OK,,140,10.0861895,121,123.6,121,47.3265353,2.9131034,0.373482227,0.00236929,0.038192826,0.930555119,0.062034947,1.0214876
58,OK,,140,10.0861895,124,123.6,124,48.4999205,2.38780182,0.485613028,0.003063601,0.031193667,0.940754236,0.098212266,0.996774194
59,OK,,140,10.0861895,127,123.6,127,49.6733057,1.87822161,0.638114786,0.00400207,0.024437692,0.94934228,0.163766299,0.973228346
60,OK,,140,10.0861895,130,123.6,130,50.8466908,1.40489986,0.843044236,0.005254109,0.018189794,0.955789766,0.288849257,0.950769231
61,OK,,140,10.0861895,133,123.6,133,52.020076,0.959695248,1.13131278,0.007003415,0.012357146,0.959803826,0.566750151,0.929323308
62,OK,,140,10.0861895,136,123.6,136,53.1934612,0.570057771,1.52627228,0.009379905,0.007290762,0.960590456,1.28654665,0.908823529
63,OK,,140,10.0861895,139,123.6,139,54.3668464,0.263025674,2.09089095,0.012747524,0.003335693,0.956703087,3.82155132,0.889208633
64,OK,,140,10.0861895,142,123.6,142,55.5402315,0.064023465,2.87360931,0.017365249,0.000803406,0.947108021,21.6145368,0.870422535
65,OK,,140,10.0861895,145,123.6,145,56.7136167,0.002264893,3.96344601,0.023714358,2.80E-05,0.930074801,845.497082,0.852413793
66,OK,,140,10.0861895,148,123.6,148,57.8870019,0.000878766,5.14078234,0.030442364,1.07E-05,0.911177623,2837.57701,0.835135135
67,OK,,140,10.0861895,151,123.6,151,59.0603871,0.00040932,6.33134248,0.037102278,4.93E-06,0.892791901,7530.91815,0.818543046
68,OK,,140,10.0861895,154,123.6,154,60.2337722,0.000236818,7.52616081,0.043641122,2.81E-06,0.875046882,15528.2561,0.802597403
69,OK,,140,10.0861895,157,123.6,157,61.4071574,0.000145553,8.72329135,0.050046,1.70E-06,0.85794104,29385.5967,0.787261146
70,OK,,140,10.0861895,160,123.6,160,62.5805426,9.25E-05,9.95213603,0.056488632,1.07E-06,0.840969283,52913.0915,0.7725
71,OK,,140,10.5752368,121,123.6,121,47.3265353,3.01252712,0.363748046,0.002300409,0.039364011,0.928659997,0.058439385,1.0214876
72,OK,,140,10.5752368,124,123.6,124,48.4999205,2.48588768,0.471293751,0.00296424,0.03236797,0.939027087,0.091579412,0.996774194
73,OK,,140,10.5752368,127,123.6,127,49.6733057,1.9753433,0.616426769,0.003854555,0.025617937,0.947823685,0.150463123,0.973228346
74,OK,,140,10.5752368,130,123.6,130,50.8466908,1.49154362,0.813428278,0.005054948,0.01925404,0.954668202,0.262539608,0.950769231
75,OK,,140,10.5752368,133,123.6,133,52.020076,1.04143898,1.08572537,0.006702424,0.013370967,0.95910878,0.501266947,0.929323308
76,OK,,140,10.5752368,136,123.6,136,53.1934612,0.640849337,1.45778971,0.008935095,0.008174519,0.960547049,1.09304225,0.908823529
77,OK,,140,10.5752368,139,123.6,139,54.3668464,0.320799156,1.98091963,0.01204688,0.004058889,0.957663191,2.96802418,0.889208633
78,OK,,140,10.5752368,142,123.6,142,55.5402315,0.093575041,2.72506293,0.016429474,0.001172156,0.949250518,14.0164601,0.870422535
79,OK,,140,10.5752368,145,123.6,145,56.7136167,0.004209287,3.73437418,0.022298645,5.21E-05,0.934079615,428.283772,0.852413793
80,OK,,140,10.5752368,148,123.6,148,57.8870019,0.000943409,4.94032363,0.029191274,1.15E-05,0.914639437,2538.34136,0.835135135
81,Errors,,140,10.5752368,151,123.6,151,59.0603871,0.001576361,5.09690773,0.029338246,1.90E-05,0.913673371,1542.56447,0.818543046
82,OK,,140,10.5752368,154,123.6,154,60.2337722,0.000270021,7.31626875,0.042342726,3.20E-06,0.878530955,13227.884,0.802597403
83,OK,,140,10.5752368,157,123.6,157,61.4071574,0.000164253,8.51443112,0.048759147,1.92E-06,0.861341972,25393.8206,0.787261146
84,OK,,140,10.5752368,160,123.6,160,62.5805426,0.000104295,9.7323308,0.055142012,1.20E-06,0.844481452,45861.0775,0.7725
85,OK,,140,11.0642842,121,123.6,121,47.3265353,3.11211928,0.354531435,0.002235198,0.040529186,0.92675038,0.055150331,1.0214876
86,OK,,140,11.0642842,124,123.6,124,48.4999205,2.5795735,0.458652188,0.002876005,0.033479874,0.937356069,0.085902514,0.996774194
87,OK,,140,11.0642842,127,123.6,127,49.6733057,2.06969069,0.596958314,0.003721734,0.026755797,0.946316256,0.139100085,0.973228346
88,OK,,140,11.0642842,130,123.6,130,50.8466908,1.58030359,0.78519514,0.00486538,0.020337462,0.953477823,0.239232391,0.950769231
89,OK,,140,11.0642842,133,123.6,133,52.020076,1.12676795,1.04182097,0.006413358,0.014423823,0.958312461,0.44463648,0.929323308
90,OK,,140,11.0642842,136,123.6,136,53.1934612,0.713094161,1.39504977,0.008527561,0.009071783,0.960368363,0.94000938,0.908823529
91,OK,,140,11.0642842,139,123.6,139,54.3668464,0.374293736,1.89494958,0.011493389,0.004723581,0.958260531,2.43319395,0.889208633
92,OK,,140,11.0642842,142,123.6,142,55.5402315,0.129162572,2.58376764,0.015541121,0.001614887,0.951153783,9.62365604,0.870422535
93,Errors,,140,11.0642842,145,123.6,145,56.7136167,0.001382506,5.70734721,0.0336864,1.69E-05,0.89934111,1996.38323,0.852413793
94,OK,,140,11.0642842,148,123.6,148,57.8870019,0.001823354,4.71222111,0.027791039,2.22E-05,0.918564716,1251.43802,0.835135135
95,OK,,140,11.0642842,151,123.6,151,59.0603871,0.000547113,5.90892915,0.034490759,6.57E-06,0.899941796,5249.30924,0.818543046
96,OK,,140,11.0642842,154,123.6,154,60.2337722,0.000308382,7.10629629,0.041048491,3.65E-06,0.882016277,11240.5635,0.802597403
97,OK,,140,11.0642842,157,123.6,157,61.4071574,0.000180379,8.35507632,0.047733425,2.10E-06,0.863936762,22678.8553,0.787261146
98,OK,,140,11.0642842,160,123.6,160,62.5805426,0.000117299,9.51874499,0.053834241,1.35E-06,0.847894219,39850.3921,0.7725
99,OK,,140,11.5533316,121,123.6,121,47.3265353,3.21154603,0.345828447,0.00217361,0.041684654,0.924833406,0.05214414,1.0214876
100,OK,,140,11.5533316,124,123.6,124,48.4999205,2.68019589,0.445514972,0.002785149,0.034670153,0.935552248,0.080332756,0.996774194
101,OK,,140,11.5533316,127,123.6,127,49.6733057,2.14731516,0.582922437,0.003623561,0.02767915,0.94503612,0.130913033,0.973228346
102,OK,,140,11.5533316,130,123.6,130,50.8466908,1.67565198,0.756573962,0.004674451,0.021496352,0.952165502,0.217453206,0.950769231
103,OK,,140,11.5533316,133,123.6,133,52.020076,1.20652836,1.00472374,0.006167642,0.015400844,0.957492332,0.400474268,0.929323308
104,OK,,140,11.5533316,136,123.6,136,53.1934612,0.788246721,1.33590468,0.008143987,0.010000635,0.960067434,0.814346978,0.908823529
105,OK,,140,11.5533316,139,123.6,139,54.3668464,0.434363297,1.80763114,0.010936891,0.005470073,0.958761735,1.99940488,0.889208633
106,OK,,140,11.5533316,142,123.6,142,55.5402315,0.168998512,2.45551876,0.014734576,0.002108791,0.952745655,6.98721541,0.870422535
107,OK,,140,11.5533316,145,123.6,145,56.7136167,0.026695428,3.33232466,0.019814135,0.000329293,0.940772247,60.1717698,0.852413793
108,OK,,140,11.5533316,148,123.6,148,57.8870019,0.001574742,4.49015965,0.026429991,1.92E-05,0.92240513,1379.47847,0.835135135
109,Errors,,140,11.5533316,151,123.6,151,59.0603871,0.000969524,5.42136478,0.031207371,1.16E-05,0.908189997,2680.4364,0.818543046
110,OK,,140,11.5533316,154,123.6,154,60.2337722,0.000352972,6.89353654,0.039743262,4.18E-06,0.885547771,9518.56542,0.802597403
111,OK,,140,11.5533316,157,123.6,157,61.4071574,0.000210045,8.09886948,0.046205158,2.45E-06,0.868108542,18857.2582,0.787261146
112,OK,,140,11.5533316,160,123.6,160,62.5805426,0.001293477,9.30766708,0.052544038,1.49E-05,0.851248325,3530.94254,0.7725
113,OK,,140,12.0423789,121,123.6,121,47.3265353,3.31215382,0.337450912,0.002114417,0.042846392,0.922884599,0.049348771,1.0214876
114,OK,,140,12.0423789,124,123.6,124,48.4999205,2.77849471,0.433547329,0.002702122,0.035823696,0.93377222,0.075428333,0.996774194
115,OK,,140,12.0423789,127,123.6,127,49.6733057,2.25662778,0.562104429,0.003483686,0.028987938,0.943254588,0.120177091,0.973228346
116,OK,,140,12.0423789,130,123.6,130,50.8466908,1.75727343,0.734786863,0.004526718,0.022477493,0.950988742,0.201388913,0.950769231
117,OK,,140,12.0423789,133,123.6,133,52.020076,1.2897779,0.968679659,0.005929647,0.016415545,0.956584886,0.361221431,0.929323308
118,OK,,140,12.0423789,136,123.6,136,53.1934612,0.864177784,1.28178615,0.007792869,0.010933995,0.959657374,0.712719291,0.908823529
119,OK,,140,12.0423789,139,123.6,139,54.3668464,0.487968071,1.73781766,0.010483259,0.00612549,0.959059871,1.71141546,0.889208633
120,OK,,140,12.0423789,142,123.6,142,55.5402315,0.21439143,2.33356495,0.013969104,0.002669665,0.954124131,5.23252996,0.870422535
121,OK,,140,12.0423789,145,123.6,145,56.7136167,0.043627194,3.18126543,0.018873346,0.000537324,0.943137243,35.1246789,0.852413793
122,OK,,140,12.0423789,148,123.6,148,57.8870019,0.001792702,4.2847891,0.025169614,2.18E-05,0.925949148,1155.31712,0.835135135
123,OK,,140,12.0423789,151,123.6,151,59.0603871,0.000713855,5.47445337,0.031829877,8.55E-06,0.90729544,3721.03482,0.818543046
124,OK,,140,12.0423789,154,123.6,154,60.2337722,0.000406119,6.68023026,0.038439651,4.80E-06,0.889088195,8010.25142,0.802597403
125,OK,,140,12.0423789,157,123.6,157,61.4071574,0.000277204,7.88484433,0.044900365,3.23E-06,0.871592794,13899.7605,0.787261146
126,OK,,140,12.0423789,160,123.6,160,62.5805426,0.000149494,9.0858739,0.051200628,1.72E-06,0.854810728,29798.8689,0.7725
127,OK,,140,12.5314263,121,123.6,121,47.3265353,3.41355498,0.329408294,0.002057675,0.044010453,0.920911952,0.046754237,1.0214876
128,OK,,140,12.5314263,124,123.6,124,48.4999205,2.87509588,0.422509908,0.002625386,0.036949389,0.932008017,0.071053558,0.996774194
129,OK,,140,12.5314263,127,123.6,127,49.6733057,2.35471864,0.545219684,0.003369014,0.030150338,0.941619784,0.111740515,0.973228346
130,OK,,140,12.5314263,130,123.6,130,50.8466908,1.85447614,0.709278622,0.004356886,0.023645468,0.949578729,0.184258837,0.950769231
131,OK,,140,12.5314263,133,123.6,133,52.020076,1.37745531,0.933219156,0.005696494,0.017479375,0.955581102,0.325898026,0.929323308
132,OK,,140,12.5314263,136,123.6,136,53.1934612,0.941500008,1.23148423,0.007466708,0.011879615,0.959149411,0.628531132,0.908823529
133,OK,,140,12.5314263,139,123.6,139,54.3668464,0.566265534,1.64372369,0.009893958,0.007095659,0.959350425,1.39436774,0.889208633
134,OK,,140,12.5314263,142,123.6,142,55.5402315,0.259844514,2.23066725,0.013320451,0.003228928,0.955158419,4.12534754,0.870422535
135,OK,,140,12.5314263,145,123.6,145,56.7136167,0.069538178,3.01041396,0.017820381,0.000855043,0.945692899,20.8415051,0.852413793
136,OK,,140,12.5314263,148,123.6,148,57.8870019,0.002137673,4.0753316,0.023890669,2.59E-05,0.929561574,920.70008,0.835135135
137,OK,,140,12.5314263,151,123.6,151,59.0603871,0.000900317,5.2550003,0.030494344,1.08E-05,0.911008023,2829.70521,0.818543046
138,OK,,140,12.5314263,154,123.6,154,60.2337722,0.000465606,6.46318835,0.03711989,5.50E-06,0.892690534,6754.17847,0.802597403
139,OK,,140,12.5314263,157,123.6,157,61.4071574,0.000270821,7.67277816,0.043610986,3.15E-06,0.875046341,13833.2923,0.787261146
140,OK,,140,12.5314263,160,123.6,160,62.5805426,0,8.87444489,0.049917941,0,0.858191628,0,0.7725
141,OK,,140,13.0204737,121,123.6,121,47.3265353,3.51182527,0.322130217,0.002006043,0.04512859,0.918989306,0.044451721,1.0214876
142,OK,,140,13.0204737,124,123.6,124,48.4999205,2.97734153,0.411229722,0.002547551,0.038135911,0.930132437,0.06680188,0.996774194
143,OK,,140,13.0204737,127,123.6,127,49.6733057,2.4503526,0.529909095,0.003264703,0.031274906,0.940002751,0.104387304,0.973228346
144,OK,,140,13.0204737,130,123.6,130,50.8466908,1.94900242,0.686387079,0.004204032,0.024772879,0.948169892,0.169703015,0.950769231
145,OK,,140,13.0204737,133,123.6,133,52.020076,1.46795186,0.899217604,0.005473437,0.018571438,0.954495079,0.294723377,0.929323308
146,OK,,140,13.0204737,136,123.6,136,53.1934612,1.02521851,1.18113398,0.007141882,0.012898986,0.958522111,0.553677813,0.908823529
147,OK,,140,13.0204737,139,123.6,139,54.3668464,0.632650742,1.57664522,0.009465386,0.007907599,0.959363176,1.19699879,0.889208633
148,OK,,140,13.0204737,142,123.6,142,55.5402315,0.322717808,2.10547949,0.012542218,0.004000563,0.956280389,3.1351135,0.870422535
149,OK,,140,13.0204737,145,123.6,145,56.7136167,0.097605968,2.87091182,0.016955633,0.001198096,0.947657759,14.1521545,0.852413793
150,OK,,140,13.0204737,148,123.6,148,57.8870019,0.005377811,3.89896921,0.022803787,6.52E-05,0.932552267,349.923707,0.835135135
151,OK,,140,13.0204737,151,123.6,151,59.0603871,0.001043098,5.05218038,0.029258706,1.25E-05,0.914439716,2346.05763,0.818543046
152,OK,,140,13.0204737,154,123.6,154,60.2337722,0.000569438,6.25043916,0.035828996,6.71E-06,0.896220868,5336.34414,0.802597403
153,OK,,140,13.0204737,157,123.6,157,61.4071574,0,7.4798678,0.042432476,0,0.878192248,0,0.787261146
154,OK,,140,13.0204737,160,123.6,160,62.5805426,0.000191214,8.64676206,0.048550691,2.19E-06,0.861826809,22136.0773,0.7725
155,OK,,140,13.5095211,121,123.6,121,47.3265353,3.61631165,0.314558363,0.00195286,0.046313661,0.916941522,0.042165954,1.0214876
156,OK,,140,13.5095211,124,123.6,124,48.4999205,3.07524312,0.401209071,0.002477975,0.039261926,0.928320456,0.063113949,0.996774194
157,OK,,140,13.5095211,127,123.6,127,49.6733057,2.54776503,0.515144729,0.003164329,0.032413776,0.938338918,0.097622974,0.973228346
158,OK,,140,13.5095211,130,123.6,130,50.8466908,2.03889784,0.666348261,0.00406948,0.025836494,0.946796024,0.157508983,0.950769231
159,OK,,140,13.5095211,133,123.6,133,52.020076,1.55674786,0.868501468,0.005271527,0.019635897,0.953378589,0.268463754,0.929323308
160,OK,,140,13.5095211,136,123.6,136,53.1934612,1.10548749,1.13741851,0.006858728,0.013869935,0.95783493,0.494503249,0.908823529
161,OK,,140,13.5095211,139,123.6,139,54.3668464,0.703551187,1.51150679,0.009050507,0.008771034,0.959257192,1.03186318,0.889208633
162,OK,,140,13.5095211,142,123.6,142,55.5402315,0.372043495,2.02224779,0.012016513,0.004602256,0.956890866,2.61100473,0.870422535
163,OK,,140,13.5095211,145,123.6,145,56.7136167,0.135111933,2.72042592,0.016030318,0.001655376,0.949649872,9.68378977,0.852413793
164,OK,,140,13.5095211,148,123.6,148,57.8870019,0.014091858,3.68346714,0.021503941,0.000170623,0.936124538,126.032056,0.835135135
165,OK,,140,13.5095211,151,123.6,151,59.0603871,0.001555357,4.84076637,0.027974406,1.86E-05,0.918010667,1506.15901,0.818543046
166,OK,,140,13.5095211,154,123.6,154,60.2337722,0.000624506,6.04170215,0.034561416,7.35E-06,0.899685402,4699.10334,0.802597403
167,OK,,140,13.5095211,157,123.6,157,61.4071574,0.000354942,7.24396593,0.041016835,4.12E-06,0.88202807,9948.34484,0.787261146
168,OK,,140,13.5095211,160,123.6,160,62.5805426,0.000208502,8.5013434,0.047617007,2.39E-06,0.864150237,19949.4391,0.7725
169,OK,,140,13.9985684,121,123.6,121,47.3265353,3.71352081,0.30691636,0.001899604,0.047404091,0.915048986,0.040072576,1.0214876
170,OK,,140,13.9985684,124,123.6,124,48.4999205,3.1678317,0.392447845,0.002416597,0.040316873,0.926592054,0.05994008,0.996774194
171,OK,,140,13.9985684,127,123.6,127,49.6733057,2.64417771,0.501429208,0.003070965,0.033533295,0.936674097,0.091579578,0.973228346
172,OK,,140,13.9985684,130,123.6,130,50.8466908,2.1330611,0.646378656,0.003936076,0.026945584,0.94533686,0.146074977,0.950769231
173,OK,,140,13.9985684,133,123.6,133,52.020076,1.6481795,0.838993333,0.005077929,0.020725155,0.952188212,0.245012832,0.929323308
174,OK,,140,13.9985684,136,123.6,136,53.1934612,1.19069041,1.09428001,0.006580499,0.014895937,0.957044148,0.441764689,0.908823529
175,OK,,140,13.9985684,139,123.6,139,54.3668464,0.781423265,1.44609277,0.008636032,0.009715567,0.959028044,0.888886099,0.889208633
176,OK,,140,13.9985684,142,123.6,142,55.5402315,0.430716209,1.93534713,0.011469414,0.005313547,0.957399109,2.15852305,0.870422535
177,OK,,140,13.9985684,145,123.6,145,56.7136167,0.174041419,2.59428425,0.015251289,0.002128254,0.951187637,7.16610517,0.852413793
178,OK,,140,13.9985684,148,123.6,148,57.8870019,0.028553537,3.49632726,0.020364456,0.000345195,0.93910756,58.9940935,0.835135135
179,OK,,140,13.9985684,151,123.6,151,59.0603871,0.001766557,4.64068219,0.026764441,2.11E-05,0.921394881,1270.17022,0.818543046
180,OK,,140,13.9985684,154,123.6,154,60.2337722,0.000724242,5.82931025,0.033282392,8.52E-06,0.903209873,3906.26745,0.802597403
181,OK,,140,13.9985684,157,123.6,157,61.4071574,0.00011746,7.03403452,0.039753255,1.36E-06,0.885450617,29166.6437,0.787261146
182,OK,,140,13.9985684,160,123.6,160,62.5805426,0.000663582,8.22193061,0.045994944,7.60E-06,0.868607816,6055.41559,0.7725
183,OK,,140,14.4876158,121,123.6,121,47.3265353,3.81413221,0.300496456,0.001854182,0.048527529,0.913058739,0.03820886,1.0214876
184,OK,,140,14.4876158,124,123.6,124,48.4999205,3.27633794,0.382010356,0.002345187,0.041555275,0.924570015,0.056435355,0.996774194
185,OK,,140,14.4876158,127,123.6,127,49.6733057,2.74188346,0.488255693,0.002981432,0.03466107,0.934972333,0.086016734,0.973228346
186,OK,,140,14.4876158,130,123.6,130,50.8466908,2.22809248,0.627437895,0.003809652,0.028058122,0.943840389,0.135777156,0.950769231
187,OK,,140,14.4876158,133,123.6,133,52.020076,1.73741378,0.812275248,0.004902384,0.021783042,0.950986442,0.225055084,0.929323308
188,OK,,140,14.4876158,136,123.6,136,53.1934612,1.27274507,1.05637829,0.00633512,0.015877467,0.956214104,0.399000647,0.908823529
189,OK,,140,14.4876158,139,123.6,139,54.3668464,0.854348004,1.39135901,0.008287151,0.010594383,0.958693447,0.782221262,0.889208633
190,OK,,140,14.4876158,142,123.6,142,55.5402315,0.498692778,1.8428276,0.01089558,0.006139445,0.957841004,1.77468494,0.870422535
191,OK,,140,14.4876158,145,123.6,145,56.7136167,0.218361767,2.47702358,0.014524228,0.002664484,0.952473753,5.45104776,0.852413793
192,OK,,140,14.4876158,148,123.6,148,57.8870019,0.048340459,3.32190886,0.019307246,0.000583525,0.941778824,33.087275,0.835135135
193,OK,,140,14.4876158,151,123.6,151,59.0603871,0.002082787,4.42340074,0.025459271,2.48E-05,0.925068498,1026.13174,0.818543046
194,OK,,140,14.4876158,154,123.6,154,60.2337722,0.001076734,5.60104689,0.031919014,1.27E-05,0.906993645,2522.53741,0.802597403
195,OK,,140,14.4876158,157,123.6,157,61.4071574,0.000471035,6.85589467,0.038658004,5.46E-06,0.888345822,7085.64431,0.787261146
196,OK,,140,14.4876158,160,123.6,160,62.5805426,0.000275088,8.01731279,0.044767123,3.15E-06,0.871883695,14231.9544,0.7725
197,OK,,140,14.9766632,121,123.6,121,47.3265353,3.91605997,0.294262501,0.001810166,0.049659055,0.911036748,0.036451888,1.0214876
198,OK,,140,14.9766632,124,123.6,124,48.4999205,3.37198021,0.373777475,0.002287765,0.042632203,0.922767756,0.053662843,0.996774194
199,OK,,140,14.9766632,127,123.6,127,49.6733057,2.83408436,0.476779103,0.002902779,0.035715646,0.933347229,0.081274727,0.973228346
200,OK,,140,14.9766632,130,123.6,130,50.8466908,2.32225134,0.609869553,0.003692251,0.029153153,0.942334086,0.126650145,0.950769231
201,OK,,140,14.9766632,133,123.6,133,52.020076,1.827129,0.787231178,0.004737785,0.022839335,0.949743246,0.207439722,0.929323308
202,OK,,140,14.9766632,136,123.6,136,53.1934612,1.35913063,1.01906883,0.006094543,0.016906054,0.955291507,0.360494735,0.908823529
203,OK,,140,14.9766632,139,123.6,139,54.3668464,0.932819394,1.33695059,0.007941933,0.011536098,0.958250843,0.688441892,0.889208633
204,OK,,140,14.9766632,142,123.6,142,55.5402315,0.561076221,1.77267741,0.010451718,0.00688997,0.957980844,1.51694673,0.870422535
205,OK,,140,14.9766632,145,123.6,145,56.7136167,0.265299001,2.36769102,0.013850022,0.003230543,0.953573936,4.28721231,0.852413793
206,OK,,140,14.9766632,148,123.6,148,57.8870019,0.074420434,3.1542755,0.018293366,0.000896887,0.944224164,20.3965118,0.835135135
207,OK,,140,14.9766632,151,123.6,151,59.0603871,0.003140376,4.23428971,0.024323252,3.74E-05,0.928252585,650.82461,0.818543046
208,OK,,140,14.9766632,154,123.6,154,60.2337722,0.000923089,5.40536628,0.030743046,1.08E-05,0.910244881,2837.13319,0.802597403
209,OK,,140,14.9766632,157,123.6,157,61.4071574,0.000880525,6.60013778,0.037162017,1.02E-05,0.892504089,3644.84562,0.787261146
210,OK,,140,14.9766632,160,123.6,160,62.5805426,0.00027263,7.79797858,0.04346328,3.11E-06,0.875388565,13956.3128,0.7725
211,OK,,140,15.4657105,121,123.6,121,47.3265353,4.01709946,0.288410658,0.001768758,0.050772388,0.909025453,0.034837,1.0214876
212,OK,,140,15.4657105,124,123.6,124,48.4999205,3.47078758,0.365561826,0.002230762,0.043739528,0.920899883,0.051001045,0.996774194
213,OK,,140,15.4657105,127,123.6,127,49.6733057,2.93735497,0.464049471,0.002816894,0.036895477,0.9315245,0.076347958,0.973228346
214,OK,,140,15.4657105,130,123.6,130,50.8466908,2.4190443,0.592732815,0.003578089,0.030272823,0.94076749,0.118194764,0.950769231
215,OK,,140,15.4657105,133,123.6,133,52.020076,1.92100464,0.762445913,0.0045756,0.02393933,0.948415097,0.19113315,0.929323308
216,OK,,140,15.4657105,136,123.6,136,53.1934612,1.44873981,0.98300711,0.005862643,0.017967581,0.954284853,0.326290053,0.908823529
217,OK,,140,15.4657105,139,123.6,139,54.3668464,1.01194306,1.28935477,0.007637063,0.012478838,0.957670934,0.612001158,0.889208633
218,OK,,140,15.4657105,142,123.6,142,55.5402315,0.632048905,1.69641274,0.009976603,0.007741881,0.958076126,1.28865369,0.870422535
219,OK,,140,15.4657105,145,123.6,145,56.7136167,0.314642612,2.26319213,0.013207017,0.003823333,0.954546458,3.4543205,0.852413793
220,OK,,140,15.4657105,148,123.6,148,57.8870019,0.103687429,3.00989793,0.01741721,0.001247479,0.946212703,13.961931,0.835135135
221,OK,,140,15.4657105,151,123.6,151,59.0603871,0.007788881,4.01209266,0.0230018,9.26E-05,0.931936079,248.440235,0.818543046
222,OK,,140,15.4657105,154,123.6,154,60.2337722,0.00176089,5.19756334,0.02950378,2.06E-05,0.913680913,1428.91286,0.802597403
223,OK,,140,15.4657105,157,123.6,157,61.4071574,0,6.38748992,0.035896869,0,0.895981345,0,0.787261146
224,OK,,140,15.4657105,160,123.6,160,62.5805426,0.000164712,7.59650127,0.042261207,1.88E-06,0.878609778,22485.0741,0.7725
225,OK,,140,15.9547579,121,123.6,121,47.3265353,4.12096716,0.282582332,0.001727728,0.051911702,0.906953901,0.033282055,1.0214876
226,OK,,140,15.9547579,124,123.6,124,48.4999205,3.57153434,0.3575157,0.002175116,0.04486276,0.918988526,0.048483769,0.996774194
227,OK,,140,15.9547579,127,123.6,127,49.6733057,3.03222395,0.453366332,0.002743948,0.037968076,0.92982971,0.072269871,0.973228346
228,OK,,140,15.9547579,130,123.6,130,50.8466908,2.51629087,0.576498877,0.003470006,0.031390998,0.939174218,0.110541435,0.950769231
229,OK,,140,15.9547579,133,123.6,133,52.020076,2.00394598,0.742701698,0.004444548,0.024901453,0.947200237,0.178485505,0.929323308
230,OK,,140,15.9547579,136,123.6,136,53.1934612,1.53645209,0.952511739,0.005663898,0.01899766,0.953209215,0.298136623,0.908823529
231,OK,,140,15.9547579,139,123.6,139,54.3668464,1.09317941,1.24187802,0.007336213,0.013443522,0.957049975,0.545706181,0.889208633
232,OK,,140,15.9547579,142,123.6,142,55.5402315,0.696281896,1.63536193,0.009592872,0.008508001,0.958018831,1.12751188,0.870422535
233,Errors,,140,15.9547579,145,123.6,145,56.7136167,0.407324071,2.1507324,0.012388512,0.004938255,0.954895198,2.50868231,0.852413793
234,OK,,140,15.9547579,148,123.6,148,57.8870019,0.138196169,2.87199475,0.016581921,0.001659692,0.947998846,9.99096134,0.835135135
235,OK,,140,15.9547579,151,123.6,151,59.0603871,0.017058194,3.82504292,0.021884485,0.000202505,0.934946225,108.068827,0.818543046
236,OK,,140,15.9547579,154,123.6,154,60.2337722,0.001811778,4.97996389,0.028214445,2.12E-05,0.91729265,1329.52651,0.802597403
237,OK,,140,15.9547579,157,123.6,157,61.4071574,0.000693987,6.18399487,0.034687027,8.02E-06,0.899283909,4325.7673,0.787261146
238,OK,,140,15.9547579,160,123.6,160,62.5805426,0.0004036,7.37503883,0.040954739,4.60E-06,0.882144799,8901.73135,0.7725
239,OK,,140,16.4438053,121,123.6,121,47.3265353,4.22063596,0.277389299,0.001690828,0.052994027,0.904957647,0.031906009,1.0214876
240,OK,,140,16.4438053,124,123.6,124,48.4999205,3.67326236,0.349762012,0.002121554,0.045989672,0.917050908,0.046131094,0.996774194
241,OK,,140,16.4438053,127,123.6,127,49.6733057,3.13190488,0.442501162,0.002670279,0.039090338,0.928041712,0.068310451,0.973228346
242,OK,,140,16.4438053,130,123.6,130,50.8466908,2.61049135,0.561858572,0.0033721,0.032465601,0.937609511,0.103866845,0.950769231
243,OK,,140,16.4438053,133,123.6,133,52.020076,2.10611775,0.71837624,0.004286723,0.026087549,0.94570377,0.164320668,0.929323308
244,OK,,140,16.4438053,136,123.6,136,53.1934612,1.62283892,0.92280608,0.0054721,0.020007853,0.952143648,0.273497637,0.908823529
245,OK,,140,16.4438053,139,123.6,139,54.3668464,1.17213526,1.19972088,0.00706819,0.014375254,0.956373115,0.491691446,0.889208633
246,OK,,140,16.4438053,142,123.6,142,55.5402315,0.775189766,1.56504303,0.009156802,0.009446979,0.957864187,0.969283664,0.870422535
247,OK,,140,16.4438053,145,123.6,145,56.7136167,0.430065999,2.06998062,0.012021133,0.00520247,0.955918053,2.31065893,0.852413793
248,OK,,140,16.4438053,148,123.6,148,57.8870019,0.178578687,2.73822825,0.015773806,0.002140617,0.949612057,7.36881143,0.835135135
249,OK,,140,16.4438053,151,123.6,151,59.0603871,0.032602644,3.63403204,0.020749058,0.000386499,0.937917192,53.6846177,0.818543046
250,OK,,140,16.4438053,154,123.6,154,60.2337722,0.00172662,4.76693319,0.026955286,2.02E-05,0.920830796,1334.30195,0.802597403
251,OK,,140,16.4438053,157,123.6,157,61.4071574,0.00097091,5.97014646,0.033420841,1.12E-05,0.902761866,2982.98725,0.787261146
252,OK,,140,16.4438053,160,123.6,160,62.5805426,0.000458394,7.16903534,0.039736445,5.22E-06,0.885435737,7612.51928,0.7725
253,OK,,140,16.9328526,121,123.6,121,47.3265353,4.32477226,0.272069264,0.001653351,0.054120893,0.90286968,0.030549223,1.0214876
254,OK,,140,16.9328526,124,123.6,124,48.4999205,3.77281266,0.342620909,0.002072019,0.047083694,0.915145561,0.044007157,0.996774194
255,OK,,140,16.9328526,127,123.6,127,49.6733057,3.23350195,0.43192225,0.00259874,0.040227814,0.926209376,0.06460057,0.973228346
256,OK,,140,16.9328526,130,123.6,130,50.8466908,2.70682135,0.547595555,0.003276982,0.033558637,0.935995502,0.097649445,0.950769231
257,OK,,140,16.9328526,133,123.6,133,52.020076,2.20113681,0.699385334,0.00416074,0.027177791,0.944242255,0.153093379,0.929323308
258,OK,,140,16.9328526,136,123.6,136,53.1934612,1.71171185,0.894089071,0.005287144,0.021041816,0.951012759,0.251268403,0.908823529
259,OK,,140,16.9328526,139,123.6,139,54.3668464,1.25755337,1.15689673,0.006797579,0.015379258,0.955589661,0.441996571,0.889208633
260,OK,,140,16.9328526,142,123.6,142,55.5402315,0.848305717,1.50693505,0.008794007,0.010311399,0.957593969,0.852843254,0.870422535
261,OK,,140,16.9328526,145,123.6,145,56.7136167,0.49338332,1.98149621,0.011479105,0.005954419,0.956361811,1.9278295,0.852413793
262,OK,,140,16.9328526,148,123.6,148,57.8870019,0.218278203,2.62271046,0.015073454,0.00261152,0.950921821,5.77190879,0.835135135
263,OK,,140,16.9328526,151,123.6,151,59.0603871,0.053525411,3.45819808,0.019704015,0.000633598,0.940540121,31.0986023,0.818543046
264,OK,,140,16.9328526,154,123.6,154,60.2337722,0.001955158,4.56604843,0.02576853,2.29E-05,0.924162087,1127.71872,0.802597403
265,OK,,140,16.9328526,157,123.6,157,61.4071574,0.000927723,5.75822587,0.03217689,1.07E-05,0.906213643,3008.18712,0.787261146
266,OK,,140,16.9328526,160,123.6,160,62.5805426,0.001145556,6.95504445,0.038479457,1.30E-05,0.888844204,2952.89562,0.7725
267,OK,,140,17.4219,121,123.6,121,47.3265353,4.42657768,0.267144055,0.001618511,0.055214288,0.900822621,0.029313259,1.0214876
268,OK,,140,17.4219,124,123.6,124,48.4999205,3.87389355,0.335635641,0.002023719,0.048189223,0.913205442,0.041995257,0.996774194
269,OK,,140,17.4219,127,123.6,127,49.6733057,3.33710608,0.421588655,0.002529088,0.041382047,0.924331697,0.061115595,0.973228346
270,OK,,140,17.4219,130,123.6,130,50.8466908,2.80434811,0.533857204,0.003185544,0.034659527,0.934347639,0.091909612,0.950769231
271,OK,,140,17.4219,133,123.6,133,52.020076,2.29356744,0.680605945,0.004037581,0.028234206,0.942826431,0.143003155,0.929323308
272,OK,,140,17.4219,136,123.6,136,53.1934612,1.80109087,0.867045848,0.005113071,0.022076095,0.949840889,0.231611219,0.908823529
273,OK,,140,17.4219,139,123.6,139,54.3668464,1.34363377,1.11696293,0.006545325,0.016385724,0.95474086,0.399452906,0.889208633
274,OK,,140,17.4219,142,123.6,142,55.5402315,0.92470699,1.45099962,0.008445686,0.011210776,0.957225482,0.753354312,0.870422535
275,OK,,140,17.4219,145,123.6,145,56.7136167,0.559476594,1.89893752,0.010973795,0.006736036,0.956652136,1.62911769,0.852413793
276,OK,,140,17.4219,148,123.6,148,57.8870019,0.269697535,2.50578386,0.014368165,0.00322004,0.952053461,4.46210731,0.835135135
277,OK,,140,17.4219,151,123.6,151,59.0603871,0.078252714,3.30391117,0.018784275,0.000924828,0.942733801,20.31111,0.818543046
278,OK,,140,17.4219,154,123.6,154,60.2337722,0.004967615,4.3511019,0.024508165,5.80E-05,0.927680612,422.615892,0.802597403
279,OK,,140,17.4219,157,123.6,157,61.4071574,0.001066077,5.53718393,0.030884054,1.23E-05,0.909811002,2515.24085,0.787261146
280,OK,,140,17.4219,160,123.6,160,62.5805426,0.000571309,6.734908,0.037190513,6.49E-06,0.892371031,5729.48236,0.7725
281,OK,,145.263158,8.13,121,123.6,121,47.3265353,2.4827998,0.341306925,0.002192752,0.033016054,0.940327203,0.06641471,1.0214876
282,OK,,145.263158,8.13,124,123.6,124,48.4999205,1.95771451,0.456342375,0.002915078,0.025937351,0.95022555,0.112389178,0.996774194
283,OK,,145.263158,8.13,127,123.6,127,49.6733057,1.45811883,0.623913475,0.003961174,0.019234395,0.958085489,0.205942223,0.973228346
284,OK,,145.263158,8.13,130,123.6,130,50.8466908,0.997261377,0.868066476,0.00547504,0.013086124,0.963314666,0.418385156,0.950769231
285,OK,,145.263158,8.13,133,123.6,133,52.020076,0.586369413,1.21607136,0.007615387,0.007645488,0.965351055,0.996062914,0.929323308
286,OK,,145.263158,8.13,136,123.6,136,53.1934612,0.25923178,1.74250547,0.010826128,0.003352637,0.962368735,3.22913848,0.908823529
287,OK,,145.263158,8.13,139,123.6,139,54.3668464,0.052186727,2.52480583,0.015543882,0.000667453,0.952599926,23.2883665,0.889208633
288,OK,,145.263158,8.13,142,123.6,142,55.5402315,0.00255615,3.59818767,0.021937053,3.23E-05,0.935168729,679.828501,0.870422535
289,OK,,145.263158,8.13,145,123.6,145,56.7136167,0.001010016,4.78508219,0.028869534,1.26E-05,0.915609469,2297.26298,0.852413793
290,OK,,145.263158,8.13,148,123.6,148,57.8870019,0.000568215,5.97957742,0.035696083,6.97E-06,0.896692773,5122.40702,0.835135135
291,OK,,145.263158,8.13,151,123.6,151,59.0603871,0.000306805,7.18991182,0.042463062,3.71E-06,0.878256493,11448.6363,0.818543046
292,OK,,145.263158,8.13,154,123.6,154,60.2337722,0.00018665,8.37458386,0.048931609,2.22E-06,0.860962211,21996.3082,0.802597403
293,OK,,145.263158,8.13,157,123.6,157,61.4071574,0.000118348,9.58300187,0.055387986,1.39E-06,0.843941315,39828.0337,0.787261146
294,OK,,145.263158,8.13,160,123.6,160,62.5805426,7.69E-05,10.8323675,0.06191805,8.91E-07,0.826903954,69467.992,0.7725
295,OK,,145.263158,8.61904737,121,123.6,121,47.3265353,2.58201761,0.330426361,0.002116254,0.034219256,0.938460655,0.061843946,1.0214876
296,OK,,145.263158,8.61904737,124,123.6,124,48.4999205,2.05059112,0.440612194,0.002806048,0.027079918,0.948634899,0.103620985,0.996774194
297,OK,,145.263158,8.61904737,127,123.6,127,49.6733057,1.55070698,0.598436137,0.00378814,0.020390416,0.956734446,0.185780429,0.973228346
298,OK,,145.263158,8.61904737,130,123.6,130,50.8466908,1.08245797,0.828747386,0.005212026,0.014161253,0.962412394,0.368048373,0.950769231
299,OK,,145.263158,8.61904737,133,123.6,133,52.020076,0.658743011,1.15588362,0.007218559,0.008565687,0.965116802,0.842729656,0.929323308
300,OK,,145.263158,8.61904737,136,123.6,136,53.1934612,0.316447997,1.6429896,0.010181521,0.004082853,0.963163939,2.49372695,0.908823529
301,OK,,145.263158,8.61904737,139,123.6,139,54.3668464,0.08485458,2.34869862,0.01442944,0.001083782,0.955238287,13.3139643,0.889208633
302,OK,,145.263158,8.61904737,142,123.6,142,55.5402315,0.003560277,3.41496569,0.020774444,4.49E-05,0.938449555,462.803089,0.870422535
303,OK,,145.263158,8.61904737,145,123.6,145,56.7136167,0.001210671,4.59341327,0.027647318,1.50E-05,0.918985524,1838.5724,0.852413793
304,OK,,145.263158,8.61904737,148,123.6,148,57.8870019,0.000636971,5.76046075,0.03431906,7.80E-06,0.900476834,4398.30035,0.835135135
305,OK,,145.263158,8.61904737,151,123.6,151,59.0603871,0.000351797,6.97719922,0.041122298,4.25E-06,0.881857344,9681.94449,0.818543046
306,OK,,145.263158,8.61904737,154,123.6,154,60.2337722,0.0002109,8.16995401,0.047644602,2.51E-06,0.86435907,18975.4055,0.802597403
307,OK,,145.263158,8.61904737,157,123.6,157,61.4071574,0.00013285,9.37608509,0.054091259,1.56E-06,0.847310667,34686.0385,0.787261146
308,OK,,145.263158,8.61904737,160,123.6,160,62.5805426,8.55E-05,10.6322048,0.060651646,9.88E-07,0.830102301,61357.618,0.7725
309,OK,,145.263158,9.10809474,121,123.6,121,47.3265353,2.67860166,0.320589275,0.002046888,0.035380965,0.93662771,0.057852802,1.0214876
310,OK,,145.263158,9.10809474,124,123.6,124,48.4999205,2.14867999,0.424899853,0.002697737,0.028280799,0.946936411,0.095391103,0.996774194
311,OK,,145.263158,9.10809474,127,123.6,127,49.6733057,1.64082635,0.575720893,0.003633533,0.021507443,0.955377497,0.16894304,0.973228346
312,OK,,145.263158,9.10809474,130,123.6,130,50.8466908,1.16744627,0.793100839,0.00497347,0.015227075,0.961441992,0.326620164,0.950769231
313,OK,,145.263158,9.10809474,133,123.6,133,52.020076,0.736442842,1.0978215,0.006836993,0.009548941,0.964739299,0.715994845,0.929323308
314,OK,,145.263158,9.10809474,136,123.6,136,53.1934612,0.375447223,1.55539352,0.009613507,0.004832289,0.96370154,1.98943158,0.908823529
315,OK,,145.263158,9.10809474,139,123.6,139,54.3668464,0.118632153,2.21514165,0.013576588,0.001512449,0.957073585,8.97656004,0.889208633
316,OK,,145.263158,9.10809474,142,123.6,142,55.5402315,0.009505287,3.18917298,0.019360528,0.000119689,0.942407906,161.756401,0.870422535
317,OK,,145.263158,9.10809474,145,123.6,145,56.7136167,0.001957468,4.35534097,0.026169218,2.43E-05,0.923170154,1076.99225,0.852413793
318,OK,,145.263158,9.10809474,148,123.6,148,57.8870019,0.000563031,5.55965048,0.033055945,6.89E-06,0.903947115,4798.11532,0.835135135
319,Errors,,145.263158,9.10809474,151,123.6,151,59.0603871,0.001160743,6.30808953,0.036605635,1.40E-05,0.893172893,2611.50139,0.818543046
320,OK,,145.263158,9.10809474,154,123.6,154,60.2337722,0.000243069,7.94454888,0.046243717,2.89E-06,0.868100707,15996.9239,0.802597403
321,OK,,145.263158,9.10809474,157,123.6,157,61.4071574,0.000149845,9.1622793,0.052760263,1.76E-06,0.850792163,30026.3707,0.787261146
322,OK,,145.263158,9.10809474,160,123.6,160,62.5805426,9.45E-05,10.4444328,0.05948329,1.09E-06,0.83310264,54446.4626,0.7725
323,OK,,145.263158,9.59714211,121,123.6,121,47.3265353,2.78691511,0.309818543,0.001971946,0.036681787,0.934566652,0.053758186,1.0214876
324,OK,,145.263158,9.59714211,124,123.6,124,48.4999205,2.24739025,0.410157908,0.002596214,0.029481741,0.945205103,0.08806175,0.996774194
325,OK,,145.263158,9.59714211,127,123.6,127,49.6733057,1.7336652,0.553897497,0.003485421,0.022652057,0.953947846,0.153867732,0.973228346
326,OK,,145.263158,9.59714211,130,123.6,130,50.8466908,1.25463062,0.759522902,0.004749169,0.016314505,0.960387717,0.291101011,0.950769231
327,OK,,145.263158,9.59714211,133,123.6,133,52.020076,0.813098582,1.04668381,0.006500428,0.01051335,0.964248757,0.618302306,0.929323308
328,OK,,145.263158,9.59714211,136,123.6,136,53.1934612,0.438379462,1.47404542,0.009086759,0.005628205,0.964047745,1.61450384,0.908823529
329,OK,,145.263158,9.59714211,139,123.6,139,54.3668464,0.157637151,2.0921289,0.012791354,0.002005713,0.958618787,6.37746078,0.889208633
330,OK,,145.263158,9.59714211,142,123.6,142,55.5402315,0.019937253,2.99260781,0.01812796,0.000250699,0.945759227,72.3097736,0.870422535
331,OK,,145.263158,9.59714211,145,123.6,145,56.7136167,0.00213005,4.15026542,0.024885198,2.64E-05,0.926783095,942.275238,0.852413793
332,OK,,145.263158,9.59714211,148,123.6,148,57.8870019,0.000863174,5.34482619,0.031715182,1.06E-05,0.907653028,3006.16941,0.835135135
333,OK,,145.263158,9.59714211,151,123.6,151,59.0603871,0.000468079,6.54151218,0.038409305,5.64E-06,0.88923235,6810.01639,0.818543046
334,OK,,145.263158,9.59714211,154,123.6,154,60.2337722,1.21E-05,7.74604952,0.04500086,1.43E-07,0.871400025,313914.549,0.802597403
335,OK,,145.263158,9.59714211,157,123.6,157,61.4071574,0.000169239,8.94749273,0.051428072,1.98E-06,0.854289592,25941.7002,0.787261146
336,OK,,145.263158,9.59714211,160,123.6,160,62.5805426,0.000109651,10.1629016,0.057789136,1.27E-06,0.837601101,45622.9447,0.7725
337,OK,,145.263158,10.0861895,121,123.6,121,47.3265353,2.87734381,0.301930457,0.001915834,0.037750977,0.932822586,0.050749255,1.0214876
338,OK,,145.263158,10.0861895,124,123.6,124,48.4999205,2.34343823,0.39689416,0.002504629,0.030641199,0.943498209,0.081740558,0.996774194
339,OK,,145.263158,10.0861895,127,123.6,127,49.6733057,1.8293145,0.532675148,0.003341908,0.023824652,0.952449518,0.140271023,0.973228346
340,OK,,145.263158,10.0861895,130,123.6,130,50.8466908,1.34788776,0.726264453,0.004528059,0.017472071,0.959207725,0.259159829,0.950769231
341,OK,,145.263158,10.0861895,133,123.6,133,52.020076,0.888953728,1.00111734,0.006200116,0.011462078,0.963666507,0.540924239,0.929323308
342,OK,,145.263158,10.0861895,136,123.6,136,53.1934612,0.505400239,1.39797389,0.008594988,0.006471988,0.964217893,1.32802917,0.908823529
343,OK,,145.263158,10.0861895,139,123.6,139,54.3668464,0.201952327,1.97736497,0.01205983,0.002564168,0.959914591,4.7032135,0.889208633
344,OK,,145.263158,10.0861895,142,123.6,142,55.5402315,0.02810685,2.90818247,0.017556766,0.000352135,0.94713221,49.8581218,0.870422535
345,OK,,145.263158,10.0861895,145,123.6,145,56.7136167,0.002503953,3.93588561,0.023551255,3.10E-05,0.930556544,759.491376,0.852413793
346,OK,,145.263158,10.0861895,148,123.6,148,57.8870019,0.001177166,5.12597336,0.030355956,1.44E-05,0.911428294,2112.23372,0.835135135
347,OK,,145.263158,10.0861895,151,123.6,151,59.0603871,0.000536919,6.33685824,0.037134016,6.46E-06,0.892696349,5746.14201,0.818543046
348,OK,,145.263158,10.0861895,154,123.6,154,60.2337722,0.000318493,7.49155779,0.043445018,3.78E-06,0.875620005,11493.7158,0.802597403
349,OK,,145.263158,10.0861895,157,123.6,157,61.4071574,0.000335491,8.73881615,0.050135422,3.93E-06,0.85768513,12770.3947,0.787261146
350,OK,,145.263158,10.0861895,160,123.6,160,62.5805426,0.000123024,9.94825118,0.056463686,1.42E-06,0.841030873,39776.4208,0.7725
351,OK,,145.263158,10.5752368,121,123.6,121,47.3265353,2.97744827,0.293334479,0.00185553,0.038932858,0.93088903,0.047659743,1.0214876
352,OK,,145.263158,10.5752368,124,123.6,124,48.4999205,2.44073102,0.384268737,0.002417589,0.031808437,0.941752487,0.076004652,0.996774194
353,OK,,145.263158,10.5752368,127,123.6,127,49.6733057,1.92456311,0.513349404,0.003211081,0.024984512,0.950921074,0.128522847,0.973228346
354,OK,,145.263158,10.5752368,130,123.6,130,50.8466908,1.43796624,0.697056809,0.004333369,0.018582194,0.95801058,0.233200069,0.950769231
355,OK,,145.263158,10.5752368,133,123.6,133,52.020076,0.97520629,0.953252462,0.005887159,0.012536884,0.962928567,0.46958713,0.929323308
356,OK,,145.263158,10.5752368,136,123.6,136,53.1934612,0.575390205,1.32782827,0.008141939,0.007348905,0.964220819,1.10791191,0.908823529
357,OK,,145.263158,10.5752368,139,123.6,139,54.3668464,0.257221762,1.85727699,0.011299432,0.00325847,0.961106835,3.46771097,0.889208633
358,OK,,145.263158,10.5752368,142,123.6,142,55.5402315,0.05865714,2.6545912,0.016008156,0.000735253,0.951148055,21.7723187,0.870422535
359,OK,,145.263158,10.5752368,145,123.6,145,56.7136167,0.002668093,3.7501154,0.022391697,3.30E-05,0.933829233,678.492867,0.852413793
360,OK,,145.263158,10.5752368,148,123.6,148,57.8870019,0.001150833,4.92558693,0.029109523,1.40E-05,0.914890431,2074.24542,0.835135135
361,OK,,145.263158,10.5752368,151,123.6,151,59.0603871,0.000623274,6.11038938,0.03573811,7.49E-06,0.896529418,4769.14087,0.818543046
362,OK,,145.263158,10.5752368,154,123.6,154,60.2337722,0.000355983,7.31332637,0.042325995,4.22E-06,0.878578378,10029.6676,0.802597403
363,OK,,145.263158,10.5752368,157,123.6,157,61.4071574,0.000216378,8.54086027,0.048906461,2.53E-06,0.860910731,19335.4486,0.787261146
364,OK,,145.263158,10.5752368,160,123.6,160,62.5805426,0.000138103,9.73509901,0.055157052,1.59E-06,0.844436678,34643.8546,0.7725
365,OK,,145.263158,11.0642842,121,123.6,121,47.3265353,3.07741064,0.28525112,0.001798819,0.040104807,0.928947646,0.044852953,1.0214876
366,OK,,145.263158,11.0642842,124,123.6,124,48.4999205,2.53779061,0.372477029,0.002336289,0.032964919,0.939994383,0.070871984,0.996774194
367,OK,,145.263158,11.0642842,127,123.6,127,49.6733057,2.0190005,0.495578795,0.003090703,0.026126623,0.949377654,0.11829709,0.973228346
368,OK,,145.263158,11.0642842,130,123.6,130,50.8466908,1.52921731,0.669745982,0.004151514,0.019700211,0.95675307,0.210734492,0.950769231
369,OK,,145.263158,11.0642842,133,123.6,133,52.020076,1.05628946,0.912862288,0.005621898,0.013540111,0.962146312,0.415203261,0.929323308
370,OK,,145.263158,11.0642842,136,123.6,136,53.1934612,0.647785899,1.26333274,0.007725662,0.008251425,0.964072301,0.936282143,0.908823529
371,OK,,145.263158,11.0642842,139,123.6,139,54.3668464,0.306946322,1.76768181,0.010727006,0.003879738,0.961840197,2.76487888,0.889208633
372,OK,,145.263158,11.0642842,142,123.6,142,55.5402315,0.086115615,2.50871081,0.015093322,0.001077554,0.953280237,14.0070258,0.870422535
373,Errors,,145.263158,11.0642842,145,123.6,145,56.7136167,0.00127449,5.70592321,0.033677971,1.56E-05,0.899368123,2165.01867,0.852413793
374,OK,,145.263158,11.0642842,148,123.6,148,57.8870019,0.001355154,4.74918616,0.027998596,1.65E-05,0.917934231,1697.56841,0.835135135
375,OK,,145.263158,11.0642842,151,123.6,151,59.0603871,0.000767096,5.93344317,0.034631326,9.21E-06,0.899523004,3759.38408,0.818543046
376,OK,,145.263158,11.0642842,154,123.6,154,60.2337722,0.000307221,7.10475202,0.041039795,3.64E-06,0.882041935,11280.6104,0.802597403
377,OK,,145.263158,11.0642842,157,123.6,157,61.4071574,0.000241527,8.33091399,0.047615056,2.82E-06,0.864329243,16882.4862,0.787261146
378,OK,,145.263158,11.0642842,160,123.6,160,62.5805426,0.000155876,9.5122591,0.053795457,1.79E-06,0.847997243,29970.1598,0.7725
379,OK,,145.263158,11.5533316,121,123.6,121,47.3265353,3.17793395,0.277558456,0.001744905,0.041275871,0.926986153,0.042274218,1.0214876
380,OK,,145.263158,11.5533316,124,123.6,124,48.4999205,2.63685353,0.361098479,0.002258045,0.034138616,0.938186455,0.066143424,0.996774194
381,OK,,145.263158,11.5533316,127,123.6,127,49.6733057,2.11232755,0.479252458,0.002980011,0.027247699,0.947827511,0.109367422,0.973228346
382,OK,,145.263158,11.5533316,130,123.6,130,50.8466908,1.61971501,0.644785296,0.003985209,0.020801532,0.955464156,0.191582462,0.950769231
383,OK,,145.263158,11.5533316,133,123.6,133,52.020076,1.14133964,0.873860909,0.005366575,0.014587272,0.961261099,0.367894361,0.929323308
384,OK,,145.263158,11.5533316,136,123.6,136,53.1934612,0.722110928,1.20408884,0.007343501,0.009173305,0.963788787,0.800529457,0.908823529
385,OK,,145.263158,11.5533316,139,123.6,139,54.3668464,0.366665114,1.67333944,0.010128694,0.004623542,0.962477048,2.19067848,0.889208633
386,OK,,145.263158,11.5533316,142,123.6,142,55.5402315,0.122056212,2.36090874,0.014171071,0.001524402,0.9552943,9.29615091,0.870422535
387,OK,,145.263158,11.5533316,145,123.6,145,56.7136167,0.010545818,3.32539404,0.019773568,0.00013012,0.941179208,151.963962,0.852413793
388,OK,,145.263158,11.5533316,148,123.6,148,57.8870019,0.001874089,4.49188973,0.026440045,2.28E-05,0.922370072,1159.5842,0.835135135
389,OK,,145.263158,11.5533316,151,123.6,151,59.0603871,0.001235502,5.67757987,0.033076896,1.48E-05,0.903847305,2231.71702,0.818543046
390,OK,,145.263158,11.5533316,154,123.6,154,60.2337722,0.000465791,6.87765147,0.039653889,5.51E-06,0.885809621,7196.63151,0.802597403
391,OK,,145.263158,11.5533316,157,123.6,157,61.4071574,0.000276678,8.0990027,0.0462059,3.23E-06,0.868105287,14316.0473,0.787261146
392,OK,,145.263158,11.5533316,160,123.6,160,62.5805426,0.000175449,9.29680244,0.05248525,2.02E-06,0.851439801,26000.7684,0.7725
393,OK,,145.263158,12.0423789,121,123.6,121,47.3265353,3.27837061,0.270305202,0.001694064,0.04243763,0.925017207,0.039918908,1.0214876
394,OK,,145.263158,12.0423789,124,123.6,124,48.4999205,2.73466576,0.350597194,0.00218573,0.035288879,0.936386227,0.061938221,0.996774194
395,OK,,145.263158,12.0423789,127,123.6,127,49.6733057,2.20901832,0.46329455,0.00287221,0.028402949,0.946202234,0.101123643,0.973228346
396,OK,,145.263158,12.0423789,130,123.6,130,50.8466908,1.70824239,0.622301544,0.003835071,0.021871549,0.954165278,0.175345188,0.950769231
397,OK,,145.263158,12.0423789,133,123.6,133,52.020076,1.22627997,0.83828008,0.00513355,0.015626707,0.960312245,0.328511287,0.929323308
398,OK,,145.263158,12.0423789,136,123.6,136,53.1934612,0.797797266,1.14984191,0.006993632,0.010107068,0.963385741,0.691954545,0.908823529
399,OK,,145.263158,12.0423789,139,123.6,139,54.3668464,0.430389403,1.58588379,0.009574692,0.005413735,0.962913553,1.76859249,0.889208633
400,OK,,145.263158,12.0423789,142,123.6,142,55.5402315,0.161620256,2.23212471,0.013366153,0.002014555,0.956900702,6.63479106,0.870422535
401,OK,,145.263158,12.0423789,145,123.6,145,56.7136167,0.021281116,3.1312054,0.018579206,0.000262216,0.94441394,70.8546182,0.852413793
402,OK,,145.263158,12.0423789,148,123.6,148,57.8870019,0.002247154,4.28910681,0.025194673,2.73E-05,0.925866709,922.600728,0.835135135
403,OK,,145.263158,12.0423789,151,123.6,151,59.0603871,0.000980104,5.48062006,0.031865171,1.17E-05,0.907186518,2713.24081,0.818543046
404,OK,,145.263158,12.0423789,154,123.6,154,60.2337722,0.000535677,6.66994144,0.038381602,6.33E-06,0.889256859,6063.66111,0.802597403
405,OK,,145.263158,12.0423789,157,123.6,157,61.4071574,0.000313497,7.88491693,0.044900769,3.65E-06,0.87159102,12290.7351,0.787261146
406,OK,,145.263158,12.0423789,160,123.6,160,62.5805426,0.000197152,9.08609652,0.051201847,2.27E-06,0.854806409,22596.1067,0.7725
407,OK,,145.263158,12.5314263,121,123.6,121,47.3265353,3.37953872,0.263363197,0.001645477,0.04360097,0.923026228,0.037739463,1.0214876
408,OK,,145.263158,12.5314263,124,123.6,124,48.4999205,2.834981,0.340357155,0.002115463,0.03646258,0.934529003,0.058017381,0.996774194
409,OK,,145.263158,12.5314263,127,123.6,127,49.6733057,2.30508772,0.448486333,0.002772154,0.029543428,0.944566322,0.093833193,0.973228346
410,OK,,145.263158,12.5314263,130,123.6,130,50.8466908,1.80026881,0.600337407,0.00368898,0.022978488,0.952787366,0.160540574,0.950769231
411,OK,,145.263158,12.5314263,133,123.6,133,52.020076,1.31280595,0.804874527,0.00491508,0.016679871,0.959291092,0.294671374,0.929323308
412,OK,,145.263158,12.5314263,136,123.6,136,53.1934612,0.871993249,1.10193488,0.006684033,0.011017181,0.962891527,0.60669178,0.908823529
413,OK,,145.263158,12.5314263,139,123.6,139,54.3668464,0.502094566,1.49934193,0.009028904,0.006299368,0.963186452,1.43330306,0.889208633
414,OK,,145.263158,12.5314263,142,123.6,142,55.5402315,0.204110697,2.11849405,0.012655047,0.002539046,0.95818158,4.98417473,0.870422535
415,OK,,145.263158,12.5314263,145,123.6,145,56.7136167,0.037621444,2.9548241,0.0174944,0.000462867,0.947235854,37.7957429,0.852413793
416,OK,,145.263158,12.5314263,148,123.6,148,57.8870019,0.002855663,4.07497644,0.023888598,3.47E-05,0.929555306,689.159378,0.835135135
417,OK,,145.263158,12.5314263,151,123.6,151,59.0603871,0.00119136,5.26070117,0.030526934,1.43E-05,0.910906569,2140.73284,0.818543046
418,OK,,145.263158,12.5314263,154,123.6,154,60.2337722,0.000621043,6.44291765,0.037005592,7.33E-06,0.893024487,5048.01794,0.802597403
419,OK,,145.263158,12.5314263,157,123.6,157,61.4071574,0.000358762,7.66219678,0.043552226,4.18E-06,0.875217224,10428.2002,0.787261146
420,OK,,145.263158,12.5314263,160,123.6,160,62.5805426,0.000218345,8.90263716,0.050058896,2.51E-06,0.857737643,19979.6872,0.7725
421,OK,,145.263158,13.0204737,121,123.6,121,47.3265353,3.48062237,0.256804997,0.001599567,0.04475508,0.921028925,0.035740458,1.0214876
422,OK,,145.263158,13.0204737,124,123.6,124,48.4999205,2.93391476,0.330903219,0.002050481,0.037611373,0.932684055,0.054517581,0.996774194
423,OK,,145.263158,13.0204737,127,123.6,127,49.6733057,2.40257273,0.43435813,0.002676848,0.030693624,0.942888221,0.087211856,0.973228346
424,OK,,145.263158,13.0204737,130,123.6,130,50.8466908,1.89389314,0.579478872,0.003550461,0.024098098,0.951356284,0.147333666,0.950769231
425,OK,,145.263158,13.0204737,133,123.6,133,52.020076,1.40415381,0.771813603,0.004699851,0.017786219,0.958170622,0.264241127,0.929323308
426,OK,,145.263158,13.0204737,136,123.6,136,53.1934612,0.957535325,1.05071887,0.006355963,0.01206304,0.962246221,0.526895592,0.908823529
427,OK,,145.263158,13.0204737,139,123.6,139,54.3668464,0.562521882,1.43668225,0.008628921,0.007040468,0.963227513,1.22561749,0.889208633
428,OK,,145.263158,13.0204737,142,123.6,142,55.5402315,0.257288283,1.99800636,0.011906454,0.003193515,0.959393496,3.72832292,0.870422535
429,OK,,145.263158,13.0204737,145,123.6,145,56.7136167,0.059448956,2.79458489,0.016508747,0.000730247,0.949676391,22.6070586,0.852413793
430,OK,,145.263158,13.0204737,148,123.6,148,57.8870019,0.003350153,3.86619031,0.02261851,4.06E-05,0.933153552,556.851725,0.835135135
431,OK,,145.263158,13.0204737,151,123.6,151,59.0603871,0.001290695,5.04943154,0.029243006,1.54E-05,0.914482067,1894.99096,0.818543046
432,OK,,145.263158,13.0204737,154,123.6,154,60.2337722,0.000687894,6.25067618,0.035830329,8.11E-06,0.896214966,4417.59745,0.802597403
433,OK,,145.263158,13.0204737,157,123.6,157,61.4071574,0.000408525,7.44727176,0.042251508,4.75E-06,0.878716414,8893.78004,0.787261146
434,OK,,145.263158,13.0204737,160,123.6,160,62.5805426,0.000251485,8.65118696,0.048574881,2.88E-06,0.861755138,16839.4808,0.7725
435,OK,,145.263158,13.5095211,121,123.6,121,47.3265353,3.58059873,0.250689605,0.001556684,0.045888012,0.919045662,0.033923549,1.0214876
436,OK,,145.263158,13.5095211,124,123.6,124,48.4999205,3.03495617,0.324747265,0.002006231,0.038777865,0.930727651,0.051736506,0.996774194
437,OK,,145.263158,13.5095211,127,123.6,127,49.6733057,2.50015499,0.421096121,0.00258741,0.031837445,0.941190725,0.081269387,0.973228346
438,OK,,145.263158,13.5095211,130,123.6,130,50.8466908,1.98595755,0.560462528,0.003423978,0.025191432,0.94991965,0.135918354,0.950769231
439,OK,,145.263158,13.5095211,133,123.6,133,52.020076,1.49472874,0.742093594,0.004506069,0.018876203,0.957000787,0.238716906,0.929323308
440,OK,,145.263158,13.5095211,136,123.6,136,53.1934612,1.04062145,1.00592215,0.006068304,0.01307236,0.961526407,0.464208774,0.908823529
441,OK,,145.263158,13.5095211,139,123.6,139,54.3668464,0.632789674,1.37003573,0.008207059,0.007899504,0.963160905,1.03893345,0.889208633
442,OK,,145.263158,13.5095211,142,123.6,142,55.5402315,0.309392765,1.89903032,0.011288686,0.00383178,0.960237417,2.94606855,0.870422535
443,OK,,145.263158,13.5095211,145,123.6,145,56.7136167,0.089370738,2.63238594,0.015515784,0.001095894,0.952008762,14.1581072,0.852413793
444,OK,,145.263158,13.5095211,148,123.6,148,57.8870019,0.00561664,3.65798747,0.021356784,6.80E-05,0.93671111,313.991528,0.835135135
445,OK,,145.263158,13.5095211,151,123.6,151,59.0603871,0.001486969,4.83782799,0.027957655,1.78E-05,0.918061577,1574.47888,0.818543046
446,OK,,145.263158,13.5095211,154,123.6,154,60.2337722,0.000819663,6.04027507,0.034553395,9.65E-06,0.899705854,3579.45165,0.802597403
447,OK,,145.263158,13.5095211,157,123.6,157,61.4071574,0.000461389,7.23481365,0.040966122,5.36E-06,0.882175379,7643.5999,0.787261146
448,OK,,145.263158,13.5095211,160,123.6,160,62.5805426,0.000284277,8.4408845,0.047305212,3.26E-06,0.865115123,14522.9281,0.7725
449,OK,,145.263158,13.9985684,121,123.6,121,47.3265353,3.67742436,0.244316639,0.00151248,0.04697597,0.917134416,0.032196895,1.0214876
450,OK,,145.263158,13.9985684,124,123.6,124,48.4999205,3.12997854,0.316753173,0.001950961,0.039864402,0.92893325,0.048939936,0.996774194
451,OK,,145.263158,13.9985684,127,123.6,127,49.6733057,2.59926436,0.408379907,0.002501825,0.03299246,0.939451498,0.075830209,0.973228346
452,OK,,145.263158,13.9985684,130,123.6,130,50.8466908,2.08075606,0.542022551,0.003301704,0.026311369,0.948417909,0.125485817,0.950769231
453,OK,,145.263158,13.9985684,133,123.6,133,52.020076,1.58506669,0.714726821,0.004327596,0.019956688,0.95579027,0.21684941,0.929323308
454,OK,,145.263158,13.9985684,136,123.6,136,53.1934612,1.12538489,0.964115278,0.005800127,0.014096518,0.960718853,0.411458154,0.908823529
455,OK,,145.263158,13.9985684,139,123.6,139,54.3668464,0.706888899,1.30681227,0.007807716,0.008801235,0.962960861,0.887115961,0.889208633
456,OK,,145.263158,13.9985684,142,123.6,142,55.5402315,0.366179851,1.80626283,0.010708719,0.00452289,0.960885243,2.36767156,0.870422535
457,OK,,145.263158,13.9985684,145,123.6,145,56.7136167,0.122645655,2.49426035,0.014667813,0.0015012,0.953857536,9.77072483,0.852413793
458,OK,,145.263158,13.9985684,148,123.6,148,57.8870019,0.011806028,3.46356868,0.020175675,0.000142772,0.939962779,141.314267,0.835135135
459,OK,,145.263158,13.9985684,151,123.6,151,59.0603871,0.00204982,4.63422339,0.026727019,2.44E-05,0.921499444,1093.17103,0.818543046
460,OK,,145.263158,13.9985684,154,123.6,154,60.2337722,0.000941465,5.82973941,0.0332848,1.11E-05,0.903199141,3005.20989,0.802597403
461,OK,,145.263158,13.9985684,157,123.6,157,61.4071574,0.000496218,7.13723744,0.040295758,5.75E-06,0.883763816,7010.76255,0.787261146
462,OK,,145.263158,13.9985684,160,123.6,160,62.5805426,0.000319941,8.23387948,0.046060303,3.66E-06,0.868422371,12577.2552,0.7725
463,OK,,145.263158,14.4876158,121,123.6,121,47.3265353,3.78315545,0.238312606,0.001470776,0.04816236,0.915027203,0.030537867,1.0214876
464,OK,,145.263158,14.4876158,124,123.6,124,48.4999205,3.23141199,0.308448924,0.001894076,0.04102057,0.927013057,0.046173814,0.996774194
465,OK,,145.263158,14.4876158,127,123.6,127,49.6733057,2.69519411,0.396940173,0.002424544,0.034101498,0.937750584,0.071097881,0.973228346
466,OK,,145.263158,14.4876158,130,123.6,130,50.8466908,2.17704124,0.524451119,0.003185378,0.027442178,0.946869849,0.116075994,0.950769231
467,OK,,145.263158,14.4876158,133,123.6,133,52.020076,1.67487243,0.689557757,0.004163361,0.021024037,0.954547737,0.198028635,0.929323308
468,OK,,145.263158,14.4876158,136,123.6,136,53.1934612,1.2090833,0.926448208,0.005558181,0.015101634,0.959853496,0.368051617,0.908823529
469,OK,,145.263158,14.4876158,139,123.6,139,54.3668464,0.785548187,1.24618207,0.007425775,0.009754007,0.962629242,0.761305019,0.889208633
470,OK,,145.263158,14.4876158,142,123.6,142,55.5402315,0.426800596,1.71803167,0.010161797,0.00526138,0.961382367,1.93139393,0.870422535
471,OK,,145.263158,14.4876158,145,123.6,145,56.7136167,0.162404804,2.36509214,0.013872684,0.001983757,0.955434037,6.99313746,0.852413793
472,OK,,145.263158,14.4876158,148,123.6,148,57.8870019,0.019167228,3.33163177,0.019363702,0.000231476,0.942114829,83.6531834,0.835135135
473,OK,,145.263158,14.4876158,151,123.6,151,59.0603871,0.002405826,4.42636104,0.025478176,2.87E-05,0.925012905,888.841054,0.818543046
474,OK,,145.263158,14.4876158,154,123.6,154,60.2337722,0.000989996,5.61809384,0.032014583,1.16E-05,0.906712072,2751.8207,0.802597403
475,OK,,145.263158,14.4876158,157,123.6,157,61.4071574,0.000582456,6.81951518,0.038468764,6.75E-06,0.888936438,5697.8268,0.787261146
476,OK,,145.263158,14.4876158,160,123.6,160,62.5805426,0.000363653,8.01289523,0.044741855,4.16E-06,0.87195287,10760.4432,0.7725
477,OK,,145.263158,14.9766632,121,123.6,121,47.3265353,3.88527516,0.232899766,0.001432973,0.049297999,0.912983807,0.029067569,1.0214876
478,OK,,145.263158,14.9766632,124,123.6,124,48.4999205,3.33376403,0.300494004,0.00183966,0.042180001,0.925066722,0.043614499,0.996774194
479,OK,,145.263158,14.9766632,127,123.6,127,49.6733057,2.78855168,0.386545353,0.002354085,0.035172596,0.936080416,0.066929526,0.973228346
480,OK,,145.263158,14.9766632,130,123.6,130,50.8466908,2.27194863,0.508311958,0.00307839,0.028549189,0.945320717,0.107827565,0.950769231
481,OK,,145.263158,14.9766632,133,123.6,133,52.020076,1.77007792,0.664435608,0.004000275,0.022150468,0.9532005,0.180595507,0.929323308
482,OK,,145.263158,14.9766632,136,123.6,136,53.1934612,1.29489732,0.89077918,0.005329448,0.016126731,0.958910805,0.330472946,0.908823529
483,OK,,145.263158,14.9766632,139,123.6,139,54.3668464,0.861330525,1.19388109,0.007095212,0.010666401,0.962197336,0.665192716,0.889208633
484,OK,,145.263158,14.9766632,142,123.6,142,55.5402315,0.493179303,1.63718552,0.009656905,0.00606392,0.961642853,1.5925184,0.870422535
485,OK,,145.263158,14.9766632,145,123.6,145,56.7136167,0.206832408,2.24249676,0.013122666,0.00252136,0.956812326,5.20459798,0.852413793
486,OK,,145.263158,14.9766632,148,123.6,148,57.8870019,0.039090193,3.10334491,0.018000928,0.000471396,0.945714323,38.1864474,0.835135135
487,OK,,145.263158,14.9766632,151,123.6,151,59.0603871,0.002820567,4.21258329,0.02419991,3.36E-05,0.92862553,720.91626,0.818543046
488,OK,,145.263158,14.9766632,154,123.6,154,60.2337722,0.001262795,5.40329826,0.030731503,1.48E-05,0.910273575,2073.1449,0.802597403
489,OK,,145.263158,14.9766632,157,123.6,157,61.4071574,0.000696318,6.59791962,0.037149768,8.06E-06,0.892543211,4607.52189,0.787261146
490,OK,,145.263158,14.9766632,160,123.6,160,62.5805426,0.000842049,7.80616147,0.043504737,9.62E-06,0.875248708,4523.80923,0.7725
491,OK,,145.263158,15.4657105,121,123.6,121,47.3265353,3.98572829,0.226048384,0.00138658,0.050406334,0.911006021,0.027508058,1.0214876
492,OK,,145.263158,15.4657105,124,123.6,124,48.4999205,3.43454696,0.293130441,0.001789177,0.043312977,0.923140546,0.041308098,0.996774194
493,OK,,145.263158,15.4657105,127,123.6,127,49.6733057,2.89278507,0.375136761,0.002277814,0.036366692,0.93421171,0.062634621,0.973228346
494,OK,,145.263158,15.4657105,130,123.6,130,50.8466908,2.36820076,0.492898297,0.002976371,0.029665299,0.94373087,0.100331753,0.950769231
495,OK,,145.263158,15.4657105,133,123.6,133,52.020076,1.86332398,0.646338303,0.003880224,0.023246035,0.95175589,0.166919801,0.929323308
496,OK,,145.263158,15.4657105,136,123.6,136,53.1934612,1.3820202,0.857327753,0.005115137,0.017161664,0.957901819,0.298056024,0.908823529
497,OK,,145.263158,15.4657105,139,123.6,139,54.3668464,0.940922321,1.14606272,0.006791334,0.011618592,0.96161291,0.584523016,0.889208633
498,OK,,145.263158,15.4657105,142,123.6,142,55.5402315,0.560206286,1.56189928,0.009189403,0.006871059,0.961791561,1.33740705,0.870422535
499,OK,,145.263158,15.4657105,145,123.6,145,56.7136167,0.251973179,2.13807361,0.012481661,0.003065379,0.95785762,4.07181694,0.852413793
500,OK,,145.263158,15.4657105,148,123.6,148,57.8870019,0.062927649,2.92830846,0.016949277,0.000757659,0.948326291,22.3705819,0.835135135
501,OK,,145.263158,15.4657105,151,123.6,151,59.0603871,0.003841051,4.00175442,0.022943224,4.57E-05,0.932177968,502.466571,0.818543046
502,OK,,145.263158,15.4657105,154,123.6,154,60.2337722,0.001456609,5.19695466,0.029500379,1.71E-05,0.91369607,1727.20018,0.802597403
503,OK,,145.263158,15.4657105,157,123.6,157,61.4071574,0.000792602,6.39403466,0.035933094,9.17E-06,0.895861858,3919.45729,0.787261146
504,OK,,145.263158,15.4657105,160,123.6,160,62.5805426,0.000479013,7.59055856,0.042228794,5.47E-06,0.878699716,7725.70398,0.7725
505,OK,,145.263158,15.9547579,121,123.6,121,47.3265353,4.08847782,0.221098563,0.001352083,0.051534417,0.908939534,0.026236512,1.0214876
506,OK,,145.263158,15.9547579,124,123.6,124,48.4999205,3.5364429,0.286031759,0.0017406,0.044451892,0.92118596,0.039156944,0.996774194
507,OK,,145.263158,15.9547579,127,123.6,127,49.6733057,2.99223488,0.365052741,0.002210032,0.037496236,0.932412639,0.0589401,0.973228346
508,OK,,145.263158,15.9547579,130,123.6,130,50.8466908,2.46498615,0.478313641,0.002879923,0.03078091,0.942114231,0.093561973,0.950769231
509,OK,,145.263158,15.9547579,133,123.6,133,52.020076,1.95653849,0.62511021,0.00374213,0.024334715,0.95037207,0.153777449,0.929323308
510,OK,,145.263158,15.9547579,136,123.6,136,53.1934612,1.4697868,0.828256647,0.004926992,0.018196113,0.956798385,0.270771663,0.908823529
511,OK,,145.263158,15.9547579,139,123.6,139,54.3668464,1.02193703,1.09930564,0.006496854,0.012584243,0.96098279,0.516268957,0.889208633
512,OK,,145.263158,15.9547579,142,123.6,142,55.5402315,0.620720407,1.50208338,0.008814802,0.007595271,0.961778989,1.16056447,0.870422535
513,OK,,145.263158,15.9547579,145,123.6,145,56.7136167,0.312640822,2.01576135,0.01173987,0.003794829,0.958944566,3.09364945,0.852413793
514,OK,,145.263158,15.9547579,148,123.6,148,57.8870019,0.091023276,2.77638464,0.016034535,0.001094109,0.950465427,14.6553365,0.835135135
515,OK,,145.263158,15.9547579,151,123.6,151,59.0603871,0.006720393,3.80417683,0.021766463,7.98E-05,0.935474564,272.777686,0.818543046
516,OK,,145.263158,15.9547579,154,123.6,154,60.2337722,0.001726412,4.98387364,0.028236295,2.02E-05,0.917229158,1396.35318,0.802597403
517,OK,,145.263158,15.9547579,157,123.6,157,61.4071574,0.000687973,6.16567947,0.034586079,7.95E-06,0.899582269,4350.77901,0.787261146
518,OK,,145.263158,15.9547579,160,123.6,160,62.5805426,0.000530331,7.37371648,0.040947551,6.05E-06,0.882163904,6773.34126,0.7725
519,OK,,145.263158,16.4438053,121,123.6,121,47.3265353,4.1901281,0.216468533,0.00131974,0.052641696,0.906889516,0.02507024,1.0214876
520,OK,,145.263158,16.4438053,124,123.6,124,48.4999205,3.63723134,0.279410382,0.001695202,0.045569845,0.919244368,0.037200086,0.996774194
521,OK,,145.263158,16.4438053,127,123.6,127,49.6733057,3.0915195,0.355554918,0.00214617,0.038616154,0.930605093,0.055577001,0.973228346
522,OK,,145.263158,16.4438053,130,123.6,130,50.8466908,2.56204955,0.464560794,0.002788997,0.031892473,0.940475766,0.087450018,0.950769231
523,OK,,145.263158,16.4438053,133,123.6,133,52.020076,2.0453485,0.60647706,0.003620296,0.02536375,0.949023036,0.142735035,0.929323308
524,OK,,145.263158,16.4438053,136,123.6,136,53.1934612,1.56082461,0.798046348,0.004734124,0.019265781,0.95565487,0.245727048,0.908823529
525,OK,,145.263158,16.4438053,139,123.6,139,54.3668464,1.1011358,1.05771391,0.006234284,0.013522483,0.960291062,0.461031029,0.889208633
526,OK,,145.263158,16.4438053,142,123.6,142,55.5402315,0.704085563,1.42475341,0.008339593,0.008591808,0.961670326,0.970644709,0.870422535
527,OK,,145.263158,16.4438053,145,123.6,145,56.7136167,0.363986411,1.92911026,0.011207799,0.004408533,0.959567088,2.54229684,0.852413793
528,OK,,145.263158,16.4438053,148,123.6,148,57.8870019,0.12517359,2.63172971,0.015165196,0.00150192,0.952374398,10.097206,0.835135135
529,OK,,145.263158,16.4438053,151,123.6,151,59.0603871,0.012664553,3.60003655,0.020557091,0.000150189,0.938830386,136.874446,0.818543046
530,OK,,145.263158,16.4438053,154,123.6,154,60.2337722,0.002316855,4.77378519,0.026993502,2.71E-05,0.92070724,995.805889,0.802597403
531,OK,,145.263158,16.4438053,157,123.6,157,61.4071574,0.001285386,5.9687673,0.033413614,1.48E-05,0.902779205,2252.64823,0.787261146
532,OK,,145.263158,16.4438053,160,123.6,160,62.5805426,0.000603607,7.16307279,0.039704234,6.87E-06,0.885528695,5776.41279,0.7725
533,OK,,145.263158,16.9328526,121,123.6,121,47.3265353,4.29307363,0.21196733,0.001288366,0.053756515,0.904809407,0.02396669,1.0214876
534,OK,,145.263158,16.9328526,124,123.6,124,48.4999205,3.73805349,0.273116178,0.001652047,0.04668078,0.917295335,0.035390306,0.996774194
535,OK,,145.263158,16.9328526,127,123.6,127,49.6733057,3.19031699,0.346631055,0.00208613,0.039723046,0.928795799,0.05251688,0.973228346
536,OK,,145.263158,16.9328526,130,123.6,130,50.8466908,2.65833134,0.451752354,0.00270424,0.032987693,0.938834098,0.081977235,0.950769231
537,OK,,145.263158,16.9328526,133,123.6,133,52.020076,2.14427379,0.587917743,0.003498825,0.026504038,0.947478133,0.132011021,0.929323308
538,OK,,145.263158,16.9328526,136,123.6,136,53.1934612,1.65003117,0.77072747,0.004559392,0.020307087,0.954491425,0.224522227,0.908823529
539,OK,,145.263158,16.9328526,139,123.6,139,54.3668464,1.19063239,1.01364966,0.005958467,0.014578994,0.9594554,0.408702163,0.889208633
540,OK,,145.263158,16.9328526,142,123.6,142,55.5402315,0.775134231,1.36723154,0.007982193,0.00943473,0.961426776,0.846043611,0.870422535
541,OK,,145.263158,16.9328526,145,123.6,145,56.7136167,0.422461607,1.84114909,0.010670615,0.005105163,0.960086998,2.09016152,0.852413793
542,OK,,145.263158,16.9328526,148,123.6,148,57.8870019,0.163573044,2.50053561,0.014376487,0.001959004,0.953977429,7.33867194,0.835135135
543,OK,,145.263158,16.9328526,151,123.6,151,59.0603871,0.024175653,3.41280619,0.019447871,0.000286316,0.941805633,67.9246015,0.818543046
544,OK,,145.263158,16.9328526,154,123.6,154,60.2337722,0.002716074,4.56756781,0.025776989,3.17E-05,0.924124229,812.062379,0.802597403
545,OK,,145.263158,16.9328526,157,123.6,157,61.4071574,0.001134558,5.75696482,0.032169953,1.31E-05,0.906230811,2459.25339,0.787261146
546,OK,,145.263158,16.9328526,160,123.6,160,62.5805426,0.000574419,7.01945272,0.0388098,6.53E-06,0.887824125,5946.70198,0.7725
547,OK,,145.263158,17.4219,121,123.6,121,47.3265353,4.39861687,0.207493258,0.001257341,0.054894864,0.902673836,0.022904535,1.0214876
548,OK,,145.263158,17.4219,124,123.6,124,48.4999205,3.84185995,0.266851195,0.001609319,0.047819978,0.915284167,0.033653691,0.996774194
549,OK,,145.263158,17.4219,127,123.6,127,49.6733057,3.29078842,0.33795494,0.002027928,0.040843165,0.926947818,0.049651599,0.973228346
550,OK,,145.263158,17.4219,130,123.6,130,50.8466908,2.7549988,0.435429363,0.002599019,0.034081311,0.937253967,0.076259357,0.950769231
551,OK,,145.263158,17.4219,133,123.6,133,52.020076,2.23840097,0.570272315,0.003384202,0.027583681,0.946007897,0.122688567,0.929323308
552,OK,,145.263158,17.4219,136,123.6,136,53.1934612,1.74273277,0.744061259,0.004389455,0.021384261,0.953250005,0.20526567,0.908823529
553,OK,,145.263158,17.4219,139,123.6,139,54.3668464,1.27334701,0.976828211,0.005726611,0.015548913,0.958611261,0.368296542,0.889208633
554,OK,,145.263158,17.4219,142,123.6,142,55.5402315,0.853474899,1.30878547,0.007621224,0.010360847,0.961068575,0.735579235,0.870422535
555,OK,,145.263158,17.4219,145,123.6,145,56.7136167,0.486625089,1.7553606,0.010148508,0.005866757,0.9604683,1.72983261,0.852413793
556,OK,,145.263158,17.4219,148,123.6,148,57.8870019,0.20122668,2.39417827,0.013733009,0.002405471,0.955164288,5.70907173,0.835135135
557,OK,,145.263158,17.4219,151,123.6,151,59.0603871,0.041397079,3.23679392,0.018406419,0.000489572,0.944494251,37.5969462,0.818543046
558,OK,,145.263158,17.4219,154,123.6,154,60.2337722,0.003050709,4.34726816,0.024486848,3.56E-05,0.927776085,687.543477,0.802597403
559,OK,,145.263158,17.4219,157,123.6,157,61.4071574,0.00095257,5.55311902,0.030967907,1.10E-05,0.909553351,2823.48981,0.787261146
560,OK,,145.263158,17.4219,160,123.6,160,62.5805426,0.000786112,6.72600406,0.037145436,8.93E-06,0.892509878,4158.06665,0.7725
561,OK,,150.526316,8.13,121,123.6,121,47.3265353,2.45136633,0.282376117,0.001814514,0.032618737,0.942236582,0.055627967,1.0214876
562,OK,,150.526316,8.13,124,123.6,124,48.4999205,1.92631798,0.390418284,0.002494499,0.025537661,0.952232164,0.097679217,0.996774194
563,OK,,150.526316,8.13,127,123.6,127,49.6733057,1.41689068,0.541630877,0.003439709,0.018706066,0.960571951,0.183881994,0.973228346
564,OK,,150.526316,8.13,130,123.6,130,50.8466908,0.948920777,0.767429716,0.004841897,0.012463915,0.966244598,0.388473256,0.950769231
565,OK,,150.526316,8.13,133,123.6,133,52.020076,0.53660345,1.11087599,0.006958993,0.007003586,0.96832993,0.993632795,0.929323308
566,OK,,150.526316,8.13,136,123.6,136,53.1934612,0.210747414,1.65763974,0.010301789,0.002728164,0.964875624,3.77608868,0.908823529
567,OK,,150.526316,8.13,139,123.6,139,54.3668464,0.033016313,2.46757994,0.015197807,0.000422673,0.954005126,35.9564098,0.889208633
568,OK,,150.526316,8.13,142,123.6,142,55.5402315,0.003548712,3.59220616,0.021900935,4.48E-05,0.935258555,488.881086,0.870422535
569,OK,,150.526316,8.13,145,123.6,145,56.7136167,0.001596102,4.78259322,0.028854718,1.99E-05,0.915643022,1452.97465,0.852413793
570,OK,,150.526316,8.13,148,123.6,148,57.8870019,0.000719277,5.97991257,0.035698048,8.82E-06,0.896684374,4046.83603,0.835135135
571,OK,,150.526316,8.13,151,123.6,151,59.0603871,0.000251702,7.17448005,0.042373949,3.04E-06,0.878518714,13925.4085,0.818543046
572,OK,,150.526316,8.13,154,123.6,154,60.2337722,0.000245358,8.37587662,0.048939124,2.92E-06,0.860939774,16735.6557,0.802597403
573,OK,,150.526316,8.13,157,123.6,157,61.4071574,0.0001543,9.60714245,0.055523128,1.81E-06,0.843547607,30623.9102,0.787261146
574,OK,,150.526316,8.13,160,123.6,160,62.5805426,9.98E-05,10.8731388,0.062125241,1.16E-06,0.826252088,53763.6074,0.7725
575,OK,,150.526316,8.61904737,121,123.6,121,47.3265353,2.55299848,0.272395164,0.001744924,0.033854525,0.940300011,0.051541836,1.0214876
576,OK,,150.526316,8.61904737,124,123.6,124,48.4999205,2.0184265,0.376287068,0.002396904,0.026672439,0.950624381,0.089864464,0.996774194
577,OK,,150.526316,8.61904737,127,123.6,127,49.6733057,1.51030242,0.517627694,0.003277494,0.019875246,0.959174649,0.164903306,0.973228346
578,OK,,150.526316,8.61904737,130,123.6,130,50.8466908,1.03310759,0.730042226,0.004592757,0.013528959,0.965324197,0.339476021,0.950769231
579,OK,,150.526316,8.61904737,133,123.6,133,52.020076,0.606734857,1.05185769,0.006571147,0.007897575,0.968116299,0.832046139,0.929323308
580,OK,,150.526316,8.61904737,136,123.6,136,53.1934612,0.268061841,1.54620451,0.009584761,0.003461869,0.965893057,2.768667,0.908823529
581,OK,,150.526316,8.61904737,139,123.6,139,54.3668464,0.056619703,2.29221986,0.014085019,0.000723558,0.956796472,19.4663188,0.889208633
582,OK,,150.526316,8.61904737,142,123.6,142,55.5402315,0.004283122,3.41641163,0.020783145,5.40E-05,0.938410506,384.864108,0.870422535
583,OK,,150.526316,8.61904737,145,123.6,145,56.7136167,0.001758838,4.59450979,0.027653822,2.18E-05,0.918956524,1265.86653,0.852413793
584,OK,,150.526316,8.61904737,148,123.6,148,57.8870019,0.000775735,5.76073833,0.034320684,9.50E-06,0.900469641,3611.71056,0.835135135
585,OK,,150.526316,8.61904737,151,123.6,151,59.0603871,0.000459756,6.97741518,0.041123543,5.55E-06,0.881851859,7408.69597,0.818543046
586,OK,,150.526316,8.61904737,154,123.6,154,60.2337722,0.000163624,8.16985944,0.047644064,1.95E-06,0.864361425,24457.6364,0.802597403
587,OK,,150.526316,8.61904737,157,123.6,157,61.4071574,0.000175216,9.37616983,0.054091735,2.06E-06,0.847308596,26299.4603,0.787261146
588,OK,,150.526316,8.61904737,160,123.6,160,62.5805426,0.000113102,10.6322601,0.060651951,1.31E-06,0.830100975,46358.1604,0.7725
589,OK,,150.526316,9.10809474,121,123.6,121,47.3265353,2.64960262,0.263665319,0.001683763,0.03501835,0.938443245,0.048082308,1.0214876
590,OK,,150.526316,9.10809474,124,123.6,124,48.4999205,2.11827011,0.361759439,0.002297325,0.027897637,0.948865286,0.082348373,0.996774194
591,OK,,150.526316,9.10809474,127,123.6,127,49.6733057,1.59908497,0.496865617,0.003136688,0.020977744,0.957805293,0.14952455,0.973228346
592,OK,,150.526316,9.10809474,130,123.6,130,50.8466908,1.1186694,0.695543387,0.004363092,0.014605058,0.964319944,0.298738405,0.950769231
593,OK,,150.526316,9.10809474,133,123.6,133,52.020076,0.685801683,0.992417939,0.006182666,0.008901274,0.967739001,0.694582164,0.929323308
594,OK,,150.526316,9.10809474,136,123.6,136,53.1934612,0.322095566,1.45937621,0.009022924,0.004149915,0.966509572,2.17424329,0.908823529
595,OK,,150.526316,9.10809474,139,123.6,139,54.3668464,0.0842975,2.14905945,0.013174387,0.00107543,0.958920609,12.2503467,0.889208633
596,OK,,150.526316,9.10809474,142,123.6,142,55.5402315,0.004926649,3.1971092,0.019408363,6.20E-05,0.942347452,312.836726,0.870422535
597,OK,,150.526316,9.10809474,145,123.6,145,56.7136167,0.001918469,4.35835917,0.026187129,2.38E-05,0.923117623,1099.64101,0.852413793
598,OK,,150.526316,9.10809474,148,123.6,148,57.8870019,0.000971095,5.55484357,0.033027835,1.19E-05,0.904023106,2779.53073,0.835135135
599,Errors,,150.526316,9.10809474,151,123.6,151,59.0603871,0.000694051,6.30715827,0.036600458,8.38E-06,0.893196563,4366.86223,0.818543046
600,OK,,150.526316,9.10809474,154,123.6,154,60.2337722,0.000315189,7.9543064,0.04629931,3.75E-06,0.867937516,12351.5144,0.802597403
601,OK,,150.526316,9.10809474,157,123.6,157,61.4071574,0.000194053,9.19362052,0.052932221,2.28E-06,0.850281059,23265.8919,0.787261146
602,OK,,150.526316,9.10809474,160,123.6,160,62.5805426,0.000124103,10.4578041,0.059556714,1.43E-06,0.832888503,41507.3173,0.7725
603,OK,,150.526316,9.59714211,121,123.6,121,47.3265353,2.75902048,0.254037102,0.001617205,0.036334978,0.93633471,0.044508227,1.0214876
604,OK,,150.526316,9.59714211,124,123.6,124,48.4999205,2.21656977,0.348521998,0.002206521,0.029095376,0.947111423,0.075837497,0.996774194
605,OK,,150.526316,9.59714211,127,123.6,127,49.6733057,1.69591316,0.478395346,0.003011068,0.02217548,0.956227828,0.135783668,0.973228346
606,OK,,150.526316,9.59714211,130,123.6,130,50.8466908,1.20648666,0.663232316,0.004148387,0.015703473,0.963228306,0.264170015,0.950769231
607,OK,,150.526316,9.59714211,133,123.6,133,52.020076,0.761061889,0.942602393,0.005856013,0.009850635,0.967249869,0.594480811,0.929323308
608,OK,,150.526316,9.59714211,136,123.6,136,53.1934612,0.386378806,1.37003164,0.008448405,0.004965649,0.966980708,1.70136987,0.908823529
609,OK,,150.526316,9.59714211,139,123.6,139,54.3668464,0.118727846,2.01429842,0.012318568,0.001511789,0.960766047,8.14833841,0.889208633
610,OK,,150.526316,9.59714211,142,123.6,142,55.5402315,0.009725823,2.97218148,0.018005393,0.00012232,0.946310859,147.19887,0.870422535
611,OK,,150.526316,9.59714211,145,123.6,145,56.7136167,0.002373638,4.15075268,0.024888082,2.94E-05,0.926770209,845.679081,0.852413793
612,OK,,150.526316,9.59714211,148,123.6,148,57.8870019,0.001130927,5.34536179,0.031718307,1.38E-05,0.90763915,2294.67885,0.835135135
613,OK,,150.526316,9.59714211,151,123.6,151,59.0603871,0.000821976,6.5422201,0.038413379,9.90E-06,0.889214372,3878.44461,0.818543046
614,OK,,150.526316,9.59714211,154,123.6,154,60.2337722,0.000357197,7.74673991,0.045004777,4.24E-06,0.871382834,10605.5539,0.802597403
615,OK,,150.526316,9.59714211,157,123.6,157,61.4071574,0.000222681,8.94759964,0.05142867,2.61E-06,0.854286981,19716.0751,0.787261146
616,OK,,150.526316,9.59714211,160,123.6,160,62.5805426,0.000144779,10.1629719,0.057789524,1.67E-06,0.837599416,34553.7611,0.7725
617,OK,,150.526316,10.0861895,121,123.6,121,47.3265353,2.8446202,0.247561119,0.001571152,0.037345751,0.934662842,0.042070429,1.0214876
618,OK,,150.526316,10.0861895,124,123.6,124,48.4999205,2.3132162,0.336455709,0.00212365,0.030264279,0.9453675,0.070170188,0.996774194
619,OK,,150.526316,10.0861895,127,123.6,127,49.6733057,1.79281679,0.458804039,0.002879148,0.023366278,0.954671412,0.1232181,0.973228346
620,OK,,150.526316,10.0861895,130,123.6,130,50.8466908,1.29087846,0.635104855,0.003960992,0.016751539,0.962121757,0.236455416,0.950769231
621,OK,,150.526316,10.0861895,133,123.6,133,52.020076,0.841360764,0.894628664,0.005542469,0.010858716,0.966628472,0.510416589,0.929323308
622,OK,,150.526316,10.0861895,136,123.6,136,53.1934612,0.453150421,1.29046454,0.007936733,0.005808847,0.967221254,1.36631798,0.908823529
623,OK,,150.526316,10.0861895,139,123.6,139,54.3668464,0.157980139,1.893544,0.011551737,0.00200756,0.962265162,5.75411858,0.889208633
624,OK,,150.526316,10.0861895,142,123.6,142,55.5402315,0.018990319,2.7827457,0.016820991,0.000238508,0.949554837,70.5258161,0.870422535
625,OK,,150.526316,10.0861895,145,123.6,145,56.7136167,0.002633554,3.93050341,0.023519358,3.26E-05,0.93064916,721.141663,0.852413793
626,OK,,150.526316,10.0861895,148,123.6,148,57.8870019,0.001166751,5.15027152,0.030491224,1.42E-05,0.911008722,2141.71916,0.835135135
627,OK,,150.526316,10.0861895,151,123.6,151,59.0603871,0.000767538,6.33277852,0.03711052,9.24E-06,0.892761521,4017.08277,0.818543046
628,OK,,150.526316,10.0861895,154,123.6,154,60.2337722,0.000400091,7.51557246,0.043581124,4.75E-06,0.875219959,9178.57123,0.802597403
629,OK,,150.526316,10.0861895,157,123.6,157,61.4071574,0.000253809,8.73549473,0.050116902,2.97E-06,0.857740548,16873.8373,0.787261146
630,OK,,150.526316,10.0861895,160,123.6,160,62.5805426,0.000162687,9.94355095,0.056441136,1.88E-06,0.841105346,30062.6148,0.7725
631,OK,,150.526316,10.5752368,121,123.6,121,47.3265353,2.95150066,0.239279986,0.001513865,0.038613618,0.932579458,0.039205481,1.0214876
632,OK,,150.526316,10.5752368,124,123.6,124,48.4999205,2.41007461,0.325154283,0.002046079,0.031428006,0.943603436,0.065103689,0.996774194
633,OK,,150.526316,10.5752368,127,123.6,127,49.6733057,1.8878053,0.441142053,0.002760068,0.024525154,0.95311471,0.112540284,0.973228346
634,OK,,150.526316,10.5752368,130,123.6,130,50.8466908,1.38609858,0.605446062,0.003765025,0.017930069,0.960832365,0.209983843,0.950769231
635,OK,,150.526316,10.5752368,133,123.6,133,52.020076,0.923736097,0.850306,0.005253125,0.01188721,0.965896972,0.441914006,0.929323308
636,OK,,150.526316,10.5752368,136,123.6,136,53.1934612,0.524753845,1.21617615,0.00745993,0.006708874,0.967271729,1.1119496,0.908823529
637,OK,,150.526316,10.5752368,139,123.6,139,54.3668464,0.192506499,1.80769135,0.011000067,0.002441498,0.963209235,4.50545833,0.889208633
638,OK,,150.526316,10.5752368,142,123.6,142,55.5402315,0.034154824,2.60621129,0.015718816,0.000428323,0.952460297,36.6985282,0.870422535
639,OK,,150.526316,10.5752368,145,123.6,145,56.7136167,0.003676434,3.72966893,0.022270845,4.55E-05,0.934171975,489.739658,0.852413793
640,OK,,150.526316,10.5752368,148,123.6,148,57.8870019,0.001510994,4.92234546,0.02909063,1.84E-05,0.914940206,1578.80389,0.835135135
641,OK,,150.526316,10.5752368,151,123.6,151,59.0603871,0.000817191,6.10744885,0.035721252,9.83E-06,0.896575923,3635.71327,0.818543046
642,OK,,150.526316,10.5752368,154,123.6,154,60.2337722,0.000562247,7.31371995,0.042328289,6.67E-06,0.878568419,6350.58121,0.802597403
643,OK,,150.526316,10.5752368,157,123.6,157,61.4071574,0.000285257,8.51215943,0.048746685,3.33E-06,0.861376995,14618.1867,0.787261146
644,OK,,150.526316,10.5752368,160,123.6,160,62.5805426,0.000182022,9.73405093,0.05515147,2.10E-06,0.844452724,26282.0821,0.7725
645,OK,,150.526316,11.0642842,121,123.6,121,47.3265353,3.05626338,0.231720563,0.001461484,0.039846329,0.930525573,0.036678014,1.0214876
646,OK,,150.526316,11.0642842,124,123.6,124,48.4999205,2.50665628,0.31462019,0.001973778,0.032580474,0.941829256,0.060581637,0.996774194
647,OK,,150.526316,11.0642842,127,123.6,127,49.6733057,1.98351703,0.424614597,0.002648744,0.025685448,0.951520609,0.103122348,0.973228346
648,OK,,150.526316,11.0642842,130,123.6,130,50.8466908,1.4768038,0.579854564,0.003595407,0.019044171,0.959551776,0.188793026,0.950769231
649,OK,,150.526316,11.0642842,133,123.6,133,52.020076,1.00684634,0.809955111,0.004989778,0.012918872,0.965074994,0.386239411,0.929323308
650,OK,,150.526316,11.0642842,136,123.6,136,53.1934612,0.592830084,1.15474122,0.007064058,0.007559474,0.967146877,0.934464282,0.908823529
651,OK,,150.526316,11.0642842,139,123.6,139,54.3668464,0.263873573,1.66162965,0.010086707,0.003338156,0.964583136,3.02164028,0.889208633
652,OK,,150.526316,11.0642842,142,123.6,142,55.5402315,0.056170587,2.43926631,0.014678658,0.000703266,0.955069743,20.8721392,0.870422535
653,Errors,,150.526316,11.0642842,145,123.6,145,56.7136167,0.002632972,5.70959402,0.033699369,3.21E-05,0.899279444,1048.67579,0.852413793
654,OK,,150.526316,11.0642842,148,123.6,148,57.8870019,0.001632487,4.72821809,0.027885387,1.99E-05,0.918291664,1402.41879,0.835135135
655,OK,,150.526316,11.0642842,151,123.6,151,59.0603871,0.000918982,5.9356045,0.034638191,1.10E-05,0.899483837,3139.83683,0.818543046
656,OK,,150.526316,11.0642842,154,123.6,154,60.2337722,0.000426363,7.11805926,0.041114994,5.05E-06,0.88181903,8143.45177,0.802597403
657,OK,,150.526316,11.0642842,157,123.6,157,61.4071574,0.000315503,8.33614916,0.047643718,3.68E-06,0.864242785,12933.3994,0.787261146
658,OK,,150.526316,11.0642842,160,123.6,160,62.5805426,0.000193651,9.62239703,0.054398867,2.23E-06,0.846236701,24398.4561,0.7725
659,OK,,150.526316,11.5533316,121,123.6,121,47.3265353,3.15224997,0.2254062,0.001417284,0.04096314,0.928630817,0.034599008,1.0214876
660,OK,,150.526316,11.5533316,124,123.6,124,48.4999205,2.6082663,0.304075196,0.001901817,0.033787574,0.939951623,0.056287473,0.996774194
661,OK,,150.526316,11.5533316,127,123.6,127,49.6733057,2.09308483,0.406535567,0.002528347,0.027010515,0.949678799,0.093606033,0.973228346
662,OK,,150.526316,11.5533316,130,123.6,130,50.8466908,1.57031914,0.555453589,0.00343409,0.020186526,0.958192506,0.17011795,0.950769231
663,OK,,150.526316,11.5533316,133,123.6,133,52.020076,1.0924469,0.772142752,0.004743435,0.013975767,0.964156345,0.339404256,0.929323308
664,OK,,150.526316,11.5533316,136,123.6,136,53.1934612,0.667434924,1.09442939,0.006677048,0.008487735,0.966878179,0.786670182,0.908823529
665,OK,,150.526316,11.5533316,139,123.6,139,54.3668464,0.316040542,1.57316064,0.009525349,0.003989065,0.96525086,2.38786535,0.889208633
666,OK,,150.526316,11.5533316,142,123.6,142,55.5402315,0.085204282,2.2828939,0.013706128,0.001064899,0.957362472,12.8708204,0.870422535
667,OK,,150.526316,11.5533316,145,123.6,145,56.7136167,0.006796943,3.30537674,0.01965566,8.39E-05,0.941598264,234.354118,0.852413793
668,OK,,150.526316,11.5533316,148,123.6,148,57.8870019,0.00210089,4.53237049,0.026665273,2.55E-05,0.921666847,1044.15815,0.835135135
669,OK,,150.526316,11.5533316,151,123.6,151,59.0603871,0.000326413,5.69908153,0.03320025,3.92E-06,0.903498635,8478.74272,0.818543046
670,OK,,150.526316,11.5533316,154,123.6,154,60.2337722,0.000596345,6.91808266,0.039874977,7.05E-06,0.885136216,5654.95223,0.802597403
671,OK,,150.526316,11.5533316,157,123.6,157,61.4071574,0.000362309,8.09917413,0.046206854,4.23E-06,0.868101101,10932.7464,0.787261146
672,OK,,150.526316,11.5533316,160,123.6,160,62.5805426,0.000229086,9.30964717,0.052555522,2.64E-06,0.851233692,19940.2504,0.7725
673,OK,,150.526316,12.0423789,121,123.6,121,47.3265353,3.2506723,0.219228702,0.001374193,0.042101951,0.926681702,0.03263966,1.0214876
674,OK,,150.526316,12.0423789,124,123.6,124,48.4999205,2.70600547,0.29419883,0.001834464,0.034938721,0.938140016,0.05250519,0.996774194
675,OK,,150.526316,12.0423789,127,123.6,127,49.6733057,2.18300365,0.393462799,0.002439784,0.028083214,0.94813177,0.086876957,0.973228346
676,OK,,150.526316,12.0423789,130,123.6,130,50.8466908,1.66144837,0.533672518,0.003289832,0.021291792,0.956828638,0.154511758,0.950769231
677,OK,,150.526316,12.0423789,133,123.6,133,52.020076,1.17618744,0.738638519,0.004524802,0.015002981,0.963190635,0.301593521,0.929323308
678,OK,,150.526316,12.0423789,136,123.6,136,53.1934612,0.743092472,1.04000506,0.006327789,0.009424005,0.966479009,0.671454354,0.908823529
679,OK,,150.526316,12.0423789,139,123.6,139,54.3668464,0.377370405,1.48290712,0.008955915,0.00475165,0.965782869,1.88480104,0.889208633
680,OK,,150.526316,12.0423789,142,123.6,142,55.5402315,0.119187202,2.14549653,0.012850899,0.001486842,0.959224446,8.64308336,0.870422535
681,OK,,150.526316,12.0423789,145,123.6,145,56.7136167,0.010226759,3.11519839,0.0184852,0.000126035,0.944891098,146.667664,0.852413793
682,OK,,150.526316,12.0423789,148,123.6,148,57.8870019,0.002638789,4.28290405,0.025158659,3.21E-05,0.925967096,784.549013,0.835135135
683,OK,,150.526316,12.0423789,151,123.6,151,59.0603871,0.001334383,5.47283474,0.031815004,1.60E-05,0.907312339,1990.55044,0.818543046
684,OK,,150.526316,12.0423789,154,123.6,154,60.2337722,0.000682459,6.70539162,0.038572672,8.06E-06,0.888665879,4785.99417,0.802597403
685,OK,,150.526316,12.0423789,157,123.6,157,61.4071574,0.000410889,7.88511182,0.044901853,4.79E-06,0.871586261,9377.75476,0.787261146
686,OK,,150.526316,12.0423789,160,123.6,160,62.5805426,0.000258996,9.08624639,0.051202669,2.98E-06,0.854803027,17200.7739,0.7725
687,OK,,150.526316,12.5314263,121,123.6,121,47.3265353,3.35388039,0.213150451,0.001331971,0.04329175,0.924629369,0.030767309,1.0214876
688,OK,,150.526316,12.5314263,124,123.6,124,48.4999205,2.80775376,0.284887018,0.001771009,0.036131717,0.936234106,0.049015355,0.996774194
689,OK,,150.526316,12.5314263,127,123.6,127,49.6733057,2.27220519,0.38132451,0.002357525,0.029140759,0.946580368,0.080901284,0.973228346
690,OK,,150.526316,12.5314263,130,123.6,130,50.8466908,1.75673093,0.512400563,0.003149509,0.022441879,0.955373074,0.140340714,0.950769231
691,OK,,150.526316,12.5314263,133,123.6,133,52.020076,1.26648771,0.705204042,0.004307771,0.016105949,0.962097484,0.267464593,0.929323308
692,OK,,150.526316,12.5314263,136,123.6,136,53.1934612,0.822723395,0.988415023,0.005997538,0.010404786,0.96595186,0.576421113,0.908823529
693,OK,,150.526316,12.5314263,139,123.6,139,54.3668464,0.442280891,1.40045448,0.008436169,0.005555206,0.966105531,1.51860602,0.889208633
694,OK,,150.526316,12.5314263,142,123.6,142,55.5402315,0.15729242,2.02375448,0.012092691,0.001958391,0.960730324,6.17480818,0.870422535
695,OK,,150.526316,12.5314263,145,123.6,145,56.7136167,0.019652442,2.92086052,0.017295153,0.00024187,0.948151553,71.5058478,0.852413793
696,OK,,150.526316,12.5314263,148,123.6,148,57.8870019,0.003699479,4.07554391,0.023891874,4.49E-05,0.929530926,532.049318,0.835135135
697,OK,,150.526316,12.5314263,151,123.6,151,59.0603871,0.001532048,5.26593367,0.030556844,1.83E-05,0.910812205,1666.34113,0.818543046
698,OK,,150.526316,12.5314263,154,123.6,154,60.2337722,0.000795132,6.46881009,0.037151566,9.39E-06,0.892591731,3958.47163,0.802597403
699,OK,,150.526316,12.5314263,157,123.6,157,61.4071574,0.000419335,7.6680025,0.043584459,4.88E-06,0.875121693,8928.5289,0.787261146
700,OK,,150.526316,12.5314263,160,123.6,160,62.5805426,0.000290853,8.87548801,0.049923696,3.34E-06,0.858170311,14949.4347,0.7725
701,OK,,150.526316,13.0204737,121,123.6,121,47.3265353,3.45476442,0.20742732,0.001292218,0.044445026,0.922618639,0.029074534,1.0214876
702,OK,,150.526316,13.0204737,124,123.6,124,48.4999205,2.90693897,0.27643393,0.001713256,0.037285239,0.934363338,0.045949975,0.996774194
703,OK,,150.526316,13.0204737,127,123.6,127,49.6733057,2.36967375,0.368565899,0.002271867,0.030292752,0.944875027,0.074997034,0.973228346
704,OK,,150.526316,13.0204737,130,123.6,130,50.8466908,1.85084594,0.493022152,0.003021577,0.023570069,0.953903232,0.128195508,0.950769231
705,OK,,150.526316,13.0204737,133,123.6,133,52.020076,1.35462316,0.675525819,0.004114794,0.017175226,0.960973741,0.239577269,0.929323308
706,OK,,150.526316,13.0204737,136,123.6,136,53.1934612,0.906660878,0.939328169,0.005684102,0.011433421,0.965296692,0.497147956,0.908823529
707,OK,,150.526316,13.0204737,139,123.6,139,54.3668464,0.513445108,1.32159456,0.007940234,0.006431822,0.966247083,1.23452332,0.889208633
708,OK,,150.526316,13.0204737,142,123.6,142,55.5402315,0.204883284,1.89936772,0.011322184,0.002545564,0.962113031,4.44780899,0.870422535
709,OK,,150.526316,13.0204737,145,123.6,145,56.7136167,0.035624288,2.7469273,0.016229609,0.00043779,0.950936799,37.0716523,0.852413793
710,OK,,150.526316,13.0204737,148,123.6,148,57.8870019,0.004378483,3.89078078,0.022760848,5.31E-05,0.932710986,428.770844,0.835135135
711,OK,,150.526316,13.0204737,151,123.6,151,59.0603871,0.001751251,5.06100754,0.029307988,2.09E-05,0.914278266,1399.86234,0.818543046
712,OK,,150.526316,13.0204737,154,123.6,154,60.2337722,0.000913149,6.25112683,0.035832864,1.08E-05,0.896203745,3328.11577,0.802597403
713,OK,,150.526316,13.0204737,157,123.6,157,61.4071574,0.000532379,7.45053465,0.042269616,6.19E-06,0.878661261,6827.67527,0.787261146
714,OK,,150.526316,13.0204737,160,123.6,160,62.5805426,0.000327182,8.66000661,0.048623128,3.75E-06,0.861612996,12956.5087,0.7725
715,OK,,150.526316,13.5095211,121,123.6,121,47.3265353,3.5563979,0.201955409,0.001254261,0.045599436,0.920586764,0.027506062,1.0214876
716,OK,,150.526316,13.5095211,124,123.6,124,48.4999205,3.00671469,0.268408821,0.001658483,0.038438171,0.93247157,0.043146783,0.996774194
717,OK,,150.526316,13.5095211,127,123.6,127,49.6733057,2.46789618,0.356510513,0.002191019,0.031446365,0.943140352,0.069674804,0.973228346
718,OK,,150.526316,13.5095211,130,123.6,130,50.8466908,1.94341673,0.475395158,0.002905073,0.024672126,0.952429315,0.117747182,0.950769231
719,OK,,150.526316,13.5095211,133,123.6,133,52.020076,1.44566433,0.647217268,0.003931168,0.01827382,0.95976781,0.215125687,0.929323308
720,OK,,150.526316,13.5095211,136,123.6,136,53.1934612,0.984791315,0.898564484,0.005422522,0.012384226,0.964594223,0.437857108,0.908823529
721,OK,,150.526316,13.5095211,139,123.6,139,54.3668464,0.577956064,1.25941158,0.007546993,0.007222539,0.966204263,1.0449225,0.889208633
722,OK,,150.526316,13.5095211,142,123.6,142,55.5402315,0.254329879,1.78731282,0.010628277,0.003153124,0.963240292,3.37071355,0.870422535
723,OK,,150.526316,13.5095211,145,123.6,145,56.7136167,0.058520936,2.57046502,0.015153707,0.000718018,0.953644537,21.104914,0.852413793
724,OK,,150.526316,13.5095211,148,123.6,148,57.8870019,0.005118108,3.66203582,0.021380198,6.20E-05,0.936649787,344.952744,0.835135135
725,OK,,150.526316,13.5095211,151,123.6,151,59.0603871,0.001994374,4.89046514,0.028251935,2.38E-05,0.917161743,1186.86901,0.818543046
726,OK,,150.526316,13.5095211,154,123.6,154,60.2337722,0.001053452,6.03574936,0.034527953,1.24E-05,0.899777109,2783.01847,0.802597403
727,OK,,150.526316,13.5095211,157,123.6,157,61.4071574,0.000615545,7.21981341,0.040882998,7.15E-06,0.882417144,5717.61974,0.787261146
728,OK,,150.526316,13.5095211,160,123.6,160,62.5805426,0.000371592,8.44286779,0.047316051,4.26E-06,0.865082036,11112.9593,0.7725
729,OK,,150.526316,13.9985684,121,123.6,121,47.3265353,3.65846151,0.204032282,0.001263253,0.046751084,0.918386297,0.027020835,1.0214876
730,OK,,150.526316,13.9985684,124,123.6,124,48.4999205,3.10223313,0.261271985,0.001609525,0.039532331,0.930649265,0.040714156,0.996774194
731,OK,,150.526316,13.9985684,127,123.6,127,49.6733057,2.5723432,0.344294217,0.002109627,0.032668056,0.941283605,0.064577672,0.973228346
732,OK,,150.526316,13.9985684,130,123.6,130,50.8466908,2.03873078,0.458370951,0.002792889,0.025800867,0.950889592,0.108247869,0.950769231
733,OK,,150.526316,13.9985684,133,123.6,133,52.020076,1.53949716,0.620242706,0.003756616,0.019399995,0.95848257,0.193640055,0.929323308
734,OK,,150.526316,13.9985684,136,123.6,136,53.1934612,1.07138728,0.856834488,0.005156472,0.01343401,0.963750775,0.383837125,0.908823529
735,OK,,150.526316,13.9985684,139,123.6,139,54.3668464,0.65467781,1.19251468,0.007127327,0.008159354,0.966023549,0.873516153,0.889208633
736,OK,,150.526316,13.9985684,142,123.6,142,55.5402315,0.308199502,1.6902714,0.010024662,0.003810912,0.964017599,2.63051551,0.870422535
737,OK,,150.526316,13.9985684,145,123.6,145,56.7136167,0.086201887,2.41904565,0.014228786,0.001055845,0.955826349,13.476204,0.852413793
738,OK,,150.526316,13.9985684,148,123.6,148,57.8870019,0.007424306,3.45418381,0.020121579,8.98E-05,0.940200598,224.09516,0.835135135
739,OK,,150.526316,13.9985684,151,123.6,151,59.0603871,0.002400959,4.63765572,0.026747105,2.86E-05,0.921435383,933.955814,0.818543046
740,OK,,150.526316,13.9985684,154,123.6,154,60.2337722,0.001209564,5.83027337,0.033287795,1.42E-05,0.903185825,2339.32856,0.802597403
741,OK,,150.526316,13.9985684,157,123.6,157,61.4071574,0.000690561,7.0329571,0.039747288,8.01E-06,0.88545883,4960.34062,0.787261146
742,OK,,150.526316,13.9985684,160,123.6,160,62.5805426,0.000422344,8.21700592,0.045967966,4.83E-06,0.868690364,9508.54553,0.7725
743,OK,,150.526316,14.4876158,121,123.6,121,47.3265353,3.76380616,0.199012272,0.001228383,0.047934054,0.916266458,0.025626515,1.0214876
744,OK,,150.526316,14.4876158,124,123.6,124,48.4999205,3.20733153,0.253587005,0.001557447,0.040734095,0.928640738,0.038234492,0.996774194
745,OK,,150.526316,14.4876158,127,123.6,127,49.6733057,2.66517605,0.334488897,0.002043487,0.033741302,0.939612134,0.060563368,0.973228346
746,OK,,150.526316,14.4876158,130,123.6,130,50.8466908,2.13546983,0.442217342,0.002686616,0.026939678,0.949304721,0.099727087,0.950769231
747,OK,,150.526316,14.4876158,133,123.6,133,52.020076,1.62807009,0.597048944,0.003605876,0.020454867,0.957225764,0.176284502,0.929323308
748,OK,,150.526316,14.4876158,136,123.6,136,53.1934612,1.15500761,0.820424416,0.004923746,0.014441081,0.962863255,0.340954125,0.908823529
749,OK,,150.526316,14.4876158,139,123.6,139,54.3668464,0.727422985,1.13659556,0.006775124,0.009042182,0.965714058,0.749279802,0.889208633
750,OK,,150.526316,14.4876158,142,123.6,142,55.5402315,0.368689482,1.5948458,0.00943674,0.004550027,0.964646613,2.07399654,0.870422535
751,OK,,150.526316,14.4876158,145,123.6,145,56.7136167,0.11837506,2.27701788,0.013359697,0.001447127,0.957763354,9.23187577,0.852413793
752,OK,,150.526316,14.4876158,148,123.6,148,57.8870019,0.011594691,3.25014741,0.018894306,0.000140056,0.94365329,134.905565,0.835135135
753,OK,,150.526316,14.4876158,151,123.6,151,59.0603871,0.003273225,4.42435667,0.025466766,3.90E-05,0.925032156,653.01426,0.818543046
754,OK,,150.526316,14.4876158,154,123.6,154,60.2337722,0.001416986,5.61677811,0.032007238,1.67E-05,0.906726826,1922.1637,0.802597403
755,OK,,150.526316,14.4876158,157,123.6,157,61.4071574,0.000788955,6.81706274,0.038455196,9.15E-06,0.888973013,4205.00697,0.787261146
756,OK,,150.526316,14.4876158,160,123.6,160,62.5805426,0.000447939,8.05980229,0.04499854,5.12E-06,0.871201976,8785.88189,0.7725
757,OK,,150.526316,14.9766632,121,123.6,121,47.3265353,3.8646942,0.194648736,0.001197776,0.049056278,0.914226915,0.024416364,1.0214876
758,OK,,150.526316,14.9766632,124,123.6,124,48.4999205,3.30657762,0.245181007,0.00150129,0.041858023,0.926767743,0.035866239,0.996774194
759,OK,,150.526316,14.9766632,127,123.6,127,49.6733057,2.75790245,0.32525439,0.001981205,0.034806534,0.937931314,0.056920494,0.973228346
760,OK,,150.526316,14.9766632,130,123.6,130,50.8466908,2.23136535,0.427308723,0.002588489,0.028061053,0.947711955,0.092244912,0.950769231
761,OK,,150.526316,14.9766632,133,123.6,133,52.020076,1.71485335,0.576076853,0.003469328,0.021481287,0.955960652,0.161504646,0.929323308
762,OK,,150.526316,14.9766632,136,123.6,136,53.1934612,1.24313723,0.785034352,0.004698334,0.015497391,0.961871788,0.303169347,0.908823529
763,OK,,150.526316,14.9766632,139,123.6,139,54.3668464,0.804038853,1.08336285,0.006440643,0.00996768,0.965283958,0.646152717,0.889208633
764,OK,,150.526316,14.9766632,142,123.6,142,55.5402315,0.431800668,1.5185277,0.00896032,0.005315339,0.964884403,1.6857477,0.870422535
765,OK,,150.526316,14.9766632,145,123.6,145,56.7136167,0.159138682,2.14156453,0.012535875,0.001941693,0.959432966,6.45615744,0.852413793
766,OK,,150.526316,14.9766632,148,123.6,148,57.8870019,0.021208408,3.05864034,0.017743967,0.000255843,0.946795504,69.3549014,0.835135135
767,OK,,150.526316,14.9766632,151,123.6,151,59.0603871,0.003914271,4.21339622,0.024202594,4.66E-05,0.928593247,519.634023,0.818543046
768,OK,,150.526316,14.9766632,154,123.6,154,60.2337722,0.001585774,5.44034861,0.030929665,1.86E-05,0.909653104,1662.81052,0.802597403
769,OK,,150.526316,14.9766632,157,123.6,157,61.4071574,0.000908365,6.59225146,0.037118454,1.05E-05,0.892632063,3528.96004,0.787261146
770,OK,,150.526316,14.9766632,160,123.6,160,62.5805426,0.000532981,7.80824771,0.043519063,6.09E-06,0.87522031,7148.23536,0.7725
771,OK,,150.526316,15.4657105,121,123.6,121,47.3265353,3.9680675,0.190380831,0.001167928,0.05020009,0.912132838,0.023265455,1.0214876
772,OK,,150.526316,15.4657105,124,123.6,124,48.4999205,3.40731118,0.238694207,0.001457167,0.042992023,0.924824508,0.033893896,0.996774194
773,OK,,150.526316,15.4657105,127,123.6,127,49.6733057,2.86289964,0.314982186,0.001912921,0.036011633,0.936024354,0.053119543,0.973228346
774,OK,,150.526316,15.4657105,130,123.6,130,50.8466908,2.32888084,0.413070311,0.002494954,0.029194726,0.946074147,0.085459064,0.950769231
775,OK,,150.526316,15.4657105,133,123.6,133,52.020076,1.81638986,0.552474601,0.003317701,0.022680773,0.954462495,0.146278106,0.929323308
776,OK,,150.526316,15.4657105,136,123.6,136,53.1934612,1.33048237,0.752980767,0.004494024,0.016537854,0.960832345,0.271741662,0.908823529
777,OK,,150.526316,15.4657105,139,123.6,139,54.3668464,0.884140213,1.03545638,0.006138028,0.010929111,0.96469178,0.561621892,0.889208633
778,OK,,150.526316,15.4657105,142,123.6,142,55.5402315,0.499008347,1.43899111,0.008469485,0.00612748,0.965106385,1.38221352,0.870422535
779,OK,,150.526316,15.4657105,145,123.6,145,56.7136167,0.199299277,2.0336497,0.01187586,0.002426947,0.960627639,4.8933323,0.852413793
780,OK,,150.526316,15.4657105,148,123.6,148,57.8870019,0.036791027,2.87602562,0.016649303,0.000443183,0.94968099,37.5675593,0.835135135
781,OK,,150.526316,15.4657105,151,123.6,151,59.0603871,0.005014574,4.03149182,0.023105674,5.96E-05,0.93165459,387.851518,0.818543046
782,OK,,150.526316,15.4657105,154,123.6,154,60.2337722,0.001934431,5.19791045,0.02950572,2.27E-05,0.913672269,1300.81248,0.802597403
783,OK,,150.526316,15.4657105,157,123.6,157,61.4071574,0.001034393,6.38771358,0.035898215,1.20E-05,0.895960858,3000.34821,0.787261146
784,OK,,150.526316,15.4657105,160,123.6,160,62.5805426,0.00060384,7.59071854,0.042229677,6.89E-06,0.878695165,6128.76421,0.7725
785,OK,,150.526316,15.9547579,121,123.6,121,47.3265353,4.07390224,0.18618616,0.0011387,0.051365343,0.909985204,0.022168649,1.0214876
786,OK,,150.526316,15.9547579,124,123.6,124,48.4999205,3.50977198,0.232399883,0.001414472,0.044139243,0.922841691,0.032045677,0.996774194
787,OK,,150.526316,15.9547579,127,123.6,127,49.6733057,2.96508348,0.305664276,0.001850828,0.037175443,0.93415482,0.049786319,0.973228346
788,OK,,150.526316,15.9547579,130,123.6,130,50.8466908,2.42571427,0.399851828,0.002408099,0.030313191,0.944429695,0.07944063,0.950769231
789,OK,,150.526316,15.9547579,133,123.6,133,52.020076,1.90770496,0.533296183,0.003193437,0.023749235,0.953075787,0.134464844,0.929323308
790,OK,,150.526316,15.9547579,136,123.6,136,53.1934612,1.42503514,0.722597057,0.004299766,0.017656928,0.959626011,0.243517213,0.908823529
791,OK,,150.526316,15.9547579,139,123.6,139,54.3668464,0.971912797,0.98507212,0.00582354,0.011978524,0.964004075,0.486165053,0.889208633
792,OK,,150.526316,15.9547579,142,123.6,142,55.5402315,0.568065685,1.36707085,0.008025658,0.006958034,0.965157932,1.15343762,0.870422535
793,OK,,150.526316,15.9547579,145,123.6,145,56.7136167,0.254068136,1.90863282,0.011119655,0.003087193,0.961866284,3.60186618,0.852413793
794,OK,,150.526316,15.9547579,148,123.6,148,57.8870019,0.057921884,2.71100362,0.015660047,0.00069665,0.952166714,22.4790869,0.835135135
795,OK,,150.526316,15.9547579,151,123.6,151,59.0603871,0.005507207,3.80096939,0.021748314,6.54E-05,0.935549413,332.582876,0.818543046
796,OK,,150.526316,15.9547579,154,123.6,154,60.2337722,0.002326444,4.98581376,0.028247129,2.72E-05,0.917186986,1036.61798,0.802597403
797,OK,,150.526316,15.9547579,157,123.6,157,61.4071574,0.001114319,6.18351111,0.034682541,1.29E-05,0.899284942,2694.06887,0.787261146
798,OK,,150.526316,15.9547579,160,123.6,160,62.5805426,0.000687442,7.37650406,0.040962769,7.84E-06,0.88211685,5227.30602,0.7725
799,OK,,150.526316,16.4438053,121,123.6,121,47.3265353,4.17340057,0.182585682,0.001113286,0.052448349,0.907958903,0.021226327,1.0214876
800,OK,,150.526316,16.4438053,124,123.6,124,48.4999205,3.6108004,0.226559278,0.00137478,0.045261551,0.920879052,0.030374133,0.996774194
801,OK,,150.526316,16.4438053,127,123.6,127,49.6733057,3.06245849,0.297441491,0.001795719,0.038274343,0.932360049,0.046917048,0.973228346
802,OK,,150.526316,16.4438053,130,123.6,130,50.8466908,2.5234233,0.387315447,0.002325817,0.031434711,0.942754608,0.073988812,0.950769231
803,OK,,150.526316,16.4438053,133,123.6,133,52.020076,1.99973232,0.515248213,0.003076592,0.024819503,0.951653655,0.123958626,0.929323308
804,OK,,150.526316,16.4438053,136,123.6,136,53.1934612,1.50999413,0.696384008,0.004132353,0.018656232,0.958521629,0.221499871,0.908823529
805,OK,,150.526316,16.4438053,139,123.6,139,54.3668464,1.04597691,0.947389195,0.005585922,0.012858404,0.963334895,0.434417973,0.889208633
806,OK,,150.526316,16.4438053,142,123.6,142,55.5402315,0.641300085,1.29916911,0.007607437,0.007834818,0.965061917,0.970978176,0.870422535
807,OK,,150.526316,16.4438053,145,123.6,145,56.7136167,0.30768294,1.81648715,0.010557104,0.003730482,0.962545678,2.82995727,0.852413793
808,OK,,150.526316,16.4438053,148,123.6,148,57.8870019,0.085806248,2.55298158,0.014714918,0.001030307,0.954414847,14.2820782,0.835135135
809,OK,,150.526316,16.4438053,151,123.6,151,59.0603871,0.008143905,3.59099358,0.020506009,9.66E-05,0.939060042,212.306574,0.818543046
810,OK,,150.526316,16.4438053,154,123.6,154,60.2337722,0.002649609,4.77445083,0.026997213,3.10E-05,0.920690665,870.871138,0.802597403
811,OK,,150.526316,16.4438053,157,123.6,157,61.4071574,0.001352306,5.96890116,0.03341435,1.56E-05,0.902775935,2141.22402,0.787261146
812,OK,,150.526316,16.4438053,160,123.6,160,62.5805426,0.000780532,7.16342671,0.039706155,8.89E-06,0.885520212,4467.29432,0.7725
813,OK,,150.526316,16.9328526,121,123.6,121,47.3265353,4.27507544,0.175980614,0.001069755,0.053549541,0.905950097,0.019976927,1.0214876
814,OK,,150.526316,16.9328526,124,123.6,124,48.4999205,3.71199228,0.22100481,0.001337051,0.046378341,0.918907144,0.028829213,0.996774194
815,OK,,150.526316,16.9328526,127,123.6,127,49.6733057,3.16172609,0.289458194,0.001742359,0.039388441,0.930522355,0.044235297,0.973228346
816,OK,,150.526316,16.9328526,130,123.6,130,50.8466908,2.62028739,0.375672128,0.00224935,0.032539034,0.941078574,0.069127743,0.950769231
817,OK,,150.526316,16.9328526,133,123.6,133,52.020076,2.0993636,0.498101536,0.002965138,0.025970931,0.950068025,0.114171421,0.929323308
818,OK,,150.526316,16.9328526,136,123.6,136,53.1934612,1.59986909,0.670402749,0.003967134,0.01970831,0.957320472,0.201292448,0.908823529
819,OK,,150.526316,16.9328526,139,123.6,139,54.3668464,1.1359368,0.904252522,0.005317197,0.013923499,0.96247365,0.381886554,0.889208633
820,OK,,150.526316,16.9328526,142,123.6,142,55.5402315,0.712022012,1.24099452,0.007247997,0.008676724,0.964836003,0.835337903,0.870422535
821,OK,,150.526316,16.9328526,145,123.6,145,56.7136167,0.364042007,1.72429376,0.009996919,0.00440395,0.963177524,2.26998904,0.852413793
822,OK,,150.526316,16.9328526,148,123.6,148,57.8870019,0.118408536,2.41019149,0.013860845,0.001419272,0.956318345,9.76616746,0.835135135
823,OK,,150.526316,16.9328526,151,123.6,151,59.0603871,0.014277537,3.39300632,0.019336186,0.000169121,0.942308474,114.333369,0.818543046
824,OK,,150.526316,16.9328526,154,123.6,154,60.2337722,0.003061044,4.56825788,0.025780831,3.58E-05,0.924107046,720.65752,0.802597403
825,OK,,150.526316,16.9328526,157,123.6,157,61.4071574,0.00154531,5.75778648,0.032174467,1.78E-05,0.906210741,1805.83625,0.787261146
826,OK,,150.526316,16.9328526,160,123.6,160,62.5805426,0.000851212,7.02000642,0.0388128,9.67E-06,0.887810854,4013.30744,0.7725
827,OK,,150.526316,17.4219,121,123.6,121,47.3265353,4.38094461,0.172158518,0.00104334,0.054692699,0.903793863,0.019076412,1.0214876
828,OK,,150.526316,17.4219,124,123.6,124,48.4999205,3.81617569,0.21549401,0.001299805,0.047523447,0.916872653,0.027350811,0.996774194
829,OK,,150.526316,17.4219,127,123.6,127,49.6733057,3.26266455,0.281716453,0.001690762,0.040515677,0.928646162,0.041731052,0.973228346
830,OK,,150.526316,17.4219,130,123.6,130,50.8466908,2.71945707,0.364353672,0.002175259,0.033664214,0.939350807,0.064616373,0.950769231
831,OK,,150.526316,17.4219,133,123.6,133,52.020076,2.19414488,0.481765,0.002859753,0.027060836,0.948560054,0.105678662,0.929323308
832,OK,,150.526316,17.4219,136,123.6,136,53.1934612,1.69328154,0.645159081,0.003807162,0.020796731,0.956038946,0.183065403,0.908823529
833,OK,,150.526316,17.4219,139,123.6,139,54.3668464,1.21909822,0.86832555,0.005092217,0.01490155,0.96160484,0.341723948,0.889208633
834,OK,,150.526316,17.4219,142,123.6,142,55.5402315,0.790251799,1.1823276,0.006887504,0.009604602,0.964483774,0.717104645,0.870422535
835,OK,,150.526316,17.4219,145,123.6,145,56.7136167,0.426458957,1.63501244,0.009456177,0.005147096,0.963651209,1.83718658,0.852413793
836,OK,,150.526316,17.4219,148,123.6,148,57.8870019,0.151783166,2.29527505,0.013169622,0.001816061,0.957726983,7.2517497,0.835135135
837,OK,,150.526316,17.4219,151,123.6,151,59.0603871,0.024066042,3.20212552,0.018211157,0.0002847,0.945374697,63.9660976,0.818543046
838,OK,,150.526316,17.4219,154,123.6,154,60.2337722,0.005021476,4.35121044,0.024508769,5.86E-05,0.927677916,418.09355,0.802597403
839,OK,,150.526316,17.4219,157,123.6,157,61.4071574,0.001777067,5.55476834,0.030976955,2.05E-05,0.909513066,1513.95382,0.787261146
840,OK,,150.526316,17.4219,160,123.6,160,62.5805426,0.00101787,6.72646767,0.037147947,1.16E-05,0.892498766,3211.54895,0.7725
841,OK,,155.789474,8.13,121,123.6,121,47.3265353,2.43505796,0.249762963,0.001605121,0.03241246,0.943270284,0.049521737,1.0214876
842,OK,,155.789474,8.13,124,123.6,124,48.4999205,1.89939469,0.336574511,0.002150861,0.025194452,0.953897467,0.085370428,0.996774194
843,OK,,155.789474,8.13,127,123.6,127,49.6733057,1.38469356,0.477236348,0.00303141,0.018292861,0.962516489,0.165715459,0.973228346
844,OK,,155.789474,8.13,130,123.6,130,50.8466908,0.912770024,0.695124076,0.004386752,0.011997777,0.968377606,0.36563036,0.950769231
845,OK,,155.789474,8.13,133,123.6,133,52.020076,0.496571319,1.03080337,0.006459082,0.006486273,0.970638745,0.995807887,0.929323308
846,OK,,155.789474,8.13,136,123.6,136,53.1934612,0.175477352,1.58708958,0.009865606,0.002273171,0.96686497,4.34001859,0.908823529
847,OK,,155.789474,8.13,139,123.6,139,54.3668464,0.023088024,2.44772011,0.015076457,0.000295629,0.954553036,50.9978881,0.889208633
848,OK,,155.789474,8.13,142,123.6,142,55.5402315,0.004626359,3.59436182,0.021913927,5.84E-05,0.935200339,375.233171,0.870422535
849,OK,,155.789474,8.13,145,123.6,145,56.7136167,0.001690195,4.78278144,0.028855837,2.10E-05,0.915638044,1372.14322,0.852413793
850,OK,,155.789474,8.13,148,123.6,148,57.8870019,0.000920449,5.98031499,0.035700405,1.13E-05,0.896673947,3162.58377,0.835135135
851,OK,,155.789474,8.13,151,123.6,151,59.0603871,0.000528824,7.1750344,0.042377151,6.39E-06,0.878504636,6628.54193,0.818543046
852,OK,,155.789474,8.13,154,123.6,154,60.2337722,0.000320805,8.37602755,0.048939983,3.82E-06,0.860936016,12800.0209,0.802597403
853,OK,,155.789474,8.13,157,123.6,157,61.4071574,0.000202402,9.60723868,0.055523668,2.38E-06,0.843545256,23346.2069,0.787261146
854,OK,,155.789474,8.13,160,123.6,160,62.5805426,0.000131447,10.873202,0.062125591,1.52E-06,0.826250572,40827.5313,0.7725
855,OK,,155.789474,8.61904737,121,123.6,121,47.3265353,2.53713937,0.240680732,0.00154193,0.033655017,0.94130523,0.045815742,1.0214876
856,OK,,155.789474,8.61904737,124,123.6,124,48.4999205,1.99207123,0.323579715,0.002061526,0.026338162,0.952254541,0.07827145,0.996774194
857,OK,,155.789474,8.61904737,127,123.6,127,49.6733057,1.4788299,0.454682921,0.002879543,0.019473383,0.961075415,0.147870694,0.973228346
858,OK,,155.789474,8.61904737,130,123.6,130,50.8466908,0.997486332,0.658796237,0.004145515,0.013071793,0.967425952,0.317134417,0.950769231
859,OK,,155.789474,8.61904737,133,123.6,133,52.020076,0.566422554,0.971225243,0.006069023,0.007378761,0.970441262,0.822498949,0.929323308
860,OK,,155.789474,8.61904737,136,123.6,136,53.1934612,0.22978403,1.46963844,0.009112403,0.002969774,0.968052042,3.06838294,0.908823529
861,OK,,155.789474,8.61904737,139,123.6,139,54.3668464,0.040394784,2.25976477,0.013887043,0.000516379,0.957691871,26.8931059,0.889208633
862,OK,,155.789474,8.61904737,142,123.6,142,55.5402315,0.00569656,3.41923898,0.020800157,7.18E-05,0.938334151,289.615911,0.870422535
863,OK,,155.789474,8.61904737,145,123.6,145,56.7136167,0.002180844,4.59535395,0.02765883,2.71E-05,0.918934198,1021.10706,0.852413793
864,OK,,155.789474,8.61904737,148,123.6,148,57.8870019,0.001087068,5.76136111,0.034324327,1.33E-05,0.900453504,2577.61786,0.835135135
865,OK,,155.789474,8.61904737,151,123.6,151,59.0603871,0.000599254,6.97769423,0.041125152,7.23E-06,0.881844772,5684.29279,0.818543046
866,OK,,155.789474,8.61904737,154,123.6,154,60.2337722,0.00036194,8.17025615,0.04764632,4.31E-06,0.864351546,11057.2473,0.802597403
867,OK,,155.789474,8.61904737,157,123.6,157,61.4071574,0.000229656,9.37627874,0.054092345,2.70E-06,0.847305936,20065.3331,0.787261146
868,OK,,155.789474,8.61904737,160,123.6,160,62.5805426,0.000148762,10.6323314,0.060652345,1.72E-06,0.830099265,35246.0459,0.7725
869,OK,,155.789474,9.10809474,121,123.6,121,47.3265353,2.63413283,0.232729707,0.001486362,0.034824753,0.939423782,0.042681186,1.0214876
870,OK,,155.789474,9.10809474,124,123.6,124,48.4999205,2.09253116,0.310285151,0.001970778,0.027572914,0.950457314,0.071475139,0.996774194
871,OK,,155.789474,9.10809474,127,123.6,127,49.6733057,1.56827803,0.435252543,0.002748286,0.020586296,0.95966585,0.13350076,0.973228346
872,OK,,155.789474,9.10809474,130,123.6,130,50.8466908,1.08363999,0.625481745,0.003924503,0.014157606,0.966386766,0.277201022,0.950769231
873,OK,,155.789474,9.10809474,133,123.6,133,52.020076,0.645422552,0.911652458,0.005681003,0.008383887,0.970067806,0.677609657,0.929323308
874,OK,,155.789474,9.10809474,136,123.6,136,53.1934612,0.281754579,1.37868366,0.008526254,0.00363304,0.968784918,2.34686465,0.908823529
875,OK,,155.789474,9.10809474,139,123.6,139,54.3668464,0.062658044,2.10577364,0.012910828,0.0007997,0.960114816,16.1445813,0.889208633
876,OK,,155.789474,9.10809474,142,123.6,142,55.5402315,0.006967901,3.2011924,0.019432899,8.77E-05,0.942237182,221.479313,0.870422535
877,OK,,155.789474,9.10809474,145,123.6,145,56.7136167,0.004058501,4.36263999,0.026212498,5.04E-05,0.923004408,520.329336,0.852413793
878,OK,,155.789474,9.10809474,148,123.6,148,57.8870019,0.001256057,5.5554136,0.033031166,1.54E-05,0.904008336,2149.16637,0.835135135
879,Errors,,155.789474,9.10809474,151,123.6,151,59.0603871,0.001284382,6.30833918,0.03660718,1.55E-05,0.893166573,2360.21192,0.818543046
880,OK,,155.789474,9.10809474,154,123.6,154,60.2337722,0.000411446,7.95449896,0.046300404,4.89E-06,0.867932721,9462.15734,0.802597403
881,OK,,155.789474,9.10809474,157,123.6,157,61.4071574,0.000254115,9.19374067,0.052932893,2.98E-06,0.850278124,17767.1115,0.787261146
882,OK,,155.789474,9.10809474,160,123.6,160,62.5805426,0.000163088,10.457882,0.059557145,1.89E-06,0.832886634,31585.5275,0.7725
883,OK,,155.789474,9.59714211,121,123.6,121,47.3265353,2.74401429,0.224028881,0.001426314,0.036148248,0.937285856,0.039457361,1.0214876
884,OK,,155.789474,9.59714211,124,123.6,124,48.4999205,2.19140592,0.298198298,0.001888231,0.028779569,0.94866787,0.065610124,0.996774194
885,OK,,155.789474,9.59714211,127,123.6,127,49.6733057,1.66458589,0.415742206,0.002617262,0.021779464,0.958119798,0.120171109,0.973228346
886,OK,,155.789474,9.59714211,130,123.6,130,50.8466908,1.17209532,0.594447445,0.003718988,0.015266271,0.965257468,0.243608171,0.950769231
887,OK,,155.789474,9.59714211,133,123.6,133,52.020076,0.720766648,0.862005309,0.005356701,0.009336517,0.969573825,0.573736545,0.929323308
888,OK,,155.789474,9.59714211,136,123.6,136,53.1934612,0.344343076,1.28594969,0.007932063,0.004429069,0.969351632,1.79090979,0.908823529
889,OK,,155.789474,9.59714211,139,123.6,139,54.3668464,0.092115207,1.96106485,0.011995062,0.001173531,0.962234704,10.2213391,0.889208633
890,OK,,155.789474,9.59714211,142,123.6,142,55.5402315,0.008743662,2.97021682,0.017993603,0.00010997,0.946363917,163.623181,0.870422535
891,OK,,155.789474,9.59714211,145,123.6,145,56.7136167,0.003077992,4.15216164,0.02489642,3.82E-05,0.926732946,652.384656,0.852413793
892,OK,,155.789474,9.59714211,148,123.6,148,57.8870019,0.001461937,5.34602393,0.031722171,1.79E-05,0.907621993,1775.34817,0.835135135
893,OK,,155.789474,9.59714211,151,123.6,151,59.0603871,0.000720393,6.5420169,0.038412209,8.68E-06,0.889219532,4425.20214,0.818543046
894,OK,,155.789474,9.59714211,154,123.6,154,60.2337722,0.000465488,7.74695654,0.045006006,5.53E-06,0.871377439,8138.52808,0.802597403
895,OK,,155.789474,9.59714211,157,123.6,157,61.4071574,0.00073806,8.94863061,0.051434437,8.65E-06,0.854261799,5949.27582,0.787261146
896,OK,,155.789474,9.59714211,160,123.6,160,62.5805426,0.000189979,10.1630623,0.057790022,2.19E-06,0.837597249,26332.9167,0.7725
897,OK,,155.789474,10.0861895,121,123.6,121,47.3265353,2.82988729,0.218099596,0.001384308,0.037163291,0.935596661,0.037249351,1.0214876
898,OK,,155.789474,10.0861895,124,123.6,124,48.4999205,2.28858672,0.287201085,0.001813058,0.029956771,0.946890886,0.060522463,0.996774194
899,OK,,155.789474,10.0861895,127,123.6,127,49.6733057,1.76218433,0.397541047,0.002495204,0.022981037,0.956521408,0.108576647,0.973228346
900,OK,,155.789474,10.0861895,130,123.6,130,50.8466908,1.25709501,0.567536347,0.003540365,0.016324059,0.964115042,0.216880163,0.950769231
901,OK,,155.789474,10.0861895,133,123.6,133,52.020076,0.801313873,0.814528955,0.005047541,0.010350032,0.968938092,0.48768362,0.929323308
902,OK,,155.789474,10.0861895,136,123.6,136,53.1934612,0.409925607,1.2040047,0.007407044,0.005259207,0.969659235,1.40839574,0.908823529
903,OK,,155.789474,10.0861895,139,123.6,139,54.3668464,0.1271528,1.83187994,0.011177754,0.001616783,0.963966408,6.91357637,0.889208633
904,OK,,155.789474,10.0861895,142,123.6,142,55.5402315,0.013914278,2.77259189,0.016760152,0.000174773,0.94982905,95.8967357,0.870422535
905,OK,,155.789474,10.0861895,145,123.6,145,56.7136167,0.003595168,3.93242697,0.023530726,4.45E-05,0.930598287,528.52,0.852413793
906,OK,,155.789474,10.0861895,148,123.6,148,57.8870019,0.001684166,5.15130654,0.030497254,2.06E-05,0.910981904,1484.04181,0.835135135
907,OK,,155.789474,10.0861895,151,123.6,151,59.0603871,0.000910704,6.33306491,0.037112166,1.10E-05,0.892754248,3385.74313,0.818543046
908,OK,,155.789474,10.0861895,154,123.6,154,60.2337722,0.000494975,7.51576227,0.043582199,5.87E-06,0.875215233,7419.2969,0.802597403
909,OK,,155.789474,10.0861895,157,123.6,157,61.4071574,0.000326857,8.73564086,0.050117719,3.82E-06,0.857736979,13103.0119,0.787261146
910,OK,,155.789474,10.0861895,160,123.6,160,62.5805426,0.000213247,9.94365209,0.056441694,2.46E-06,0.841102922,22935.0867,0.7725
911,OK,,155.789474,10.5752368,121,123.6,121,47.3265353,2.93717567,0.210634454,0.001332758,0.038437193,0.933487417,0.034673658,1.0214876
912,OK,,155.789474,10.5752368,124,123.6,124,48.4999205,2.385957,0.276923743,0.001742858,0.031128439,0.945095152,0.055989239,0.996774194
913,OK,,155.789474,10.5752368,127,123.6,127,49.6733057,1.85782223,0.381178323,0.002385364,0.024149987,0.954925477,0.098772881,0.973228346
914,OK,,155.789474,10.5752368,130,123.6,130,50.8466908,1.35304768,0.539343292,0.00335468,0.017513963,0.962782416,0.191543157,0.950769231
915,OK,,155.789474,10.5752368,133,123.6,133,52.020076,0.884064599,0.770957773,0.004764141,0.011385567,0.96818493,0.418436858,0.929323308
916,OK,,155.789474,10.5752368,136,123.6,136,53.1934612,0.480721665,1.12810201,0.00692165,0.006151219,0.969755236,1.12524855,0.908823529
917,OK,,155.789474,10.5752368,139,123.6,139,54.3668464,0.158767554,1.74020343,0.010591674,0.002014914,0.965071158,5.25663728,0.889208633
918,OK,,155.789474,10.5752368,142,123.6,142,55.5402315,0.023729328,2.58535679,0.015594065,0.00029764,0.953023492,52.3923692,0.870422535
919,OK,,155.789474,10.5752368,145,123.6,145,56.7136167,0.004710909,3.73173824,0.022283058,5.83E-05,0.934117248,382.41415,0.852413793
920,OK,,155.789474,10.5752368,148,123.6,148,57.8870019,0.001905479,4.92313458,0.029095223,2.32E-05,0.914919759,1252.15629,0.835135135
921,OK,,155.789474,10.5752368,151,123.6,151,59.0603871,0.00105853,6.10793162,0.035724023,1.27E-05,0.896563662,2807.02352,0.818543046
922,OK,,155.789474,10.5752368,154,123.6,154,60.2337722,0.000625818,7.31384712,0.042329009,7.42E-06,0.878565252,5705.58576,0.802597403
923,OK,,155.789474,10.5752368,157,123.6,157,61.4071574,0.000372231,8.51233341,0.048747656,4.35E-06,0.861372745,11202.8129,0.787261146
924,OK,,155.789474,10.5752368,160,123.6,160,62.5805426,0.000238347,9.7341636,0.05515209,2.75E-06,0.844450023,20071.4633,0.7725
925,OK,,155.789474,11.0642842,121,123.6,121,47.3265353,3.04231169,0.203821777,0.001285642,0.039675437,0.931409865,0.03240397,1.0214876
926,OK,,155.789474,11.0642842,124,123.6,124,48.4999205,2.48302481,0.267362256,0.001677564,0.03228845,0.943290895,0.051955543,0.996774194
927,OK,,155.789474,11.0642842,127,123.6,127,49.6733057,1.95416589,0.365915207,0.002283014,0.025320051,0.953293201,0.090166245,0.973228346
928,OK,,155.789474,11.0642842,130,123.6,130,50.8466908,1.44442751,0.515101602,0.003194575,0.018638538,0.961462013,0.171396208,0.950769231
929,OK,,155.789474,11.0642842,133,123.6,133,52.020076,0.967625759,0.731509406,0.004507649,0.012425178,0.967336934,0.362783459,0.929323308
930,OK,,155.789474,11.0642842,136,123.6,136,53.1934612,0.548316068,1.06570389,0.00652124,0.006997919,0.96965755,0.931882791,0.908823529
931,OK,,155.789474,11.0642842,139,123.6,139,54.3668464,0.224374494,1.58262028,0.009609508,0.002840637,0.966762928,3.38287061,0.889208633
932,OK,,155.789474,11.0642842,142,123.6,142,55.5402315,0.039611939,2.4061435,0.014480849,0.000496105,0.955964256,29.189053,0.870422535
933,Errors,,155.789474,11.0642842,145,123.6,145,56.7136167,0.002905545,5.71013928,0.033702531,3.55E-05,0.899265024,950.392219,0.852413793
934,OK,,155.789474,11.0642842,148,123.6,148,57.8870019,0.002253342,4.72946003,0.027892605,2.74E-05,0.918259485,1016.2903,0.835135135
935,OK,,155.789474,11.0642842,151,123.6,151,59.0603871,0.00110409,5.93597478,0.034640313,1.33E-05,0.899474433,2613.59073,0.818543046
936,OK,,155.789474,11.0642842,154,123.6,154,60.2337722,0.000683005,7.11857264,0.041117896,8.09E-06,0.881806246,5083.90101,0.802597403
937,OK,,155.789474,11.0642842,157,123.6,157,61.4071574,0.000411336,8.33634087,0.047644786,4.80E-06,0.864238103,9920.41693,0.787261146
938,OK,,155.789474,11.0642842,160,123.6,160,62.5805426,0.000253441,9.62251663,0.054399524,2.92E-06,0.846233834,18642.8148,0.7725
939,OK,,155.789474,11.5533316,121,123.6,121,47.3265353,3.13859817,0.198107318,0.001245748,0.040796772,0.929496096,0.030535467,1.0214876
940,OK,,155.789474,11.5533316,124,123.6,124,48.4999205,2.58790881,0.263364902,0.001647416,0.033537352,0.941210755,0.049121833,0.996774194
941,OK,,155.789474,11.5533316,127,123.6,127,49.6733057,2.06447711,0.349323522,0.002172935,0.026656357,0.951406483,0.081516572,0.973228346
942,OK,,155.789474,11.5533316,130,123.6,130,50.8466908,1.53863865,0.492092792,0.003042986,0.019791573,0.960061679,0.153751592,0.950769231
943,OK,,155.789474,11.5533316,133,123.6,133,52.020076,1.05375223,0.694749566,0.004269055,0.013490938,0.966387942,0.316438719,0.929323308
944,OK,,155.789474,11.5533316,136,123.6,136,53.1934612,0.622678799,1.00490845,0.006132642,0.007925462,0.969402494,0.773789875,0.908823529
945,OK,,155.789474,11.5533316,139,123.6,139,54.3668464,0.274310923,1.48968998,0.009022333,0.003465141,0.967553739,2.60374243,0.889208633
946,OK,,155.789474,11.5533316,142,123.6,142,55.5402315,0.062763377,2.23800474,0.01343852,0.000784765,0.958574747,17.1242654,0.870422535
947,OK,,155.789474,11.5533316,145,123.6,145,56.7136167,0.007399929,3.30658293,0.019662759,9.13E-05,0.941566364,215.337856,0.852413793
948,OK,,155.789474,11.5533316,148,123.6,148,57.8870019,0.002491036,4.53315092,0.0266698,3.03E-05,0.921646625,880.778174,0.835135135
949,OK,,155.789474,11.5533316,151,123.6,151,59.0603871,0.001390451,5.70121001,0.033212434,1.67E-05,0.90344458,1991.18285,0.818543046
950,OK,,155.789474,11.5533316,154,123.6,154,60.2337722,0.000773237,6.91843652,0.039876974,9.14E-06,0.885127404,4361.50784,0.802597403
951,OK,,155.789474,11.5533316,157,123.6,157,61.4071574,0.000469629,8.09938881,0.046208049,5.48E-06,0.868095858,8434.61227,0.787261146
952,OK,,155.789474,11.5533316,160,123.6,160,62.5805426,0.000299464,9.30978795,0.052556295,3.45E-06,0.851230318,15254.2418,0.7725
953,OK,,155.789474,12.0423789,121,123.6,121,47.3265353,3.23732034,0.192529631,0.001206941,0.041940078,0.927527972,0.028777737,1.0214876
954,OK,,155.789474,12.0423789,124,123.6,124,48.4999205,2.68632642,0.254845605,0.001589282,0.034698081,0.939357178,0.045803173,0.996774194
955,OK,,155.789474,12.0423789,127,123.6,127,49.6733057,2.15491885,0.337297003,0.002091892,0.027737207,0.949827864,0.075418255,0.973228346
956,OK,,155.789474,12.0423789,130,123.6,130,50.8466908,1.63042158,0.471619671,0.002907888,0.020906864,0.958659232,0.139087725,0.950769231
957,OK,,155.789474,12.0423789,133,123.6,133,52.020076,1.13802925,0.662318954,0.004058272,0.014527044,0.965391281,0.279359773,0.929323308
958,OK,,155.789474,12.0423789,136,123.6,136,53.1934612,0.698291241,0.950394559,0.005784218,0.008863519,0.969005856,0.652587039,0.908823529
959,OK,,155.789474,12.0423789,139,123.6,139,54.3668464,0.33375304,1.39566098,0.008431328,0.004205971,0.968189915,2.0046093,0.889208633
960,OK,,155.789474,12.0423789,142,123.6,142,55.5402315,0.091636591,2.09038645,0.012522974,0.001143753,0.960712749,10.9490226,0.870422535
961,OK,,155.789474,12.0423789,145,123.6,145,56.7136167,0.009207098,3.11315871,0.018473213,0.00011347,0.944945042,162.801939,0.852413793
962,OK,,155.789474,12.0423789,148,123.6,148,57.8870019,0.003195614,4.2840179,0.025165116,3.88E-05,0.925938235,648.017066,0.835135135
963,OK,,155.789474,12.0423789,151,123.6,151,59.0603871,0.001797421,5.47376098,0.031820299,2.15E-05,0.907288816,1478.01882,0.818543046
964,OK,,155.789474,12.0423789,154,123.6,154,60.2337722,0.001061292,6.70614944,0.038576943,1.25E-05,0.888647008,3077.97336,0.802597403
965,OK,,155.789474,12.0423789,157,123.6,157,61.4071574,0.000534449,7.88535899,0.044903227,6.23E-06,0.871580223,7209.92592,0.787261146
966,OK,,155.789474,12.0423789,160,123.6,160,62.5805426,0.000337904,9.08640423,0.051203535,3.88E-06,0.854799243,13184.2892,0.7725
967,OK,,155.789474,12.5314263,121,123.6,121,47.3265353,3.33990361,0.185202204,0.001157428,0.043123201,0.925515236,0.026840034,1.0214876
968,OK,,155.789474,12.5314263,124,123.6,124,48.4999205,2.78853276,0.24645012,0.001532256,0.035897912,0.937422931,0.042683698,0.996774194
969,OK,,155.789474,12.5314263,127,123.6,127,49.6733057,2.24461688,0.326152058,0.002016782,0.028802489,0.94824647,0.070021112,0.973228346
970,OK,,155.789474,12.5314263,130,123.6,130,50.8466908,1.72638711,0.451714169,0.002777037,0.022067297,0.957163362,0.125844018,0.950769231
971,OK,,155.789474,12.5314263,133,123.6,133,52.020076,1.22896159,0.630149348,0.00385022,0.015640122,0.964261664,0.246175839,0.929323308
972,OK,,155.789474,12.5314263,136,123.6,136,53.1934612,0.778052817,0.899066544,0.005456937,0.009848343,0.968471325,0.554096982,0.908823529
973,OK,,155.789474,12.5314263,139,123.6,139,54.3668464,0.397256236,1.31039396,0.007895902,0.004993993,0.968590229,1.58107988,0.889208633
974,OK,,155.789474,12.5314263,142,123.6,142,55.5402315,0.125425215,1.96001006,0.011714135,0.001562571,0.962451808,7.49670518,0.870422535
975,OK,,155.789474,12.5314263,145,123.6,145,56.7136167,0.01451505,2.91058395,0.017234853,0.00017866,0.948423339,96.4674468,0.852413793
976,OK,,155.789474,12.5314263,148,123.6,148,57.8870019,0.004234112,4.07661338,0.023898065,5.14E-05,0.929503216,464.99347,0.835135135
977,OK,,155.789474,12.5314263,151,123.6,151,59.0603871,0.001846099,5.26656189,0.030560431,2.21E-05,0.91079625,1383.03992,0.818543046
978,OK,,155.789474,12.5314263,154,123.6,154,60.2337722,0.000999776,6.46921946,0.037153872,1.18E-05,0.892581537,3148.42141,0.802597403
979,OK,,155.789474,12.5314263,157,123.6,157,61.4071574,0.000608041,7.66837999,0.043586555,7.08E-06,0.875112473,6157.87883,0.787261146
980,OK,,155.789474,12.5314263,160,123.6,160,62.5805426,0.00038141,8.87566916,0.049924689,4.38E-06,0.85816597,11400.2814,0.7725
981,OK,,155.789474,13.0204737,121,123.6,121,47.3265353,3.4410867,0.180077344,0.001121935,0.044280943,0.923485545,0.025336738,1.0214876
982,OK,,155.789474,13.0204737,124,123.6,124,48.4999205,2.88813611,0.238833542,0.0014804,0.037057699,0.935526293,0.039948502,0.996774194
983,OK,,155.789474,13.0204737,127,123.6,127,49.6733057,2.34263571,0.314494389,0.001938903,0.02996291,0.946507887,0.064710111,0.973228346
984,OK,,155.789474,13.0204737,130,123.6,130,50.8466908,1.82115195,0.433635902,0.002658123,0.023205315,0.95565517,0.114548036,0.950769231
985,OK,,155.789474,13.0204737,133,123.6,133,52.020076,1.31771087,0.601699414,0.003665962,0.016719161,0.963102509,0.219267108,0.929323308
986,OK,,155.789474,13.0204737,136,123.6,136,53.1934612,0.862276348,0.85055255,0.005148348,0.010883012,0.96780001,0.473062851,0.908823529
987,OK,,155.789474,13.0204737,139,123.6,139,54.3668464,0.467385907,1.22946532,0.00738886,0.005860011,0.96878886,1.26089527,0.889208633
988,OK,,155.789474,13.0204737,142,123.6,142,55.5402315,0.169008387,1.82760699,0.010896862,0.002101269,0.964051007,5.18584926,0.870422535
989,OK,,155.789474,13.0204737,145,123.6,145,56.7136167,0.024252057,2.72417891,0.01609634,0.000298099,0.951538429,53.9965374,0.852413793
990,OK,,155.789474,13.0204737,148,123.6,148,57.8870019,0.005259631,3.89254339,0.022771036,6.38E-05,0.932665315,357.104331,0.835135135
991,OK,,155.789474,13.0204737,151,123.6,151,59.0603871,0.002626822,5.06275901,0.029317975,3.14E-05,0.914233785,933.59376,0.818543046
992,OK,,155.789474,13.0204737,154,123.6,154,60.2337722,0.001150577,6.25160178,0.035835536,1.36E-05,0.896191918,2641.54886,0.802597403
993,OK,,155.789474,13.0204737,157,123.6,157,61.4071574,0.000889823,7.45124969,0.042273584,1.03E-05,0.878643796,4085.38642,0.787261146
994,OK,,155.789474,13.0204737,160,123.6,160,62.5805426,0.000510832,8.66037398,0.048625139,5.86E-06,0.861604191,8298.86919,0.7725
995,OK,,155.789474,13.5095211,121,123.6,121,47.3265353,3.54300827,0.175181713,0.001088075,0.04543965,0.921435407,0.023945492,1.0214876
996,OK,,155.789474,13.5095211,124,123.6,124,48.4999205,2.98831473,0.231614448,0.001431303,0.038216654,0.933609599,0.037452327,0.996774194
997,OK,,155.789474,13.5095211,127,123.6,127,49.6733057,2.44139116,0.303505428,0.001865581,0.03112467,0.944741012,0.059938991,0.973228346
998,OK,,155.789474,13.5095211,130,123.6,130,50.8466908,1.91433553,0.417234944,0.002550138,0.024316633,0.954145089,0.104872173,0.950769231
999,OK,,155.789474,13.5095211,133,123.6,133,52.020076,1.40939915,0.574685743,0.00349142,0.017827887,0.961859247,0.195840368,0.929323308
1000,OK,,155.789474,13.5095211,136,123.6,136,53.1934612,0.940727656,0.810431314,0.004892032,0.011840122,0.967079432,0.413174141,0.908823529
1001,OK,,155.789474,13.5095211,139,123.6,139,54.3668464,0.531253668,1.16599638,0.006989257,0.006644836,0.968781525,1.05183294,0.889208633
1002,OK,,155.789474,13.5095211,142,123.6,142,55.5402315,0.21666649,1.71197492,0.010182673,0.002688099,0.965274876,3.78805764,0.870422535
1003,OK,,155.789474,13.5095211,145,123.6,145,56.7136167,0.040703009,2.53482307,0.014945234,0.000499569,0.954587166,29.916249,0.852413793
1004,OK,,155.789474,13.5095211,148,123.6,148,57.8870019,0.005795386,3.66339062,0.021388019,7.02E-05,0.936614682,304.755088,0.835135135
1005,OK,,155.789474,13.5095211,151,123.6,151,59.0603871,0.002520619,4.89151783,0.028257927,3.01E-05,0.917135009,939.287601,0.818543046
1006,OK,,155.789474,13.5095211,154,123.6,154,60.2337722,0.00245391,6.03855081,0.03454369,2.89E-05,0.899707349,1195.31099,0.802597403
1007,OK,,155.789474,13.5095211,157,123.6,157,61.4071574,0.000730167,7.2200427,0.040884268,8.48E-06,0.882411543,4820.22503,0.787261146
1008,OK,,155.789474,13.5095211,160,123.6,160,62.5805426,0.000483617,8.44309188,0.047317276,5.54E-06,0.865076665,8538.99166,0.7725
1009,OK,,155.789474,13.9985684,121,123.6,121,47.3265353,3.64307168,0.173259288,0.001072831,0.046568381,0.919361708,0.023037747,1.0214876
1010,OK,,155.789474,13.9985684,124,123.6,124,48.4999205,3.08418933,0.225190118,0.001387409,0.039316182,0.93176526,0.03528851,0.996774194
1011,OK,,155.789474,13.9985684,127,123.6,127,49.6733057,2.54640057,0.292414279,0.001792035,0.032354853,0.942850293,0.055386912,0.973228346
1012,OK,,155.789474,13.9985684,130,123.6,130,50.8466908,2.01026979,0.401451612,0.002446518,0.025454674,0.952568764,0.096112743,0.950769231
1013,OK,,155.789474,13.9985684,133,123.6,133,52.020076,1.5039086,0.549065068,0.003326266,0.018964507,0.960534974,0.175394267,0.929323308
1014,OK,,155.789474,13.9985684,136,123.6,136,53.1934612,1.02778795,0.769630752,0.004632949,0.012898088,0.966209781,0.359196591,0.908823529
1015,OK,,155.789474,13.9985684,139,123.6,139,54.3668464,0.607564882,1.09827902,0.006566047,0.007578974,0.968623453,0.866350355,0.889208633
1016,OK,,155.789474,13.9985684,142,123.6,142,55.5402315,0.268044142,1.60994923,0.009550675,0.003316903,0.966186793,2.87939551,0.870422535
1017,OK,,155.789474,13.9985684,145,123.6,145,56.7136167,0.062578041,2.37179,0.013952864,0.000766827,0.957076128,18.1955806,0.852413793
1018,OK,,155.789474,13.9985684,148,123.6,148,57.8870019,0.007741826,3.45481896,0.02012524,9.36E-05,0.94018414,214.944573,0.835135135
1019,OK,,155.789474,13.9985684,151,123.6,151,59.0603871,0.003078928,4.63901191,0.026754817,3.67E-05,0.921400941,728.521089,0.818543046
1020,OK,,155.789474,13.9985684,154,123.6,154,60.2337722,0.001345394,5.83054509,0.03328932,1.58E-05,0.903179059,2103.25181,0.802597403
1021,OK,,155.789474,13.9985684,157,123.6,157,61.4071574,0.00089547,7.033367,0.039749557,1.04E-05,0.885448818,3825.50283,0.787261146
1022,OK,,155.789474,13.9985684,160,123.6,160,62.5805426,0.000548715,8.21725872,0.045969347,6.28E-06,0.868684305,7318.92471,0.7725
1023,OK,,155.789474,14.4876158,121,123.6,121,47.3265353,3.74859137,0.168589546,0.001040703,0.047754392,0.917230769,0.021792829,1.0214876
1024,OK,,155.789474,14.4876158,124,123.6,124,48.4999205,3.1896896,0.218309067,0.001340933,0.040523883,0.929731871,0.033089953,0.996774194
1025,OK,,155.789474,14.4876158,127,123.6,127,49.6733057,2.63967567,0.283493792,0.001732225,0.033434931,0.941152105,0.051808842,0.973228346
1026,OK,,155.789474,14.4876158,130,123.6,130,50.8466908,2.10762082,0.386522404,0.002348666,0.026602615,0.950947777,0.088287031,0.950769231
1027,OK,,155.789474,14.4876158,133,123.6,133,52.020076,1.59308906,0.527086951,0.003184045,0.020028805,0.95924312,0.158973269,0.929323308
1028,OK,,155.789474,14.4876158,136,123.6,136,53.1934612,1.11188894,0.734182735,0.004407365,0.01391342,0.965295139,0.316770803,0.908823529
1029,OK,,155.789474,14.4876158,139,123.6,139,54.3668464,0.680114774,1.04196996,0.006212909,0.008461719,0.968324726,0.734237199,0.889208633
1030,OK,,155.789474,14.4876158,142,123.6,142,55.5402315,0.326572563,1.51060044,0.008940597,0.004033461,0.966921762,2.21660704,0.870422535
1031,OK,,155.789474,14.4876158,145,123.6,145,56.7136167,0.09145811,2.22317503,0.013045954,0.001118631,0.959187347,11.6624243,0.852413793
1032,OK,,155.789474,14.4876158,148,123.6,148,57.8870019,0.01046746,3.24789254,0.018881327,0.000126442,0.943711716,149.327663,0.835135135
1033,OK,,155.789474,14.4876158,151,123.6,151,59.0603871,0.003657238,4.42512484,0.025471129,4.36E-05,0.925012647,584.551477,0.818543046
1034,OK,,155.789474,14.4876158,154,123.6,154,60.2337722,0.001828246,5.61760079,0.032011848,2.15E-05,0.906706341,1490.00306,0.802597403
1035,OK,,155.789474,14.4876158,157,123.6,157,61.4071574,0.001028367,6.81754166,0.038457843,1.19E-05,0.888961315,3226.28293,0.787261146
1036,OK,,155.789474,14.4876158,160,123.6,160,62.5805426,0.000593076,8.06009263,0.045000123,6.78E-06,0.871195017,6636.05095,0.7725
1037,OK,,155.789474,14.9766632,121,123.6,121,47.3265353,3.84957499,0.164417372,0.001011844,0.048878663,0.915185163,0.020701147,1.0214876
1038,OK,,155.789474,14.9766632,124,123.6,124,48.4999205,3.29010015,0.21223188,0.001299673,0.041662686,0.92778685,0.031195125,0.996774194
1039,OK,,155.789474,14.9766632,127,123.6,127,49.6733057,2.73282503,0.275105514,0.001676003,0.0345067,0.939445735,0.048570365,0.973228346
1040,OK,,155.789474,14.9766632,130,123.6,130,50.8466908,2.20409764,0.372776774,0.002258543,0.027732652,0.949320706,0.081439863,0.950769231
1041,OK,,155.789474,14.9766632,133,123.6,133,52.020076,1.68044768,0.507266116,0.003055589,0.021064157,0.957944817,0.145061056,0.929323308
1042,OK,,155.789474,14.9766632,136,123.6,136,53.1934612,1.20058259,0.69992151,0.004190062,0.014979021,0.964271847,0.279728692,0.908823529
1043,OK,,155.789474,14.9766632,139,123.6,139,54.3668464,0.756714699,0.988706047,0.005879639,0.009389414,0.967895494,0.626198775,0.889208633
1044,OK,,155.789474,14.9766632,142,123.6,142,55.5402315,0.386669686,1.42825386,0.008430001,0.004763832,0.967322363,1.76958413,0.870422535
1045,OK,,155.789474,14.9766632,145,123.6,145,56.7136167,0.127546602,2.07837011,0.012168323,0.001557146,0.961104284,7.81450118,0.852413793
1046,OK,,155.789474,14.9766632,148,123.6,148,57.8870019,0.01574242,3.04770641,0.017681124,0.000189924,0.947078813,93.0955988,0.835135135
1047,OK,,155.789474,14.9766632,151,123.6,151,59.0603871,0.004368254,4.21430435,0.024207745,5.20E-05,0.928570184,465.732468,0.818543046
1048,OK,,155.789474,14.9766632,154,123.6,154,60.2337722,0.00203721,5.44125165,0.030934716,2.39E-05,0.909630616,1294.56125,0.802597403
1049,OK,,155.789474,14.9766632,157,123.6,157,61.4071574,0.0011729,6.59278064,0.037121376,1.36E-05,0.892619137,2733.26801,0.787261146
1050,OK,,155.789474,14.9766632,160,123.6,160,62.5805426,0.00065913,7.80850006,0.043520438,7.53E-06,0.875214262,5780.34744,0.7725
1051,OK,,155.789474,15.4657105,121,123.6,121,47.3265353,3.95303096,0.160315022,0.000983578,0.050024368,0.913085842,0.019661974,1.0214876
1052,OK,,155.789474,15.4657105,124,123.6,124,48.4999205,3.39117847,0.206434733,0.001260361,0.042801752,0.925822287,0.029446472,0.996774194
1053,OK,,155.789474,15.4657105,127,123.6,127,49.6733057,2.83832126,0.265831739,0.001614677,0.035719312,0.937508628,0.045204589,0.973228346
1054,OK,,155.789474,15.4657105,130,123.6,130,50.8466908,2.30218733,0.359687146,0.002172884,0.02887484,0.947649013,0.075251826,0.950769231
1055,OK,,155.789474,15.4657105,133,123.6,133,52.020076,1.78271437,0.485124825,0.002913871,0.022274572,0.956404539,0.13081601,0.929323308
1056,OK,,155.789474,15.4657105,136,123.6,136,53.1934612,1.28850407,0.669021332,0.003993976,0.016028834,0.963199887,0.249174471,0.908823529
1057,OK,,155.789474,15.4657105,139,123.6,139,54.3668464,0.837011689,0.941191513,0.005580876,0.010355755,0.967292508,0.538915404,0.889208633
1058,OK,,155.789474,15.4657105,142,123.6,142,55.5402315,0.452678402,1.34631962,0.007926317,0.005563414,0.967609101,1.42472175,0.870422535
1059,OK,,155.789474,15.4657105,145,123.6,145,56.7136167,0.164154718,1.96334943,0.011467801,0.002000286,0.96248689,5.73308168,0.852413793
1060,OK,,155.789474,15.4657105,148,123.6,148,57.8870019,0.025583725,2.85360703,0.016520647,0.000308244,0.950261878,53.5960193,0.835135135
1061,OK,,155.789474,15.4657105,151,123.6,151,59.0603871,0.005532537,4.03252794,0.02311154,6.57E-05,0.931628276,351.632892,0.818543046
1062,OK,,155.789474,15.4657105,154,123.6,154,60.2337722,0.002592949,5.19922774,0.029513082,3.04E-05,0.913639467,970.705334,0.802597403
1063,OK,,155.789474,15.4657105,157,123.6,157,61.4071574,0.001336082,6.38831708,0.035901543,1.55E-05,0.895946117,2323.0938,0.787261146
1064,OK,,155.789474,15.4657105,160,123.6,160,62.5805426,0.001322355,7.59215586,0.042237497,1.51E-05,0.878660716,2799.19272,0.7725
1065,OK,,155.789474,15.9547579,121,123.6,121,47.3265353,4.05894612,0.156281421,0.000955896,0.051191485,0.910933105,0.018672951,1.0214876
1066,OK,,155.789474,15.9547579,124,123.6,124,48.4999205,3.49412005,0.201102078,0.001224103,0.043955596,0.923809728,0.027848634,0.996774194
1067,OK,,155.789474,15.9547579,127,123.6,127,49.6733057,2.94095667,0.257417269,0.001558925,0.036889967,0.935611816,0.042258791,0.973228346
1068,OK,,155.789474,15.9547579,130,123.6,130,50.8466908,2.39956689,0.347561289,0.002093525,0.030001394,0.945972331,0.069780914,0.950769231
1069,OK,,155.789474,15.9547579,133,123.6,133,52.020076,1.87462761,0.467143234,0.002797886,0.023352127,0.954983325,0.119812881,0.929323308
1070,OK,,155.789474,15.9547579,136,123.6,136,53.1934612,1.38375409,0.640032818,0.003809453,0.017158834,0.961954216,0.222011199,0.908823529
1071,OK,,155.789474,15.9547579,139,123.6,139,54.3668464,0.925080558,0.891400648,0.005271304,0.011411389,0.966588439,0.461933625,0.889208633
1072,OK,,155.789474,15.9547579,142,123.6,142,55.5402315,0.520889185,1.27270666,0.007473848,0.006385822,0.967706367,1.17038148,0.870422535
1073,OK,,155.789474,15.9547579,145,123.6,145,56.7136167,0.215313264,1.83111119,0.010670546,0.002618164,0.963916524,4.07558358,0.852413793
1074,OK,,155.789474,15.9547579,148,123.6,148,57.8870019,0.040727343,2.67660847,0.015462976,0.000489999,0.953057928,31.5571738,0.835135135
1075,OK,,155.789474,15.9547579,151,123.6,151,59.0603871,0.007331924,3.8046195,0.021768961,8.71E-05,0.935456714,250.057451,0.818543046
1076,OK,,155.789474,15.9547579,154,123.6,154,60.2337722,0.002831434,4.98682394,0.028252768,3.32E-05,0.917161832,851.913736,0.802597403
1077,OK,,155.789474,15.9547579,157,123.6,157,61.4071574,0.001521375,6.18432538,0.034687025,1.76E-05,0.899265053,1973.51904,0.787261146
1078,OK,,155.789474,15.9547579,160,123.6,160,62.5805426,0.00088288,7.37689502,0.040964894,1.01E-05,0.88210748,4070.39027,0.7725
1079,OK,,155.789474,16.4438053,121,123.6,121,47.3265353,4.15848702,0.152766302,0.000931555,0.05227586,0.9089041,0.017819988,1.0214876
1080,OK,,155.789474,16.4438053,124,123.6,124,48.4999205,3.59666655,0.198297285,0.001203392,0.045096565,0.921753195,0.026684776,0.996774194
1081,OK,,155.789474,16.4438053,127,123.6,127,49.6733057,3.03869892,0.249929261,0.001509103,0.037994605,0.933794859,0.039718881,0.973228346
1082,OK,,155.789474,16.4438053,130,123.6,130,50.8466908,2.49780766,0.336088753,0.002018527,0.031130769,0.944265863,0.064840241,0.950769231
1083,OK,,155.789474,16.4438053,133,123.6,133,52.020076,1.96724344,0.450272704,0.002689163,0.024431305,0.953527247,0.110070369,0.929323308
1084,OK,,155.789474,16.4438053,136,123.6,136,53.1934612,1.46927632,0.614946905,0.003650028,0.018167109,0.960818056,0.200914068,0.908823529
1085,OK,,155.789474,16.4438053,139,123.6,139,54.3668464,0.999415165,0.854259393,0.005038268,0.01229676,0.965904321,0.409723222,0.889208633
1086,OK,,155.789474,16.4438053,142,123.6,142,55.5402315,0.593556932,1.20367214,0.007050312,0.007258001,0.967640951,0.971384815,0.870422535
1087,OK,,155.789474,16.4438053,145,123.6,145,56.7136167,0.263967357,1.729043,0.010051576,0.003203048,0.964858345,3.13812821,0.852413793
1088,OK,,155.789474,16.4438053,148,123.6,148,57.8870019,0.062606498,2.50657402,0.014449462,0.000752059,0.955617316,19.2132092,0.835135135
1089,OK,,155.789474,16.4438053,151,123.6,151,59.0603871,0.008464002,3.59163389,0.020509626,0.000100383,0.939043781,204.314658,0.818543046
1090,OK,,155.789474,16.4438053,154,123.6,154,60.2337722,0.003343135,4.77583814,0.027004946,3.91E-05,0.920656119,690.417205,0.802597403
1091,OK,,155.789474,16.4438053,157,123.6,157,61.4071574,0.001898729,5.96999423,0.033420362,2.19E-05,0.902749236,1525.3038,0.787261146
1092,OK,,155.789474,16.4438053,160,123.6,160,62.5805426,0.001085529,7.16403683,0.039709466,1.24E-05,0.885505589,3212.41779,0.7725
1093,OK,,155.789474,16.9328526,121,123.6,121,47.3265353,4.26170496,0.149246783,0.000907322,0.053395693,0.906797493,0.016992413,1.0214876
1094,OK,,155.789474,16.9328526,124,123.6,124,48.4999205,3.69811661,0.193259312,0.001169297,0.046217192,0.919765313,0.025300034,0.996774194
1095,OK,,155.789474,16.9328526,127,123.6,127,49.6733057,3.1387244,0.243461878,0.001465702,0.039118985,0.931911391,0.037467782,0.973228346
1096,OK,,155.789474,16.9328526,130,123.6,130,50.8466908,2.59517499,0.325452254,0.001948963,0.032242525,0.942560131,0.060446963,0.950769231
1097,OK,,155.789474,16.9328526,133,123.6,133,52.020076,2.06752595,0.434428979,0.002586616,0.025592455,0.951904051,0.101069466,0.929323308
1098,OK,,155.789474,16.9328526,136,123.6,136,53.1934612,1.55976877,0.590201329,0.003493407,0.019228827,0.95958206,0.181675524,0.908823529
1099,OK,,155.789474,16.9328526,139,123.6,139,54.3668464,1.08985059,0.812074625,0.004776529,0.01337014,0.965016819,0.35725346,0.889208633
1100,OK,,155.789474,16.9328526,142,123.6,142,55.5402315,0.663943011,1.14482642,0.006688301,0.008098078,0.967433167,0.825912077,0.870422535
1101,OK,,155.789474,16.9328526,145,123.6,145,56.7136167,0.318131435,1.63245947,0.009467139,0.003851821,0.965606304,2.45783462,0.852413793
1102,OK,,155.789474,16.9328526,148,123.6,148,57.8870019,0.09099505,2.35535516,0.013547728,0.001091235,0.957739214,12.4150407,0.835135135
1103,OK,,155.789474,16.9328526,151,123.6,151,59.0603871,0.010896031,3.38624206,0.019298027,0.000129074,0.94248026,149.511119,0.818543046
1104,OK,,155.789474,16.9328526,154,123.6,154,60.2337722,0.003472847,4.56908165,0.025785417,4.06E-05,0.924086533,635.321099,0.802597403
1105,OK,,155.789474,16.9328526,157,123.6,157,61.4071574,0.001990111,5.75867626,0.032179355,2.29E-05,0.906189008,1402.44611,0.787261146
1106,OK,,155.789474,16.9328526,160,123.6,160,62.5805426,0.001100039,7.02050417,0.038815496,1.25E-05,0.887798924,3105.73342,0.7725
1107,OK,,155.789474,17.4219,121,123.6,121,47.3265353,4.36774336,0.145763291,0.00088345,0.054541592,0.904630529,0.016197725,1.0214876
1108,OK,,155.789474,17.4219,124,123.6,124,48.4999205,3.80255855,0.188265686,0.001135668,0.047366116,0.917714829,0.023976372,0.996774194
1109,OK,,155.789474,17.4219,127,123.6,127,49.6733057,3.24004545,0.2364856,0.001419503,0.040252036,0.930012086,0.035265377,0.973228346
1110,OK,,155.789474,17.4219,130,123.6,130,50.8466908,2.69373944,0.312923891,0.001868514,0.033362058,0.940868063,0.056007142,0.950769231
1111,OK,,155.789474,17.4219,133,123.6,133,52.020076,2.16288909,0.419256628,0.002489187,0.026691054,0.950362515,0.093259215,0.929323308
1112,OK,,155.789474,17.4219,136,123.6,136,53.1934612,1.65383576,0.566267407,0.003342427,0.020327294,0.958263608,0.164430505,0.908823529
1113,OK,,155.789474,17.4219,139,123.6,139,54.3668464,1.17346643,0.777057237,0.004558261,0.014356,0.964122921,0.317516066,0.889208633
1114,OK,,155.789474,17.4219,142,123.6,142,55.5402315,0.74204151,1.0858976,0.006327628,0.009026739,0.967088018,0.700987205,0.870422535
1115,OK,,155.789474,17.4219,145,123.6,145,56.7136167,0.378751878,1.53958519,0.008906849,0.004575326,0.966175018,1.94671379,0.852413793
1116,OK,,155.789474,17.4219,148,123.6,148,57.8870019,0.120219938,2.23213802,0.012809797,0.001439243,0.959362933,8.90037357,0.835135135
1117,OK,,155.789474,17.4219,151,123.6,151,59.0603871,0.016226794,3.18644415,0.018122821,0.000191989,0.945772944,94.3949089,0.818543046
1118,OK,,155.789474,17.4219,154,123.6,154,60.2337722,0.004561898,4.35029111,0.024503657,5.33E-05,0.927700809,460.11367,0.802597403
1119,OK,,155.789474,17.4219,157,123.6,157,61.4071574,0.002242572,5.55569953,0.030982064,2.58E-05,0.909490321,1199.90074,0.787261146
1120,OK,,155.789474,17.4219,160,123.6,160,62.5805426,0.001216556,6.72686512,0.037150099,1.38E-05,0.89248924,2687.20944,0.7725
1121,OK,,161.052632,8.13,121,123.6,121,47.3265353,2.42076197,0.221174087,0.001421529,0.032231524,0.944176432,0.044103681,1.0214876
1122,OK,,161.052632,8.13,124,123.6,124,48.4999205,1.88507362,0.307933794,0.001968022,0.02501174,0.954783278,0.078683944,0.996774194
1123,OK,,161.052632,8.13,127,123.6,127,49.6733057,1.36562882,0.439106593,0.002789563,0.018047938,0.963667902,0.154564058,0.973228346
1124,OK,,161.052632,8.13,130,123.6,130,50.8466908,0.883323792,0.636228043,0.004015855,0.01161759,0.97011503,0.345670255,0.950769231
1125,OK,,161.052632,8.13,133,123.6,133,52.020076,0.46661766,0.97088959,0.006084855,0.006098658,0.972366299,0.997736737,0.929323308
1126,OK,,161.052632,8.13,136,123.6,136,53.1934612,0.152485971,1.54110014,0.009581164,0.001976235,0.968161761,4.84819101,0.908823529
1127,OK,,161.052632,8.13,139,123.6,139,54.3668464,0.02013276,2.44180861,0.015040333,0.000257803,0.954716127,58.3403071,0.889208633
1128,OK,,161.052632,8.13,142,123.6,142,55.5402315,0.005402029,3.59591343,0.021923279,6.82E-05,0.935158436,321.495874,0.870422535
1129,OK,,161.052632,8.13,145,123.6,145,56.7136167,0.002423281,4.78424787,0.028864551,3.02E-05,0.915599261,957.347373,0.852413793
1130,OK,,161.052632,8.13,148,123.6,148,57.8870019,0.001200677,5.98087555,0.035703689,1.47E-05,0.896659422,2424.69953,0.835135135
1131,OK,,161.052632,8.13,151,123.6,151,59.0603871,0.000681325,7.17533946,0.042378913,8.24E-06,0.878496889,5145.09818,0.818543046
1132,OK,,161.052632,8.13,154,123.6,154,60.2337722,0.000417005,8.37621998,0.048941079,4.97E-06,0.860931224,9847.3864,0.802597403
1133,OK,,161.052632,8.13,157,123.6,157,61.4071574,0.000264002,9.6073619,0.05552436,3.10E-06,0.843542246,17899.0391,0.787261146
1134,OK,,161.052632,8.13,160,123.6,160,62.5805426,0.000172041,10.8732832,0.06212604,1.99E-06,0.826248626,31194.2332,0.7725
1135,OK,,161.052632,8.61904737,121,123.6,121,47.3265353,2.52326995,0.212945158,0.001364367,0.033480434,0.942184335,0.040751175,1.0214876
1136,OK,,161.052632,8.61904737,124,123.6,124,48.4999205,1.97819731,0.295833511,0.001884929,0.02616205,0.95311269,0.072048218,0.996774194
1137,OK,,161.052632,8.61904737,127,123.6,127,49.6733057,1.4603371,0.417697399,0.002645634,0.019237017,0.962192279,0.137528311,0.973228346
1138,OK,,161.052632,8.61904737,130,123.6,130,50.8466908,0.968555565,0.600931682,0.00378212,0.012700013,0.969132952,0.297804431,0.950769231
1139,OK,,161.052632,8.61904737,133,123.6,133,52.020076,0.536212412,0.910798862,0.005692556,0.006989415,0.972183599,0.814453791,0.929323308
1140,OK,,161.052632,8.61904737,136,123.6,136,53.1934612,0.20400364,1.41807045,0.008794134,0.002637925,0.969506138,3.33373118,0.908823529
1141,OK,,161.052632,8.61904737,139,123.6,139,54.3668464,0.032895815,2.24476438,0.013795527,0.000420579,0.958105714,32.8012608,0.889208633
1142,OK,,161.052632,8.61904737,142,123.6,142,55.5402315,0.006120269,3.42008655,0.020805257,7.72E-05,0.938311262,269.633937,0.870422535
1143,OK,,161.052632,8.61904737,145,123.6,145,56.7136167,0.002676129,4.5963447,0.027664707,3.32E-05,0.918907996,832.309962,0.852413793
1144,OK,,161.052632,8.61904737,148,123.6,148,57.8870019,0.001497088,5.7621813,0.034329126,1.83E-05,0.900432253,1871.94032,0.835135135
1145,OK,,161.052632,8.61904737,151,123.6,151,59.0603871,0.000394166,6.97728397,0.041122786,4.76E-06,0.881855191,8641.3496,0.818543046
1146,OK,,161.052632,8.61904737,154,123.6,154,60.2337722,0.000469964,8.17047224,0.047647549,5.60E-06,0.864346165,8515.91359,0.802597403
1147,OK,,161.052632,8.61904737,157,123.6,157,61.4071574,0.000306672,9.3764328,0.054093209,3.60E-06,0.847302173,15026.5289,0.787261146
1148,OK,,161.052632,8.61904737,160,123.6,160,62.5805426,0.000194479,10.6324229,0.060652851,2.25E-06,0.830097073,26960.8052,0.7725
1149,OK,,161.052632,9.10809474,121,123.6,121,47.3265353,2.62063924,0.205745947,0.001314144,0.034655789,0.94027906,0.037919903,1.0214876
1150,OK,,161.052632,9.10809474,124,123.6,124,48.4999205,2.07914325,0.28351115,0.001800883,0.027403879,0.951285397,0.065716336,0.996774194
1151,OK,,161.052632,9.10809474,127,123.6,127,49.6733057,1.55029742,0.399291707,0.00252152,0.020357603,0.960751774,0.123861361,0.973228346
1152,OK,,161.052632,9.10809474,130,123.6,130,50.8466908,1.05526583,0.568730933,0.003569093,0.013794708,0.968060915,0.258729125,0.950769231
1153,OK,,161.052632,9.10809474,133,123.6,133,52.020076,0.61519092,0.851183568,0.005305236,0.00799598,0.971811374,0.663487914,0.929323308
1154,OK,,161.052632,9.10809474,136,123.6,136,53.1934612,0.254065602,1.32329825,0.008185202,0.003277796,0.970346659,2.49716607,0.908823529
1155,OK,,161.052632,9.10809474,139,123.6,139,54.3668464,0.050759253,2.08197223,0.012765874,0.000647987,0.96077147,19.7008129,0.889208633
1156,OK,,161.052632,9.10809474,142,123.6,142,55.5402315,0.008078254,3.20341349,0.019446245,0.000101721,0.942177199,191.172321,0.870422535
1157,OK,,161.052632,9.10809474,145,123.6,145,56.7136167,0.003807604,4.36213811,0.026209524,4.73E-05,0.923017681,554.55015,0.852413793
1158,OK,,161.052632,9.10809474,148,123.6,148,57.8870019,0.001777997,5.55645767,0.033037267,2.18E-05,0.903981283,1518.56361,0.835135135
1159,Errors,,161.052632,9.10809474,151,123.6,151,59.0603871,0.001867015,6.30950469,0.036613814,2.25E-05,0.893136974,1623.98069,0.818543046
1160,OK,,161.052632,9.10809474,154,123.6,154,60.2337722,0.000533265,7.95474264,0.046301788,6.34E-06,0.867926653,7300.8548,0.802597403
1161,OK,,161.052632,9.10809474,157,123.6,157,61.4071574,0.000330783,9.19389404,0.052933752,3.88E-06,0.850274378,13649.3322,0.787261146
1162,OK,,161.052632,9.10809474,160,123.6,160,62.5805426,0.000213029,10.4579819,0.059557696,2.46E-06,0.832884239,24181.152,0.7725
1163,OK,,161.052632,9.59714211,121,123.6,121,47.3265353,2.73094858,0.19790102,0.001260077,0.035985573,0.938114008,0.035016162,1.0214876
1164,OK,,161.052632,9.59714211,124,123.6,124,48.4999205,2.17846942,0.272327288,0.00172456,0.028617092,0.949468026,0.060263283,0.996774194
1165,OK,,161.052632,9.59714211,127,123.6,127,49.6733057,1.64716659,0.3809043,0.002398219,0.021559048,0.959171815,0.111239552,0.973228346
1166,OK,,161.052632,9.59714211,130,123.6,130,50.8466908,1.14431618,0.538887229,0.003372005,0.01491269,0.9668965,0.226116506,0.950769231
1167,OK,,161.052632,9.59714211,133,123.6,133,52.020076,0.690656964,0.80178079,0.004983429,0.008951819,0.97131035,0.556694565,0.929323308
1168,OK,,161.052632,9.59714211,136,123.6,136,53.1934612,0.315078243,1.22741251,0.007572425,0.004054985,0.971002249,1.86743607,0.908823529
1169,OK,,161.052632,9.59714211,139,123.6,139,54.3668464,0.075805268,1.92843981,0.011796742,0.000966052,0.963134792,12.2112886,0.889208633
1170,OK,,161.052632,9.59714211,142,123.6,142,55.5402315,0.01026543,2.97326088,0.01801187,0.000129105,0.946281709,139.512912,0.870422535
1171,OK,,161.052632,9.59714211,145,123.6,145,56.7136167,0.003843203,4.15369233,0.024905479,4.76E-05,0.926692463,522.687654,0.852413793
1172,OK,,161.052632,9.59714211,148,123.6,148,57.8870019,0.001875351,5.34685091,0.031726997,2.29E-05,0.907600565,1384.20034,0.835135135
1173,OK,,161.052632,9.59714211,151,123.6,151,59.0603871,0.001025187,6.5426266,0.038415718,1.24E-05,0.889204048,3109.86609,0.818543046
1174,OK,,161.052632,9.59714211,154,123.6,154,60.2337722,0.00060312,7.74723185,0.045007568,7.17E-06,0.871370584,6281.55179,0.802597403
1175,OK,,161.052632,9.59714211,157,123.6,157,61.4071574,0.000378626,8.94791159,0.051430415,4.44E-06,0.854279361,11596.0128,0.787261146
1176,OK,,161.052632,9.59714211,160,123.6,160,62.5805426,0.000247784,10.1631779,0.05779066,2.86E-06,0.837594478,20189.9817,0.7725
1177,OK,,161.052632,10.0861895,121,123.6,121,47.3265353,2.81710227,0.192533235,0.001222139,0.037004867,0.936407018,0.033026428,1.0214876
1178,OK,,161.052632,10.0861895,124,123.6,124,48.4999205,2.27606768,0.262165177,0.001655146,0.029800351,0.947665216,0.055541163,0.996774194
1179,OK,,161.052632,10.0861895,127,123.6,127,49.6733057,1.74531835,0.363810068,0.002283741,0.022768726,0.957540003,0.100301657,0.973228346
1180,OK,,161.052632,10.0861895,130,123.6,130,50.8466908,1.22987671,0.513098303,0.003201342,0.015979236,0.965720974,0.200343879,0.950769231
1181,OK,,161.052632,10.0861895,133,123.6,133,52.020076,0.771476624,0.754849828,0.004678623,0.009970512,0.970658896,0.469246063,0.929323308
1182,OK,,161.052632,10.0861895,136,123.6,136,53.1934612,0.379566215,1.14327851,0.007034835,0.004872604,0.97137158,1.44375252,0.908823529
1183,OK,,161.052632,10.0861895,139,123.6,139,54.3668464,0.106932833,1.79143375,0.010932375,0.001360215,0.965082275,8.03724166,0.889208633
1184,OK,,161.052632,10.0861895,142,123.6,142,55.5402315,0.013901651,2.77256663,0.016760001,0.000174614,0.949829732,95.9829481,0.870422535
1185,OK,,161.052632,10.0861895,145,123.6,145,56.7136167,0.004794362,3.93482578,0.023544903,5.94E-05,0.930534846,396.571224,0.852413793
1186,OK,,161.052632,10.0861895,148,123.6,148,57.8870019,0.002156597,5.15225157,0.03050276,2.63E-05,0.910957417,1159.16185,0.835135135
1187,OK,,161.052632,10.0861895,151,123.6,151,59.0603871,0.001131642,6.33350687,0.037114706,1.36E-05,0.892743024,2724.91818,0.818543046
1188,OK,,161.052632,10.0861895,154,123.6,154,60.2337722,0.000691983,7.51615636,0.043584433,8.21E-06,0.875205419,5307.3092,0.802597403
1189,OK,,161.052632,10.0861895,157,123.6,157,61.4071574,0.000426064,8.73583931,0.050118828,4.99E-06,0.857732132,10052.2877,0.787261146
1190,OK,,161.052632,10.0861895,160,123.6,160,62.5805426,0.00027786,9.94378134,0.056442406,3.21E-06,0.841099824,17602.0868,0.7725
1191,OK,,161.052632,10.5752368,121,123.6,121,47.3265353,2.92476383,0.185814587,0.00117581,0.038284249,0.934274115,0.030712638,1.0214876
1192,OK,,161.052632,10.5752368,124,123.6,124,48.4999205,2.37383644,0.252684933,0.001590434,0.03097778,0.945844831,0.05134112,0.996774194
1193,OK,,161.052632,10.5752368,127,123.6,127,49.6733057,1.84147151,0.348478135,0.002180964,0.023945209,0.955912947,0.091081417,0.973228346
1194,OK,,161.052632,10.5752368,130,123.6,130,50.8466908,1.32650173,0.486250456,0.003024969,0.017179361,0.964348669,0.176081561,0.950769231
1195,OK,,161.052632,10.5752368,133,123.6,133,52.020076,0.853957951,0.710740293,0.004392883,0.011004348,0.969921262,0.399195189,0.929323308
1196,OK,,161.052632,10.5752368,136,123.6,136,53.1934612,0.449635501,1.06592254,0.006541447,0.005756944,0.971508565,1.13627079,0.908823529
1197,OK,,161.052632,10.5752368,139,123.6,139,54.3668464,0.135791158,1.69424367,0.010313455,0.001724089,0.96633914,5.98197244,0.889208633
1198,OK,,161.052632,10.5752368,142,123.6,142,55.5402315,0.020427333,2.57875168,0.015554549,0.000256239,0.953201869,60.7033209,0.870422535
1199,OK,,161.052632,10.5752368,145,123.6,145,56.7136167,0.005511465,3.73333963,0.022292508,6.82E-05,0.934074896,327.010973,0.852413793
1200,OK,,161.052632,10.5752368,148,123.6,148,57.8870019,0.002569342,4.92446254,0.029102952,3.13E-05,0.91488535,928.884287,0.835135135
1201,OK,,161.052632,10.5752368,151,123.6,151,59.0603871,0.001362026,6.10853873,0.035727508,1.64E-05,0.896548244,2181.76723,0.818543046
1202,OK,,161.052632,10.5752368,154,123.6,154,60.2337722,0.000782614,7.31416077,0.042330784,9.28E-06,0.878557442,4562.68166,0.802597403
1203,OK,,161.052632,10.5752368,157,123.6,157,61.4071574,0.000483083,8.51255516,0.048748893,5.65E-06,0.861367329,8632.36175,0.787261146
1204,OK,,161.052632,10.5752368,160,123.6,160,62.5805426,0.000309807,9.73430655,0.055152877,3.57E-06,0.844446597,15442.017,0.7725
1205,OK,,161.052632,11.0642842,121,123.6,121,47.3265353,3.03024324,0.179688822,0.001133509,0.039527536,0.932174793,0.028676432,1.0214876
1206,OK,,161.052632,11.0642842,124,123.6,124,48.4999205,2.47128113,0.243877349,0.001530326,0.032143226,0.944017259,0.047609583,0.996774194
1207,OK,,161.052632,11.0642842,127,123.6,127,49.6733057,1.93831611,0.334217139,0.002085459,0.025122558,0.954250412,0.083011418,0.973228346
1208,OK,,161.052632,11.0642842,130,123.6,130,50.8466908,1.41849365,0.463233415,0.00287338,0.018313248,0.962992143,0.15690174,0.950769231
1209,OK,,161.052632,11.0642842,133,123.6,133,52.020076,0.937967676,0.672189603,0.004142907,0.012051349,0.969047387,0.343771196,0.929323308
1210,OK,,161.052632,11.0642842,136,123.6,136,53.1934612,0.516814363,1.00269367,0.00613691,0.006599928,0.971434308,0.92984489,0.908823529
1211,OK,,161.052632,11.0642842,139,123.6,139,54.3668464,0.197492742,1.52884897,0.009284605,0.002501608,0.968246425,3.71145495,0.889208633
1212,OK,,161.052632,11.0642842,142,123.6,142,55.5402315,0.031938345,2.39079374,0.014389167,0.000400059,0.95637879,35.9676096,0.870422535
1213,Errors,,161.052632,11.0642842,145,123.6,145,56.7136167,0.003655401,5.71163934,0.033711228,4.46E-05,0.899225352,755.637534,0.852413793
1214,OK,,161.052632,11.0642842,148,123.6,148,57.8870019,0.002944097,4.73084179,0.027900635,3.59E-05,0.918223682,778.07816,0.835135135
1215,OK,,161.052632,11.0642842,151,123.6,151,59.0603871,0.001647506,5.93706182,0.034646542,1.98E-05,0.899446827,1751.85223,0.818543046
1216,OK,,161.052632,11.0642842,154,123.6,154,60.2337722,0.001083406,7.1193736,0.041122423,1.28E-05,0.881786301,3205.38884,0.802597403
1217,OK,,161.052632,11.0642842,157,123.6,157,61.4071574,0.000533262,8.33658477,0.047646145,6.23E-06,0.864232145,7652.43751,0.787261146
1218,OK,,161.052632,11.0642842,160,123.6,160,62.5805426,0.000329737,9.62266926,0.054400363,3.80E-06,0.846230176,14329.3748,0.7725
1219,OK,,161.052632,11.5533316,121,123.6,121,47.3265353,3.12681504,0.174545108,0.001097668,0.040653104,0.930242936,0.027000844,1.0214876
1220,OK,,161.052632,11.5533316,124,123.6,124,48.4999205,2.57378561,0.235121714,0.001470883,0.03336364,0.94208429,0.044086414,0.996774194
1221,OK,,161.052632,11.5533316,127,123.6,127,49.6733057,2.04922204,0.31881513,0.001983357,0.026467339,0.952327772,0.07493601,0.973228346
1222,OK,,161.052632,11.5533316,130,123.6,130,50.8466908,1.5133309,0.441477307,0.002730439,0.019475715,0.961554859,0.140197097,0.950769231
1223,OK,,161.052632,11.5533316,133,123.6,133,52.020076,1.02460952,0.636461048,0.003911621,0.013125307,0.968068663,0.298021308,0.929323308
1224,OK,,161.052632,11.5533316,136,123.6,136,53.1934612,0.590989755,0.941523965,0.005746992,0.007526759,0.97118981,0.763541371,0.908823529
1225,OK,,161.052632,11.5533316,139,123.6,139,54.3668464,0.245315373,1.43169074,0.008672658,0.003100598,0.969153883,2.79709172,0.889208633
1226,OK,,161.052632,11.5533316,142,123.6,142,55.5402315,0.050075248,2.21262428,0.01328718,0.00062627,0.959260171,21.2163804,0.870422535
1227,OK,,161.052632,11.5533316,145,123.6,145,56.7136167,0.008597686,3.30897886,0.019676859,0.000106088,0.941502998,185.475913,0.852413793
1228,OK,,161.052632,11.5533316,148,123.6,148,57.8870019,0.003527356,4.53522394,0.026681826,4.29E-05,0.921592911,622.302287,0.835135135
1229,OK,,161.052632,11.5533316,151,123.6,151,59.0603871,0.001797671,5.7020246,0.033217097,2.16E-05,0.903423893,1540.35553,0.818543046
1230,OK,,161.052632,11.5533316,154,123.6,154,60.2337722,0.000989328,6.91886878,0.039879414,1.17E-05,0.88511664,3409.08201,0.802597403
1231,OK,,161.052632,11.5533316,157,123.6,157,61.4071574,0.000611035,8.09967168,0.046209624,7.13E-06,0.868088948,6482.90148,0.787261146
1232,OK,,161.052632,11.5533316,160,123.6,160,62.5805426,0.000388866,9.30996679,0.052557277,4.47E-06,0.851226032,11747.4775,0.7725
1233,OK,,161.052632,12.0423789,121,123.6,121,47.3265353,3.22582042,0.16953394,0.001062864,0.04180059,0.928256858,0.025427001,1.0214876
1234,OK,,161.052632,12.0423789,124,123.6,124,48.4999205,2.67255784,0.227311805,0.001417701,0.034529605,0.940208775,0.041057562,0.996774194
1235,OK,,161.052632,12.0423789,127,123.6,127,49.6733057,2.1400738,0.307608834,0.001907951,0.02755416,0.950724386,0.069243675,0.973228346
1236,OK,,161.052632,12.0423789,130,123.6,130,50.8466908,1.60569597,0.422168879,0.002603402,0.020599776,0.960118057,0.126380122,0.950769231
1237,OK,,161.052632,12.0423789,133,123.6,133,52.020076,1.10842561,0.603109022,0.003696173,0.014157319,0.967098575,0.261078609,0.929323308
1238,OK,,161.052632,12.0423789,136,123.6,136,53.1934612,0.666599928,0.887006005,0.005399519,0.008466457,0.970793291,0.637754302,0.908823529
1239,OK,,161.052632,12.0423789,139,123.6,139,54.3668464,0.302970848,1.33408831,0.008060935,0.003820316,0.96988865,2.11001799,0.889208633
1240,OK,,161.052632,12.0423789,142,123.6,142,55.5402315,0.074286945,2.05568151,0.012316408,0.000927512,0.96164999,13.2789807,0.870422535
1241,OK,,161.052632,12.0423789,145,123.6,145,56.7136167,0.010753154,3.11625136,0.018491387,0.000132521,0.94486325,139.535965,0.852413793
1242,OK,,161.052632,12.0423789,148,123.6,148,57.8870019,0.004213869,4.28605478,0.025176923,5.12E-05,0.925885458,491.667664,0.835135135
1243,OK,,161.052632,12.0423789,151,123.6,151,59.0603871,0.002063634,5.47429351,0.031823344,2.47E-05,0.907275292,1287.48045,0.818543046
1244,OK,,161.052632,12.0423789,154,123.6,154,60.2337722,0.001140511,6.7063079,0.038577837,1.35E-05,0.888643062,2864.25204,0.802597403
1245,OK,,161.052632,12.0423789,157,123.6,157,61.4071574,0.000691223,7.8856726,0.044904972,8.05E-06,0.871572563,5574.89695,0.787261146
1246,OK,,161.052632,12.0423789,160,123.6,160,62.5805426,0.000438471,9.08660541,0.051204638,5.04E-06,0.854794422,10160.588,0.7725
1247,OK,,161.052632,12.5314263,121,123.6,121,47.3265353,3.32955364,0.164506195,0.001028157,0.042998328,0.926171231,0.023911556,1.0214876
1248,OK,,161.052632,12.5314263,124,123.6,124,48.4999205,2.7751224,0.219632928,0.001365644,0.035734685,0.938252366,0.038216196,0.996774194
1249,OK,,161.052632,12.5314263,127,123.6,127,49.6733057,2.22919587,0.295312327,0.001826265,0.028613248,0.949177769,0.063825844,0.973228346
1250,OK,,161.052632,12.5314263,130,123.6,130,50.8466908,1.7022653,0.403471408,0.002480836,0.021769207,0.958586553,0.113960808,0.950769231
1251,OK,,161.052632,12.5314263,133,123.6,133,52.020076,1.19998082,0.572185697,0.00349671,0.015279908,0.965933027,0.228843667,0.929323308
1252,OK,,161.052632,12.5314263,136,123.6,136,53.1934612,0.746522046,0.835999591,0.005075167,0.009454999,0.970249696,0.53677078,0.908823529
1253,OK,,161.052632,12.5314263,139,123.6,139,54.3668464,0.365153051,1.24617934,0.007510495,0.004593248,0.970361857,1.63511641,0.889208633
1254,OK,,161.052632,12.5314263,142,123.6,142,55.5402315,0.103947353,1.91704748,0.01145891,0.001295525,0.963612056,8.84499139,0.870422535
1255,OK,,161.052632,12.5314263,145,123.6,145,56.7136167,0.014484165,2.91052216,0.01723449,0.00017828,0.948424973,96.6710558,0.852413793
1256,OK,,161.052632,12.5314263,148,123.6,148,57.8870019,0.005156113,4.07845771,0.023908741,6.26E-05,0.929455427,382.021876,0.835135135
1257,OK,,161.052632,12.5314263,151,123.6,151,59.0603871,0.002358102,5.26758609,0.030566279,2.82E-05,0.91077024,1082.96474,0.818543046
1258,OK,,161.052632,12.5314263,154,123.6,154,60.2337722,0.001325143,6.46987032,0.037157537,1.56E-05,0.89256533,2375.62566,0.802597403
1259,OK,,161.052632,12.5314263,157,123.6,157,61.4071574,0.00078454,7.66873306,0.043588517,9.13E-06,0.875103849,4772.7568,0.787261146
1260,OK,,161.052632,12.5314263,160,123.6,160,62.5805426,0.000491627,8.87588964,0.049925897,5.64E-06,0.858160685,8844.68827,0.7725
1261,OK,,161.052632,13.0204737,121,123.6,121,47.3265353,3.43099725,0.159902437,0.000996304,0.044159851,0.924125025,0.022561314,1.0214876
1262,OK,,161.052632,13.0204737,124,123.6,124,48.4999205,2.87505091,0.212666804,0.001318318,0.036899251,0.936335613,0.03572749,0.996774194
1263,OK,,161.052632,13.0204737,127,123.6,127,49.6733057,2.32918514,0.28759548,0.001773221,0.029798695,0.947320184,0.059506671,0.973228346
1264,OK,,161.052632,13.0204737,130,123.6,130,50.8466908,1.79759903,0.386531304,0.002369737,0.022915696,0.957044789,0.103411078,0.950769231
1265,OK,,161.052632,13.0204737,133,123.6,133,52.020076,1.2893356,0.544947297,0.003320791,0.01636813,0.964738942,0.202881495,0.929323308
1266,OK,,161.052632,13.0204737,136,123.6,136,53.1934612,0.831046916,0.788088834,0.004771205,0.010495173,0.969561376,0.454609413,0.908823529
1267,OK,,161.052632,13.0204737,139,123.6,139,54.3668464,0.434325939,1.16333734,0.006992902,0.00544896,0.97061328,1.2833461,0.889208633
1268,OK,,161.052632,13.0204737,142,123.6,142,55.5402315,0.143600916,1.77678414,0.010595522,0.001786241,0.965423532,5.9317423,0.870422535
1269,OK,,161.052632,13.0204737,145,123.6,145,56.7136167,0.020892913,2.71745945,0.016056971,0.000256826,0.951716139,62.5208107,0.852413793
1270,OK,,161.052632,13.0204737,148,123.6,148,57.8870019,0.005803315,3.89363096,0.022777323,7.04E-05,0.932637135,323.741593,0.835135135
1271,OK,,161.052632,13.0204737,151,123.6,151,59.0603871,0.002829972,5.06316538,0.029320292,3.38E-05,0.914223465,866.647078,0.818543046
1272,OK,,161.052632,13.0204737,154,123.6,154,60.2337722,0.001398697,6.25209811,0.035838327,1.65E-05,0.896179559,2173.13344,0.802597403
1273,OK,,161.052632,13.0204737,157,123.6,157,61.4071574,0.000891848,7.45125374,0.042273606,1.04E-05,0.878643697,4076.11356,0.787261146
1274,OK,,161.052632,13.0204737,160,123.6,160,62.5805426,0.000553056,8.66045845,0.048625601,6.34E-06,0.861602167,7665.35056,0.7725
1275,OK,,161.052632,13.5095211,121,123.6,121,47.3265353,3.53317085,0.15551093,0.000965959,0.045322201,0.922058909,0.021313144,1.0214876
1276,OK,,161.052632,13.5095211,124,123.6,124,48.4999205,2.97554164,0.206072056,0.001273564,0.038062785,0.93439961,0.03345955,0.996774194
1277,OK,,161.052632,13.5095211,127,123.6,127,49.6733057,2.42834784,0.277421166,0.00170539,0.030966239,0.945528711,0.055072552,0.973228346
1278,OK,,161.052632,13.5095211,130,123.6,130,50.8466908,1.89131401,0.371193526,0.002269067,0.024034931,0.955503347,0.094407055,0.950769231
1279,OK,,161.052632,13.5095211,133,123.6,133,52.020076,1.38165864,0.519203658,0.003154903,0.017486356,0.963459064,0.180420856,0.929323308
1280,OK,,161.052632,13.5095211,136,123.6,136,53.1934612,0.90982725,0.748626166,0.00451984,0.01145801,0.968822232,0.394469883,0.908823529
1281,OK,,161.052632,13.5095211,139,123.6,139,54.3668464,0.497613039,1.09870736,0.006587305,0.006228067,0.970637981,1.05768057,0.889208633
1282,OK,,161.052632,13.5095211,142,123.6,142,55.5402315,0.188108947,1.6548512,0.009844662,0.00233506,0.966817564,4.21602128,0.870422535
1283,OK,,161.052632,13.5095211,145,123.6,145,56.7136167,0.032759662,2.51893365,0.01485228,0.000402136,0.955007396,36.9334593,0.852413793
1284,OK,,161.052632,13.5095211,148,123.6,148,57.8870019,0.007639808,3.66708013,0.021409318,9.25E-05,0.936519083,231.418455,0.835135135
1285,OK,,161.052632,13.5095211,151,123.6,151,59.0603871,0.003146282,4.89276939,0.02826505,3.76E-05,0.917103224,752.700939,0.818543046
1286,OK,,161.052632,13.5095211,154,123.6,154,60.2337722,0.001599181,6.03684103,0.034534086,1.88E-05,0.899749925,1833.64122,0.802597403
1287,OK,,161.052632,13.5095211,157,123.6,157,61.4071574,0.001008717,7.22059991,0.040887356,1.17E-05,0.882397933,3489.43813,0.787261146
1288,OK,,161.052632,13.5095211,160,123.6,160,62.5805426,0.000604167,8.44333303,0.047318594,6.92E-06,0.865070885,6835.40077,0.7725
1289,OK,,161.052632,13.9985684,121,123.6,121,47.3265353,3.63218962,0.151499845,0.000938161,0.046439127,0.920051416,0.020201946,1.0214876
1290,OK,,161.052632,13.9985684,124,123.6,124,48.4999205,3.07169093,0.200197247,0.001233526,0.039166373,0.932538278,0.031494515,0.996774194
1291,OK,,161.052632,13.9985684,127,123.6,127,49.6733057,2.53378817,0.267192022,0.001637595,0.032202471,0.943611963,0.050853089,0.973228346
1292,OK,,161.052632,13.9985684,130,123.6,130,50.8466908,1.98778226,0.356478516,0.002172756,0.025180871,0.953895509,0.08628596,0.950769231
1293,OK,,161.052632,13.9985684,133,123.6,133,52.020076,1.47682127,0.494889855,0.002998585,0.018632647,0.962097112,0.160931755,0.929323308
1294,OK,,161.052632,13.9985684,136,123.6,136,53.1934612,0.99735405,0.708759191,0.00426734,0.012523466,0.96792626,0.34074755,0.908823529
1295,OK,,161.052632,13.9985684,139,123.6,139,54.3668464,0.573569808,1.03028152,0.006160838,0.007159544,0.97049946,0.86050706,0.889208633
1296,OK,,161.052632,13.9985684,142,123.6,142,55.5402315,0.236943593,1.54773905,0.009183405,0.002933775,0.967866849,3.13023543,0.870422535
1297,OK,,161.052632,13.9985684,145,123.6,145,56.7136167,0.049767737,2.34616502,0.013803208,0.000609997,0.957753836,22.6283313,0.852413793
1298,OK,,161.052632,13.9985684,148,123.6,148,57.8870019,0.009172216,3.45768026,0.020141732,0.000110926,0.940110001,181.577828,0.835135135
1299,OK,,161.052632,13.9985684,151,123.6,151,59.0603871,0.003881709,4.64061778,0.026763949,4.63E-05,0.921360158,578.060405,0.818543046
1300,OK,,161.052632,13.9985684,154,123.6,154,60.2337722,0.002009285,5.83187312,0.03329677,2.36E-05,0.90314599,1408.64584,0.802597403
1301,OK,,161.052632,13.9985684,157,123.6,157,61.4071574,0.001329147,7.03423452,0.039754358,1.54E-05,0.885427628,2577.64176,0.787261146
1302,OK,,161.052632,13.9985684,160,123.6,160,62.5805426,0.000709099,8.21757955,0.045971098,8.12E-06,0.868676616,5663.76648,0.7725
1303,OK,,161.052632,14.4876158,121,123.6,121,47.3265353,3.73796722,0.147346006,0.000909629,0.047628876,0.917904127,0.019098268,1.0214876
1304,OK,,161.052632,14.4876158,124,123.6,124,48.4999205,3.177501,0.19393593,0.001191318,0.040378566,0.930485723,0.029503714,0.996774194
1305,OK,,161.052632,14.4876158,127,123.6,127,49.6733057,2.62739592,0.258936974,0.0015823,0.03328729,0.941893682,0.047534661,0.973228346
1306,OK,,161.052632,14.4876158,130,123.6,130,50.8466908,2.08565588,0.342594827,0.002082035,0.026336513,0.952243683,0.079055063,0.950769231
1307,OK,,161.052632,14.4876158,133,123.6,133,52.020076,1.56658512,0.474078953,0.002864312,0.019705612,0.960771605,0.145355148,0.929323308
1308,OK,,161.052632,14.4876158,136,123.6,136,53.1934612,1.08193074,0.674263123,0.004048426,0.013546297,0.966984779,0.29885846,0.908823529
1309,OK,,161.052632,14.4876158,139,123.6,139,54.3668464,0.645970406,0.973674315,0.005806926,0.008042126,0.970208963,0.722063559,0.889208633
1310,OK,,161.052632,14.4876158,142,123.6,142,55.5402315,0.293442069,1.44433014,0.008550132,0.003626536,0.96871147,2.35765795,0.870422535
1311,OK,,161.052632,14.4876158,145,123.6,145,56.7136167,0.073939503,2.18813192,0.012841701,0.000904656,0.960114139,14.1951208,0.852413793
1312,OK,,161.052632,14.4876158,148,123.6,148,57.8870019,0.01155277,3.25006355,0.018893823,0.00013955,0.943655463,135.391524,0.835135135
1313,OK,,161.052632,14.4876158,151,123.6,151,59.0603871,0.004455629,4.42672191,0.025480199,5.31E-05,0.924972088,479.985273,0.818543046
1314,OK,,161.052632,14.4876158,154,123.6,154,60.2337722,0.00237984,5.61870419,0.03201803,2.80E-05,0.906678864,1144.88589,0.802597403
1315,OK,,161.052632,14.4876158,157,123.6,157,61.4071574,0.001274771,6.81803457,0.038460568,1.48E-05,0.888949275,2602.86232,0.787261146
1316,OK,,161.052632,14.4876158,160,123.6,160,62.5805426,0.000761437,8.06042941,0.045001959,8.71E-06,0.871186945,5168.98936,0.7725
1317,OK,,161.052632,14.9766632,121,123.6,121,47.3265353,3.8391806,0.143633431,0.000883996,0.048756493,0.915843955,0.018130843,1.0214876
1318,OK,,161.052632,14.9766632,124,123.6,124,48.4999205,3.27818144,0.188398622,0.00115381,0.041521315,0.928524005,0.027788366,0.996774194
1319,OK,,161.052632,14.9766632,127,123.6,127,49.6733057,2.72086202,0.251182303,0.001530374,0.034363564,0.940168179,0.044534786,0.973228346
1320,OK,,161.052632,14.9766632,130,123.6,130,50.8466908,2.18262449,0.329833106,0.001998632,0.027473797,0.950587589,0.072746852,0.950769231
1321,OK,,161.052632,14.9766632,133,123.6,133,52.020076,1.65449165,0.455354357,0.00274334,0.020749106,0.959441697,0.13221485,0.929323308
1322,OK,,161.052632,14.9766632,136,123.6,136,53.1934612,1.17116987,0.641093377,0.003838597,0.014620246,0.965930714,0.262553535,0.908823529
1323,OK,,161.052632,14.9766632,139,123.6,139,54.3668464,0.722597239,0.920464726,0.005474987,0.00897188,0.969778237,0.610238557,0.889208633
1324,OK,,161.052632,14.9766632,142,123.6,142,55.5402315,0.352121831,1.35914879,0.00802384,0.004341019,0.96918863,1.84837697,0.870422535
1325,OK,,161.052632,14.9766632,145,123.6,145,56.7136167,0.105488156,2.03424594,0.011911602,0.001288377,0.962271246,9.24543271,0.852413793
1326,OK,,161.052632,14.9766632,148,123.6,148,57.8870019,0.015452432,3.04712633,0.01767779,0.000186427,0.947093844,94.82429,0.835135135
1327,OK,,161.052632,14.9766632,151,123.6,151,59.0603871,0.005553675,4.21667563,0.024221193,6.61E-05,0.928509962,366.534202,0.818543046
1328,OK,,161.052632,14.9766632,154,123.6,154,60.2337722,0.002614476,5.44240641,0.030941175,3.07E-05,0.909601862,1008.94832,0.802597403
1329,OK,,161.052632,14.9766632,157,123.6,157,61.4071574,0.001507481,6.59344993,0.037125071,1.75E-05,0.892602789,2126.85196,0.787261146
1330,OK,,161.052632,14.9766632,160,123.6,160,62.5805426,0.000893258,7.80896841,0.043522989,1.02E-05,0.875203037,4265.55192,0.7725
1331,OK,,161.052632,15.4657105,121,123.6,121,47.3265353,3.94286692,0.139991854,0.000858945,0.049905531,0.91373003,0.017211423,1.0214876
1332,OK,,161.052632,15.4657105,124,123.6,124,48.4999205,3.37951976,0.183121607,0.001118108,0.042664175,0.926543356,0.026207192,0.996774194
1333,OK,,161.052632,15.4657105,127,123.6,127,49.6733057,2.82673624,0.24266462,0.001474067,0.035581431,0.938208242,0.041427975,0.973228346
1334,OK,,161.052632,15.4657105,130,123.6,130,50.8466908,2.28119624,0.317707907,0.001919541,0.028623061,0.948887448,0.067062727,0.950769231
1335,OK,,161.052632,15.4657105,133,123.6,133,52.020076,1.75743492,0.434566702,0.002610611,0.021969303,0.957862391,0.118829959,0.929323308
1336,OK,,161.052632,15.4657105,136,123.6,136,53.1934612,1.2596421,0.611295234,0.003650017,0.015678389,0.964827682,0.232805645,0.908823529
1337,OK,,161.052632,15.4657105,139,123.6,139,54.3668464,0.803140822,0.873443891,0.005180252,0.009943058,0.969161634,0.520991851,0.889208633
1338,OK,,161.052632,15.4657105,142,123.6,142,55.5402315,0.416959665,1.27487292,0.007507339,0.005127869,0.969538611,1.4640271,0.870422535
1339,OK,,161.052632,15.4657105,145,123.6,145,56.7136167,0.138557921,1.91214756,0.011170488,0.001689184,0.963841038,6.61294914,0.852413793
1340,OK,,161.052632,15.4657105,148,123.6,148,57.8870019,0.022275231,2.84698885,0.016482663,0.000268398,0.950433362,61.4112571,0.835135135
1341,OK,,161.052632,15.4657105,151,123.6,151,59.0603871,0.005891549,4.03324609,0.023115606,7.00E-05,0.931610038,330.265785,0.818543046
1342,OK,,161.052632,15.4657105,154,123.6,154,60.2337722,0.003132667,5.20030738,0.029519116,3.67E-05,0.913612582,803.637344,0.802597403
1343,OK,,161.052632,15.4657105,157,123.6,157,61.4071574,0.00171422,6.3890735,0.035905715,1.98E-05,0.895927641,1810.86767,0.787261146
1344,OK,,161.052632,15.4657105,160,123.6,160,62.5805426,0.000977131,7.59146527,0.04223374,1.11E-05,0.878677268,3787.79814,0.7725
1345,OK,,161.052632,15.9547579,121,123.6,121,47.3265353,4.04901324,0.136420614,0.00083447,0.051075965,0.91156264,0.016337824,1.0214876
1346,OK,,161.052632,15.9547579,124,123.6,124,48.4999205,3.48257526,0.178016929,0.001083664,0.043820068,0.924523749,0.024729854,0.996774194
1347,OK,,161.052632,15.9547579,127,123.6,127,49.6733057,2.92971849,0.234943949,0.001422927,0.036756904,0.93629048,0.038711842,0.973228346
1348,OK,,161.052632,15.9547579,130,123.6,130,50.8466908,2.38256812,0.313566442,0.00188896,0.029798524,0.946975221,0.063391053,0.950769231
1349,OK,,161.052632,15.9547579,133,123.6,133,52.020076,1.84990158,0.417692334,0.002502094,0.023054955,0.956409254,0.108527406,0.929323308
1350,OK,,161.052632,15.9547579,136,123.6,136,53.1934612,1.35556617,0.583655328,0.003474507,0.016818273,0.963543987,0.206591202,0.908823529
1351,OK,,161.052632,15.9547579,139,123.6,139,54.3668464,0.891534939,0.824304135,0.004875543,0.011004539,0.968439606,0.443048385,0.889208633
1352,OK,,161.052632,15.9547579,142,123.6,142,55.5402315,0.484354523,1.19962837,0.00704629,0.005941992,0.969679945,1.18584649,0.870422535
1353,OK,,161.052632,15.9547579,145,123.6,145,56.7136167,0.186062462,1.77260041,0.010331432,0.00226371,0.965463975,4.56393759,0.852413793
1354,OK,,161.052632,15.9547579,148,123.6,148,57.8870019,0.033280622,2.66171239,0.015377615,0.000400461,0.953443901,38.3998212,0.835135135
1355,OK,,161.052632,15.9547579,151,123.6,151,59.0603871,0.008456828,3.80686973,0.021781689,0.00010041,0.935399567,216.926697,0.818543046
1356,OK,,161.052632,15.9547579,154,123.6,154,60.2337722,0.00247379,4.98610851,0.028248774,2.90E-05,0.917179647,974.933384,0.802597403
1357,OK,,161.052632,15.9547579,157,123.6,157,61.4071574,0.002095814,6.18547448,0.034693353,2.42E-05,0.899236985,1432.87561,0.787261146
1358,OK,,161.052632,15.9547579,160,123.6,160,62.5805426,0.001145579,7.37742052,0.040967749,1.31E-05,0.882094885,3137.21919,0.7725
1359,OK,,161.052632,16.4438053,121,123.6,121,47.3265353,4.14875358,0.133304437,0.000812929,0.052163231,0.909520991,0.015584323,1.0214876
1360,OK,,161.052632,16.4438053,124,123.6,124,48.4999205,3.58415447,0.173278141,0.001051643,0.044950436,0.922527036,0.023395615,0.996774194
1361,OK,,161.052632,16.4438053,127,123.6,127,49.6733057,3.02779148,0.228117499,0.001377496,0.0378661,0.934453547,0.036378074,0.973228346
1362,OK,,161.052632,16.4438053,130,123.6,130,50.8466908,2.48122311,0.302922555,0.001819522,0.030933827,0.945244309,0.058819812,0.950769231
1363,OK,,161.052632,16.4438053,133,123.6,133,52.020076,1.94304368,0.401874737,0.002400479,0.024141841,0.954922818,0.099432296,0.929323308
1364,OK,,161.052632,16.4438053,136,123.6,136,53.1934612,1.44161638,0.55962584,0.00332224,0.017834415,0.962378041,0.186282537,0.908823529
1365,OK,,161.052632,16.4438053,139,123.6,139,54.3668464,0.966163193,0.787750685,0.004646968,0.011895061,0.967739275,0.390663632,0.889208633
1366,OK,,161.052632,16.4438053,142,123.6,142,55.5402315,0.556486429,1.12952254,0.006617502,0.006809419,0.969643465,0.971815994,0.870422535
1367,OK,,161.052632,16.4438053,145,123.6,145,56.7136167,0.23210321,1.66530501,0.009682928,0.002818065,0.966544045,3.43602005,0.852413793
1368,OK,,161.052632,16.4438053,148,123.6,148,57.8870019,0.050390498,2.48213773,0.014309655,0.00060545,0.956250485,23.6347369,0.835135135
1369,OK,,161.052632,16.4438053,151,123.6,151,59.0603871,0.009326399,3.59335901,0.020519371,0.000110609,0.93899997,185.513018,0.818543046
1370,OK,,161.052632,16.4438053,154,123.6,154,60.2337722,0.004274268,4.77770077,0.02701533,5.00E-05,0.920609737,540.229074,0.802597403
1371,OK,,161.052632,16.4438053,157,123.6,157,61.4071574,0.002611818,5.97142068,0.033428208,3.01E-05,0.902714394,1109.13365,0.787261146
1372,OK,,161.052632,16.4438053,160,123.6,160,62.5805426,0.001293145,7.16445214,0.039711721,1.47E-05,0.885495635,2696.82446,0.7725
1373,OK,,161.052632,16.9328526,121,123.6,121,47.3265353,4.25217035,0.130182633,0.000791472,0.053285935,0.907401779,0.0148533,1.0214876
1374,OK,,161.052632,16.9328526,124,123.6,124,48.4999205,3.68587266,0.168776517,0.001021245,0.046074923,0.920522567,0.022164867,0.996774194
1375,OK,,161.052632,16.9328526,127,123.6,127,49.6733057,3.12774922,0.221514854,0.001333667,0.038990332,0.932574166,0.034205067,0.973228346
1376,OK,,161.052632,16.9328526,130,123.6,130,50.8466908,2.57898011,0.293065605,0.001755194,0.032051158,0.943515582,0.05476226,0.950769231
1377,OK,,161.052632,16.9328526,133,123.6,133,52.020076,2.04388847,0.387155918,0.002305489,0.025311166,0.953267189,0.091085831,0.929323308
1378,OK,,161.052632,16.9328526,136,123.6,136,53.1934612,1.53267971,0.536022486,0.003173255,0.018904511,0.96110984,0.167857032,0.908823529
1379,OK,,161.052632,16.9328526,139,123.6,139,54.3668464,1.05707839,0.746526085,0.004391868,0.012976062,0.966825288,0.33845923,0.889208633
1380,OK,,161.052632,16.9328526,142,123.6,142,55.5402315,0.62656488,1.070062,0.006252946,0.007647504,0.96945229,0.817645286,0.870422535
1381,OK,,161.052632,16.9328526,145,123.6,145,56.7136167,0.284084201,1.56435499,0.009074062,0.003441757,0.967407489,2.63646246,0.852413793
1382,OK,,161.052632,16.9328526,148,123.6,148,57.8870019,0.073204252,2.31976741,0.013344466,0.00087817,0.95866133,15.1957719,0.835135135
1383,OK,,161.052632,16.9328526,151,123.6,151,59.0603871,0.012435902,3.38932237,0.019315404,0.000147311,0.942402032,131.119575,0.818543046
1384,OK,,161.052632,16.9328526,154,123.6,154,60.2337722,0.004908435,4.57195337,0.025801405,5.74E-05,0.924015023,449.796594,0.802597403
1385,OK,,161.052632,16.9328526,157,123.6,157,61.4071574,0.002608968,5.75991421,0.032186157,3.01E-05,0.90615877,1070.01854,0.787261146
1386,OK,,161.052632,16.9328526,160,123.6,160,62.5805426,0.001424984,7.02115419,0.038819017,1.62E-05,0.887783345,2397.75103,0.7725
1387,OK,,161.052632,17.4219,121,123.6,121,47.3265353,4.3584045,0.1270907,0.000770323,0.05443465,0.905222405,0.01415134,1.0214876
1388,OK,,161.052632,17.4219,124,123.6,124,48.4999205,3.79058753,0.164328854,0.000991349,0.047227738,0.918455199,0.02099082,0.996774194
1389,OK,,161.052632,17.4219,127,123.6,127,49.6733057,3.22936876,0.215135641,0.001291437,0.040127514,0.930656832,0.032183318,0.973228346
1390,OK,,161.052632,17.4219,130,123.6,130,50.8466908,2.67904313,0.283534339,0.001693179,0.03318926,0.941735098,0.051015884,0.950769231
1391,OK,,161.052632,17.4219,133,123.6,133,52.020076,2.13974649,0.372973667,0.002214716,0.026416977,0.951697107,0.08383686,0.929323308
1392,OK,,161.052632,17.4219,136,123.6,136,53.1934612,1.6273445,0.513284657,0.00303019,0.020011637,0.959757664,0.151421376,0.908823529
1393,OK,,161.052632,17.4219,139,123.6,139,54.3668464,1.14114767,0.712416146,0.004179904,0.013969052,0.965906358,0.299226009,0.889208633
1394,OK,,161.052632,17.4219,142,123.6,142,55.5402315,0.704555517,1.01091798,0.005892066,0.008576705,0.969112957,0.686984822,0.870422535
1395,OK,,161.052632,17.4219,145,123.6,145,56.7136167,0.342917681,1.46790667,0.008494023,0.004145189,0.968070731,2.04912789,0.852413793
1396,OK,,161.052632,17.4219,148,123.6,148,57.8870019,0.098437569,2.18856587,0.012561395,0.001178939,0.960491935,10.6548277,0.835135135
1397,OK,,161.052632,17.4219,151,123.6,151,59.0603871,0.016065937,3.18612238,0.018121009,0.000190087,0.945781115,95.3302052,0.818543046
1398,OK,,161.052632,17.4219,154,123.6,154,60.2337722,0.004767281,4.35070196,0.024505942,5.57E-05,0.927690578,440.333823,0.802597403
1399,OK,,161.052632,17.4219,157,123.6,157,61.4071574,0.002962691,5.55714005,0.030989967,3.41E-05,0.909455136,908.493133,0.787261146
1400,OK,,161.052632,17.4219,160,123.6,160,62.5805426,0.001659799,6.72775178,0.037154901,1.89E-05,0.892467989,1969.87068,0.7725
1401,OK,,166.315789,8.13,121,123.6,121,47.3265353,2.41290075,0.205453328,0.001320558,0.032131985,0.944674715,0.04109793,1.0214876
1402,OK,,166.315789,8.13,124,123.6,124,48.4999205,1.87345047,0.284688617,0.001819602,0.024863371,0.955502214,0.073184054,0.996774194
1403,OK,,166.315789,8.13,127,123.6,127,49.6733057,1.34991927,0.407687203,0.002590231,0.017845978,0.96461668,0.145143709,0.973228346
1404,OK,,166.315789,8.13,130,123.6,130,50.8466908,0.867262026,0.604102486,0.003813485,0.011410023,0.971062728,0.334222331,0.950769231
1405,OK,,166.315789,8.13,133,123.6,133,52.020076,0.447696744,0.933043576,0.00584839,0.005853574,0.973457549,0.999114491,0.929323308
1406,OK,,166.315789,8.13,136,123.6,136,53.1934612,0.139379898,1.51488414,0.009418982,0.001806847,0.968900989,5.21293705,0.908823529
1407,OK,,166.315789,8.13,139,123.6,139,54.3668464,0.02107431,2.44369202,0.015051842,0.000269855,0.954664166,55.7774776,0.889208633
1408,OK,,166.315789,8.13,142,123.6,142,55.5402315,0.006685538,3.59848088,0.021938752,8.44E-05,0.9350891,259.963938,0.870422535
1409,OK,,166.315789,8.13,145,123.6,145,56.7136167,0.002986834,4.78537517,0.028871249,3.72E-05,0.915569447,776.904671,0.852413793
1410,OK,,166.315789,8.13,148,123.6,148,57.8870019,0.00148939,5.98145308,0.035707073,1.83E-05,0.896644458,1954.87608,0.835135135
1411,OK,,166.315789,8.13,151,123.6,151,59.0603871,0.000877776,7.17573244,0.042381182,1.06E-05,0.878486909,3993.82953,0.818543046
1412,OK,,166.315789,8.13,154,123.6,154,60.2337722,0.00053892,8.37646386,0.048942467,6.42E-06,0.860925151,7619.9252,0.802597403
1413,OK,,166.315789,8.13,157,123.6,157,61.4071574,0.000342355,9.60751864,0.055525239,4.02E-06,0.843538418,13802.8011,0.787261146
1414,OK,,166.315789,8.13,160,123.6,160,62.5805426,0.000223845,10.8733869,0.062126613,2.59E-06,0.826246142,23975.2796,0.7725
1415,OK,,166.315789,8.61904737,121,123.6,121,47.3265353,2.51568734,0.197781691,0.001267277,0.033384946,0.942664955,0.037959533,1.0214876
1416,OK,,166.315789,8.61904737,124,123.6,124,48.4999205,1.96695302,0.27334622,0.00174178,0.026019245,0.953808187,0.066941975,0.996774194
1417,OK,,166.315789,8.61904737,127,123.6,127,49.6733057,1.4451659,0.387355014,0.002453697,0.019042975,0.963108537,0.128850497,0.973228346
1418,OK,,166.315789,8.61904737,130,123.6,130,50.8466908,0.952899693,0.569618232,0.003585411,0.012498645,0.970056696,0.286863958,0.950769231
1419,OK,,166.315789,8.61904737,133,123.6,133,52.020076,0.517056351,0.872482775,0.005453762,0.006742291,0.973288406,0.808888612,0.929323308
1420,OK,,166.315789,8.61904737,136,123.6,136,53.1934612,0.188403035,1.38686481,0.008601485,0.002436948,0.970386062,3.52961378,0.908823529
1421,OK,,166.315789,8.61904737,139,123.6,139,54.3668464,0.031207005,2.24138621,0.013774916,0.000399001,0.958198914,34.5235489,0.889208633
1422,OK,,166.315789,8.61904737,142,123.6,142,55.5402315,0.007415894,3.42267824,0.020820851,9.35E-05,0.938241271,222.698756,0.870422535
1423,OK,,166.315789,8.61904737,145,123.6,145,56.7136167,0.003686176,4.59836515,0.027676692,4.58E-05,0.918854561,604.522517,0.852413793
1424,OK,,166.315789,8.61904737,148,123.6,148,57.8870019,0.001793591,5.76277441,0.034332597,2.20E-05,0.900416884,1562.65152,0.835135135
1425,OK,,166.315789,8.61904737,151,123.6,151,59.0603871,0.000997511,6.97849089,0.041129747,1.20E-05,0.88182454,3415.2399,0.818543046
1426,OK,,166.315789,8.61904737,154,123.6,154,60.2337722,0.000607029,8.17074642,0.047649108,7.23E-06,0.864339337,6593.2809,0.802597403
1427,OK,,166.315789,8.61904737,157,123.6,157,61.4071574,0.000387564,9.37659462,0.054094116,4.55E-06,0.847298221,11890.4194,0.787261146
1428,OK,,166.315789,8.61904737,160,123.6,160,62.5805426,0.000252755,10.6325394,0.060653495,2.92E-06,0.830094279,20744.8169,0.7725
1429,OK,,166.315789,9.10809474,121,123.6,121,47.3265353,2.61329442,0.191058153,0.00122039,0.03456378,0.940744604,0.035308341,1.0214876
1430,OK,,166.315789,9.10809474,124,123.6,124,48.4999205,2.06830473,0.261835564,0.001663317,0.027266966,0.951955792,0.061001186,0.996774194
1431,OK,,166.315789,9.10809474,127,123.6,127,49.6733057,1.53560373,0.369904583,0.002336168,0.020170594,0.961639189,0.115820484,0.973228346
1432,OK,,166.315789,9.10809474,130,123.6,130,50.8466908,1.04004726,0.538292392,0.003378412,0.013599897,0.968958852,0.248414555,0.950769231
1433,OK,,166.315789,9.10809474,133,123.6,133,52.020076,0.596004771,0.812807602,0.005066683,0.007749558,0.97291791,0.653802797,0.929323308
1434,OK,,166.315789,9.10809474,136,123.6,136,53.1934612,0.236721533,1.28860536,0.007971507,0.003055078,0.971324917,2.60926492,0.908823529
1435,OK,,166.315789,9.10809474,139,123.6,139,54.3668464,0.046045789,2.07254378,0.012708448,0.00058787,0.96103159,21.6177998,0.889208633
1436,OK,,166.315789,9.10809474,142,123.6,142,55.5402315,0.009526729,3.20631093,0.019463654,0.000119957,0.942098951,162.255513,0.870422535
1437,OK,,166.315789,9.10809474,145,123.6,145,56.7136167,0.004146767,4.36281655,0.026213544,5.15E-05,0.922999738,509.274966,0.852413793
1438,OK,,166.315789,9.10809474,148,123.6,148,57.8870019,0.002069582,5.55704094,0.033040675,2.53E-05,0.90396617,1304.75373,0.835135135
1439,Errors,,166.315789,9.10809474,151,123.6,151,59.0603871,0.002053719,6.30987817,0.03661594,2.48E-05,0.893127489,1476.43493,0.818543046
1440,OK,,166.315789,9.10809474,154,123.6,154,60.2337722,0.00068758,7.95505133,0.046303541,8.18E-06,0.867918966,5662.54307,0.802597403
1441,OK,,166.315789,9.10809474,157,123.6,157,61.4071574,0.000428114,9.19408874,0.052934842,5.02E-06,0.850269623,10546.4046,0.787261146
1442,OK,,166.315789,9.10809474,160,123.6,160,62.5805426,0.000276638,10.4581092,0.059558398,3.20E-06,0.83288119,18621.2374,0.7725
1443,OK,,166.315789,9.59714211,121,123.6,121,47.3265353,2.7238817,0.183769187,0.001170151,0.035897551,0.938561932,0.032596966,1.0214876
1444,OK,,166.315789,9.59714211,124,123.6,124,48.4999205,2.16800421,0.251398458,0.001592135,0.028485592,0.950115327,0.055892629,0.996774194
1445,OK,,166.315789,9.59714211,127,123.6,127,49.6733057,1.63298265,0.352536938,0.002219822,0.021379458,0.960028438,0.10382966,0.973228346
1446,OK,,166.315789,9.59714211,130,123.6,130,50.8466908,1.12956389,0.509381536,0.003187686,0.01472476,0.967766921,0.216484755,0.950769231
1447,OK,,166.315789,9.59714211,133,123.6,133,52.020076,0.671563404,0.763590308,0.004746649,0.008707632,0.972411541,0.54511359,0.929323308
1448,OK,,166.315789,9.59714211,136,123.6,136,53.1934612,0.296287952,1.18982701,0.007341437,0.003814567,0.972062074,1.92457946,0.908823529
1449,OK,,166.315789,9.59714211,139,123.6,139,54.3668464,0.067675272,1.91217723,0.01169787,0.000862581,0.963583459,13.5614728,0.889208633
1450,OK,,166.315789,9.59714211,142,123.6,142,55.5402315,0.012598016,2.97792685,0.018039869,0.000158435,0.9461557,113.863207,0.870422535
1451,OK,,166.315789,9.59714211,145,123.6,145,56.7136167,0.004877814,4.15576192,0.024917726,6.05E-05,0.926637729,412.033341,0.852413793
1452,OK,,166.315789,9.59714211,148,123.6,148,57.8870019,0.002405127,5.34791065,0.031733181,2.94E-05,0.907573106,1079.52459,0.835135135
1453,OK,,166.315789,9.59714211,151,123.6,151,59.0603871,0.001314112,6.54320456,0.038419043,1.58E-05,0.88918937,2426.34268,0.818543046
1454,OK,,166.315789,9.59714211,154,123.6,154,60.2337722,0.000851877,7.74772947,0.045010391,1.01E-05,0.871358192,4447.56768,0.802597403
1455,OK,,166.315789,9.59714211,157,123.6,157,61.4071574,0.000489458,8.9481333,0.051431655,5.73E-06,0.854273946,8970.45999,0.787261146
1456,OK,,166.315789,9.59714211,160,123.6,160,62.5805426,0.000321349,10.1633251,0.057791472,3.71E-06,0.837590951,15568.187,0.7725
1457,OK,,166.315789,10.0861895,121,123.6,121,47.3265353,2.81019733,0.178725346,0.001134542,0.036919272,0.936844676,0.030730356,1.0214876
1458,OK,,166.315789,10.0861895,124,123.6,124,48.4999205,2.26594476,0.241921051,0.001527439,0.029673812,0.948291342,0.051474322,0.996774194
1459,OK,,166.315789,10.0861895,127,123.6,127,49.6733057,1.73162834,0.336430803,0.002112063,0.02259629,0.95836679,0.093469465,0.973228346
1460,OK,,166.315789,10.0861895,130,123.6,130,50.8466908,1.21556121,0.484466471,0.003022984,0.015797726,0.966565618,0.191355637,0.950769231
1461,OK,,166.315789,10.0861895,133,123.6,133,52.020076,0.752604148,0.717101854,0.004445203,0.009730229,0.971747331,0.45684468,0.929323308
1462,OK,,166.315789,10.0861895,136,123.6,136,53.1934612,0.359759467,1.10366009,0.006791923,0.004620133,0.972488732,1.47007073,0.908823529
1463,OK,,166.315789,10.0861895,139,123.6,139,54.3668464,0.095532712,1.76862994,0.010794001,0.001215471,0.965711407,8.88050622,0.889208633
1464,OK,,166.315789,10.0861895,142,123.6,142,55.5402315,0.016007792,2.77677963,0.016785244,0.000201061,0.949715956,83.4834159,0.870422535
1465,OK,,166.315789,10.0861895,145,123.6,145,56.7136167,0.005931686,3.93710083,0.023558349,7.35E-05,0.930474677,320.7238,0.852413793
1466,OK,,166.315789,10.0861895,148,123.6,148,57.8870019,0.002755339,5.15344928,0.030509738,3.36E-05,0.910926383,907.490839,0.835135135
1467,OK,,166.315789,10.0861895,151,123.6,151,59.0603871,0.001288599,6.33382084,0.03711651,1.55E-05,0.89273505,2393.13533,0.818543046
1468,OK,,166.315789,10.0861895,154,123.6,154,60.2337722,0.000891057,7.51655459,0.04358669,1.06E-05,0.875195503,4121.81201,0.802597403
1469,OK,,166.315789,10.0861895,157,123.6,157,61.4071574,0.000548443,8.73608412,0.050120195,6.42E-06,0.857726152,7809.455,0.787261146
1470,OK,,166.315789,10.0861895,160,123.6,160,62.5805426,0.000360043,9.94394574,0.056443311,4.15E-06,0.841095884,13584.4907,0.7725
1471,OK,,166.315789,10.5752368,121,123.6,121,47.3265353,2.91809491,0.172478792,0.001091471,0.03820204,0.934696811,0.028571017,1.0214876
1472,OK,,166.315789,10.5752368,124,123.6,124,48.4999205,2.36403741,0.233088722,0.001467187,0.030855925,0.94645092,0.047549607,0.996774194
1473,OK,,166.315789,10.5752368,127,123.6,127,49.6733057,1.82823581,0.3220077,0.002015472,0.023779346,0.956712293,0.084757244,0.973228346
1474,OK,,166.315789,10.5752368,130,123.6,130,50.8466908,1.31271098,0.458668422,0.002853637,0.017005394,0.965162346,0.16780774,0.950769231
1475,OK,,166.315789,10.5752368,133,123.6,133,52.020076,0.836042104,0.67490602,0.004171886,0.010777278,0.970954519,0.387100108,0.929323308
1476,OK,,166.315789,10.5752368,136,123.6,136,53.1934612,0.429144989,1.0249367,0.006290751,0.005496794,0.972664278,1.14444006,0.908823529
1477,OK,,166.315789,10.5752368,139,123.6,139,54.3668464,0.121990235,1.66663759,0.010146302,0.001549279,0.967100762,6.54904814,0.889208633
1478,OK,,166.315789,10.5752368,142,123.6,142,55.5402315,0.021399214,2.58069577,0.01556618,0.000268425,0.953149367,57.9907858,0.870422535
1479,OK,,166.315789,10.5752368,145,123.6,145,56.7136167,0.006817761,3.73595268,0.022307929,8.43E-05,0.934005788,264.544415,0.852413793
1480,OK,,166.315789,10.5752368,148,123.6,148,57.8870019,0.003281161,4.92588644,0.029111239,4.00E-05,0.914848456,727.587839,0.835135135
1481,OK,,166.315789,10.5752368,151,123.6,151,59.0603871,0.001745594,6.10930601,0.035731912,2.10E-05,0.896528758,1702.57827,0.818543046
1482,OK,,166.315789,10.5752368,154,123.6,154,60.2337722,0.000993475,7.31458257,0.042333171,1.18E-05,0.878546938,3594.48996,0.802597403
1483,OK,,166.315789,10.5752368,157,123.6,157,61.4071574,0.000623068,8.51283518,0.048750456,7.28E-06,0.861360489,6693.15276,0.787261146
1484,OK,,166.315789,10.5752368,160,123.6,160,62.5805426,0.000401545,9.73449006,0.055153886,4.63E-06,0.844442199,11914.3498,0.7725
1485,OK,,166.315789,11.0642842,121,123.6,121,47.3265353,3.02378661,0.166777648,0.001052107,0.03944838,0.932584031,0.026670484,1.0214876
1486,OK,,166.315789,11.0642842,124,123.6,124,48.4999205,2.46178612,0.224889267,0.001411263,0.03202576,0.94460454,0.04406651,0.996774194
1487,OK,,166.315789,11.0642842,127,123.6,127,49.6733057,1.92551561,0.308617297,0.001925881,0.02496297,0.95502347,0.077149521,0.973228346
1488,OK,,166.315789,11.0642842,130,123.6,130,50.8466908,1.4052612,0.43676823,0.002709453,0.018147144,0.963772875,0.149304642,0.950769231
1489,OK,,166.315789,11.0642842,133,123.6,133,52.020076,0.920414668,0.637081348,0.003926969,0.011829895,0.970059713,0.331953001,0.929323308
1490,OK,,166.315789,11.0642842,136,123.6,136,53.1934612,0.495921658,0.960903622,0.005881926,0.006335701,0.9726127,0.928378,0.908823529
1491,OK,,166.315789,11.0642842,139,123.6,139,54.3668464,0.180172911,1.49420419,0.009075211,0.002282985,0.96920224,3.97515077,0.889208633
1492,OK,,166.315789,11.0642842,142,123.6,142,55.5402315,0.030451153,2.38781886,0.014371397,0.000381441,0.95645913,37.6765591,0.870422535
1493,Errors,,166.315789,11.0642842,145,123.6,145,56.7136167,0.004622258,5.71357349,0.033722442,5.64E-05,0.8991742,597.787274,0.852413793
1494,OK,,166.315789,11.0642842,148,123.6,148,57.8870019,0.002994555,4.73094272,0.027901222,3.65E-05,0.918221067,764.984586,0.835135135
1495,OK,,166.315789,11.0642842,151,123.6,151,59.0603871,0.001948462,5.93766384,0.034649991,2.34E-05,0.899431538,1481.41943,0.818543046
1496,OK,,166.315789,11.0642842,154,123.6,154,60.2337722,0.001132262,7.11947133,0.041122976,1.34E-05,0.881783868,3067.12422,0.802597403
1497,OK,,166.315789,11.0642842,157,123.6,157,61.4071574,0.000687273,8.33689285,0.047647862,8.02E-06,0.86422462,5937.83308,0.787261146
1498,OK,,166.315789,11.0642842,160,123.6,160,62.5805426,0.000426551,9.62286292,0.054401427,4.91E-06,0.846225535,11077.2992,0.7725
1499,OK,,166.315789,11.5533316,121,123.6,121,47.3265353,3.12052562,0.16196841,0.001018619,0.040576392,0.930641573,0.025103724,1.0214876
1500,OK,,166.315789,11.5533316,124,123.6,124,48.4999205,2.56460258,0.216757712,0.001356082,0.033250639,0.942652271,0.040783646,0.996774194
1501,OK,,166.315789,11.5533316,127,123.6,127,49.6733057,2.03692437,0.294221172,0.001830503,0.026314882,0.953070457,0.06956153,0.973228346
1502,OK,,166.315789,11.5533316,130,123.6,130,50.8466908,1.50059623,0.41600791,0.002573128,0.019316659,0.962306217,0.133207728,0.950769231
1503,OK,,166.315789,11.5533316,133,123.6,133,52.020076,1.00747296,0.602186036,0.003701379,0.012910114,0.969056966,0.286703837,0.929323308
1504,OK,,166.315789,11.5533316,136,123.6,136,53.1934612,0.569902167,0.899344419,0.005490272,0.007261169,0.972379188,0.756114161,0.908823529
1505,OK,,166.315789,11.5533316,139,123.6,139,54.3668464,0.226065759,1.39318602,0.008440444,0.00285836,0.970216191,2.95289714,0.889208633
1506,OK,,166.315789,11.5533316,142,123.6,142,55.5402315,0.045219994,2.20291216,0.013229262,0.0005656,0.959522456,23.3897949,0.870422535
1507,OK,,166.315789,11.5533316,145,123.6,145,56.7136167,0.009640192,3.31106424,0.019689132,0.00011895,0.941447846,165.524668,0.852413793
1508,OK,,166.315789,11.5533316,148,123.6,148,57.8870019,0.004402223,4.53697399,0.026691979,5.35E-05,0.921547566,498.828107,0.835135135
1509,OK,,166.315789,11.5533316,151,123.6,151,59.0603871,0.00229567,5.70302078,0.0332228,2.75E-05,0.903398594,1206.42462,0.818543046
1510,OK,,166.315789,11.5533316,154,123.6,154,60.2337722,0.001279353,6.91944895,0.039882688,1.51E-05,0.885102194,2636.48439,0.802597403
1511,OK,,166.315789,11.5533316,157,123.6,157,61.4071574,0.000786699,8.10002308,0.046211581,9.18E-06,0.868080365,5035.5488,0.787261146
1512,OK,,166.315789,11.5533316,160,123.6,160,62.5805426,0.0005023,9.31019371,0.052558523,5.78E-06,0.851220593,9094.78507,0.7725
1513,OK,,166.315789,12.0423789,121,123.6,121,47.3265353,3.21969598,0.157287263,0.000986125,0.041726278,0.928645036,0.02363318,1.0214876
1514,OK,,166.315789,12.0423789,124,123.6,124,48.4999205,2.66364996,0.209498208,0.001306677,0.034420557,0.940759734,0.037962111,0.996774194
1515,OK,,166.315789,12.0423789,127,123.6,127,49.6733057,2.1281253,0.283713379,0.001759875,0.027406753,0.95144598,0.064213205,0.973228346
1516,OK,,166.315789,12.0423789,130,123.6,130,50.8466908,1.59342264,0.397622381,0.002452225,0.020447233,0.960842191,0.119929416,0.950769231
1517,OK,,166.315789,12.0423789,133,123.6,133,52.020076,1.09268991,0.571636144,0.003503645,0.013960619,0.968006082,0.250966275,0.929323308
1518,OK,,166.315789,12.0423789,136,123.6,136,53.1934612,0.645484099,0.844770284,0.005143109,0.008201625,0.971984256,0.627084169,0.908823529
1519,OK,,166.315789,12.0423789,139,123.6,139,54.3668464,0.282081335,1.29230355,0.007809494,0.00355834,0.971041453,2.19470118,0.889208633
1520,OK,,166.315789,12.0423789,142,123.6,142,55.5402315,0.065796492,2.03869781,0.012215304,0.000821637,0.962108651,14.8670362,0.870422535
1521,OK,,166.315789,12.0423789,145,123.6,145,56.7136167,0.012446106,3.11963786,0.018511287,0.000153379,0.944773687,120.689502,0.852413793
1522,OK,,166.315789,12.0423789,148,123.6,148,57.8870019,0.005312348,4.28825213,0.025189661,6.46E-05,0.925828522,390.206649,0.835135135
1523,OK,,166.315789,12.0423789,151,123.6,151,59.0603871,0.002678288,5.47552305,0.031830372,3.21E-05,0.907244066,992.240479,0.818543046
1524,OK,,166.315789,12.0423789,154,123.6,154,60.2337722,0.001460006,6.70694702,0.038581439,1.72E-05,0.888627148,2237.68529,0.802597403
1525,OK,,166.315789,12.0423789,157,123.6,157,61.4071574,0.000889012,7.88606826,0.044907172,1.04E-05,0.871562899,4334.81623,0.787261146
1526,OK,,166.315789,12.0423789,160,123.6,160,62.5805426,0.000565575,9.08685967,0.051206033,6.50E-06,0.854788328,7877.38331,0.7725
1527,OK,,166.315789,12.5314263,121,123.6,121,47.3265353,3.32359968,0.152600512,0.000953784,0.04292647,0.926548602,0.022219014,1.0214876
1528,OK,,166.315789,12.5314263,124,123.6,124,48.4999205,2.7664933,0.202376973,0.001258419,0.035629608,0.93878608,0.035319481,0.996774194
1529,OK,,166.315789,12.5314263,127,123.6,127,49.6733057,2.21853889,0.273999891,0.001694581,0.028482403,0.949821363,0.059495732,0.973228346
1530,OK,,166.315789,12.5314263,130,123.6,130,50.8466908,1.69046854,0.379878247,0.002335946,0.021623324,0.959282566,0.108028982,0.950769231
1531,OK,,166.315789,12.5314263,133,123.6,133,52.020076,1.18471332,0.54164952,0.003310423,0.015089978,0.966813527,0.219378888,0.929323308
1532,OK,,166.315789,12.5314263,136,123.6,136,53.1934612,0.725523574,0.793998934,0.004820835,0.009192778,0.971434036,0.524415459,0.908823529
1533,OK,,166.315789,12.5314263,139,123.6,139,54.3668464,0.343053883,1.20197521,0.007245098,0.004317096,0.97158141,1.67823404,0.889208633
1534,OK,,166.315789,12.5314263,142,123.6,142,55.5402315,0.092010561,1.89317004,0.011317033,0.001147014,0.96425689,9.86651452,0.870422535
1535,OK,,166.315789,12.5314263,145,123.6,145,56.7136167,0.016410899,2.9143763,0.017257106,0.000201988,0.948323042,85.4363741,0.852413793
1536,OK,,166.315789,12.5314263,148,123.6,148,57.8870019,0.006326281,4.08079847,0.023922291,7.68E-05,0.929394776,311.542763,0.835135135
1537,OK,,166.315789,12.5314263,151,123.6,151,59.0603871,0.00310252,5.2690752,0.030574782,3.71E-05,0.910732422,823.358506,0.818543046
1538,OK,,166.315789,12.5314263,154,123.6,154,60.2337722,0.001678463,6.47057709,0.037161517,1.98E-05,0.89254773,1875.76435,0.802597403
1539,OK,,166.315789,12.5314263,157,123.6,157,61.4071574,0.001108966,7.66938204,0.043592122,1.29E-05,0.875087997,3376.79683,0.787261146
1540,OK,,166.315789,12.5314263,160,123.6,160,62.5805426,0.000636913,8.87618027,0.049927489,7.31E-06,0.85815372,6827.37399,0.7725
1541,OK,,166.315789,13.0204737,121,123.6,121,47.3265353,3.42519545,0.148301129,0.000924055,0.044090197,0.924492749,0.020958282,1.0214876
1542,OK,,166.315789,13.0204737,124,123.6,124,48.4999205,2.86667343,0.195914166,0.001214534,0.036797766,0.936853761,0.033005648,0.996774194
1543,OK,,166.315789,13.0204737,127,123.6,127,49.6733057,2.31734921,0.263925546,0.001627404,0.029654122,0.948034971,0.05487952,0.973228346
1544,OK,,166.315789,13.0204737,130,123.6,130,50.8466908,1.78625009,0.363833993,0.002230747,0.022776049,0.957714375,0.097942668,0.950769231
1545,OK,,166.315789,13.0204737,133,123.6,133,52.020076,1.27451888,0.515312961,0.003140502,0.016184679,0.965593441,0.19404169,0.929323308
1546,OK,,166.315789,13.0204737,136,123.6,136,53.1934612,0.810290902,0.746573474,0.00452046,0.010237146,0.970732035,0.441574262,0.908823529
1547,OK,,166.315789,13.0204737,139,123.6,139,54.3668464,0.411357274,1.1173943,0.006717708,0.005163072,0.971880812,1.30110674,0.889208633
1548,OK,,166.315789,13.0204737,142,123.6,142,55.5402315,0.12823565,1.74604876,0.010413239,0.00159558,0.966253572,6.52630531,0.870422535
1549,OK,,166.315789,13.0204737,145,123.6,145,56.7136167,0.021976397,2.7196268,0.01606967,0.000270139,0.951658819,59.4866162,0.852413793
1550,OK,,166.315789,13.0204737,148,123.6,148,57.8870019,0.007432318,3.89688955,0.022796157,9.01E-05,0.932552702,253.001103,0.835135135
1551,OK,,166.315789,13.0204737,151,123.6,151,59.0603871,0.003642071,5.06478988,0.029329555,4.35E-05,0.914182209,673.627371,0.818543046
1552,OK,,166.315789,13.0204737,154,123.6,154,60.2337722,0.001949886,6.2532007,0.035844529,2.30E-05,0.896152103,1559.12287,0.802597403
1553,OK,,166.315789,13.0204737,157,123.6,157,61.4071574,0.001144535,7.45175921,0.042276411,1.33E-05,0.878631351,3176.42859,0.787261146
1554,OK,,166.315789,13.0204737,160,123.6,160,62.5805426,0.000711413,8.66077523,0.048627335,8.16E-06,0.861594574,5959.30792,0.7725
1555,OK,,166.315789,13.5095211,121,123.6,121,47.3265353,3.52751371,0.144198983,0.000895727,0.04525464,0.922417463,0.019793043,1.0214876
1556,OK,,166.315789,13.5095211,124,123.6,124,48.4999205,2.96740437,0.189799923,0.00117306,0.037964721,0.934902898,0.030898696,0.996774194
1557,OK,,166.315789,13.5095211,127,123.6,127,49.6733057,2.41686615,0.254459873,0.001564355,0.030826711,0.946222101,0.050746745,0.973228346
1558,OK,,166.315789,13.5095211,130,123.6,130,50.8466908,1.88038256,0.349331352,0.002135575,0.02390108,0.956148298,0.089350567,0.950769231
1559,OK,,166.315789,13.5095211,133,123.6,133,52.020076,1.36731389,0.490513548,0.002980842,0.017309605,0.964286338,0.172207396,0.929323308
1560,OK,,166.315789,13.5095211,136,123.6,136,53.1934612,0.889336126,0.707640936,0.004272945,0.011204368,0.969977944,0.381364252,0.908823529
1561,OK,,166.315789,13.5095211,139,123.6,139,54.3668464,0.474128743,1.05173322,0.006306603,0.005936805,0.971933962,1.06228912,0.889208633
1562,OK,,166.315789,13.5095211,142,123.6,142,55.5402315,0.169917723,1.61846318,0.009629285,0.002109974,0.967800262,4.56369879,0.870422535
1563,OK,,166.315789,13.5095211,145,123.6,145,56.7136167,0.031265654,2.51594511,0.014834796,0.000383807,0.955086434,38.651662,0.852413793
1564,OK,,166.315789,13.5095211,148,123.6,148,57.8870019,0.008531705,3.66886424,0.021419617,0.000103312,0.936472855,207.329286,0.835135135
1565,OK,,166.315789,13.5095211,151,123.6,151,59.0603871,0.003856589,4.89419027,0.028273137,4.60E-05,0.917067139,614.252153,0.818543046
1566,OK,,166.315789,13.5095211,154,123.6,154,60.2337722,0.002262357,6.03816763,0.034541538,2.66E-05,0.89971689,1296.43221,0.802597403
1567,OK,,166.315789,13.5095211,157,123.6,157,61.4071574,0.001729713,7.22204219,0.040895349,2.01E-05,0.882362705,2035.35943,0.787261146
1568,OK,,166.315789,13.5095211,160,123.6,160,62.5805426,0.00080481,8.4437344,0.047320788,9.22E-06,0.865061266,5131.56186,0.7725
1569,OK,,166.315789,13.9985684,121,123.6,121,47.3265353,3.62667011,0.140463192,0.000869847,0.046373547,0.920401245,0.018757404,1.0214876
1570,OK,,166.315789,13.9985684,124,123.6,124,48.4999205,3.06376393,0.184345722,0.001135914,0.03907132,0.933028557,0.029072827,0.996774194
1571,OK,,166.315789,13.9985684,127,123.6,127,49.6733057,2.52267553,0.244968958,0.001501499,0.032068147,0.944283062,0.046822124,0.973228346
1572,OK,,166.315789,13.9985684,130,123.6,130,50.8466908,1.97671428,0.33434349,0.002037985,0.025046023,0.954548512,0.081369614,0.950769231
1573,OK,,166.315789,13.9985684,133,123.6,133,52.020076,1.46296377,0.467174507,0.002830904,0.018462739,0.962896281,0.153330644,0.929323308
1574,OK,,166.315789,13.9985684,136,123.6,136,53.1934612,0.976263307,0.666574987,0.004013889,0.012263595,0.969115785,0.32730121,0.908823529
1575,OK,,166.315789,13.9985684,139,123.6,139,54.3668464,0.549780925,0.982698479,0.005877181,0.006865715,0.971812244,0.856018733,0.889208633
1576,OK,,166.315789,13.9985684,142,123.6,142,55.5402315,0.216443715,1.5067332,0.008941242,0.00268099,0.968974258,3.33505251,0.870422535
1577,OK,,166.315789,13.9985684,145,123.6,145,56.7136167,0.04525506,2.33713812,0.013750483,0.000554732,0.957992572,24.787602,0.852413793
1578,OK,,166.315789,13.9985684,148,123.6,148,57.8870019,0.009471244,3.45827842,0.02014518,0.000114542,0.940094502,175.876085,0.835135135
1579,OK,,166.315789,13.9985684,151,123.6,151,59.0603871,0.005022843,4.64290047,0.026776929,5.99E-05,0.921302187,446.957494,0.818543046
1580,OK,,166.315789,13.9985684,154,123.6,154,60.2337722,0.002591446,5.83303767,0.033303303,3.05E-05,0.903116991,1092.42287,0.802597403
1581,OK,,166.315789,13.9985684,157,123.6,157,61.4071574,0.001475666,7.03452762,0.03975598,1.71E-05,0.885420469,2321.80762,0.787261146
1582,OK,,166.315789,13.9985684,160,123.6,160,62.5805426,0.000911241,8.21798392,0.045973306,1.04E-05,0.868666924,4407.59052,0.7725
1583,OK,,166.315789,14.4876158,121,123.6,121,47.3265353,3.73259864,0.136611236,0.000843388,0.04756543,0.918244388,0.017731109,1.0214876
1584,OK,,166.315789,14.4876158,124,123.6,124,48.4999205,3.16981013,0.178556735,0.0010969,0.040286838,0.930961395,0.027227248,0.996774194
1585,OK,,166.315789,14.4876158,127,123.6,127,49.6733057,2.616571,0.237289475,0.001450118,0.033157082,0.942547402,0.043734777,0.973228346
1586,OK,,166.315789,14.4876158,130,123.6,130,50.8466908,2.07500232,0.321288787,0.001952685,0.026207365,0.952872231,0.074509003,0.950769231
1587,OK,,166.315789,14.4876158,133,123.6,133,52.020076,1.55315902,0.44722664,0.002702304,0.019541767,0.961545891,0.138283509,0.929323308
1588,OK,,166.315789,14.4876158,136,123.6,136,53.1934612,1.06124644,0.632892182,0.00380052,0.013292576,0.968151375,0.285912981,0.908823529
1589,OK,,166.315789,14.4876158,139,123.6,139,54.3668464,0.622066029,0.925860588,0.005522595,0.007748046,0.971528115,0.7127726,0.889208633
1590,OK,,166.315789,14.4876158,142,123.6,142,55.5402315,0.271087255,1.39961411,0.008286574,0.003351676,0.969919078,2.47236713,0.870422535
1591,OK,,166.315789,14.4876158,145,123.6,145,56.7136167,0.065953652,2.1721575,0.012748578,0.000807069,0.960536617,15.796146,0.852413793
1592,OK,,166.315789,14.4876158,148,123.6,148,57.8870019,0.013416348,3.25379138,0.01891528,0.000162055,0.943558871,116.721568,0.835135135
1593,OK,,166.315789,14.4876158,151,123.6,151,59.0603871,0.005814818,4.4294408,0.02549564,6.93E-05,0.924903038,368.022727,0.818543046
1594,OK,,166.315789,14.4876158,154,123.6,154,60.2337722,0.002977006,5.61989875,0.032024723,3.50E-05,0.906649118,915.430967,0.802597403
1595,OK,,166.315789,14.4876158,157,123.6,157,61.4071574,0.00168079,6.81884677,0.038465058,1.95E-05,0.888929437,1974.3472,0.787261146
1596,OK,,166.315789,14.4876158,160,123.6,160,62.5805426,0.000801286,8.06050913,0.045002394,9.16E-06,0.871185035,4911.97438,0.7725
1597,OK,,166.315789,14.9766632,121,123.6,121,47.3265353,3.8339423,0.133159246,0.00081956,0.048694907,0.916175957,0.01683051,1.0214876
1598,OK,,166.315789,14.9766632,124,123.6,124,48.4999205,3.27069513,0.173428614,0.001062179,0.041432484,0.928987023,0.025636393,0.996774194
1599,OK,,166.315789,14.9766632,127,123.6,127,49.6733057,2.71030968,0.230080071,0.001401899,0.034237251,0.940805434,0.040946593,0.973228346
1600,OK,,166.315789,14.9766632,130,123.6,130,50.8466908,2.17236058,0.309306507,0.001874373,0.027349992,0.951193145,0.068532841,0.950769231
1601,OK,,166.315789,14.9766632,133,123.6,133,52.020076,1.64146868,0.429308531,0.002586636,0.020590917,0.96019273,0.125620241,0.929323308
1602,OK,,166.315789,14.9766632,136,123.6,136,53.1934612,1.15095031,0.600652322,0.00359691,0.014373376,0.967071091,0.250248087,0.908823529
1603,OK,,166.315789,14.9766632,139,123.6,139,54.3668464,0.698727839,0.872721312,0.00519178,0.008679443,0.971095451,0.598169721,0.889208633
1604,OK,,166.315789,14.9766632,142,123.6,142,55.5402315,0.328492677,1.31188394,0.007745943,0.004051518,0.970465074,1.91186211,0.870422535
1605,OK,,166.315789,14.9766632,145,123.6,145,56.7136167,0.093859829,2.0109854,0.011776242,0.001146603,0.962886422,10.2705447,0.852413793
1606,OK,,166.315789,14.9766632,148,123.6,148,57.8870019,0.01746868,3.05115955,0.017700971,0.000210744,0.946989339,83.9927129,0.835135135
1607,OK,,166.315789,14.9766632,151,123.6,151,59.0603871,0.006864176,4.21929712,0.02423606,8.17E-05,0.928443386,296.744999,0.818543046
1608,OK,,166.315789,14.9766632,154,123.6,154,60.2337722,0.0033493,5.44387633,0.030949397,3.93E-05,0.909565258,787.808494,0.802597403
1609,OK,,166.315789,14.9766632,157,123.6,157,61.4071574,0.001434403,6.59330375,0.037124264,1.66E-05,0.89260636,2235.15641,0.787261146
1610,OK,,166.315789,14.9766632,160,123.6,160,62.5805426,0.001145493,7.80947298,0.043525737,1.31E-05,0.875190943,3326.51315,0.7725
1611,OK,,166.315789,15.4657105,121,123.6,121,47.3265353,3.93775823,0.129776925,0.000796296,0.049845783,0.914053815,0.015975185,1.0214876
1612,OK,,166.315789,15.4657105,124,123.6,124,48.4999205,3.37222964,0.168544026,0.001029148,0.042578117,0.926994238,0.024170815,0.996774194
1613,OK,,166.315789,15.4657105,127,123.6,127,49.6733057,2.81650182,0.222198348,0.001349832,0.035459574,0.938826295,0.03806678,0.973228346
1614,OK,,166.315789,15.4657105,130,123.6,130,50.8466908,2.27131355,0.297943879,0.001800242,0.028504452,0.949470509,0.06315651,0.950769231
1615,OK,,166.315789,15.4657105,133,123.6,133,52.020076,1.74492098,0.409539158,0.002460455,0.021818078,0.958584064,0.112771376,0.929323308
1616,OK,,166.315789,15.4657105,136,123.6,136,53.1934612,1.23988791,0.571785276,0.003414527,0.01543831,0.965941807,0.22117235,0.908823529
1617,OK,,166.315789,15.4657105,139,123.6,139,54.3668464,0.779528551,0.826215112,0.004900866,0.009655043,0.970464653,0.507596508,0.889208633
1618,OK,,166.315789,15.4657105,142,123.6,142,55.5402315,0.392264657,1.22547637,0.007217561,0.004826403,0.970872627,1.49543261,0.870422535
1619,OK,,166.315789,15.4657105,145,123.6,145,56.7136167,0.123947063,1.88292107,0.011000737,0.001511472,0.964613998,7.2781628,0.852413793
1620,OK,,166.315789,15.4657105,148,123.6,148,57.8870019,0.023286727,2.84901221,0.016494276,0.000280581,0.950380935,58.7862441,0.835135135
1621,OK,,166.315789,15.4657105,151,123.6,151,59.0603871,0.00794196,4.03734768,0.023138829,9.43E-05,0.931505873,245.254855,0.818543046
1622,OK,,166.315789,15.4657105,154,123.6,154,60.2337722,0.004033531,5.20210945,0.029529188,4.73E-05,0.913567708,624.373053,0.802597403
1623,OK,,166.315789,15.4657105,157,123.6,157,61.4071574,0.002238634,6.39012254,0.035911499,2.59E-05,0.895902018,1386.89706,0.787261146
1624,OK,,166.315789,15.4657105,160,123.6,160,62.5805426,0.000485793,7.59048239,0.042228392,5.54E-06,0.878700825,7617.80093,0.7725
1625,OK,,166.315789,15.9547579,121,123.6,121,47.3265353,4.0439741,0.126344847,0.000772863,0.051017343,0.911882015,0.015149015,1.0214876
1626,OK,,166.315789,15.9547579,124,123.6,124,48.4999205,3.47547729,0.163823711,0.000997309,0.043736713,0.924962743,0.022802553,0.996774194
1627,OK,,166.315789,15.9547579,127,123.6,127,49.6733057,2.91977179,0.215053216,0.001302542,0.036639085,0.936891154,0.035550615,0.973228346
1628,OK,,166.315789,15.9547579,130,123.6,130,50.8466908,2.36950671,0.287445633,0.001731747,0.029642555,0.947745816,0.058420992,0.950769231
1629,OK,,166.315789,15.9547579,133,123.6,133,52.020076,1.83779794,0.393485592,0.002357268,0.022909384,0.957107261,0.102895306,0.929323308
1630,OK,,166.315789,15.9547579,136,123.6,136,53.1934612,1.33439838,0.541318402,0.003222901,0.016562289,0.964737832,0.194592706,0.908823529
1631,OK,,166.315789,15.9547579,139,123.6,139,54.3668464,0.868219217,0.777668896,0.004600374,0.010721457,0.969726254,0.429081026,0.889208633
1632,OK,,166.315789,15.9547579,142,123.6,142,55.5402315,0.458923066,1.14875906,0.006748556,0.005632687,0.971053737,1.19810614,0.870422535
1633,OK,,166.315789,15.9547579,145,123.6,145,56.7136167,0.168267667,1.73700516,0.010125072,0.002047889,0.966405373,4.9441509,0.852413793
1634,OK,,166.315789,15.9547579,148,123.6,148,57.8870019,0.031969244,2.65908917,0.015362582,0.00038469,0.953511871,39.9349398,0.835135135
1635,OK,,166.315789,15.9547579,151,123.6,151,59.0603871,0.009225841,3.80840804,0.02179039,0.00010954,0.9353605,198.927135,0.818543046
1636,OK,,166.315789,15.9547579,154,123.6,154,60.2337722,0.004176588,4.98951476,0.028267787,4.89E-05,0.917094826,577.858683,0.802597403
1637,OK,,166.315789,15.9547579,157,123.6,157,61.4071574,0.002499385,6.18628179,0.034697799,2.89E-05,0.899217267,1201.67436,0.787261146
1638,OK,,166.315789,15.9547579,160,123.6,160,62.5805426,0.001465486,7.37806046,0.040971227,1.67E-05,0.882079547,2452.60475,0.7725
1639,OK,,166.315789,16.4438053,121,123.6,121,47.3265353,4.14381782,0.123435463,0.000752768,0.052106102,0.909833812,0.014446838,1.0214876
1640,OK,,166.315789,16.4438053,124,123.6,124,48.4999205,3.57723367,0.159439297,0.000967696,0.044869577,0.92295507,0.021566864,0.996774194
1641,OK,,166.315789,16.4438053,127,123.6,127,49.6733057,3.01809548,0.208728278,0.00126049,0.037751822,0.935039077,0.033388858,0.973228346
1642,OK,,166.315789,16.4438053,130,123.6,130,50.8466908,2.46853313,0.27754478,0.001667222,0.030783049,0.945992987,0.054160377,0.950769231
1643,OK,,166.315789,16.4438053,133,123.6,133,52.020076,1.93135167,0.378491417,0.002260971,0.024001892,0.955597084,0.094199682,0.929323308
1644,OK,,166.315789,16.4438053,136,123.6,136,53.1934612,1.42090711,0.518206315,0.003076748,0.017585096,0.963546019,0.174963378,0.908823529
1645,OK,,166.315789,16.4438053,139,123.6,139,54.3668464,0.943113654,0.741648177,0.004375632,0.011616317,0.969011228,0.376679768,0.889208633
1646,OK,,166.315789,16.4438053,142,123.6,142,55.5402315,0.530580842,1.07770521,0.006314928,0.006495571,0.971042864,0.972189734,0.870422535
1647,OK,,166.315789,16.4438053,145,123.6,145,56.7136167,0.211991303,1.62507497,0.009450171,0.002574838,0.967608021,3.67020005,0.852413793
1648,OK,,166.315789,16.4438053,148,123.6,148,57.8870019,0.045848148,2.47305143,0.014257664,0.000550919,0.956485921,25.8797833,0.835135135
1649,OK,,166.315789,16.4438053,151,123.6,151,59.0603871,0.011707244,3.59812158,0.020546274,0.000138839,0.938879019,147.986276,0.818543046
1650,OK,,166.315789,16.4438053,154,123.6,154,60.2337722,0.00546087,4.78007442,0.027028561,6.39E-05,0.920550629,423.057855,0.802597403
1651,OK,,166.315789,16.4438053,157,123.6,157,61.4071574,0.002811787,5.9718207,0.033430408,3.24E-05,0.902704624,1030.32587,0.787261146
1652,OK,,166.315789,16.4438053,160,123.6,160,62.5805426,0.001660292,7.16518658,0.039715707,1.89E-05,0.885478032,2100.6887,0.7725
1653,OK,,166.315789,16.9328526,121,123.6,121,47.3265353,4.24734109,0.120526689,0.000732789,0.053230328,0.907707848,0.013766383,1.0214876
1654,OK,,166.315789,16.9328526,124,123.6,124,48.4999205,3.67912055,0.155275114,0.000939589,0.045996438,0.920940166,0.020427436,0.996774194
1655,OK,,166.315789,16.9328526,127,123.6,127,49.6733057,3.11829931,0.20261789,0.001219967,0.038879516,0.933144832,0.031378143,0.973228346
1656,OK,,166.315789,16.9328526,130,123.6,130,50.8466908,2.56663755,0.268382819,0.001607491,0.031905234,0.944243759,0.050383293,0.950769231
1657,OK,,166.315789,16.9328526,133,123.6,133,52.020076,2.03277817,0.364936163,0.002173322,0.025178865,0.953907904,0.08631532,0.929323308
1658,OK,,166.315789,16.9328526,136,123.6,136,53.1934612,1.51246285,0.495588146,0.002934252,0.018662255,0.962250041,0.157229208,0.908823529
1659,OK,,166.315789,16.9328526,139,123.6,139,54.3668464,1.03445867,0.701283664,0.004126279,0.012703782,0.968073514,0.324807157,0.889208633
1660,OK,,166.315789,16.9328526,142,123.6,142,55.5402315,0.600397199,1.01772076,0.005948043,0.007331693,0.970865841,0.811278275,0.870422535
1661,OK,,166.315789,16.9328526,145,123.6,145,56.7136167,0.262019775,1.52021952,0.00881924,0.003175737,0.968574755,2.7770687,0.852413793
1662,OK,,166.315789,16.9328526,148,123.6,148,57.8870019,0.065212849,2.30378182,0.013253148,0.000782418,0.959075533,16.9387037,0.835135135
1663,OK,,166.315789,16.9328526,151,123.6,151,59.0603871,0.013995135,3.39244141,0.019332999,0.000165777,0.942322821,116.620632,0.818543046
1664,OK,,166.315789,16.9328526,154,123.6,154,60.2337722,0.006240018,4.57461704,0.025816234,7.29E-05,0.923948694,354.024447,0.802597403
1665,OK,,166.315789,16.9328526,157,123.6,157,61.4071574,0.00324367,5.76118387,0.032193132,3.74E-05,0.906127758,860.839626,0.787261146
1666,OK,,166.315789,16.9328526,160,123.6,160,62.5805426,0.001803998,7.02191237,0.038823124,2.05E-05,0.887765173,1894.20435,0.7725
1667,OK,,166.315789,17.4219,121,123.6,121,47.3265353,4.35368291,0.117650101,0.000713123,0.054380567,0.905521649,0.013113563,1.0214876
1668,OK,,166.315789,17.4219,124,123.6,124,48.4999205,3.78400548,0.151167615,0.000911989,0.047151626,0.918862277,0.019341616,0.996774194
1669,OK,,166.315789,17.4219,127,123.6,127,49.6733057,3.22016006,0.196721182,0.001180965,0.040020073,0.931212928,0.029509306,0.973228346
1670,OK,,166.315789,17.4219,130,123.6,130,50.8466908,2.66704314,0.259536843,0.00154999,0.033048093,0.942443059,0.046901035,0.950769231
1671,OK,,166.315789,17.4219,133,123.6,133,52.020076,2.12903782,0.351557334,0.002087685,0.026290074,0.952314657,0.079409633,0.929323308
1672,OK,,166.315789,17.4219,136,123.6,136,53.1934612,1.60763917,0.473873722,0.002797867,0.019776635,0.960869008,0.141473368,0.908823529
1673,OK,,166.315789,17.4219,139,123.6,139,54.3668464,1.11893078,0.667979781,0.003919722,0.013702781,0.967132348,0.286053006,0.889208633
1674,OK,,166.315789,17.4219,142,123.6,142,55.5402315,0.678310054,0.958421544,0.005586992,0.008261245,0.970530703,0.676289332,0.870422535
1675,OK,,166.315789,17.4219,145,123.6,145,56.7136167,0.319250777,1.42056603,0.00822127,0.003860791,0.969322767,2.12942633,0.852413793
1676,OK,,166.315789,17.4219,148,123.6,148,57.8870019,0.087280944,2.16624878,0.012434141,0.001045535,0.961070194,11.8926093,0.835135135
1677,OK,,166.315789,17.4219,151,123.6,151,59.0603871,0.018353474,3.19069829,0.018146786,0.000217143,0.945664905,83.5706154,0.818543046
1678,OK,,166.315789,17.4219,154,123.6,154,60.2337722,0.007356605,4.35588159,0.024534742,8.59E-05,0.927561598,285.696866,0.802597403
1679,OK,,166.315789,17.4219,157,123.6,157,61.4071574,0.004610918,5.56043715,0.031008055,5.31E-05,0.909374602,584.09918,0.787261146
1680,OK,,166.315789,17.4219,160,123.6,160,62.5805426,0.00189957,6.72823142,0.037157499,2.16E-05,0.892456493,1721.35303,0.7725
1681,OK,,171.578947,8.13,121,123.6,121,47.3265353,2.41107072,0.201793651,0.001297051,0.032108808,0.944790711,0.040395497,1.0214876
1682,OK,,171.578947,8.13,124,123.6,124,48.4999205,1.86957498,0.276938003,0.00177011,0.024813885,0.955741928,0.07133545,0.996774194
1683,OK,,171.578947,8.13,127,123.6,127,49.6733057,1.34174647,0.391341436,0.002486514,0.017740859,0.965110276,0.140157479,0.973228346
1684,OK,,171.578947,8.13,130,123.6,130,50.8466908,0.855318205,0.580213305,0.00366297,0.011255586,0.971767455,0.325435739,0.950769231
1685,OK,,171.578947,8.13,133,123.6,133,52.020076,0.433450737,0.904548363,0.005670311,0.005668922,0.974279178,1.00024512,0.929323308
1686,OK,,171.578947,8.13,136,123.6,136,53.1934612,0.131095301,1.49831249,0.009316449,0.001699729,0.969368269,5.48113768,0.908823529
1687,OK,,171.578947,8.13,139,123.6,139,54.3668464,0.024429087,2.45040268,0.015092849,0.000312792,0.954479027,48.25197,0.889208633
1688,OK,,171.578947,8.13,142,123.6,142,55.5402315,0.007897617,3.60090546,0.021953364,9.97E-05,0.935023622,220.217927,0.870422535
1689,OK,,171.578947,8.13,145,123.6,145,56.7136167,0.003820441,4.78704268,0.028881158,4.75E-05,0.915525346,607.60485,0.852413793
1690,OK,,171.578947,8.13,148,123.6,148,57.8870019,0.001968578,5.98241163,0.035712689,2.41E-05,0.896619621,1479.26966,0.835135135
1691,OK,,171.578947,8.13,151,123.6,151,59.0603871,0.001133072,7.17624313,0.042384132,1.37E-05,0.878473939,3094.19568,0.818543046
1692,OK,,171.578947,8.13,154,123.6,154,60.2337722,0.000692668,8.37677142,0.048944219,8.26E-06,0.860917492,5928.8038,0.802597403
1693,OK,,171.578947,8.13,157,123.6,157,61.4071574,0.000441471,9.60771691,0.055526352,5.19E-06,0.843533575,10704.1197,0.787261146
1694,OK,,171.578947,8.13,160,123.6,160,62.5805426,0.000289582,10.8735184,0.06212734,3.35E-06,0.82624299,18532.9143,0.7725
1695,OK,,171.578947,8.61904737,121,123.6,121,47.3265353,2.51402603,0.194459475,0.001246004,0.033364021,0.942770256,0.037345733,1.0214876
1696,OK,,171.578947,8.61904737,124,123.6,124,48.4999205,1.96331744,0.266075462,0.001695491,0.025973059,0.954033061,0.065278832,0.996774194
1697,OK,,171.578947,8.61904737,127,123.6,127,49.6733057,1.43737918,0.371781554,0.002355168,0.018943336,0.963578813,0.124327014,0.973228346
1698,OK,,171.578947,8.61904737,130,123.6,130,50.8466908,0.941325226,0.546468002,0.003439956,0.012349692,0.970739625,0.278545924,0.950769231
1699,OK,,171.578947,8.61904737,133,123.6,133,52.020076,0.502612156,0.843591344,0.005273665,0.006555827,0.974121462,0.804424074,0.929323308
1700,OK,,171.578947,8.61904737,136,123.6,136,53.1934612,0.177913383,1.3658825,0.008471929,0.002301744,0.970977713,3.68065676,0.908823529
1701,OK,,171.578947,8.61904737,139,123.6,139,54.3668464,0.034232033,2.24743726,0.013811835,0.000437652,0.958031973,31.5589757,0.889208633
1702,OK,,171.578947,8.61904737,142,123.6,142,55.5402315,0.009816831,3.42748094,0.020849748,0.000123757,0.938111569,168.473798,0.870422535
1703,OK,,171.578947,8.61904737,145,123.6,145,56.7136167,0.004371043,4.59973513,0.027684818,5.43E-05,0.918818329,509.960582,0.852413793
1704,OK,,171.578947,8.61904737,148,123.6,148,57.8870019,0.001972769,5.76313283,0.034334694,2.42E-05,0.900407597,1420.81377,0.835135135
1705,OK,,171.578947,8.61904737,151,123.6,151,59.0603871,0.001281542,6.97905906,0.041133024,1.55E-05,0.881810111,2658.53888,0.818543046
1706,OK,,171.578947,8.61904737,154,123.6,154,60.2337722,0.000779073,8.17109058,0.047651065,9.28E-06,0.864330768,5137.50689,0.802597403
1707,OK,,171.578947,8.61904737,157,123.6,157,61.4071574,0.00049924,9.37681801,0.054095369,5.86E-06,0.847292764,9230.85985,0.787261146
1708,OK,,171.578947,8.61904737,160,123.6,160,62.5805426,0.00032663,10.6326872,0.060654311,3.78E-06,0.830090737,16053.1571,0.7725
1709,OK,,171.578947,9.10809474,121,123.6,121,47.3265353,2.61177327,0.18801623,0.001200971,0.034544721,0.940841021,0.034765703,1.0214876
1710,OK,,171.578947,9.10809474,124,123.6,124,48.4999205,2.06492683,0.255080218,0.00162044,0.027224284,0.952164725,0.059521861,0.996774194
1711,OK,,171.578947,9.10809474,127,123.6,127,49.6733057,1.52819049,0.355078205,0.00224264,0.020076202,0.962086906,0.111706403,0.973228346
1712,OK,,171.578947,9.10809474,130,123.6,130,50.8466908,1.02886438,0.515925575,0.003238273,0.013456671,0.969618673,0.2406444,0.950769231
1713,OK,,171.578947,9.10809474,133,123.6,133,52.020076,0.581554491,0.783904229,0.004886973,0.007563838,0.973751312,0.646097037,0.929323308
1714,OK,,171.578947,9.10809474,136,123.6,136,53.1934612,0.224694094,1.26454715,0.00782329,0.002900542,0.972003302,2.69718239,0.908823529
1715,OK,,171.578947,9.10809474,139,123.6,139,54.3668464,0.047077073,2.07460668,0.012721012,0.000601024,0.960974677,21.165565,0.889208633
1716,OK,,171.578947,9.10809474,142,123.6,142,55.5402315,0.011833772,3.2109258,0.019491383,0.000149,0.941974322,130.81501,0.870422535
1717,OK,,171.578947,9.10809474,145,123.6,145,56.7136167,0.005272555,4.36506853,0.02622689,6.54E-05,0.92294018,400.747859,0.852413793
1718,OK,,171.578947,9.10809474,148,123.6,148,57.8870019,0.002635808,5.5581736,0.033047293,3.23E-05,0.903936821,1024.68161,0.835135135
1719,Errors,,171.578947,9.10809474,151,123.6,151,59.0603871,0.003008818,6.31178876,0.036626815,3.63E-05,0.893078967,1008.08268,0.818543046
1720,OK,,171.578947,9.10809474,154,123.6,154,60.2337722,0.000882284,7.95544081,0.046305754,1.05E-05,0.867909267,4413.14826,0.802597403
1721,OK,,171.578947,9.10809474,157,123.6,157,61.4071574,0.000551015,9.19433459,0.052936219,6.46E-06,0.850263618,8194.31618,0.787261146
1722,OK,,171.578947,9.10809474,160,123.6,160,62.5805426,0.00035629,10.4582685,0.059559278,4.12E-06,0.832877371,14458.5158,0.7725
1723,OK,,171.578947,9.59714211,121,123.6,121,47.3265353,2.72252622,0.18105859,0.001152902,0.035880665,0.938647848,0.032131564,1.0214876
1724,OK,,171.578947,9.59714211,124,123.6,124,48.4999205,2.16485904,0.245108598,0.001552333,0.028446061,0.950309864,0.054571089,0.996774194
1725,OK,,171.578947,9.59714211,127,123.6,127,49.6733057,1.6259192,0.338410265,0.002130969,0.021289985,0.960455028,0.100092572,0.973228346
1726,OK,,171.578947,9.59714211,130,123.6,130,50.8466908,1.11879211,0.487837144,0.003053078,0.014587469,0.968402482,0.209294561,0.950769231
1727,OK,,171.578947,9.59714211,133,123.6,133,52.020076,0.657219294,0.734899511,0.004568727,0.008524064,0.973238816,0.535979928,0.929323308
1728,OK,,171.578947,9.59714211,136,123.6,136,53.1934612,0.282985622,1.16321882,0.007177878,0.003644259,0.972812364,1.96964004,0.908823529
1729,OK,,171.578947,9.59714211,139,123.6,139,54.3668464,0.066486336,1.90979897,0.01168341,0.000847447,0.963649072,13.7866022,0.889208633
1730,OK,,171.578947,9.59714211,142,123.6,142,55.5402315,0.014760807,2.98225317,0.018065829,0.000185626,0.946038864,97.3235668,0.870422535
1731,OK,,171.578947,9.59714211,145,123.6,145,56.7136167,0.006209148,4.15842505,0.024933486,7.70E-05,0.926567297,323.900127,0.852413793
1732,OK,,171.578947,9.59714211,148,123.6,148,57.8870019,0.002658603,5.3484177,0.03173614,3.25E-05,0.907559968,976.696425,0.835135135
1733,OK,,171.578947,9.59714211,151,123.6,151,59.0603871,0.001678891,6.54393426,0.038423242,2.02E-05,0.889170839,1899.38167,0.818543046
1734,OK,,171.578947,9.59714211,154,123.6,154,60.2337722,0.000995734,7.74801723,0.045012024,1.18E-05,0.871351027,3805.1637,0.802597403
1735,OK,,171.578947,9.59714211,157,123.6,157,61.4071574,0.00062924,8.94841292,0.05143322,7.37E-06,0.854267116,6977.95483,0.787261146
1736,OK,,171.578947,9.59714211,160,123.6,160,62.5805426,0.000414391,10.1635112,0.057792498,4.79E-06,0.83758649,12072.965,0.7725
1737,OK,,171.578947,10.0861895,121,123.6,121,47.3265353,2.80892996,0.176190964,0.001118464,0.036903559,0.936925006,0.030307743,1.0214876
1738,OK,,171.578947,10.0861895,124,123.6,124,48.4999205,2.26300878,0.236049591,0.001490397,0.029637102,0.948472939,0.050288217,0.996774194
1739,OK,,171.578947,10.0861895,127,123.6,127,49.6733057,1.7249014,0.322977282,0.002027693,0.022511525,0.958773054,0.090073572,0.973228346
1740,OK,,171.578947,10.0861895,130,123.6,130,50.8466908,1.20516921,0.463681842,0.002893488,0.015665899,0.967178768,0.184699777,0.950769231
1741,OK,,171.578947,10.0861895,133,123.6,133,52.020076,0.738481468,0.688854183,0.004270492,0.009550303,0.972561831,0.447157786,0.929323308
1742,OK,,171.578947,10.0861895,136,123.6,136,53.1934612,0.345584004,1.07530558,0.006618035,0.004439322,0.973288266,1.49077599,0.908823529
1743,OK,,171.578947,10.0861895,139,123.6,139,54.3668464,0.092032337,1.76162809,0.010751509,0.001171015,0.965904581,9.18135607,0.889208633
1744,OK,,171.578947,10.0861895,142,123.6,142,55.5402315,0.018897197,2.78255942,0.016819874,0.000237339,0.949559868,70.868525,0.870422535
1745,OK,,171.578947,10.0861895,145,123.6,145,56.7136167,0.007664856,3.94056778,0.023578838,9.49E-05,0.930382986,248.426037,0.852413793
1746,OK,,171.578947,10.0861895,148,123.6,148,57.8870019,0.003511469,5.15496181,0.03051855,4.28E-05,0.910887192,712.295194,0.835135135
1747,OK,,171.578947,10.0861895,151,123.6,151,59.0603871,0.002536934,6.33631798,0.03713086,3.05E-05,0.892671633,1216.05645,0.818543046
1748,OK,,171.578947,10.0861895,154,123.6,154,60.2337722,0.001140595,7.51705376,0.043589518,1.35E-05,0.875183073,3220.26932,0.802597403
1749,OK,,171.578947,10.0861895,157,123.6,157,61.4071574,0.000706659,8.73640061,0.050121964,8.27E-06,0.857718422,6061.20711,0.787261146
1750,OK,,171.578947,10.0861895,160,123.6,160,62.5805426,0.000463731,9.94415316,0.056444454,5.35E-06,0.841090913,10547.2849,0.7725
1751,OK,,171.578947,10.5752368,121,123.6,121,47.3265353,2.91696359,0.17021651,0.001077163,0.038188092,0.934768517,0.02820678,1.0214876
1752,OK,,171.578947,10.5752368,124,123.6,124,48.4999205,2.36129631,0.227607033,0.001432708,0.03082183,0.946620462,0.046483553,0.996774194
1753,OK,,171.578947,10.5752368,127,123.6,127,49.6733057,1.82181382,0.309164163,0.001935164,0.023698838,0.957100138,0.081656512,0.973228346
1754,OK,,171.578947,10.5752368,130,123.6,130,50.8466908,1.30276799,0.438782032,0.002730089,0.016879908,0.965749,0.161736019,0.950769231
1755,OK,,171.578947,10.5752368,133,123.6,133,52.020076,0.822216912,0.647253603,0.004001312,0.010601945,0.971751858,0.377413059,0.929323308
1756,OK,,171.578947,10.5752368,136,123.6,136,53.1934612,0.414408009,0.995459221,0.006110407,0.005309563,0.973495479,1.15083058,0.908823529
1757,OK,,171.578947,10.5752368,139,123.6,139,54.3668464,0.116679356,1.65601419,0.01008197,0.001481983,0.96739385,6.80302559,0.889208633
1758,OK,,171.578947,10.5752368,142,123.6,142,55.5402315,0.024496553,2.5868915,0.015603246,0.000307259,0.952982046,50.7820811,0.870422535
1759,OK,,171.578947,10.5752368,145,123.6,145,56.7136167,0.008552248,3.73942227,0.022328405,0.000105775,0.933914027,211.092483,0.852413793
1760,OK,,171.578947,10.5752368,148,123.6,148,57.8870019,0.004055393,4.92743518,0.029120252,4.95E-05,0.914808326,588.871698,0.835135135
1761,OK,,171.578947,10.5752368,151,123.6,151,59.0603871,0.002223689,6.11026238,0.035737401,2.67E-05,0.89650447,1336.73963,0.818543046
1762,OK,,171.578947,10.5752368,154,123.6,154,60.2337722,0.00112366,7.31484299,0.042334645,1.33E-05,0.878540454,3178.15887,0.802597403
1763,OK,,171.578947,10.5752368,157,123.6,157,61.4071574,0.000897808,8.51338477,0.048753524,1.05E-05,0.861347065,4645.28554,0.787261146
1764,OK,,171.578947,10.5752368,160,123.6,160,62.5805426,0.000516812,9.73472065,0.055155155,5.96E-06,0.844436672,9257.26266,0.7725
1765,OK,,171.578947,11.0642842,121,123.6,121,47.3265353,3.02277494,0.164754638,0.001039352,0.039435976,0.932648153,0.026355434,1.0214876
1766,OK,,171.578947,11.0642842,124,123.6,124,48.4999205,2.45922472,0.219766991,0.001379142,0.031994065,0.944762967,0.043106196,0.996774194
1767,OK,,171.578947,11.0642842,127,123.6,127,49.6733057,1.91938321,0.296353044,0.001849422,0.024886487,0.955393823,0.074314301,0.973228346
1768,OK,,171.578947,11.0642842,130,123.6,130,50.8466908,1.39563485,0.417515298,0.002590181,0.018026253,0.964340843,0.143689371,0.950769231
1769,OK,,171.578947,11.0642842,133,123.6,133,52.020076,0.90693204,0.610114332,0.003761072,0.01165969,0.97083729,0.322570487,0.929323308
1770,OK,,171.578947,11.0642842,136,123.6,136,53.1934612,0.480880337,0.930817589,0.005698312,0.006145343,0.973461063,0.927257029,0.908823529
1771,OK,,171.578947,11.0642842,139,123.6,139,54.3668464,0.172060211,1.47797638,0.008977114,0.002180531,0.969649948,4.11693929,0.889208633
1772,OK,,171.578947,11.0642842,142,123.6,142,55.5402315,0.033112577,2.3931426,0.014403197,0.000414758,0.956315357,34.7267393,0.870422535
1773,Errors,,171.578947,11.0642842,145,123.6,145,56.7136167,0.005824406,5.71597833,0.033736385,7.11E-05,0.8991106,474.611711,0.852413793
1774,OK,,171.578947,11.0642842,148,123.6,148,57.8870019,0.004900826,4.73475596,0.027923382,5.97E-05,0.918122262,467.816845,0.835135135
1775,OK,,171.578947,11.0642842,151,123.6,151,59.0603871,0.00249209,5.9387513,0.034656223,2.99E-05,0.89940392,1158.48031,0.818543046
1776,OK,,171.578947,11.0642842,154,123.6,154,60.2337722,0.001447162,7.12010125,0.041126536,1.71E-05,0.881768182,2399.94386,0.802597403
1777,OK,,171.578947,11.0642842,157,123.6,157,61.4071574,0.000881087,8.33728056,0.047650023,1.03E-05,0.86421515,4631.90393,0.787261146
1778,OK,,171.578947,11.0642842,160,123.6,160,62.5805426,0.000548738,9.62310735,0.05440277,6.32E-06,0.846219676,8610.95417,0.7725
1779,OK,,171.578947,11.5533316,121,123.6,121,47.3265353,3.11960378,0.160125041,0.001007032,0.040565146,0.930700002,0.024825048,1.0214876
1780,OK,,171.578947,11.5533316,124,123.6,124,48.4999205,2.56222517,0.212003425,0.001326359,0.033221378,0.942799317,0.039924866,0.996774194
1781,OK,,171.578947,11.5533316,127,123.6,127,49.6733057,2.03113258,0.28263822,0.001758506,0.026243055,0.953420237,0.067008438,0.973228346
1782,OK,,171.578947,11.5533316,130,123.6,130,50.8466908,1.49135902,0.397533433,0.002459005,0.019201236,0.962851222,0.128064948,0.950769231
1783,OK,,171.578947,11.5533316,133,123.6,133,52.020076,0.994375224,0.575989078,0.003540656,0.012745541,0.969812341,0.277795697,0.929323308
1784,OK,,171.578947,11.5533316,136,123.6,136,53.1934612,0.554739979,0.869016846,0.005305645,0.007070072,0.973234364,0.750437276,0.908823529
1785,OK,,171.578947,11.5533316,139,123.6,139,54.3668464,0.216371394,1.37379449,0.008323476,0.002736298,0.970751184,3.04187518,0.889208633
1786,OK,,171.578947,11.5533316,142,123.6,142,55.5402315,0.046448877,2.20537033,0.013243922,0.000580957,0.959456071,22.7967473,0.870422535
1787,OK,,171.578947,11.5533316,145,123.6,145,56.7136167,0.012725702,3.31723634,0.019725455,0.000157013,0.941284611,125.629715,0.852413793
1788,OK,,171.578947,11.5533316,148,123.6,148,57.8870019,0.005477565,4.53912506,0.026704457,6.66E-05,0.921491829,401.094831,0.835135135
1789,OK,,171.578947,11.5533316,151,123.6,151,59.0603871,0.002917728,5.70426513,0.033229923,3.50E-05,0.903366992,949.429891,0.818543046
1790,OK,,171.578947,11.5533316,154,123.6,154,60.2337722,0.001635384,6.92016115,0.039886708,1.93E-05,0.885084459,2062.73043,0.802597403
1791,OK,,171.578947,11.5533316,157,123.6,157,61.4071574,0.001007366,8.1004645,0.046214039,1.18E-05,0.868069583,3932.71833,0.787261146
1792,OK,,171.578947,11.5533316,160,123.6,160,62.5805426,0.000645251,9.31047967,0.052560094,7.42E-06,0.851213739,7080.13581,0.7725
1793,OK,,171.578947,12.0423789,121,123.6,121,47.3265353,3.21886209,0.155619779,0.000975676,0.041716159,0.928697889,0.023388432,1.0214876
1794,OK,,171.578947,12.0423789,124,123.6,124,48.4999205,2.66143079,0.2050604,0.001279016,0.034393384,0.940896992,0.037187852,0.996774194
1795,OK,,171.578947,12.0423789,127,123.6,127,49.6733057,2.1225562,0.272575878,0.00169085,0.027338023,0.95178231,0.06184977,0.973228346
1796,OK,,171.578947,12.0423789,130,123.6,130,50.8466908,1.58453965,0.379856509,0.002342793,0.020336783,0.961366293,0.115199786,0.950769231
1797,OK,,171.578947,12.0423789,133,123.6,133,52.020076,1.07997293,0.546200945,0.003348022,0.013801566,0.968739494,0.242582753,0.929323308
1798,OK,,171.578947,12.0423789,136,123.6,136,53.1934612,0.630350055,0.814499227,0.004959293,0.008011682,0.97283784,0.619007721,0.908823529
1799,OK,,171.578947,12.0423789,139,123.6,139,54.3668464,0.271019328,1.27017646,0.007676317,0.003419527,0.971651919,2.24484787,0.889208633
1800,OK,,171.578947,12.0423789,142,123.6,142,55.5402315,0.064996836,2.03709824,0.012205782,0.000811663,0.962151849,15.0379831,0.870422535
1801,OK,,171.578947,12.0423789,145,123.6,145,56.7136167,0.016076295,3.1268995,0.018553958,0.000198102,0.944581637,93.6583825,0.852413793
1802,OK,,171.578947,12.0423789,148,123.6,148,57.8870019,0.006932236,4.2914925,0.025208444,8.42E-05,0.925744561,299.257204,0.835135135
1803,OK,,171.578947,12.0423789,151,123.6,151,59.0603871,0.003400965,5.47696867,0.031838636,4.07E-05,0.907207353,781.610512,0.818543046
1804,OK,,171.578947,12.0423789,154,123.6,154,60.2337722,0.001863968,6.7077551,0.038585994,2.20E-05,0.888607025,1752.9501,0.802597403
1805,OK,,171.578947,12.0423789,157,123.6,157,61.4071574,0.001596799,7.88748412,0.044915046,1.86E-05,0.871528316,2413.84568,0.787261146
1806,OK,,171.578947,12.0423789,160,123.6,160,62.5805426,0.000726107,9.0871808,0.051207794,8.35E-06,0.854780631,6136.03859,0.7725
1807,OK,,171.578947,12.5314263,121,123.6,121,47.3265353,3.32285682,0.151115077,0.000944504,0.042917503,0.926595685,0.022007435,1.0214876
1808,OK,,171.578947,12.5314263,124,123.6,124,48.4999205,2.76443277,0.198256436,0.001232813,0.035604511,0.938913525,0.034625203,0.996774194
1809,OK,,171.578947,12.5314263,127,123.6,127,49.6733057,2.21317593,0.263274754,0.001628307,0.028416537,0.950145241,0.057301391,0.973228346
1810,OK,,171.578947,12.5314263,130,123.6,130,50.8466908,1.68194844,0.362838313,0.002231286,0.02151792,0.959785254,0.103694321,0.950769231
1811,OK,,171.578947,12.5314263,133,123.6,133,52.020076,1.1724302,0.517082306,0.003160523,0.014937093,0.967521914,0.211588876,0.929323308
1812,OK,,171.578947,12.5314263,136,123.6,136,53.1934612,0.710544658,0.764038398,0.004639369,0.009005597,0.972278866,0.515165114,0.908823529
1813,OK,,171.578947,12.5314263,139,123.6,139,54.3668464,0.330969265,1.17780276,0.007099938,0.004165987,0.972248307,1.70426286,0.889208633
1814,OK,,171.578947,12.5314263,142,123.6,142,55.5402315,0.088977159,1.88710226,0.011280976,0.001109264,0.964420757,10.1697879,0.870422535
1815,OK,,171.578947,12.5314263,145,123.6,145,56.7136167,0.019365297,2.92028613,0.017291783,0.000238338,0.948166744,72.5515926,0.852413793
1816,OK,,171.578947,12.5314263,148,123.6,148,57.8870019,0.007973143,4.08409279,0.023941361,9.68E-05,0.929309417,247.397817,0.835135135
1817,OK,,171.578947,12.5314263,151,123.6,151,59.0603871,0.003932144,5.27073476,0.030584258,4.71E-05,0.910690275,649.853193,0.818543046
1818,OK,,171.578947,12.5314263,154,123.6,154,60.2337722,0.002162372,6.4715451,0.037166969,2.55E-05,0.892523625,1456.22033,0.802597403
1819,OK,,171.578947,12.5314263,157,123.6,157,61.4071574,0.001288352,7.66974088,0.043594115,1.50E-05,0.875079232,2906.76366,0.787261146
1820,OK,,171.578947,12.5314263,160,123.6,160,62.5805426,0.000812541,8.8765316,0.049929414,9.33E-06,0.858145299,5351.87643,0.7725
1821,OK,,171.578947,13.0204737,121,123.6,121,47.3265353,3.42453159,0.146973657,0.000915787,0.044082225,0.924534826,0.020774526,1.0214876
1822,OK,,171.578947,13.0204737,124,123.6,124,48.4999205,2.86475194,0.192071719,0.001190728,0.036774484,0.936972605,0.032379199,0.996774194
1823,OK,,171.578947,13.0204737,127,123.6,127,49.6733057,2.31221537,0.253658684,0.001564149,0.029591392,0.948345011,0.052858233,0.973228346
1824,OK,,171.578947,13.0204737,130,123.6,130,50.8466908,1.77806531,0.347464812,0.002130496,0.022675299,0.958197277,0.09395668,0.950769231
1825,OK,,171.578947,13.0204737,133,123.6,133,52.020076,1.2626469,0.491568257,0.002996021,0.016037612,0.966278112,0.18681215,0.929323308
1826,OK,,171.578947,13.0204737,136,123.6,136,53.1934612,0.795573115,0.717135484,0.004342621,0.010054058,0.971562133,0.43192718,0.908823529
1827,OK,,171.578947,13.0204737,139,123.6,139,54.3668464,0.398528121,1.09173275,0.006563964,0.00500328,0.972588793,1.31193213,0.889208633
1828,OK,,171.578947,13.0204737,142,123.6,142,55.5402315,0.122750293,1.73507631,0.010348156,0.001527487,0.966549895,6.77462841,0.870422535
1829,OK,,171.578947,13.0204737,145,123.6,145,56.7136167,0.025058075,2.72579122,0.016105786,0.000308002,0.951495788,52.2911469,0.852413793
1830,OK,,171.578947,13.0204737,148,123.6,148,57.8870019,0.009239574,3.90050471,0.022817053,0.000112009,0.932459029,203.707573,0.835135135
1831,OK,,171.578947,13.0204737,151,123.6,151,59.0603871,0.005138837,5.06778397,0.029346628,6.14E-05,0.914106171,477.713848,0.818543046
1832,OK,,171.578947,13.0204737,154,123.6,154,60.2337722,0.002480028,6.25426119,0.035850494,2.92E-05,0.896125695,1226.05349,0.802597403
1833,OK,,171.578947,13.0204737,157,123.6,157,61.4071574,0.001461072,7.45239241,0.042279924,1.70E-05,0.878615885,2488.48485,0.787261146
1834,OK,,171.578947,13.0204737,160,123.6,160,62.5805426,0.000914364,8.66118121,0.048629556,1.05E-05,0.861584844,4636.81928,0.7725
1835,OK,,171.578947,13.5095211,121,123.6,121,47.3265353,3.5269238,0.14301941,0.000888403,0.045247594,0.922454852,0.019634264,1.0214876
1836,OK,,171.578947,13.5095211,124,123.6,124,48.4999205,2.96561323,0.186218184,0.001150937,0.037943131,0.935013679,0.030333202,0.996774194
1837,OK,,171.578947,13.5095211,127,123.6,127,49.6733057,2.41194931,0.244627058,0.001503953,0.030766941,0.946519034,0.048882112,0.973228346
1838,OK,,171.578947,13.5095211,130,123.6,130,50.8466908,1.87250489,0.333576523,0.002039363,0.023804587,0.956613078,0.085671029,0.950769231
1839,OK,,171.578947,13.5095211,133,123.6,133,52.020076,1.35586443,0.467614112,0.00284189,0.017168459,0.964946638,0.16552969,0.929323308
1840,OK,,171.578947,13.5095211,136,123.6,136,53.1934612,0.874893241,0.678753016,0.004098886,0.011025471,0.970792533,0.371765181,0.908823529
1841,OK,,171.578947,13.5095211,139,123.6,139,54.3668464,0.460852211,1.02517696,0.006147875,0.005772028,0.972666629,1.06511525,0.889208633
1842,OK,,171.578947,13.5095211,142,123.6,142,55.5402315,0.16227631,1.60317799,0.009538799,0.002015378,0.968213055,4.73300792,0.870422535
1843,OK,,171.578947,13.5095211,145,123.6,145,56.7136167,0.033692917,2.52080048,0.014863202,0.000413585,0.954958023,35.9374803,0.852413793
1844,OK,,171.578947,13.5095211,148,123.6,148,57.8870019,0.011321891,3.67444562,0.021451836,0.000137092,0.936328236,156.477769,0.835135135
1845,OK,,171.578947,13.5095211,151,123.6,151,59.0603871,0.005223986,4.89692557,0.028288705,6.23E-05,0.916997673,453.730403,0.818543046
1846,OK,,171.578947,13.5095211,154,123.6,154,60.2337722,0.002870066,6.03938329,0.034548366,3.38E-05,0.899686619,1022.13833,0.802597403
1847,OK,,171.578947,13.5095211,157,123.6,157,61.4071574,0.001681658,7.22194606,0.040894816,1.95E-05,0.882365053,2093.49257,0.787261146
1848,OK,,171.578947,13.5095211,160,123.6,160,62.5805426,0.001029786,8.44418445,0.047323248,1.18E-05,0.865050479,4010.69859,0.7725
1849,OK,,171.578947,13.9985684,121,123.6,121,47.3265353,3.62614254,0.139408272,0.000863317,0.046367278,0.920434682,0.018619111,1.0214876
1850,OK,,171.578947,13.9985684,124,123.6,124,48.4999205,3.06208219,0.180982766,0.001115204,0.039051151,0.933132572,0.028557512,0.996774194
1851,OK,,171.578947,13.9985684,127,123.6,127,49.6733057,2.5179858,0.235590438,0.001444058,0.032011443,0.944566278,0.045110679,0.973228346
1852,OK,,171.578947,13.9985684,130,123.6,130,50.8466908,1.96969617,0.320307836,0.001952518,0.024960487,0.954962575,0.078224374,0.950769231
1853,OK,,171.578947,13.9985684,133,123.6,133,52.020076,1.45194279,0.445132239,0.002697524,0.018327544,0.963531867,0.147184168,0.929323308
1854,OK,,171.578947,13.9985684,136,123.6,136,53.1934612,0.96317002,0.640386681,0.003856511,0.012102159,0.969854252,0.318663058,0.908823529
1855,OK,,171.578947,13.9985684,139,123.6,139,54.3668464,0.53623218,0.955597932,0.005715588,0.006698248,0.972559929,0.853295939,0.889208633
1856,OK,,171.578947,13.9985684,142,123.6,142,55.5402315,0.206962858,1.48776864,0.008829224,0.002564015,0.969486416,3.44351544,0.870422535
1857,OK,,171.578947,13.9985684,145,123.6,145,56.7136167,0.046052506,2.33873329,0.013759801,0.000564499,0.957950384,24.3752485,0.852413793
1858,OK,,171.578947,13.9985684,148,123.6,148,57.8870019,0.013483861,3.4663051,0.020191442,0.000163057,0.939886523,123.830592,0.835135135
1859,OK,,171.578947,13.9985684,151,123.6,151,59.0603871,0.006283618,4.64542249,0.026791271,7.49E-05,0.921238137,357.477396,0.818543046
1860,OK,,171.578947,13.9985684,154,123.6,154,60.2337722,0.003261102,5.83437724,0.033310818,3.84E-05,0.903083634,868.304052,0.802597403
1861,OK,,171.578947,13.9985684,157,123.6,157,61.4071574,0.001879,7.03533445,0.039760445,2.18E-05,0.885400762,1823.64172,0.787261146
1862,OK,,171.578947,13.9985684,160,123.6,160,62.5805426,0.001307061,8.21877572,0.04597763,1.50E-05,0.868647947,3073.14216,0.7725
1863,OK,,171.578947,14.4876158,121,123.6,121,47.3265353,3.73213991,0.135693977,0.000837727,0.047560008,0.918273462,0.017614116,1.0214876
1864,OK,,171.578947,14.4876158,124,123.6,124,48.4999205,3.16825419,0.175445369,0.001077797,0.040268277,0.931057628,0.026765409,0.996774194
1865,OK,,171.578947,14.4876158,127,123.6,127,49.6733057,2.61204912,0.228246681,0.001394896,0.033102675,0.942820479,0.04213846,0.973228346
1866,OK,,171.578947,14.4876158,130,123.6,130,50.8466908,2.06827202,0.307828864,0.00187096,0.02612575,0.953269311,0.07161363,0.950769231
1867,OK,,171.578947,14.4876158,133,123.6,133,52.020076,1.54251226,0.425933008,0.002573814,0.01941178,0.962159893,0.132590303,0.929323308
1868,OK,,171.578947,14.4876158,136,123.6,136,53.1934612,1.04850028,0.607398385,0.003647722,0.013136127,0.968870259,0.277686291,0.908823529
1869,OK,,171.578947,14.4876158,139,123.6,139,54.3668464,0.608402476,0.89853059,0.005360035,0.007579832,0.972282132,0.707144284,0.889208633
1870,OK,,171.578947,14.4876158,142,123.6,142,55.5402315,0.260099269,1.37763495,0.008157002,0.00321649,0.97051265,2.53599453,0.870422535
1871,OK,,171.578947,14.4876158,145,123.6,145,56.7136167,0.064600004,2.16944975,0.012732792,0.000790524,0.96060823,16.1067664,0.852413793
1872,OK,,171.578947,14.4876158,148,123.6,148,57.8870019,0.017085483,3.26113097,0.018957523,0.00020636,0.943368695,91.8663379,0.835135135
1873,OK,,171.578947,14.4876158,151,123.6,151,59.0603871,0.007364196,4.43254013,0.025513241,8.77E-05,0.924824327,290.801987,0.818543046
1874,OK,,171.578947,14.4876158,154,123.6,154,60.2337722,0.003778028,5.6215011,0.032033701,4.44E-05,0.906609217,721.552931,0.802597403
1875,OK,,171.578947,14.4876158,157,123.6,157,61.4071574,0.002180243,6.81984587,0.03847058,2.53E-05,0.888905033,1522.29368,0.787261146
1876,OK,,171.578947,14.4876158,160,123.6,160,62.5805426,0.001252041,8.06141082,0.04500731,1.43E-05,0.871163423,3143.95489,0.7725
1877,OK,,171.578947,14.9766632,121,123.6,121,47.3265353,3.83353919,0.132353219,0.000814601,0.048690167,0.916201506,0.016730305,1.0214876
1878,OK,,171.578947,14.9766632,124,123.6,124,48.4999205,3.26924317,0.170525195,0.001044407,0.041415253,0.929076825,0.025217928,0.996774194
1879,OK,,171.578947,14.9766632,127,123.6,127,49.6733057,2.70594463,0.221350978,0.001348749,0.034184987,0.94106904,0.039454428,0.973228346
1880,OK,,171.578947,14.9766632,130,123.6,130,50.8466908,2.16589588,0.296377868,0.0017961,0.027271988,0.951574553,0.065858772,0.950769231
1881,OK,,171.578947,14.9766632,133,123.6,133,52.020076,1.63116712,0.408705465,0.00246266,0.020465729,0.96078682,0.12033092,0.929323308
1882,OK,,171.578947,14.9766632,136,123.6,136,53.1934612,1.1385958,0.575942078,0.003449204,0.01422244,0.967767883,0.242518444,0.908823529
1883,OK,,171.578947,14.9766632,139,123.6,139,54.3668464,0.685078467,0.845419878,0.005029793,0.008512097,0.971848683,0.590899427,0.889208633
1884,OK,,171.578947,14.9766632,142,123.6,142,55.5402315,0.316505023,1.28790527,0.007604928,0.003904548,0.971112647,1.94771026,0.870422535
1885,OK,,171.578947,14.9766632,145,123.6,145,56.7136167,0.089926104,2.00311664,0.011730446,0.001098629,0.963094529,10.6773482,0.852413793
1886,OK,,171.578947,14.9766632,148,123.6,148,57.8870019,0.020440887,3.05710503,0.017735143,0.000246588,0.946835286,71.9222583,0.835135135
1887,OK,,171.578947,14.9766632,151,123.6,151,59.0603871,0.008317852,4.22220502,0.024252551,9.90E-05,0.928369537,245.057214,0.818543046
1888,OK,,171.578947,14.9766632,154,123.6,154,60.2337722,0.004261847,5.44570178,0.030959607,5.00E-05,0.909519802,619.337213,0.802597403
1889,OK,,171.578947,14.9766632,157,123.6,157,61.4071574,0.002317094,6.59506948,0.037134013,2.68E-05,0.892563231,1384.06439,0.787261146
1890,OK,,171.578947,14.9766632,160,123.6,160,62.5805426,0.001520693,7.81022354,0.043529826,1.74E-05,0.875172955,2506.01439,0.7725
1891,OK,,171.578947,15.4657105,121,123.6,121,47.3265353,3.93740995,0.129080527,0.000792024,0.049841709,0.914075889,0.015890795,1.0214876
1892,OK,,171.578947,15.4657105,124,123.6,124,48.4999205,3.37087539,0.165836015,0.001012621,0.042562128,0.927077996,0.0237916,0.996774194
1893,OK,,171.578947,15.4657105,127,123.6,127,49.6733057,2.81232564,0.213847027,0.001299133,0.035409836,0.939078492,0.036688472,0.973228346
1894,OK,,171.578947,15.4657105,130,123.6,130,50.8466908,2.26510547,0.285528569,0.001725293,0.028429922,0.949836774,0.060685828,0.950769231
1895,OK,,171.578947,15.4657105,133,123.6,133,52.020076,1.73504577,0.389788984,0.002341944,0.021698691,0.959153563,0.107930191,0.929323308
1896,OK,,171.578947,15.4657105,136,123.6,136,53.1934612,1.22792125,0.547850972,0.003271844,0.015292787,0.96661672,0.213946866,0.908823529
1897,OK,,171.578947,15.4657105,139,123.6,139,54.3668464,0.766153856,0.799463272,0.004742577,0.009491789,0.971202723,0.499650489,0.889208633
1898,OK,,171.578947,15.4657105,142,123.6,142,55.5402315,0.379394972,1.19973355,0.007066508,0.004669185,0.971567844,1.51343523,0.870422535
1899,OK,,171.578947,15.4657105,145,123.6,145,56.7136167,0.117727337,1.87047957,0.010928466,0.001435792,0.964943042,7.61145697,0.852413793
1900,OK,,171.578947,15.4657105,148,123.6,148,57.8870019,0.026487577,2.85541505,0.016531023,0.000319129,0.95021503,51.8005062,0.835135135
1901,OK,,171.578947,15.4657105,151,123.6,151,59.0603871,0.009653854,4.0407721,0.023158217,0.000114679,0.931418906,201.93974,0.818543046
1902,OK,,171.578947,15.4657105,154,123.6,154,60.2337722,0.005031406,5.20410559,0.029540343,5.90E-05,0.913518002,500.739618,0.802597403
1903,OK,,171.578947,15.4657105,157,123.6,157,61.4071574,0.00277902,6.39120352,0.03591746,3.21E-05,0.895875614,1117.40835,0.787261146
1904,OK,,171.578947,15.4657105,160,123.6,160,62.5805426,0.001652075,7.59281543,0.042241086,1.89E-05,0.878644908,2240.73463,0.7725
1905,OK,,171.578947,15.9547579,121,123.6,121,47.3265353,4.04373925,0.125875265,0.000769991,0.05101461,0.911896899,0.015093542,1.0214876
1906,OK,,171.578947,15.9547579,124,123.6,124,48.4999205,3.47421743,0.161304462,0.00098198,0.043721915,0.925040663,0.022459678,0.996774194
1907,OK,,171.578947,15.9547579,127,123.6,127,49.6733057,2.91576251,0.207035731,0.001254013,0.036591582,0.937133271,0.034270537,0.973228346
1908,OK,,171.578947,15.9547579,130,123.6,130,50.8466908,2.36353591,0.275504948,0.001659872,0.02957123,0.94809808,0.05613131,0.950769231
1909,OK,,171.578947,15.9547579,133,123.6,133,52.020076,1.82826205,0.374414204,0.002243151,0.022794649,0.957657189,0.098406894,0.929323308
1910,OK,,171.578947,15.9547579,136,123.6,136,53.1934612,1.32497028,0.522461579,0.003110814,0.016448208,0.965269569,0.189127832,0.908823529
1911,OK,,171.578947,15.9547579,139,123.6,139,54.3668464,0.855067942,0.751364158,0.004445129,0.010561674,0.97045199,0.420873475,0.889208633
1912,OK,,171.578947,15.9547579,142,123.6,142,55.5402315,0.445442917,1.12179532,0.006590702,0.005468617,0.971781928,1.2051862,0.870422535
1913,OK,,171.578947,15.9547579,145,123.6,145,56.7136167,0.159478692,1.71942439,0.010023133,0.001941241,0.966870336,5.16326134,0.852413793
1914,OK,,171.578947,15.9547579,148,123.6,148,57.8870019,0.034437271,2.6640261,0.015390874,0.00041437,0.95338395,37.1428696,0.835135135
1915,OK,,171.578947,15.9547579,151,123.6,151,59.0603871,0.012039114,3.81403563,0.021822221,0.000142935,0.935217581,152.672765,0.818543046
1916,OK,,171.578947,15.9547579,154,123.6,154,60.2337722,0.005853059,4.99286834,0.028286505,6.86E-05,0.917011317,412.630031,0.802597403
1917,OK,,171.578947,15.9547579,157,123.6,157,61.4071574,0.003116246,6.18751575,0.034704595,3.60E-05,0.899187126,964.001906,0.787261146
1918,OK,,171.578947,15.9547579,160,123.6,160,62.5805426,0.001866562,7.37886278,0.040975587,2.13E-05,0.882060317,1925.82137,0.7725
1919,OK,,171.578947,16.4438053,121,123.6,121,47.3265353,4.14362436,0.123048635,0.00075041,0.052103862,0.909846073,0.0144022,1.0214876
1920,OK,,171.578947,16.4438053,124,123.6,124,48.4999205,3.57605774,0.157087916,0.000953432,0.044855836,0.923027798,0.021255467,0.996774194
1921,OK,,171.578947,16.4438053,127,123.6,127,49.6733057,3.01556976,0.203677542,0.001230009,0.037722047,0.935191603,0.032607162,0.973228346
1922,OK,,171.578947,16.4438053,130,123.6,130,50.8466908,2.46278795,0.266055399,0.001598262,0.030714763,0.946331938,0.05203563,0.950769231
1923,OK,,171.578947,16.4438053,133,123.6,133,52.020076,1.92214128,0.360071169,0.002151059,0.023891604,0.956128237,0.090034079,0.929323308
1924,OK,,171.578947,16.4438053,136,123.6,136,53.1934612,1.41181387,0.50001938,0.002968934,0.017475561,0.964058867,0.169890651,0.908823529
1925,OK,,171.578947,16.4438053,139,123.6,139,54.3668464,0.930163574,0.715746046,0.004223151,0.011459603,0.969725858,0.36852507,0.889208633
1926,OK,,171.578947,16.4438053,142,123.6,142,55.5402315,0.516704704,1.04994958,0.006152816,0.006327336,0.971792442,0.972418082,0.870422535
1927,OK,,171.578947,16.4438053,145,123.6,145,56.7136167,0.201263194,1.6036154,0.00932599,0.002445022,0.968175569,3.8142772,0.852413793
1928,OK,,171.578947,16.4438053,148,123.6,148,57.8870019,0.046805048,2.47496557,0.014268616,0.000562407,0.956436324,25.3706076,0.835135135
1929,OK,,171.578947,16.4438053,151,123.6,151,59.0603871,0.01438081,3.60346969,0.020576484,0.000170537,0.938743197,120.656826,0.818543046
1930,OK,,171.578947,16.4438053,154,123.6,154,60.2337722,0.006751609,4.78265639,0.027042954,7.90E-05,0.920486335,342.369843,0.802597403
1931,OK,,171.578947,16.4438053,157,123.6,157,61.4071574,0.004155366,5.97450839,0.033445191,4.79E-05,0.902638976,697.509143,0.787261146
1932,OK,,171.578947,16.4438053,160,123.6,160,62.5805426,0.002111363,7.16608891,0.039720605,2.40E-05,0.885456406,1652.11481,0.7725
1933,OK,,171.578947,16.9328526,121,123.6,121,47.3265353,4.24718969,0.12022396,0.000730949,0.053228584,0.907717444,0.013732268,1.0214876
1934,OK,,171.578947,16.9328526,124,123.6,124,48.4999205,3.67802253,0.153079536,0.00092631,0.045983673,0.921008075,0.020144323,0.996774194
1935,OK,,171.578947,16.9328526,127,123.6,127,49.6733057,3.11590322,0.197826426,0.001191135,0.038851411,0.933289529,0.030658742,0.973228346
1936,OK,,171.578947,16.9328526,130,123.6,130,50.8466908,2.56109979,0.257308332,0.001541213,0.031839739,0.944570471,0.048405327,0.950769231
1937,OK,,171.578947,16.9328526,133,123.6,133,52.020076,2.02392609,0.347232674,0.002068005,0.025073415,0.954418391,0.082478011,0.929323308
1938,OK,,171.578947,16.9328526,136,123.6,136,53.1934612,1.50372808,0.478118319,0.002830971,0.01855753,0.962742669,0.15255104,0.908823529
1939,OK,,171.578947,16.9328526,139,123.6,139,54.3668464,1.02183812,0.67604085,0.003978063,0.012551765,0.968769957,0.316932579,0.889208633
1940,OK,,171.578947,16.9328526,142,123.6,142,55.5402315,0.586298594,0.989520331,0.005783727,0.007161413,0.971627433,0.807623787,0.870422535
1941,OK,,171.578947,16.9328526,145,123.6,145,56.7136167,0.249712941,1.49560213,0.008677078,0.003027265,0.96922582,2.86630911,0.852413793
1942,OK,,171.578947,16.9328526,148,123.6,148,57.8870019,0.063958998,2.30127368,0.01323882,0.000767392,0.959140522,17.2517013,0.835135135
1943,OK,,171.578947,16.9328526,151,123.6,151,59.0603871,0.017431959,3.39931632,0.01937178,0.000206474,0.942148224,93.8217663,0.818543046
1944,OK,,171.578947,16.9328526,154,123.6,154,60.2337722,0.007874225,4.57788608,0.025834432,9.20E-05,0.92386729,280.75657,0.802597403
1945,OK,,171.578947,16.9328526,157,123.6,157,61.4071574,0.004130487,5.76295785,0.032202878,4.76E-05,0.906084428,676.232378,0.787261146
1946,OK,,171.578947,16.9328526,160,123.6,160,62.5805426,0.002292994,7.02289056,0.038828422,2.61E-05,0.887741728,1490.46883,0.7725
1947,OK,,171.578947,17.4219,121,123.6,121,47.3265353,4.35357425,0.117432844,0.000711807,0.054379322,0.905528536,0.013089656,1.0214876
1948,OK,,171.578947,17.4219,124,123.6,124,48.4999205,3.7829846,0.149126287,0.000899679,0.047139819,0.918925416,0.019085333,0.996774194
1949,OK,,171.578947,17.4219,127,123.6,127,49.6733057,3.21788982,0.192181431,0.001153728,0.039993579,0.931350024,0.028847824,0.973228346
1950,OK,,171.578947,17.4219,130,123.6,130,50.8466908,2.66170933,0.248870306,0.001486337,0.032985327,0.942757737,0.045060557,0.950769231
1951,OK,,171.578947,17.4219,133,123.6,133,52.020076,2.12049044,0.334463376,0.00198628,0.026188747,0.95280757,0.075844789,0.929323308
1952,OK,,171.578947,17.4219,136,123.6,136,53.1934612,1.59926519,0.457125616,0.002699122,0.019676715,0.961341286,0.137173402,0.908823529
1953,OK,,171.578947,17.4219,139,123.6,139,54.3668464,1.10661581,0.64334836,0.00377547,0.013555089,0.967811924,0.278527859,0.889208633
1954,OK,,171.578947,17.4219,142,123.6,142,55.5402315,0.664139542,0.930077492,0.005422235,0.008090793,0.971296176,0.670173415,0.870422535
1955,OK,,171.578947,17.4219,145,123.6,145,56.7136167,0.305550405,1.39316129,0.008063342,0.003696044,0.970047551,2.18161415,0.852413793
1956,OK,,171.578947,17.4219,148,123.6,148,57.8870019,0.083829148,2.159344,0.012394766,0.00100425,0.961249105,12.3423155,0.835135135
1957,OK,,171.578947,17.4219,151,123.6,151,59.0603871,0.021186359,3.1963651,0.018178708,0.000250647,0.945520989,72.5272288,0.818543046
1958,OK,,171.578947,17.4219,154,123.6,154,60.2337722,0.009199363,4.3595678,0.024555237,0.000107385,0.927469806,228.666255,0.802597403
1959,OK,,171.578947,17.4219,157,123.6,157,61.4071574,0.004598624,5.56041256,0.03100792,5.29E-05,0.909375203,585.658011,0.787261146
1960,OK,,171.578947,17.4219,160,123.6,160,62.5805426,0.002728846,6.72989031,0.037166482,3.10E-05,0.892416734,1198.55379,0.7725
1961,OK,,176.842105,8.13,121,123.6,121,47.3265353,2.41208402,0.203820034,0.001310067,0.032121641,0.944726483,0.040784565,1.0214876
1962,OK,,176.842105,8.13,124,123.6,124,48.4999205,1.86937812,0.276544309,0.001767596,0.024811371,0.955754104,0.07124135,0.996774194
1963,OK,,176.842105,8.13,127,123.6,127,49.6733057,1.34114691,0.390142294,0.002478905,0.017733146,0.965146487,0.139789342,0.973228346
1964,OK,,176.842105,8.13,130,123.6,130,50.8466908,0.852712287,0.57500113,0.003630127,0.011221881,0.971921213,0.32348653,0.950769231
1965,OK,,176.842105,8.13,133,123.6,133,52.020076,0.429967181,0.897580463,0.005626761,0.005623753,0.97448009,1.00053482,0.929323308
1966,OK,,176.842105,8.13,136,123.6,136,53.1934612,0.130835511,1.49779283,0.009313233,0.001696369,0.969382922,5.49009744,0.908823529
1967,OK,,176.842105,8.13,139,123.6,139,54.3668464,0.02854016,2.45862617,0.015143099,0.000365402,0.95425215,41.4423447,0.889208633
1968,OK,,176.842105,8.13,142,123.6,142,55.5402315,0.010410278,3.60593164,0.021983654,0.000131399,0.934887885,167.303978,0.870422535
1969,OK,,176.842105,8.13,145,123.6,145,56.7136167,0.004781954,4.78896605,0.028892587,5.95E-05,0.915474479,485.633961,0.852413793
1970,OK,,176.842105,8.13,148,123.6,148,57.8870019,0.002499847,5.98347437,0.035718914,3.07E-05,0.896592084,1165.10878,0.835135135
1971,OK,,176.842105,8.13,151,123.6,151,59.0603871,0.00143946,7.17685602,0.042387672,1.74E-05,0.878458374,2435.815,0.818543046
1972,OK,,176.842105,8.13,154,123.6,154,60.2337722,0.000885482,8.37715712,0.048946415,1.06E-05,0.860907888,4638.02623,0.802597403
1973,OK,,176.842105,8.13,157,123.6,157,61.4071574,0.000566178,9.60796638,0.055527752,6.65E-06,0.843527482,8346.64626,0.787261146
1974,OK,,176.842105,8.13,160,123.6,160,62.5805426,0.000372552,10.8736844,0.062128257,4.31E-06,0.826239012,14405.7551,0.7725
1975,OK,,176.842105,8.61904737,121,123.6,121,47.3265353,2.51510853,0.196624211,0.001259865,0.033377655,0.942701643,0.03774577,1.0214876
1976,OK,,176.842105,8.61904737,124,123.6,124,48.4999205,1.96324868,0.265937947,0.001694615,0.025972185,0.954037314,0.065247319,0.996774194
1977,OK,,176.842105,8.61904737,127,123.6,127,49.6733057,1.43700628,0.371035757,0.00235045,0.018938564,0.963601334,0.124109187,0.973228346
1978,OK,,176.842105,8.61904737,130,123.6,130,50.8466908,0.938942197,0.541701675,0.003410006,0.012319016,0.970880231,0.276808349,0.950769231
1979,OK,,176.842105,8.61904737,133,123.6,133,52.020076,0.498938056,0.836242363,0.00522785,0.00650838,0.974333363,0.80324891,0.929323308
1980,OK,,176.842105,8.61904737,136,123.6,136,53.1934612,0.176030592,1.36211637,0.008448673,0.00227747,0.971083909,3.70967467,0.908823529
1981,OK,,176.842105,8.61904737,139,123.6,139,54.3668464,0.038236301,2.2554471,0.013860702,0.000488807,0.95781099,28.3561677,0.889208633
1982,OK,,176.842105,8.61904737,142,123.6,142,55.5402315,0.011564828,3.43097753,0.020870786,0.000145788,0.938017141,143.158491,0.870422535
1983,OK,,176.842105,8.61904737,145,123.6,145,56.7136167,0.005555931,4.60210532,0.027698877,6.90E-05,0.918755644,401.416431,0.852413793
1984,OK,,176.842105,8.61904737,148,123.6,148,57.8870019,0.002897778,5.76498319,0.03434552,3.55E-05,0.900359653,967.593314,0.835135135
1985,OK,,176.842105,8.61904737,151,123.6,151,59.0603871,0.001624931,6.97974597,0.041136986,1.96E-05,0.881792666,2096.93714,0.818543046
1986,OK,,176.842105,8.61904737,154,123.6,154,60.2337722,0.000995048,8.17152261,0.047653522,1.18E-05,0.864320009,4022.63405,0.802597403
1987,OK,,176.842105,8.61904737,157,123.6,157,61.4071574,0.000639639,9.37709887,0.054096944,7.51E-06,0.847285904,7204.93012,0.787261146
1988,OK,,176.842105,8.61904737,160,123.6,160,62.5805426,0.000419981,10.632874,0.060655343,4.86E-06,0.830086262,12485.1755,0.7725
1989,OK,,176.842105,9.10809474,121,123.6,121,47.3265353,2.61290761,0.190284635,0.001215452,0.034558933,0.940769122,0.035170413,1.0214876
1990,OK,,176.842105,9.10809474,124,123.6,124,48.4999205,2.06499653,0.255219601,0.001621325,0.027225164,0.952160414,0.059552432,0.996774194
1991,OK,,176.842105,9.10809474,127,123.6,127,49.6733057,1.52797111,0.354639452,0.002239872,0.020073408,0.962100156,0.111584062,0.973228346
1992,OK,,176.842105,9.10809474,130,123.6,130,50.8466908,1.0267179,0.511632423,0.003211371,0.013429173,0.969745321,0.239133969,0.950769231
1993,OK,,176.842105,9.10809474,133,123.6,133,52.020076,0.577829969,0.776454453,0.004840648,0.007515952,0.97396612,0.644049914,0.929323308
1994,OK,,176.842105,9.10809474,136,123.6,136,53.1934612,0.221598689,1.25835548,0.007785141,0.002860758,0.972177893,2.7213558,0.908823529
1995,OK,,176.842105,9.10809474,139,123.6,139,54.3668464,0.050829425,2.0821126,0.012766729,0.000648882,0.960767597,19.6749598,0.889208633
1996,OK,,176.842105,9.10809474,142,123.6,142,55.5402315,0.015058556,3.21737647,0.01953014,0.000189591,0.941800116,103.011825,0.870422535
1997,OK,,176.842105,9.10809474,145,123.6,145,56.7136167,0.006620425,4.36776474,0.026242867,8.22E-05,0.922868873,319.361108,0.852413793
1998,OK,,176.842105,9.10809474,148,123.6,148,57.8870019,0.003337596,5.55957743,0.033055496,4.08E-05,0.903900447,809.435883,0.835135135
1999,Errors,,176.842105,9.10809474,151,123.6,151,59.0603871,0.003792413,6.31335628,0.036635736,4.58E-05,0.893039159,799.997158,0.818543046
2000,OK,,176.842105,9.10809474,154,123.6,154,60.2337722,0.001125775,7.95592789,0.046308521,1.34E-05,0.867897139,3458.86183,0.802597403
2001,OK,,176.842105,9.10809474,157,123.6,157,61.4071574,0.000705373,9.19464337,0.052937948,8.27E-06,0.850256075,6401.36394,0.787261146
2002,OK,,176.842105,9.10809474,160,123.6,160,62.5805426,0.000458724,10.4584734,0.059560408,5.30E-06,0.832872459,11230.1541,0.7725
2003,OK,,176.842105,9.59714211,121,123.6,121,47.3265353,2.72372718,0.18346018,0.001168185,0.035895626,0.938571727,0.032543933,1.0214876
2004,OK,,176.842105,9.59714211,124,123.6,124,48.4999205,2.16504955,0.245489585,0.001554743,0.028448455,0.950298081,0.054651243,0.996774194
2005,OK,,176.842105,9.59714211,127,123.6,127,49.6733057,1.62591483,0.338401523,0.002130914,0.02128993,0.960455292,0.100090249,0.973228346
2006,OK,,176.842105,9.59714211,130,123.6,130,50.8466908,1.11689375,0.484040275,0.003029353,0.014563267,0.968514489,0.208013301,0.950769231
2007,OK,,176.842105,9.59714211,133,123.6,133,52.020076,0.653525361,0.727510976,0.004522903,0.008476775,0.973451859,0.533564173,0.929323308
2008,OK,,176.842105,9.59714211,136,123.6,136,53.1934612,0.278843032,1.15493254,0.007126937,0.003591204,0.973046018,1.9845539,0.908823529
2009,OK,,176.842105,9.59714211,139,123.6,139,54.3668464,0.06904132,1.91490976,0.011714484,0.000879969,0.963508071,13.3123797,0.889208633
2010,OK,,176.842105,9.59714211,142,123.6,142,55.5402315,0.018374194,2.98948117,0.0181092,0.000231051,0.945843665,78.3774831,0.870422535
2011,OK,,176.842105,9.59714211,145,123.6,145,56.7136167,0.00779991,4.16160714,0.024952317,9.67E-05,0.92648314,258.044396,0.852413793
2012,OK,,176.842105,9.59714211,148,123.6,148,57.8870019,0.003969149,5.35103927,0.031751438,4.85E-05,0.907492041,654.538967,0.835135135
2013,OK,,176.842105,9.59714211,151,123.6,151,59.0603871,0.002132443,6.54484153,0.038428462,2.57E-05,0.889147798,1495.61542,0.818543046
2014,OK,,176.842105,9.59714211,154,123.6,154,60.2337722,0.001268932,7.74856374,0.045015124,1.51E-05,0.871337418,2986.13952,0.802597403
2015,OK,,176.842105,9.59714211,157,123.6,157,61.4071574,0.000804632,8.94876378,0.051435182,9.43E-06,0.854258546,5457.14141,0.787261146
2016,OK,,176.842105,9.59714211,160,123.6,160,62.5805426,0.000531464,10.1637454,0.05779379,6.14E-06,0.837580877,9413.70213,0.7725
2017,OK,,176.842105,10.0861895,121,123.6,121,47.3265353,2.81015233,0.178635367,0.001133972,0.036918714,0.936847528,0.030715358,1.0214876
2018,OK,,176.842105,10.0861895,124,123.6,124,48.4999205,2.26330385,0.236639692,0.00149412,0.029640792,0.948454688,0.050407559,0.996774194
2019,OK,,176.842105,10.0861895,127,123.6,127,49.6733057,1.72509968,0.323373824,0.00203018,0.022514024,0.95876108,0.090174035,0.973228346
2020,OK,,176.842105,10.0861895,130,123.6,130,50.8466908,1.2034948,0.460332919,0.002872621,0.015644654,0.967277561,0.183616813,0.950769231
2021,OK,,176.842105,10.0861895,133,123.6,133,52.020076,0.734901818,0.681694291,0.004226203,0.009504681,0.972768281,0.444644412,0.929323308
2022,OK,,176.842105,10.0861895,136,123.6,136,53.1934612,0.34068518,1.06550669,0.006557934,0.004376813,0.973564573,1.49833546,0.908823529
2023,OK,,176.842105,10.0861895,139,123.6,139,54.3668464,0.093014101,1.76359193,0.010763427,0.001183485,0.9658504,9.09469032,0.889208633
2024,OK,,176.842105,10.0861895,142,123.6,142,55.5402315,0.023061913,2.79089026,0.016869787,0.000289623,0.949334886,58.2474611,0.870422535
2025,OK,,176.842105,10.0861895,145,123.6,145,56.7136167,0.009531659,3.94430204,0.023600907,0.000118025,0.930284226,199.965099,0.852413793
2026,OK,,176.842105,10.0861895,148,123.6,148,57.8870019,0.004426692,5.15679259,0.030529216,5.40E-05,0.910839755,565.234603,0.835135135
2027,OK,,176.842105,10.0861895,151,123.6,151,59.0603871,0.002436615,6.3361173,0.037129707,2.93E-05,0.892676729,1266.08166,0.818543046
2028,OK,,176.842105,10.0861895,154,123.6,154,60.2337722,0.001454103,7.5176809,0.043593072,1.73E-05,0.875167456,2526.19328,0.802597403
2029,OK,,176.842105,10.0861895,157,123.6,157,61.4071574,0.000902689,8.73679275,0.050124155,1.06E-05,0.857708844,4745.16465,0.787261146
2030,OK,,176.842105,10.0861895,160,123.6,160,62.5805426,0.000594178,9.94441411,0.056445892,6.86E-06,0.841084659,8231.95757,0.7725
2031,OK,,176.842105,10.5752368,121,123.6,121,47.3265353,2.91823515,0.172759234,0.001093245,0.038203769,0.934687922,0.02861615,1.0214876
2032,OK,,176.842105,10.5752368,124,123.6,124,48.4999205,2.361686,0.228386339,0.00143761,0.030826677,0.946596359,0.046635255,0.996774194
2033,OK,,176.842105,10.5752368,127,123.6,127,49.6733057,1.82219747,0.309931439,0.001939962,0.023703648,0.957076968,0.081842348,0.973228346
2034,OK,,176.842105,10.5752368,130,123.6,130,50.8466908,1.30136369,0.435973361,0.002712638,0.01686218,0.965831856,0.160871152,0.950769231
2035,OK,,176.842105,10.5752368,133,123.6,133,52.020076,0.818805952,0.640431173,0.003959224,0.010558672,0.971948578,0.374973657,0.929323308
2036,OK,,176.842105,10.5752368,136,123.6,136,53.1934612,0.408988959,0.984619817,0.006044083,0.005240688,0.973801126,1.15329963,0.908823529
2037,OK,,176.842105,10.5752368,139,123.6,139,54.3668464,0.116309355,1.65527408,0.010077488,0.001477294,0.967414269,6.82158429,0.889208633
2038,OK,,176.842105,10.5752368,142,123.6,142,55.5402315,0.029049365,2.59599866,0.015657726,0.000364333,0.952736099,42.976441,0.870422535
2039,OK,,176.842105,10.5752368,145,123.6,145,56.7136167,0.011191119,3.74470094,0.022359555,0.000138407,0.933774422,161.549871,0.852413793
2040,OK,,176.842105,10.5752368,148,123.6,148,57.8870019,0.005268107,4.92986105,0.02913437,6.42E-05,0.91474547,453.543914,0.835135135
2041,OK,,176.842105,10.5752368,151,123.6,151,59.0603871,0.002817984,6.11145119,0.035744224,3.39E-05,0.896474279,1055.0427,0.818543046
2042,OK,,176.842105,10.5752368,154,123.6,154,60.2337722,0.001600536,7.31579693,0.042340044,1.90E-05,0.878516699,2231.53718,0.802597403
2043,OK,,176.842105,10.5752368,157,123.6,157,61.4071574,0.000852035,8.51329321,0.048753013,9.96E-06,0.861349302,4894.78243,0.787261146
2044,OK,,176.842105,10.5752368,160,123.6,160,62.5805426,0.000661582,9.73501025,0.055156749,7.63E-06,0.844429731,7231.77988,0.7725
2045,OK,,176.842105,11.0642842,121,123.6,121,47.3265353,3.02408619,0.167376724,0.001055885,0.039452053,0.932565042,0.026763741,1.0214876
2046,OK,,176.842105,11.0642842,124,123.6,124,48.4999205,2.45969878,0.220715023,0.001385087,0.031999931,0.944733645,0.043284077,0.996774194
2047,OK,,176.842105,11.0642842,127,123.6,127,49.6733057,1.91993247,0.297451514,0.00185627,0.024893338,0.955360652,0.07456896,0.973228346
2048,OK,,176.842105,11.0642842,130,123.6,130,50.8466908,1.39446451,0.415174596,0.002575679,0.018011552,0.964409894,0.143001516,0.950769231
2049,OK,,176.842105,11.0642842,133,123.6,133,52.020076,0.903721203,0.603692231,0.00372156,0.011619144,0.971022468,0.320295547,0.929323308
2050,OK,,176.842105,11.0642842,136,123.6,136,53.1934612,0.475149548,0.919354709,0.005628346,0.006072786,0.973784292,0.926814387,0.908823529
2051,OK,,176.842105,11.0642842,139,123.6,139,54.3668464,0.169520241,1.47289568,0.008946399,0.002148447,0.96979012,4.1641228,0.889208633
2052,OK,,176.842105,11.0642842,142,123.6,142,55.5402315,0.037813159,2.40254534,0.014459359,0.000473594,0.956061427,30.5311524,0.870422535
2053,Errors,,176.842105,11.0642842,145,123.6,145,56.7136167,0.007263808,5.71885779,0.033753079,8.86E-05,0.899034448,380.760822,0.852413793
2054,OK,,176.842105,11.0642842,148,123.6,148,57.8870019,0.006042436,4.73703959,0.027936654,7.36E-05,0.918063091,379.619629,0.835135135
2055,OK,,176.842105,11.0642842,151,123.6,151,59.0603871,0.003153692,5.94007475,0.034663806,3.79E-05,0.89937031,915.658409,0.818543046
2056,OK,,176.842105,11.0642842,154,123.6,154,60.2337722,0.001839325,7.12088573,0.04113097,2.18E-05,0.881748647,1888.46848,0.802597403
2057,OK,,176.842105,11.0642842,157,123.6,157,61.4071574,0.00112377,8.33776602,0.047652729,1.31E-05,0.864203293,3631.84756,0.787261146
2058,OK,,176.842105,11.0642842,160,123.6,160,62.5805426,0.000702143,9.62341422,0.054404455,8.08E-06,0.846212321,6729.84311,0.7725
2059,OK,,176.842105,11.5533316,121,123.6,121,47.3265353,3.12093806,0.162793158,0.001023803,0.040581423,0.930615432,0.025228357,1.0214876
2060,OK,,176.842105,11.5533316,124,123.6,124,48.4999205,2.56278567,0.213124293,0.001333367,0.033228277,0.942764649,0.04012747,0.996774194
2061,OK,,176.842105,11.5533316,127,123.6,127,49.6733057,2.03187677,0.284126523,0.001767757,0.026252285,0.953375294,0.067337279,0.973228346
2062,OK,,176.842105,11.5533316,130,123.6,130,50.8466908,1.49042219,0.395659775,0.00244743,0.019189528,0.962906495,0.127539894,0.950769231
2063,OK,,176.842105,11.5533316,133,123.6,133,52.020076,0.991393664,0.570025615,0.003504066,0.012708066,0.969984295,0.27573557,0.929323308
2064,OK,,176.842105,11.5533316,136,123.6,136,53.1934612,0.548852951,0.857241536,0.005233951,0.006995844,0.973566404,0.748151384,0.908823529
2065,OK,,176.842105,11.5533316,139,123.6,139,54.3668464,0.212520348,1.36609128,0.008277007,0.002687796,0.970963708,3.07947721,0.889208633
2066,OK,,176.842105,11.5533316,142,123.6,142,55.5402315,0.050617157,2.21370828,0.013293644,0.000633041,0.959230897,20.9996658,0.870422535
2067,OK,,176.842105,11.5533316,145,123.6,145,56.7136167,0.016313569,3.32441333,0.01976769,0.000201267,0.941094801,98.216253,0.852413793
2068,OK,,176.842105,11.5533316,148,123.6,148,57.8870019,0.006999733,4.54216995,0.02672212,8.51E-05,0.921412933,314.088889,0.835135135
2069,OK,,176.842105,11.5533316,151,123.6,151,59.0603871,0.004789585,5.70800955,0.033251357,5.75E-05,0.903271898,578.768243,0.818543046
2070,OK,,176.842105,11.5533316,154,123.6,154,60.2337722,0.002007129,6.92090478,0.039890905,2.37E-05,0.885065941,1680.87564,0.802597403
2071,OK,,176.842105,11.5533316,157,123.6,157,61.4071574,0.001283351,8.10101658,0.046217112,1.50E-05,0.868056098,3087.20925,0.787261146
2072,OK,,176.842105,11.5533316,160,123.6,160,62.5805426,0.000841281,9.31087181,0.052562247,9.68E-06,0.851204341,5430.6055,0.7725
2073,OK,,176.842105,12.0423789,121,123.6,121,47.3265353,3.22021861,0.158332332,0.000992673,0.04173262,0.92861191,0.023786511,1.0214876
2074,OK,,176.842105,12.0423789,124,123.6,124,48.4999205,2.66206129,0.20632124,0.001286875,0.034401104,0.940857995,0.037407956,0.996774194
2075,OK,,176.842105,12.0423789,127,123.6,127,49.6733057,2.1234183,0.274299966,0.001701536,0.027348664,0.951730246,0.062216418,0.973228346
2076,OK,,176.842105,12.0423789,130,123.6,130,50.8466908,1.58381039,0.37839799,0.002333808,0.020327713,0.96140932,0.114809198,0.950769231
2077,OK,,176.842105,12.0423789,133,123.6,133,52.020076,1.07721621,0.540687215,0.003314283,0.013767076,0.96889848,0.240739801,0.929323308
2078,OK,,176.842105,12.0423789,136,123.6,136,53.1934612,0.624425564,0.802649071,0.004887325,0.007937295,0.973171991,0.615741903,0.908823529
2079,OK,,176.842105,12.0423789,139,123.6,139,54.3668464,0.266009819,1.26015605,0.007616001,0.003356644,0.971928372,2.2689329,0.889208633
2080,OK,,176.842105,12.0423789,142,123.6,142,55.5402315,0.068022534,2.04315063,0.012241813,0.000849399,0.961988398,14.4123305,0.870422535
2081,OK,,176.842105,12.0423789,145,123.6,145,56.7136167,0.018985097,3.13271812,0.018588147,0.000233934,0.944427751,79.4589983,0.852413793
2082,OK,,176.842105,12.0423789,148,123.6,148,57.8870019,0.008467163,4.29456291,0.025226241,0.000102885,0.925665004,245.187812,0.835135135
2083,OK,,176.842105,12.0423789,151,123.6,151,59.0603871,0.004303389,5.47877386,0.031848955,5.15E-05,0.907161508,617.916736,0.818543046
2084,OK,,176.842105,12.0423789,154,123.6,154,60.2337722,0.002338554,6.70870445,0.038591345,2.76E-05,0.888583385,1397.41269,0.802597403
2085,OK,,176.842105,12.0423789,157,123.6,157,61.4071574,0.00144721,7.88718488,0.044913382,1.69E-05,0.871535625,2663.24414,0.787261146
2086,OK,,176.842105,12.0423789,160,123.6,160,62.5805426,0.000926969,9.08758261,0.051209998,1.07E-05,0.854771001,4806.66339,0.7725
2087,OK,,176.842105,12.5314263,121,123.6,121,47.3265353,3.32423753,0.153875985,0.000961752,0.042934169,0.926508174,0.022400616,1.0214876
2088,OK,,176.842105,12.5314263,124,123.6,124,48.4999205,2.76513313,0.19965699,0.001241517,0.035613042,0.938870207,0.034861297,0.996774194
2089,OK,,176.842105,12.5314263,127,123.6,127,49.6733057,2.21414375,0.265210257,0.001640268,0.028428424,0.950086793,0.057698153,0.973228346
2090,OK,,176.842105,12.5314263,130,123.6,130,50.8466908,1.68143036,0.36180217,0.002224922,0.02151151,0.959815821,0.103429362,0.950769231
2091,OK,,176.842105,12.5314263,133,123.6,133,52.020076,1.16993468,0.512091052,0.003130065,0.014906023,0.967665835,0.209986601,0.929323308
2092,OK,,176.842105,12.5314263,136,123.6,136,53.1934612,0.704683981,0.752315973,0.004568359,0.008932331,0.972609416,0.511440917,0.908823529
2093,OK,,176.842105,12.5314263,139,123.6,139,54.3668464,0.325080282,1.16602322,0.007029191,0.004092325,0.972573294,1.71765233,0.889208633
2094,OK,,176.842105,12.5314263,142,123.6,142,55.5402315,0.090523856,1.89019615,0.011299361,0.001128513,0.964337203,10.0126123,0.870422535
2095,OK,,176.842105,12.5314263,145,123.6,145,56.7136167,0.023653873,2.92886477,0.017342118,0.000291096,0.947939863,59.5752941,0.852413793
2096,OK,,176.842105,12.5314263,148,123.6,148,57.8870019,0.01018127,4.08850984,0.02396693,0.000123568,0.929194967,193.956719,0.835135135
2097,OK,,176.842105,12.5314263,151,123.6,151,59.0603871,0.004966721,5.2728043,0.030596075,5.94E-05,0.910637717,514.696146,0.818543046
2098,OK,,176.842105,12.5314263,154,123.6,154,60.2337722,0.002736623,6.47269382,0.037173438,3.23E-05,0.892495021,1150.86048,0.802597403
2099,OK,,176.842105,12.5314263,157,123.6,157,61.4071574,0.001637435,7.67043919,0.043597994,1.91E-05,0.875062176,2287.29105,0.787261146
2100,OK,,176.842105,12.5314263,160,123.6,160,62.5805426,0.000998739,8.87690408,0.049931455,1.15E-05,0.858136372,4354.30336,0.7725
2101,OK,,176.842105,13.0204737,121,123.6,121,47.3265353,3.42593011,0.149770156,0.000933204,0.044099017,0.924446186,0.021161554,1.0214876
2102,OK,,176.842105,13.0204737,124,123.6,124,48.4999205,2.86551001,0.193587644,0.00120012,0.03678367,0.936925718,0.032626442,0.996774194
2103,OK,,176.842105,13.0204737,127,123.6,127,49.6733057,2.31330123,0.255830225,0.001577528,0.029604661,0.948279435,0.053286479,0.973228346
2104,OK,,176.842105,13.0204737,130,123.6,130,50.8466908,1.77773799,0.346810192,0.002126486,0.022671269,0.958216589,0.093796533,0.950769231
2105,OK,,176.842105,13.0204737,133,123.6,133,52.020076,1.26039483,0.487063967,0.002968611,0.016009706,0.966407992,0.185425677,0.929323308
2106,OK,,176.842105,13.0204737,136,123.6,136,53.1934612,0.78986015,0.705708605,0.00427358,0.009982961,0.97188435,0.428087459,0.908823529
2107,OK,,176.842105,13.0204737,139,123.6,139,54.3668464,0.391993446,1.07866174,0.006485643,0.004921858,0.972949412,1.3177225,0.889208633
2108,OK,,176.842105,13.0204737,142,123.6,142,55.5402315,0.122521097,1.73461784,0.010345437,0.001524641,0.966562276,6.78548821,0.870422535
2109,OK,,176.842105,13.0204737,145,123.6,145,56.7136167,0.029610193,2.73489704,0.016159133,0.000363924,0.951254965,44.4025459,0.852413793
2110,OK,,176.842105,13.0204737,148,123.6,148,57.8870019,0.011717267,3.90546099,0.022845699,0.000142039,0.932330607,160.841307,0.835135135
2111,OK,,176.842105,13.0204737,151,123.6,151,59.0603871,0.005760144,5.06902682,0.029353714,6.89E-05,0.914074607,426.293918,0.818543046
2112,OK,,176.842105,13.0204737,154,123.6,154,60.2337722,0.003138489,6.25557837,0.035857903,3.70E-05,0.896092896,969.036653,0.802597403
2113,OK,,176.842105,13.0204737,157,123.6,157,61.4071574,0.001891339,7.45325312,0.042284699,2.20E-05,0.878594861,1922.60248,0.787261146
2114,OK,,176.842105,13.0204737,160,123.6,160,62.5805426,0.001156022,8.66166463,0.048632202,1.33E-05,0.861573258,3667.7397,0.7725
2115,OK,,176.842105,13.5095211,121,123.6,121,47.3265353,3.52833769,0.14584661,0.000905957,0.045264482,0.922365238,0.02001474,1.0214876
2116,OK,,176.842105,13.5095211,124,123.6,124,48.4999205,2.96642361,0.1878387,0.001160946,0.037952899,0.934963557,0.030589134,0.996774194
2117,OK,,176.842105,13.5095211,127,123.6,127,49.6733057,2.41314385,0.247015931,0.001518628,0.030781463,0.946446894,0.049335798,0.973228346
2118,OK,,176.842105,13.5095211,130,123.6,130,50.8466908,1.8723508,0.333268356,0.002037481,0.023802699,0.956622169,0.085598756,0.950769231
2119,OK,,176.842105,13.5095211,133,123.6,133,52.020076,1.35386229,0.463609739,0.002817589,0.017143771,0.965062104,0.16435062,0.929323308
2120,OK,,176.842105,13.5095211,136,123.6,136,53.1934612,0.86933847,0.667642635,0.004031934,0.010956641,0.971105826,0.367990001,0.908823529
2121,OK,,176.842105,13.5095211,139,123.6,139,54.3668464,0.453923207,1.01131728,0.006065025,0.005685999,0.973049007,1.06665962,0.889208633
2122,OK,,176.842105,13.5095211,142,123.6,142,55.5402315,0.160389376,1.59940353,0.009516453,0.001992014,0.968314988,4.7773014,0.870422535
2123,OK,,176.842105,13.5095211,145,123.6,145,56.7136167,0.03877191,2.53096021,0.014922637,0.000475885,0.954689327,31.3576557,0.852413793
2124,OK,,176.842105,13.5095211,148,123.6,148,57.8870019,0.014105028,3.68001289,0.021483973,0.000170783,0.936183983,125.796958,0.835135135
2125,OK,,176.842105,13.5095211,151,123.6,151,59.0603871,0.006565048,4.8996082,0.028303972,7.84E-05,0.916929545,361.249216,0.818543046
2126,OK,,176.842105,13.5095211,154,123.6,154,60.2337722,0.00377225,6.041188,0.034558504,4.44E-05,0.899641679,777.921146,0.802597403
2127,OK,,176.842105,13.5095211,157,123.6,157,61.4071574,0.002132437,7.22284779,0.040899814,2.48E-05,0.882343027,1651.16135,0.787261146
2128,OK,,176.842105,13.5095211,160,123.6,160,62.5805426,0.001310725,8.44474644,0.04732632,1.50E-05,0.86503701,3151.27119,0.7725
2129,OK,,176.842105,13.9985684,121,123.6,121,47.3265353,3.62756588,0.142254349,0.000880934,0.046384191,0.92034447,0.018992126,1.0214876
2130,OK,,176.842105,13.9985684,124,123.6,124,48.4999205,3.0629324,0.182682922,0.001125674,0.039061348,0.933079987,0.028818099,0.996774194
2131,OK,,176.842105,13.9985684,127,123.6,127,49.6733057,2.51929324,0.238205048,0.001460072,0.032027252,0.944487321,0.045588427,0.973228346
2132,OK,,176.842105,13.9985684,130,123.6,130,50.8466908,1.96970899,0.320333479,0.001952675,0.024960643,0.954961819,0.07823014,0.950769231
2133,OK,,176.842105,13.9985684,133,123.6,133,52.020076,1.45019311,0.44163284,0.002676347,0.018306075,0.963632772,0.146199959,0.929323308
2134,OK,,176.842105,13.9985684,136,123.6,136,53.1934612,0.957847085,0.629740097,0.003792523,0.012036506,0.970154467,0.315085047,0.908823529
2135,OK,,176.842105,13.9985684,139,123.6,139,54.3668464,0.52906042,0.941252779,0.005630041,0.006609568,0.972955702,0.851801656,0.889208633
2136,OK,,176.842105,13.9985684,142,123.6,142,55.5402315,0.203605625,1.48105316,0.008789555,0.002522583,0.969667775,3.48434715,0.870422535
2137,OK,,176.842105,13.9985684,145,123.6,145,56.7136167,0.050732334,2.34809455,0.013814478,0.000621808,0.957702805,22.2166135,0.852413793
2138,OK,,176.842105,13.9985684,148,123.6,148,57.8870019,0.017300199,3.47393916,0.020235439,0.000209192,0.939688717,96.7312986,0.835135135
2139,OK,,176.842105,13.9985684,151,123.6,151,59.0603871,0.008042456,4.64894082,0.026811277,9.59E-05,0.921148785,279.516694,0.818543046
2140,OK,,176.842105,13.9985684,154,123.6,154,60.2337722,0.004148106,5.83615159,0.033320772,4.88E-05,0.90303945,682.846519,0.802597403
2141,OK,,176.842105,13.9985684,157,123.6,157,61.4071574,0.002365474,7.03630759,0.039765831,2.74E-05,0.885376992,1448.80707,0.787261146
2142,OK,,176.842105,13.9985684,160,123.6,160,62.5805426,0.001481311,8.21912429,0.045979533,1.70E-05,0.868639592,2711.76181,0.7725
2143,OK,,176.842105,14.4876158,121,123.6,121,47.3265353,3.7335765,0.138566512,0.000855454,0.047576987,0.918182411,0.017980408,1.0214876
2144,OK,,176.842105,14.4876158,124,123.6,124,48.4999205,3.16915383,0.17724434,0.001088842,0.040279009,0.931001987,0.027032494,0.996774194
2145,OK,,176.842105,14.4876158,127,123.6,127,49.6733057,2.61343225,0.231012639,0.001411787,0.033119318,0.942736952,0.042627298,0.973228346
2146,OK,,176.842105,14.4876158,130,123.6,130,50.8466908,2.06844304,0.308170884,0.001873037,0.026127824,0.953259221,0.071687428,0.950769231
2147,OK,,176.842105,14.4876158,133,123.6,133,52.020076,1.54097609,0.422860652,0.002555273,0.01939302,0.962248484,0.131762513,0.929323308
2148,OK,,176.842105,14.4876158,136,123.6,136,53.1934612,1.04340669,0.597210602,0.003586655,0.013073586,0.969157538,0.274343617,0.908823529
2149,OK,,176.842105,14.4876158,139,123.6,139,54.3668464,0.601122425,0.883968932,0.00527341,0.00749017,0.972683879,0.704044072,0.889208633
2150,OK,,176.842105,14.4876158,142,123.6,142,55.5402315,0.255511468,1.36845801,0.008102896,0.00316003,0.970760484,2.56418363,0.870422535
2151,OK,,176.842105,14.4876158,145,123.6,145,56.7136167,0.068281373,2.17681374,0.012775722,0.000835517,0.960413473,15.2908055,0.852413793
2152,OK,,176.842105,14.4876158,148,123.6,148,57.8870019,0.020307431,3.26757602,0.018994616,0.00024526,0.943201697,77.4467881,0.835135135
2153,OK,,176.842105,14.4876158,151,123.6,151,59.0603871,0.009264925,4.4363423,0.025534834,0.000110375,0.924727767,231.346632,0.818543046
2154,OK,,176.842105,14.4876158,154,123.6,154,60.2337722,0.004774268,5.62349396,0.032044867,5.61E-05,0.906559592,571.196717,0.802597403
2155,OK,,176.842105,14.4876158,157,123.6,157,61.4071574,0.002707246,6.82090008,0.038476408,3.14E-05,0.888879284,1226.15525,0.787261146
2156,OK,,176.842105,14.4876158,160,123.6,160,62.5805426,0.001476341,8.06185952,0.045009756,1.69E-05,0.871152669,2666.44997,0.7725
2157,OK,,176.842105,14.9766632,121,123.6,121,47.3265353,3.83488168,0.13503757,0.000831116,0.048705952,0.916116419,0.017063946,1.0214876
2158,OK,,176.842105,14.9766632,124,123.6,124,48.4999205,3.27017946,0.172397446,0.001055867,0.041426365,0.929018916,0.025487813,0.996774194
2159,OK,,176.842105,14.9766632,127,123.6,127,49.6733057,2.70739567,0.224252728,0.001366418,0.034202362,0.940981411,0.039950972,0.973228346
2160,OK,,176.842105,14.9766632,130,123.6,130,50.8466908,2.1662093,0.297004677,0.001799895,0.02727577,0.951556061,0.065988774,0.950769231
2161,OK,,176.842105,14.9766632,133,123.6,133,52.020076,1.62982311,0.40601744,0.002446484,0.020449393,0.96086433,0.119636024,0.929323308
2162,OK,,176.842105,14.9766632,136,123.6,136,53.1934612,1.13376435,0.56627868,0.003391435,0.014163394,0.968040376,0.239450699,0.908823529
2163,OK,,176.842105,14.9766632,139,123.6,139,54.3668464,0.677799612,0.830860719,0.004943399,0.008422821,0.972250362,0.586905381,0.889208633
2164,OK,,176.842105,14.9766632,142,123.6,142,55.5402315,0.311103614,1.27710093,0.007541382,0.003838304,0.971404431,1.96476922,0.870422535
2165,OK,,176.842105,14.9766632,145,123.6,145,56.7136167,0.092081872,2.00742889,0.011755543,0.001124921,0.962980482,10.4501059,0.852413793
2166,OK,,176.842105,14.9766632,148,123.6,148,57.8870019,0.024927967,3.06608079,0.017786728,0.000300692,0.946602715,59.1525512,0.835135135
2167,OK,,176.842105,14.9766632,151,123.6,151,59.0603871,0.010821856,4.22721395,0.024280957,0.000128754,0.928242329,188.584102,0.818543046
2168,OK,,176.842105,14.9766632,154,123.6,154,60.2337722,0.005335164,5.44784882,0.030971615,6.26E-05,0.909466338,494.941638,0.802597403
2169,OK,,176.842105,14.9766632,157,123.6,157,61.4071574,0.003101226,6.59663805,0.037142674,3.59E-05,0.892524918,1034.36508,0.787261146
2170,OK,,176.842105,14.9766632,160,123.6,160,62.5805426,0.001855322,7.81089293,0.043533472,2.12E-05,0.875156911,2054.20927,0.7725
2171,OK,,176.842105,15.4657105,121,123.6,121,47.3265353,3.9387633,0.131786581,0.000808621,0.049857538,0.913990115,0.016218639,1.0214876
2172,OK,,176.842105,15.4657105,124,123.6,124,48.4999205,3.37184477,0.167774414,0.001024451,0.042573573,0.927018042,0.024063072,0.996774194
2173,OK,,176.842105,15.4657105,127,123.6,127,49.6733057,2.81386213,0.216919617,0.001317786,0.035428136,0.938985705,0.037196033,0.973228346
2174,OK,,176.842105,15.4657105,130,123.6,130,50.8466908,2.26555416,0.286425898,0.001730711,0.02843531,0.949810302,0.060864839,0.950769231
2175,OK,,176.842105,15.4657105,133,123.6,133,52.020076,1.73394876,0.387594986,0.002328778,0.021685425,0.959216827,0.107389078,0.929323308
2176,OK,,176.842105,15.4657105,136,123.6,136,53.1934612,1.22334673,0.538701534,0.003217294,0.015237141,0.966874721,0.211148166,0.908823529
2177,OK,,176.842105,15.4657105,139,123.6,139,54.3668464,0.759065275,0.785284798,0.004658673,0.009405231,0.9715939,0.49532788,0.889208633
2178,OK,,176.842105,15.4657105,142,123.6,142,55.5402315,0.373248945,1.18743984,0.006994364,0.004594077,0.971899851,1.52247428,0.870422535
2179,OK,,176.842105,15.4657105,145,123.6,145,56.7136167,0.118375711,1.87177653,0.010936,0.001443682,0.96490874,7.5750772,0.852413793
2180,OK,,176.842105,15.4657105,148,123.6,148,57.8870019,0.031279837,2.86500128,0.016586038,0.000376834,0.949966641,44.0142165,0.835135135
2181,OK,,176.842105,15.4657105,151,123.6,151,59.0603871,0.012494571,4.04645459,0.023190388,0.000148416,0.931274593,156.252307,0.818543046
2182,OK,,176.842105,15.4657105,154,123.6,154,60.2337722,0.006363467,5.20677022,0.029555235,7.46E-05,0.913451649,396.129058,0.802597403
2183,OK,,176.842105,15.4657105,157,123.6,157,61.4071574,0.003511508,6.39266878,0.03592554,4.06E-05,0.895839824,884.531343,0.787261146
2184,OK,,176.842105,15.4657105,160,123.6,160,62.5805426,0.002096287,7.59370404,0.04224592,2.39E-05,0.87862361,1766.12918,0.7725
2185,OK,,176.842105,15.9547579,121,123.6,121,47.3265353,4.04509707,0.128590218,0.000786592,0.051030408,0.911810842,0.015414183,1.0214876
2186,OK,,176.842105,15.9547579,124,123.6,124,48.4999205,3.47521809,0.163305411,0.000994155,0.043733668,0.924978774,0.02273203,0.996774194
2187,OK,,176.842105,15.9547579,127,123.6,127,49.6733057,2.91737023,0.210250737,0.001273473,0.036610632,0.937036182,0.034784253,0.973228346
2188,OK,,176.842105,15.9547579,130,123.6,130,50.8466908,2.36410642,0.276645872,0.00166674,0.029578046,0.948064422,0.056350571,0.950769231
2189,OK,,176.842105,15.9547579,133,123.6,133,52.020076,1.82735136,0.372592851,0.002232251,0.022783689,0.957709708,0.097975855,0.929323308
2190,OK,,176.842105,15.9547579,136,123.6,136,53.1934612,1.32077366,0.514068057,0.003060918,0.016397415,0.965506254,0.186670749,0.908823529
2191,OK,,176.842105,15.9547579,139,123.6,139,54.3668464,0.848155899,0.737538909,0.004363525,0.010477664,0.970833423,0.416459682,0.889208633
2192,OK,,176.842105,15.9547579,142,123.6,142,55.5402315,0.438774113,1.108456,0.0065126,0.00538742,0.972142174,1.20885331,0.870422535
2193,OK,,176.842105,15.9547579,145,123.6,145,56.7136167,0.158313746,1.71709412,0.01000962,0.001927102,0.966931965,5.19413051,0.852413793
2194,OK,,176.842105,15.9547579,148,123.6,148,57.8870019,0.039684636,2.67452269,0.015451024,0.000477463,0.953111973,32.3606802,0.835135135
2195,OK,,176.842105,15.9547579,151,123.6,151,59.0603871,0.015343004,3.82064463,0.021859602,0.000182149,0.935049738,120.009327,0.818543046
2196,OK,,176.842105,15.9547579,154,123.6,154,60.2337722,0.007429354,4.99602153,0.028304104,8.70E-05,0.916932799,325.293246,0.802597403
2197,OK,,176.842105,15.9547579,157,123.6,157,61.4071574,0.003981194,6.18924599,0.034714123,4.60E-05,0.899144864,754.783127,0.787261146
2198,OK,,176.842105,15.9547579,160,123.6,160,62.5805426,0.002351236,7.37983232,0.040980856,2.68E-05,0.88203708,1529.05022,0.7725
2199,OK,,176.842105,16.4438053,121,123.6,121,47.3265353,4.144976,0.125751223,0.000766885,0.052119508,0.909760408,0.014713979,1.0214876
2200,OK,,176.842105,16.4438053,124,123.6,124,48.4999205,3.57708385,0.159139726,0.000965879,0.044867826,0.922964336,0.021527202,0.996774194
2201,OK,,176.842105,16.4438053,127,123.6,127,49.6733057,3.01588926,0.204316454,0.001233865,0.037725814,0.935172309,0.032706115,0.973228346
2202,OK,,176.842105,16.4438053,130,123.6,130,50.8466908,2.46347182,0.267423023,0.001606471,0.030722892,0.946291591,0.052289049,0.950769231
2203,OK,,176.842105,16.4438053,133,123.6,133,52.020076,1.92140903,0.358606712,0.00214232,0.023882834,0.956170465,0.089701235,0.929323308
2204,OK,,176.842105,16.4438053,136,123.6,136,53.1934612,1.40784508,0.492081604,0.002921875,0.017427743,0.964282702,0.167656539,0.908823529
2205,OK,,176.842105,16.4438053,139,123.6,139,54.3668464,0.923404472,0.7022268,0.004143556,0.011377778,0.970098849,0.364179735,0.889208633
2206,OK,,176.842105,16.4438053,142,123.6,142,55.5402315,0.509692142,1.03592275,0.00607088,0.006242282,0.972171256,0.972541639,0.870422535
2207,OK,,176.842105,16.4438053,145,123.6,145,56.7136167,0.198660099,1.5984084,0.009295856,0.002413515,0.96831328,3.85158445,0.852413793
2208,OK,,176.842105,16.4438053,148,123.6,148,57.8870019,0.051653388,2.48466396,0.014324109,0.00062061,0.956185028,23.0807087,0.835135135
2209,OK,,176.842105,16.4438053,151,123.6,151,59.0603871,0.017870256,3.61044987,0.020615911,0.000211904,0.938565927,97.2888968,0.818543046
2210,OK,,176.842105,16.4438053,154,123.6,154,60.2337722,0.008656859,4.78646762,0.027064199,0.000101274,0.92039143,267.238017,0.802597403
2211,OK,,176.842105,16.4438053,157,123.6,157,61.4071574,0.004542345,5.97528249,0.033449448,5.24E-05,0.902620068,638.171483,0.787261146
2212,OK,,176.842105,16.4438053,160,123.6,160,62.5805426,0.002664985,7.16719638,0.039726616,3.03E-05,0.885429863,1309.1161,0.7725
2213,OK,,176.842105,16.9328526,121,123.6,121,47.3265353,4.24853809,0.122920042,0.000747335,0.053244111,0.907631985,0.014036007,1.0214876
2214,OK,,176.842105,16.9328526,124,123.6,124,48.4999205,3.67907086,0.155175749,0.000938988,0.045995861,0.920943239,0.020414627,0.996774194
2215,OK,,176.842105,16.9328526,127,123.6,127,49.6733057,3.11628202,0.198583924,0.001195694,0.038855854,0.933266653,0.030772545,0.973228346
2216,OK,,176.842105,16.9328526,130,123.6,130,50.8466908,2.56188476,0.258878116,0.001550608,0.031849024,0.94452416,0.048686202,0.950769231
2217,OK,,176.842105,16.9328526,133,123.6,133,52.020076,2.02345821,0.346296955,0.002062439,0.025067841,0.954445373,0.082274281,0.929323308
2218,OK,,176.842105,16.9328526,136,123.6,136,53.1934612,1.50000297,0.47066796,0.002786921,0.018512858,0.96295276,0.150539744,0.908823529
2219,OK,,176.842105,16.9328526,139,123.6,139,54.3668464,1.01533739,0.663038502,0.003901709,0.012473434,0.969128688,0.312801539,0.889208633
2220,OK,,176.842105,16.9328526,142,123.6,142,55.5402315,0.579087233,0.975095946,0.005699669,0.00707428,0.972016984,0.805688907,0.870422535
2221,OK,,176.842105,16.9328526,145,123.6,145,56.7136167,0.245743099,1.48766124,0.008631216,0.002979358,0.969435835,2.89700533,0.852413793
2222,OK,,176.842105,16.9328526,148,123.6,148,57.8870019,0.067822254,2.30900154,0.013282967,0.000813687,0.958940285,16.3244263,0.835135135
2223,OK,,176.842105,16.9328526,151,123.6,151,59.0603871,0.021019662,3.40649305,0.019412262,0.000248953,0.941965963,77.9756237,0.818543046
2224,OK,,176.842105,16.9328526,154,123.6,154,60.2337722,0.010067685,4.58227383,0.025858858,0.000117645,0.923758029,219.804001,0.802597403
2225,OK,,176.842105,16.9328526,157,123.6,157,61.4071574,0.005391149,5.76547967,0.032216732,6.22E-05,0.906022831,518.337045,0.787261146
2226,OK,,176.842105,16.9328526,160,123.6,160,62.5805426,0.002899778,7.02410438,0.038834997,3.29E-05,0.887712636,1178.79743,0.7725
2227,OK,,176.842105,17.4219,121,123.6,121,47.3265353,4.35492045,0.120124511,0.000728116,0.054394743,0.905443216,0.013385773,1.0214876
2228,OK,,176.842105,17.4219,124,123.6,124,48.4999205,3.78405654,0.151269716,0.000912604,0.047152217,0.918859119,0.019354431,0.996774194
2229,OK,,176.842105,17.4219,127,123.6,127,49.6733057,3.21832511,0.193051862,0.00115895,0.039998659,0.931323738,0.028974723,0.973228346
2230,OK,,176.842105,17.4219,130,123.6,130,50.8466908,2.6625923,0.250636079,0.001496875,0.032995718,0.942705644,0.045365727,0.950769231
2231,OK,,176.842105,17.4219,133,123.6,133,52.020076,2.12018062,0.333843769,0.001982604,0.026185074,0.952825436,0.07571505,0.929323308
2232,OK,,176.842105,17.4219,136,123.6,136,53.1934612,1.59580106,0.450197295,0.00265827,0.019635372,0.961536657,0.135381716,0.908823529
2233,OK,,176.842105,17.4219,139,123.6,139,54.3668464,1.1003499,0.630815786,0.003702066,0.013479917,0.968157695,0.274635646,0.889208633
2234,OK,,176.842105,17.4219,142,123.6,142,55.5402315,0.656854695,0.915506225,0.005337524,0.008003131,0.971689695,0.666929442,0.870422535
2235,OK,,176.842105,17.4219,145,123.6,145,56.7136167,0.30049845,1.3830559,0.0080051,0.003635273,0.970314812,2.20206281,0.852413793
2236,OK,,176.842105,17.4219,148,123.6,148,57.8870019,0.086417967,2.16452253,0.012424297,0.001035214,0.961114923,12.0016712,0.835135135
2237,OK,,176.842105,17.4219,151,123.6,151,59.0603871,0.025776515,3.2055471,0.01823043,0.000304926,0.945287802,59.7864993,0.818543046
2238,OK,,176.842105,17.4219,154,123.6,154,60.2337722,0.011613852,4.3643977,0.024582091,0.000135563,0.927349535,181.333032,0.802597403
2239,OK,,176.842105,17.4219,157,123.6,157,61.4071574,0.005828002,5.56287179,0.031021412,6.71E-05,0.909315135,462.328437,0.787261146
2240,OK,,176.842105,17.4219,160,123.6,160,62.5805426,0.003445758,6.73132442,0.037174248,3.92E-05,0.892382362,949.39726,0.7725
2241,OK,,182.105263,8.13,121,123.6,121,47.3265353,2.41655724,0.212765524,0.001367524,0.032178287,0.944442948,0.042498344,1.0214876
2242,OK,,182.105263,8.13,124,123.6,124,48.4999205,1.87362727,0.285042196,0.00182186,0.024865628,0.955491278,0.073268209,0.996774194
2243,OK,,182.105263,8.13,127,123.6,127,49.6733057,1.34469168,0.397231912,0.002523892,0.017778744,0.964932401,0.141961189,0.973228346
2244,OK,,182.105263,8.13,130,123.6,130,50.8466908,0.855204872,0.579986625,0.003661542,0.01125412,0.971774142,0.325351209,0.950769231
2245,OK,,182.105263,8.13,133,123.6,133,52.020076,0.432084087,0.901814754,0.005653226,0.005651202,0.974357999,1.00035813,0.929323308
2246,OK,,182.105263,8.13,136,123.6,136,53.1934612,0.137109618,1.51034291,0.009390885,0.001777497,0.969029041,5.28320855,0.908823529
2247,OK,,182.105263,8.13,139,123.6,139,54.3668464,0.033543432,2.46863435,0.01520425,0.000429417,0.953976036,35.4067393,0.889208633
2248,OK,,182.105263,8.13,142,123.6,142,55.5402315,0.012986719,3.6110854,0.022014713,0.000163911,0.934748703,134.308597,0.870422535
2249,OK,,182.105263,8.13,145,123.6,145,56.7136167,0.005993427,4.79138942,0.028906987,7.46E-05,0.915410388,387.673084,0.852413793
2250,OK,,182.105263,8.13,148,123.6,148,57.8870019,0.003156972,5.98478886,0.035726615,3.87E-05,0.896558025,922.80129,0.835135135
2251,OK,,182.105263,8.13,151,123.6,151,59.0603871,0.001824675,7.1776266,0.042392123,2.21E-05,0.878438804,1921.79538,0.818543046
2252,OK,,182.105263,8.13,154,123.6,154,60.2337722,0.001126268,8.37763879,0.048949157,1.34E-05,0.860895894,3646.67988,0.802597403
2253,OK,,182.105263,8.13,157,123.6,157,61.4071574,0.000722295,9.60827868,0.055529505,8.49E-06,0.843519854,6542.82698,0.787261146
2254,OK,,182.105263,8.13,160,123.6,160,62.5805426,0.000476722,10.8738927,0.06212941,5.52E-06,0.826234018,11258.1448,0.7725
2255,OK,,182.105263,8.61904737,121,123.6,121,47.3265353,2.51956591,0.205537944,0.001316941,0.033433792,0.942419114,0.039389508,1.0214876
2256,OK,,182.105263,8.61904737,124,123.6,124,48.4999205,1.96751889,0.274477897,0.001748984,0.026026433,0.953773186,0.067200302,0.996774194
2257,OK,,182.105263,8.61904737,127,123.6,127,49.6733057,1.44065111,0.378325422,0.002396571,0.018985208,0.963381206,0.126233577,0.973228346
2258,OK,,182.105263,8.61904737,130,123.6,130,50.8466908,0.941551031,0.546919639,0.003442794,0.012352599,0.970726302,0.278710121,0.950769231
2259,OK,,182.105263,8.61904737,133,123.6,133,52.020076,0.500886262,0.84013919,0.005252144,0.00653354,0.974221002,0.803874107,0.929323308
2260,OK,,182.105263,8.61904737,136,123.6,136,53.1934612,0.181528914,1.3731146,0.008516586,0.002348352,0.970773785,3.6266227,0.908823529
2261,OK,,182.105263,8.61904737,139,123.6,139,54.3668464,0.044780758,2.26853814,0.013940565,0.000572398,0.957449824,24.3546882,0.889208633
2262,OK,,182.105263,8.61904737,142,123.6,142,55.5402315,0.014980058,3.43780915,0.020911889,0.000188828,0.937832647,110.745424,0.870422535
2263,OK,,182.105263,8.61904737,145,123.6,145,56.7136167,0.006925817,4.60484558,0.027715131,8.60E-05,0.918683172,322.215937,0.852413793
2264,OK,,182.105263,8.61904737,148,123.6,148,57.8870019,0.002874012,5.76493565,0.034345242,3.52E-05,0.900360885,975.586138,0.835135135
2265,OK,,182.105263,8.61904737,151,123.6,151,59.0603871,0.002056353,6.98060898,0.041141963,2.48E-05,0.881770749,1657.21418,0.818543046
2266,OK,,182.105263,8.61904737,154,123.6,154,60.2337722,0.001261892,8.1720564,0.047656558,1.50E-05,0.864306717,3172.20976,0.802597403
2267,OK,,182.105263,8.61904737,157,123.6,157,61.4071574,0.000868911,9.37755751,0.054099515,1.02E-05,0.847274702,5304.10303,0.787261146
2268,OK,,182.105263,8.61904737,160,123.6,160,62.5805426,0.0005366,10.6331072,0.060656632,6.21E-06,0.83008067,9772.02092,0.7725
2269,OK,,182.105263,9.10809474,121,123.6,121,47.3265353,2.61734156,0.199151416,0.001272051,0.034614482,0.94048808,0.036749109,1.0214876
2270,OK,,182.105263,9.10809474,124,123.6,124,48.4999205,2.06930026,0.263826499,0.001675954,0.027279544,0.951894215,0.061436278,0.996774194
2271,OK,,182.105263,9.10809474,127,123.6,127,49.6733057,1.53169157,0.36208031,0.002286812,0.020120784,0.961875461,0.113654222,0.973228346
2272,OK,,182.105263,9.10809474,130,123.6,130,50.8466908,1.02944951,0.517095891,0.003245606,0.013464167,0.969584148,0.241055072,0.950769231
2273,OK,,182.105263,9.10809474,133,123.6,133,52.020076,0.579709449,0.780213783,0.004864025,0.007540117,0.973857723,0.645086151,0.929323308
2274,OK,,182.105263,9.10809474,136,123.6,136,53.1934612,0.226433707,1.26802686,0.00784473,0.002922898,0.971905183,2.68388753,0.908823529
2275,OK,,182.105263,9.10809474,139,123.6,139,54.3668464,0.058032714,2.0965215,0.012854484,0.000740734,0.960370072,17.3537023,0.889208633
2276,OK,,182.105263,9.10809474,142,123.6,142,55.5402315,0.018650751,3.22456208,0.019573311,0.000234802,0.941606062,83.36102,0.870422535
2277,OK,,182.105263,9.10809474,145,123.6,145,56.7136167,0.008300334,4.37112515,0.02626278,0.000103021,0.92278,254.926841,0.852413793
2278,OK,,182.105263,9.10809474,148,123.6,148,57.8870019,0.004204357,5.56131127,0.033065627,5.14E-05,0.903855521,642.77166,0.835135135
2279,Errors,,182.105263,9.10809474,151,123.6,151,59.0603871,0.004741686,6.31525522,0.036646545,5.73E-05,0.892990933,640.039846,0.818543046
2280,OK,,182.105263,9.10809474,154,123.6,154,60.2337722,0.001428041,7.95653254,0.046311955,1.70E-05,0.867882082,2726.95957,0.802597403
2281,OK,,182.105263,9.10809474,157,123.6,157,61.4071574,0.000898242,9.19502919,0.052940108,1.05E-05,0.850246652,5027.09548,0.787261146
2282,OK,,182.105263,9.10809474,160,123.6,160,62.5805426,0.000585954,10.458728,0.059561813,6.77E-06,0.832866359,8791.92859,0.7725
2283,OK,,182.105263,9.59714211,121,123.6,121,47.3265353,2.72814042,0.192285469,0.001224344,0.035950598,0.938291999,0.034056292,1.0214876
2284,OK,,182.105263,9.59714211,124,123.6,124,48.4999205,2.16936814,0.254126108,0.001609395,0.028502733,0.950030965,0.056464571,0.996774194
2285,OK,,182.105263,9.59714211,127,123.6,127,49.6733057,1.62975008,0.34607191,0.00217916,0.021338514,0.960223666,0.102123316,0.973228346
2286,OK,,182.105263,9.59714211,130,123.6,130,50.8466908,1.11975307,0.489759141,0.003065087,0.014599719,0.968345783,0.209941518,0.950769231
2287,OK,,182.105263,9.59714211,133,123.6,133,52.020076,0.655393143,0.731246878,0.004546074,0.008500687,0.973344137,0.534789001,0.929323308
2288,OK,,182.105263,9.59714211,136,123.6,136,53.1934612,0.283061526,1.16337065,0.007178811,0.003645231,0.972808083,1.96937086,0.908823529
2289,OK,,182.105263,9.59714211,139,123.6,139,54.3668464,0.076411411,1.92965229,0.011804113,0.000973765,0.963101341,12.1221335,0.889208633
2290,OK,,182.105263,9.59714211,142,123.6,142,55.5402315,0.022584502,2.99790321,0.018159732,0.000283972,0.94561622,63.9490929,0.870422535
2291,OK,,182.105263,9.59714211,145,123.6,145,56.7136167,0.009800743,4.16560951,0.024976001,0.000121498,0.926377288,205.567051,0.852413793
2292,OK,,182.105263,9.59714211,148,123.6,148,57.8870019,0.00486171,5.35282472,0.031761856,5.94E-05,0.907445778,534.556506,0.835135135
2293,OK,,182.105263,9.59714211,151,123.6,151,59.0603871,0.003116387,6.54680979,0.038439787,3.75E-05,0.889097812,1023.72163,0.818543046
2294,OK,,182.105263,9.59714211,154,123.6,154,60.2337722,0.001585391,7.74919678,0.045018715,1.88E-05,0.871321654,2390.28255,0.802597403
2295,OK,,182.105263,9.59714211,157,123.6,157,61.4071574,0.001021337,8.94919727,0.051437607,1.20E-05,0.854247958,4299.4785,0.787261146
2296,OK,,182.105263,9.59714211,160,123.6,160,62.5805426,0.000678017,10.1640386,0.057795407,7.83E-06,0.83757385,7379.16575,0.7725
2297,OK,,182.105263,10.0861895,121,123.6,121,47.3265353,2.81453013,0.187389704,0.001189509,0.036972985,0.936570049,0.032172391,1.0214876
2298,OK,,182.105263,10.0861895,124,123.6,124,48.4999205,2.26762785,0.245286952,0.001548674,0.029694855,0.948187239,0.052152933,0.996774194
2299,OK,,182.105263,10.0861895,127,123.6,127,49.6733057,1.7289934,0.331161061,0.002079016,0.02256309,0.958525924,0.092142362,0.973228346
2300,OK,,182.105263,10.0861895,130,123.6,130,50.8466908,1.20646322,0.466269933,0.002909614,0.015682317,0.967102419,0.185534687,0.950769231
2301,OK,,182.105263,10.0861895,133,123.6,133,52.020076,0.736816507,0.685523986,0.004249893,0.009529084,0.972657854,0.445991752,0.929323308
2302,OK,,182.105263,10.0861895,136,123.6,136,53.1934612,0.34443001,1.0729973,0.006603877,0.004424598,0.973353354,1.49253722,0.908823529
2303,OK,,182.105263,10.0861895,139,123.6,139,54.3668464,0.100181471,1.77792892,0.01085043,0.001274503,0.965454859,8.51346091,0.889208633
2304,OK,,182.105263,10.0861895,142,123.6,142,55.5402315,0.027897402,2.80056287,0.016927736,0.000350317,0.949073668,48.321243,0.870422535
2305,OK,,182.105263,10.0861895,145,123.6,145,56.7136167,0.011695873,3.94863123,0.02362649,0.000144817,0.930169731,163.146727,0.852413793
2306,OK,,182.105263,10.0861895,148,123.6,148,57.8870019,0.005571619,5.15908286,0.030542558,6.80E-05,0.910780412,449.288799,0.835135135
2307,OK,,182.105263,10.0861895,151,123.6,151,59.0603871,0.003075597,6.33739551,0.037137052,3.70E-05,0.892644268,1003.25237,0.818543046
2308,OK,,182.105263,10.0861895,154,123.6,154,60.2337722,0.00183614,7.51844512,0.043597403,2.18E-05,0.875148426,2000.7925,0.802597403
2309,OK,,182.105263,10.0861895,157,123.6,157,61.4071574,0.001130578,8.73724862,0.050126702,1.32E-05,0.857697709,3788.89775,0.787261146
2310,OK,,182.105263,10.0861895,160,123.6,160,62.5805426,0.000757487,9.9447408,0.056447692,8.74E-06,0.841076829,6457.42413,0.7725
2311,OK,,182.105263,10.5752368,121,123.6,121,47.3265353,2.92222358,0.180734871,0.001143686,0.038252937,0.934435123,0.029897983,1.0214876
2312,OK,,182.105263,10.5752368,124,123.6,124,48.4999205,2.36600914,0.237031819,0.001491988,0.030880448,0.946328964,0.048314965,0.996774194
2313,OK,,182.105263,10.5752368,127,123.6,127,49.6733057,1.82614041,0.317817049,0.001989269,0.02375308,0.956838841,0.083747856,0.973228346
2314,OK,,182.105263,10.5752368,130,123.6,130,50.8466908,1.30446772,0.442181554,0.00275121,0.016901363,0.965648713,0.162780385,0.950769231
2315,OK,,182.105263,10.5752368,133,123.6,133,52.020076,0.820804398,0.644428364,0.003983883,0.010584026,0.971833321,0.376405293,0.929323308
2316,OK,,182.105263,10.5752368,136,123.6,136,53.1934612,0.412390228,0.991423173,0.006085712,0.005283919,0.973609286,1.15174214,0.908823529
2317,OK,,182.105263,10.5752368,139,123.6,139,54.3668464,0.123007066,1.66867157,0.010158618,0.001562162,0.967044647,6.50292324,0.889208633
2318,OK,,182.105263,10.5752368,142,123.6,142,55.5402315,0.034709756,2.60732134,0.015725456,0.000435277,0.952430319,36.1274376,0.870422535
2319,OK,,182.105263,10.5752368,145,123.6,145,56.7136167,0.013819558,3.74995874,0.022390582,0.000170905,0.933635368,131.0116,0.852413793
2320,OK,,182.105263,10.5752368,148,123.6,148,57.8870019,0.006555278,4.93243586,0.029149355,7.99E-05,0.914678754,364.683845,0.835135135
2321,OK,,182.105263,10.5752368,151,123.6,151,59.0603871,0.003547194,6.11290988,0.035752597,4.26E-05,0.896437233,838.361267,0.818543046
2322,OK,,182.105263,10.5752368,154,123.6,154,60.2337722,0.00207102,7.31673808,0.042345371,2.46E-05,0.878493263,1724.81902,0.802597403
2323,OK,,182.105263,10.5752368,157,123.6,157,61.4071574,0.001295058,8.51417943,0.048757959,1.51E-05,0.861327655,3220.69005,0.787261146
2324,OK,,182.105263,10.5752368,160,123.6,160,62.5805426,0.000831882,9.73535092,0.055158624,9.59E-06,0.844421566,5751.525,0.7725
2325,OK,,182.105263,11.0642842,121,123.6,121,47.3265353,3.02804752,0.175298087,0.001105827,0.03950062,0.932313963,0.027995184,1.0214876
2326,OK,,182.105263,11.0642842,124,123.6,124,48.4999205,2.46401504,0.229346652,0.001439214,0.032053339,0.944466678,0.044900602,0.996774194
2327,OK,,182.105263,11.0642842,127,123.6,127,49.6733057,1.92392238,0.305430971,0.001906017,0.024943101,0.95511969,0.076414604,0.973228346
2328,OK,,182.105263,11.0642842,130,123.6,130,50.8466908,1.39767786,0.421601387,0.002615496,0.018051914,0.964220302,0.144887437,0.950769231
2329,OK,,182.105263,11.0642842,133,123.6,133,52.020076,0.905823384,0.607896872,0.003747429,0.011645691,0.970901229,0.321786773,0.929323308
2330,OK,,182.105263,11.0642842,136,123.6,136,53.1934612,0.478326042,0.92570842,0.005667128,0.006113005,0.973605131,0.927060836,0.908823529
2331,OK,,182.105263,11.0642842,139,123.6,139,54.3668464,0.175253207,1.48436332,0.009015724,0.002220859,0.969473739,4.05956651,0.889208633
2332,OK,,182.105263,11.0642842,142,123.6,142,55.5402315,0.044470466,2.41586218,0.014538893,0.000556903,0.955701793,26.1067066,0.870422535
2333,Errors,,182.105263,11.0642842,145,123.6,145,56.7136167,0.00902969,5.72239035,0.033773559,0.000110193,0.898941024,306.493636,0.852413793
2334,OK,,182.105263,11.0642842,148,123.6,148,57.8870019,0.007575712,4.7401067,0.027954478,9.23E-05,0.917983619,302.988841,0.835135135
2335,OK,,182.105263,11.0642842,151,123.6,151,59.0603871,0.003960429,5.94168853,0.034673053,4.75E-05,0.899329326,729.344601,0.818543046
2336,OK,,182.105263,11.0642842,154,123.6,154,60.2337722,0.002325308,7.12185788,0.041136465,2.75E-05,0.881724439,1493.99632,0.802597403
2337,OK,,182.105263,11.0642842,157,123.6,157,61.4071574,0.001417568,8.33835373,0.047656005,1.66E-05,0.864188937,2879.34187,0.787261146
2338,OK,,182.105263,11.0642842,160,123.6,160,62.5805426,0.00086363,9.62373726,0.05440623,9.94E-06,0.846204579,5471.65142,0.7725
2339,OK,,182.105263,11.5533316,121,123.6,121,47.3265353,3.12486725,0.170650197,0.001073188,0.040629349,0.930366391,0.026414101,1.0214876
2340,OK,,182.105263,11.5533316,124,123.6,124,48.4999205,2.56709413,0.22174025,0.001387232,0.033281303,0.942498166,0.041682009,0.996774194
2341,OK,,182.105263,11.5533316,127,123.6,127,49.6733057,2.03592659,0.292225719,0.001818101,0.02630251,0.953130715,0.069122702,0.973228346
2342,OK,,182.105263,11.5533316,130,123.6,130,50.8466908,1.49374148,0.402298369,0.002488441,0.01923101,0.962710654,0.129397322,0.950769231
2343,OK,,182.105263,11.5533316,133,123.6,133,52.020076,0.993617397,0.574473338,0.003531356,0.012736016,0.969856047,0.277273223,0.929323308
2344,OK,,182.105263,11.5533316,136,123.6,136,53.1934612,0.55189587,0.863328024,0.005271009,0.007034214,0.973394777,0.749338822,0.908823529
2345,OK,,182.105263,11.5533316,139,123.6,139,54.3668464,0.217547796,1.37614763,0.008337671,0.002751112,0.970686263,3.03065444,0.889208633
2346,OK,,182.105263,11.5533316,142,123.6,142,55.5402315,0.057990564,2.22845754,0.013381594,0.000725154,0.958832579,18.4534579,0.870422535
2347,OK,,182.105263,11.5533316,145,123.6,145,56.7136167,0.019735479,3.33125834,0.01980797,0.000243469,0.94091377,81.3573359,0.852413793
2348,OK,,182.105263,11.5533316,148,123.6,148,57.8870019,0.008794625,4.54576038,0.026742948,0.000106891,0.921319902,250.18976,0.835135135
2349,OK,,182.105263,11.5533316,151,123.6,151,59.0603871,0.004642617,5.70771555,0.033249674,5.57E-05,0.903279364,597.058086,0.818543046
2350,OK,,182.105263,11.5533316,154,123.6,154,60.2337722,0.002617941,6.92212664,0.039897801,3.10E-05,0.885035515,1288.93456,0.802597403
2351,OK,,182.105263,11.5533316,157,123.6,157,61.4071574,0.001626141,8.1017023,0.04622093,1.90E-05,0.868039349,2436.64236,0.787261146
2352,OK,,182.105263,11.5533316,160,123.6,160,62.5805426,0.001047895,9.31128512,0.052564516,1.21E-05,0.851194435,4360.0523,0.7725
2353,OK,,182.105263,12.0423789,121,123.6,121,47.3265353,3.22411477,0.166123259,0.001041493,0.041779896,0.928364965,0.024928079,1.0214876
2354,OK,,182.105263,12.0423789,124,123.6,124,48.4999205,2.66635401,0.214905642,0.001340381,0.034453663,0.940592487,0.038903862,0.996774194
2355,OK,,182.105263,12.0423789,127,123.6,127,49.6733057,2.12748599,0.282434835,0.001751952,0.027398864,0.951484589,0.063942501,0.973228346
2356,OK,,182.105263,12.0423789,130,123.6,130,50.8466908,1.58721678,0.38521074,0.002375775,0.020370074,0.96120834,0.11663063,0.950769231
2357,OK,,182.105263,12.0423789,133,123.6,133,52.020076,1.0795559,0.545366839,0.003342918,0.013796348,0.968763545,0.242304548,0.929323308
2358,OK,,182.105263,12.0423789,136,123.6,136,53.1934612,0.627407637,0.80861381,0.00492355,0.007974739,0.973003798,0.617393278,0.908823529
2359,OK,,182.105263,12.0423789,139,123.6,139,54.3668464,0.270358388,1.2688544,0.007668359,0.003411231,0.971688393,2.24797434,0.889208633
2360,OK,,182.105263,12.0423789,142,123.6,142,55.5402315,0.075611579,2.05833121,0.012332181,0.000944026,0.961578432,13.0633847,0.870422535
2361,OK,,182.105263,12.0423789,145,123.6,145,56.7136167,0.023647381,3.14204431,0.018642944,0.000291357,0.9441811,63.9866484,0.852413793
2362,OK,,182.105263,12.0423789,148,123.6,148,57.8870019,0.01062609,4.29888154,0.025251274,0.000129114,0.925553104,195.574158,0.835135135
2363,OK,,182.105263,12.0423789,151,123.6,151,59.0603871,0.005408867,5.48098523,0.031861596,6.48E-05,0.907105348,491.830366,0.818543046
2364,OK,,182.105263,12.0423789,154,123.6,154,60.2337722,0.002973502,6.70997459,0.038598504,3.51E-05,0.888551757,1099.23191,0.802597403
2365,OK,,182.105263,12.0423789,157,123.6,157,61.4071574,0.001832254,7.88795512,0.044917665,2.14E-05,0.871516812,2103.78354,0.787261146
2366,OK,,182.105263,12.0423789,160,123.6,160,62.5805426,0.001204515,9.08813781,0.051213043,1.38E-05,0.854757694,3699.34194,0.7725
2367,OK,,182.105263,12.5314263,121,123.6,121,47.3265353,3.32810039,0.161600245,0.001010004,0.04298079,0.92626334,0.023498972,1.0214876
2368,OK,,182.105263,12.5314263,124,123.6,124,48.4999205,2.7694087,0.208207004,0.001294647,0.035665113,0.938605761,0.036300097,0.996774194
2369,OK,,182.105263,12.5314263,127,123.6,127,49.6733057,2.21824188,0.273405916,0.001690911,0.028478755,0.9498393,0.059374475,0.973228346
2370,OK,,182.105263,12.5314263,130,123.6,130,50.8466908,1.68494482,0.368830986,0.002268095,0.021554993,0.959608467,0.105223626,0.950769231
2371,OK,,182.105263,12.5314263,133,123.6,133,52.020076,1.17241212,0.517046132,0.003160302,0.014936868,0.967522957,0.211577287,0.929323308
2372,OK,,182.105263,12.5314263,136,123.6,136,53.1934612,0.707667658,0.758283873,0.004604511,0.008969633,0.972441133,0.513344468,0.908823529
2373,OK,,182.105263,12.5314263,139,123.6,139,54.3668464,0.328872552,1.17360878,0.00707475,0.004139762,0.972364015,1.70897478,0.889208633
2374,OK,,182.105263,12.5314263,142,123.6,142,55.5402315,0.097925584,1.905002,0.01138734,0.001220614,0.963937356,9.32918853,0.870422535
2375,OK,,182.105263,12.5314263,145,123.6,145,56.7136167,0.02858808,2.9387349,0.017400027,0.000351786,0.947678827,49.4619833,0.852413793
2376,OK,,182.105263,12.5314263,148,123.6,148,57.8870019,0.01253463,4.09321741,0.023994179,0.000152124,0.929072989,157.727588,0.835135135
2377,OK,,182.105263,12.5314263,151,123.6,151,59.0603871,0.006235755,5.27534284,0.030610569,7.46E-05,0.910573248,410.154409,0.818543046
2378,OK,,182.105263,12.5314263,154,123.6,154,60.2337722,0.003448931,6.47411871,0.037181463,4.07E-05,0.892459539,913.382159,0.802597403
2379,OK,,182.105263,12.5314263,157,123.6,157,61.4071574,0.002070906,7.6713063,0.04360281,2.41E-05,0.875040996,1808.74185,0.787261146
2380,OK,,182.105263,12.5314263,160,123.6,160,62.5805426,0.001314779,8.87753629,0.049934918,1.51E-05,0.858121219,3307.88527,0.7725
2381,OK,,182.105263,13.0204737,121,123.6,121,47.3265353,3.42975772,0.157423858,0.000980869,0.044144971,0.924203588,0.022219267,1.0214876
2382,OK,,182.105263,13.0204737,124,123.6,124,48.4999205,2.86976278,0.202092013,0.001252808,0.036835194,0.936662684,0.034011155,0.996774194
2383,OK,,182.105263,13.0204737,127,123.6,127,49.6733057,2.31741436,0.264055836,0.001628207,0.029654918,0.948031037,0.054905116,0.973228346
2384,OK,,182.105263,13.0204737,130,123.6,130,50.8466908,1.78132481,0.353983661,0.002170421,0.022715425,0.958004967,0.095548333,0.950769231
2385,OK,,182.105263,13.0204737,133,123.6,133,52.020076,1.26299518,0.492264833,0.00300026,0.016041927,0.966258027,0.187026132,0.929323308
2386,OK,,182.105263,13.0204737,136,123.6,136,53.1934612,0.79289675,0.71178231,0.004310278,0.010020753,0.971713082,0.43013514,0.908823529
2387,OK,,182.105263,13.0204737,139,123.6,139,54.3668464,0.395344888,1.08536548,0.006525812,0.00496362,0.972764461,1.31472855,0.889208633
2388,OK,,182.105263,13.0204737,142,123.6,142,55.5402315,0.129298994,1.74817579,0.010425855,0.001608778,0.96619613,6.48060627,0.870422535
2389,OK,,182.105263,13.0204737,145,123.6,145,56.7136167,0.035969351,2.74761755,0.016233653,0.000442028,0.950918544,36.7253993,0.852413793
2390,OK,,182.105263,13.0204737,148,123.6,148,57.8870019,0.014462302,3.91095205,0.022877435,0.000175306,0.932188329,130.500278,0.835135135
2391,OK,,182.105263,13.0204737,151,123.6,151,59.0603871,0.00719477,5.07189661,0.029370077,8.60E-05,0.914001726,341.490752,0.818543046
2392,OK,,182.105263,13.0204737,154,123.6,154,60.2337722,0.003948077,6.25719785,0.035867013,4.65E-05,0.896052568,770.534077,0.802597403
2393,OK,,182.105263,13.0204737,157,123.6,157,61.4071574,0.002295556,7.45406171,0.042289185,2.67E-05,0.878575111,1584.23681,0.787261146
2394,OK,,182.105263,13.0204737,160,123.6,160,62.5805426,0.001463892,8.6622805,0.048635572,1.68E-05,0.861558497,2896.59708,0.7725
2395,OK,,182.105263,13.5095211,121,123.6,121,47.3265353,3.53212908,0.153427827,0.000953026,0.045309761,0.922124937,0.021033565,1.0214876
2396,OK,,182.105263,13.5095211,124,123.6,124,48.4999205,2.97064674,0.1962837,0.001213108,0.038003799,0.934702358,0.031920705,0.996774194
2397,OK,,182.105263,13.5095211,127,123.6,127,49.6733057,2.41726225,0.255252003,0.001569221,0.030831525,0.94619818,0.050896641,0.973228346
2398,OK,,182.105263,13.5095211,130,123.6,130,50.8466908,1.8759904,0.340547328,0.002081934,0.023847285,0.956407434,0.087302769,0.950769231
2399,OK,,182.105263,13.5095211,133,123.6,133,52.020076,1.35658436,0.469054004,0.002850627,0.017177336,0.964905119,0.165952828,0.929323308
2400,OK,,182.105263,13.5095211,136,123.6,136,53.1934612,0.872428542,0.673823246,0.00406918,0.010994933,0.970931544,0.370095927,0.908823529
2401,OK,,182.105263,13.5095211,139,123.6,139,54.3668464,0.456981726,1.01743506,0.006101597,0.005723976,0.972880222,1.06597183,0.889208633
2402,OK,,182.105263,13.5095211,142,123.6,142,55.5402315,0.166392067,1.61141078,0.009587537,0.002066332,0.96799072,4.63988267,0.870422535
2403,OK,,182.105263,13.5095211,145,123.6,145,56.7136167,0.045801292,2.54502139,0.015004889,0.000562089,0.954317449,26.6948516,0.852413793
2404,OK,,182.105263,13.5095211,148,123.6,148,57.8870019,0.017459483,3.68672301,0.021522705,0.000211385,0.936010117,101.817377,0.835135135
2405,OK,,182.105263,13.5095211,151,123.6,151,59.0603871,0.00821251,4.90290373,0.028322728,9.80E-05,0.916845851,288.981251,0.818543046
2406,OK,,182.105263,13.5095211,154,123.6,154,60.2337722,0.004586105,6.04281602,0.034567649,5.40E-05,0.899601139,640.049161,0.802597403
2407,OK,,182.105263,13.5095211,157,123.6,157,61.4071574,0.00269215,7.22396744,0.040906018,3.13E-05,0.882315679,1308.08671,0.787261146
2408,OK,,182.105263,13.5095211,160,123.6,160,62.5805426,0.001660129,8.44544539,0.047330141,1.90E-05,0.865020258,2488.24628,0.7725
2409,OK,,182.105263,13.9985684,121,123.6,121,47.3265353,3.6313197,0.14976037,0.000927394,0.046428792,0.920106552,0.019974551,1.0214876
2410,OK,,182.105263,13.9985684,124,123.6,124,48.4999205,3.06712015,0.191057113,0.001177243,0.039111568,0.932820977,0.030099613,0.996774194
2411,OK,,182.105263,13.9985684,127,123.6,127,49.6733057,2.52341604,0.246449835,0.001510568,0.0320771,0.944238342,0.047091801,0.973228346
2412,OK,,182.105263,13.9985684,130,123.6,130,50.8466908,1.97339803,0.327711256,0.001997601,0.025005607,0.954744168,0.079886112,0.950769231
2413,OK,,182.105263,13.9985684,133,123.6,133,52.020076,1.45303249,0.447311668,0.002710713,0.018340914,0.963469024,0.147795962,0.929323308
2414,OK,,182.105263,13.9985684,136,123.6,136,53.1934612,0.961034322,0.636114999,0.003830838,0.012075819,0.969974706,0.317232142,0.908823529
2415,OK,,182.105263,13.9985684,139,123.6,139,54.3668464,0.53191537,0.946963331,0.005664096,0.006644873,0.972798152,0.852401049,0.889208633
2416,OK,,182.105263,13.9985684,142,123.6,142,55.5402315,0.208797519,1.49143852,0.008850902,0.002586654,0.969387307,3.42175713,0.870422535
2417,OK,,182.105263,13.9985684,145,123.6,145,56.7136167,0.058229113,2.36309066,0.013902061,0.000713594,0.957306201,19.4817591,0.852413793
2418,OK,,182.105263,13.9985684,148,123.6,148,57.8870019,0.021256878,3.48185394,0.020281052,0.000257017,0.939483637,78.9093007,0.835135135
2419,OK,,182.105263,13.9985684,151,123.6,151,59.0603871,0.009900232,4.65265706,0.026832408,0.000118073,0.921054407,227.252092,0.818543046
2420,OK,,182.105263,13.9985684,154,123.6,154,60.2337722,0.005208667,5.83827312,0.033332674,6.13E-05,0.902986621,544.013506,0.802597403
2421,OK,,182.105263,13.9985684,157,123.6,157,61.4071574,0.003003063,7.03758302,0.039772889,3.48E-05,0.885345839,1141.42212,0.787261146
2422,OK,,182.105263,13.9985684,160,123.6,160,62.5805426,0.001873676,8.21990918,0.045983818,2.14E-05,0.86862078,2144.10816,0.7725
2423,OK,,182.105263,14.4876158,121,123.6,121,47.3265353,3.73729292,0.145997704,0.000901309,0.047620907,0.917946864,0.018926756,1.0214876
2424,OK,,182.105263,14.4876158,124,123.6,124,48.4999205,3.1733093,0.185553908,0.001139859,0.040328576,0.930744975,0.028264297,0.996774194
2425,OK,,182.105263,14.4876158,127,123.6,127,49.6733057,2.61754189,0.239231045,0.001461974,0.033168763,0.942488769,0.044076827,0.973228346
2426,OK,,182.105263,14.4876158,130,123.6,130,50.8466908,2.07217525,0.315634943,0.001918357,0.026173085,0.953039025,0.073295026,0.950769231
2427,OK,,182.105263,14.4876158,133,123.6,133,52.020076,1.54390601,0.428720526,0.002590635,0.019428799,0.962079515,0.133339956,0.929323308
2428,OK,,182.105263,14.4876158,136,123.6,136,53.1934612,1.0466883,0.603774208,0.003625999,0.01311388,0.968972455,0.276500835,0.908823529
2429,OK,,182.105263,14.4876158,139,123.6,139,54.3668464,0.603855811,0.889436289,0.005305935,0.007523838,0.972533038,0.7052166,0.889208633
2430,OK,,182.105263,14.4876158,142,123.6,142,55.5402315,0.259974499,1.37738538,0.00815553,0.003214955,0.970519391,2.53674798,0.870422535
2431,OK,,182.105263,14.4876158,145,123.6,145,56.7136167,0.075874214,2.19200199,0.01286426,0.000928294,0.960011787,13.8579627,0.852413793
2432,OK,,182.105263,14.4876158,148,123.6,148,57.8870019,0.025172387,3.27730768,0.019050622,0.000303989,0.94294954,62.6688314,0.835135135
2433,OK,,182.105263,14.4876158,151,123.6,151,59.0603871,0.011543195,4.44089968,0.025560714,0.000137511,0.924612027,185.881857,0.818543046
2434,OK,,182.105263,14.4876158,154,123.6,154,60.2337722,0.006004785,5.62595547,0.032058659,7.06E-05,0.906498298,454.350967,0.802597403
2435,OK,,182.105263,14.4876158,157,123.6,157,61.4071574,0.003410597,6.82230706,0.038484185,3.95E-05,0.888844917,973.499989,0.787261146
2436,OK,,182.105263,14.4876158,160,123.6,160,62.5805426,0.002042397,8.06299186,0.04501593,2.34E-05,0.87112553,1927.71921,0.7725
2437,OK,,182.105263,14.9766632,121,123.6,121,47.3265353,3.83866021,0.142592881,0.000877595,0.048750375,0.915876938,0.018001813,1.0214876
2438,OK,,182.105263,14.9766632,124,123.6,124,48.4999205,3.27429859,0.180634267,0.001106286,0.041475245,0.928764154,0.026673397,0.996774194
2439,OK,,182.105263,14.9766632,127,123.6,127,49.6733057,2.71148868,0.232437807,0.001416254,0.034251367,0.940734234,0.041348834,0.973228346
2440,OK,,182.105263,14.9766632,130,123.6,130,50.8466908,2.16997482,0.304535268,0.001845487,0.027321207,0.951333901,0.067547791,0.950769231
2441,OK,,182.105263,14.9766632,133,123.6,133,52.020076,1.63282849,0.412028191,0.002482655,0.020485922,0.960691009,0.121188352,0.929323308
2442,OK,,182.105263,14.9766632,136,123.6,136,53.1934612,1.13715899,0.573068299,0.003432024,0.014204881,0.967848919,0.241608804,0.908823529
2443,OK,,182.105263,14.9766632,139,123.6,139,54.3668464,0.680479923,0.836221876,0.004975213,0.008455698,0.97210245,0.588385838,0.889208633
2444,OK,,182.105263,14.9766632,142,123.6,142,55.5402315,0.315102275,1.28509938,0.007588425,0.003887346,0.971188423,1.95208405,0.870422535
2445,OK,,182.105263,14.9766632,145,123.6,145,56.7136167,0.099231613,2.02173077,0.011838775,0.001212104,0.962602237,9.76712561,0.852413793
2446,OK,,182.105263,14.9766632,148,123.6,148,57.8870019,0.030051503,3.0763297,0.017845627,0.000362461,0.946337155,49.2346517,0.835135135
2447,OK,,182.105263,14.9766632,151,123.6,151,59.0603871,0.013533226,4.2326377,0.024311714,0.000161005,0.928104587,150.999902,0.818543046
2448,OK,,182.105263,14.9766632,154,123.6,154,60.2337722,0.006640449,5.45045989,0.030986219,7.79E-05,0.909401319,397.849811,0.802597403
2449,OK,,182.105263,14.9766632,157,123.6,157,61.4071574,0.003901187,6.59823829,0.037151509,4.52E-05,0.892485831,822.4696,0.787261146
2450,OK,,182.105263,14.9766632,160,123.6,160,62.5805426,0.002520621,7.8122238,0.043540721,2.88E-05,0.875125013,1512.2858,0.7725
2451,OK,,182.105263,15.4657105,121,123.6,121,47.3265353,3.94249868,0.139255537,0.000854429,0.049901224,0.913753369,0.017122413,1.0214876
2452,OK,,182.105263,15.4657105,124,123.6,124,48.4999205,3.37592655,0.175936493,0.001074262,0.042621761,0.92676559,0.025204537,0.996774194
2453,OK,,182.105263,15.4657105,127,123.6,127,49.6733057,2.81794603,0.225086398,0.001367364,0.035476772,0.93873908,0.038542511,0.973228346
2454,OK,,182.105263,15.4657105,130,123.6,130,50.8466908,2.26934803,0.294013114,0.001776513,0.028480858,0.949586471,0.062375694,0.950769231
2455,OK,,182.105263,15.4657105,133,123.6,133,52.020076,1.73708503,0.39386746,0.002366418,0.021723348,0.95903596,0.108934308,0.929323308
2456,OK,,182.105263,15.4657105,136,123.6,136,53.1934612,1.22684972,0.545707824,0.003259067,0.015279754,0.966677153,0.213293138,0.908823529
2457,OK,,182.105263,15.4657105,139,123.6,139,54.3668464,0.761889836,0.790934444,0.004692107,0.009439724,0.971438029,0.497059743,0.889208633
2458,OK,,182.105263,15.4657105,142,123.6,142,55.5402315,0.376739121,1.19442114,0.007035334,0.004636731,0.971711312,1.51730475,0.870422535
2459,OK,,182.105263,15.4657105,145,123.6,145,56.7136167,0.124836771,1.88470077,0.011011075,0.001522296,0.96456693,7.23320213,0.852413793
2460,OK,,182.105263,15.4657105,148,123.6,148,57.8870019,0.037768277,2.87798047,0.016660521,0.000454947,0.949630338,36.6208177,0.835135135
2461,OK,,182.105263,15.4657105,151,123.6,151,59.0603871,0.015622207,4.05271101,0.023225808,0.000185557,0.931115703,125.16787,0.818543046
2462,OK,,182.105263,15.4657105,154,123.6,154,60.2337722,0.007922281,5.20988844,0.029572661,9.29E-05,0.913374001,318.381922,0.802597403
2463,OK,,182.105263,15.4657105,157,123.6,157,61.4071574,0.004535356,6.39471689,0.035936834,5.25E-05,0.895789799,685.077662,0.787261146
2464,OK,,182.105263,15.4657105,160,123.6,160,62.5805426,0.002642818,7.59479732,0.042251868,3.02E-05,0.878597407,1401.10709,0.7725
2465,OK,,182.105263,15.9547579,121,123.6,121,47.3265353,4.04879548,0.135985198,0.000831808,0.051073432,0.911576441,0.016286508,1.0214876
2466,OK,,182.105263,15.9547579,124,123.6,124,48.4999205,3.47926217,0.171392023,0.001043357,0.043781163,0.924728656,0.02383119,0.996774194
2467,OK,,182.105263,15.9547579,127,123.6,127,49.6733057,2.92143862,0.218386435,0.001322717,0.036658832,0.936790495,0.036081805,0.973228346
2468,OK,,182.105263,15.9547579,130,123.6,130,50.8466908,2.36793276,0.284297967,0.001712801,0.029623755,0.947838676,0.057818497,0.950769231
2469,OK,,182.105263,15.9547579,133,123.6,133,52.020076,1.8305571,0.379004215,0.002270617,0.022822266,0.957524835,0.099491305,0.929323308
2470,OK,,182.105263,15.9547579,136,123.6,136,53.1934612,1.32451116,0.521543301,0.003105355,0.016442651,0.965295463,0.188859763,0.908823529
2471,OK,,182.105263,15.9547579,139,123.6,139,54.3668464,0.851032731,0.743293058,0.004397489,0.010512632,0.970674669,0.418305274,0.889208633
2472,OK,,182.105263,15.9547579,142,123.6,142,55.5402315,0.441882735,1.11467404,0.006549008,0.005425272,0.971974248,1.20712984,0.870422535
2473,OK,,182.105263,15.9547579,145,123.6,145,56.7136167,0.163772039,1.72801246,0.010072931,0.001993342,0.966643205,5.05328803,0.852413793
2474,OK,,182.105263,15.9547579,148,123.6,148,57.8870019,0.046853554,2.68886306,0.015533195,0.000563641,0.952740399,27.5586689,0.835135135
2475,OK,,182.105263,15.9547579,151,123.6,151,59.0603871,0.018356897,3.82667352,0.0218937,0.000217918,0.934896627,100.467774,0.818543046
2476,OK,,182.105263,15.9547579,154,123.6,154,60.2337722,0.009159621,4.99948272,0.028323423,0.000107272,0.91684661,264.033104,0.802597403
2477,OK,,182.105263,15.9547579,157,123.6,157,61.4071574,0.005002076,6.19128815,0.034725369,5.78E-05,0.899094984,600.943554,0.787261146
2478,OK,,182.105263,15.9547579,160,123.6,160,62.5805426,0.002979816,7.38108974,0.040987689,3.40E-05,0.882006943,1206.71798,0.7725
2479,OK,,182.105263,16.4438053,121,123.6,121,47.3265353,4.14862706,0.133051456,0.000811387,0.052161767,0.90952901,0.015555197,1.0214876
2480,OK,,182.105263,16.4438053,124,123.6,124,48.4999205,3.5810887,0.167147825,0.001014457,0.04491462,0.922716646,0.022586348,0.996774194
2481,OK,,182.105263,16.4438053,127,123.6,127,49.6733057,3.01993522,0.212407228,0.001282692,0.037773509,0.934927978,0.033957454,0.973228346
2482,OK,,182.105263,16.4438053,130,123.6,130,50.8466908,2.46731247,0.275103655,0.00165257,0.030768542,0.946065003,0.053709737,0.950769231
2483,OK,,182.105263,16.4438053,133,123.6,133,52.020076,1.92467429,0.365137041,0.002181287,0.023921939,0.955982161,0.091183556,0.929323308
2484,OK,,182.105263,16.4438053,136,123.6,136,53.1934612,1.41166963,0.49973089,0.002967224,0.017473824,0.964067002,0.169809669,0.908823529
2485,OK,,182.105263,16.4438053,139,123.6,139,54.3668464,0.926323998,0.708066303,0.004177937,0.011413124,0.969937739,0.366064293,0.889208633
2486,OK,,182.105263,16.4438053,142,123.6,142,55.5402315,0.512527909,1.04159497,0.006104014,0.00627668,0.97201807,0.972490992,0.870422535
2487,OK,,182.105263,16.4438053,145,123.6,145,56.7136167,0.203207565,1.60750475,0.009348498,0.002468553,0.968072706,3.78703481,0.852413793
2488,OK,,182.105263,16.4438053,148,123.6,148,57.8870019,0.059331762,2.5000234,0.014411986,0.000712764,0.955787049,20.2198594,0.835135135
2489,OK,,182.105263,16.4438053,151,123.6,151,59.0603871,0.0221465,3.61900394,0.020664226,0.000262591,0.938348687,78.6935581,0.818543046
2490,OK,,182.105263,16.4438053,154,123.6,154,60.2337722,0.010643258,4.79044117,0.027086348,0.000124508,0.920292483,217.5478,0.802597403
2491,OK,,182.105263,16.4438053,157,123.6,157,61.4071574,0.005719568,5.9776374,0.0334624,6.60E-05,0.902562548,507.027351,0.787261146
2492,OK,,182.105263,16.4438053,160,123.6,160,62.5805426,0.003177325,7.16822126,0.039732179,3.62E-05,0.885405299,1098.18649,0.7725
2493,OK,,182.105263,16.9328526,121,123.6,121,47.3265353,4.25214181,0.13012557,0.000791125,0.053285606,0.907403588,0.014846884,1.0214876
2494,OK,,182.105263,16.9328526,124,123.6,124,48.4999205,3.68303585,0.163104095,0.000986939,0.046041951,0.920698015,0.021435649,0.996774194
2495,OK,,182.105263,16.9328526,127,123.6,127,49.6733057,3.12030441,0.206627488,0.001244093,0.038903032,0.933023747,0.031979338,0.973228346
2496,OK,,182.105263,16.9328526,130,123.6,130,50.8466908,2.56573278,0.266573443,0.001596662,0.031894534,0.944297138,0.050060692,0.950769231
2497,OK,,182.105263,16.9328526,133,123.6,133,52.020076,2.02686209,0.353104445,0.002102937,0.025108394,0.954249076,0.083754353,0.929323308
2498,OK,,182.105263,16.9328526,136,123.6,136,53.1934612,1.50392205,0.478506252,0.002833264,0.018559856,0.96273173,0.1526555,0.908823529
2499,OK,,182.105263,16.9328526,139,123.6,139,54.3668464,1.01836122,0.66908657,0.003937226,0.012509872,0.968961823,0.314729537,0.889208633
2500,OK,,182.105263,16.9328526,142,123.6,142,55.5402315,0.581740718,0.980403531,0.0057306,0.007106344,0.971873645,0.806406194,0.870422535
2501,OK,,182.105263,16.9328526,145,123.6,145,56.7136167,0.249419269,1.4950147,0.008673685,0.003023722,0.969241356,2.86854636,0.852413793
2502,OK,,182.105263,16.9328526,148,123.6,148,57.8870019,0.075552012,2.32446375,0.013371291,0.000906295,0.958539643,14.7538002,0.835135135
2503,OK,,182.105263,16.9328526,151,123.6,151,59.0603871,0.026179403,3.41681442,0.019470479,0.000310035,0.941703839,62.8008991,0.818543046
2504,OK,,182.105263,16.9328526,154,123.6,154,60.2337722,0.012340764,4.58682085,0.025884171,0.000144201,0.923644802,179.500503,0.802597403
2505,OK,,182.105263,16.9328526,157,123.6,157,61.4071574,0.006357679,5.76741311,0.032227354,7.33E-05,0.905975606,439.688925,0.787261146
2506,OK,,182.105263,16.9328526,160,123.6,160,62.5805426,0.003790763,7.0258867,0.038844651,4.31E-05,0.887669918,901.969821,0.7725
2507,OK,,182.105263,17.4219,121,123.6,121,47.3265353,4.35847777,0.127237195,0.000771211,0.054435489,0.905217761,0.014167427,1.0214876
2508,OK,,182.105263,17.4219,124,123.6,124,48.4999205,3.78798205,0.159119026,0.000959935,0.047197612,0.918616339,0.020338641,0.996774194
2509,OK,,182.105263,17.4219,127,123.6,127,49.6733057,3.22232285,0.201046065,0.001206912,0.04004531,0.931082321,0.030138649,0.973228346
2510,OK,,182.105263,17.4219,130,123.6,130,50.8466908,2.6664456,0.258341875,0.001542859,0.033041062,0.942478312,0.0466952,0.950769231
2511,OK,,182.105263,17.4219,133,123.6,133,52.020076,2.12363272,0.340747643,0.002023561,0.026226002,0.95262636,0.077158575,0.929323308
2512,OK,,182.105263,17.4219,136,123.6,136,53.1934612,1.59981707,0.458229388,0.00270563,0.019683301,0.961310161,0.137458141,0.908823529
2513,OK,,182.105263,17.4219,139,123.6,139,54.3668464,1.10346357,0.637043498,0.003738543,0.013517274,0.967985874,0.276575191,0.889208633
2514,OK,,182.105263,17.4219,142,123.6,142,55.5402315,0.659406174,0.920609734,0.005367194,0.008033837,0.971551867,0.668073564,0.870422535
2515,OK,,182.105263,17.4219,145,123.6,145,56.7136167,0.303390946,1.38884174,0.008038447,0.003670069,0.970161792,2.19027136,0.852413793
2516,OK,,182.105263,17.4219,148,123.6,148,57.8870019,0.093813153,2.17931545,0.01250865,0.00112365,0.960731623,11.1321595,0.835135135
2517,OK,,182.105263,17.4219,151,123.6,151,59.0603871,0.03105531,3.21610662,0.018289907,0.000367336,0.94501963,49.7906114,0.818543046
2518,OK,,182.105263,17.4219,154,123.6,154,60.2337722,0.014550859,4.37027283,0.024614756,0.000169837,0.927203236,144.931908,0.802597403
2519,OK,,182.105263,17.4219,157,123.6,157,61.4071574,0.007449018,5.56611446,0.031039201,8.58E-05,0.909235931,361.936674,0.787261146
2520,OK,,182.105263,17.4219,160,123.6,160,62.5805426,0.004613065,6.73365951,0.037186893,5.24E-05,0.892326396,709.413815,0.7725
2521,OK,,187.368421,8.13,121,123.6,121,47.3265353,2.42337245,0.226394478,0.001455056,0.032264571,0.944010967,0.045097635,1.0214876
2522,OK,,187.368421,8.13,124,123.6,124,48.4999205,1.88103076,0.299848466,0.0019164,0.024960141,0.955033344,0.076778424,0.996774194
2523,OK,,187.368421,8.13,127,123.6,127,49.6733057,1.35246742,0.412783548,0.002622567,0.017878745,0.964462785,0.146686273,0.973228346
2524,OK,,187.368421,8.13,130,123.6,130,50.8466908,0.863590088,0.59675814,0.003767214,0.011362552,0.971279385,0.331546455,0.950769231
2525,OK,,187.368421,8.13,133,123.6,133,52.020076,0.440810287,0.91926912,0.005762312,0.005764327,0.973854721,0.999650439,0.929323308
2526,OK,,187.368421,8.13,136,123.6,136,53.1934612,0.147309865,1.53074641,0.009517115,0.001909348,0.968453711,4.98448549,0.908823529
2527,OK,,187.368421,8.13,139,123.6,139,54.3668464,0.041439789,2.48442964,0.015300753,0.000530423,0.953540262,28.8463404,0.889208633
2528,OK,,187.368421,8.13,142,123.6,142,55.5402315,0.016117771,3.61734857,0.022052455,0.000203418,0.934579561,108.409768,0.870422535
2529,OK,,187.368421,8.13,145,123.6,145,56.7136167,0.007512831,4.79442877,0.028925047,9.35E-05,0.915330006,309.471722,0.852413793
2530,OK,,187.368421,8.13,148,123.6,148,57.8870019,0.003963841,5.98640289,0.035736071,4.86E-05,0.896516203,735.163889,0.835135135
2531,OK,,187.368421,8.13,151,123.6,151,59.0603871,0.002301224,7.17857987,0.042397629,2.78E-05,0.878414595,1524.0317,0.818543046
2532,OK,,187.368421,8.13,154,123.6,154,60.2337722,0.001424869,8.37823611,0.048952559,1.70E-05,0.86088102,2882.68213,0.802597403
2533,OK,,187.368421,8.13,157,123.6,157,61.4071574,0.000916725,9.60866761,0.055531688,1.08E-05,0.843510354,5155.37073,0.787261146
2534,OK,,187.368421,8.13,160,123.6,160,62.5805426,0.000606842,10.874153,0.062130849,7.02E-06,0.826227779,8844.38133,0.7725
2535,OK,,187.368421,8.61904737,121,123.6,121,47.3265353,2.52628483,0.218974208,0.001402968,0.033518392,0.941993239,0.041856652,1.0214876
2536,OK,,187.368421,8.61904737,124,123.6,124,48.4999205,1.97484681,0.289132887,0.001842277,0.026119505,0.95331993,0.070532599,0.996774194
2537,OK,,187.368421,8.61904737,127,123.6,127,49.6733057,1.44839081,0.393804833,0.0024945,0.019084232,0.96291377,0.130709993,0.973228346
2538,OK,,187.368421,8.61904737,130,123.6,130,50.8466908,0.949915073,0.56364866,0.003547906,0.012460243,0.970232798,0.284738099,0.950769231
2539,OK,,187.368421,8.61904737,133,123.6,133,52.020076,0.509464199,0.857296878,0.005359104,0.006644295,0.973726277,0.806572225,0.929323308
2540,OK,,187.368421,8.61904737,136,123.6,136,53.1934612,0.191489158,1.39303793,0.008639598,0.002476715,0.970211995,3.48832918,0.908823529
2541,OK,,187.368421,8.61904737,139,123.6,139,54.3668464,0.053452355,2.28588414,0.014046374,0.000683124,0.956971267,20.5619611,0.889208633
2542,OK,,187.368421,8.61904737,142,123.6,142,55.5402315,0.018841699,3.44553374,0.020958361,0.000237488,0.937624037,88.2501722,0.870422535
2543,OK,,187.368421,8.61904737,145,123.6,145,56.7136167,0.008632494,4.60825953,0.027735381,0.000107207,0.918592883,258.709864,0.852413793
2544,OK,,187.368421,8.61904737,148,123.6,148,57.8870019,0.004586109,5.76836047,0.03436528,5.62E-05,0.900272144,611.754252,0.835135135
2545,OK,,187.368421,8.61904737,151,123.6,151,59.0603871,0.002592372,6.98168122,0.041148147,3.13E-05,0.881743518,1314.76644,0.818543046
2546,OK,,187.368421,8.61904737,154,123.6,154,60.2337722,0.001602323,8.1727374,0.047660431,1.91E-05,0.864289759,2498.45838,0.802597403
2547,OK,,187.368421,8.61904737,157,123.6,157,61.4071574,0.000999337,9.37781841,0.054100978,1.17E-05,0.847268329,4611.9901,0.787261146
2548,OK,,187.368421,8.61904737,160,123.6,160,62.5805426,0.000682415,10.6333989,0.060658243,7.89E-06,0.830073679,7684.20395,0.7725
2549,OK,,187.368421,9.10809474,121,123.6,121,47.3265353,2.62396656,0.212399752,0.001356613,0.034697461,0.940068161,0.039098347,1.0214876
2550,OK,,187.368421,9.10809474,124,123.6,124,48.4999205,2.07654017,0.278305349,0.001767845,0.027371002,0.951446405,0.064588261,0.996774194
2551,OK,,187.368421,9.10809474,127,123.6,127,49.6733057,1.53938516,0.377467375,0.002383872,0.020218731,0.961410812,0.117904131,0.973228346
2552,OK,,187.368421,9.10809474,130,123.6,130,50.8466908,1.03779352,0.533784706,0.003350171,0.013571037,0.969091829,0.246861825,0.950769231
2553,OK,,187.368421,9.10809474,133,123.6,133,52.020076,0.58818596,0.797168463,0.004969449,0.007649081,0.97336885,0.649679225,0.929323308
2554,OK,,187.368421,9.10809474,136,123.6,136,53.1934612,0.236087939,1.287338,0.0079637,0.003046939,0.971360654,2.61367242,0.908823529
2555,OK,,187.368421,9.10809474,139,123.6,139,54.3668464,0.067463861,2.11538682,0.012969367,0.000860956,0.959849599,15.0639129,0.889208633
2556,OK,,187.368421,9.10809474,142,123.6,142,55.5402315,0.022791204,3.23284439,0.019623069,0.000286905,0.941382391,68.3957755,0.870422535
2557,OK,,187.368421,9.10809474,145,123.6,145,56.7136167,0.010318488,4.37516217,0.026286703,0.000128065,0.922673232,205.261299,0.852413793
2558,OK,,187.368421,9.10809474,148,123.6,148,57.8870019,0.005272572,5.56344809,0.033078112,6.45E-05,0.903800154,512.750797,0.835135135
2559,Errors,,187.368421,9.10809474,151,123.6,151,59.0603871,0.005933328,6.31763899,0.036660112,7.16E-05,0.892930395,511.695652,0.818543046
2560,OK,,187.368421,9.10809474,154,123.6,154,60.2337722,0.002183034,7.95804282,0.046320534,2.60E-05,0.867844474,1784.20674,0.802597403
2561,OK,,187.368421,9.10809474,157,123.6,157,61.4071574,0.001138039,9.19550888,0.052942794,1.33E-05,0.850234935,3968.05369,0.787261146
2562,OK,,187.368421,9.10809474,160,123.6,160,62.5805426,0.000744615,10.4590453,0.059563565,8.61E-06,0.832858752,6918.79181,0.7725
2563,OK,,187.368421,9.59714211,121,123.6,121,47.3265353,2.73466688,0.205336613,0.001307388,0.036031876,0.937878328,0.036284215,1.0214876
2564,OK,,187.368421,9.59714211,124,123.6,124,48.4999205,2.17652578,0.268440315,0.001699967,0.028592674,0.949588245,0.05945463,0.996774194
2565,OK,,187.368421,9.59714211,127,123.6,127,49.6733057,1.63783757,0.362246602,0.002280888,0.02144094,0.959735231,0.10638003,0.973228346
2566,OK,,187.368421,9.59714211,130,123.6,130,50.8466908,1.12807547,0.506404596,0.003169087,0.014705793,0.967854741,0.215499255,0.950769231
2567,OK,,187.368421,9.59714211,133,123.6,133,52.020076,0.663794846,0.748051802,0.004650293,0.008608228,0.972859581,0.540214961,0.929323308
2568,OK,,187.368421,9.59714211,136,123.6,136,53.1934612,0.29238394,1.18201796,0.007293438,0.003764594,0.972282272,1.93737733,0.908823529
2569,OK,,187.368421,9.59714211,139,123.6,139,54.3668464,0.086595742,1.95002417,0.011927953,0.001103333,0.962539304,10.8108383,0.889208633
2570,OK,,187.368421,9.59714211,142,123.6,142,55.5402315,0.027926176,3.00858836,0.01822384,0.000351101,0.945327658,51.9049051,0.870422535
2571,OK,,187.368421,9.59714211,145,123.6,145,56.7136167,0.012189698,4.17038826,0.025004278,0.000151107,0.926250904,165.474319,0.852413793
2572,OK,,187.368421,9.59714211,148,123.6,148,57.8870019,0.006087268,5.35527628,0.031776162,7.44E-05,0.907382256,427.135554,0.835135135
2573,OK,,187.368421,9.59714211,151,123.6,151,59.0603871,0.003388061,6.54735324,0.038442914,4.08E-05,0.88908401,941.715154,0.818543046
2574,OK,,187.368421,9.59714211,154,123.6,154,60.2337722,0.00202672,7.75007961,0.045023724,2.41E-05,0.871299671,1870.00895,0.802597403
2575,OK,,187.368421,9.59714211,157,123.6,157,61.4071574,0.001295362,8.94974543,0.051440674,1.52E-05,0.854234569,3390.17232,0.787261146
2576,OK,,187.368421,9.59714211,160,123.6,160,62.5805426,0.000860622,10.1644038,0.057797422,9.94E-06,0.837565095,5813.6896,0.7725
2577,OK,,187.368421,10.0861895,121,123.6,121,47.3265353,2.82096914,0.200265862,0.00127119,0.037052792,0.936161923,0.034307544,1.0214876
2578,OK,,187.368421,10.0861895,124,123.6,124,48.4999205,2.27470175,0.259433539,0.001637915,0.029783279,0.947749702,0.054994449,0.996774194
2579,OK,,187.368421,10.0861895,127,123.6,127,49.6733057,1.73703373,0.34724129,0.002179852,0.022664387,0.95804034,0.096179638,0.973228346
2580,OK,,187.368421,10.0861895,130,123.6,130,50.8466908,1.21475395,0.4828519,0.003012925,0.015787488,0.966613248,0.190842602,0.950769231
2581,OK,,187.368421,10.0861895,133,123.6,133,52.020076,0.745171274,0.702234895,0.004353256,0.009635545,0.972176008,0.451791322,0.929323308
2582,OK,,187.368421,10.0861895,136,123.6,136,53.1934612,0.353459946,1.09105946,0.006714651,0.004539794,0.972844042,1.47906528,0.908823529
2583,OK,,187.368421,10.0861895,139,123.6,139,54.3668464,0.11058565,1.79874052,0.010976708,0.00140658,0.964880689,7.80382909,0.889208633
2584,OK,,187.368421,10.0861895,142,123.6,142,55.5402315,0.034540325,2.81385096,0.017007339,0.000433679,0.948714811,39.2164462,0.870422535
2585,OK,,187.368421,10.0861895,145,123.6,145,56.7136167,0.014505787,3.95425204,0.023659706,0.0001796,0.930021077,131.735521,0.852413793
2586,OK,,187.368421,10.0861895,148,123.6,148,57.8870019,0.006972817,5.16188576,0.030558887,8.51E-05,0.910707786,359.204878,0.835135135
2587,OK,,187.368421,10.0861895,151,123.6,151,59.0603871,0.003863696,6.338972,0.037146111,4.65E-05,0.892604231,798.819881,0.818543046
2588,OK,,187.368421,10.0861895,154,123.6,154,60.2337722,0.002316823,7.51940667,0.043602852,2.75E-05,0.875124482,1585.89021,0.802597403
2589,OK,,187.368421,10.0861895,157,123.6,157,61.4071574,0.001450681,8.73788895,0.05013028,1.70E-05,0.857682068,2953.07843,0.787261146
2590,OK,,187.368421,10.0861895,160,123.6,160,62.5805426,0.000960374,9.94514666,0.056449928,1.11E-05,0.841067101,5093.45641,0.7725
2591,OK,,187.368421,10.5752368,121,123.6,121,47.3265353,2.92892747,0.194140585,0.001228462,0.038335563,0.934010212,0.032044981,1.0214876
2592,OK,,187.368421,10.5752368,124,123.6,124,48.4999205,2.37299818,0.251008567,0.001579891,0.030967358,0.94589668,0.051017958,0.996774194
2593,OK,,187.368421,10.5752368,127,123.6,127,49.6733057,1.83411474,0.333765123,0.002088982,0.023853028,0.956357246,0.08757723,0.973228346
2594,OK,,187.368421,10.5752368,130,123.6,130,50.8466908,1.31273459,0.458715646,0.00285393,0.017005692,0.965160953,0.167822051,0.950769231
2595,OK,,187.368421,10.5752368,133,123.6,133,52.020076,0.82912709,0.661074979,0.004086573,0.010689593,0.971353328,0.382294545,0.929323308
2596,OK,,187.368421,10.5752368,136,123.6,136,53.1934612,0.421180479,1.00900578,0.00619329,0.005395619,0.973113495,1.14783664,0.908823529
2597,OK,,187.368421,10.5752368,139,123.6,139,54.3668464,0.133393885,1.68944839,0.010284422,0.001693731,0.966471436,6.07205222,0.889208633
2598,OK,,187.368421,10.5752368,142,123.6,142,55.5402315,0.041873609,2.62165145,0.015811169,0.000525044,0.952043321,30.114012,0.870422535
2599,OK,,187.368421,10.5752368,145,123.6,145,56.7136167,0.017122954,3.75656668,0.022429574,0.000211745,0.933460607,105.927314,0.852413793
2600,OK,,187.368421,10.5752368,148,123.6,148,57.8870019,0.008205383,4.93573667,0.029168565,0.000100048,0.914593227,291.546795,0.835135135
2601,OK,,187.368421,10.5752368,151,123.6,151,59.0603871,0.004545384,6.11490664,0.035764057,5.46E-05,0.896386524,654.474346,0.818543046
2602,OK,,187.368421,10.5752368,154,123.6,154,60.2337722,0.002733384,7.31806307,0.04235287,3.24E-05,0.878460269,1307.10152,0.802597403
2603,OK,,187.368421,10.5752368,157,123.6,157,61.4071574,0.001636306,8.51486207,0.048761769,1.91E-05,0.861310982,2549.23764,0.787261146
2604,OK,,187.368421,10.5752368,160,123.6,160,62.5805426,0.001067418,9.73582209,0.055161217,1.23E-05,0.844410273,4482.62702,0.7725
2605,OK,,187.368421,11.0642842,121,123.6,121,47.3265353,3.03465206,0.188505014,0.001189088,0.039581575,0.931895351,0.030041461,1.0214876
2606,OK,,187.368421,11.0642842,124,123.6,124,48.4999205,2.47091856,0.243152266,0.001525779,0.032138741,0.944039685,0.047474769,0.996774194
2607,OK,,187.368421,11.0642842,127,123.6,127,49.6733057,1.93182678,0.321239075,0.002004563,0.025041664,0.954642321,0.080049116,0.973228346
2608,OK,,187.368421,11.0642842,130,123.6,130,50.8466908,1.40590916,0.438064182,0.002717481,0.01815528,0.963734644,0.149679915,0.950769231
2609,OK,,187.368421,11.0642842,133,123.6,133,52.020076,0.914122949,0.624497092,0.003849556,0.01175048,0.970422572,0.327608436,0.929323308
2610,OK,,187.368421,11.0642842,136,123.6,136,53.1934612,0.486930553,0.942919393,0.005772173,0.006221926,0.973119817,0.927714862,0.908823529
2611,OK,,187.368421,11.0642842,139,123.6,139,54.3668464,0.185413177,1.50468628,0.00913857,0.002349147,0.96891305,3.89016525,0.889208633
2612,OK,,187.368421,11.0642842,142,123.6,142,55.5402315,0.053051892,2.43302789,0.014641405,0.000664259,0.955238217,22.0417244,0.870422535
2613,Errors,,187.368421,11.0642842,145,123.6,145,56.7136167,0.011160896,5.72665373,0.033798276,0.000136196,0.898828272,248.159118,0.852413793
2614,OK,,187.368421,11.0642842,148,123.6,148,57.8870019,0.00942489,4.74380572,0.027975973,0.000114779,0.917887773,243.73761,0.835135135
2615,OK,,187.368421,11.0642842,151,123.6,151,59.0603871,0.004981083,5.94373022,0.034684752,5.98E-05,0.899277475,580.103902,0.818543046
2616,OK,,187.368421,11.0642842,154,123.6,154,60.2337722,0.00292572,7.12305894,0.041143253,3.46E-05,0.881694531,1187.60942,0.802597403
2617,OK,,187.368421,11.0642842,157,123.6,157,61.4071574,0.001799319,8.33911739,0.047660261,2.10E-05,0.864170285,2268.66663,0.787261146
2618,OK,,187.368421,11.0642842,160,123.6,160,62.5805426,0.001133109,9.62427633,0.054409191,1.30E-05,0.846191659,4170.61637,0.7725
2619,OK,,187.368421,11.5533316,121,123.6,121,47.3265353,3.13137774,0.183668951,0.001155011,0.040708743,0.929953742,0.028372554,1.0214876
2620,OK,,187.368421,11.5533316,124,123.6,124,48.4999205,2.57391053,0.235371527,0.001472445,0.033365177,0.942076564,0.044131186,0.996774194
2621,OK,,187.368421,11.5533316,127,123.6,127,49.6733057,2.04375955,0.307890768,0.001915464,0.026399629,0.952657664,0.072556478,0.973228346
2622,OK,,187.368421,11.5533316,130,123.6,130,50.8466908,1.50203622,0.418887908,0.002590918,0.019334649,0.962221256,0.134003869,0.950769231
2623,OK,,187.368421,11.5533316,133,123.6,133,52.020076,1.00190124,0.59104198,0.003633012,0.012840116,0.969378299,0.282942299,0.929323308
2624,OK,,187.368421,11.5533316,136,123.6,136,53.1934612,0.560362377,0.880262834,0.005374113,0.007140947,0.97291725,0.75257701,0.908823529
2625,OK,,187.368421,11.5533316,139,123.6,139,54.3668464,0.227392321,1.39583952,0.008456448,0.00287506,0.970142983,2.94131243,0.889208633
2626,OK,,187.368421,11.5533316,142,123.6,142,55.5402315,0.067453187,2.2473859,0.013494452,0.000843328,0.9583214,16.0014188,0.870422535
2627,OK,,187.368421,11.5533316,145,123.6,145,56.7136167,0.024700666,3.34119044,0.019866413,0.000304694,0.940651094,65.2012351,0.852413793
2628,OK,,187.368421,11.5533316,148,123.6,148,57.8870019,0.010920063,4.55001203,0.02676761,0.000132718,0.921209737,201.687589,0.835135135
2629,OK,,187.368421,11.5533316,151,123.6,151,59.0603871,0.005811511,5.71005378,0.033263059,6.97E-05,0.903219983,477.171473,0.818543046
2630,OK,,187.368421,11.5533316,154,123.6,154,60.2337722,0.003243388,6.92337777,0.039904862,3.83E-05,0.88500436,1040.57552,0.802597403
2631,OK,,187.368421,11.5533316,157,123.6,157,61.4071574,0.002050823,8.10255183,0.04622566,2.39E-05,0.868018599,1932.27696,0.787261146
2632,OK,,187.368421,11.5533316,160,123.6,160,62.5805426,0.001325471,9.31184039,0.052567565,1.52E-05,0.851181126,3447.20266,0.7725
2633,OK,,187.368421,12.0423789,121,123.6,121,47.3265353,3.23053146,0.178954313,0.001121889,0.04185774,0.927958264,0.026802415,1.0214876
2634,OK,,187.368421,12.0423789,124,123.6,124,48.4999205,2.67308394,0.228363869,0.001424258,0.034536044,0.940176236,0.041239756,0.996774194
2635,OK,,187.368421,12.0423789,127,123.6,127,49.6733057,2.13524124,0.297944337,0.001848065,0.02749455,0.951016234,0.067215682,0.973228346
2636,OK,,187.368421,12.0423789,130,123.6,130,50.8466908,1.59546072,0.401698519,0.002477331,0.020472569,0.960721943,0.121007313,0.950769231
2637,OK,,187.368421,12.0423789,133,123.6,133,52.020076,1.08782049,0.561896821,0.003444058,0.013899725,0.968286911,0.247778881,0.929323308
2638,OK,,187.368421,12.0423789,136,123.6,136,53.1934612,0.635775103,0.825350393,0.005025189,0.008079783,0.972531859,0.621946042,0.908823529
2639,OK,,187.368421,12.0423789,139,123.6,139,54.3668464,0.279846739,1.28783374,0.007782593,0.003530304,0.971164771,2.20451073,0.889208633
2640,OK,,187.368421,12.0423789,142,123.6,142,55.5402315,0.08577138,2.07865413,0.012453147,0.001070666,0.961029592,11.6312123,0.870422535
2641,OK,,187.368421,12.0423789,145,123.6,145,56.7136167,0.028908312,3.152568,0.018704773,0.000356141,0.943902779,52.5207112,0.852413793
2642,OK,,187.368421,12.0423789,148,123.6,148,57.8870019,0.013198288,4.30402686,0.025281097,0.00016036,0.925419783,157.652438,0.835135135
2643,OK,,187.368421,12.0423789,151,123.6,151,59.0603871,0.006764437,5.48369687,0.031877097,8.10E-05,0.907036483,393.470302,0.818543046
2644,OK,,187.368421,12.0423789,154,123.6,154,60.2337722,0.003761809,6.71155151,0.038607393,4.44E-05,0.888512489,869.094365,0.802597403
2645,OK,,187.368421,12.0423789,157,123.6,157,61.4071574,0.002308586,7.88890797,0.044922964,2.69E-05,0.871493538,1669.92024,0.787261146
2646,OK,,187.368421,12.0423789,160,123.6,160,62.5805426,0.001482247,9.08869339,0.051216091,1.70E-05,0.854744378,3006.38131,0.7725
2647,OK,,187.368421,12.5314263,121,123.6,121,47.3265353,3.33442248,0.174242032,0.001088971,0.043057077,0.925862637,0.025291336,1.0214876
2648,OK,,187.368421,12.5314263,124,123.6,124,48.4999205,2.77605113,0.221490143,0.001377183,0.035745992,0.938194924,0.038526929,0.996774194
2649,OK,,187.368421,12.5314263,127,123.6,127,49.6733057,2.22589801,0.288717073,0.001785517,0.028572763,0.949376933,0.062490159,0.973228346
2650,OK,,187.368421,12.5314263,130,123.6,130,50.8466908,1.69311389,0.38516887,0.002368439,0.021656044,0.959126489,0.109366168,0.950769231
2651,OK,,187.368421,12.5314263,133,123.6,133,52.020076,1.18066552,0.533553606,0.003261027,0.015039604,0.96704697,0.21682931,0.929323308
2652,OK,,187.368421,12.5314263,136,123.6,136,53.1934612,0.715970186,0.774890438,0.004705102,0.009073409,0.971972859,0.518559503,0.908823529
2653,OK,,187.368421,12.5314263,139,123.6,139,54.3668464,0.338031626,1.19192937,0.007184773,0.004254305,0.971858566,1.68882409,0.889208633
2654,OK,,187.368421,12.5314263,142,123.6,142,55.5402315,0.108503782,1.9261618,0.011513061,0.001352196,0.963365915,8.51434258,0.870422535
2655,OK,,187.368421,12.5314263,145,123.6,145,56.7136167,0.035594687,2.95275054,0.017482252,0.000437947,0.947308153,39.9186611,0.852413793
2656,OK,,187.368421,12.5314263,148,123.6,148,57.8870019,0.015707847,4.09956498,0.02403092,0.000190624,0.928908517,126.064431,0.835135135
2657,OK,,187.368421,12.5314263,151,123.6,151,59.0603871,0.007786922,5.27844575,0.030628286,9.32E-05,0.910494446,328.650409,0.818543046
2658,OK,,187.368421,12.5314263,154,123.6,154,60.2337722,0.004325764,6.47587271,0.037191341,5.11E-05,0.892415862,728.444317,0.802597403
2659,OK,,187.368421,12.5314263,157,123.6,157,61.4071574,0.002576781,7.67231825,0.043608431,3.00E-05,0.875016279,1453.84909,0.787261146
2660,OK,,187.368421,12.5314263,160,123.6,160,62.5805426,0.00165984,8.87822655,0.0499387,1.91E-05,0.858104676,2620.4299,0.7725
2661,OK,,187.368421,13.0204737,121,123.6,121,47.3265353,3.43598776,0.169881471,0.001058446,0.044219752,0.923808722,0.023936054,1.0214876
2662,OK,,187.368421,13.0204737,124,123.6,124,48.4999205,2.87631882,0.215202276,0.001334024,0.036914607,0.936257192,0.036138107,0.996774194
2663,OK,,187.368421,13.0204737,127,123.6,127,49.6733057,2.32499053,0.279206948,0.001721547,0.029747467,0.947573502,0.057872043,0.973228346
2664,OK,,187.368421,13.0204737,130,123.6,130,50.8466908,1.78943363,0.370200908,0.002269738,0.022815228,0.957526547,0.099483452,0.950769231
2665,OK,,187.368421,13.0204737,133,123.6,133,52.020076,1.27122941,0.508733813,0.003100472,0.016143937,0.965783148,0.192051787,0.929323308
2666,OK,,187.368421,13.0204737,136,123.6,136,53.1934612,0.801161969,0.728314116,0.004410157,0.010123595,0.971246915,0.435631469,0.908823529
2667,OK,,187.368421,13.0204737,139,123.6,139,54.3668464,0.404219401,1.10311676,0.006632171,0.005074177,0.972274718,1.30704373,0.889208633
2668,OK,,187.368421,13.0204737,142,123.6,142,55.5402315,0.1399044,1.76938995,0.010551673,0.001740383,0.96562322,6.06284615,0.870422535
2669,OK,,187.368421,13.0204737,145,123.6,145,56.7136167,0.042852338,2.76138589,0.016314304,0.000526545,0.95055441,30.98368,0.852413793
2670,OK,,187.368421,13.0204737,148,123.6,148,57.8870019,0.017937014,3.91790272,0.022917606,0.000217411,0.93200823,105.411637,0.835135135
2671,OK,,187.368421,13.0204737,151,123.6,151,59.0603871,0.008964962,5.07543765,0.029390268,0.000107163,0.913911797,274.258365,0.818543046
2672,OK,,187.368421,13.0204737,154,123.6,154,60.2337722,0.004976338,6.25925477,0.035878582,5.87E-05,0.896001348,611.527049,0.802597403
2673,OK,,187.368421,13.0204737,157,123.6,157,61.4071574,0.002950106,7.45537107,0.04229645,3.43E-05,0.878543129,1232.96308,0.787261146
2674,OK,,187.368421,13.0204737,160,123.6,160,62.5805426,0.001858604,8.66307008,0.048639893,2.13E-05,0.861539572,2281.66496,0.7725
2675,OK,,187.368421,13.5095211,121,123.6,121,47.3265353,3.53826828,0.165703693,0.001029237,0.045383065,0.921735831,0.022678883,1.0214876
2676,OK,,187.368421,13.5095211,124,123.6,124,48.4999205,2.97712052,0.209229348,0.001293063,0.038081809,0.934301957,0.033954878,0.996774194
2677,OK,,187.368421,13.5095211,127,123.6,127,49.6733057,2.42475812,0.270242386,0.001661298,0.030922623,0.945745497,0.053724356,0.973228346
2678,OK,,187.368421,13.5095211,130,123.6,130,50.8466908,1.88398926,0.356544515,0.002179621,0.023945249,0.955935505,0.091025206,0.950769231
2679,OK,,187.368421,13.5095211,133,123.6,133,52.020076,1.36480059,0.485486835,0.002950342,0.017278627,0.964431282,0.17075095,0.929323308
2680,OK,,187.368421,13.5095211,136,123.6,136,53.1934612,0.880663121,0.690293641,0.004168426,0.011096952,0.970467108,0.375637042,0.908823529
2681,OK,,187.368421,13.5095211,139,123.6,139,54.3668464,0.465644136,1.03476197,0.006205169,0.005831511,0.972402186,1.06407556,0.889208633
2682,OK,,187.368421,13.5095211,142,123.6,142,55.5402315,0.17679798,1.63222581,0.00971075,0.002195124,0.967428588,4.42378258,0.870422535
2683,OK,,187.368421,13.5095211,145,123.6,145,56.7136167,0.054270296,2.5619623,0.015103978,0.000665918,0.95386941,22.6814349,0.852413793
2684,OK,,187.368421,13.5095211,148,123.6,148,57.8870019,0.02165702,3.69511959,0.021571169,0.000262185,0.935792553,82.2744765,0.835135135
2685,OK,,187.368421,13.5095211,151,123.6,151,59.0603871,0.010240732,4.90696093,0.028345818,0.000122209,0.916742813,231.944727,0.818543046
2686,OK,,187.368421,13.5095211,154,123.6,154,60.2337722,0.005701217,6.04504668,0.034580179,6.71E-05,0.899545593,515.057604,0.802597403
2687,OK,,187.368421,13.5095211,157,123.6,157,61.4071574,0.003381701,7.22534682,0.040913662,3.93E-05,0.882281988,1041.56661,0.787261146
2688,OK,,187.368421,13.5095211,160,123.6,160,62.5805426,0.002091493,8.44630829,0.047334857,2.40E-05,0.864999576,1975.26473,0.7725
2689,OK,,187.368421,13.9985684,121,123.6,121,47.3265353,3.63737113,0.161860628,0.001002286,0.046500678,0.919723011,0.02155423,1.0214876
2690,OK,,187.368421,13.9985684,124,123.6,124,48.4999205,3.0735146,0.203844018,0.001255981,0.039188236,0.932425485,0.032049949,0.996774194
2691,OK,,187.368421,13.9985684,127,123.6,127,49.6733057,2.53083095,0.261278178,0.00160138,0.032166731,0.943790551,0.049783735,0.973228346
2692,OK,,187.368421,13.9985684,130,123.6,130,50.8466908,1.98133905,0.343592638,0.002094301,0.025102376,0.954275654,0.083430408,0.950769231
2693,OK,,187.368421,13.9985684,133,123.6,133,52.020076,1.46123094,0.463708799,0.002809934,0.018441486,0.962996214,0.15237024,0.929323308
2694,OK,,187.368421,13.9985684,136,123.6,136,53.1934612,0.969261462,0.652570375,0.003929732,0.012177275,0.969510692,0.322710311,0.908823529
2695,OK,,187.368421,13.9985684,139,123.6,139,54.3668464,0.540409769,0.963954055,0.005765416,0.006749894,0.97232939,0.854149155,0.889208633
2696,OK,,187.368421,13.9985684,142,123.6,142,55.5402315,0.218859224,1.51156494,0.008969779,0.002710786,0.968843771,3.30892224,0.870422535
2697,OK,,187.368421,13.9985684,145,123.6,145,56.7136167,0.067823671,2.38228303,0.014014139,0.000831025,0.956798617,16.8636774,0.852413793
2698,OK,,187.368421,13.9985684,148,123.6,148,57.8870019,0.02604128,3.49142445,0.020336204,0.000314838,0.939235655,64.5926538,0.835135135
2699,OK,,187.368421,13.9985684,151,123.6,151,59.0603871,0.012243808,4.65734508,0.026859065,0.000146017,0.920935349,183.944374,0.818543046
2700,OK,,187.368421,13.9985684,154,123.6,154,60.2337722,0.006506426,5.84086913,0.033347237,7.65E-05,0.902921976,435.706091,0.802597403
2701,OK,,187.368421,13.9985684,157,123.6,157,61.4071574,0.003768116,7.03911343,0.039781359,4.37E-05,0.885308458,909.881459,0.787261146
2702,OK,,187.368421,13.9985684,160,123.6,160,62.5805426,0.002358697,8.22087942,0.045989116,2.70E-05,0.868597526,1703.42367,0.7725
2703,OK,,187.368421,14.4876158,121,123.6,121,47.3265353,3.743255,0.1579192,0.000974869,0.047691353,0.917568988,0.020441204,1.0214876
2704,OK,,187.368421,14.4876158,124,123.6,124,48.4999205,3.17962092,0.198175071,0.001217342,0.040403846,0.930354608,0.030129348,0.996774194
2705,OK,,187.368421,14.4876158,127,123.6,127,49.6733057,2.62487619,0.253898066,0.001551533,0.033256986,0.942045849,0.046652857,0.973228346
2706,OK,,187.368421,14.4876158,130,123.6,130,50.8466908,2.08005436,0.331392355,0.002014026,0.026268615,0.952574166,0.076670433,0.950769231
2707,OK,,187.368421,14.4876158,133,123.6,133,52.020076,1.55216093,0.445230452,0.002690259,0.019529584,0.961603451,0.137753036,0.929323308
2708,OK,,187.368421,14.4876158,136,123.6,136,53.1934612,1.05490454,0.620207655,0.003724498,0.013214744,0.968509058,0.28184414,0.908823529
2709,OK,,187.368421,14.4876158,139,123.6,139,54.3668464,0.612225052,0.906176556,0.005405516,0.007626901,0.972071185,0.708743451,0.889208633
2710,OK,,187.368421,14.4876158,142,123.6,142,55.5402315,0.269679777,1.39679875,0.008269978,0.003334363,0.96999511,2.48022718,0.870422535
2711,OK,,187.368421,14.4876158,145,123.6,145,56.7136167,0.08652972,2.2133166,0.012988497,0.001058449,0.959448075,12.2712511,0.852413793
2712,OK,,187.368421,14.4876158,148,123.6,148,57.8870019,0.030726349,3.28841759,0.019114555,0.000371022,0.942661671,51.5186601,0.835135135
2713,OK,,187.368421,14.4876158,151,123.6,151,59.0603871,0.014316175,4.44644667,0.025592214,0.000170536,0.924471155,150.069636,0.818543046
2714,OK,,187.368421,14.4876158,154,123.6,154,60.2337722,0.007475117,5.62889669,0.032075138,8.78E-05,0.906425057,365.17881,0.802597403
2715,OK,,187.368421,14.4876158,157,123.6,157,61.4071574,0.004274401,6.82403501,0.038493736,4.95E-05,0.888802711,776.97206,0.787261146
2716,OK,,187.368421,14.4876158,160,123.6,160,62.5805426,0.002569314,8.06404591,0.045021676,2.94E-05,0.871100267,1532.59046,0.7725
2717,OK,,187.368421,14.9766632,121,123.6,121,47.3265353,3.84453673,0.154343197,0.000949877,0.048819452,0.915504486,0.019456944,1.0214876
2718,OK,,187.368421,14.9766632,124,123.6,124,48.4999205,3.28052947,0.193093871,0.001182547,0.041549171,0.928378783,0.028461384,0.996774194
2719,OK,,187.368421,14.9766632,127,123.6,127,49.6733057,2.71874161,0.246941989,0.001504559,0.034338186,0.94029623,0.043815923,0.973228346
2720,OK,,187.368421,14.9766632,130,123.6,130,50.8466908,2.17778777,0.320160244,0.001940079,0.027415461,0.950872948,0.07076586,0.950769231
2721,OK,,187.368421,14.9766632,133,123.6,133,52.020076,1.64104037,0.428451913,0.002581482,0.020585713,0.960217431,0.125401618,0.929323308
2722,OK,,187.368421,14.9766632,136,123.6,136,53.1934612,1.14537155,0.589494249,0.003530215,0.014305228,0.967385732,0.24677796,0.908823529
2723,OK,,187.368421,14.9766632,139,123.6,139,54.3668464,0.68876124,0.852786154,0.005073502,0.008557258,0.971645451,0.592888784,0.889208633
2724,OK,,187.368421,14.9766632,142,123.6,142,55.5402315,0.324597005,1.30409151,0.007700119,0.004003763,0.970675518,1.92322023,0.870422535
2725,OK,,187.368421,14.9766632,145,123.6,145,56.7136167,0.110667758,2.04460686,0.01197189,0.001351507,0.961997229,8.85817631,0.852413793
2726,OK,,187.368421,14.9766632,148,123.6,148,57.8870019,0.036750545,3.08973017,0.017922631,0.000443205,0.945989935,40.4386673,0.835135135
2727,OK,,187.368421,14.9766632,151,123.6,151,59.0603871,0.016733164,4.23903875,0.024348012,0.000199063,0.927942025,122.313137,0.818543046
2728,OK,,187.368421,14.9766632,154,123.6,154,60.2337722,0.008373131,5.45392592,0.031005604,9.82E-05,0.90931501,315.728534,0.802597403
2729,OK,,187.368421,14.9766632,157,123.6,157,61.4071574,0.00488247,6.60020124,0.037162347,5.65E-05,0.892437885,657.372083,0.787261146
2730,OK,,187.368421,14.9766632,160,123.6,160,62.5805426,0.002905463,7.81299364,0.043544914,3.32E-05,0.875106562,1312.11162,0.7725
2731,OK,,187.368421,15.4657105,121,123.6,121,47.3265353,3.94829013,0.150835654,0.000925447,0.049968945,0.913386312,0.018520448,1.0214876
2732,OK,,187.368421,15.4657105,124,123.6,124,48.4999205,3.3820768,0.188234749,0.001149309,0.042694354,0.926385208,0.026919472,0.996774194
2733,OK,,187.368421,15.4657105,127,123.6,127,49.6733057,2.82511398,0.239420503,0.001454375,0.035562119,0.93830621,0.040896754,0.973228346
2734,OK,,187.368421,15.4657105,130,123.6,130,50.8466908,2.27709168,0.309499356,0.001869994,0.028573805,0.949129609,0.065444354,0.950769231
2735,OK,,187.368421,15.4657105,133,123.6,133,52.020076,1.74523899,0.410175161,0.002464271,0.021821922,0.958565725,0.112926386,0.929323308
2736,OK,,187.368421,15.4657105,136,123.6,136,53.1934612,1.23505391,0.562116875,0.003356892,0.015379533,0.966214442,0.21827009,0.908823529
2737,OK,,187.368421,15.4657105,139,123.6,139,54.3668464,0.770250964,0.807658243,0.004791069,0.009541808,0.970976628,0.502113338,0.889208633
2738,OK,,187.368421,15.4657105,142,123.6,142,55.5402315,0.385913774,1.21277291,0.007143023,0.004748829,0.9712157,1.50416512,0.870422535
2739,OK,,187.368421,15.4657105,145,123.6,145,56.7136167,0.136459824,1.90795069,0.011146114,0.001663671,0.963952034,6.69971142,0.852413793
2740,OK,,187.368421,15.4657105,148,123.6,148,57.8870019,0.045076325,2.89259915,0.016744404,0.000542905,0.949251552,30.8422621,0.835135135
2741,OK,,187.368421,15.4657105,151,123.6,151,59.0603871,0.019357396,4.06018277,0.023268106,0.000229907,0.930925949,101.206388,0.818543046
2742,OK,,187.368421,15.4657105,154,123.6,154,60.2337722,0.009864888,5.21377439,0.029594377,0.000115656,0.913277235,255.88239,0.802597403
2743,OK,,187.368421,15.4657105,157,123.6,157,61.4071574,0.005629703,6.39690601,0.035948905,6.51E-05,0.895736328,552.102837,0.787261146
2744,OK,,187.368421,15.4657105,160,123.6,160,62.5805426,0.003317869,7.5961477,0.042259215,3.79E-05,0.878565042,1116.24628,0.7725
2745,OK,,187.368421,15.9547579,121,123.6,121,47.3265353,4.05450241,0.147396211,0.000901575,0.05113981,0.911214743,0.017629615,1.0214876
2746,OK,,187.368421,15.9547579,124,123.6,124,48.4999205,3.48533164,0.183528627,0.001117196,0.043852431,0.924353273,0.02547627,0.996774194
2747,OK,,187.368421,15.9547579,127,123.6,127,49.6733057,2.92852152,0.232550315,0.001408441,0.036742728,0.936362765,0.038332515,0.973228346
2748,OK,,187.368421,15.9547579,130,123.6,130,50.8466908,2.37559186,0.29961499,0.001804994,0.029715229,0.947386805,0.060743061,0.950769231
2749,OK,,187.368421,15.9547579,133,123.6,133,52.020076,1.83866016,0.39520999,0.002367586,0.022919756,0.957057538,0.103298904,0.929323308
2750,OK,,187.368421,15.9547579,136,123.6,136,53.1934612,1.33281988,0.538161299,0.003204135,0.016543191,0.964826858,0.193683025,0.908823529
2751,OK,,187.368421,15.9547579,139,123.6,139,54.3668464,0.859358777,0.759946545,0.004495783,0.010613815,0.970215206,0.42357841,0.889208633
2752,OK,,187.368421,15.9547579,142,123.6,142,55.5402315,0.450792237,1.13249533,0.006653347,0.005533735,0.971492961,1.2023248,0.870422535
2753,OK,,187.368421,15.9547579,145,123.6,145,56.7136167,0.175377732,1.75122756,0.01020753,0.002134139,0.966029229,4.78297279,0.852413793
2754,OK,,187.368421,15.9547579,148,123.6,148,57.8870019,0.05544116,2.7060413,0.015631617,0.000666843,0.952295293,23.4412141,0.835135135
2755,OK,,187.368421,15.9547579,151,123.6,151,59.0603871,0.023122625,3.83620673,0.021947615,0.000274469,0.93465452,79.9640154,0.818543046
2756,OK,,187.368421,15.9547579,154,123.6,154,60.2337722,0.011397827,5.00395999,0.028348411,0.000133479,0.91673512,212.380269,0.802597403
2757,OK,,187.368421,15.9547579,157,123.6,157,61.4071574,0.006251941,6.19378837,0.034739138,7.22E-05,0.899033914,481.006421,0.787261146
2758,OK,,187.368421,15.9547579,160,123.6,160,62.5805426,0.003737736,7.38260589,0.040995928,4.26E-05,0.881970604,962.231599,0.7725
2759,OK,,187.368421,16.4438053,121,123.6,121,47.3265353,4.15426884,0.144332123,0.000880148,0.052227055,0.909171442,0.016852336,1.0214876
2760,OK,,187.368421,16.4438053,124,123.6,124,48.4999205,3.58707853,0.179125088,0.001087109,0.044984592,0.92234619,0.024166247,0.996774194
2761,OK,,187.368421,16.4438053,127,123.6,127,49.6733057,3.02693406,0.226402902,0.001367149,0.037855996,0.934505326,0.036114477,0.973228346
2762,OK,,187.368421,16.4438053,130,123.6,130,50.8466908,2.47489747,0.290272358,0.001743607,0.030858677,0.945617507,0.056502972,0.950769231
2763,OK,,187.368421,16.4438053,133,123.6,133,52.020076,1.93272201,0.38123202,0.002277322,0.024018298,0.955518057,0.094816147,0.929323308
2764,OK,,187.368421,16.4438053,136,123.6,136,53.1934612,1.41995384,0.516299743,0.003065446,0.017573615,0.963599782,0.174434576,0.908823529
2765,OK,,187.368421,16.4438053,139,123.6,139,54.3668464,0.93461318,0.724645938,0.004275545,0.011513458,0.969480313,0.371351995,0.889208633
2766,OK,,187.368421,16.4438053,142,123.6,142,55.5402315,0.521225854,1.05899298,0.006205639,0.006382161,0.971548213,0.972341378,0.870422535
2767,OK,,187.368421,16.4438053,145,123.6,145,56.7136167,0.214610238,1.63031366,0.009480483,0.002606521,0.967469472,3.63721743,0.852413793
2768,OK,,187.368421,16.4438053,148,123.6,148,57.8870019,0.069291088,2.51994553,0.014525956,0.000832255,0.955270846,17.4537299,0.835135135
2769,OK,,187.368421,16.4438053,151,123.6,151,59.0603871,0.027234524,3.62918185,0.02072171,0.00032289,0.938090206,64.1757493,0.818543046
2770,OK,,187.368421,16.4438053,154,123.6,154,60.2337722,0.013184642,4.79552491,0.027114685,0.00015423,0.920165891,175.806426,0.802597403
2771,OK,,187.368421,16.4438053,157,123.6,157,61.4071574,0.007139221,5.98047727,0.03347802,8.24E-05,0.902493183,406.403395,0.787261146
2772,OK,,187.368421,16.4438053,160,123.6,160,62.5805426,0.004214553,7.17029614,0.039743441,4.80E-05,0.885355569,828.165468,0.7725
2773,OK,,187.368421,16.9328526,121,123.6,121,47.3265353,4.25771771,0.141274413,0.000858877,0.053349799,0.907050197,0.016098966,1.0214876
2774,OK,,187.368421,16.9328526,124,123.6,124,48.4999205,3.68894673,0.174923376,0.001058418,0.046110648,0.920332445,0.022953871,0.996774194
2775,OK,,187.368421,16.9328526,127,123.6,127,49.6733057,3.12721859,0.220453758,0.001327283,0.038984111,0.93260621,0.034046764,0.973228346
2776,OK,,187.368421,16.9328526,130,123.6,130,50.8466908,2.57324157,0.281589615,0.001686524,0.031983321,0.94385414,0.052731352,0.950769231
2777,OK,,187.368421,16.9328526,133,123.6,133,52.020076,2.03491159,0.369202845,0.002198702,0.025204274,0.953784873,0.08723529,0.929323308
2778,OK,,187.368421,16.9328526,136,123.6,136,53.1934612,1.5121824,0.495027241,0.002930936,0.018658893,0.962265858,0.157079827,0.908823529
2779,OK,,187.368421,16.9328526,139,123.6,139,54.3668464,1.02664263,0.685650531,0.00403449,0.012609645,0.968504828,0.319952733,0.889208633
2780,OK,,187.368421,16.9328526,142,123.6,142,55.5402315,0.59027431,0.997472675,0.005830066,0.00720944,0.971412669,0.808671191,0.870422535
2781,OK,,187.368421,16.9328526,145,123.6,145,56.7136167,0.260532702,1.51724493,0.008802063,0.0031578,0.968653425,2.78740335,0.852413793
2782,OK,,187.368421,16.9328526,148,123.6,148,57.8870019,0.086379368,2.34612221,0.013494997,0.00103597,0.957978449,13.0264328,0.835135135
2783,OK,,187.368421,16.9328526,151,123.6,151,59.0603871,0.032109929,3.42867765,0.019537388,0.000380228,0.941402559,51.3833843,0.818543046
2784,OK,,187.368421,16.9328526,154,123.6,154,60.2337722,0.015256592,4.59265362,0.025916639,0.000178263,0.923499558,145.384195,0.802597403
2785,OK,,187.368421,16.9328526,157,123.6,157,61.4071574,0.008153458,5.77100537,0.032247088,9.40E-05,0.905887863,343.069326,0.787261146
2786,OK,,187.368421,16.9328526,160,123.6,160,62.5805426,0.004569541,7.02744457,0.03885309,5.19E-05,0.88763258,748.421583,0.7725
2787,OK,,187.368421,17.4219,121,123.6,121,47.3265353,4.36398659,0.138251821,0.000837944,0.054498577,0.904868624,0.015375514,1.0214876
2788,OK,,187.368421,17.4219,124,123.6,124,48.4999205,3.79381351,0.170779422,0.001030243,0.047265035,0.918255682,0.021797139,0.996774194
2789,OK,,187.368421,17.4219,127,123.6,127,49.6733057,3.22915197,0.214702125,0.001288836,0.040124985,0.930669923,0.032120534,0.973228346
2790,OK,,187.368421,17.4219,130,123.6,130,50.8466908,2.67387648,0.273202114,0.001631531,0.033128488,0.942039914,0.049248585,0.950769231
2791,OK,,187.368421,17.4219,133,123.6,133,52.020076,2.13162247,0.356726401,0.002118347,0.026320708,0.952165605,0.080482146,0.929323308
2792,OK,,187.368421,17.4219,136,123.6,136,53.1934612,1.6080687,0.474732787,0.002802932,0.019781759,0.960844784,0.141692748,0.908823529
2793,OK,,187.368421,17.4219,139,123.6,139,54.3668464,1.11172867,0.653574687,0.003835362,0.013616415,0.967529782,0.281671948,0.889208633
2794,OK,,187.368421,17.4219,142,123.6,142,55.5402315,0.667819202,0.937437601,0.00546502,0.008135063,0.971097405,0.671785799,0.870422535
2795,OK,,187.368421,17.4219,145,123.6,145,56.7136167,0.314181383,1.41042577,0.008162837,0.003799841,0.969590951,2.14820468,0.852413793
2796,OK,,187.368421,17.4219,148,123.6,148,57.8870019,0.105369336,2.20243177,0.01264045,0.001261798,0.960132654,10.0178109,0.835135135
2797,OK,,187.368421,17.4219,151,123.6,151,59.0603871,0.038059563,3.23011768,0.018368819,0.000450129,0.944663803,40.8078993,0.818543046
2798,OK,,187.368421,17.4219,154,123.6,154,60.2337722,0.01785509,4.37688254,0.024651503,0.000208391,0.927038645,118.294358,0.802597403
2799,OK,,187.368421,17.4219,157,123.6,157,61.4071574,0.009277908,5.56977296,0.031059271,0.000106811,0.90914657,290.78784,0.787261146
2800,OK,,187.368421,17.4219,160,123.6,160,62.5805426,0.005415321,6.73526434,0.037195584,6.15E-05,0.892287932,604.466904,0.7725
2801,OK,,192.631579,8.13,121,123.6,121,47.3265353,2.43315264,0.245952744,0.001580655,0.032388351,0.943391052,0.048803189,1.0214876
2802,OK,,192.631579,8.13,124,123.6,124,48.4999205,1.89262371,0.323033229,0.00206442,0.025108079,0.954316277,0.082221328,0.996774194
2803,OK,,192.631579,8.13,127,123.6,127,49.6733057,1.36470152,0.437251966,0.002777798,0.018036021,0.963723906,0.154013885,0.973228346
2804,OK,,192.631579,8.13,130,123.6,130,50.8466908,0.876437963,0.622455523,0.003929102,0.011528621,0.970521317,0.340812879,0.950769231
2805,OK,,192.631579,8.13,133,123.6,133,52.020076,0.455082216,0.947816161,0.005940698,0.005949261,0.973031597,0.998560688,0.929323308
2806,OK,,192.631579,8.13,136,123.6,136,53.1934612,0.161669292,1.55946947,0.009694787,0.002094871,0.967643791,4.62786852,0.908823529
2807,OK,,192.631579,8.13,139,123.6,139,54.3668464,0.050913711,2.50338056,0.015416523,0.000651567,0.953017428,23.6606968,0.889208633
2808,OK,,192.631579,8.13,142,123.6,142,55.5402315,0.019922364,3.62495905,0.022098315,0.000251416,0.934374033,87.8954848,0.870422535
2809,OK,,192.631579,8.13,145,123.6,145,56.7136167,0.00934883,4.79810142,0.028946869,0.000116303,0.915232875,248.891473,0.852413793
2810,OK,,192.631579,8.13,148,123.6,148,57.8870019,0.004958834,5.98839324,0.035747731,6.08E-05,0.896464631,587.855468,0.835135135
2811,OK,,192.631579,8.13,151,123.6,151,59.0603871,0.00289054,7.17975873,0.042404437,3.49E-05,0.878384656,1213.52394,0.818543046
2812,OK,,192.631579,8.13,154,123.6,154,60.2337722,0.001883435,8.37915342,0.048957782,2.24E-05,0.860858177,2181.07758,0.802597403
2813,OK,,192.631579,8.13,157,123.6,157,61.4071574,0.001157784,9.60914983,0.055534395,1.36E-05,0.843498575,4082.19968,0.787261146
2814,OK,,192.631579,8.13,160,123.6,160,62.5805426,0.000768714,10.8744768,0.062132639,8.90E-06,0.826220018,6982.1905,0.7725
2815,OK,,192.631579,8.61904737,121,123.6,121,47.3265353,2.53589319,0.238188665,0.001525977,0.033639334,0.941384218,0.04536287,1.0214876
2816,OK,,192.631579,8.61904737,124,123.6,124,48.4999205,1.98625104,0.311940034,0.001987447,0.026264294,0.952614539,0.075671049,0.996774194
2817,OK,,192.631579,8.61904737,127,123.6,127,49.6733057,1.46044525,0.417913695,0.002647003,0.0192384,0.962185747,0.137589538,0.973228346
2818,OK,,192.631579,8.61904737,130,123.6,130,50.8466908,0.962620625,0.589061161,0.003707555,0.012623692,0.969483131,0.293698152,0.950769231
2819,OK,,192.631579,8.61904737,133,123.6,133,52.020076,0.523617634,0.885606707,0.00553556,0.006826956,0.972909991,0.810838624,0.929323308
2820,OK,,192.631579,8.61904737,136,123.6,136,53.1934612,0.206224481,1.42251276,0.008821555,0.002666525,0.969380875,3.30825828,0.908823529
2821,OK,,192.631579,8.61904737,139,123.6,139,54.3668464,0.063704342,2.30639141,0.014171452,0.000813982,0.956405495,17.4100229,0.889208633
2822,OK,,192.631579,8.61904737,142,123.6,142,55.5402315,0.023281941,3.45441573,0.021011795,0.00029343,0.93738417,71.6076396,0.870422535
2823,OK,,192.631579,8.61904737,145,123.6,145,56.7136167,0.010740971,4.61247723,0.027760398,0.000133386,0.918481337,208.120384,0.852413793
2824,OK,,192.631579,8.61904737,148,123.6,148,57.8870019,0.005728104,5.77064487,0.034378645,7.02E-05,0.900212953,489.991588,0.835135135
2825,OK,,192.631579,8.61904737,151,123.6,151,59.0603871,0.003251952,6.98300062,0.041155757,3.93E-05,0.88171001,1048.30443,0.818543046
2826,OK,,192.631579,8.61904737,154,123.6,154,60.2337722,0.002010882,8.17355468,0.047665079,2.39E-05,0.864269408,1991.04495,0.802597403
2827,OK,,192.631579,8.61904737,157,123.6,157,61.4071574,0.001284855,9.37838956,0.05410418,1.51E-05,0.847254379,3587.35241,0.787261146
2828,OK,,192.631579,8.61904737,160,123.6,160,62.5805426,0.000863426,10.633761,0.060660244,9.99E-06,0.830065001,6073.48947,0.7725
2829,OK,,192.631579,9.10809474,121,123.6,121,47.3265353,2.63341487,0.231293969,0.001477199,0.034815765,0.939469289,0.042429034,1.0214876
2830,OK,,192.631579,9.10809474,124,123.6,124,48.4999205,2.08774774,0.300718963,0.001910079,0.027512529,0.950753183,0.069425778,0.996774194
2831,OK,,192.631579,9.10809474,127,123.6,127,49.6733057,1.55126496,0.40122677,0.002533724,0.020369914,0.96069334,0.124385611,0.973228346
2832,OK,,192.631579,9.10809474,130,123.6,130,50.8466908,1.05035542,0.558909675,0.003507572,0.013731864,0.968350642,0.255433084,0.950769231
2833,OK,,192.631579,9.10809474,133,123.6,133,52.020076,0.602215193,0.825229643,0.005143907,0.007829343,0.972559732,0.657003653,0.929323308
2834,OK,,192.631579,9.10809474,136,123.6,136,53.1934612,0.250944996,1.31705619,0.008146757,0.003237735,0.97052267,2.51618988,0.908823529
2835,OK,,192.631579,9.10809474,139,123.6,139,54.3668464,0.07938596,2.13923481,0.013114573,0.001012867,0.95919166,12.9479662,0.889208633
2836,OK,,192.631579,9.10809474,142,123.6,142,55.5402315,0.028188511,3.24364083,0.019687927,0.000354811,0.941090823,55.4884397,0.870422535
2837,OK,,192.631579,9.10809474,145,123.6,145,56.7136167,0.012839792,4.38020566,0.026316588,0.000159349,0.922539846,165.150299,0.852413793
2838,OK,,192.631579,9.10809474,148,123.6,148,57.8870019,0.006575294,5.56605401,0.033093339,8.04E-05,0.903732632,411.361988,0.835135135
2839,Errors,,192.631579,9.10809474,151,123.6,151,59.0603871,0.007365875,6.32050468,0.036676422,8.89E-05,0.892857618,412.373152,0.818543046
2840,OK,,192.631579,9.10809474,154,123.6,154,60.2337722,0.00225933,7.95819544,0.046321401,2.69E-05,0.867840673,1723.99033,0.802597403
2841,OK,,192.631579,9.10809474,157,123.6,157,61.4071574,0.001434861,9.19610264,0.052946118,1.68E-05,0.850220432,3147.41626,0.787261146
2842,OK,,192.631579,9.10809474,160,123.6,160,62.5805426,0.000939298,10.4594348,0.059565714,1.09E-05,0.832849418,5484.99059,0.7725
2843,OK,,192.631579,9.59714211,121,123.6,121,47.3265353,2.7439411,0.223882518,0.001425383,0.036147337,0.937290495,0.039432596,1.0214876
2844,OK,,192.631579,9.59714211,124,123.6,124,48.4999205,2.18754221,0.290471468,0.001839351,0.028731052,0.948906851,0.064019613,0.996774194
2845,OK,,192.631579,9.59714211,127,123.6,127,49.6733057,1.64906103,0.384693097,0.002422043,0.021583027,0.959057403,0.112219819,0.973228346
2846,OK,,192.631579,9.59714211,130,123.6,130,50.8466908,1.14049081,0.531236197,0.003324214,0.014863969,0.967122206,0.223642386,0.950769231
2847,OK,,192.631579,9.59714211,133,123.6,133,52.020076,0.677696585,0.775857759,0.004822713,0.00878609,0.97205782,0.548903256,0.929323308
2848,OK,,192.631579,9.59714211,136,123.6,136,53.1934612,0.30725928,1.21177255,0.007476314,0.003954964,0.97144326,1.89036186,0.908823529
2849,OK,,192.631579,9.59714211,139,123.6,139,54.3668464,0.099604035,1.97604485,0.012086108,0.001268753,0.961821422,9.5259752,0.889208633
2850,OK,,192.631579,9.59714211,142,123.6,142,55.5402315,0.03484118,3.0224207,0.018306823,0.000437981,0.944954103,41.7982163,0.870422535
2851,OK,,192.631579,9.59714211,145,123.6,145,56.7136167,0.015076207,4.17616229,0.025038444,0.000186878,0.926098198,133.982536,0.852413793
2852,OK,,192.631579,9.59714211,148,123.6,148,57.8870019,0.00758468,5.35827165,0.03179364,9.27E-05,0.907304643,343.006074,0.835135135
2853,OK,,192.631579,9.59714211,151,123.6,151,59.0603871,0.004226615,6.54903066,0.038452566,5.09E-05,0.88904141,755.081445,0.818543046
2854,OK,,192.631579,9.59714211,154,123.6,154,60.2337722,0.002549683,7.75112574,0.045029659,3.03E-05,0.871273621,1486.66383,0.802597403
2855,OK,,192.631579,9.59714211,157,123.6,157,61.4071574,0.001629816,8.95041448,0.051444416,1.91E-05,0.854218227,2694.68764,0.787261146
2856,OK,,192.631579,9.59714211,160,123.6,160,62.5805426,0.001086791,10.1648563,0.057799917,1.26E-05,0.837554252,4604.03709,0.7725
2857,OK,,192.631579,10.0861895,121,123.6,121,47.3265353,2.83010713,0.218539204,0.001387097,0.037166014,0.935582727,0.037321643,1.0214876
2858,OK,,192.631579,10.0861895,124,123.6,124,48.4999205,2.28553291,0.281094011,0.00177454,0.029918622,0.94707977,0.059312231,0.996774194
2859,OK,,192.631579,10.0861895,127,123.6,127,49.6733057,1.7480826,0.369338413,0.002318402,0.022803533,0.95737306,0.101668543,0.973228346
2860,OK,,192.631579,10.0861895,130,123.6,130,50.8466908,1.22702336,0.507391435,0.003165795,0.015943066,0.965889328,0.198568747,0.950769231
2861,OK,,192.631579,10.0861895,133,123.6,133,52.020076,0.758943727,0.729782034,0.004523619,0.009810964,0.971381707,0.461077982,0.929323308
2862,OK,,192.631579,10.0861895,136,123.6,136,53.1934612,0.368272474,1.12068823,0.006896335,0.00472867,0.972008576,1.45840892,0.908823529
2863,OK,,192.631579,10.0861895,139,123.6,139,54.3668464,0.12473055,1.8270347,0.011148363,0.001586058,0.964100083,7.02897421,0.889208633
2864,OK,,192.631579,10.0861895,142,123.6,142,55.5402315,0.041629806,2.82803229,0.017092285,0.000522621,0.94833183,32.7049177,0.870422535
2865,OK,,192.631579,10.0861895,145,123.6,145,56.7136167,0.017939773,3.96112122,0.023700297,0.000222103,0.929839407,106.708709,0.852413793
2866,OK,,192.631579,10.0861895,148,123.6,148,57.8870019,0.008680234,5.16530122,0.030578784,0.000105902,0.910619288,288.745706,0.835135135
2867,OK,,192.631579,10.0861895,151,123.6,151,59.0603871,0.004828387,6.34090175,0.0371572,5.81E-05,0.892555223,639.421235,0.818543046
2868,OK,,192.631579,10.0861895,154,123.6,154,60.2337722,0.003469756,7.52171299,0.043615922,4.12E-05,0.875067052,1059.2689,0.802597403
2869,OK,,192.631579,10.0861895,157,123.6,157,61.4071574,0.00182484,8.73863742,0.050134462,2.14E-05,0.857663787,2347.80049,0.787261146
2870,OK,,192.631579,10.0861895,160,123.6,160,62.5805426,0.001211792,9.94564959,0.056452699,1.40E-05,0.841055047,4036.9035,0.7725
2871,OK,,192.631579,10.5752368,121,123.6,121,47.3265353,2.93790378,0.212090447,0.001341964,0.038446163,0.933441267,0.034905024,1.0214876
2872,OK,,192.631579,10.5752368,124,123.6,124,48.4999205,2.38364851,0.272307216,0.001713829,0.03109975,0.945237936,0.05510748,0.996774194
2873,OK,,192.631579,10.5752368,127,123.6,127,49.6733057,1.84499225,0.35551934,0.00222498,0.023989314,0.955700319,0.092748794,0.973228346
2874,OK,,192.631579,10.5752368,130,123.6,130,50.8466908,1.3248496,0.482946145,0.003004445,0.017158525,0.964446147,0.175099251,0.950769231
2875,OK,,192.631579,10.5752368,133,123.6,133,52.020076,0.842770371,0.688363531,0.004254887,0.010862573,0.970566481,0.39170157,0.929323308
2876,OK,,192.631579,10.5752368,136,123.6,136,53.1934612,0.435890457,1.03842923,0.006373287,0.005582458,0.972283817,1.14166328,0.908823529
2877,OK,,192.631579,10.5752368,139,123.6,139,54.3668464,0.148068847,1.71880278,0.010462135,0.001879527,0.96566158,5.56636535,0.889208633
2878,OK,,192.631579,10.5752368,142,123.6,142,55.5402315,0.051792356,2.64149225,0.015929829,0.000649289,0.951507501,24.5342606,0.870422535
2879,OK,,192.631579,10.5752368,145,123.6,145,56.7136167,0.021141672,3.76460552,0.022477007,0.000261421,0.933248003,85.9800533,0.852413793
2880,OK,,192.631579,10.5752368,148,123.6,148,57.8870019,0.010195533,4.93971769,0.029191732,0.000124309,0.914490074,234.832435,0.835135135
2881,OK,,192.631579,10.5752368,151,123.6,151,59.0603871,0.005563752,6.11694375,0.035775749,6.69E-05,0.896334789,534.866725,0.818543046
2882,OK,,192.631579,10.5752368,154,123.6,154,60.2337722,0.003267955,7.31913242,0.042358922,3.87E-05,0.878433641,1093.45302,0.802597403
2883,OK,,192.631579,10.5752368,157,123.6,157,61.4071574,0.002056472,8.51570257,0.04876646,2.40E-05,0.861290452,2028.60258,0.787261146
2884,OK,,192.631579,10.5752368,160,123.6,160,62.5805426,0.001280876,9.73624909,0.055163567,1.48E-05,0.844400039,3735.76964,0.7725
2885,OK,,192.631579,11.0642842,121,123.6,121,47.3265353,3.0434741,0.206146217,0.001300294,0.039689679,0.931336188,0.032761504,1.0214876
2886,OK,,192.631579,11.0642842,124,123.6,124,48.4999205,2.48103433,0.263381715,0.00165261,0.03226384,0.943414009,0.051221726,0.996774194
2887,OK,,192.631579,11.0642842,127,123.6,127,49.6733057,1.94253376,0.342652043,0.002138033,0.025175123,0.953995697,0.084926407,0.973228346
2888,OK,,192.631579,11.0642842,130,123.6,130,50.8466908,1.41787042,0.46198696,0.00286566,0.018305427,0.963028914,0.156547045,0.950769231
2889,OK,,192.631579,11.0642842,133,123.6,133,52.020076,0.927161407,0.650575694,0.004009973,0.011915032,0.969670611,0.336547442,0.929323308
2890,OK,,192.631579,11.0642842,136,123.6,136,53.1934612,0.501518979,0.972099514,0.005950245,0.006406511,0.972296999,0.928780851,0.908823529
2891,OK,,192.631579,11.0642842,139,123.6,139,54.3668464,0.200422078,1.5347085,0.009320015,0.002538569,0.968084767,3.67136522,0.889208633
2892,OK,,192.631579,11.0642842,142,123.6,142,55.5402315,0.063398413,2.45372435,0.014764988,0.00079365,0.954679289,18.6039128,0.870422535
2893,Errors,,192.631579,11.0642842,145,123.6,145,56.7136167,0.013721944,5.73177698,0.033827976,0.00016744,0.898692779,202.029989,0.852413793
2894,OK,,192.631579,11.0642842,148,123.6,148,57.8870019,0.012309643,4.74957627,0.028009506,0.000149902,0.917738253,186.851638,0.835135135
2895,OK,,192.631579,11.0642842,151,123.6,151,59.0603871,0.00621409,5.9461967,0.034698884,7.46E-05,0.899214836,465.198963,0.818543046
2896,OK,,192.631579,11.0642842,154,123.6,154,60.2337722,0.003663018,7.12453382,0.04115159,4.34E-05,0.881657805,948.770493,0.802597403
2897,OK,,192.631579,11.0642842,157,123.6,157,61.4071574,0.002259364,8.34003766,0.04766539,2.64E-05,0.864147807,1806.9365,0.787261146
2898,OK,,192.631579,11.0642842,160,123.6,160,62.5805426,0.001426319,9.62486288,0.054412413,1.64E-05,0.846177601,3313.46966,0.7725
2899,OK,,192.631579,11.5533316,121,123.6,121,47.3265353,3.1400612,0.201032876,0.001264133,0.040814605,0.929403366,0.030972565,1.0214876
2900,OK,,192.631579,11.5533316,124,123.6,124,48.4999205,2.58385856,0.255265338,0.001596794,0.033487545,0.941461267,0.047683207,0.996774194
2901,OK,,192.631579,11.5533316,127,123.6,127,49.6733057,2.05428225,0.328934978,0.002046245,0.02653005,0.952022174,0.077129343,0.973228346
2902,OK,,192.631579,11.5533316,130,123.6,130,50.8466908,1.51373787,0.442291241,0.002735466,0.019480797,0.961530847,0.140418564,0.950769231
2903,OK,,192.631579,11.5533316,133,123.6,133,52.020076,1.01480633,0.616853604,0.003791355,0.013002221,0.968634034,0.291592906,0.929323308
2904,OK,,192.631579,11.5533316,136,123.6,136,53.1934612,0.57482227,0.909185653,0.005550176,0.007323155,0.972101685,0.757894079,0.908823529
2905,OK,,192.631579,11.5533316,139,123.6,139,54.3668464,0.242551088,1.42616139,0.008639315,0.003065824,0.969306432,2.81794271,0.889208633
2906,OK,,192.631579,11.5533316,142,123.6,142,55.5402315,0.079360855,2.27120514,0.013636452,0.000991978,0.957678138,13.7467328,0.870422535
2907,OK,,192.631579,11.5533316,145,123.6,145,56.7136167,0.030388984,3.35256905,0.019933363,0.000374822,0.940350162,53.1809315,0.852413793
2908,OK,,192.631579,11.5533316,148,123.6,148,57.8870019,0.013524975,4.55522279,0.026797836,0.000164369,0.921074721,163.034292,0.835135135
2909,OK,,192.631579,11.5533316,151,123.6,151,59.0603871,0.007239487,5.71291026,0.033279409,8.68E-05,0.903147439,383.24858,0.818543046
2910,OK,,192.631579,11.5533316,154,123.6,154,60.2337722,0.004120935,6.92513321,0.039914769,4.87E-05,0.884960648,819.202757,0.802597403
2911,OK,,192.631579,11.5533316,157,123.6,157,61.4071574,0.002573027,8.10359645,0.046231476,3.00E-05,0.867993084,1540.32368,0.787261146
2912,OK,,192.631579,11.5533316,160,123.6,160,62.5805426,0.001758981,9.31270759,0.052572327,2.02E-05,0.851160342,2597.87582,0.7725
2913,OK,,192.631579,12.0423789,121,123.6,121,47.3265353,3.23907527,0.196038859,0.001228925,0.041961359,0.927416742,0.029287071,1.0214876
2914,OK,,192.631579,12.0423789,124,123.6,124,48.4999205,2.68287303,0.247939661,0.00154625,0.034655833,0.939570773,0.044617301,0.996774194
2915,OK,,192.631579,12.0423789,127,123.6,127,49.6733057,2.14560412,0.31866876,0.00197648,0.027622364,0.950390399,0.071553613,0.973228346
2916,OK,,192.631579,12.0423789,130,123.6,130,50.8466908,1.60700979,0.424796489,0.002619584,0.020616101,0.960040541,0.127064947,0.950769231
2917,OK,,192.631579,12.0423789,133,123.6,133,52.020076,1.10059027,0.587437616,0.003600311,0.01405939,0.967550453,0.256078778,0.929323308
2918,OK,,192.631579,12.0423789,136,123.6,136,53.1934612,0.650103064,0.85400911,0.005199203,0.008259574,0.971723739,0.629475974,0.908823529
2919,OK,,192.631579,12.0423789,139,123.6,139,54.3668464,0.295043707,1.31823186,0.007965526,0.003720926,0.970326115,2.14073741,0.889208633
2920,OK,,192.631579,12.0423789,142,123.6,142,55.5402315,0.099074274,2.10526422,0.012611513,0.00123641,0.96031096,10.2001057,0.870422535
2921,OK,,192.631579,12.0423789,145,123.6,145,56.7136167,0.036073078,3.16690001,0.01878897,0.000444349,0.943523738,42.2843058,0.852413793
2922,OK,,192.631579,12.0423789,148,123.6,148,57.8870019,0.016299262,4.31022993,0.025317051,0.000198025,0.925259056,127.847585,0.835135135
2923,OK,,192.631579,12.0423789,151,123.6,151,59.0603871,0.008413125,5.48699486,0.031895949,0.000100758,0.906952727,316.560085,0.818543046
2924,OK,,192.631579,12.0423789,154,123.6,154,60.2337722,0.004677807,6.71338386,0.038617721,5.52E-05,0.888466861,699.108807,0.802597403
2925,OK,,192.631579,12.0423789,157,123.6,157,61.4071574,0.002893675,7.89007838,0.044929473,3.37E-05,0.87146495,1332.47616,0.787261146
2926,OK,,192.631579,12.0423789,160,123.6,160,62.5805426,0.00187027,9.0894696,0.051220348,2.15E-05,0.854725774,2382.86548,0.7725
2927,OK,,192.631579,12.5314263,121,123.6,121,47.3265353,3.34282243,0.191038727,0.001193881,0.043158407,0.925330237,0.02766277,1.0214876
2928,OK,,192.631579,12.5314263,124,123.6,124,48.4999205,2.78567989,0.240745123,0.001496814,0.035863195,0.937599382,0.041736762,0.996774194
2929,OK,,192.631579,12.5314263,127,123.6,127,49.6733057,2.23610445,0.309128463,0.001911621,0.028698042,0.948760549,0.066611545,0.973228346
2930,OK,,192.631579,12.5314263,130,123.6,130,50.8466908,1.70450669,0.407954098,0.002508363,0.021796917,0.958454311,0.115078802,0.950769231
2931,OK,,192.631579,12.5314263,133,123.6,133,52.020076,1.19375658,0.559736753,0.003420769,0.015202491,0.966291988,0.225013721,0.929323308
2932,OK,,192.631579,12.5314263,136,123.6,136,53.1934612,0.730165228,0.80328307,0.00487706,0.009250759,0.971172241,0.527206464,0.908823529
2933,OK,,192.631579,12.5314263,139,123.6,139,54.3668464,0.35317833,1.22222677,0.007366696,0.004443641,0.971022687,1.65780628,0.889208633
2934,OK,,192.631579,12.5314263,142,123.6,142,55.5402315,0.122600608,1.95435995,0.011680574,0.001527464,0.962604395,7.64703836,0.870422535
2935,OK,,192.631579,12.5314263,145,123.6,145,56.7136167,0.042861324,2.96728631,0.017567521,0.000527281,0.946923723,33.3171593,0.852413793
2936,OK,,192.631579,12.5314263,148,123.6,148,57.8870019,0.019156065,4.10646266,0.024070844,0.000232455,0.928729791,103.550351,0.835135135
2937,OK,,192.631579,12.5314263,151,123.6,151,59.0603871,0.009673838,5.28222029,0.030649837,0.000115773,0.910398587,264.741254,0.818543046
2938,OK,,192.631579,12.5314263,154,123.6,154,60.2337722,0.005399071,6.47801974,0.037203432,6.37E-05,0.892362398,583.83448,0.802597403
2939,OK,,192.631579,12.5314263,157,123.6,157,61.4071574,0.003267297,7.67369956,0.043616104,3.80E-05,0.87498254,1146.80582,0.787261146
2940,OK,,192.631579,12.5314263,160,123.6,160,62.5805426,0.002089901,8.87908685,0.049943413,2.40E-05,0.858084056,2081.4084,0.7725
2941,OK,,192.631579,13.0204737,121,123.6,121,47.3265353,3.44425118,0.186405031,0.001161334,0.044318913,0.923284978,0.026204031,1.0214876
2942,OK,,192.631579,13.0204737,124,123.6,124,48.4999205,2.88579439,0.234150757,0.001451395,0.037029349,0.935671129,0.039195814,0.996774194
2943,OK,,192.631579,13.0204737,127,123.6,127,49.6733057,2.3350333,0.299290824,0.001845261,0.029870105,0.946967006,0.061776194,0.973228346
2944,OK,,192.631579,13.0204737,130,123.6,130,50.8466908,1.80067117,0.392675439,0.002407358,0.022953488,0.956863533,0.104879823,0.950769231
2945,OK,,192.631579,13.0204737,133,123.6,133,52.020076,1.28417285,0.534621497,0.003257975,0.01630422,0.965036684,0.199824022,0.929323308
2946,OK,,192.631579,13.0204737,136,123.6,136,53.1934612,0.815222964,0.756438397,0.004580048,0.010298478,0.970453862,0.444730628,0.908823529
2947,OK,,192.631579,13.0204737,139,123.6,139,54.3668464,0.419264748,1.13321123,0.006812459,0.005261524,0.971444436,1.29476912,0.889208633
2948,OK,,192.631579,13.0204737,142,123.6,142,55.5402315,0.154767157,1.79912011,0.010727969,0.001924729,0.964820325,5.57375579,0.870422535
2949,OK,,192.631579,13.0204737,145,123.6,145,56.7136167,0.052983024,2.78165073,0.016432998,0.000650901,0.950018463,25.2465224,0.852413793
2950,OK,,192.631579,13.0204737,148,123.6,148,57.8870019,0.022121957,3.92627411,0.022965985,0.000268115,0.931791319,85.6573499,0.835135135
2951,OK,,192.631579,13.0204737,151,123.6,151,59.0603871,0.011131089,5.07977071,0.029414973,0.00013305,0.913801754,221.081681,0.818543046
2952,OK,,192.631579,13.0204737,154,123.6,154,60.2337722,0.006170248,6.26164305,0.035892016,7.27E-05,0.895941877,493.395096,0.802597403
2953,OK,,192.631579,13.0204737,157,123.6,157,61.4071574,0.003302109,7.45607522,0.042300357,3.84E-05,0.87852593,1101.63853,0.787261146
2954,OK,,192.631579,13.0204737,160,123.6,160,62.5805426,0.002332845,8.66401876,0.048645084,2.68E-05,0.861516835,1818.03721,0.7725
2955,OK,,192.631579,13.5095211,121,123.6,121,47.3265353,3.54639866,0.18196109,0.001130158,0.045480117,0.921220522,0.024849486,1.0214876
2956,OK,,192.631579,13.5095211,124,123.6,124,48.4999205,2.98644221,0.227869952,0.00140818,0.038194102,0.933725414,0.036869039,0.996774194
2957,OK,,192.631579,13.5095211,127,123.6,127,49.6733057,2.43464164,0.290007633,0.001782691,0.031042697,0.945148622,0.057427051,0.973228346
2958,OK,,192.631579,13.5095211,130,123.6,130,50.8466908,1.89512044,0.378806123,0.002315546,0.024081526,0.95527877,0.096154444,0.950769231
2959,OK,,192.631579,13.5095211,133,123.6,133,52.020076,1.37759288,0.511071977,0.003105572,0.017436269,0.963693539,0.178109897,0.929323308
2960,OK,,192.631579,13.5095211,136,123.6,136,53.1934612,0.894590099,0.718149655,0.004336256,0.011269421,0.969681617,0.384780701,0.908823529
2961,OK,,192.631579,13.5095211,139,123.6,139,54.3668464,0.480569551,1.06461637,0.006383597,0.006016712,0.971578526,1.06097756,0.889208633
2962,OK,,192.631579,13.5095211,142,123.6,142,55.5402315,0.192088596,1.66281171,0.009891773,0.002384281,0.966602582,4.14874522,0.870422535
2963,OK,,192.631579,13.5095211,145,123.6,145,56.7136167,0.064913276,2.58325187,0.015228488,0.000796353,0.953306361,19.1227887,0.852413793
2964,OK,,192.631579,13.5095211,148,123.6,148,57.8870019,0.026667472,3.70514228,0.021629016,0.000322813,0.935532855,67.0016165,0.835135135
2965,OK,,192.631579,13.5095211,151,123.6,151,59.0603871,0.012681666,4.91184371,0.028373605,0.000151332,0.91661881,187.492562,0.818543046
2966,OK,,192.631579,13.5095211,154,123.6,154,60.2337722,0.007107881,6.04786055,0.034595984,8.37E-05,0.899475523,413.325929,0.802597403
2967,OK,,192.631579,13.5095211,157,123.6,157,61.4071574,0.004223684,7.22703112,0.040922996,4.91E-05,0.882240848,834.13512,0.787261146
2968,OK,,192.631579,13.5095211,160,123.6,160,62.5805426,0.002624136,8.4473738,0.047340681,3.01E-05,0.864974038,1574.53663,0.7725
2969,OK,,192.631579,13.9985684,121,123.6,121,47.3265353,3.64537618,0.177867293,0.001101347,0.046595746,0.919215648,0.023636218,1.0214876
2970,OK,,192.631579,13.9985684,124,123.6,124,48.4999205,3.08269124,0.222194411,0.001368966,0.039298229,0.931857916,0.034835308,0.996774194
2971,OK,,192.631579,13.9985684,127,123.6,127,49.6733057,2.54055111,0.280716544,0.001720411,0.032284189,0.943203545,0.05328959,0.973228346
2972,OK,,192.631579,13.9985684,130,123.6,130,50.8466908,1.99230967,0.365532947,0.002227879,0.025236015,0.953628396,0.088281713,0.950769231
2973,OK,,192.631579,13.9985684,133,123.6,133,52.020076,1.47386849,0.488984213,0.002962857,0.01859645,0.9622674,0.159323808,0.929323308
2974,OK,,192.631579,13.9985684,136,123.6,136,53.1934612,0.983051387,0.680152031,0.00409547,0.012347257,0.968732935,0.331690684,0.908823529
2975,OK,,192.631579,13.9985684,139,123.6,139,54.3668464,0.555204372,0.993546585,0.005941857,0.006932726,0.971512952,0.857073657,0.889208633
2976,OK,,192.631579,13.9985684,142,123.6,142,55.5402315,0.234302537,1.54245616,0.00915221,0.002901219,0.968009519,3.15460889,0.870422535
2977,OK,,192.631579,13.9985684,145,123.6,145,56.7136167,0.079914954,2.40646967,0.014155364,0.000978955,0.956158948,14.4596706,0.852413793
2978,OK,,192.631579,13.9985684,148,123.6,148,57.8870019,0.032049788,3.50344362,0.020405463,0.000387437,0.938924227,52.6677801,0.835135135
2979,OK,,192.631579,13.9985684,151,123.6,151,59.0603871,0.015163593,4.66318574,0.026892274,0.000180829,0.920787019,148.717009,0.818543046
2980,OK,,192.631579,13.9985684,154,123.6,154,60.2337722,0.008094308,5.8440455,0.033365056,9.52E-05,0.90284288,350.429586,0.802597403
2981,OK,,192.631579,13.9985684,157,123.6,157,61.4071574,0.0045336,7.0406447,0.039789833,5.26E-05,0.885271056,756.422307,0.787261146
2982,OK,,192.631579,13.9985684,160,123.6,160,62.5805426,0.002954923,8.22207211,0.045995628,3.38E-05,0.86856894,1359.92433,0.7725
2983,OK,,192.631579,14.4876158,121,123.6,121,47.3265353,3.75113115,0.173667958,0.001072035,0.04778439,0.917069799,0.022434834,1.0214876
2984,OK,,192.631579,14.4876158,124,123.6,124,48.4999205,3.18864493,0.21622008,0.001328111,0.040511431,0.929796483,0.03278361,0.996774194
2985,OK,,192.631579,14.4876158,127,123.6,127,49.6733057,2.63444882,0.273041243,0.001668413,0.033372096,0.941467756,0.049994243,0.973228346
2986,OK,,192.631579,14.4876158,130,123.6,130,50.8466908,2.09086421,0.353010941,0.002145265,0.026399631,0.951936397,0.081261174,0.950769231
2987,OK,,192.631579,14.4876158,133,123.6,133,52.020076,1.56455889,0.470026476,0.002839864,0.019680891,0.960888458,0.14429551,0.929323308
2988,OK,,192.631579,14.4876158,136,123.6,136,53.1934612,1.0685558,0.647511734,0.003888132,0.013382258,0.967739126,0.290543757,0.908823529
2989,OK,,192.631579,14.4876158,139,123.6,139,54.3668464,0.626884562,0.935498667,0.005579916,0.007807347,0.971262206,0.714700666,0.889208633
2990,OK,,192.631579,14.4876158,142,123.6,142,55.5402315,0.285205004,1.42785366,0.008453028,0.003525286,0.969156436,2.39782764,0.870422535
2991,OK,,192.631579,14.4876158,145,123.6,145,56.7136167,0.100143449,2.24054861,0.013147201,0.001224664,0.958727865,10.7353561,0.852413793
2992,OK,,192.631579,14.4876158,148,123.6,148,57.8870019,0.038269761,3.3035071,0.019201383,0.000462045,0.942270687,41.5574104,0.835135135
2993,OK,,192.631579,14.4876158,151,123.6,151,59.0603871,0.017675228,4.45316602,0.025630369,0.000210536,0.924300509,121.738607,0.818543046
2994,OK,,192.631579,14.4876158,154,123.6,154,60.2337722,0.009277842,5.63250283,0.032095342,0.000109013,0.906335259,294.417818,0.802597403
2995,OK,,192.631579,14.4876158,157,123.6,157,61.4071574,0.005332106,6.82615084,0.038505431,6.18E-05,0.888751031,623.048645,0.787261146
2996,OK,,192.631579,14.4876158,160,123.6,160,62.5805426,0.00321671,8.06534096,0.045028737,3.68E-05,0.871069228,1224.34662,0.7725
2997,OK,,192.631579,14.9766632,121,123.6,121,47.3265353,3.85229294,0.169852015,0.001045272,0.0489106,0.915012901,0.021371066,1.0214876
2998,OK,,192.631579,14.9766632,124,123.6,124,48.4999205,3.28941134,0.210854492,0.001291243,0.041654517,0.927829452,0.030998882,0.996774194
2999,OK,,192.631579,14.9766632,127,123.6,127,49.6733057,2.72816972,0.265795994,0.001619335,0.034451007,0.939726868,0.047004004,0.973228346
3000,OK,,192.631579,14.9766632,130,123.6,130,50.8466908,2.18843917,0.341461753,0.00206902,0.027543913,0.950244532,0.075117147,0.950769231
3001,OK,,192.631579,14.9766632,133,123.6,133,52.020076,1.65329047,0.452952007,0.002728887,0.020734519,0.959510969,0.131610836,0.929323308
3002,OK,,192.631579,14.9766632,136,123.6,136,53.1934612,1.15888246,0.616517395,0.003691731,0.014470246,0.96662372,0.255125684,0.908823529
3003,OK,,192.631579,14.9766632,139,123.6,139,54.3668464,0.703285977,0.881838478,0.005245868,0.008735307,0.970843914,0.600536172,0.889208633
3004,OK,,192.631579,14.9766632,142,123.6,142,55.5402315,0.340226745,1.33535534,0.007883955,0.004195314,0.969831201,1.87922869,0.870422535
3005,OK,,192.631579,14.9766632,145,123.6,145,56.7136167,0.125154303,2.07358473,0.012140484,0.001528008,0.961230844,7.94529957,0.852413793
3006,OK,,192.631579,14.9766632,148,123.6,148,57.8870019,0.044928529,3.10608903,0.018016628,0.000541749,0.94556606,33.2564254,0.835135135
3007,OK,,192.631579,14.9766632,151,123.6,151,59.0603871,0.020683822,4.24694153,0.024392824,0.000246044,0.927741324,99.1402721,0.818543046
3008,OK,,192.631579,14.9766632,154,123.6,154,60.2337722,0.01040298,5.45798639,0.031028313,0.000122006,0.909213898,254.318357,0.802597403
3009,OK,,192.631579,14.9766632,157,123.6,157,61.4071574,0.00608354,6.60260386,0.037175612,7.04E-05,0.8923792,527.786964,0.787261146
3010,OK,,192.631579,14.9766632,160,123.6,160,62.5805426,0.003682594,7.81454822,0.043553381,4.21E-05,0.875069303,1035.4346,0.7725
3011,OK,,192.631579,15.4657105,121,123.6,121,47.3265353,3.95592751,0.166106725,0.001019093,0.050058226,0.912902261,0.020358147,1.0214876
3012,OK,,192.631579,15.4657105,124,123.6,124,48.4999205,3.39081983,0.205717594,0.001255985,0.042797521,0.925844468,0.029347145,0.996774194
3013,OK,,192.631579,15.4657105,127,123.6,127,49.6733057,2.8343872,0.257964615,0.001566931,0.035672497,0.937746204,0.043925451,0.973228346
3014,OK,,192.631579,15.4657105,130,123.6,130,50.8466908,2.28758476,0.330484058,0.001996651,0.02869971,0.948510537,0.06957044,0.950769231
3015,OK,,192.631579,15.4657105,133,123.6,133,52.020076,1.75733013,0.434357128,0.002609354,0.021968037,0.957868434,0.118779575,0.929323308
3016,OK,,192.631579,15.4657105,136,123.6,136,53.1934612,1.24865232,0.589314796,0.003519015,0.015544849,0.965447499,0.22637822,0.908823529
3017,OK,,192.631579,15.4657105,139,123.6,139,54.3668464,0.784782397,0.836723757,0.004963038,0.00971915,0.970174725,0.510645277,0.889208633
3018,OK,,192.631579,15.4657105,142,123.6,142,55.5402315,0.401452144,1.24385379,0.00732538,0.004938593,0.970376322,1.48329297,0.870422535
3019,OK,,192.631579,15.4657105,145,123.6,145,56.7136167,0.151629746,1.93829545,0.011322332,0.001848095,0.963149499,6.1264879,0.852413793
3020,OK,,192.631579,15.4657105,148,123.6,148,57.8870019,0.054473015,2.91139585,0.016852251,0.000655966,0.948764511,25.6907383,0.835135135
3021,OK,,192.631579,15.4657105,151,123.6,151,59.0603871,0.023708948,4.06888747,0.023317381,0.000281569,0.930704883,82.8124447,0.818543046
3022,OK,,192.631579,15.4657105,154,123.6,154,60.2337722,0.012217857,5.21848123,0.02962068,0.000143236,0.913160028,206.795755,0.802597403
3023,OK,,192.631579,15.4657105,157,123.6,157,61.4071574,0.006873859,6.39939481,0.035962629,7.95E-05,0.895675538,452.355768,0.787261146
3024,OK,,192.631579,15.4657105,160,123.6,160,62.5805426,0.004145386,7.59780307,0.042268221,4.73E-05,0.878525367,893.620293,0.7725
3025,OK,,192.631579,15.9547579,121,123.6,121,47.3265353,4.06202208,0.162431786,0.000993495,0.05122725,0.910738155,0.019393885,1.0214876
3026,OK,,192.631579,15.9547579,124,123.6,124,48.4999205,3.49367884,0.200219822,0.001218736,0.043950417,0.923837016,0.027729804,0.996774194
3027,OK,,192.631579,15.9547579,127,123.6,127,49.6733057,2.93764607,0.250796963,0.001518864,0.036850775,0.935811741,0.041216622,0.973228346
3028,OK,,192.631579,15.9547579,130,123.6,130,50.8466908,2.38592928,0.320288217,0.001929412,0.029838648,0.94677692,0.064661501,0.950769231
3029,OK,,192.631579,15.9547579,133,123.6,133,52.020076,1.85059988,0.419088904,0.002510449,0.023063351,0.956368984,0.108850153,0.929323308
3030,OK,,192.631579,15.9547579,136,123.6,136,53.1934612,1.34637769,0.565277782,0.003365298,0.016707181,0.964062209,0.20142826,0.908823529
3031,OK,,192.631579,15.9547579,139,123.6,139,54.3668464,0.873750652,0.788732677,0.004665662,0.010788638,0.969421009,0.43246074,0.889208633
3032,OK,,192.631579,15.9547579,142,123.6,142,55.5402315,0.46620793,1.16333063,0.006833852,0.005721318,0.970660213,1.19445427,0.870422535
3033,OK,,192.631579,15.9547579,145,123.6,145,56.7136167,0.191078551,1.78263417,0.010389594,0.002324521,0.965198609,4.46956284,0.852413793
3034,OK,,192.631579,15.9547579,148,123.6,148,57.8870019,0.067030479,2.72922399,0.015764426,0.000806067,0.951694605,19.5572048,0.835135135
3035,OK,,192.631579,15.9547579,151,123.6,151,59.0603871,0.02840316,3.84676974,0.022007351,0.000337117,0.93438626,65.2810414,0.818543046
3036,OK,,192.631579,15.9547579,154,123.6,154,60.2337722,0.013995079,5.00915548,0.028377408,0.000163888,0.916605745,173.151019,0.802597403
3037,OK,,192.631579,15.9547579,157,123.6,157,61.4071574,0.007773763,6.19683262,0.034755902,8.98E-05,0.898959557,387.039796,0.787261146
3038,OK,,192.631579,15.9547579,160,123.6,160,62.5805426,0.004665163,7.38446112,0.04100601,5.32E-05,0.881926139,771.143496,0.7725
3039,OK,,192.631579,16.4438053,121,123.6,121,47.3265353,4.16168087,0.159152348,0.000970477,0.052312808,0.908701679,0.018551424,1.0214876
3040,OK,,192.631579,16.4438053,124,123.6,124,48.4999205,3.59529503,0.195554784,0.001186759,0.04508055,0.92183802,0.026325296,0.996774194
3041,OK,,192.631579,16.4438053,127,123.6,127,49.6733057,3.03591823,0.244368678,0.001475554,0.03796185,0.933962782,0.03886938,0.973228346
3042,OK,,192.631579,16.4438053,130,123.6,130,50.8466908,2.48508053,0.310636712,0.001865812,0.030979645,0.945016732,0.060227039,0.950769231
3043,OK,,192.631579,16.4438053,133,123.6,133,52.020076,1.94451007,0.404807415,0.002417974,0.024159388,0.954838254,0.100084238,0.929323308
3044,OK,,192.631579,16.4438053,136,123.6,136,53.1934612,1.43335674,0.543106187,0.003224336,0.017735001,0.962843874,0.181806375,0.908823529
3045,OK,,192.631579,16.4438053,139,123.6,139,54.3668464,0.948874878,0.753171493,0.004443459,0.011686012,0.968693303,0.380237451,0.889208633
3046,OK,,192.631579,16.4438053,142,123.6,142,55.5402315,0.536506268,1.08955748,0.006384145,0.006567385,0.970722777,0.972098433,0.870422535
3047,OK,,192.631579,16.4438053,145,123.6,145,56.7136167,0.230527863,1.66215383,0.009664698,0.00279902,0.966627385,3.45288671,0.852413793
3048,OK,,192.631579,16.4438053,148,123.6,148,57.8870019,0.081532545,2.5444327,0.014666023,0.000979067,0.954636358,14.9795855,0.835135135
3049,OK,,192.631579,16.4438053,151,123.6,151,59.0603871,0.033542647,3.6418004,0.020792973,0.000397633,0.937769743,52.2918503,0.818543046
3050,OK,,192.631579,16.4438053,154,123.6,154,60.2337722,0.016303232,4.80176327,0.027149456,0.0001907,0.920010547,142.367266,0.802597403
3051,OK,,192.631579,16.4438053,157,123.6,157,61.4071574,0.008864359,5.98392822,0.033496999,0.000102279,0.902408891,327.506656,0.787261146
3052,OK,,192.631579,16.4438053,160,123.6,160,62.5805426,0.005152451,7.17217231,0.039753624,5.87E-05,0.885310602,677.599484,0.7725
3053,OK,,192.631579,16.9328526,121,123.6,121,47.3265353,4.26502174,0.155878573,0.000947619,0.053433865,0.906587282,0.017734422,1.0214876
3054,OK,,192.631579,16.9328526,124,123.6,124,48.4999205,3.69703576,0.191098072,0.001156228,0.046204636,0.919832161,0.02502407,0.996774194
3055,OK,,192.631579,16.9328526,127,123.6,127,49.6733057,3.13606346,0.238140819,0.001433691,0.039087798,0.932072081,0.036678747,0.973228346
3056,OK,,192.631579,16.9328526,130,123.6,130,50.8466908,2.58327347,0.301651499,0.001806567,0.032101902,0.943262287,0.05627601,0.950769231
3057,OK,,192.631579,16.9328526,133,123.6,133,52.020076,2.04664995,0.392678653,0.002338336,0.025344041,0.953107939,0.092263736,0.929323308
3058,OK,,192.631579,16.9328526,136,123.6,136,53.1934612,1.52542579,0.521514442,0.003087506,0.018817609,0.96151895,0.164075375,0.908823529
3059,OK,,192.631579,16.9328526,139,123.6,139,54.3668464,1.04076679,0.713900736,0.004200353,0.012779738,0.967725413,0.328672888,0.889208633
3060,OK,,192.631579,16.9328526,142,123.6,142,55.5402315,0.605414839,1.02775718,0.006006516,0.007392274,0.970594793,0.812539712,0.870422535
3061,OK,,192.631579,16.9328526,145,123.6,145,56.7136167,0.276498275,1.54918087,0.00898646,0.003350321,0.967808804,2.68226798,0.852413793
3062,OK,,192.631579,16.9328526,148,123.6,148,57.8870019,0.100145234,2.37365867,0.013652253,0.001200765,0.95726495,11.3696285,0.835135135
3063,OK,,192.631579,16.9328526,151,123.6,151,59.0603871,0.039759275,3.44397913,0.019623682,0.000470742,0.941013959,41.6867138,0.818543046
3064,OK,,192.631579,16.9328526,154,123.6,154,60.2337722,0.018816694,4.59977517,0.02595628,0.000219847,0.923322221,118.065428,0.802597403
3065,OK,,192.631579,16.9328526,157,123.6,157,61.4071574,0.009969791,5.77463874,0.032267048,0.000114931,0.905799116,280.750335,0.787261146
3066,OK,,192.631579,16.9328526,160,123.6,160,62.5805426,0.00569471,7.02969537,0.038865281,6.47E-05,0.887578634,600.747507,0.7725
3067,OK,,192.631579,17.4219,121,123.6,121,47.3265353,4.37118308,0.152640841,0.000925113,0.054580972,0.904412527,0.016949377,1.0214876
3068,OK,,192.631579,17.4219,124,123.6,124,48.4999205,3.80177532,0.186699571,0.001126226,0.047357064,0.91776327,0.023781583,0.996774194
3069,OK,,192.631579,17.4219,127,123.6,127,49.6733057,3.23785883,0.232113051,0.001393276,0.040226538,0.930144132,0.034635745,0.973228346
3070,OK,,192.631579,17.4219,130,123.6,130,50.8466908,2.68375727,0.292961638,0.001749425,0.033244699,0.941456979,0.052622673,0.950769231
3071,OK,,192.631579,17.4219,133,123.6,133,52.020076,2.14320077,0.379881906,0.002255689,0.026457901,0.951497905,0.085255784,0.929323308
3072,OK,,192.631579,17.4219,136,123.6,136,53.1934612,1.62113258,0.500860727,0.002956958,0.019937574,0.960108005,0.148310838,0.908823529
3073,OK,,192.631579,17.4219,139,123.6,139,54.3668464,1.12571555,0.681550119,0.003999186,0.01378412,0.966757945,0.290129918,0.889208633
3074,OK,,192.631579,17.4219,142,123.6,142,55.5402315,0.682819255,0.967440903,0.005639413,0.008315466,0.970287121,0.678183704,0.870422535
3075,OK,,192.631579,17.4219,145,123.6,145,56.7136167,0.330121571,1.44231077,0.008346562,0.003991453,0.968747676,2.09110866,0.852413793
3076,OK,,192.631579,17.4219,148,123.6,148,57.8870019,0.119842257,2.23138253,0.01280549,0.001434731,0.959382509,8.92535973,0.835135135
3077,OK,,192.631579,17.4219,151,123.6,151,59.0603871,0.047296911,3.24859572,0.018472881,0.000559285,0.94419453,33.0294314,0.818543046
3078,OK,,192.631579,17.4219,154,123.6,154,60.2337722,0.022025179,4.38522429,0.024697877,0.000257042,0.926830924,96.0848984,0.802597403
3079,OK,,192.631579,17.4219,157,123.6,157,61.4071574,0.011495824,5.57420965,0.031083609,0.000132339,0.909038202,234.878524,0.787261146
3080,OK,,192.631579,17.4219,160,123.6,160,62.5805426,0.006737336,6.73790891,0.037209904,7.66E-05,0.892224548,486.055262,0.7725
3081,OK,,197.894737,8.13,121,123.6,121,47.3265353,2.44436235,0.268369699,0.001724591,0.032530163,0.942680527,0.053015148,1.0214876
3082,OK,,197.894737,8.13,124,123.6,124,48.4999205,1.90605945,0.349903344,0.002235939,0.025279447,0.953485227,0.088448885,0.996774194
3083,OK,,197.894737,8.13,127,123.6,127,49.6733057,1.38099165,0.469832485,0.002984454,0.018245317,0.962740065,0.163573684,0.973228346
3084,OK,,197.894737,8.13,130,123.6,130,50.8466908,0.894780182,0.659142231,0.004160174,0.011765559,0.969439065,0.353589132,0.950769231
3085,OK,,197.894737,8.13,133,123.6,133,52.020076,0.474580384,0.986816774,0.006184352,0.006201745,0.971907055,0.997195518,0.929323308
3086,OK,,197.894737,8.13,136,123.6,136,53.1934612,0.17906053,1.59425697,0.009909928,0.002319424,0.966662867,4.27258114,0.908823529
3087,OK,,197.894737,8.13,139,123.6,139,54.3668464,0.060997964,2.52355231,0.015539735,0.000780466,0.952460912,19.910845,0.889208633
3088,OK,,197.894737,8.13,142,123.6,142,55.5402315,0.024487038,3.63408995,0.022153333,0.000308994,0.934127445,71.6950689,0.870422535
3089,OK,,197.894737,8.13,145,123.6,145,56.7136167,0.011571566,4.80254767,0.028973287,0.000143949,0.915115284,201.274912,0.852413793
3090,OK,,197.894737,8.13,148,123.6,148,57.8870019,0.006170857,5.99081773,0.035761934,7.57E-05,0.896401811,472.59269,0.835135135
3091,OK,,197.894737,8.13,151,123.6,151,59.0603871,0.003603098,7.18118412,0.04241267,4.36E-05,0.878348457,973.736146,0.818543046
3092,OK,,197.894737,8.13,154,123.6,154,60.2337722,0.002247669,8.37988203,0.04896193,2.68E-05,0.860840034,1827.80129,0.802597403
3093,OK,,197.894737,8.13,157,123.6,157,61.4071574,0.001454922,9.60974423,0.055537731,1.71E-05,0.843484057,3248.70583,0.787261146
3094,OK,,197.894737,8.13,160,123.6,160,62.5805426,0.000968634,10.8748768,0.062134851,1.12E-05,0.826210433,5541.32745,0.7725
3095,OK,,197.894737,8.61904737,121,123.6,121,47.3265353,2.54687249,0.260144642,0.001666517,0.033777475,0.940688303,0.04933813,1.0214876
3096,OK,,197.894737,8.61904737,124,123.6,124,48.4999205,1.99944371,0.338323798,0.002155355,0.026431707,0.951798529,0.081544298,0.996774194
3097,OK,,197.894737,8.61904737,127,123.6,127,49.6733057,1.47646134,0.449945831,0.002849587,0.019443119,0.961218462,0.146560177,0.973228346
3098,OK,,197.894737,8.61904737,130,123.6,130,50.8466908,0.980688889,0.625199617,0.003934542,0.012855987,0.96841705,0.30604746,0.950769231
3099,OK,,197.894737,8.61904737,133,123.6,133,52.020076,0.543007412,0.92439025,0.005777246,0.007077029,0.971791705,0.816337647,0.929323308
3100,OK,,197.894737,8.61904737,136,123.6,136,53.1934612,0.224437439,1.45894377,0.009046406,0.00290098,0.968353606,3.11839712,0.908823529
3101,OK,,197.894737,8.61904737,139,123.6,139,54.3668464,0.075798793,2.33058417,0.014318988,0.000968291,0.955738044,14.7879001,0.889208633
3102,OK,,197.894737,8.61904737,142,123.6,142,55.5402315,0.028393809,3.4646412,0.021073306,0.000357821,0.937108022,58.8934669,0.870422535
3103,OK,,197.894737,8.61904737,145,123.6,145,56.7136167,0.013284748,4.61756568,0.027790578,0.000164968,0.918346762,168.460335,0.852413793
3104,OK,,197.894737,8.61904737,148,123.6,148,57.8870019,0.007118506,5.77342619,0.034394917,8.72E-05,0.900140887,394.482266,0.835135135
3105,OK,,197.894737,8.61904737,151,123.6,151,59.0603871,0.00405625,6.98460952,0.041165036,4.90E-05,0.88166915,840.642136,0.818543046
3106,OK,,197.894737,8.61904737,154,123.6,154,60.2337722,0.002516947,8.17456701,0.047670836,3.00E-05,0.8642442,1590.92639,0.802597403
3107,OK,,197.894737,8.61904737,157,123.6,157,61.4071574,0.001916953,9.37965402,0.05411127,2.25E-05,0.847223494,2404.79726,0.787261146
3108,OK,,197.894737,8.61904737,160,123.6,160,62.5805426,0.001087128,10.6342085,0.060662716,1.26E-05,0.830054275,4823.93976,0.7725
3109,OK,,197.894737,9.10809474,121,123.6,121,47.3265353,2.64418216,0.252825805,0.0016146,0.03495053,0.938786815,0.046196736,1.0214876
3110,OK,,197.894737,9.10809474,124,123.6,124,48.4999205,2.099967,0.325155807,0.002065127,0.027666759,0.949997386,0.074642898,0.996774194
3111,OK,,197.894737,9.10809474,127,123.6,127,49.6733057,1.56700972,0.432715953,0.002732292,0.02057017,0.959742448,0.132827898,0.973228346
3112,OK,,197.894737,9.10809474,130,123.6,130,50.8466908,1.0681411,0.594482623,0.003730383,0.01395943,0.96730124,0.267230307,0.950769231
3113,OK,,197.894737,9.10809474,133,123.6,133,52.020076,0.621441052,0.863685011,0.005382935,0.008076215,0.971450906,0.666517071,0.929323308
3114,OK,,197.894737,9.10809474,136,123.6,136,53.1934612,0.26961085,1.35439295,0.008376692,0.003477286,0.96946986,2.40897375,0.908823529
3115,OK,,197.894737,9.10809474,139,123.6,139,54.3668464,0.092892756,2.16625267,0.013279053,0.001184886,0.958446267,11.2070325,0.889208633
3116,OK,,197.894737,9.10809474,142,123.6,142,55.5402315,0.034446899,3.25615971,0.019763127,0.000433534,0.940752739,45.5860961,0.870422535
3117,OK,,197.894737,9.10809474,145,123.6,145,56.7136167,0.015844786,4.38621671,0.026352205,0.000196632,0.922380872,134.017982,0.852413793
3118,OK,,197.894737,9.10809474,148,123.6,148,57.8870019,0.008145015,5.56919402,0.033111685,9.97E-05,0.903651271,332.27742,0.835135135
3119,Errors,,197.894737,9.10809474,151,123.6,151,59.0603871,0.009148208,6.32407008,0.036696715,0.000110457,0.892767071,332.225678,0.818543046
3120,OK,,197.894737,9.10809474,154,123.6,154,60.2337722,0.002836496,7.95935,0.046327959,3.37E-05,0.867811923,1373.40373,0.802597403
3121,OK,,197.894737,9.10809474,157,123.6,157,61.4071574,0.00180122,9.19683551,0.052950221,2.11E-05,0.850202531,2507.45844,0.787261146
3122,OK,,197.894737,9.10809474,160,123.6,160,62.5805426,0.001184642,10.4599256,0.059568422,1.37E-05,0.832837655,4349.24117,0.7725
3123,OK,,197.894737,9.59714211,121,123.6,121,47.3265353,2.75447813,0.24495367,0.001559427,0.036278467,0.93662262,0.042984923,1.0214876
3124,OK,,197.894737,9.59714211,124,123.6,124,48.4999205,2.19952343,0.314432031,0.001990918,0.028881479,0.948165782,0.06893409,0.996774194
3125,OK,,197.894737,9.59714211,127,123.6,127,49.6733057,1.66452092,0.415612265,0.002616445,0.021778642,0.958123722,0.120138134,0.973228346
3126,OK,,197.894737,9.59714211,130,123.6,130,50.8466908,1.157988,0.566231846,0.003542793,0.015086758,0.966089832,0.234827984,0.950769231
3127,OK,,197.894737,9.59714211,133,123.6,133,52.020076,0.6967269,0.813921715,0.00505869,0.009029409,0.970960277,0.560246019,0.929323308
3128,OK,,197.894737,9.59714211,136,123.6,136,53.1934612,0.326225806,1.24971052,0.007709435,0.004197532,0.970373495,1.83665901,0.908823529
3129,OK,,197.894737,9.59714211,139,123.6,139,54.3668464,0.114650045,2.00614156,0.012269005,0.001459981,0.960991087,8.40353669,0.889208633
3130,OK,,197.894737,9.59714211,142,123.6,142,55.5402315,0.042307854,3.03735655,0.018396418,0.000531767,0.944550746,34.5949039,0.870422535
3131,OK,,197.894737,9.59714211,145,123.6,145,56.7136167,0.018579531,4.18317016,0.025079909,0.000230289,0.925912859,108.906289,0.852413793
3132,OK,,197.894737,9.59714211,148,123.6,148,57.8870019,0.009400794,5.36190453,0.031814838,0.000114882,0.907210511,276.935536,0.835135135
3133,OK,,197.894737,9.59714211,151,123.6,151,59.0603871,0.005278754,6.55113534,0.038464675,6.36E-05,0.888987959,604.783915,0.818543046
3134,OK,,197.894737,9.59714211,154,123.6,154,60.2337722,0.003192295,7.75241121,0.045036952,3.79E-05,0.87124161,1187.60302,0.802597403
3135,OK,,197.894737,9.59714211,157,123.6,157,61.4071574,0.002044707,8.95124443,0.051449059,2.40E-05,0.854197955,2148.11948,0.787261146
3136,OK,,197.894737,9.59714211,160,123.6,160,62.5805426,0.001366423,10.1654157,0.057803002,1.58E-05,0.837540845,3662.05565,0.7725
3137,OK,,197.894737,10.0861895,121,123.6,121,47.3265353,2.84046803,0.239257993,0.001518498,0.037294339,0.93492602,0.040716568,1.0214876
3138,OK,,197.894737,10.0861895,124,123.6,124,48.4999205,2.29728778,0.304601697,0.001922795,0.030065441,0.946352706,0.063953654,0.996774194
3139,OK,,197.894737,10.0861895,127,123.6,127,49.6733057,1.76325986,0.399692052,0.002508687,0.022994571,0.956456453,0.10909911,0.973228346
3140,OK,,197.894737,10.0861895,130,123.6,130,50.8466908,1.24424355,0.541832775,0.003380306,0.016161293,0.964873302,0.209160622,0.950769231
3141,OK,,197.894737,10.0861895,133,123.6,133,52.020076,0.777748461,0.767394489,0.004756182,0.010050325,0.97029718,0.473236698,0.929323308
3142,OK,,197.894737,10.0861895,136,123.6,136,53.1934612,0.3873691,1.1588862,0.007130513,0.004972012,0.970931478,1.43413038,0.908823529
3143,OK,,197.894737,10.0861895,139,123.6,139,54.3668464,0.141119339,1.85981729,0.011347208,0.001793885,0.963195647,6.32549299,0.889208633
3144,OK,,197.894737,10.0861895,142,123.6,142,55.5402315,0.052205113,2.84918643,0.017218985,0.000655251,0.947760543,26.2784567,0.870422535
3145,OK,,197.894737,10.0861895,145,123.6,145,56.7136167,0.022062342,3.9693678,0.023749025,0.000273121,0.929621308,86.9542944,0.852413793
3146,OK,,197.894737,10.0861895,148,123.6,148,57.8870019,0.010739383,5.16942026,0.030602779,0.000131019,0.910512559,233.574234,0.835135135
3147,OK,,197.894737,10.0861895,151,123.6,151,59.0603871,0.006004997,6.34325541,0.037170725,7.23E-05,0.892495449,514.332302,0.818543046
3148,OK,,197.894737,10.0861895,154,123.6,154,60.2337722,0.003629702,7.52203294,0.043617735,4.31E-05,0.875059085,1012.63614,0.802597403
3149,OK,,197.894737,10.0861895,157,123.6,157,61.4071574,0.002285778,8.73955949,0.050139614,2.67E-05,0.857641265,1874.5632,0.787261146
3150,OK,,197.894737,10.0861895,160,123.6,160,62.5805426,0.0015216,9.94626934,0.056456113,1.76E-05,0.841040193,3215.17398,0.7725
3151,OK,,197.894737,10.5752368,121,123.6,121,47.3265353,2.94805428,0.232388292,0.001470297,0.038571182,0.9327979,0.03811905,1.0214876
3152,OK,,197.894737,10.5752368,124,123.6,124,48.4999205,2.39518303,0.295374031,0.001858864,0.03124307,0.944524506,0.059496855,0.996774194
3153,OK,,197.894737,10.5752368,127,123.6,127,49.6733057,1.85989784,0.38532939,0.002411308,0.024175973,0.954800124,0.09973985,0.973228346
3154,OK,,197.894737,10.5752368,130,123.6,130,50.8466908,1.3419238,0.517095164,0.003216531,0.017373793,0.963438742,0.185136935,0.950769231
3155,OK,,197.894737,10.5752368,133,123.6,133,52.020076,0.861329959,0.725485351,0.004483804,0.011097736,0.969496098,0.404028677,0.929323308
3156,OK,,197.894737,10.5752368,136,123.6,136,53.1934612,0.455004195,1.07666117,0.00660712,0.005825071,0.971205758,1.13425583,0.908823529
3157,OK,,197.894737,10.5752368,139,123.6,139,54.3668464,0.165188537,1.75304732,0.010669411,0.002096142,0.964716808,5.09002266,0.889208633
3158,OK,,197.894737,10.5752368,142,123.6,142,55.5402315,0.062100757,2.66211246,0.016053136,0.000778366,0.950950633,20.6241564,0.870422535
3159,OK,,197.894737,10.5752368,145,123.6,145,56.7136167,0.025956403,3.77423666,0.022533833,0.000320927,0.932993287,70.2147883,0.852413793
3160,OK,,197.894737,10.5752368,148,123.6,148,57.8870019,0.012601347,4.94453019,0.029219738,0.000153635,0.914365378,190.189662,0.835135135
3161,OK,,197.894737,10.5752368,151,123.6,151,59.0603871,0.006913524,6.1196438,0.035791246,8.31E-05,0.896266218,430.638294,0.818543046
3162,OK,,197.894737,10.5752368,154,123.6,154,60.2337722,0.004525798,7.32164859,0.042373163,5.36E-05,0.878370985,789.835949,0.802597403
3163,OK,,197.894737,10.5752368,157,123.6,157,61.4071574,0.00257272,8.51673527,0.048772224,3.01E-05,0.861265228,1621.7455,0.787261146
3164,OK,,197.894737,10.5752368,160,123.6,160,62.5805426,0.001918764,9.73752513,0.055170589,2.21E-05,0.844369456,2494.16948,0.7725
3165,OK,,197.894737,11.0642842,121,123.6,121,47.3265353,3.05342554,0.226045811,0.00142572,0.039811577,0.930705442,0.035811684,1.0214876
3166,OK,,197.894737,11.0642842,124,123.6,124,48.4999205,2.49271427,0.286739142,0.00179903,0.03240822,0.942691588,0.055511537,0.996774194
3167,OK,,197.894737,11.0642842,127,123.6,127,49.6733057,1.95717197,0.371927071,0.002320478,0.025357493,0.953111656,0.091510527,0.973228346
3168,OK,,197.894737,11.0642842,130,123.6,130,50.8466908,1.43466506,0.495576538,0.003073678,0.018516126,0.96203801,0.166000074,0.950769231
3169,OK,,197.894737,11.0642842,133,123.6,133,52.020076,0.94593726,0.688129766,0.004240932,0.012151845,0.968587762,0.348994928,0.929323308
3170,OK,,197.894737,11.0642842,136,123.6,136,53.1934612,0.520565836,1.01019743,0.006182687,0.00664735,0.971222717,0.930098027,0.908823529
3171,OK,,197.894737,11.0642842,139,123.6,139,54.3668464,0.219087685,1.57204514,0.009545619,0.002773988,0.967054686,3.44111689,0.889208633
3172,OK,,197.894737,11.0642842,142,123.6,142,55.5402315,0.075615811,2.47816316,0.014910896,0.000946371,0.954019295,15.7558607,0.870422535
3173,Errors,,197.894737,11.0642842,145,123.6,145,56.7136167,0.016805366,5.73794522,0.033863734,0.000205054,0.898529649,165.145711,0.852413793
3174,OK,,197.894737,11.0642842,148,123.6,148,57.8870019,0.01447086,4.75389949,0.028034628,0.000176214,0.917626234,159.09437,0.835135135
3175,OK,,197.894737,11.0642842,151,123.6,151,59.0603871,0.007713112,5.9491953,0.034716065,9.26E-05,0.899138683,374.984747,0.818543046
3176,OK,,197.894737,11.0642842,154,123.6,154,60.2337722,0.00456417,7.12633647,0.041161778,5.40E-05,0.881612916,761.645732,0.802597403
3177,OK,,197.894737,11.0642842,157,123.6,157,61.4071574,0.002825883,8.34117093,0.047671706,3.30E-05,0.864120126,1444.89681,0.787261146
3178,OK,,197.894737,11.0642842,160,123.6,160,62.5805426,0.002003962,9.6260184,0.054418761,2.31E-05,0.846149906,2358.65965,0.7725
3179,OK,,197.894737,11.5533316,121,123.6,121,47.3265353,3.14983585,0.220578785,0.001386953,0.040933726,0.928783829,0.033882883,1.0214876
3180,OK,,197.894737,11.5533316,124,123.6,124,48.4999205,2.59531056,0.278166708,0.001739921,0.033628353,0.940752949,0.051739713,0.996774194
3181,OK,,197.894737,11.5533316,127,123.6,127,49.6733057,2.06789891,0.356166719,0.002215453,0.026698739,0.951199833,0.082979689,0.973228346
3182,OK,,197.894737,11.5533316,130,123.6,130,50.8466908,1.53024875,0.475313001,0.002939383,0.019686896,0.960556691,0.149306581,0.950769231
3183,OK,,197.894737,11.5533316,133,123.6,133,52.020076,1.03331691,0.653876781,0.004018431,0.013234596,0.967566489,0.30363082,0.929323308
3184,OK,,197.894737,11.5533316,136,123.6,136,53.1934612,0.593750118,0.947045255,0.005780591,0.007561509,0.971034121,0.76447592,0.908823529
3185,OK,,197.894737,11.5533316,139,123.6,139,54.3668464,0.261861766,1.4647882,0.008872217,0.003308675,0.968240756,2.68150127,0.889208633
3186,OK,,197.894737,11.5533316,142,123.6,142,55.5402315,0.093940047,2.30036827,0.013810282,0.001173885,0.956890559,11.7645964,0.870422535
3187,OK,,197.894737,11.5533316,145,123.6,145,56.7136167,0.037662314,3.36711823,0.020018961,0.000464468,0.939965378,43.1008234,0.852413793
3188,OK,,197.894737,11.5533316,148,123.6,148,57.8870019,0.016672864,4.5615197,0.02683436,0.000202614,0.920911562,132.440894,0.835135135
3189,OK,,197.894737,11.5533316,151,123.6,151,59.0603871,0.008983769,5.71639948,0.033299382,0.000107754,0.903058826,309.032522,0.818543046
3190,OK,,197.894737,11.5533316,154,123.6,154,60.2337722,0.005130969,6.92715367,0.039926172,6.07E-05,0.884910336,658.142259,0.802597403
3191,OK,,197.894737,11.5533316,157,123.6,157,61.4071574,0.003052472,8.10455553,0.046236816,3.56E-05,0.867969658,1298.54934,0.787261146
3192,OK,,197.894737,11.5533316,160,123.6,160,62.5805426,0.002158574,9.31350694,0.052576716,2.48E-05,0.851141183,2117.15117,0.7725
3193,OK,,197.894737,12.0423789,121,123.6,121,47.3265353,3.24867657,0.215237962,0.001349196,0.042077761,0.926808195,0.032064343,1.0214876
3194,OK,,197.894737,12.0423789,124,123.6,124,48.4999205,2.69411193,0.270414696,0.00168629,0.034793306,0.93887564,0.048465922,0.996774194
3195,OK,,197.894737,12.0423789,127,123.6,127,49.6733057,2.15898844,0.345435642,0.00214231,0.027787368,0.949582093,0.077096561,0.973228346
3196,OK,,197.894737,12.0423789,130,123.6,130,50.8466908,1.62324698,0.457270609,0.002819546,0.020817788,0.959082537,0.135439271,0.950769231
3197,OK,,197.894737,12.0423789,133,123.6,133,52.020076,1.11884284,0.623944444,0.003823608,0.01428747,0.966497794,0.26761966,0.929323308
3198,OK,,197.894737,12.0423789,136,123.6,136,53.1934612,0.668873145,0.891552869,0.005427119,0.008494954,0.970665078,0.638863809,0.908823529
3199,OK,,197.894737,12.0423789,139,123.6,139,54.3668464,0.314727665,1.35760513,0.008202418,0.003967665,0.969239842,2.06731624,0.889208633
3200,OK,,197.894737,12.0423789,142,123.6,142,55.5402315,0.114479887,2.1360804,0.012794877,0.001428247,0.959478738,8.95844866,0.870422535
3201,OK,,197.894737,12.0423789,145,123.6,145,56.7136167,0.043737537,3.18223156,0.018879032,0.000538682,0.943118262,35.0467228,0.852413793
3202,OK,,197.894737,12.0423789,148,123.6,148,57.8870019,0.020060501,4.31775375,0.025360657,0.000243705,0.925064106,104.06301,0.835135135
3203,OK,,197.894737,12.0423789,151,123.6,151,59.0603871,0.010412513,5.49099438,0.031918811,0.000124699,0.906851154,255.967583,0.818543046
3204,OK,,197.894737,12.0423789,154,123.6,154,60.2337722,0.005816921,6.71566253,0.038630564,6.87E-05,0.888410119,562.402486,0.802597403
3205,OK,,197.894737,12.0423789,157,123.6,157,61.4071574,0.003609096,7.89150951,0.044937431,4.21E-05,0.871429994,1068.54586,0.787261146
3206,OK,,197.894737,12.0423789,160,123.6,160,62.5805426,0.0023403,9.09040985,0.051225505,2.69E-05,0.854703239,1904.49415,0.7725
3207,OK,,197.894737,12.5314263,121,123.6,121,47.3265353,3.35224206,0.209874413,0.001311513,0.043271998,0.924733208,0.030308579,1.0214876
3208,OK,,197.894737,12.5314263,124,123.6,124,48.4999205,2.79670503,0.2627925,0.001633775,0.035997341,0.936917473,0.045385981,0.996774194
3209,OK,,197.894737,12.5314263,127,123.6,127,49.6733057,2.24926443,0.335446477,0.002074193,0.0288595,0.947965796,0.071872095,0.973228346
3210,OK,,197.894737,12.5314263,130,123.6,130,50.8466908,1.720464,0.439868157,0.002704314,0.021994127,0.957512827,0.122956174,0.950769231
3211,OK,,197.894737,12.5314263,133,123.6,133,52.020076,1.21127196,0.594768813,0.003634456,0.015420298,0.965281851,0.235692984,0.929323308
3212,OK,,197.894737,12.5314263,136,123.6,136,53.1934612,0.748747057,0.840450001,0.005102112,0.009482771,0.970124203,0.538040204,0.908823529
3213,OK,,197.894737,12.5314263,139,123.6,139,54.3668464,0.373060778,1.26199685,0.007605444,0.004692006,0.969925465,1.62093646,0.889208633
3214,OK,,197.894737,12.5314263,142,123.6,142,55.5402315,0.139425687,1.98801543,0.011880468,0.001736529,0.961695494,6.84150241,0.870422535
3215,OK,,197.894737,12.5314263,145,123.6,145,56.7136167,0.053607922,2.98878319,0.017693611,0.000659353,0.946355191,26.8347914,0.852413793
3216,OK,,197.894737,12.5314263,148,123.6,148,57.8870019,0.023504069,4.11516022,0.024121183,0.000285195,0.928504428,84.57794,0.835135135
3217,OK,,197.894737,12.5314263,151,123.6,151,59.0603871,0.012058686,5.28699087,0.030677074,0.000144307,0.910277433,212.58134,0.818543046
3218,OK,,197.894737,12.5314263,154,123.6,154,60.2337722,0.006705768,6.48063364,0.037218152,7.91E-05,0.892297308,470.264537,0.802597403
3219,OK,,197.894737,12.5314263,157,123.6,157,61.4071574,0.003956836,7.67507891,0.043623766,4.61E-05,0.874948848,947.135309,0.787261146
3220,OK,,197.894737,12.5314263,160,123.6,160,62.5805426,0.002609072,8.8801254,0.049949103,3.00E-05,0.858059165,1667.44074,0.7725
3221,OK,,197.894737,13.0204737,121,123.6,121,47.3265353,3.45349856,0.20489611,0.00127646,0.044429844,0.92269887,0.028729791,1.0214876
3222,OK,,197.894737,13.0204737,124,123.6,124,48.4999205,2.89661772,0.255794365,0.001585444,0.037160359,0.935001706,0.042664917,0.996774194
3223,OK,,197.894737,13.0204737,127,123.6,127,49.6733057,2.3479563,0.325134681,0.002004434,0.030027845,0.94618657,0.066752495,0.973228346
3224,OK,,197.894737,13.0204737,130,123.6,130,50.8466908,1.8163566,0.424045469,0.002599415,0.02314637,0.955938095,0.112303363,0.950769231
3225,OK,,197.894737,13.0204737,133,123.6,133,52.020076,1.30156203,0.569400864,0.003469535,0.016519431,0.96403383,0.210027501,0.929323308
3226,OK,,197.894737,13.0204737,136,123.6,136,53.1934612,0.833591585,0.793178575,0.004801941,0.010526793,0.969417855,0.456163718,0.908823529
3227,OK,,197.894737,13.0204737,139,123.6,139,54.3668464,0.439219911,1.17312649,0.007051527,0.005509842,0.970343205,1.27980567,0.889208633
3228,OK,,197.894737,13.0204737,142,123.6,142,55.5402315,0.172716316,1.83502399,0.010940831,0.002147218,0.963850703,5.09535227,0.870422535
3229,OK,,197.894737,13.0204737,145,123.6,145,56.7136167,0.063174845,2.80203784,0.016552392,0.000775961,0.949479281,21.3314869,0.852413793
3230,OK,,197.894737,13.0204737,148,123.6,148,57.8870019,0.027135366,3.93630272,0.023023939,0.000328846,0.931531467,70.0143908,0.835135135
3231,OK,,197.894737,13.0204737,151,123.6,151,59.0603871,0.013741554,5.0849926,0.029444746,0.000164245,0.913669137,179.27288,0.818543046
3232,OK,,197.894737,13.0204737,154,123.6,154,60.2337722,0.007655557,6.26461424,0.035908727,9.03E-05,0.89586789,397.863802,0.802597403
3233,OK,,197.894737,13.0204737,157,123.6,157,61.4071574,0.004593134,7.45865778,0.042314685,5.34E-05,0.87846285,792.279561,0.787261146
3234,OK,,197.894737,13.0204737,160,123.6,160,62.5805426,0.002914414,8.66518214,0.048651451,3.34E-05,0.861488952,1455.45428,0.7725
3235,OK,,197.894737,13.5095211,121,123.6,121,47.3265353,3.55547883,0.200117654,0.001242855,0.045588471,0.920645015,0.027262479,1.0214876
3236,OK,,197.894737,13.5095211,124,123.6,124,48.4999205,2.99707289,0.249128133,0.001539445,0.038322113,0.93306791,0.040171185,0.996774194
3237,OK,,197.894737,13.5095211,127,123.6,127,49.6733057,2.44733295,0.315387917,0.001938546,0.031196815,0.944382182,0.062139243,0.973228346
3238,OK,,197.894737,13.5095211,130,123.6,130,50.8466908,1.91054305,0.409650266,0.002503841,0.024270244,0.954368843,0.103165066,0.950769231
3239,OK,,197.894737,13.5095211,133,123.6,133,52.020076,1.39471042,0.54530775,0.003313248,0.01764709,0.962706356,0.187750373,0.929323308
3240,OK,,197.894737,13.5095211,136,123.6,136,53.1934612,0.912740917,0.754453917,0.004554941,0.011494059,0.968657899,0.396286528,0.908823529
3241,OK,,197.894737,13.5095211,139,123.6,139,54.3668464,0.500500568,1.1044831,0.006621813,0.006263861,0.970478632,1.05714564,0.889208633
3242,OK,,197.894737,13.5095211,142,123.6,142,55.5402315,0.210999496,1.70063923,0.010115608,0.002618072,0.965581009,3.86376258,0.870422535
3243,OK,,197.894737,13.5095211,145,123.6,145,56.7136167,0.077725941,2.60888153,0.015378358,0.000953309,0.952628529,16.1315537,0.852413793
3244,OK,,197.894737,13.5095211,148,123.6,148,57.8870019,0.032453634,3.71671667,0.021695815,0.000392814,0.935232951,55.2318292,0.835135135
3245,OK,,197.894737,13.5095211,151,123.6,151,59.0603871,0.015627256,4.91773598,0.028407137,0.000186472,0.916469169,152.339972,0.818543046
3246,OK,,197.894737,13.5095211,154,123.6,154,60.2337722,0.008802302,6.05125004,0.034615023,0.000103652,0.89939112,333.955559,0.802597403
3247,OK,,197.894737,13.5095211,157,123.6,157,61.4071574,0.005257034,7.22909823,0.040934451,6.11E-05,0.882190357,670.373123,0.787261146
3248,OK,,197.894737,13.5095211,160,123.6,160,62.5805426,0.003272296,8.44867038,0.047347768,3.75E-05,0.864942963,1262.86364,0.7725
3249,OK,,197.894737,13.9985684,121,123.6,121,47.3265353,3.65430057,0.195712209,0.001211773,0.046701697,0.918650018,0.025947078,1.0214876
3250,OK,,197.894737,13.9985684,124,123.6,124,48.4999205,3.09313691,0.24308245,0.001497559,0.039423385,0.931211859,0.037986569,0.996774194
3251,OK,,197.894737,13.9985684,127,123.6,127,49.6733057,2.55300399,0.305619785,0.001872885,0.032434605,0.942451509,0.057743421,0.973228346
3252,OK,,197.894737,13.9985684,130,123.6,130,50.8466908,2.0074682,0.395848676,0.002412416,0.025420575,0.952734055,0.094900144,0.950769231
3253,OK,,197.894737,13.9985684,133,123.6,133,52.020076,1.49070939,0.522666402,0.003166606,0.018802841,0.961296177,0.168411064,0.929323308
3254,OK,,197.894737,13.9985684,136,123.6,136,53.1934612,1.00096273,0.715976999,0.004310699,0.012567909,0.96772273,0.342992571,0.908823529
3255,OK,,197.894737,13.9985684,139,123.6,139,54.3668464,0.575052054,1.03324634,0.00617851,0.007177843,0.970417663,0.860775223,0.889208633
3256,OK,,197.894737,13.9985684,142,123.6,142,55.5402315,0.253880165,1.58161717,0.009383429,0.003142472,0.966951932,2.98600199,0.870422535
3257,OK,,197.894737,13.9985684,145,123.6,145,56.7136167,0.094454843,2.43555432,0.01432516,0.001156753,0.955389741,12.3839387,0.852413793
3258,OK,,197.894737,13.9985684,148,123.6,148,57.8870019,0.039522881,3.51839246,0.020491596,0.000477711,0.938536887,42.89541,0.835135135
3259,OK,,197.894737,13.9985684,151,123.6,151,59.0603871,0.018646209,4.67015226,0.026931883,0.000222345,0.920610096,121.126433,0.818543046
3260,OK,,197.894737,13.9985684,154,123.6,154,60.2337722,0.010020311,5.84789825,0.033386668,0.000117863,0.902746942,283.266682,0.802597403
3261,OK,,197.894737,13.9985684,157,123.6,157,61.4071574,0.005847813,7.04327365,0.039804382,6.78E-05,0.885206843,586.655112,0.787261146
3262,OK,,197.894737,13.9985684,160,123.6,160,62.5805426,0.003684612,8.22353179,0.046003598,4.22E-05,0.868533955,1090.81214,0.7725
3263,OK,,197.894737,14.4876158,121,123.6,121,47.3265353,3.75989426,0.191190231,0.001180132,0.047887871,0.916514394,0.024643645,1.0214876
3264,OK,,197.894737,14.4876158,124,123.6,124,48.4999205,3.19889212,0.23671104,0.001453879,0.040633553,0.929162705,0.035780266,0.996774194
3265,OK,,197.894737,14.4876158,127,123.6,127,49.6733057,2.64669531,0.297531532,0.001817918,0.033519298,0.940728188,0.054234971,0.973228346
3266,OK,,197.894737,14.4876158,130,123.6,130,50.8466908,2.10504149,0.381364007,0.002317359,0.026571378,0.951099955,0.087212614,0.950769231
3267,OK,,197.894737,14.4876158,133,123.6,133,52.020076,1.58113795,0.50318469,0.003039885,0.019883112,0.959932342,0.152887774,0.929323308
3268,OK,,197.894737,14.4876158,136,123.6,136,53.1934612,1.08622754,0.682857197,0.004099915,0.013598978,0.96674244,0.301487018,0.908823529
3269,OK,,197.894737,14.4876158,139,123.6,139,54.3668464,0.646602397,0.974938426,0.005814442,0.008049898,0.970174087,0.722300166,0.889208633
3270,OK,,197.894737,14.4876158,142,123.6,142,55.5402315,0.30534139,1.46813215,0.008690392,0.003772748,0.968068669,2.30346485,0.870422535
3271,OK,,197.894737,14.4876158,145,123.6,145,56.7136167,0.115900547,2.27206804,0.013330859,0.001416942,0.957894264,9.40819092,0.852413793
3272,OK,,197.894737,14.4876158,148,123.6,148,57.8870019,0.046202343,3.31937507,0.019292682,0.000557736,0.941859531,34.5910567,0.835135135
3273,OK,,197.894737,14.4876158,151,123.6,151,59.0603871,0.021719765,4.46125659,0.025676309,0.000258693,0.924095039,99.2539708,0.818543046
3274,OK,,197.894737,14.4876158,154,123.6,154,60.2337722,0.011472872,5.63689373,0.032119942,0.000134799,0.90622592,238.280632,0.802597403
3275,OK,,197.894737,14.4876158,157,123.6,157,61.4071574,0.006619344,6.82872583,0.038519665,7.67E-05,0.888688136,502.083777,0.787261146
3276,OK,,197.894737,14.4876158,160,123.6,160,62.5805426,0.004008516,8.0669249,0.045037372,4.58E-05,0.871031265,982.702252,0.7725
3277,OK,,197.894737,14.9766632,121,123.6,121,47.3265353,3.86090699,0.187076083,0.001151205,0.049011797,0.914466947,0.023488331,1.0214876
3278,OK,,197.894737,14.9766632,124,123.6,124,48.4999205,3.29947556,0.23097939,0.001414395,0.041773844,0.927206995,0.03385838,0.996774194
3279,OK,,197.894737,14.9766632,127,123.6,127,49.6733057,2.74021594,0.2898856,0.001765964,0.034595098,0.938999398,0.051046641,0.973228346
3280,OK,,197.894737,14.9766632,130,123.6,130,50.8466908,2.20237236,0.369326429,0.002237663,0.027711862,0.949422494,0.080747487,0.950769231
3281,OK,,197.894737,14.9766632,133,123.6,133,52.020076,1.6696145,0.485599888,0.002925279,0.020932703,0.958569565,0.139746836,0.929323308
3282,OK,,197.894737,14.9766632,136,123.6,136,53.1934612,1.17630081,0.651355732,0.003899918,0.014682862,0.965641331,0.265610232,0.908823529
3283,OK,,197.894737,14.9766632,139,123.6,139,54.3668464,0.722840656,0.920951607,0.005477875,0.008974861,0.969764804,0.610357627,0.889208633
3284,OK,,197.894737,14.9766632,142,123.6,142,55.5402315,0.361354024,1.3776157,0.008132395,0.004454061,0.968689909,1.82583834,0.870422535
3285,OK,,197.894737,14.9766632,145,123.6,145,56.7136167,0.142470054,2.10822189,0.012341965,0.001738855,0.960314787,7.09775483,0.852413793
3286,OK,,197.894737,14.9766632,148,123.6,148,57.8870019,0.056099586,3.12843509,0.018145011,0.00067631,0.944987051,26.829413,0.835135135
3287,OK,,197.894737,14.9766632,151,123.6,151,59.0603871,0.0253583,4.25629221,0.024445843,0.000301623,0.927503853,81.0476771,0.818543046
3288,OK,,197.894737,14.9766632,154,123.6,154,60.2337722,0.012886279,5.46295393,0.031056095,0.000151123,0.9090902,205.501941,0.802597403
3289,OK,,197.894737,14.9766632,157,123.6,157,61.4071574,0.007544843,6.60552704,0.037191751,8.74E-05,0.8923078,425.759693,0.787261146
3290,OK,,197.894737,14.9766632,160,123.6,160,62.5805426,0.004583574,7.81635055,0.043563198,5.24E-05,0.875026106,832.102644,0.7725
3291,OK,,197.894737,15.4657105,121,123.6,121,47.3265353,3.96439423,0.18303608,0.001122896,0.050157173,0.912365647,0.022387556,1.0214876
3292,OK,,197.894737,15.4657105,124,123.6,124,48.4999205,3.40070622,0.225486726,0.001376597,0.042914137,0.925233013,0.032077929,0.996774194
3293,OK,,197.894737,15.4657105,127,123.6,127,49.6733057,2.84620875,0.281604697,0.001710397,0.035813151,0.937032307,0.047758913,0.973228346
3294,OK,,197.894737,15.4657105,130,123.6,130,50.8466908,2.30127661,0.357865844,0.002161894,0.028863921,0.947702743,0.074899537,0.950769231
3295,OK,,197.894737,15.4657105,133,123.6,133,52.020076,1.77336954,0.466435478,0.002801779,0.02216176,0.95694345,0.126424021,0.929323308
3296,OK,,197.894737,15.4657105,136,123.6,136,53.1934612,1.26556835,0.623148194,0.003720653,0.015750377,0.964493445,0.236226275,0.908823529
3297,OK,,197.894737,15.4657105,139,123.6,139,54.3668464,0.804283417,0.875729284,0.005193769,0.009956988,0.969098581,0.521620524,0.889208633
3298,OK,,197.894737,15.4657105,142,123.6,142,55.5402315,0.422697598,1.28635028,0.007574657,0.005197875,0.96922865,1.45726029,0.870422535
3299,OK,,197.894737,15.4657105,145,123.6,145,56.7136167,0.16992084,1.97488352,0.011534762,0.002070326,0.962181845,5.57147244,0.852413793
3300,OK,,197.894737,15.4657105,148,123.6,148,57.8870019,0.067320431,2.93709518,0.016999682,0.000810484,0.948098614,20.9747403,0.835135135
3301,OK,,197.894737,15.4657105,151,123.6,151,59.0603871,0.029039752,4.07955104,0.023377742,0.000344844,0.930434069,67.7922036,0.818543046
3302,OK,,197.894737,15.4657105,154,123.6,154,60.2337722,0.015056203,5.224159,0.029652408,0.000176503,0.913018644,167.999578,0.802597403
3303,OK,,197.894737,15.4657105,157,123.6,157,61.4071574,0.008514605,6.40267695,0.035980727,9.85E-05,0.89559537,365.382153,0.787261146
3304,OK,,197.894737,15.4657105,160,123.6,160,62.5805426,0.00515489,7.59982249,0.042279208,5.88E-05,0.878476966,718.818205,0.7725
3305,OK,,197.894737,15.9547579,121,123.6,121,47.3265353,4.07034325,0.17906996,0.001095203,0.051323981,0.910210769,0.02133901,1.0214876
3306,OK,,197.894737,15.9547579,124,123.6,124,48.4999205,3.50364967,0.220157644,0.001340013,0.044067422,0.923220342,0.030408248,0.996774194
3307,OK,,197.894737,15.9547579,127,123.6,127,49.6733057,2.94925217,0.274005994,0.0016593,0.036988152,0.935110859,0.044860317,0.973228346
3308,OK,,197.894737,15.9547579,130,123.6,130,50.8466908,2.39938771,0.347202967,0.002091369,0.029999256,0.945982902,0.069714018,0.950769231
3309,OK,,197.894737,15.9547579,133,123.6,133,52.020076,1.86638201,0.450652427,0.002699256,0.023253058,0.955458842,0.11608176,0.929323308
3310,OK,,197.894737,15.9547579,136,123.6,136,53.1934612,1.36314879,0.598821024,0.00356462,0.01690992,0.963116335,0.21080053,0.908823529
3311,OK,,197.894737,15.9547579,139,123.6,139,54.3668464,0.893025667,0.827285831,0.004893134,0.01102263,0.968357343,0.443917103,0.889208633
3312,OK,,197.894737,15.9547579,142,123.6,142,55.5402315,0.486859691,1.20463933,0.007075614,0.005972444,0.969544617,1.18470985,0.870422535
3313,OK,,197.894737,15.9547579,145,123.6,145,56.7136167,0.211216489,1.82291636,0.010623058,0.002568543,0.964133255,4.1358296,0.852413793
3314,OK,,197.894737,15.9547579,148,123.6,148,57.8870019,0.079534373,2.75423613,0.015907694,0.000956212,0.951046515,16.6361584,0.835135135
3315,OK,,197.894737,15.9547579,151,123.6,151,59.0603871,0.034543912,3.85905349,0.022076813,0.000409956,0.934074299,53.8516678,0.818543046
3316,OK,,197.894737,15.9547579,154,123.6,154,60.2337722,0.017350495,5.01586759,0.028414867,0.000203169,0.916438604,139.858055,0.802597403
3317,OK,,197.894737,15.9547579,157,123.6,157,61.4071574,0.009619166,6.20052415,0.03477623,0.000111113,0.89886939,312.980706,0.787261146
3318,OK,,197.894737,15.9547579,160,123.6,160,62.5805426,0.005796987,7.38672522,0.041018313,6.61E-05,0.881871874,620.781166,0.7725
3319,OK,,197.894737,16.4438053,121,123.6,121,47.3265353,4.16986995,0.17552627,0.001070266,0.052407523,0.908182668,0.020421995,1.0214876
3320,OK,,197.894737,16.4438053,124,123.6,124,48.4999205,3.60509938,0.215159533,0.001305653,0.045195013,0.921231646,0.028889311,0.996774194
3321,OK,,197.894737,16.4438053,127,123.6,127,49.6733057,3.04732569,0.267180302,0.001613179,0.038096203,0.933273899,0.042344888,0.973228346
3322,OK,,197.894737,16.4438053,130,123.6,130,50.8466908,2.49831004,0.33709342,0.002024554,0.031136732,0.944236224,0.065021406,0.950769231
3323,OK,,197.894737,16.4438053,133,123.6,133,52.020076,1.96003774,0.435861783,0.002603214,0.024345142,0.953942791,0.106929491,0.929323308
3324,OK,,197.894737,16.4438053,136,123.6,136,53.1934612,1.44988729,0.576168029,0.003420267,0.017933934,0.961911572,0.190714847,0.908823529
3325,OK,,197.894737,16.4438053,139,123.6,139,54.3668464,0.967943736,0.791312032,0.004667925,0.011916583,0.967641019,0.391716703,0.889208633
3326,OK,,197.894737,16.4438053,142,123.6,142,55.5402315,0.557101999,1.13075383,0.006624691,0.006816873,0.969610213,0.971807885,0.870422535
3327,OK,,197.894737,16.4438053,145,123.6,145,56.7136167,0.251329797,1.70376406,0.009905385,0.003050415,0.965526906,3.24722482,0.852413793
3328,OK,,197.894737,16.4438053,148,123.6,148,57.8870019,0.096418861,2.57421046,0.014836325,0.001157511,0.953864784,12.8174408,0.835135135
3329,OK,,197.894737,16.4438053,151,123.6,151,59.0603871,0.040785264,3.65628828,0.020874787,0.000483428,0.937401806,43.1807783,0.818543046
3330,OK,,197.894737,16.4438053,154,123.6,154,60.2337722,0.020024056,4.80920633,0.027190941,0.000234207,0.919825204,116.097737,0.802597403
3331,OK,,197.894737,16.4438053,157,123.6,157,61.4071574,0.010959633,5.98811959,0.033520051,0.00012645,0.902306515,265.085662,0.787261146
3332,OK,,197.894737,16.4438053,160,123.6,160,62.5805426,0.006521925,7.17491182,0.039768493,7.43E-05,0.885244943,535.530119,0.7725
3333,OK,,197.894737,16.9328526,121,123.6,121,47.3265353,4.27307847,0.171987728,0.001045496,0.053526568,0.906076662,0.01953229,1.0214876
3334,OK,,197.894737,16.9328526,124,123.6,124,48.4999205,3.70667876,0.210380007,0.001272815,0.046316641,0.919235769,0.027480727,0.996774194
3335,OK,,197.894737,16.9328526,127,123.6,127,49.6733057,3.14727557,0.260561606,0.001568562,0.039219186,0.931394999,0.039994763,0.973228346
3336,OK,,197.894737,16.9328526,130,123.6,130,50.8466908,2.59627653,0.327655127,0.001962141,0.032255537,0.942495143,0.060831139,0.950769231
3337,OK,,197.894737,16.9328526,133,123.6,133,52.020076,2.06200476,0.423387045,0.002520958,0.025526774,0.95222245,0.098757409,0.929323308
3338,OK,,197.894737,16.9328526,136,123.6,136,53.1934612,1.54170737,0.554078067,0.003279961,0.019012629,0.960600694,0.172514838,0.908823529
3339,OK,,197.894737,16.9328526,139,123.6,139,54.3668464,1.05959009,0.751549813,0.004421354,0.013006281,0.966686684,0.339939919,0.889208633
3340,OK,,197.894737,16.9328526,142,123.6,142,55.5402315,0.625900876,1.06873384,0.00624521,0.007639495,0.969488159,0.817489985,0.870422535
3341,OK,,197.894737,16.9328526,145,123.6,145,56.7136167,0.297790847,1.59177234,0.009232326,0.003606901,0.966682372,2.55962799,0.852413793
3342,OK,,197.894737,16.9328526,148,123.6,148,57.8870019,0.116104368,2.40558238,0.01383453,0.001391712,0.956437773,9.94065554,0.835135135
3343,OK,,197.894737,16.9328526,151,123.6,151,59.0603871,0.047938066,3.46033968,0.01971594,0.000567493,0.940598463,34.7421607,0.818543046
3344,OK,,197.894737,16.9328526,154,123.6,154,60.2337722,0.023098337,4.60834007,0.026003953,0.000269851,0.923108943,96.3641414,0.802597403
3345,OK,,197.894737,16.9328526,157,123.6,157,61.4071574,0.012487278,5.7796747,0.032294712,0.000143947,0.90567611,224.352016,0.787261146
3346,OK,,197.894737,16.9328526,160,123.6,160,62.5805426,0.007326688,7.03295998,0.038882964,8.32E-05,0.887500389,467.160043,0.7725
3347,OK,,197.894737,17.4219,121,123.6,121,47.3265353,4.37910827,0.168486847,0.001021101,0.054671684,0.903910246,0.018676957,1.0214876
3348,OK,,197.894737,17.4219,124,123.6,124,48.4999205,3.81125783,0.205660458,0.00124053,0.047466636,0.917176807,0.026134771,0.996774194
3349,OK,,197.894737,17.4219,127,123.6,127,49.6733057,3.24887905,0.254149936,0.001525449,0.040355025,0.929478642,0.03780072,0.973228346
3350,OK,,197.894737,17.4219,130,123.6,130,50.8466908,2.69653198,0.318508387,0.001901826,0.033394882,0.940703312,0.056949632,0.950769231
3351,OK,,197.894737,17.4219,133,123.6,133,52.020076,2.15759224,0.408663446,0.002426373,0.026628345,0.950667975,0.091119945,0.929323308
3352,OK,,197.894737,17.4219,136,123.6,136,53.1934612,1.63716061,0.532916974,0.003145899,0.020128638,0.959204054,0.156289693,0.908823529
3353,OK,,197.894737,17.4219,139,123.6,139,54.3668464,1.14430203,0.718725214,0.004216838,0.014006839,0.965732291,0.30105568,0.889208633
3354,OK,,197.894737,17.4219,142,123.6,142,55.5402315,0.703155332,1.00811732,0.005875793,0.008559883,0.969188593,0.686433796,0.870422535
3355,OK,,197.894737,17.4219,145,123.6,145,56.7136167,0.351711908,1.48549763,0.008595353,0.004250804,0.967605495,2.02205372,0.852413793
3356,OK,,197.894737,17.4219,148,123.6,148,57.8870019,0.137118551,2.26594093,0.013002461,0.001641041,0.958487063,7.92329843,0.835135135
3357,OK,,197.894737,17.4219,151,123.6,151,59.0603871,0.057845918,3.26969755,0.018591704,0.000683897,0.943658624,27.184945,0.818543046
3358,OK,,197.894737,17.4219,154,123.6,154,60.2337722,0.027013728,4.39520327,0.024753351,0.000315232,0.926582433,78.5241109,0.802597403
3359,OK,,197.894737,17.4219,157,123.6,157,61.4071574,0.014174321,5.57956769,0.031113001,0.000163166,0.908907329,190.683039,0.787261146
3360,OK,,197.894737,17.4219,160,123.6,160,62.5805426,0.007248771,6.73893198,0.037215444,8.24E-05,0.892200028,451.833048,0.7725
3361,OK,,203.157895,8.13,121,123.6,121,47.3265353,2.45723454,0.294111238,0.001889848,0.032692928,0.941864627,0.057806023,1.0214876
3362,OK,,203.157895,8.13,124,123.6,124,48.4999205,1.92062599,0.379034918,0.002421859,0.025465133,0.952584233,0.095104903,0.996774194
3363,OK,,203.157895,8.13,127,123.6,127,49.6733057,1.39899807,0.505845527,0.00321283,0.018476506,0.96165257,0.173887333,0.973228346
3364,OK,,203.157895,8.13,130,123.6,130,50.8466908,0.915737238,0.701058853,0.004424118,0.012036063,0.968202531,0.36757184,0.950769231
3365,OK,,203.157895,8.13,133,123.6,133,52.020076,0.497509234,1.0326794,0.006470797,0.006498403,0.970584652,0.995751983,0.929323308
3366,OK,,203.157895,8.13,136,123.6,136,53.1934612,0.20043759,1.63701718,0.010174309,0.00259523,0.965457131,3.92038768,0.908823529
3367,OK,,203.157895,8.13,139,123.6,139,54.3668464,0.07294715,2.5474545,0.015685713,0.000933137,0.951801478,16.8096516,0.889208633
3368,OK,,203.157895,8.13,142,123.6,142,55.5402315,0.030004599,3.64512693,0.022219833,0.000378578,0.93382938,58.6928993,0.870422535
3369,OK,,203.157895,8.13,145,123.6,145,56.7136167,0.014253198,4.80791188,0.029005159,0.000177299,0.914973416,163.594636,0.852413793
3370,OK,,203.157895,8.13,148,123.6,148,57.8870019,0.007640256,5.99375706,0.035779153,9.37E-05,0.89632565,381.896404,0.835135135
3371,OK,,203.157895,8.13,151,123.6,151,59.0603871,0.004484278,7.18294681,0.04242285,5.42E-05,0.878303691,782.59327,0.818543046
3372,OK,,203.157895,8.13,154,123.6,154,60.2337722,0.002803582,8.38099408,0.048968262,3.34E-05,0.860812343,1465.57702,0.802597403
3373,OK,,203.157895,8.13,157,123.6,157,61.4071574,0.00181984,9.61047421,0.055541828,2.14E-05,0.843466227,2597.47863,0.787261146
3374,OK,,203.157895,8.13,160,123.6,160,62.5805426,0.001215014,10.8753696,0.062137576,1.41E-05,0.82619862,4417.8734,0.7725
3375,OK,,203.157895,8.61904737,121,123.6,121,47.3265353,2.55946548,0.285327603,0.001827689,0.033935843,0.939890105,0.053857179,1.0214876
3376,OK,,203.157895,8.61904737,124,123.6,124,48.4999205,2.01369693,0.366828509,0.002336728,0.026612478,0.950916921,0.08780573,0.996774194
3377,OK,,203.157895,8.61904737,127,123.6,127,49.6733057,1.49406735,0.485157728,0.003072232,0.019668009,0.960155157,0.156204526,0.973228346
3378,OK,,203.157895,8.61904737,130,123.6,130,50.8466908,1.00130065,0.666425263,0.004193416,0.013120777,0.967200896,0.319601196,0.950769231
3379,OK,,203.157895,8.61904737,133,123.6,133,52.020076,0.565874404,0.970128835,0.006062194,0.007371701,0.970472876,0.82236026,0.929323308
3380,OK,,203.157895,8.61904737,136,123.6,136,53.1934612,0.247072363,1.50421986,0.009325775,0.003192122,0.967076927,2.92149662,0.908823529
3381,OK,,203.157895,8.61904737,139,123.6,139,54.3668464,0.090660799,2.36031289,0.014500252,0.00115781,0.954917862,12.5238645,0.889208633
3382,OK,,203.157895,8.61904737,142,123.6,142,55.5402315,0.034506478,3.47686859,0.021146855,0.000434802,0.93677781,48.6356043,0.870422535
3383,OK,,203.157895,8.61904737,145,123.6,145,56.7136167,0.016338859,4.62367497,0.027826812,0.000202882,0.918185189,137.157725,0.852413793
3384,OK,,203.157895,8.61904737,148,123.6,148,57.8870019,0.008658559,5.77650685,0.034412941,0.00010605,0.900061063,324.497061,0.835135135
3385,OK,,203.157895,8.61904737,151,123.6,151,59.0603871,0.004984479,6.98646633,0.041175744,6.02E-05,0.881621995,684.284137,0.818543046
3386,OK,,203.157895,8.61904737,154,123.6,154,60.2337722,0.003136291,8.17580594,0.047677881,3.73E-05,0.864213349,1276.95897,0.802597403
3387,OK,,203.157895,8.61904737,157,123.6,157,61.4071574,0.002045937,9.37991204,0.054112716,2.40E-05,0.847217191,2253.25485,0.787261146
3388,OK,,203.157895,8.61904737,160,123.6,160,62.5805426,0.001362361,10.6347591,0.060665758,1.58E-05,0.830041079,3849.58907,0.7725
3389,OK,,203.157895,9.10809474,121,123.6,121,47.3265353,2.65649505,0.277448405,0.0017717,0.035104567,0.938006376,0.050469229,1.0214876
3390,OK,,203.157895,9.10809474,124,123.6,124,48.4999205,2.11461249,0.354444727,0.002250928,0.027851513,0.94909152,0.08081888,0.996774194
3391,OK,,203.157895,9.10809474,127,123.6,127,49.6733057,1.58358813,0.465872359,0.00294133,0.020780894,0.95874121,0.141540091,0.973228346
3392,OK,,203.157895,9.10809474,130,123.6,130,50.8466908,1.08839635,0.634994852,0.003984067,0.014218399,0.966106129,0.280205056,0.950769231
3393,OK,,203.157895,9.10809474,133,123.6,133,52.020076,0.644150821,0.909108762,0.005665199,0.008367579,0.970141151,0.67704159,0.929323308
3394,OK,,203.157895,9.10809474,136,123.6,136,53.1934612,0.293019542,1.40121657,0.008664972,0.003777457,0.968149542,2.29386402,0.908823529
3395,OK,,203.157895,9.10809474,139,123.6,139,54.3668464,0.109486857,2.19944606,0.01348109,0.001396099,0.957530498,9.65625505,0.889208633
3396,OK,,203.157895,9.10809474,142,123.6,142,55.5402315,0.041642263,3.27055285,0.019849578,0.000524019,0.940364038,37.8794673,0.870422535
3397,OK,,203.157895,9.10809474,145,123.6,145,56.7136167,0.019426461,4.39338131,0.026394656,0.000241064,0.922191388,109.492475,0.852413793
3398,OK,,203.157895,9.10809474,148,123.6,148,57.8870019,0.010081986,5.57306867,0.033134323,0.000123344,0.903550875,268.63289,0.835135135
3399,Errors,,203.157895,9.10809474,151,123.6,151,59.0603871,0.011194736,6.32816398,0.036720014,0.000135162,0.892663102,271.673568,0.818543046
3400,OK,,203.157895,9.10809474,154,123.6,154,60.2337722,0.003531033,7.96073935,0.046335851,4.20E-05,0.867777327,1103.46384,0.802597403
3401,OK,,203.157895,9.10809474,157,123.6,157,61.4071574,0.002245722,9.19772469,0.0529552,2.63E-05,0.850180813,2011.35583,0.787261146
3402,OK,,203.157895,9.10809474,160,123.6,160,62.5805426,0.001483527,10.4605235,0.059571722,1.72E-05,0.832823325,3473.21441,0.7725
3403,OK,,203.157895,9.59714211,121,123.6,121,47.3265353,2.76651614,0.269026346,0.001712542,0.036428208,0.935859609,0.047011428,1.0214876
3404,OK,,203.157895,9.59714211,124,123.6,124,48.4999205,2.21385535,0.343093596,0.002172192,0.029061325,0.947279317,0.074745105,0.996774194
3405,OK,,203.157895,9.59714211,127,123.6,127,49.6733057,1.68072999,0.44802972,0.002820225,0.021983608,0.957144795,0.128287655,0.973228346
3406,OK,,203.157895,9.59714211,130,123.6,130,50.8466908,1.17787646,0.606010111,0.003791183,0.015339806,0.964916368,0.247146758,0.950769231
3407,OK,,203.157895,9.59714211,133,123.6,133,52.020076,0.719223278,0.85891831,0.005337571,0.009316809,0.969662836,0.572896923,0.929323308
3408,OK,,203.157895,9.59714211,136,123.6,136,53.1934612,0.350214085,1.2976932,0.008004196,0.004504065,0.969020492,1.77710501,0.908823529
3409,OK,,203.157895,9.59714211,139,123.6,139,54.3668464,0.133093358,2.04303386,0.01249315,0.001694235,0.959973267,7.373918,0.889208633
3410,OK,,203.157895,9.59714211,142,123.6,142,55.5402315,0.051759524,3.05626304,0.018509819,0.000650447,0.944040158,28.4570926,0.870422535
3411,OK,,203.157895,9.59714211,145,123.6,145,56.7136167,0.02275511,4.19152278,0.025129329,0.000282022,0.925691957,89.1041651,0.852413793
3412,OK,,203.157895,9.59714211,148,123.6,148,57.8870019,0.011582366,5.36626847,0.031840301,0.000141536,0.907097437,224.962983,0.835135135
3413,OK,,203.157895,9.59714211,151,123.6,151,59.0603871,0.006541714,6.55366173,0.038479211,7.88E-05,0.888923799,488.21855,0.818543046
3414,OK,,203.157895,9.59714211,154,123.6,154,60.2337722,0.003962719,7.75395236,0.045045695,4.71E-05,0.871203234,956.910722,0.802597403
3415,OK,,203.157895,9.59714211,157,123.6,157,61.4071574,0.002550785,8.95225679,0.051454722,2.99E-05,0.854173228,1722.13576,0.787261146
3416,OK,,203.157895,9.59714211,160,123.6,160,62.5805426,0.001708537,10.1661,0.057806777,1.97E-05,0.837524442,2928.9818,0.7725
3417,OK,,203.157895,10.0861895,121,123.6,121,47.3265353,2.85229967,0.262917791,0.001668528,0.037440815,0.934176093,0.044564427,1.0214876
3418,OK,,203.157895,10.0861895,124,123.6,124,48.4999205,2.31132258,0.33266881,0.002099774,0.030240647,0.945484624,0.069435488,0.996774194
3419,OK,,203.157895,10.0861895,127,123.6,127,49.6733057,1.77910806,0.431387475,0.002707344,0.023193932,0.955499327,0.116726379,0.973228346
3420,OK,,203.157895,10.0861895,130,123.6,130,50.8466908,1.26377911,0.580904894,0.003623601,0.016408682,0.963720667,0.220834384,0.950769231
3421,OK,,203.157895,10.0861895,133,123.6,133,52.020076,0.79997681,0.811854626,0.005031012,0.010333035,0.969015204,0.486886233,0.929323308
3422,OK,,203.157895,10.0861895,136,123.6,136,53.1934612,0.411689455,1.20753282,0.007428665,0.005281654,0.96955975,1.40650356,0.908823529
3423,OK,,203.157895,10.0861895,139,123.6,139,54.3668464,0.160268144,1.8981207,0.011579488,0.002036545,0.962138896,5.68585055,0.889208633
3424,OK,,203.157895,10.0861895,142,123.6,142,55.5402315,0.062576566,2.86993277,0.017343226,0.000785272,0.947200268,22.0856312,0.870422535
3425,OK,,203.157895,10.0861895,145,123.6,145,56.7136167,0.026937572,3.97911995,0.023806647,0.000333443,0.929363392,71.3964554,0.852413793
3426,OK,,203.157895,10.0861895,148,123.6,148,57.8870019,0.013233722,5.17440984,0.030631844,0.000161443,0.910383274,189.738163,0.835135135
3427,OK,,203.157895,10.0861895,151,123.6,151,59.0603871,0.007435162,6.34611627,0.037187164,8.95E-05,0.892422794,415.594315,0.818543046
3428,OK,,203.157895,10.0861895,154,123.6,154,60.2337722,0.004510289,7.52379446,0.043627717,5.35E-05,0.87501522,815.12908,0.802597403
3429,OK,,203.157895,10.0861895,157,123.6,157,61.4071574,0.002849049,8.74068625,0.050145909,3.33E-05,0.857613743,1504.15705,0.787261146
3430,OK,,203.157895,10.0861895,160,123.6,160,62.5805426,0.00190173,9.94702976,0.056460303,2.19E-05,0.841021968,2572.71333,0.7725
3431,OK,,203.157895,10.5752368,121,123.6,121,47.3265353,2.95963669,0.255549499,0.001616712,0.038713776,0.932063774,0.041760638,1.0214876
3432,OK,,203.157895,10.5752368,124,123.6,124,48.4999205,2.40893088,0.322867047,0.002031702,0.031413806,0.943674177,0.064675437,0.996774194
3433,OK,,203.157895,10.5752368,127,123.6,127,49.6733057,1.87540489,0.41634225,0.002605116,0.024370046,0.953863607,0.106898258,0.973228346
3434,OK,,203.157895,10.5752368,130,123.6,130,50.8466908,1.36091151,0.555071203,0.00345233,0.017613017,0.962318438,0.196010127,0.950769231
3435,OK,,203.157895,10.5752368,133,123.6,133,52.020076,0.883254603,0.769337671,0.004754154,0.011375316,0.968231644,0.417936008,0.929323308
3436,OK,,203.157895,10.5752368,136,123.6,136,53.1934612,0.479472349,1.12560309,0.006906373,0.006135383,0.9698257,1.12566298,0.908823529
3437,OK,,203.157895,10.5752368,139,123.6,139,54.3668464,0.185643334,1.793963,0.010917006,0.002354768,0.963587987,4.63612895,0.889208633
3438,OK,,203.157895,10.5752368,142,123.6,142,55.5402315,0.074278383,2.68647172,0.016198781,0.000930782,0.950292787,17.4034079,0.870422535
3439,OK,,203.157895,10.5752368,145,123.6,145,56.7136167,0.031740934,3.78580773,0.0226021,0.000392405,0.932687265,57.5989469,0.852413793
3440,OK,,203.157895,10.5752368,148,123.6,148,57.8870019,0.01550057,4.95032968,0.029253486,0.000188972,0.914215107,154.803563,0.835135135
3441,OK,,203.157895,10.5752368,151,123.6,151,59.0603871,0.00854037,6.12289811,0.035809923,0.000102666,0.896183571,348.798786,0.818543046
3442,OK,,203.157895,10.5752368,154,123.6,154,60.2337722,0.005160004,7.32291725,0.042380343,6.12E-05,0.878339394,692.884019,0.802597403
3443,OK,,203.157895,10.5752368,157,123.6,157,61.4071574,0.003203591,8.51799727,0.048779267,3.74E-05,0.861234403,1302.58394,0.787261146
3444,OK,,203.157895,10.5752368,160,123.6,160,62.5805426,0.002108547,9.73790478,0.055172679,2.43E-05,0.844360357,2269.77072,0.7725
3445,OK,,203.157895,11.0642842,121,123.6,121,47.3265353,3.06477324,0.248737454,0.001568724,0.039950519,0.929986198,0.039266667,1.0214876
3446,OK,,203.157895,11.0642842,124,123.6,124,48.4999205,2.50618634,0.31368041,0.001967889,0.03257467,0.941858322,0.060411626,0.996774194
3447,OK,,203.157895,11.0642842,127,123.6,127,49.6733057,1.97234797,0.402277597,0.002509588,0.025546452,0.952195137,0.098236273,0.973228346
3448,OK,,203.157895,11.0642842,130,123.6,130,50.8466908,1.45327817,0.532803044,0.003304166,0.018749477,0.960939814,0.176227127,0.950769231
3449,OK,,203.157895,11.0642842,133,123.6,133,52.020076,0.96753714,0.731332158,0.004506559,0.012424062,0.967342045,0.362728352,0.929323308
3450,OK,,203.157895,11.0642842,136,123.6,136,53.1934612,0.545031761,1.05913458,0.006481178,0.006956448,0.969842791,0.931679206,0.908823529
3451,OK,,203.157895,11.0642842,139,123.6,139,54.3668464,0.241980699,1.61783773,0.009822243,0.003062494,0.965791313,3.20726971,0.889208633
3452,OK,,203.157895,11.0642842,142,123.6,142,55.5402315,0.090605257,2.50814694,0.015089879,0.001133647,0.953209554,13.3109103,0.870422535
3453,Errors,,203.157895,11.0642842,145,123.6,145,56.7136167,0.020439261,5.74521465,0.033905873,0.000249376,0.898337397,135.962636,0.852413793
3454,OK,,203.157895,11.0642842,148,123.6,148,57.8870019,0.017771787,4.76050253,0.028072996,0.000216396,0.917455143,129.729471,0.835135135
3455,OK,,203.157895,11.0642842,151,123.6,151,59.0603871,0.009529448,5.95282865,0.034736883,0.000114377,0.89904641,303.703839,0.818543046
3456,OK,,203.157895,11.0642842,154,123.6,154,60.2337722,0.005660465,7.12852949,0.041174173,6.70E-05,0.881558307,614.330441,0.802597403
3457,OK,,203.157895,11.0642842,157,123.6,157,61.4071574,0.003537599,8.34259464,0.047679641,4.13E-05,0.864085351,1154.41031,0.787261146
3458,OK,,203.157895,11.0642842,160,123.6,160,62.5805426,0.002232972,9.62647651,0.054421277,2.57E-05,0.846138926,2116.86638,0.7725
3459,OK,,203.157895,11.5533316,121,123.6,121,47.3265353,3.16097669,0.242856586,0.001526919,0.041069441,0.9280777,0.037178966,1.0214876
3460,OK,,203.157895,11.5533316,124,123.6,124,48.4999205,2.60850321,0.304548974,0.001904777,0.033790485,0.93993697,0.05637023,0.996774194
3461,OK,,203.157895,11.5533316,127,123.6,127,49.6733057,2.08343793,0.387242919,0.002408512,0.026891133,0.950261397,0.089565295,0.973228346
3462,OK,,203.157895,11.5533316,130,123.6,130,50.8466908,1.54778409,0.510383647,0.003155906,0.019905637,0.959522091,0.158543303,0.950769231
3463,OK,,203.157895,11.5533316,133,123.6,133,52.020076,1.05456747,0.696380138,0.004279052,0.01350116,0.966340926,0.316939585,0.929323308
3464,OK,,203.157895,11.5533316,136,123.6,136,53.1934612,0.618113409,0.995776759,0.006077092,0.007868051,0.96965999,0.772375691,0.908823529
3465,OK,,203.157895,11.5533316,139,123.6,139,54.3668464,0.285468667,1.51200856,0.009156857,0.003605311,0.96693799,2.53982449,0.889208633
3466,OK,,203.157895,11.5533316,142,123.6,142,55.5402315,0.11012398,2.33274134,0.014003207,0.001375696,0.956016292,10.1789968,0.870422535
3467,OK,,203.157895,11.5533316,145,123.6,145,56.7136167,0.044911402,3.3816189,0.020104266,0.000553792,0.939581876,36.3029491,0.852413793
3468,OK,,203.157895,11.5533316,148,123.6,148,57.8870019,0.020417516,4.56901035,0.026877806,0.000248103,0.920717472,108.333343,0.835135135
3469,OK,,203.157895,11.5533316,151,123.6,151,59.0603871,0.011069609,5.72057194,0.033323264,0.000132767,0.902952862,250.991154,0.818543046
3470,OK,,203.157895,11.5533316,154,123.6,154,60.2337722,0.006744506,6.93038136,0.039944388,7.97E-05,0.884829961,500.933119,0.802597403
3471,OK,,203.157895,11.5533316,157,123.6,157,61.4071574,0.003994547,8.10644006,0.046247308,4.66E-05,0.867923627,992.540872,0.787261146
3472,OK,,203.157895,11.5533316,160,123.6,160,62.5805426,0.002600956,9.31439189,0.052581575,2.99E-05,0.851119973,1757.23297,0.7725
3473,OK,,203.157895,12.0423789,121,123.6,121,47.3265353,3.25961269,0.23710621,0.001486168,0.042210293,0.926115046,0.035208674,1.0214876
3474,OK,,203.157895,12.0423789,124,123.6,124,48.4999205,2.70704503,0.296277674,0.001847414,0.034951428,0.938075719,0.052856618,0.996774194
3475,OK,,203.157895,12.0423789,127,123.6,127,49.6733057,2.17423213,0.375920965,0.002331143,0.027975189,0.948661498,0.083328951,0.973228346
3476,OK,,203.157895,12.0423789,130,123.6,130,50.8466908,1.64042805,0.491632397,0.003031086,0.021031059,0.958068846,0.144124273,0.950769231
3477,OK,,203.157895,12.0423789,133,123.6,133,52.020076,1.13973946,0.665739525,0.004079186,0.01454839,0.96529265,0.280387452,0.929323308
3478,OK,,203.157895,12.0423789,136,123.6,136,53.1934612,0.693056877,0.939924865,0.005720689,0.008797971,0.969301081,0.650228205,0.908823529
3479,OK,,203.157895,12.0423789,139,123.6,139,54.3668464,0.338983564,1.40612342,0.008494251,0.004271456,0.967901265,1.98860786,0.889208633
3480,OK,,203.157895,12.0423789,142,123.6,142,55.5402315,0.132128644,2.17138352,0.013004897,0.001647878,0.958525341,7.89190441,0.870422535
3481,OK,,203.157895,12.0423789,145,123.6,145,56.7136167,0.053522512,3.20180487,0.018993998,0.000659075,0.942600603,28.8191928,0.852413793
3482,OK,,203.157895,12.0423789,148,123.6,148,57.8870019,0.024523754,4.32668186,0.0254124,0.000297902,0.924832769,85.3045737,0.835135135
3483,OK,,203.157895,12.0423789,151,123.6,151,59.0603871,0.012824855,5.49581996,0.031946393,0.000153582,0.906728603,208.0091,0.818543046
3484,OK,,203.157895,12.0423789,154,123.6,154,60.2337722,0.007962584,6.71995468,0.038654756,9.40E-05,0.888303239,411.126074,0.802597403
3485,OK,,203.157895,12.0423789,157,123.6,157,61.4071574,0.00448414,7.89325995,0.044947166,5.23E-05,0.871387238,860.227341,0.787261146
3486,OK,,203.157895,12.0423789,160,123.6,160,62.5805426,0.002915182,9.09155985,0.051231813,3.35E-05,0.854675676,1529.12599,0.7725
3487,OK,,203.157895,12.5314263,121,123.6,121,47.3265353,3.36297922,0.231344622,0.00144558,0.043401426,0.924052673,0.033307199,1.0214876
3488,OK,,203.157895,12.5314263,124,123.6,124,48.4999205,2.80937823,0.288135508,0.001791184,0.036151469,0.936133633,0.049546657,0.996774194
3489,OK,,203.157895,12.5314263,127,123.6,127,49.6733057,2.26422439,0.365364142,0.002258967,0.029042941,0.947062341,0.077780235,0.973228346
3490,OK,,203.157895,12.5314263,130,123.6,130,50.8466908,1.73728663,0.473512774,0.002910846,0.022201898,0.956520289,0.131107994,0.950769231
3491,OK,,203.157895,12.5314263,133,123.6,133,52.020076,1.23178987,0.635806102,0.003884713,0.015675255,0.964098554,0.247824541,0.929323308
3492,OK,,203.157895,12.5314263,136,123.6,136,53.1934612,0.772688923,0.888337849,0.005392003,0.009781462,0.968773854,0.551247086,0.908823529
3493,OK,,203.157895,12.5314263,139,123.6,139,54.3668464,0.397720593,1.31132279,0.007901475,0.004999786,0.968564603,1.58036273,0.889208633
3494,OK,,203.157895,12.5314263,142,123.6,142,55.5402315,0.158776042,2.02672219,0.012110312,0.001976808,0.960650178,6.12619624,0.870422535
3495,OK,,203.157895,12.5314263,145,123.6,145,56.7136167,0.063677764,3.0089263,0.017811745,0.00078306,0.945822463,22.7463398,0.852413793
3496,OK,,203.157895,12.5314263,148,123.6,148,57.8870019,0.028645975,4.12544587,0.024180709,0.000347553,0.928237917,69.5742187,0.835135135
3497,OK,,203.157895,12.5314263,151,123.6,151,59.0603871,0.014709884,5.29229425,0.030707352,0.000176026,0.910142747,174.447741,0.818543046
3498,OK,,203.157895,12.5314263,154,123.6,154,60.2337722,0.008285076,6.48379286,0.037235942,9.78E-05,0.892218639,380.81513,0.802597403
3499,OK,,203.157895,12.5314263,157,123.6,157,61.4071574,0.005048834,7.67726334,0.043635899,5.88E-05,0.874895493,742.50295,0.787261146
3500,OK,,203.157895,12.5314263,160,123.6,160,62.5805426,0.003245226,8.88139797,0.049956075,3.73E-05,0.858028665,1340.77805,0.7725
3501,OK,,203.157895,13.0204737,121,123.6,121,47.3265353,3.46404921,0.22599319,0.001407794,0.044556359,0.92203016,0.031595809,1.0214876
3502,OK,,203.157895,13.0204737,124,123.6,124,48.4999205,2.9090329,0.280621195,0.001739184,0.037310568,0.934233828,0.046613702,0.996774194
3503,OK,,203.157895,13.0204737,127,123.6,127,49.6733057,2.3626175,0.354454608,0.002184983,0.030206705,0.945301162,0.072334362,0.973228346
3504,OK,,203.157895,13.0204737,130,123.6,130,50.8466908,1.83283653,0.457004412,0.002801159,0.023348896,0.954965782,0.119969652,0.950769231
3505,OK,,203.157895,13.0204737,133,123.6,133,52.020076,1.32157309,0.609424055,0.003712934,0.01676691,0.962879771,0.221444154,0.929323308
3506,OK,,203.157895,13.0204737,136,123.6,136,53.1934612,0.857240667,0.840480419,0.005087545,0.010820505,0.968084027,0.470176298,0.908823529
3507,OK,,203.157895,13.0204737,139,123.6,139,54.3668464,0.464094338,1.22288139,0.007349445,0.005819109,0.968970506,1.26298459,0.889208633
3508,OK,,203.157895,13.0204737,142,123.6,142,55.5402315,0.193867488,1.8773328,0.011191604,0.002409203,0.962708109,4.64535623,0.870422535
3509,OK,,203.157895,13.0204737,145,123.6,145,56.7136167,0.075977301,2.82764708,0.016702348,0.000932986,0.948801989,17.9020387,0.852413793
3510,OK,,203.157895,13.0204737,148,123.6,148,57.8870019,0.032985012,3.94800409,0.023091554,0.000399693,0.931228273,57.7732621,0.835135135
3511,OK,,203.157895,13.0204737,151,123.6,151,59.0603871,0.016879515,5.09126969,0.029480533,0.00020174,0.913509724,146.131167,0.818543046
3512,OK,,203.157895,13.0204737,154,123.6,154,60.2337722,0.009457939,6.26821969,0.035929006,0.000111499,0.895778109,322.235972,0.802597403
3513,OK,,203.157895,13.0204737,157,123.6,157,61.4071574,0.005693775,7.4608595,0.0423269,6.62E-05,0.878409072,639.324185,0.787261146
3514,OK,,203.157895,13.0204737,160,123.6,160,62.5805426,0.00360686,8.66656731,0.048659031,4.14E-05,0.861455753,1176.23316,0.7725
3515,OK,,203.157895,13.5095211,121,123.6,121,47.3265353,3.56584625,0.220848161,0.001371512,0.045712138,0.919987922,0.030003238,1.0214876
3516,OK,,203.157895,13.5095211,124,123.6,124,48.4999205,3.00925375,0.273486177,0.001689829,0.038468727,0.93231453,0.043927332,0.996774194
3517,OK,,203.157895,13.5095211,127,123.6,127,49.6733057,2.4617036,0.344126522,0.002114995,0.031371234,0.943514327,0.067418278,0.973228346
3518,OK,,203.157895,13.5095211,130,123.6,130,50.8466908,1.92669685,0.441956684,0.002701024,0.024467789,0.953415778,0.110391013,0.950769231
3519,OK,,203.157895,13.5095211,133,123.6,133,52.020076,1.41361559,0.583118784,0.003542559,0.017879766,0.961616081,0.198132269,0.929323308
3520,OK,,203.157895,13.5095211,136,123.6,136,53.1934612,0.936090357,0.801156077,0.004836186,0.011782807,0.967340978,0.410444302,0.908823529
3521,OK,,203.157895,13.5095211,139,123.6,139,54.3668464,0.525423672,1.15433506,0.00691961,0.006572647,0.969103252,1.05278894,0.889208633
3522,OK,,203.157895,13.5095211,142,123.6,142,55.5402315,0.23346263,1.74557219,0.010381418,0.002895561,0.964367545,3.58528787,0.870422535
3523,OK,,203.157895,13.5095211,145,123.6,145,56.7136167,0.092821921,2.63907855,0.015554906,0.00113814,0.951829902,13.6669574,0.852413793
3524,OK,,203.157895,13.5095211,148,123.6,148,57.8870019,0.039559971,3.73093186,0.021777848,0.000478765,0.934864621,45.4875788,0.835135135
3525,OK,,203.157895,13.5095211,151,123.6,151,59.0603871,0.0191402,4.92476317,0.028447125,0.000228376,0.916290705,124.562939,0.818543046
3526,OK,,203.157895,13.5095211,154,123.6,154,60.2337722,0.010868569,6.05538337,0.034638239,0.000127978,0.899288195,270.657399,0.802597403
3527,OK,,203.157895,13.5095211,157,123.6,157,61.4071574,0.006509326,7.23160331,0.040948333,7.56E-05,0.88212917,541.599487,0.787261146
3528,OK,,203.157895,13.5095211,160,123.6,160,62.5805426,0.004066501,8.45025912,0.047356452,4.66E-05,0.864904885,1016.42164,0.7725
3529,OK,,203.157895,13.9985684,121,123.6,121,47.3265353,3.66449501,0.21609666,0.001337897,0.046822682,0.918003893,0.028573698,1.0214876
3530,OK,,203.157895,13.9985684,124,123.6,124,48.4999205,3.1051077,0.267020211,0.001644906,0.039566752,0.930471476,0.04157294,0.996774194
3531,OK,,203.157895,13.9985684,127,123.6,127,49.6733057,2.56736712,0.334343092,0.002048718,0.032608005,0.941584113,0.062828675,0.973228346
3532,OK,,203.157895,13.9985684,130,123.6,130,50.8466908,2.02329771,0.427506252,0.002605084,0.02561319,0.951800129,0.10170869,0.950769231
3533,OK,,203.157895,13.9985684,133,123.6,133,52.020076,1.50924069,0.559729349,0.003390756,0.019029793,0.96022747,0.178181447,0.929323308
3534,OK,,203.157895,13.9985684,136,123.6,136,53.1934612,1.02396807,0.761990526,0.004587068,0.012851092,0.966425223,0.356939945,0.908823529
3535,OK,,203.157895,13.9985684,139,123.6,139,54.3668464,0.599921225,1.08299007,0.006474952,0.007484714,0.969045265,0.865090139,0.889208633
3536,OK,,203.157895,13.9985684,142,123.6,142,55.5402315,0.277972212,1.62980823,0.009667886,0.003439112,0.965650477,2.81115777,0.870422535
3537,OK,,203.157895,13.9985684,145,123.6,145,56.7136167,0.111200754,2.46905169,0.014520681,0.001361408,0.954503828,10.6659312,0.852413793
3538,OK,,203.157895,13.9985684,148,123.6,148,57.8870019,0.047284266,3.53391799,0.020581044,0.00057144,0.938134605,36.0160913,0.835135135
3539,OK,,203.157895,13.9985684,151,123.6,151,59.0603871,0.02283179,4.67852497,0.026979485,0.000272235,0.920397461,99.1036283,0.818543046
3540,OK,,203.157895,13.9985684,154,123.6,154,60.2337722,0.01234091,5.85254033,0.033412708,0.000145153,0.902631347,230.18988,0.802597403
3541,OK,,203.157895,13.9985684,157,123.6,157,61.4071574,0.007264141,7.04610686,0.03982006,8.43E-05,0.88513764,472.469755,0.787261146
3542,OK,,203.157895,13.9985684,160,123.6,160,62.5805426,0.004572973,8.22530888,0.046013301,5.23E-05,0.868491363,879.106202,0.7725
3543,OK,,203.157895,14.4876158,121,123.6,121,47.3265353,3.76990922,0.211215627,0.001303656,0.048006092,0.915879647,0.027156046,1.0214876
3544,OK,,203.157895,14.4876158,124,123.6,124,48.4999205,3.21064086,0.260204562,0.001598056,0.040773511,0.92843606,0.039193495,0.996774194
3545,OK,,203.157895,14.4876158,127,123.6,127,49.6733057,2.66079622,0.325730219,0.001990033,0.033688703,0.939876632,0.059071234,0.973228346
3546,OK,,203.157895,14.4876158,130,123.6,130,50.8466908,2.12127288,0.413825037,0.00251435,0.026767894,0.950142322,0.093931546,0.950769231
3547,OK,,203.157895,14.4876158,133,123.6,133,52.020076,1.59932348,0.539555797,0.003259238,0.020104781,0.95888358,0.162112605,0.929323308
3548,OK,,203.157895,14.4876158,136,123.6,136,53.1934612,1.10888971,0.72818396,0.004371437,0.013876685,0.965464295,0.315020235,0.908823529
3549,OK,,203.157895,14.4876158,139,123.6,139,54.3668464,0.671332445,1.02440354,0.006108502,0.008353847,0.968809374,0.731220263,0.889208633
3550,OK,,203.157895,14.4876158,142,123.6,142,55.5402315,0.330094359,1.51764501,0.008982095,0.004076687,0.966731515,2.20328278,0.870422535
3551,OK,,203.157895,14.4876158,145,123.6,145,56.7136167,0.134331682,2.30893636,0.013545638,0.001641707,0.956919199,8.25094958,0.852413793
3552,OK,,203.157895,14.4876158,148,123.6,148,57.8870019,0.056621678,3.34021742,0.019412588,0.000683383,0.941319485,28.4066049,0.835135135
3553,OK,,203.157895,14.4876158,151,123.6,151,59.0603871,0.026518409,4.47085564,0.025730811,0.00031582,0.92385126,81.4731181,0.818543046
3554,OK,,203.157895,14.4876158,154,123.6,154,60.2337722,0.014108243,5.64216548,0.032149477,0.000165755,0.906094646,193.957974,0.802597403
3555,OK,,203.157895,14.4876158,157,123.6,157,61.4071574,0.008180576,6.8318489,0.038536927,9.48E-05,0.888611853,406.456296,0.787261146
3556,OK,,203.157895,14.4876158,160,123.6,160,62.5805426,0.004968762,8.06884578,0.045047845,5.68E-05,0.870985226,792.986235,0.7725
3557,OK,,203.157895,14.9766632,121,123.6,121,47.3265353,3.87075137,0.206760232,0.001272255,0.049127406,0.913843015,0.025897052,1.0214876
3558,OK,,203.157895,14.9766632,124,123.6,124,48.4999205,3.31101993,0.254064054,0.001555638,0.041910664,0.926492993,0.037117959,0.996774194
3559,OK,,203.157895,14.9766632,127,123.6,127,49.6733057,2.75406353,0.317577485,0.00193449,0.034760654,0.938163145,0.055651727,0.973228346
3560,OK,,203.157895,14.9766632,130,123.6,130,50.8466908,2.21829004,0.401159791,0.002430289,0.027903622,0.948483376,0.087095834,0.950769231
3561,OK,,203.157895,14.9766632,133,123.6,133,52.020076,1.68746925,0.521309157,0.00314004,0.02114933,0.957539885,0.148469955,0.929323308
3562,OK,,203.157895,14.9766632,136,123.6,136,53.1934612,1.19859919,0.695954519,0.004166366,0.01495484,0.964383711,0.278596459,0.908823529
3563,OK,,203.157895,14.9766632,139,123.6,139,54.3668464,0.747367384,0.970009685,0.005768792,0.009275074,0.968411317,0.621967256,0.889208633
3564,OK,,203.157895,14.9766632,142,123.6,142,55.5402315,0.386098415,1.42711116,0.008423286,0.004756845,0.967353223,1.77077176,0.870422535
3565,OK,,203.157895,14.9766632,145,123.6,145,56.7136167,0.162348919,2.14798604,0.012573216,0.001980743,0.959263135,6.34772599,0.852413793
3566,OK,,203.157895,14.9766632,148,123.6,148,57.8870019,0.066692306,3.14962424,0.018266732,0.000803855,0.944438018,22.7239272,0.835135135
3567,OK,,203.157895,14.9766632,151,123.6,151,59.0603871,0.030872124,4.26732188,0.024508378,0.00036717,0.927223741,66.7493815,0.818543046
3568,OK,,203.157895,14.9766632,154,123.6,154,60.2337722,0.015781533,5.46874555,0.031088484,0.000185067,0.90894598,167.984595,0.802597403
3569,OK,,203.157895,14.9766632,157,123.6,157,61.4071574,0.009312687,6.60906342,0.037211276,0.000107819,0.892221422,345.128842,0.787261146
3570,OK,,203.157895,14.9766632,160,123.6,160,62.5805426,0.005679804,7.81854345,0.043575142,6.49E-05,0.874973547,671.699761,0.7725
3571,OK,,203.157895,15.4657105,121,123.6,121,47.3265353,3.97405709,0.2023571,0.001241351,0.050270058,0.911753223,0.024693651,1.0214876
3572,OK,,203.157895,15.4657105,124,123.6,124,48.4999205,3.41205087,0.248171825,0.00151498,0.043047901,0.924531367,0.035192888,0.996774194
3573,OK,,203.157895,15.4657105,127,123.6,127,49.6733057,2.85978557,0.308754867,0.001875139,0.035974611,0.93621241,0.052123962,0.973228346
3574,OK,,203.157895,15.4657105,130,123.6,130,50.8466908,2.31688584,0.389082057,0.002350242,0.029051022,0.946781829,0.0809005,0.950769231
3575,OK,,203.157895,15.4657105,133,123.6,133,52.020076,1.79085173,0.501399277,0.003011468,0.022372774,0.955935262,0.13460414,0.929323308
3576,OK,,203.157895,15.4657105,136,123.6,136,53.1934612,1.2875241,0.667061313,0.003982299,0.016016941,0.963255156,0.248630465,0.908823529
3577,OK,,203.157895,15.4657105,139,123.6,139,54.3668464,0.828690652,0.924548014,0.00548247,0.010254417,0.967751695,0.534644798,0.889208633
3578,OK,,203.157895,15.4657105,142,123.6,142,55.5402315,0.447762948,1.33648746,0.00786867,0.005503511,0.967874631,1.42975462,0.870422535
3579,OK,,203.157895,15.4657105,145,123.6,145,56.7136167,0.191585251,2.01821922,0.011786309,0.002333345,0.961035734,5.05124899,0.852413793
3580,OK,,203.157895,15.4657105,148,123.6,148,57.8870019,0.078875699,2.96020974,0.017132265,0.000949398,0.947499692,18.0453996,0.835135135
3581,OK,,203.157895,15.4657105,151,123.6,151,59.0603871,0.035252561,4.09197893,0.023448085,0.000418573,0.930118448,56.0190462,0.818543046
3582,OK,,203.157895,15.4657105,154,123.6,154,60.2337722,0.018473728,5.23099535,0.029690608,0.000216553,0.912848409,137.105473,0.802597403
3583,OK,,203.157895,15.4657105,157,123.6,157,61.4071574,0.010498612,6.40664574,0.03600261,0.000121416,0.89549843,296.523576,0.787261146
3584,OK,,203.157895,15.4657105,160,123.6,160,62.5805426,0.006381215,7.60227563,0.042292554,7.28E-05,0.878418171,580.873382,0.7725
3585,OK,,203.157895,15.9547579,121,123.6,121,47.3265353,4.07984011,0.198058895,0.001211267,0.051434341,0.90960887,0.023549777,1.0214876
3586,OK,,203.157895,15.9547579,124,123.6,124,48.4999205,3.51479699,0.242447947,0.001475581,0.04419818,0.922530905,0.033385564,0.996774194
3587,OK,,203.157895,15.9547579,127,123.6,127,49.6733057,2.962578,0.300654007,0.00182052,0.037145809,0.934306124,0.049010093,0.973228346
3588,OK,,203.157895,15.9547579,130,123.6,130,50.8466908,2.41500609,0.378437211,0.002279283,0.030185537,0.945061453,0.075509121,0.950769231
3589,OK,,203.157895,15.9547579,133,123.6,133,52.020076,1.88353741,0.484962385,0.002904449,0.023459142,0.954469505,0.123808818,0.929323308
3590,OK,,203.157895,15.9547579,136,123.6,136,53.1934612,1.38481484,0.642154378,0.003822055,0.017171642,0.961894391,0.222579491,0.908823529
3591,OK,,203.157895,15.9547579,139,123.6,139,54.3668464,0.917119407,0.875477113,0.005177396,0.011314881,0.967027763,0.457574076,0.889208633
3592,OK,,203.157895,15.9547579,142,123.6,142,55.5402315,0.512660885,1.25624806,0.007377571,0.006285916,0.968150854,1.17366676,0.870422535
3593,OK,,203.157895,15.9547579,145,123.6,145,56.7136167,0.233477234,1.86744474,0.010881065,0.002838076,0.962955599,3.83395766,0.852413793
3594,OK,,203.157895,15.9547579,148,123.6,148,57.8870019,0.093842259,2.78285684,0.016071605,0.001127934,0.950304922,14.2487106,0.835135135
3595,OK,,203.157895,15.9547579,151,123.6,151,59.0603871,0.041953985,3.87387634,0.022160627,0.000497829,0.933697855,44.5144936,0.818543046
3596,OK,,203.157895,15.9547579,154,123.6,154,60.2337722,0.021229643,5.02362735,0.028458171,0.000248576,0.916245375,114.484882,0.802597403
3597,OK,,203.157895,15.9547579,157,123.6,157,61.4071574,0.011846757,6.2049802,0.034800768,0.000136839,0.898760548,254.319049,0.787261146
3598,OK,,203.157895,15.9547579,160,123.6,160,62.5805426,0.007166925,7.38946565,0.041033205,8.17E-05,0.881806193,502.314743,0.7725
3599,OK,,203.157895,16.4438053,121,123.6,121,47.3265353,4.17921625,0.19421403,0.001184144,0.052515586,0.907590314,0.022548431,1.0214876
3600,OK,,203.157895,16.4438053,124,123.6,124,48.4999205,3.61605673,0.237069796,0.001438511,0.045322887,0.920553962,0.031739181,0.996774194
3601,OK,,203.157895,16.4438053,127,123.6,127,49.6733057,3.06041995,0.293365015,0.001771131,0.038250352,0.932483153,0.046303662,0.973228346
3602,OK,,203.157895,16.4438053,130,123.6,130,50.8466908,2.51363243,0.367735476,0.002208375,0.031318573,0.943332243,0.070513286,0.950769231
3603,OK,,203.157895,16.4438053,133,123.6,133,52.020076,1.97687393,0.469533029,0.002804023,0.024546426,0.952971869,0.114233431,0.929323308
3604,OK,,203.157895,16.4438053,136,123.6,136,53.1934612,1.47120462,0.618803588,0.003672875,0.01819029,0.960709302,0.201914055,0.908823529
3605,OK,,203.157895,16.4438053,139,123.6,139,54.3668464,0.9917516,0.838931185,0.004948099,0.012204225,0.966327221,0.405441529,0.889208633
3606,OK,,203.157895,16.4438053,142,123.6,142,55.5402315,0.582905309,1.18236645,0.006925971,0.007129172,0.968216341,0.971497338,0.870422535
3607,OK,,203.157895,16.4438053,145,123.6,145,56.7136167,0.274580092,1.75027166,0.010174327,0.003331171,0.964296903,3.0542797,0.852413793
3608,OK,,203.157895,16.4438053,148,123.6,148,57.8870019,0.112579435,2.60653713,0.015021169,0.001351118,0.953027165,11.1175817,0.835135135
3609,OK,,203.157895,16.4438053,151,123.6,151,59.0603871,0.049418486,3.67355786,0.0209723,0.000585666,0.936963225,35.8093281,0.818543046
3610,OK,,203.157895,16.4438053,154,123.6,154,60.2337722,0.024487903,4.81813571,0.027240707,0.000286395,0.91960285,95.1158675,0.802597403
3611,OK,,203.157895,16.4438053,157,123.6,157,61.4071574,0.013481434,5.99316417,0.033547794,0.000155539,0.902183298,215.687397,0.787261146
3612,OK,,203.157895,16.4438053,160,123.6,160,62.5805426,0.008068384,7.17800536,0.039785284,9.19E-05,0.885170798,433.079988,0.7725
3613,OK,,203.157895,16.9328526,121,123.6,121,47.3265353,4.2822732,0.190372276,0.001157187,0.05363233,0.905493917,0.021576296,1.0214876
3614,OK,,203.157895,16.9328526,124,123.6,124,48.4999205,3.71744809,0.231914125,0.001403003,0.04644168,0.918569718,0.030209993,0.996774194
3615,OK,,203.157895,16.9328526,127,123.6,127,49.6733057,3.1601407,0.286287897,0.001723293,0.039369877,0.930618095,0.043771875,0.973228346
3616,OK,,203.157895,16.9328526,130,123.6,130,50.8466908,2.61132059,0.357740294,0.002142103,0.032433193,0.941607589,0.066046614,0.950769231
3617,OK,,203.157895,16.9328526,133,123.6,133,52.020076,2.07859732,0.456570791,0.002718262,0.025724119,0.951265582,0.105669778,0.929323308
3618,OK,,203.157895,16.9328526,136,123.6,136,53.1934612,1.56266209,0.59598802,0.003527595,0.019263446,0.959418882,0.183123792,0.908823529
3619,OK,,203.157895,16.9328526,139,123.6,139,54.3668464,1.0830433,0.798459193,0.004696642,0.013288323,0.965392466,0.353441243,0.889208633
3620,OK,,203.157895,16.9328526,142,123.6,142,55.5402315,0.651611199,1.12016014,0.00654469,0.007949494,0.968099317,0.823283891,0.870422535
3621,OK,,203.157895,16.9328526,145,123.6,145,56.7136167,0.321806985,1.63981163,0.009509563,0.003896058,0.965411858,2.4408165,0.852413793
3622,OK,,203.157895,16.9328526,148,123.6,148,57.8870019,0.134493596,2.44236704,0.01404452,0.001611596,0.955484642,8.71466401,0.835135135
3623,OK,,203.157895,16.9328526,151,123.6,151,59.0603871,0.058747804,3.48196306,0.019837861,0.000695324,0.940049312,28.5304043,0.818543046
3624,OK,,203.157895,16.9328526,154,123.6,154,60.2337722,0.028183377,4.61851207,0.026060568,0.000329228,0.922855646,79.1565822,0.802597403
3625,OK,,203.157895,16.9328526,157,123.6,157,61.4071574,0.015339361,5.78537998,0.032326052,0.000176815,0.905536755,182.82414,0.787261146
3626,OK,,203.157895,16.9328526,160,123.6,160,62.5805426,0.008720598,7.03574836,0.038898067,9.91E-05,0.887433559,392.650594,0.7725
3627,OK,,203.157895,17.4219,121,123.6,121,47.3265353,4.38815175,0.186568822,0.001130621,0.054775163,0.903337091,0.020641118,1.0214876
3628,OK,,203.157895,17.4219,124,123.6,124,48.4999205,3.82183958,0.2268193,0.001368067,0.047588862,0.916522361,0.028747639,0.996774194
3629,OK,,203.157895,17.4219,127,123.6,127,49.6733057,3.26151788,0.279423484,0.001677012,0.040502317,0.928715407,0.041405342,0.973228346
3630,OK,,203.157895,17.4219,130,123.6,130,50.8466908,2.7113034,0.34804808,0.002078018,0.033568448,0.939831847,0.061903891,0.950769231
3631,OK,,203.157895,17.4219,133,123.6,133,52.020076,2.17491503,0.443307286,0.002631782,0.026833382,0.949669003,0.098078669,0.929323308
3632,OK,,203.157895,17.4219,136,123.6,136,53.1934612,1.65774557,0.574087066,0.003388501,0.020373855,0.958043102,0.16631616,0.908823529
3633,OK,,203.157895,17.4219,139,123.6,139,54.3668464,1.16741588,0.764955484,0.004487438,0.014283593,0.964456806,0.314167318,0.889208633
3634,OK,,203.157895,17.4219,142,123.6,142,55.5402315,0.728695889,1.05920367,0.006172584,0.008866592,0.967808929,0.696162032,0.870422535
3635,OK,,203.157895,17.4219,145,123.6,145,56.7136167,0.376289685,1.53466012,0.00887849,0.004545789,0.966305274,1.95312408,0.852413793
3636,OK,,203.157895,17.4219,148,123.6,148,57.8870019,0.15709384,2.30589816,0.013230151,0.00187942,0.957451726,7.03948513,0.835135135
3637,OK,,203.157895,17.4219,151,123.6,151,59.0603871,0.068719826,3.29144927,0.018714172,0.000812297,0.943106213,23.0385849,0.818543046
3638,OK,,203.157895,17.4219,154,123.6,154,60.2337722,0.032825549,4.40682909,0.024817975,0.000383013,0.926292934,64.7966964,0.802597403
3639,OK,,203.157895,17.4219,157,123.6,157,61.4071574,0.017389677,5.58599965,0.031148283,0.000200168,0.908750224,155.61073,0.787261146
3640,OK,,203.157895,17.4219,160,123.6,160,62.5805426,0.010262497,6.74496065,0.037248089,0.000116603,0.892055536,319.442617,0.7725
3641,OK,,208.421053,8.13,121,123.6,121,47.3265353,2.47150401,0.322646965,0.00207301,0.032873261,0.940960162,0.063060669,1.0214876
3642,OK,,208.421053,8.13,124,123.6,124,48.4999205,1.93768085,0.413142797,0.002639492,0.025682399,0.95152933,0.102774368,0.996774194
3643,OK,,208.421053,8.13,127,123.6,127,49.6733057,1.41919847,0.546246468,0.003468968,0.018735663,0.960432572,0.185153181,0.973228346
3644,OK,,208.421053,8.13,130,123.6,130,50.8466908,0.9393648,0.748316696,0.004721607,0.012340763,0.96680843,0.382602513,0.950769231
3645,OK,,208.421053,8.13,133,123.6,133,52.020076,0.523471878,1.08461014,0.006795038,0.006833985,0.96908728,0.994301018,0.929323308
3646,OK,,208.421053,8.13,136,123.6,136,53.1934612,0.223048206,1.68224476,0.010453865,0.002886698,0.96418182,3.62139185,0.908823529
3647,OK,,208.421053,8.13,139,123.6,139,54.3668464,0.087096199,2.57575709,0.015858536,0.001113824,0.951020641,14.2379237,0.889208633
3648,OK,,208.421053,8.13,142,123.6,142,55.5402315,0.036194748,3.65750932,0.022294433,0.000456627,0.933494983,48.8242124,0.870422535
3649,OK,,208.421053,8.13,145,123.6,145,56.7136167,0.017464514,4.81433564,0.029043324,0.000217232,0.914803526,133.697229,0.852413793
3650,OK,,208.421053,8.13,148,123.6,148,57.8870019,0.009397405,5.997272,0.035799743,0.000115231,0.896234574,310.677433,0.835135135
3651,OK,,208.421053,8.13,151,123.6,151,59.0603871,0.005549134,7.18507692,0.042435153,6.71E-05,0.878249595,632.612714,0.818543046
3652,OK,,208.421053,8.13,154,123.6,154,60.2337722,0.003480535,8.38234825,0.048975973,4.15E-05,0.860778622,1180.72751,0.802597403
3653,OK,,208.421053,8.13,157,123.6,157,61.4071574,0.002283902,9.61140252,0.055547038,2.68E-05,0.843443552,2069.91215,0.787261146
3654,OK,,208.421053,8.13,160,123.6,160,62.5805426,0.00152844,10.8759966,0.062141043,1.77E-05,0.826183593,3512.14901,0.7725
3655,OK,,208.421053,8.61904737,121,123.6,121,47.3265353,2.57342371,0.313240661,0.002006301,0.034111287,0.939005373,0.058816342,1.0214876
3656,OK,,208.421053,8.61904737,124,123.6,124,48.4999205,2.0303906,0.400213762,0.002549112,0.026824069,0.949884364,0.09503077,0.996774194
3657,OK,,208.421053,8.61904737,127,123.6,127,49.6733057,1.51381609,0.524654988,0.003321912,0.01992008,0.958962444,0.166761967,0.973228346
3658,OK,,208.421053,8.61904737,130,123.6,130,50.8466908,1.02450079,0.712827814,0.004484714,0.013418559,0.965832022,0.334217284,0.950769231
3659,OK,,208.421053,8.61904737,133,123.6,133,52.020076,0.591779572,1.02194425,0.006384898,0.0077052,0.968978826,0.828647889,0.929323308
3660,OK,,208.421053,8.61904737,136,123.6,136,53.1934612,0.271097045,1.55227574,0.009622206,0.003500857,0.965721862,2.74852882,0.908823529
3661,OK,,208.421053,8.61904737,139,123.6,139,54.3668464,0.105616203,2.39022838,0.01468262,0.001348409,0.954092526,10.8888494,0.889208633
3662,OK,,208.421053,8.61904737,142,123.6,142,55.5402315,0.041778226,3.49141453,0.021234343,0.000526357,0.936384983,40.3421218,0.870422535
3663,OK,,208.421053,8.61904737,145,123.6,145,56.7136167,0.018846559,4.62869125,0.027856562,0.000234009,0.918052523,119.040469,0.852413793
3664,OK,,208.421053,8.61904737,148,123.6,148,57.8870019,0.010834943,5.78086041,0.034438411,0.000132701,0.899948258,259.518735,0.835135135
3665,OK,,208.421053,8.61904737,151,123.6,151,59.0603871,0.006228402,6.98895465,0.041190095,7.52E-05,0.881558801,547.823806,0.818543046
3666,OK,,208.421053,8.61904737,154,123.6,154,60.2337722,0.00389021,8.17731407,0.047686458,4.63E-05,0.864175794,1029.68487,0.802597403
3667,OK,,208.421053,8.61904737,157,123.6,157,61.4071574,0.002545036,9.38091044,0.054118314,2.99E-05,0.847192805,1811.5792,0.787261146
3668,OK,,208.421053,8.61904737,160,123.6,160,62.5805426,0.00169934,10.6354332,0.060669482,1.97E-05,0.830024923,3086.42277,0.7725
3669,OK,,208.421053,9.10809474,121,123.6,121,47.3265353,2.67019522,0.30484517,0.00194647,0.03527587,0.937138006,0.05517852,1.0214876
3670,OK,,208.421053,9.10809474,124,123.6,124,48.4999205,2.13092988,0.387077174,0.002457897,0.02805723,0.948082244,0.087602983,0.996774194
3671,OK,,208.421053,9.10809474,127,123.6,127,49.6733057,1.60359215,0.505879842,0.003193499,0.021034974,0.957533086,0.151818543,0.973228346
3672,OK,,208.421053,9.10809474,130,123.6,130,50.8466908,1.11115646,0.680516926,0.004269042,0.014509143,0.964763225,0.294231185,0.950769231
3673,OK,,208.421053,9.10809474,133,123.6,133,52.020076,0.66987264,0.960557045,0.005984798,0.008697271,0.968657684,0.688123742,0.929323308
3674,OK,,208.421053,9.10809474,136,123.6,136,53.1934612,0.318440585,1.45206531,0.008977935,0.004103118,0.966715723,2.18807608,0.908823529
3675,OK,,208.421053,9.10809474,139,123.6,139,54.3668464,0.126623059,2.23372376,0.013689682,0.001614069,0.956584813,8.48146997,0.889208633
3676,OK,,208.421053,9.10809474,142,123.6,142,55.5402315,0.050251645,3.28777449,0.019953008,0.000632254,0.939898952,31.5585334,0.870422535
3677,OK,,208.421053,9.10809474,145,123.6,145,56.7136167,0.023740123,4.40201014,0.02644578,0.000294568,0.921963181,89.778188,0.852413793
3678,OK,,208.421053,9.10809474,148,123.6,148,57.8870019,0.012393555,5.57769265,0.033161339,0.000151618,0.903431064,218.71676,0.835135135
3679,Errors,,208.421053,9.10809474,151,123.6,151,59.0603871,0.013706183,6.33318791,0.036748606,0.000165477,0.892535515,222.076627,0.818543046
3680,OK,,208.421053,9.10809474,154,123.6,154,60.2337722,0.004375932,7.96242948,0.046345451,5.20E-05,0.86773524,890.606693,0.802597403
3681,OK,,208.421053,9.10809474,157,123.6,157,61.4071574,0.002794208,9.19882188,0.052961343,3.28E-05,0.850154013,1616.74236,0.787261146
3682,OK,,208.421053,9.10809474,160,123.6,160,62.5805426,0.002012252,10.4615811,0.059577559,2.33E-05,0.832797976,2560.89244,0.7725
3683,OK,,208.421053,9.59714211,121,123.6,121,47.3265353,2.77984016,0.295670643,0.001881985,0.036593862,0.935015087,0.051428993,1.0214876
3684,OK,,208.421053,9.59714211,124,123.6,124,48.4999205,2.22981663,0.375013563,0.002374033,0.029261497,0.946292073,0.08113163,0.996774194
3685,OK,,208.421053,9.59714211,127,123.6,127,49.6733057,1.69975623,0.486081302,0.003059367,0.022224027,0.955995731,0.137660327,0.973228346
3686,OK,,208.421053,9.59714211,130,123.6,130,50.8466908,1.20018536,0.650629336,0.004069725,0.015623412,0.963600095,0.260488902,0.950769231
3687,OK,,208.421053,9.59714211,133,123.6,133,52.020076,0.744689286,0.909854544,0.005653167,0.009641839,0.968194129,0.586316201,0.929323308
3688,OK,,208.421053,9.59714211,136,123.6,136,53.1934612,0.376371768,1.3500151,0.00832551,0.004837991,0.96754513,1.72086114,0.908823529
3689,OK,,208.421053,9.59714211,139,123.6,139,54.3668464,0.152051481,2.08095588,0.012723497,0.001934853,0.958927039,6.57595099,0.889208633
3690,OK,,208.421053,9.59714211,142,123.6,142,55.5402315,0.06130078,3.07534872,0.018624282,0.000770208,0.943524731,24.1808546,0.870422535
3691,OK,,208.421053,9.59714211,145,123.6,145,56.7136167,0.027698865,4.20141201,0.025187837,0.000343262,0.925430415,73.3779456,0.852413793
3692,OK,,208.421053,9.59714211,148,123.6,148,57.8870019,0.014237582,5.37157986,0.031871291,0.000173974,0.906959814,183.196053,0.835135135
3693,OK,,208.421053,9.59714211,151,123.6,151,59.0603871,0.008069787,6.55671845,0.038496798,9.72E-05,0.88884617,395.962824,0.818543046
3694,OK,,208.421053,9.59714211,154,123.6,154,60.2337722,0.004906332,7.75583995,0.045056403,5.83E-05,0.87115623,773.069271,0.802597403
3695,OK,,208.421053,9.59714211,157,123.6,157,61.4071574,0.0032032,8.95356188,0.051462022,3.75E-05,0.85414135,1371.58867,0.787261146
3696,OK,,208.421053,9.59714211,160,123.6,160,62.5805426,0.002127632,10.1669384,0.057811401,2.46E-05,0.837504349,2352.24562,0.7725
3697,OK,,208.421053,10.0861895,121,123.6,121,47.3265353,2.86539641,0.289107398,0.001834574,0.037602872,0.933345981,0.048788137,1.0214876
3698,OK,,208.421053,10.0861895,124,123.6,124,48.4999205,2.32694795,0.363916731,0.002296772,0.030435593,0.944518163,0.075463344,0.996774194
3699,OK,,208.421053,10.0861895,127,123.6,127,49.6733057,1.79771024,0.468590618,0.002940468,0.023427776,0.95437588,0.125512046,0.973228346
3700,OK,,208.421053,10.0861895,130,123.6,130,50.8466908,1.28565904,0.624665787,0.003896019,0.016685532,0.962429712,0.233496832,0.950769231
3701,OK,,208.421053,10.0861895,133,123.6,133,52.020076,0.825116356,0.862137484,0.00534174,0.010652473,0.967565333,0.501455411,0.929323308
3702,OK,,208.421053,10.0861895,136,123.6,136,53.1934612,0.438278123,1.26071647,0.007754517,0.005619838,0.968060086,1.37984701,0.908823529
3703,OK,,208.421053,10.0861895,139,123.6,139,54.3668464,0.181928689,1.94144825,0.011842167,0.002310816,0.960943533,5.12466848,0.889208633
3704,OK,,208.421053,10.0861895,142,123.6,142,55.5402315,0.07334887,2.89148093,0.017472252,0.000920263,0.946618339,18.9861421,0.870422535
3705,OK,,208.421053,10.0861895,145,123.6,145,56.7136167,0.032735155,3.99071713,0.023875165,0.000405163,0.92905668,58.9272833,0.852413793
3706,OK,,208.421053,10.0861895,148,123.6,148,57.8870019,0.016225891,5.18039526,0.03066671,0.000197934,0.910228186,154.933878,0.835135135
3707,OK,,208.421053,10.0861895,151,123.6,151,59.0603871,0.008966804,6.34918013,0.037204769,0.000107909,0.892344984,344.778441,0.818543046
3708,OK,,208.421053,10.0861895,154,123.6,154,60.2337722,0.005449748,7.52567374,0.043638367,6.47E-05,0.874968424,674.78854,0.802597403
3709,OK,,208.421053,10.0861895,157,123.6,157,61.4071574,0.003534968,8.74205837,0.050153576,4.14E-05,0.857580228,1212.49318,0.787261146
3710,OK,,208.421053,10.0861895,160,123.6,160,62.5805426,0.002366174,9.94795884,0.056465422,2.73E-05,0.840999701,2067.93307,0.7725
3711,OK,,208.421053,10.5752368,121,123.6,121,47.3265353,2.97245629,0.281184647,0.00177874,0.038871524,0.931251233,0.045759468,1.0214876
3712,OK,,208.421053,10.5752368,124,123.6,124,48.4999205,2.42423285,0.353467973,0.00222404,0.031603733,0.942727724,0.070372709,0.996774194
3713,OK,,208.421053,10.5752368,127,123.6,127,49.6733057,1.89360671,0.452744381,0.002832552,0.024597694,0.952764346,0.115155187,0.973228346
3714,OK,,208.421053,10.5752368,130,123.6,130,50.8466908,1.38231629,0.597881389,0.003718075,0.017882478,0.961055525,0.207917193,0.950769231
3715,OK,,208.421053,10.5752368,133,123.6,133,52.020076,0.90802067,0.818873111,0.005059449,0.011688583,0.966803321,0.432853944,0.929323308
3716,OK,,208.421053,10.5752368,136,123.6,136,53.1934612,0.506267657,1.17919972,0.007233979,0.006474868,0.968314388,1.11723958,0.908823529
3717,OK,,208.421053,10.5752368,139,123.6,139,54.3668464,0.208821623,1.84032637,0.01119749,0.002647581,0.962308868,4.22932895,0.889208633
3718,OK,,208.421053,10.5752368,142,123.6,142,55.5402315,0.088708604,2.71533687,0.016371338,0.0011113,0.949513256,14.7316953,0.870422535
3719,OK,,208.421053,10.5752368,145,123.6,145,56.7136167,0.038274908,3.79887794,0.022679206,0.000473124,0.932341595,47.934995,0.852413793
3720,OK,,208.421053,10.5752368,148,123.6,148,57.8870019,0.018664813,4.95665931,0.029290318,0.000227534,0.9140511,128.729182,0.835135135
3721,OK,,208.421053,10.5752368,151,123.6,151,59.0603871,0.010520423,6.12685895,0.035832655,0.000126465,0.896082981,283.341277,0.818543046
3722,OK,,208.421053,10.5752368,154,123.6,154,60.2337722,0.006251489,7.32510064,0.0423927,7.41E-05,0.878285024,572.087244,0.802597403
3723,OK,,208.421053,10.5752368,157,123.6,157,61.4071574,0.003971333,8.51953306,0.048787839,4.64E-05,0.861196891,1050.96617,0.787261146
3724,OK,,208.421053,10.5752368,160,123.6,160,62.5805426,0.002621167,9.73893023,0.055178322,3.02E-05,0.844335779,1826.07633,0.7725
3725,OK,,208.421053,11.0642842,121,123.6,121,47.3265353,3.07733269,0.273852168,0.001726973,0.040104225,0.92919015,0.043062131,1.0214876
3726,OK,,208.421053,11.0642842,124,123.6,124,48.4999205,2.52117852,0.343661539,0.002155765,0.032759797,0.940931036,0.06580521,0.996774194
3727,OK,,208.421053,11.0642842,127,123.6,127,49.6733057,1.99016122,0.43790229,0.002731514,0.025768104,0.951119349,0.106003687,0.973228346
3728,OK,,208.421053,11.0642842,130,123.6,130,50.8466908,1.47424116,0.57472926,0.003563686,0.019012083,0.959702974,0.187443229,0.950769231
3729,OK,,208.421053,11.0642842,133,123.6,133,52.020076,0.991903101,0.780066935,0.004806113,0.012730862,0.965936804,0.377516721,0.929323308
3730,OK,,208.421053,11.0642842,136,123.6,136,53.1934612,0.57185183,1.11278038,0.006808281,0.007294949,0.968330088,0.933287022,0.908823529
3731,OK,,208.421053,11.0642842,139,123.6,139,54.3668464,0.266418627,1.66672047,0.010117446,0.003370187,0.964442685,3.00204311,0.889208633
3732,OK,,208.421053,11.0642842,142,123.6,142,55.5402315,0.10563966,2.5382206,0.015269365,0.001321377,0.952397385,11.5556425,0.870422535
3733,Errors,,208.421053,11.0642842,145,123.6,145,56.7136167,0.024817275,5.75397264,0.033956639,0.000302767,0.898105777,112.154281,0.852413793
3734,OK,,208.421053,11.0642842,148,123.6,148,57.8870019,0.021588442,4.76813721,0.028117356,0.000262851,0.91725732,106.970733,0.835135135
3735,OK,,208.421053,11.0642842,151,123.6,151,59.0603871,0.0117166,5.95720377,0.03476195,0.000140623,0.898935299,247.199215,0.818543046
3736,OK,,208.421053,11.0642842,154,123.6,154,60.2337722,0.006988053,7.13118518,0.041189183,8.27E-05,0.881492177,497.813469,0.802597403
3737,OK,,208.421053,11.0642842,157,123.6,157,61.4071574,0.004355629,8.34423103,0.047688761,5.09E-05,0.864045382,937.79365,0.787261146
3738,OK,,208.421053,11.0642842,160,123.6,160,62.5805426,0.002774726,9.62756025,0.054427231,3.19E-05,0.846112952,1703.759,0.7725
3739,OK,,208.421053,11.5533316,121,123.6,121,47.3265353,3.17330836,0.267515616,0.001681823,0.041219592,0.927296094,0.040801544,1.0214876
3740,OK,,208.421053,11.5533316,124,123.6,124,48.4999205,2.62318149,0.333902082,0.002088164,0.033970775,0.939029105,0.06146943,0.996774194
3741,OK,,208.421053,11.5533316,127,123.6,127,49.6733057,2.10082244,0.422009831,0.002624454,0.027106236,0.949211508,0.096821025,0.973228346
3742,OK,,208.421053,11.5533316,130,123.6,130,50.8466908,1.56842458,0.551664472,0.003410706,0.02016292,0.958304287,0.169157338,0.950769231
3743,OK,,208.421053,11.5533316,133,123.6,133,52.020076,1.07850837,0.744264345,0.004572582,0.013801207,0.964960207,0.331317538,0.929323308
3744,OK,,208.421053,11.5533316,136,123.6,136,53.1934612,0.644833196,1.04922159,0.006402164,0.00820391,0.968152951,0.780379496,0.908823529
3745,OK,,208.421053,11.5533316,139,123.6,139,54.3668464,0.311403893,1.56388609,0.009469472,0.003930892,0.965506736,2.40898787,0.889208633
3746,OK,,208.421053,11.5533316,142,123.6,142,55.5402315,0.127454599,2.3674081,0.014209758,0.001591668,0.955080081,8.9275869,0.870422535
3747,OK,,208.421053,11.5533316,145,123.6,145,56.7136167,0.053895697,3.39959057,0.02020998,0.000664462,0.939106577,30.41554,0.852413793
3748,OK,,208.421053,11.5533316,148,123.6,148,57.8870019,0.025045947,4.57826887,0.026931504,0.000304319,0.920477574,88.4976329,0.835135135
3749,OK,,208.421053,11.5533316,151,123.6,151,59.0603871,0.013588495,5.72561065,0.033352104,0.00016297,0.902824898,204.651564,0.818543046
3750,OK,,208.421053,11.5533316,154,123.6,154,60.2337722,0.00784016,6.93257309,0.039956757,9.27E-05,0.884775384,431.070235,0.802597403
3751,OK,,208.421053,11.5533316,157,123.6,157,61.4071574,0.00495054,8.10835242,0.046257956,5.77E-05,0.867876917,801.070579,0.787261146
3752,OK,,208.421053,11.5533316,160,123.6,160,62.5805426,0.003233142,9.31565652,0.052588518,3.72E-05,0.851089663,1413.83813,0.7725
3753,OK,,208.421053,12.0423789,121,123.6,121,47.3265353,3.27171909,0.261314547,0.001637776,0.04235694,0.925347723,0.03866605,1.0214876
3754,OK,,208.421053,12.0423789,124,123.6,124,48.4999205,2.72177192,0.325727768,0.002030853,0.035131383,0.937164852,0.057807385,0.996774194
3755,OK,,208.421053,12.0423789,127,123.6,127,49.6733057,2.19128034,0.410015023,0.002542285,0.02818511,0.947631926,0.090199573,0.973228346
3756,OK,,208.421053,12.0423789,130,123.6,130,50.8466908,1.66064769,0.532071186,0.003279978,0.021281864,0.956875878,0.154120787,0.950769231
3757,OK,,208.421053,12.0423789,133,123.6,133,52.020076,1.16325932,0.712781227,0.004366766,0.014841811,0.963936221,0.294220537,0.929323308
3758,OK,,208.421053,12.0423789,136,123.6,136,53.1934612,0.719579098,0.99297414,0.006042541,0.009129962,0.967805193,0.661836411,0.908823529
3759,OK,,208.421053,12.0423789,139,123.6,139,54.3668464,0.365735788,1.45963488,0.008816014,0.004606184,0.96642493,1.91395189,0.889208633
3760,OK,,208.421053,12.0423789,142,123.6,142,55.5402315,0.15256329,2.21225922,0.01324801,0.001901994,0.95742145,6.96532639,0.870422535
3761,OK,,208.421053,12.0423789,145,123.6,145,56.7136167,0.063329401,3.22142198,0.019109207,0.000779693,0.942081786,24.5086436,0.852413793
3762,OK,,208.421053,12.0423789,148,123.6,148,57.8870019,0.029829568,4.33729539,0.025473907,0.000362319,0.924557762,70.3080273,0.835135135
3763,OK,,208.421053,12.0423789,151,123.6,151,59.0603871,0.015723278,5.50161789,0.031979533,0.000188281,0.906581358,169.849778,0.818543046
3764,OK,,208.421053,12.0423789,154,123.6,154,60.2337722,0.008870883,6.72177163,0.038664997,0.000104745,0.888257994,369.134267,0.802597403
3765,OK,,208.421053,12.0423789,157,123.6,157,61.4071574,0.005543793,7.89537968,0.044958953,6.46E-05,0.871335463,695.997265,0.787261146
3766,OK,,208.421053,12.0423789,160,123.6,160,62.5805426,0.003614775,9.09295933,0.051239489,4.15E-05,0.854642134,1233.38344,0.7725
3767,OK,,208.421053,12.5314263,121,123.6,121,47.3265353,3.37485739,0.255096381,0.001593872,0.043544544,0.92329982,0.036603254,1.0214876
3768,OK,,208.421053,12.5314263,124,123.6,124,48.4999205,2.82380837,0.316991909,0.001970385,0.03632687,0.935241125,0.054240427,0.996774194
3769,OK,,208.421053,12.5314263,127,123.6,127,49.6733057,2.28095062,0.398814013,0.002465514,0.029247913,0.946052219,0.084297085,0.973228346
3770,OK,,208.421053,12.5314263,130,123.6,130,50.8466908,1.75707952,0.51309773,0.003153787,0.022446179,0.955352507,0.14050442,0.950769231
3771,OK,,208.421053,12.5314263,133,123.6,133,52.020076,1.25425369,0.680735229,0.004158628,0.015954158,0.962803036,0.260661058,0.929323308
3772,OK,,208.421053,12.5314263,136,123.6,136,53.1934612,0.798933573,0.940831529,0.005709673,0.010108565,0.967293629,0.564835194,0.908823529
3773,OK,,208.421053,12.5314263,139,123.6,139,54.3668464,0.425010278,1.365909,0.008228969,0.00534005,0.967058614,1.54099112,0.889208633
3774,OK,,208.421053,12.5314263,142,123.6,142,55.5402315,0.180695368,2.0705676,0.012370602,0.002248772,0.959466086,5.50104678,0.870422535
3775,OK,,208.421053,12.5314263,145,123.6,145,56.7136167,0.075584284,3.03274336,0.017951408,0.000929269,0.945192569,19.3177674,0.852413793
3776,OK,,208.421053,12.5314263,148,123.6,148,57.8870019,0.034773496,4.1377031,0.024251642,0.000421848,0.92792032,57.4890296,0.835135135
3777,OK,,208.421053,12.5314263,151,123.6,151,59.0603871,0.018005043,5.29888579,0.030744984,0.000215445,0.909975347,142.70476,0.818543046
3778,OK,,208.421053,12.5314263,154,123.6,154,60.2337722,0.010199183,6.48762181,0.037257504,0.000120366,0.892123293,309.536359,0.802597403
3779,OK,,208.421053,12.5314263,157,123.6,157,61.4071574,0.006236069,7.67963829,0.043649091,7.26E-05,0.874837483,601.338254,0.787261146
3780,OK,,208.421053,12.5314263,160,123.6,160,62.5805426,0.004020924,8.88294969,0.049964576,4.62E-05,0.857991474,1082.32038,0.7725
3781,OK,,208.421053,13.0204737,121,123.6,121,47.3265353,3.47571196,0.249313979,0.001552951,0.044696149,0.921290965,0.034744616,1.0214876
3782,OK,,208.421053,13.0204737,124,123.6,124,48.4999205,2.92319908,0.308949476,0.001914576,0.037481875,0.933357653,0.051080061,0.996774194
3783,OK,,208.421053,13.0204737,127,123.6,127,49.6733057,2.37900373,0.387224241,0.002386735,0.030406489,0.944311579,0.078494251,0.973228346
3784,OK,,208.421053,13.0204737,130,123.6,130,50.8466908,1.85222191,0.495773999,0.003038415,0.023586961,0.953822051,0.128817587,0.950769231
3785,OK,,208.421053,13.0204737,133,123.6,133,52.020076,1.3435992,0.653477375,0.003980771,0.017039089,0.961609503,0.233625819,0.929323308
3786,OK,,208.421053,13.0204737,136,123.6,136,53.1934612,0.883141974,0.892286934,0.005400249,0.011141882,0.966623174,0.484680197,0.908823529
3787,OK,,208.421053,13.0204737,139,123.6,139,54.3668464,0.491697951,1.27809518,0.00767994,0.006161963,0.967447199,1.2463462,0.889208633
3788,OK,,208.421053,13.0204737,142,123.6,142,55.5402315,0.217852471,1.92530999,0.011475896,0.002706034,0.961412432,4.24085485,0.870422535
3789,OK,,208.421053,13.0204737,145,123.6,145,56.7136167,0.089845,2.85538713,0.016864755,0.001102992,0.948068342,15.290013,0.852413793
3790,OK,,208.421053,13.0204737,148,123.6,148,57.8870019,0.039934747,3.96190603,0.023171879,0.000483843,0.930868059,47.8912888,0.835135135
3791,OK,,208.421053,13.0204737,151,123.6,151,59.0603871,0.020314002,5.09813993,0.0295197,0.000242773,0.913335246,121.593723,0.818543046
3792,OK,,208.421053,13.0204737,154,123.6,154,60.2337722,0.011617675,6.27253999,0.035953305,0.000136955,0.895670528,262.519616,0.802597403
3793,OK,,208.421053,13.0204737,157,123.6,157,61.4071574,0.007025064,7.4635226,0.042341675,8.17E-05,0.878344024,518.361709,0.787261146
3794,OK,,208.421053,13.0204737,160,123.6,160,62.5805426,0.004486072,8.6683261,0.048668655,5.15E-05,0.861413599,945.908433,0.7725
3795,OK,,208.421053,13.5095211,121,123.6,121,47.3265353,3.57730021,0.243751272,0.001513633,0.045848708,0.919261965,0.033013648,1.0214876
3796,OK,,208.421053,13.5095211,124,123.6,124,48.4999205,3.02315054,0.301275518,0.001861368,0.038635909,0.931455021,0.04817715,0.996774194
3797,OK,,208.421053,13.5095211,127,123.6,127,49.6733057,2.47812847,0.376973145,0.002316625,0.031570468,0.942522416,0.073379502,0.973228346
3798,OK,,208.421053,13.5095211,130,123.6,130,50.8466908,1.94569485,0.479951225,0.002932872,0.024699957,0.952294908,0.118739968,0.950769231
3799,OK,,208.421053,13.5095211,133,123.6,133,52.020076,1.4359302,0.627748728,0.003813153,0.018154186,0.960329183,0.210042633,0.929323308
3800,OK,,208.421053,13.5095211,136,123.6,136,53.1934612,0.961640898,0.852260623,0.005143847,0.012098477,0.965899916,0.425164868,0.908823529
3801,OK,,208.421053,13.5095211,139,123.6,139,54.3668464,0.553133767,1.20976151,0.007250598,0.006915618,0.967574075,1.04843814,0.889208633
3802,OK,,208.421053,13.5095211,142,123.6,142,55.5402315,0.258885428,1.79642524,0.010682161,0.003209326,0.962994201,3.32847514,0.870422535
3803,OK,,208.421053,13.5095211,145,123.6,145,56.7136167,0.108219527,2.66987887,0.015734948,0.001326556,0.951015319,11.8615068,0.852413793
3804,OK,,208.421053,13.5095211,148,123.6,148,57.8870019,0.047562176,3.7469391,0.021870213,0.000575524,0.934449857,38.0005027,0.835135135
3805,OK,,208.421053,13.5095211,151,123.6,151,59.0603871,0.023387166,4.93325867,0.028495467,0.000279028,0.916074952,102.124208,0.818543046
3806,OK,,208.421053,13.5095211,154,123.6,154,60.2337722,0.013338485,6.06032414,0.034665989,0.000157055,0.899165163,220.72567,0.802597403
3807,OK,,208.421053,13.5095211,157,123.6,157,61.4071574,0.008021811,7.23462888,0.040965099,9.32E-05,0.882055269,439.674469,0.787261146
3808,OK,,208.421053,13.5095211,160,123.6,160,62.5805426,0.004626043,8.45137843,0.04736257,5.30E-05,0.864878058,893.604693,0.7725
3809,OK,,208.421053,13.9985684,121,123.6,121,47.3265353,3.67575463,0.238610976,0.001477181,0.046956252,0.917290256,0.031458657,1.0214876
3810,OK,,208.421053,13.9985684,124,123.6,124,48.4999205,3.11875955,0.294319535,0.001812917,0.039730171,0.92962712,0.045630749,0.996774194
3811,OK,,208.421053,13.9985684,127,123.6,127,49.6733057,2.58315701,0.365919588,0.002241979,0.032798517,0.940630555,0.068356114,0.973228346
3812,OK,,208.421053,13.9985684,130,123.6,130,50.8466908,2.04191014,0.464729367,0.002831574,0.025839517,0.950702013,0.109583082,0.950769231
3813,OK,,208.421053,13.9985684,133,123.6,133,52.020076,1.53110497,0.603458232,0.003655152,0.019297356,0.95896655,0.189412077,0.929323308
3814,OK,,208.421053,13.9985684,136,123.6,136,53.1934612,1.04910963,0.812276653,0.004889007,0.013160286,0.965007235,0.371497059,0.908823529
3815,OK,,208.421053,13.9985684,139,123.6,139,54.3668464,0.627608328,1.13837014,0.006804875,0.007826014,0.967517364,0.869519907,0.889208633
3816,OK,,208.421053,13.9985684,142,123.6,142,55.5402315,0.304398852,1.68266903,0.00997981,0.003764186,0.96422291,2.65125286,0.870422535
3817,OK,,208.421053,13.9985684,145,123.6,145,56.7136167,0.128775026,2.50420599,0.014725829,0.001576048,0.953574094,9.34351575,0.852413793
3818,OK,,208.421053,13.9985684,148,123.6,148,57.8870019,0.056682604,3.55271798,0.020689345,0.000684902,0.937647478,30.2077307,0.835135135
3819,OK,,208.421053,13.9985684,151,123.6,151,59.0603871,0.027779659,4.68842253,0.027035754,0.000331201,0.920146101,81.629386,0.818543046
3820,OK,,208.421053,13.9985684,154,123.6,154,60.2337722,0.015128456,5.85811649,0.033443987,0.000177931,0.902492493,187.960627,0.802597403
3821,OK,,208.421053,13.9985684,157,123.6,157,61.4071574,0.008852273,7.04928375,0.039837641,0.000102704,0.885060043,387.888937,0.787261146
3822,OK,,208.421053,13.9985684,160,123.6,160,62.5805426,0.005650132,8.22746363,0.046025066,6.47E-05,0.868439719,711.705955,0.7725
3823,OK,,208.421053,14.4876158,121,123.6,121,47.3265353,3.7809679,0.233327962,0.001440034,0.04813658,0.91517875,0.029915589,1.0214876
3824,OK,,208.421053,14.4876158,124,123.6,124,48.4999205,3.22403066,0.286979608,0.001762345,0.040932941,0.927607917,0.043054454,0.996774194
3825,OK,,208.421053,14.4876158,127,123.6,127,49.6733057,2.67629855,0.356731386,0.002179218,0.033874838,0.938940445,0.064331468,0.973228346
3826,OK,,208.421053,14.4876158,130,123.6,130,50.8466908,2.1395076,0.450292436,0.002735604,0.026988518,0.949066498,0.101361784,0.950769231
3827,OK,,208.421053,14.4876158,133,123.6,133,52.020076,1.62077285,0.582454499,0.003517895,0.020366035,0.957646595,0.172733432,0.929323308
3828,OK,,208.421053,14.4876158,136,123.6,136,53.1934612,1.13362444,0.777655982,0.004667701,0.014179515,0.96406926,0.329186206,0.908823529
3829,OK,,208.421053,14.4876158,139,123.6,139,54.3668464,0.698886416,1.07951693,0.006436033,0.008692169,0.967288826,0.740440441,0.889208633
3830,OK,,208.421053,14.4876158,142,123.6,142,55.5402315,0.357459966,1.57238373,0.009304481,0.004412377,0.965253229,2.10872315,0.870422535
3831,OK,,208.421053,14.4876158,145,123.6,145,56.7136167,0.154774143,2.34982792,0.013783798,0.001890818,0.95583773,7.28985845,0.852413793
3832,OK,,208.421053,14.4876158,148,123.6,148,57.8870019,0.066933775,3.36084523,0.019531245,0.000807689,0.940784997,24.181641,0.835135135
3833,OK,,208.421053,14.4876158,151,123.6,151,59.0603871,0.032199904,4.48222072,0.025795336,0.000383444,0.923562631,67.272845,0.818543046
3834,OK,,208.421053,14.4876158,154,123.6,154,60.2337722,0.017271109,5.64849242,0.032184921,0.000202903,0.905937096,158.622038,0.802597403
3835,OK,,208.421053,14.4876158,157,123.6,157,61.4071574,0.010062508,6.83561351,0.038557735,0.000116619,0.8885199,330.628572,0.787261146
3836,OK,,208.421053,14.4876158,160,123.6,160,62.5805426,0.006138607,8.07118595,0.045060603,7.02E-05,0.870929138,642.060364,0.7725
3837,OK,,208.421053,14.9766632,121,123.6,121,47.3265353,3.88162958,0.228511526,0.001405999,0.049255106,0.91315356,0.028545245,1.0214876
3838,OK,,208.421053,14.9766632,124,123.6,124,48.4999205,3.32416961,0.280358731,0.001716497,0.042066435,0.925679706,0.040804435,0.996774194
3839,OK,,208.421053,14.9766632,127,123.6,127,49.6733057,2.76928845,0.348023648,0.002119745,0.034942574,0.937243716,0.060663675,0.973228346
3840,OK,,208.421053,14.9766632,130,123.6,130,50.8466908,2.2361636,0.436904595,0.002646538,0.028118806,0.947428866,0.094119841,0.950769231
3841,OK,,208.421053,14.9766632,133,123.6,133,52.020076,1.70852231,0.563414894,0.003393208,0.021404571,0.956325762,0.158527279,0.929323308
3842,OK,,208.421053,14.9766632,136,123.6,136,53.1934612,1.22290061,0.744559458,0.004456662,0.015250988,0.963013122,0.292221209,0.908823529
3843,OK,,208.421053,14.9766632,139,123.6,139,54.3668464,0.77470326,1.02468645,0.006092924,0.009609343,0.966902812,0.634062512,0.889208633
3844,OK,,208.421053,14.9766632,142,123.6,142,55.5402315,0.414204737,1.48333125,0.008753592,0.005100425,0.965834928,1.7162474,0.870422535
3845,OK,,208.421053,14.9766632,145,123.6,145,56.7136167,0.185263968,2.19382344,0.012839717,0.002259354,0.958050861,5.68291411,0.852413793
3846,OK,,208.421053,14.9766632,148,123.6,148,57.8870019,0.079095102,3.17443415,0.018409232,0.00095313,0.943795167,19.3145005,0.835135135
3847,OK,,208.421053,14.9766632,151,123.6,151,59.0603871,0.037404189,4.2803884,0.024582457,0.000444805,0.926891902,55.2657057,0.818543046
3848,OK,,208.421053,14.9766632,154,123.6,154,60.2337722,0.019293485,5.47577079,0.031127771,0.000226237,0.908771042,137.589009,0.802597403
3849,OK,,208.421053,14.9766632,157,123.6,157,61.4071574,0.011441513,6.61332191,0.037234786,0.00013246,0.892117406,281.101677,0.787261146
3850,OK,,208.421053,14.9766632,160,123.6,160,62.5805426,0.007003658,7.8211917,0.043589566,8.00E-05,0.874910075,544.925795,0.7725
3851,OK,,208.421053,15.4657105,121,123.6,121,47.3265353,3.98476754,0.223772777,0.001372631,0.050395133,0.911074405,0.027237373,1.0214876
3852,OK,,208.421053,15.4657105,124,123.6,124,48.4999205,3.42496679,0.273998847,0.001672505,0.04320012,0.923732542,0.038715291,0.996774194
3853,OK,,208.421053,15.4657105,127,123.6,127,49.6733057,2.87471004,0.338599917,0.002056201,0.036152,0.935311131,0.05687654,0.973228346
3854,OK,,208.421053,15.4657105,130,123.6,130,50.8466908,2.33479723,0.424902212,0.002566323,0.029265582,0.945725093,0.087690828,0.950769231
3855,OK,,208.421053,15.4657105,133,123.6,133,52.020076,1.81145475,0.542604567,0.00325853,0.022621277,0.9547471,0.144047144,0.929323308
3856,OK,,208.421053,15.4657105,136,123.6,136,53.1934612,1.31139606,0.714806908,0.0042667,0.016306518,0.961908796,0.261656083,0.908823529
3857,OK,,208.421053,15.4657105,139,123.6,139,54.3668464,0.855866188,0.97890369,0.005803813,0.010585257,0.966252045,0.54829207,0.889208633
3858,OK,,208.421053,15.4657105,142,123.6,142,55.5402315,0.476257904,1.39348458,0.0082028,0.005850616,0.966335349,1.40204036,0.870422535
3859,OK,,208.421053,15.4657105,145,123.6,145,56.7136167,0.216204233,2.06746488,0.012072079,0.002631978,0.959733319,4.58669391,0.852413793
3860,OK,,208.421053,15.4657105,148,123.6,148,57.8870019,0.093870772,2.99020507,0.017304288,0.001129577,0.946722481,15.3192669,0.835135135
3861,OK,,208.421053,15.4657105,151,123.6,151,59.0603871,0.042623152,4.1067228,0.02353153,0.000506021,0.92974401,46.5030708,0.818543046
3862,OK,,208.421053,15.4657105,154,123.6,154,60.2337722,0.022032312,5.23811387,0.029730384,0.000258251,0.912671148,115.122003,0.802597403
3863,OK,,208.421053,15.4657105,157,123.6,157,61.4071574,0.012881162,6.41141178,0.036028889,0.000148963,0.895382017,241.863983,0.787261146
3864,OK,,208.421053,15.4657105,160,123.6,160,62.5805426,0.007862351,7.60523851,0.042308673,8.97E-05,0.878347158,471.638317,0.7725
3865,OK,,208.421053,15.9547579,121,123.6,121,47.3265353,4.09036911,0.219111581,0.001339929,0.051556648,0.908941556,0.025989458,1.0214876
3866,OK,,208.421053,15.9547579,124,123.6,124,48.4999205,3.52748627,0.267821561,0.001629878,0.044346956,0.921746102,0.036752881,0.996774194
3867,OK,,208.421053,15.9547579,127,123.6,127,49.6733057,2.9772222,0.329938349,0.001997657,0.037318972,0.933421774,0.05352927,0.973228346
3868,OK,,208.421053,15.9547579,130,123.6,130,50.8466908,2.43226587,0.412953931,0.002486904,0.030391267,0.944043167,0.081829547,0.950769231
3869,OK,,208.421053,15.9547579,133,123.6,133,52.020076,1.90374816,0.525382812,0.003146129,0.023701758,0.953303971,0.132738212,0.929323308
3870,OK,,208.421053,15.9547579,136,123.6,136,53.1934612,1.40835363,0.689233205,0.004101663,0.017455744,0.960566829,0.234974981,0.908823529
3871,OK,,208.421053,15.9547579,139,123.6,139,54.3668464,0.943931886,0.929106171,0.005493634,0.011639797,0.965548157,0.471969883,0.889208633
3872,OK,,208.421053,15.9547579,142,123.6,142,55.5402315,0.541366849,1.3136669,0.007713409,0.006634323,0.96660018,1.16265197,0.870422535
3873,OK,,208.421053,15.9547579,145,123.6,145,56.7136167,0.259975351,1.92044904,0.011188092,0.003158625,0.961553776,3.54207635,0.852413793
3874,OK,,208.421053,15.9547579,148,123.6,148,57.8870019,0.110800485,2.8167791,0.016265842,0.001331348,0.949425959,12.2175696,0.835135135
3875,OK,,208.421053,15.9547579,151,123.6,151,59.0603871,0.050485402,3.89094227,0.022257115,0.000598971,0.933264446,37.1588939,0.818543046
3876,OK,,208.421053,15.9547579,154,123.6,154,60.2337722,0.025882996,5.03293582,0.028510116,0.000303036,0.916013581,94.0815361,0.802597403
3877,OK,,208.421053,15.9547579,157,123.6,157,61.4071574,0.014522292,6.21033232,0.034830239,0.000167736,0.89862982,207.649703,0.787261146
3878,OK,,208.421053,15.9547579,160,123.6,160,62.5805426,0.008822223,7.39277692,0.041051198,0.000100552,0.88172683,408.257031,0.7725
3879,OK,,208.421053,16.4438053,121,123.6,121,47.3265353,4.18958138,0.214938889,0.00131042,0.052635383,0.906933389,0.024896175,1.0214876
3880,OK,,208.421053,16.4438053,124,123.6,124,48.4999205,3.62852772,0.262006695,0.0015897,0.045468359,0.919782664,0.034962778,0.996774194
3881,OK,,208.421053,16.4438053,127,123.6,127,49.6733057,3.07480702,0.322134919,0.001944648,0.03841963,0.931614337,0.05061599,0.973228346
3882,OK,,208.421053,16.4438053,130,123.6,130,50.8466908,2.53056207,0.40159168,0.002411437,0.031519364,0.94233344,0.076506536,0.950769231
3883,OK,,208.421053,16.4438053,133,123.6,133,52.020076,1.99670154,0.509186881,0.003040456,0.02478331,0.951828436,0.12268161,0.929323308
3884,OK,,208.421053,16.4438053,136,123.6,136,53.1934612,1.49370188,0.663798954,0.003939392,0.018460611,0.959440488,0.213394433,0.908823529
3885,OK,,208.421053,16.4438053,139,123.6,139,54.3668464,1.01823467,0.891901004,0.005259659,0.012523886,0.9648658,0.419970229,0.889208633
3886,OK,,208.421053,16.4438053,142,123.6,142,55.5402315,0.611666869,1.23989611,0.00726168,0.00747692,0.966662671,0.971212645,0.870422535
3887,OK,,208.421053,16.4438053,145,123.6,145,56.7136167,0.302333788,1.80578727,0.010495261,0.00366599,0.962828661,2.8628726,0.852413793
3888,OK,,208.421053,16.4438053,148,123.6,148,57.8870019,0.13154409,2.64447285,0.01523804,0.001578173,0.952044209,9.65549127,0.835135135
3889,OK,,208.421053,16.4438053,151,123.6,151,59.0603871,0.059191549,3.69310751,0.021082676,0.000701364,0.936466738,30.0595424,0.818543046
3890,OK,,208.421053,16.4438053,154,123.6,154,60.2337722,0.029863987,4.8288899,0.02730064,0.000349237,0.919335056,78.1723052,0.802597403
3891,OK,,208.421053,16.4438053,157,123.6,157,61.4071574,0.016503783,5.99921005,0.033581042,0.000190398,0.902035624,176.372414,0.787261146
3892,OK,,208.421053,16.4438053,160,123.6,160,62.5805426,0.009983843,7.18183705,0.03980608,0.000113671,0.885078962,350.185619,0.7725
3893,OK,,208.421053,16.9328526,121,123.6,121,47.3265353,4.29247318,0.210766743,0.001281073,0.053749612,0.904847463,0.023834093,1.0214876
3894,OK,,208.421053,16.9328526,124,123.6,124,48.4999205,3.72937787,0.255768635,0.001547198,0.046580133,0.917831896,0.033215843,0.996774194
3895,OK,,208.421053,16.9328526,127,123.6,127,49.6733057,3.17427364,0.314549385,0.001893244,0.039535332,0.92976463,0.047887388,0.973228346
3896,OK,,208.421053,16.9328526,130,123.6,130,50.8466908,2.62793518,0.390966198,0.002340812,0.032629278,0.940627377,0.071739616,0.950769231
3897,OK,,208.421053,16.9328526,133,123.6,133,52.020076,2.098543,0.496460421,0.002955384,0.025961182,0.950115347,0.113838571,0.929323308
3898,OK,,208.421053,16.9328526,136,123.6,136,53.1934612,1.58473575,0.640135818,0.003788384,0.019527444,0.958173965,0.194003039,0.908823529
3899,OK,,208.421053,16.9328526,139,123.6,139,54.3668464,1.1091078,0.850591384,0.005002486,0.013601478,0.96395415,0.367789853,0.889208633
3900,OK,,208.421053,16.9328526,142,123.6,142,55.5402315,0.680305828,1.17755554,0.00687882,0.008295126,0.966549269,0.829260475,0.870422535
3901,OK,,208.421053,16.9328526,145,123.6,145,56.7136167,0.35054235,1.69729062,0.009841172,0.004241698,0.963891688,2.32010196,0.852413793
3902,OK,,208.421053,16.9328526,148,123.6,148,57.8870019,0.155484576,2.484356,0.014284162,0.001862409,0.954396661,7.66972196,0.835135135
3903,OK,,208.421053,16.9328526,151,123.6,151,59.0603871,0.069382243,3.50323575,0.019957791,0.000821032,0.939509066,24.3081722,0.818543046
3904,OK,,208.421053,16.9328526,154,123.6,154,60.2337722,0.034134992,4.63041754,0.026126827,0.00039871,0.922559183,65.5283367,0.802597403
3905,OK,,208.421053,16.9328526,157,123.6,157,61.4071574,0.018752108,5.7922068,0.032363552,0.00021614,0.905370006,149.73396,0.787261146
3906,OK,,208.421053,16.9328526,160,123.6,160,62.5805426,0.010716599,7.03974117,0.038919693,0.000121736,0.887337861,319.706893,0.7725
3907,OK,,208.421053,17.4219,121,123.6,121,47.3265353,4.39818682,0.20663339,0.001252134,0.054889946,0.902701092,0.022811722,1.0214876
3908,OK,,208.421053,17.4219,124,123.6,124,48.4999205,3.83356827,0.250271517,0.001509409,0.04772428,0.91579698,0.031627697,0.996774194
3909,OK,,208.421053,17.4219,127,123.6,127,49.6733057,3.2754001,0.307183382,0.001843458,0.040664019,0.927877087,0.045333896,0.973228346
3910,OK,,208.421053,17.4219,130,123.6,130,50.8466908,2.72761127,0.380660313,0.002272498,0.033759956,0.938869737,0.067313404,0.950769231
3911,OK,,208.421053,17.4219,133,123.6,133,52.020076,2.19415355,0.481782344,0.002859856,0.027060939,0.948559554,0.105682061,0.929323308
3912,OK,,208.421053,17.4219,136,123.6,136,53.1934612,1.67938914,0.617374291,0.003643513,0.020631479,0.956822448,0.176599709,0.908823529
3913,OK,,208.421053,17.4219,139,123.6,139,54.3668464,1.19308172,0.816289904,0.004787824,0.014590624,0.963040497,0.32814388,0.889208633
3914,OK,,208.421053,17.4219,142,123.6,142,55.5402315,0.757222207,1.11626201,0.006503961,0.009208811,0.96626798,0.70627587,0.870422535
3915,OK,,208.421053,17.4219,145,123.6,145,56.7136167,0.405774863,1.59363863,0.009218047,0.00489932,0.964745442,1.88149504,0.852413793
3916,OK,,208.421053,17.4219,148,123.6,148,57.8870019,0.179800508,2.35131897,0.013488909,0.002150183,0.956274822,6.27337601,0.835135135
3917,OK,,208.421053,17.4219,151,123.6,151,59.0603871,0.081485115,3.3169844,0.018857921,0.000962966,0.942457717,19.5831626,0.818543046
3918,OK,,208.421053,17.4219,154,123.6,154,60.2337722,0.039746045,4.42067268,0.024894921,0.000463705,0.925948209,53.6869707,0.802597403
3919,OK,,208.421053,17.4219,157,123.6,157,61.4071574,0.020851808,5.59292526,0.031186271,0.000240005,0.908581063,129.940069,0.787261146
3920,OK,,208.421053,17.4219,160,123.6,160,62.5805426,0.01262306,6.74968272,0.037273658,0.000143418,0.891942359,259.894459,0.7725
3921,OK,,213.684211,8.13,121,123.6,121,47.3265353,2.48702489,0.353685211,0.002272195,0.033069292,0.939976377,0.06871011,1.0214876
3922,OK,,213.684211,8.13,124,123.6,124,48.4999205,1.9562686,0.450316242,0.00287663,0.025919023,0.950379613,0.110985275,0.996774194
3923,OK,,213.684211,8.13,127,123.6,127,49.6733057,1.44115116,0.590151926,0.003747245,0.019017063,0.959106746,0.197046487,0.973228346
3924,OK,,213.684211,8.13,130,123.6,130,50.8466908,0.965136743,0.799863415,0.005045989,0.012672788,0.965287807,0.398175119,0.950769231
3925,OK,,213.684211,8.13,133,123.6,133,52.020076,0.551824818,1.14132181,0.007149004,0.007200067,0.967452054,0.992907987,0.929323308
3926,OK,,213.684211,8.13,136,123.6,136,53.1934612,0.248427143,1.73300963,0.01076755,0.003213542,0.96275037,3.35068008,0.908823529
3927,OK,,213.684211,8.13,139,123.6,139,54.3668464,0.101235578,2.60404029,0.016031209,0.001294287,0.950240339,12.3861338,0.889208633
3928,OK,,213.684211,8.13,142,123.6,142,55.5402315,0.043597356,3.67231702,0.022383637,0.000549938,0.933095087,40.702096,0.870422535
3929,OK,,213.684211,8.13,145,123.6,145,56.7136167,0.020733883,4.82087552,0.029082178,0.000257882,0.914630565,112.773178,0.852413793
3930,OK,,213.684211,8.13,148,123.6,148,57.8870019,0.011513611,6.00150518,0.03582454,0.000141175,0.896124888,253.760493,0.835135135
3931,OK,,213.684211,8.13,151,123.6,151,59.0603871,0.00425098,7.18248012,0.042420155,5.14E-05,0.878315543,825.486781,0.818543046
3932,OK,,213.684211,8.13,154,123.6,154,60.2337722,0.004301609,8.38399072,0.048985325,5.13E-05,0.860737722,955.551605,0.802597403
3933,OK,,213.684211,8.13,157,123.6,157,61.4071574,0.002808428,9.61245179,0.055552927,3.30E-05,0.843417924,1683.51208,0.787261146
3934,OK,,213.684211,8.13,160,123.6,160,62.5805426,0.001885321,10.8767105,0.06214499,2.18E-05,0.826166482,2847.5162,0.7725
3935,OK,,213.684211,8.61904737,121,123.6,121,47.3265353,2.58860752,0.343604543,0.002200558,0.034302023,0.93804296,0.064152433,1.0214876
3936,OK,,213.684211,8.61904737,124,123.6,124,48.4999205,2.04858479,0.436599798,0.002780532,0.027054516,0.948758997,0.102775146,0.996774194
3937,OK,,213.684211,8.61904737,127,123.6,127,49.6733057,1.53499968,0.56702184,0.003589659,0.020190243,0.957683076,0.17779176,0.973228346
3938,OK,,213.684211,8.61904737,130,123.6,130,50.8466908,1.04980347,0.763435534,0.004802309,0.013743012,0.964339095,0.349436454,0.950769231
3939,OK,,213.684211,8.61904737,133,123.6,133,52.020076,0.620093964,1.07857843,0.006737487,0.008069322,0.96734583,0.834950834,0.929323308
3940,OK,,213.684211,8.61904737,136,123.6,136,53.1934612,0.298244854,1.60657857,0.009957061,0.003849374,0.964190647,2.58667003,0.908823529
3941,OK,,213.684211,8.61904737,139,123.6,139,54.3668464,0.122906907,2.42481515,0.014893421,0.001568632,0.953138314,9.49453087,0.889208633
3942,OK,,213.684211,8.61904737,142,123.6,142,55.5402315,0.050311254,3.50848343,0.021336995,0.000633759,0.935924021,33.6673769,0.870422535
3943,OK,,213.684211,8.61904737,145,123.6,145,56.7136167,0.024333189,4.63966643,0.02792165,0.000302103,0.917762261,92.4243435,0.852413793
3944,OK,,213.684211,8.61904737,148,123.6,148,57.8870019,0.013276314,5.78574404,0.034466981,0.000162594,0.899821719,211.981408,0.835135135
3945,OK,,213.684211,8.61904737,151,123.6,151,59.0603871,0.007665279,6.99182894,0.041206671,9.25E-05,0.881485805,445.323686,0.818543046
3946,OK,,213.684211,8.61904737,154,123.6,154,60.2337722,0.004803798,8.1791416,0.047696851,5.72E-05,0.864130286,834.054535,0.802597403
3947,OK,,213.684211,8.61904737,157,123.6,157,61.4071574,0.003151685,9.38212398,0.054125118,3.70E-05,0.847163164,1463.07904,0.787261146
3948,OK,,213.684211,8.61904737,160,123.6,160,62.5805426,0.00211003,10.6362548,0.060674021,2.44E-05,0.830005232,2485.89468,0.7725
3949,OK,,213.684211,9.10809474,121,123.6,121,47.3265353,2.68507327,0.334597355,0.00213623,0.035461794,0.936194978,0.060240321,1.0214876
3950,OK,,213.684211,9.10809474,124,123.6,124,48.4999205,2.14871264,0.422640073,0.002683401,0.028281268,0.946982331,0.094882636,0.996774194
3951,OK,,213.684211,9.10809474,127,123.6,127,49.6733057,1.62431777,0.547330405,0.003454694,0.021298004,0.956281384,0.162207411,0.973228346
3952,OK,,213.684211,9.10809474,130,123.6,130,50.8466908,1.13597431,0.730154523,0.004579684,0.014825873,0.963298913,0.308898118,0.950769231
3953,OK,,213.684211,9.10809474,133,123.6,133,52.020076,0.69800548,1.01682765,0.006334232,0.009057481,0.967035167,0.699336992,0.929323308
3954,OK,,213.684211,9.10809474,136,123.6,136,53.1934612,0.346157379,1.50750599,0.009319044,0.004457819,0.965152421,2.09049379,0.908823529
3955,OK,,213.684211,9.10809474,139,123.6,139,54.3668464,0.146075373,2.27263433,0.01392641,0.001861324,0.955511311,7.48199063,0.889208633
3956,OK,,213.684211,9.10809474,142,123.6,142,55.5402315,0.060251777,3.30777807,0.020073131,0.000757928,0.939358736,26.4842326,0.870422535
3957,OK,,213.684211,9.10809474,145,123.6,145,56.7136167,0.028819629,4.41217092,0.026505977,0.00035756,0.921694457,74.1301081,0.852413793
3958,OK,,213.684211,9.10809474,148,123.6,148,57.8870019,0.0151646,5.58323574,0.033193724,0.000185508,0.903287437,178.934215,0.835135135
3959,Errors,,213.684211,9.10809474,151,123.6,151,59.0603871,0.016726596,6.33922998,0.036782992,0.000201932,0.89238207,182.155436,0.818543046
3960,OK,,213.684211,9.10809474,154,123.6,154,60.2337722,0.00539836,7.96447473,0.046357068,6.42E-05,0.867684311,722.123574,0.802597403
3961,OK,,213.684211,9.10809474,157,123.6,157,61.4071574,0.003452722,9.20013918,0.052968718,4.05E-05,0.850121838,1308.58971,0.787261146
3962,OK,,213.684211,9.10809474,160,123.6,160,62.5805426,0.002343781,10.4622443,0.059581219,2.71E-05,0.832782081,2198.80056,0.7725
3963,OK,,213.684211,9.59714211,121,123.6,121,47.3265353,2.79444666,0.324879507,0.002067704,0.036775359,0.934089277,0.056225249,1.0214876
3964,OK,,213.684211,9.59714211,124,123.6,124,48.4999205,2.24721139,0.409800216,0.002593953,0.029479501,0.945216166,0.087991745,0.996774194
3965,OK,,213.684211,9.59714211,127,123.6,127,49.6733057,1.7205477,0.527663194,0.003320627,0.022486545,0.954740059,0.14767172,0.973228346
3966,OK,,213.684211,9.59714211,130,123.6,130,50.8466908,1.22450468,0.699269412,0.004373276,0.01593229,0.962165206,0.27449135,0.950769231
3967,OK,,213.684211,9.59714211,133,123.6,133,52.020076,0.772556052,0.965592539,0.005998393,0.009997136,0.966586966,0.600011151,0.929323308
3968,OK,,213.684211,9.59714211,136,123.6,136,53.1934612,0.40491223,1.407103,0.008675969,0.005201944,0.965935377,1.66783206,0.908823529
3969,OK,,213.684211,9.59714211,139,123.6,139,54.3668464,0.173735585,2.12433059,0.012986896,0.002209852,0.957730376,5.87681824,0.889208633
3970,OK,,213.684211,9.59714211,142,123.6,142,55.5402315,0.07319244,3.09913595,0.018766922,0.00091941,0.942882334,20.4119257,0.870422535
3971,OK,,213.684211,9.59714211,145,123.6,145,56.7136167,0.033573393,4.21316311,0.025257355,0.000416016,0.925119632,60.7124214,0.852413793
3972,OK,,213.684211,9.59714211,148,123.6,148,57.8870019,0.017388024,5.37788189,0.03190806,0.000212457,0.906796522,150.185631,0.835135135
3973,OK,,213.684211,9.59714211,151,123.6,151,59.0603871,0.009909445,6.56039846,0.038517971,0.000119383,0.888752712,322.641782,0.818543046
3974,OK,,213.684211,9.59714211,154,123.6,154,60.2337722,0.006047559,7.75812285,0.045069354,7.18E-05,0.871099383,627.377537,0.802597403
3975,OK,,213.684211,9.59714211,157,123.6,157,61.4071574,0.003917995,8.95499176,0.051470021,4.59E-05,0.854106425,1121.54609,0.787261146
3976,OK,,213.684211,9.59714211,160,123.6,160,62.5805426,0.002637019,10.1679574,0.057817021,3.05E-05,0.837479926,1898.06857,0.7725
3977,OK,,213.684211,10.0861895,121,123.6,121,47.3265353,2.87975208,0.317814454,0.002016548,0.03778041,0.932436074,0.053375483,1.0214876
3978,OK,,213.684211,10.0861895,124,123.6,124,48.4999205,2.34397727,0.397972251,0.002511423,0.030647917,0.943464866,0.081944332,0.996774194
3979,OK,,213.684211,10.0861895,127,123.6,127,49.6733057,1.81803478,0.509238293,0.003195112,0.023683074,0.953148416,0.134911196,0.973228346
3980,OK,,213.684211,10.0861895,130,123.6,130,50.8466908,1.30950501,0.672358734,0.004192826,0.016986986,0.961022759,0.246825759,0.950769231
3981,OK,,213.684211,10.0861895,133,123.6,133,52.020076,0.852632195,0.917173134,0.005681722,0.011001743,0.965978417,0.516438365,0.929323308
3982,OK,,213.684211,10.0861895,136,123.6,136,53.1934612,0.467318491,1.31880394,0.008110287,0.005988804,0.966422143,1.35424149,0.908823529
3983,OK,,213.684211,10.0861895,139,123.6,139,54.3668464,0.205962517,1.98952297,0.012133541,0.002614869,0.9596172,4.64020921,0.889208633
3984,OK,,213.684211,10.0861895,142,123.6,142,55.5402315,0.086676065,2.91813967,0.017631854,0.001087194,0.945898394,16.2177623,0.870422535
3985,OK,,213.684211,10.0861895,145,123.6,145,56.7136167,0.039538452,4.00432608,0.023955563,0.000489305,0.928696762,48.9583723,0.852413793
3986,OK,,213.684211,10.0861895,148,123.6,148,57.8870019,0.019795287,5.18753534,0.030708299,0.00024146,0.91004318,127.177586,0.835135135
3987,OK,,213.684211,10.0861895,151,123.6,151,59.0603871,0.011122839,6.35349301,0.037229551,0.00013385,0.892235453,278.143222,0.818543046
3988,OK,,213.684211,10.0861895,154,123.6,154,60.2337722,0.006855181,7.52848515,0.043654298,8.13E-05,0.874898416,536.654499,0.802597403
3989,OK,,213.684211,10.0861895,157,123.6,157,61.4071574,0.004366446,8.74372166,0.050162869,5.11E-05,0.857539602,981.801216,0.787261146
3990,OK,,213.684211,10.0861895,160,123.6,160,62.5805426,0.00293043,9.94908759,0.05647164,3.38E-05,0.840972647,1669.95149,0.7725
3991,OK,,213.684211,10.5752368,121,123.6,121,47.3265353,2.98636064,0.308988941,0.001954448,0.03904253,0.930369938,0.050059457,1.0214876
3992,OK,,213.684211,10.5752368,124,123.6,124,48.4999205,2.44091057,0.386820055,0.002433627,0.031810604,0.94169618,0.076503643,0.996774194
3993,OK,,213.684211,10.5752368,127,123.6,127,49.6733057,1.91349141,0.492512045,0.003080954,0.024846201,0.951563452,0.124001017,0.973228346
3994,OK,,213.684211,10.5752368,130,123.6,130,50.8466908,1.40533716,0.643923679,0.0040038,0.01817203,0.959697262,0.220327638,0.950769231
3995,OK,,213.684211,10.5752368,133,123.6,133,52.020076,0.935131257,0.873097762,0.005393533,0.012031157,0.965239785,0.4482971,0.929323308
3996,OK,,213.684211,10.5752368,136,123.6,136,53.1934612,0.535567675,1.23780615,0.007592078,0.006845681,0.966661808,1.1090318,0.908823529
3997,OK,,213.684211,10.5752368,139,123.6,139,54.3668464,0.234081785,1.89085396,0.011503072,0.002966395,0.960914861,3.87779463,0.889208633
3998,OK,,213.684211,10.5752368,142,123.6,142,55.5402315,0.103109574,2.74414347,0.016543514,0.001291353,0.948735305,12.8109895,0.870422535
3999,OK,,213.684211,10.5752368,145,123.6,145,56.7136167,0.046084378,3.81449957,0.022771356,0.000569575,0.931928447,39.9795718,0.852413793
4000,OK,,213.684211,10.5752368,148,123.6,148,57.8870019,0.022108288,4.9635475,0.029330399,0.000269495,0.91387262,108.834664,0.835135135
4001,OK,,213.684211,10.5752368,151,123.6,151,59.0603871,0.012877912,6.13157481,0.035859719,0.000154797,0.895963216,231.656387,0.818543046
4002,OK,,213.684211,10.5752368,154,123.6,154,60.2337722,0.007689957,7.32797813,0.042408984,9.12E-05,0.878213371,465.264516,0.802597403
4003,OK,,213.684211,10.5752368,157,123.6,157,61.4071574,0.005127603,8.52184606,0.048800748,5.99E-05,0.861140394,814.206343,0.787261146
4004,OK,,213.684211,10.5752368,160,123.6,160,62.5805426,0.003243922,9.740176,0.055185177,3.74E-05,0.844305921,1475.71307,0.7725
4005,OK,,213.684211,11.0642842,121,123.6,121,47.3265353,3.09095654,0.301095276,0.001898605,0.04027087,0.92832664,0.047145856,1.0214876
4006,OK,,213.684211,11.0642842,124,123.6,124,48.4999205,2.53751966,0.376340243,0.002360504,0.032961456,0.939920316,0.071614077,0.996774194
4007,OK,,213.684211,11.0642842,127,123.6,127,49.6733057,2.00961945,0.47681672,0.002973874,0.026010046,0.949944218,0.114335611,0.973228346
4008,OK,,213.684211,11.0642842,130,123.6,130,50.8466908,1.49677029,0.619787671,0.003842515,0.019294067,0.958373732,0.199155286,0.950769231
4009,OK,,213.684211,11.0642842,133,123.6,133,52.020076,1.01857619,0.833416112,0.005133922,0.013066376,0.964398508,0.392910929,0.929323308
4010,OK,,213.684211,11.0642842,136,123.6,136,53.1934612,0.601208528,1.17149981,0.007166193,0.007665061,0.966674319,0.934916595,0.908823529
4011,OK,,213.684211,11.0642842,139,123.6,139,54.3668464,0.294078288,1.72204744,0.010451456,0.003718094,0.962916265,2.81097127,0.889208633
4012,OK,,213.684211,11.0642842,142,123.6,142,55.5402315,0.123051299,2.57304944,0.015477188,0.001538657,0.951456797,10.0588973,0.870422535
4013,Errors,,213.684211,11.0642842,145,123.6,145,56.7136167,0.029939051,5.7642185,0.034016026,0.000365217,0.897834808,93.1391422,0.852413793
4014,OK,,213.684211,11.0642842,148,123.6,148,57.8870019,0.026374886,4.77771182,0.028172985,0.0003211,0.917009233,87.7390035,0.835135135
4015,OK,,213.684211,11.0642842,151,123.6,151,59.0603871,0.014329496,5.96243054,0.034791896,0.000171975,0.898802559,202.307756,0.818543046
4016,OK,,213.684211,11.0642842,154,123.6,154,60.2337722,0.008588009,7.13438571,0.041207272,0.000101681,0.881412479,405.259868,0.802597403
4017,OK,,213.684211,11.0642842,157,123.6,157,61.4071574,0.00537145,8.34626308,0.047700086,6.27E-05,0.863995748,760.637264,0.787261146
4018,OK,,213.684211,11.0642842,160,123.6,160,62.5805426,0.003294333,9.62859968,0.05443294,3.79E-05,0.846088039,1435.19312,0.7725
4019,OK,,213.684211,11.5533316,121,123.6,121,47.3265353,3.18668739,0.294268936,0.001849854,0.041382413,0.926448106,0.044701462,1.0214876
4020,OK,,213.684211,11.5533316,124,123.6,124,48.4999205,2.63918118,0.365897688,0.00228802,0.034167177,0.938039509,0.066965447,0.996774194
4021,OK,,213.684211,11.5533316,127,123.6,127,49.6733057,2.1198085,0.459979581,0.002860232,0.027340989,0.9480649,0.104613351,0.973228346
4022,OK,,213.684211,11.5533316,130,123.6,130,50.8466908,1.59104143,0.59689793,0.003689826,0.0204446,0.956969877,0.180479222,0.950769231
4023,OK,,213.684211,11.5533316,133,123.6,133,52.020076,1.10471389,0.796677875,0.004893773,0.014129314,0.963448885,0.346356006,0.929323308
4024,OK,,213.684211,11.5533316,136,123.6,136,53.1934612,0.674103796,1.10776839,0.00675814,0.008571433,0.966502045,0.788449311,0.908823529
4025,OK,,213.684211,11.5533316,139,123.6,139,54.3668464,0.339690557,1.62046699,0.009810311,0.004285622,0.963945719,2.2891222,0.889208633
4026,OK,,213.684211,11.5533316,142,123.6,142,55.5402315,0.147181808,2.40686873,0.014444817,0.001837333,0.954014406,7.86183942,0.870422535
4027,OK,,213.684211,11.5533316,145,123.6,145,56.7136167,0.064453233,3.42070923,0.02033419,0.000794465,0.938548048,25.5948275,0.852413793
4028,OK,,213.684211,11.5533316,148,123.6,148,57.8870019,0.030240296,4.58865942,0.026991763,0.000367397,0.920208344,73.4675493,0.835135135
4029,OK,,213.684211,11.5533316,151,123.6,151,59.0603871,0.016552336,5.73153943,0.033386038,0.000198506,0.90267433,168.18696,0.818543046
4030,OK,,213.684211,11.5533316,154,123.6,154,60.2337722,0.009622825,6.93613911,0.039976882,0.000113764,0.884686586,351.401008,0.802597403
4031,OK,,213.684211,11.5533316,157,123.6,157,61.4071574,0.006089681,8.11063116,0.046270642,7.10E-05,0.867821258,651.413325,0.787261146
4032,OK,,213.684211,11.5533316,160,123.6,160,62.5805426,0.003994788,9.31718013,0.052596884,4.60E-05,0.851053146,1144.47324,0.7725
4033,OK,,213.684211,12.0423789,121,123.6,121,47.3265353,3.28485593,0.287583366,0.00180226,0.04251599,0.924515089,0.042390159,1.0214876
4034,OK,,213.684211,12.0423789,124,123.6,124,48.4999205,2.73711779,0.356415595,0.002221965,0.035318791,0.936215702,0.062911688,0.996774194
4035,OK,,213.684211,12.0423789,127,123.6,127,49.6733057,2.20989922,0.447250153,0.002772826,0.028414212,0.946507499,0.097585879,0.973228346
4036,OK,,213.684211,12.0423789,130,123.6,130,50.8466908,1.68279884,0.576372858,0.00355257,0.021556401,0.955568953,0.164803488,0.950769231
4037,OK,,213.684211,12.0423789,133,123.6,133,52.020076,1.18900105,0.764266735,0.004681412,0.015162643,0.962451655,0.308746443,0.929323308
4038,OK,,213.684211,12.0423789,136,123.6,136,53.1934612,0.748650752,1.05112258,0.006395206,0.009493474,0.966165516,0.673642305,0.908823529
4039,OK,,213.684211,12.0423789,139,123.6,139,54.3668464,0.394940205,1.51805121,0.009167145,0.0049712,0.964813272,1.84405062,0.889208633
4040,OK,,213.684211,12.0423789,142,123.6,142,55.5402315,0.174467663,2.25607475,0.013508539,0.002174167,0.956238166,6.21320055,0.870422535
4041,OK,,213.684211,12.0423789,145,123.6,145,56.7136167,0.075601485,3.2459703,0.019253357,0.000930568,0.941432552,20.6898959,0.852413793
4042,OK,,213.684211,12.0423789,148,123.6,148,57.8870019,0.036052947,4.34974436,0.025546045,0.000437859,0.924235197,58.3430771,0.835135135
4043,OK,,213.684211,12.0423789,151,123.6,151,59.0603871,0.01918231,5.50853723,0.03201908,0.000229688,0.906405633,139.402756,0.818543046
4044,OK,,213.684211,12.0423789,154,123.6,154,60.2337722,0.010837023,6.72570466,0.038687164,0.000127956,0.888160056,302.34689,0.802597403
4045,OK,,213.684211,12.0423789,157,123.6,157,61.4071574,0.006823318,7.89793924,0.044973187,7.95E-05,0.871272945,565.673983,0.787261146
4046,OK,,213.684211,12.0423789,160,123.6,160,62.5805426,0.004462422,9.09465497,0.051248789,5.13E-05,0.854601494,999.295491,0.7725
4047,OK,,213.684211,12.5314263,121,123.6,121,47.3265353,3.38774868,0.28087396,0.001754786,0.043699794,0.922482755,0.040155481,1.0214876
4048,OK,,213.684211,12.5314263,124,123.6,124,48.4999205,2.83913407,0.347639128,0.00216067,0.036513049,0.934293228,0.059175282,0.996774194
4049,OK,,213.684211,12.5314263,127,123.6,127,49.6733057,2.29921832,0.435346535,0.002691045,0.029471622,0.944949006,0.091309692,0.973228346
4050,OK,,213.684211,12.5314263,130,123.6,130,50.8466908,1.77875816,0.556454006,0.003419803,0.022713518,0.954073468,0.150562452,0.950769231
4051,OK,,213.684211,12.5314263,133,123.6,133,52.020076,1.28008373,0.732396923,0.004473491,0.016274554,0.961313385,0.274876405,0.929323308
4052,OK,,213.684211,12.5314263,136,123.6,136,53.1934612,0.827712115,0.998393255,0.006057892,0.010466868,0.965670492,0.578768345,0.908823529
4053,OK,,213.684211,12.5314263,139,123.6,139,54.3668464,0.454837594,1.42557094,0.008586786,0.005711547,0.965412588,1.50340817,0.889208633
4054,OK,,213.684211,12.5314263,142,123.6,142,55.5402315,0.205262282,2.11970889,0.012662247,0.002553318,0.958138972,4.95913439,0.870422535
4055,OK,,213.684211,12.5314263,145,123.6,145,56.7136167,0.089267555,3.0601145,0.018111885,0.001097216,0.944468679,16.5071269,0.852413793
4056,OK,,213.684211,12.5314263,148,123.6,148,57.8870019,0.041942547,4.15204374,0.024334624,0.000508751,0.927548739,47.8321268,0.835135135
4057,OK,,213.684211,12.5314263,151,123.6,151,59.0603871,0.021192037,5.30526096,0.030781378,0.000253565,0.909813442,121.394493,0.818543046
4058,OK,,213.684211,12.5314263,154,123.6,154,60.2337722,0.012491972,6.49220827,0.037283331,0.000147418,0.892009084,252.909366,0.802597403
4059,OK,,213.684211,12.5314263,157,123.6,157,61.4071574,0.00766766,7.68250204,0.043664997,8.92E-05,0.874767535,489.255977,0.787261146
4060,OK,,213.684211,12.5314263,160,123.6,160,62.5805426,0.004959029,8.88482628,0.049974856,5.69E-05,0.857946497,877.771684,0.7725
4061,OK,,213.684211,13.0204737,121,123.6,121,47.3265353,3.48837282,0.274630578,0.001710505,0.04484783,0.920488509,0.038140186,1.0214876
4062,OK,,213.684211,13.0204737,124,123.6,124,48.4999205,2.93824248,0.339031925,0.002100795,0.037663685,0.932427221,0.055777731,0.996774194
4063,OK,,213.684211,13.0204737,127,123.6,127,49.6733057,2.39689963,0.423012912,0.002607025,0.030624534,0.943230826,0.085128646,0.973228346
4064,OK,,213.684211,13.0204737,130,123.6,130,50.8466908,1.87345025,0.53822933,0.00329816,0.023847454,0.952569586,0.13830239,0.950769231
4065,OK,,213.684211,13.0204737,133,123.6,133,52.020076,1.36862892,0.703537941,0.00428504,0.017348102,0.960166016,0.247003376,0.929323308
4066,OK,,213.684211,13.0204737,136,123.6,136,53.1934612,0.911549306,0.949105723,0.00574309,0.011493984,0.965020982,0.499660509,0.908823529
4067,OK,,213.684211,13.0204737,139,123.6,139,54.3668464,0.521907542,1.33852137,0.008041503,0.006536771,0.965780084,1.23019498,0.889208633
4068,OK,,213.684211,13.0204737,142,123.6,142,55.5402315,0.244022649,1.9776581,0.01178599,0.0030296,0.959998713,3.89027934,0.870422535
4069,OK,,213.684211,13.0204737,145,123.6,145,56.7136167,0.105406185,2.88651468,0.017046961,0.001293653,0.947245106,13.1773861,0.852413793
4070,OK,,213.684211,13.0204737,148,123.6,148,57.8870019,0.048082643,3.9782047,0.023266044,0.000582474,0.930445744,39.943476,0.835135135
4071,OK,,213.684211,13.0204737,151,123.6,151,59.0603871,0.025081166,5.10767602,0.029574063,0.00029972,0.913093066,98.6724139,0.818543046
4072,OK,,213.684211,13.0204737,154,123.6,154,60.2337722,0.014203768,6.27771317,0.035982399,0.000167433,0.895541709,214.906193,0.802597403
4073,OK,,213.684211,13.0204737,157,123.6,157,61.4071574,0.008630628,7.46673437,0.042359493,0.000100349,0.878265575,422.120008,0.787261146
4074,OK,,213.684211,13.0204737,160,123.6,160,62.5805426,0.005244841,8.66984395,0.048676961,6.02E-05,0.86137722,809.213112,0.7725
4075,OK,,213.684211,13.5095211,121,123.6,121,47.3265353,3.58973787,0.268621337,0.001667936,0.045996938,0.91847366,0.036261888,1.0214876
4076,OK,,213.684211,13.5095211,124,123.6,124,48.4999205,3.03791756,0.330805035,0.002043616,0.038813461,0.930541688,0.052652239,0.996774194
4077,OK,,213.684211,13.5095211,127,123.6,127,49.6733057,2.49559078,0.411894387,0.002530944,0.031782146,0.941467854,0.079634157,0.973228346
4078,OK,,213.684211,13.5095211,130,123.6,130,50.8466908,1.96649606,0.521551961,0.003186661,0.024953967,0.951067651,0.127701595,0.950769231
4079,OK,,213.684211,13.5095211,133,123.6,133,52.020076,1.46046121,0.67681144,0.004110535,0.01845559,0.958914465,0.222725745,0.929323308
4080,OK,,213.684211,13.5095211,136,123.6,136,53.1934612,0.989665422,0.908313323,0.005481183,0.012444356,0.964319322,0.440455368,0.908823529
4081,OK,,213.684211,13.5095211,139,123.6,139,54.3668464,0.583493209,1.27048708,0.007613098,0.007290964,0.965898697,1.04418258,0.889208633
4082,OK,,213.684211,13.5095211,142,123.6,142,55.5402315,0.286927545,1.85251755,0.011013778,0.003555068,0.961479363,3.09804977,0.870422535
4083,OK,,213.684211,13.5095211,145,123.6,145,56.7136167,0.12604613,2.70553793,0.015943348,0.001544559,0.950072236,10.3222671,0.852413793
4084,OK,,213.684211,13.5095211,148,123.6,148,57.8870019,0.056937486,3.76569302,0.021978417,0.000688851,0.933963923,31.9059271,0.835135135
4085,OK,,213.684211,13.5095211,151,123.6,151,59.0603871,0.028381951,4.94325008,0.028552317,0.000338589,0.915821208,84.3274821,0.818543046
4086,OK,,213.684211,13.5095211,154,123.6,154,60.2337722,0.016294419,6.06623714,0.0346992,0.000191849,0.899017921,180.86702,0.802597403
4087,OK,,213.684211,13.5095211,157,123.6,157,61.4071574,0.009839285,7.23826455,0.040985245,0.000114277,0.881966466,358.647376,0.787261146
4088,OK,,213.684211,13.5095211,160,123.6,160,62.5805426,0.006188372,8.45450373,0.047379652,7.09E-05,0.864803152,668.262564,0.7725
4089,OK,,213.684211,13.9985684,121,123.6,121,47.3265353,3.68798404,0.263064428,0.001628438,0.04710126,0.916515155,0.03457312,1.0214876
4090,OK,,213.684211,13.9985684,124,123.6,124,48.4999205,3.13326941,0.323334561,0.001991456,0.039903765,0.928729698,0.049906459,0.996774194
4091,OK,,213.684211,13.9985684,127,123.6,127,49.6733057,2.60026426,0.400130464,0.00245132,0.033004794,0.939597442,0.074271641,0.973228346
4092,OK,,213.684211,13.9985684,130,123.6,130,50.8466908,2.06228624,0.505479561,0.003079463,0.026087104,0.949499844,0.118045429,0.950769231
4093,OK,,213.684211,13.9985684,133,123.6,133,52.020076,1.55513252,0.651513587,0.003945623,0.019591132,0.957580875,0.201398414,0.929323308
4094,OK,,213.684211,13.9985684,136,123.6,136,53.1934612,1.07667374,0.867407994,0.00521993,0.01349893,0.963452618,0.386692098,0.908823529
4095,OK,,213.684211,13.9985684,139,123.6,139,54.3668464,0.657970865,1.19910146,0.007166546,0.008199881,0.965841824,0.873981717,0.889208633
4096,OK,,213.684211,13.9985684,142,123.6,142,55.5402315,0.333209086,1.74029753,0.010319751,0.004118212,0.962666583,2.50588132,0.870422535
4097,OK,,213.684211,13.9985684,145,123.6,145,56.7136167,0.148816142,2.54429473,0.014959719,0.001820645,0.952513858,8.21671553,0.852413793
4098,OK,,213.684211,13.9985684,148,123.6,148,57.8870019,0.067703409,3.57476346,0.020816328,0.000817902,0.937076256,25.4508927,0.835135135
4099,OK,,213.684211,13.9985684,151,123.6,151,59.0603871,0.033629791,4.70012494,0.027102279,0.000400906,0.919848904,67.6025127,0.818543046
4100,OK,,213.684211,13.9985684,154,123.6,154,60.2337722,0.018449496,5.86475984,0.03348125,0.000216978,0.902327065,154.307309,0.802597403
4101,OK,,213.684211,13.9985684,157,123.6,157,61.4071574,0.010919067,7.05341816,0.03986052,0.000126678,0.884959058,314.660256,0.787261146
4102,OK,,213.684211,13.9985684,160,123.6,160,62.5805426,0.006950066,8.23006403,0.046039263,7.95E-05,0.868377394,578.780711,0.7725
4103,OK,,213.684211,14.4876158,121,123.6,121,47.3265353,3.79298124,0.257349166,0.001588164,0.048278269,0.914417348,0.032896038,1.0214876
4104,OK,,213.684211,14.4876158,124,123.6,124,48.4999205,3.23826518,0.315443781,0.001936968,0.041102338,0.92672753,0.047125491,0.996774194
4105,OK,,213.684211,14.4876158,127,123.6,127,49.6733057,2.69310628,0.390343026,0.002384291,0.034076521,0.937925426,0.069968735,0.973228346
4106,OK,,213.684211,14.4876158,130,123.6,130,50.8466908,2.15946754,0.49021001,0.002977733,0.027229839,0.947888889,0.109355521,0.950769231
4107,OK,,213.684211,14.4876158,133,123.6,133,52.020076,1.64433845,0.629585553,0.00380199,0.020652817,0.956287569,0.184090618,0.929323308
4108,OK,,213.684211,14.4876158,136,123.6,136,53.1934612,1.16073889,0.831887538,0.004992362,0.014511152,0.962540012,0.344036213,0.908823529
4109,OK,,213.684211,14.4876158,139,123.6,139,54.3668464,0.7291248,1.13999951,0.006795343,0.009063044,0.965620145,0.749785943,0.889208633
4110,OK,,213.684211,14.4876158,142,123.6,142,55.5402315,0.387324725,1.63212127,0.009656183,0.004778328,0.963639943,2.02082888,0.870422535
4111,OK,,213.684211,14.4876158,145,123.6,145,56.7136167,0.177166784,2.39462037,0.014044609,0.002163477,0.954653092,6.49168395,0.852413793
4112,OK,,213.684211,14.4876158,148,123.6,148,57.8870019,0.07939093,3.38576388,0.019674564,0.000957789,0.940139328,20.5416377,0.835135135
4113,OK,,213.684211,14.4876158,151,123.6,151,59.0603871,0.038943709,4.4957108,0.025871921,0.000463693,0.923220034,55.795321,0.818543046
4114,OK,,213.684211,14.4876158,154,123.6,154,60.2337722,0.021038849,5.65602933,0.032227143,0.00024715,0.905749416,130.394862,0.802597403
4115,OK,,213.684211,14.4876158,157,123.6,157,61.4071574,0.01230978,6.84010894,0.038582581,0.000142659,0.888410097,270.453959,0.787261146
4116,OK,,213.684211,14.4876158,160,123.6,160,62.5805426,0.007545988,8.07400128,0.045075951,8.63E-05,0.870861662,522.502185,0.7725
4117,OK,,213.684211,14.9766632,121,123.6,121,47.3265353,3.89344465,0.25213607,0.00155124,0.049393742,0.912404728,0.031405603,1.0214876
4118,OK,,213.684211,14.9766632,124,123.6,124,48.4999205,3.33815325,0.308320995,0.001887528,0.042231999,0.924814841,0.044694258,0.996774194
4119,OK,,213.684211,14.9766632,127,123.6,127,49.6733057,2.78580698,0.381056666,0.002320699,0.035139832,0.936246167,0.066041841,0.973228346
4120,OK,,213.684211,14.9766632,130,123.6,130,50.8466908,2.25572625,0.476027286,0.002883165,0.028354156,0.946274704,0.101684045,0.950769231
4121,OK,,213.684211,14.9766632,133,123.6,133,52.020076,1.73164774,0.609665239,0.00367122,0.0216847,0.954992127,0.169299992,0.929323308
4122,OK,,213.684211,14.9766632,136,123.6,136,53.1934612,1.24953357,0.79782754,0.004774708,0.015575234,0.961511038,0.306557711,0.908823529
4123,OK,,213.684211,14.9766632,139,123.6,139,54.3668464,0.804717562,1.08472039,0.006448687,0.009975966,0.965246505,0.646422309,0.889208633
4124,OK,,213.684211,14.9766632,142,123.6,142,55.5402315,0.444901669,1.54473307,0.009114209,0.00547526,0.964176693,1.66461689,0.870422535
4125,OK,,213.684211,14.9766632,145,123.6,145,56.7136167,0.210127922,2.24355916,0.013128798,0.002561392,0.956735486,5.12564941,0.852413793
4126,OK,,213.684211,14.9766632,148,123.6,148,57.8870019,0.093320974,3.20289081,0.018572652,0.001124264,0.943057825,16.5198358,0.835135135
4127,OK,,213.684211,14.9766632,151,123.6,151,59.0603871,0.045036336,4.29565548,0.024669004,0.000535491,0.926504176,46.0680061,0.818543046
4128,OK,,213.684211,14.9766632,154,123.6,154,60.2337722,0.023397158,5.48397969,0.031173675,0.000274337,0.908566629,113.632666,0.802597403
4129,OK,,213.684211,14.9766632,157,123.6,157,61.4071574,0.013992598,6.61842508,0.037262959,0.000161987,0.891992758,230.03642,0.787261146
4130,OK,,213.684211,14.9766632,160,123.6,160,62.5805426,0.008599572,7.82438417,0.043606954,9.82E-05,0.87483356,443.987501,0.7725
4131,OK,,213.684211,15.4657105,121,123.6,121,47.3265353,3.9963865,0.247004997,0.001515026,0.050530759,0.910338007,0.029982255,1.0214876
4132,OK,,213.684211,15.4657105,124,123.6,124,48.4999205,3.43870683,0.301473759,0.001840053,0.043361968,0.922882748,0.04243472,0.996774194
4133,OK,,213.684211,15.4657105,127,123.6,127,49.6733057,2.89090305,0.370981699,0.002252613,0.036344353,0.934333246,0.061979727,0.973228346
4134,OK,,213.684211,15.4657105,130,123.6,130,50.8466908,2.35389604,0.463096968,0.002796675,0.029494204,0.944598302,0.094821164,0.950769231
4135,OK,,213.684211,15.4657105,133,123.6,133,52.020076,1.8340773,0.587848744,0.003529736,0.022893914,0.953442474,0.15417791,0.929323308
4136,OK,,213.684211,15.4657105,136,123.6,136,53.1934612,1.33755139,0.767119255,0.004578204,0.016623492,0.960433659,0.275405707,0.908823529
4137,OK,,213.684211,15.4657105,139,123.6,139,54.3668464,0.885695674,1.03856755,0.006156411,0.010948017,0.964605944,0.562331151,0.889208633
4138,OK,,213.684211,15.4657105,142,123.6,142,55.5402315,0.507452017,1.45588052,0.008568444,0.006230175,0.964650264,1.37531349,0.870422535
4139,OK,,213.684211,15.4657105,145,123.6,145,56.7136167,0.242577209,2.12021896,0.012378113,0.002951584,0.958338115,4.19371812,0.852413793
4140,OK,,213.684211,15.4657105,148,123.6,148,57.8870019,0.110027417,3.02252389,0.017489601,0.001323602,0.945885066,13.2136426,0.835135135
4141,OK,,213.684211,15.4657105,151,123.6,151,59.0603871,0.051250712,4.12398105,0.023629196,0.000608352,0.929305716,38.8413204,0.818543046
4142,OK,,213.684211,15.4657105,154,123.6,154,60.2337722,0.027386443,5.24882416,0.029790226,0.000320979,0.912404447,92.8106172,0.802597403
4143,OK,,213.684211,15.4657105,157,123.6,157,61.4071574,0.015731746,6.41711406,0.03606033,0.00018192,0.895242736,198.221154,0.787261146
4144,OK,,213.684211,15.4657105,160,123.6,160,62.5805426,0.009644264,7.60880305,0.042328065,0.000110033,0.878261725,384.684723,0.7725
4145,OK,,213.684211,15.9547579,121,123.6,121,47.3265353,4.10179435,0.241956277,0.001479524,0.05168931,0.908217439,0.028623396,1.0214876
4146,OK,,213.684211,15.9547579,124,123.6,124,48.4999205,3.54088908,0.29462191,0.001792825,0.044504021,0.92091717,0.040284556,0.996774194
4147,OK,,213.684211,15.9547579,127,123.6,127,49.6733057,2.99310983,0.361709163,0.002189798,0.037506729,0.932462337,0.05838415,0.973228346
4148,OK,,213.684211,15.9547579,130,123.6,130,50.8466908,2.4510078,0.450434667,0.002712302,0.03061451,0.942937438,0.088595293,0.950769231
4149,OK,,213.684211,15.9547579,133,123.6,133,52.020076,1.92593519,0.569755597,0.003411371,0.023967884,0.952024469,0.142330912,0.929323308
4150,OK,,213.684211,15.9547579,136,123.6,136,53.1934612,1.43410668,0.740740562,0.004407478,0.017766281,0.959114387,0.2480811,0.908823529
4151,OK,,213.684211,15.9547579,139,123.6,139,54.3668464,0.973366722,0.987980181,0.005840679,0.011996115,0.963923843,0.486880877,0.889208633
4152,OK,,213.684211,15.9547579,142,123.6,142,55.5402315,0.572830563,1.37660171,0.008081374,0.007015772,0.964900537,1.1518866,0.870422535
4153,OK,,213.684211,15.9547579,145,123.6,145,56.7136167,0.288197634,1.97690205,0.011514986,0.003499685,0.960060743,3.29029228,0.852413793
4154,OK,,213.684211,15.9547579,148,123.6,148,57.8870019,0.129045051,2.85327441,0.016474767,0.001550051,0.948480326,10.6285313,0.835135135
4155,OK,,213.684211,15.9547579,151,123.6,151,59.0603871,0.060443765,3.9108626,0.022369728,0.000716991,0.932758545,31.1994737,0.818543046
4156,OK,,213.684211,15.9547579,154,123.6,154,60.2337722,0.031353664,5.04387922,0.02857118,0.000367051,0.915741075,77.8399079,0.802597403
4157,OK,,213.684211,15.9547579,157,123.6,157,61.4071574,0.017678794,6.21664656,0.034865007,0.000204182,0.898475591,170.75416,0.787261146
4158,OK,,213.684211,15.9547579,160,123.6,160,62.5805426,0.010811092,7.39675546,0.041072817,0.000123216,0.881631474,333.33876,0.7725
4159,OK,,213.684211,16.4438053,121,123.6,121,47.3265353,4.20083217,0.237434574,0.001447466,0.052765364,0.906220333,0.027432126,1.0214876
4160,OK,,213.684211,16.4438053,124,123.6,124,48.4999205,3.64170368,0.288353229,0.00174941,0.04562198,0.918967766,0.038345762,0.996774194
4161,OK,,213.684211,16.4438053,127,123.6,127,49.6733057,3.09041597,0.353348183,0.002132865,0.038603181,0.930671734,0.05525101,0.973228346
4162,OK,,213.684211,16.4438053,130,123.6,130,50.8466908,2.54895538,0.438374907,0.002632006,0.031737369,0.941248285,0.082930821,0.950769231
4163,OK,,213.684211,16.4438053,133,123.6,133,52.020076,2.01846365,0.552709476,0.00329989,0.025043101,0.950573445,0.131768429,0.929323308
4164,OK,,213.684211,16.4438053,136,123.6,136,53.1934612,1.51963204,0.715660118,0.004246483,0.018771897,0.957978065,0.226214922,0.908823529
4165,OK,,213.684211,16.4438053,139,123.6,139,54.3668464,1.04731062,0.950056784,0.005601604,0.012874478,0.963261297,0.435093709,0.889208633
4166,OK,,213.684211,16.4438053,142,123.6,142,55.5402315,0.643225061,1.30301948,0.007629893,0.007858053,0.964957933,0.970964817,0.870422535
4167,OK,,213.684211,16.4438053,145,123.6,145,56.7136167,0.331794538,1.86471735,0.010835815,0.004021026,0.961270114,2.69478875,0.852413793
4168,OK,,213.684211,16.4438053,148,123.6,148,57.8870019,0.15204713,2.68548579,0.015472447,0.001823469,0.950981519,8.48516942,0.835135135
4169,OK,,213.684211,16.4438053,151,123.6,151,59.0603871,0.070534994,3.71579848,0.02121077,0.000835601,0.935890473,25.3838378,0.818543046
4170,OK,,213.684211,16.4438053,154,123.6,154,60.2337722,0.035981389,4.84112701,0.027368832,0.000420729,0.919030334,65.0509522,0.802597403
4171,OK,,213.684211,16.4438053,157,123.6,157,61.4071574,0.020108418,6.00642073,0.033620695,0.000231969,0.9018595,144.936025,0.787261146
4172,OK,,213.684211,16.4438053,160,123.6,160,62.5805426,0.01220716,7.18628458,0.039830218,0.00013898,0.884972366,286.590298,0.7725
4173,OK,,213.684211,16.9328526,121,123.6,121,47.3265353,4.30354772,0.232909857,0.001415564,0.053876898,0.90414558,0.026274035,1.0214876
4174,OK,,213.684211,16.9328526,124,123.6,124,48.4999205,3.74234709,0.281701543,0.001703933,0.046730579,0.917029789,0.03646291,0.996774194
4175,OK,,213.684211,16.9328526,127,123.6,127,49.6733057,3.18960804,0.345213375,0.002077608,0.039714753,0.928838611,0.052313246,0.973228346
4176,OK,,213.684211,16.9328526,130,123.6,130,50.8466908,2.64599427,0.427080736,0.00255675,0.032842271,0.939561947,0.077849366,0.950769231
4177,OK,,213.684211,16.9328526,133,123.6,133,52.020076,2.11985646,0.53908539,0.003208701,0.026214303,0.948886237,0.122402669,0.929323308
4178,OK,,213.684211,16.9328526,136,123.6,136,53.1934612,1.60984709,0.690358902,0.004084973,0.019827506,0.95675773,0.206025546,0.908823529
4179,OK,,213.684211,16.9328526,139,123.6,139,54.3668464,1.13771852,0.907816162,0.005338093,0.013944873,0.962375329,0.382799713,0.889208633
4180,OK,,213.684211,16.9328526,142,123.6,142,55.5402315,0.7118178,1.24058606,0.00724562,0.008674269,0.964847034,0.835300397,0.870422535
4181,OK,,213.684211,16.9328526,145,123.6,145,56.7136167,0.38104403,1.75830257,0.010193036,0.004608182,0.962278079,2.21194294,0.852413793
4182,OK,,213.684211,16.9328526,148,123.6,148,57.8870019,0.178192249,2.52977883,0.014543333,0.002133518,0.953219704,6.81659849,0.835135135
4183,OK,,213.684211,16.9328526,151,123.6,151,59.0603871,0.082234697,3.52894525,0.020102713,0.000972895,0.938856142,20.6627731,0.818543046
4184,OK,,213.684211,16.9328526,154,123.6,154,60.2337722,0.041216604,4.64458341,0.026205661,0.000481366,0.922206433,54.4402393,0.802597403
4185,OK,,213.684211,16.9328526,157,123.6,157,61.4071574,0.02215327,5.79901045,0.032400922,0.000255328,0.905203824,126.899448,0.787261146
4186,OK,,213.684211,16.9328526,160,123.6,160,62.5805426,0.013166378,7.04464171,0.038946234,0.000149558,0.887220408,260.409707,0.7725
4187,OK,,213.684211,17.4219,121,123.6,121,47.3265353,4.40908515,0.228423989,0.001384083,0.055014554,0.902010381,0.025158496,1.0214876
4188,OK,,213.684211,17.4219,124,123.6,124,48.4999205,3.84631701,0.275763347,0.001663019,0.047871407,0.915008513,0.034739305,0.996774194
4189,OK,,213.684211,17.4219,127,123.6,127,49.6733057,3.29046442,0.337307038,0.002024045,0.040839394,0.926967384,0.049561087,0.973228346
4190,OK,,213.684211,17.4219,130,123.6,130,50.8466908,2.74533316,0.416100208,0.002483795,0.033967936,0.937824206,0.073121762,0.950769231
4191,OK,,213.684211,17.4219,133,123.6,133,52.020076,2.21507352,0.52362003,0.0031078,0.027308197,0.947353142,0.113804673,0.929323308
4192,OK,,213.684211,17.4219,136,123.6,136,53.1934612,1.70401462,0.666625226,0.003933575,0.020924343,0.955433623,0.187990388,0.908823529
4193,OK,,213.684211,17.4219,139,123.6,139,54.3668464,1.22125092,0.872631164,0.005117399,0.014927264,0.961486048,0.342822287,0.889208633
4194,OK,,213.684211,17.4219,142,123.6,142,55.5402315,0.788569445,1.17896257,0.006867972,0.009584454,0.964574652,0.716574217,0.870422535
4195,OK,,213.684211,17.4219,145,123.6,145,56.7136167,0.437090055,1.6562775,0.009578546,0.005274374,0.963088802,1.8160537,0.852413793
4196,OK,,213.684211,17.4219,148,123.6,148,57.8870019,0.204644784,2.40101558,0.013771944,0.002446179,0.954987125,5.62998241,0.835135135
4197,OK,,213.684211,17.4219,151,123.6,151,59.0603871,0.096082869,3.34618508,0.019022278,0.001135179,0.94171613,16.7570772,0.818543046
4198,OK,,213.684211,17.4219,154,123.6,154,60.2337722,0.047785172,4.43675393,0.024984297,0.000557415,0.925547763,44.8216908,0.802597403
4199,OK,,213.684211,17.4219,157,123.6,157,61.4071574,0.025785695,5.60279495,0.031240405,0.000296769,0.90833999,105.268596,0.787261146
4200,OK,,213.684211,17.4219,160,123.6,160,62.5805426,0.015411344,6.75526041,0.037303859,0.000175089,0.891808676,213.05606,0.7725
4201,OK,,218.947368,8.13,121,123.6,121,47.3265353,2.50359699,0.386825579,0.002484824,0.033278463,0.938925963,0.074667631,1.0214876
4202,OK,,218.947368,8.13,124,123.6,124,48.4999205,1.97609672,0.489970212,0.003129527,0.026171241,0.949153176,0.119578835,0.996774194
4203,OK,,218.947368,8.13,127,123.6,127,49.6733057,1.46441452,0.636678597,0.004042048,0.019314992,0.957701766,0.209269999,0.973228346
4204,OK,,218.947368,8.13,130,123.6,130,50.8466908,0.992837389,0.855267596,0.005394523,0.013029279,0.963653387,0.414030801,0.950769231
4205,OK,,218.947368,8.13,133,123.6,133,52.020076,0.582198282,1.20207476,0.007528047,0.007591778,0.965700299,0.991605223,0.929323308
4206,OK,,218.947368,8.13,136,123.6,136,53.1934612,0.275669917,1.78750253,0.011104156,0.003564024,0.961213796,3.11562304,0.908823529
4207,OK,,218.947368,8.13,139,123.6,139,54.3668464,0.117809144,2.63719258,0.01623357,0.001505691,0.949325703,10.781474,0.889208633
4208,OK,,218.947368,8.13,142,123.6,142,55.5402315,0.052329027,3.68978327,0.022488846,0.000659969,0.932623394,34.0756215,0.870422535
4209,OK,,218.947368,8.13,145,123.6,145,56.7136167,0.025825831,4.8310612,0.029142689,0.000321183,0.914361183,90.7354139,0.852413793
4210,OK,,218.947368,8.13,148,123.6,148,57.8870019,0.014102585,6.00668407,0.035854876,0.000172911,0.895990698,207.360225,0.835135135
4211,OK,,218.947368,8.13,151,123.6,151,59.0603871,0.008383824,7.19074737,0.042467902,0.00010134,0.878105587,419.062399,0.818543046
4212,OK,,218.947368,8.13,154,123.6,154,60.2337722,0.005294062,8.38597601,0.048996629,6.31E-05,0.860688286,776.611948,0.802597403
4213,OK,,218.947368,8.13,157,123.6,157,61.4071574,0.003466196,9.61376759,0.055560311,4.07E-05,0.843385784,1364.23524,0.787261146
4214,OK,,218.947368,8.13,160,123.6,160,62.5805426,0.002431898,10.8778039,0.062151036,2.82E-05,0.826140277,2207.76406,0.7725
4215,OK,,218.947368,8.61904737,121,123.6,121,47.3265353,2.60482651,0.376038487,0.002408015,0.034505634,0.937014933,0.069786151,1.0214876
4216,OK,,218.947368,8.61904737,124,123.6,124,48.4999205,2.06800001,0.475427681,0.003027421,0.027300244,0.947558106,0.110893538,0.996774194
4217,OK,,218.947368,8.61904737,127,123.6,127,49.6733057,1.55801135,0.613044728,0.003880426,0.02048346,0.956293304,0.189441924,0.973228346
4218,OK,,218.947368,8.61904737,130,123.6,130,50.8466908,1.07701391,0.817858791,0.005143732,0.014091563,0.962733608,0.365022081,0.950769231
4219,OK,,218.947368,8.61904737,133,123.6,133,52.020076,0.650451037,1.13929817,0.007115368,0.008459259,0.965595029,0.841133722,0.929323308
4220,OK,,218.947368,8.61904737,136,123.6,136,53.1934612,0.326902046,1.6639004,0.010310404,0.004216864,0.962574301,2.44504055,0.908823529
4221,OK,,218.947368,8.61904737,139,123.6,139,54.3668464,0.142135324,2.46327787,0.01512779,0.00181336,0.952077169,8.34240953,0.889208633
4222,OK,,218.947368,8.61904737,142,123.6,142,55.5402315,0.060101584,3.52806735,0.021454759,0.000756943,0.935395139,28.3439666,0.870422535
4223,OK,,218.947368,8.61904737,145,123.6,145,56.7136167,0.029425413,4.64985265,0.027982055,0.000365289,0.917492864,76.6025571,0.852413793
4224,OK,,218.947368,8.61904737,148,123.6,148,57.8870019,0.016190452,5.79157338,0.034501082,0.000198273,0.899670675,174.008093,0.835135135
4225,OK,,218.947368,8.61904737,151,123.6,151,59.0603871,0.009440476,6.99538001,0.04122715,0.000113958,0.881395622,361.776063,0.818543046
4226,OK,,218.947368,8.61904737,154,123.6,154,60.2337722,0.005898534,8.1813315,0.047709304,7.02E-05,0.864075755,679.449361,0.802597403
4227,OK,,218.947368,8.61904737,157,123.6,157,61.4071574,0.00388662,9.38359415,0.054133361,4.56E-05,0.847127254,1186.61661,0.787261146
4228,OK,,218.947368,8.61904737,160,123.6,160,62.5805426,0.002608724,10.6372524,0.060679533,3.02E-05,0.829981323,2010.88195,0.7725
4229,OK,,218.947368,9.10809474,121,123.6,121,47.3265353,2.70097252,0.366391611,0.002338972,0.035660357,0.935187224,0.065590264,1.0214876
4230,OK,,218.947368,9.10809474,124,123.6,124,48.4999205,2.16769536,0.460602647,0.002924063,0.028520248,0.9458082,0.102525871,0.996774194
4231,OK,,218.947368,9.10809474,127,123.6,127,49.6733057,1.64685167,0.592397395,0.003738597,0.021583737,0.954920474,0.173213596,0.973228346
4232,OK,,218.947368,9.10809474,130,123.6,130,50.8466908,1.16267559,0.783558973,0.004913787,0.015166291,0.961723476,0.323993997,0.950769231
4233,OK,,218.947368,9.10809474,133,123.6,133,52.020076,0.728191355,1.0772045,0.006709022,0.009443533,0.965294248,0.710435599,0.929323308
4234,OK,,218.947368,9.10809474,136,123.6,136,53.1934612,0.37587357,1.5669458,0.009684621,0.004837678,0.96347635,2.00191527,0.908823529
4235,OK,,218.947368,9.10809474,139,123.6,139,54.3668464,0.167458292,2.31540661,0.014186566,0.002132903,0.954331269,6.65129514,0.889208633
4236,OK,,218.947368,9.10809474,142,123.6,142,55.5402315,0.071532274,3.33034278,0.020208617,0.000899634,0.938749354,22.4631545,0.870422535
4237,OK,,218.947368,9.10809474,145,123.6,145,56.7136167,0.034804024,4.42414179,0.026576893,0.000431759,0.921377862,61.5549732,0.852413793
4238,OK,,218.947368,9.10809474,148,123.6,148,57.8870019,0.018404804,5.58971732,0.03323159,0.000225132,0.903119492,147.609584,0.835135135
4239,Errors,,218.947368,9.10809474,151,123.6,151,59.0603871,0.020258787,6.34629582,0.036823201,0.000244558,0.892202626,150.570205,0.818543046
4240,OK,,218.947368,9.10809474,154,123.6,154,60.2337722,0.006630774,7.96694004,0.046371071,7.88E-05,0.867622921,588.098447,0.802597403
4241,OK,,218.947368,9.10809474,157,123.6,157,61.4071574,0.004260209,9.20175448,0.052977762,4.99E-05,0.850082383,1060.75397,0.787261146
4242,OK,,218.947368,9.10809474,160,123.6,160,62.5805426,0.002835238,10.4632275,0.059586644,3.28E-05,0.832758518,1817.84444,0.7725
4243,OK,,218.947368,9.59714211,121,123.6,121,47.3265353,2.80999399,0.355969696,0.002265345,0.03696843,0.933103836,0.061277812,1.0214876
4244,OK,,218.947368,9.59714211,124,123.6,124,48.4999205,2.26578657,0.446947433,0.00282874,0.029712131,0.944067248,0.095204888,0.996774194
4245,OK,,218.947368,9.59714211,127,123.6,127,49.6733057,1.74273731,0.572041197,0.003599376,0.022766476,0.95339995,0.158099829,0.973228346
4246,OK,,218.947368,9.59714211,130,123.6,130,50.8466908,1.25068007,0.751621609,0.004699885,0.016264409,0.960620806,0.288967447,0.950769231
4247,OK,,218.947368,9.59714211,133,123.6,133,52.020076,0.802477603,1.02544026,0.006368935,0.010378196,0.9648613,0.613684214,0.929323308
4248,OK,,218.947368,9.59714211,136,123.6,136,53.1934612,0.435477672,1.46824116,0.009051148,0.005591268,0.964211413,1.6188006,0.908823529
4249,OK,,218.947368,9.59714211,139,123.6,139,54.3668464,0.197843357,2.17255325,0.01327965,0.002515316,0.956399961,5.27951596,0.889208633
4250,OK,,218.947368,9.59714211,142,123.6,142,55.5402315,0.086322412,3.12540019,0.01892439,0.001084069,0.942173043,17.4568076,0.870422535
4251,OK,,218.947368,9.59714211,145,123.6,145,56.7136167,0.040413047,4.22684478,0.025338289,0.000500703,0.924757791,50.6053897,0.852413793
4252,OK,,218.947368,9.59714211,148,123.6,148,57.8870019,0.021135945,5.38537908,0.0319518,0.000258234,0.906602262,123.732051,0.835135135
4253,OK,,218.947368,9.59714211,151,123.6,151,59.0603871,0.01211407,6.56480853,0.038543344,0.000145937,0.888640713,264.109145,0.818543046
4254,OK,,218.947368,9.59714211,154,123.6,154,60.2337722,0.007436641,7.76090156,0.045085117,8.83E-05,0.871030189,510.381696,0.802597403
4255,OK,,218.947368,9.59714211,157,123.6,157,61.4071574,0.00488692,8.95693,0.051480863,5.72E-05,0.854059082,899.383114,0.787261146
4256,OK,,218.947368,9.59714211,160,123.6,160,62.5805426,0.003254526,10.1691927,0.057823834,3.76E-05,0.83745032,1538.13104,0.7725
4257,OK,,218.947368,10.0861895,121,123.6,121,47.3265353,2.89504299,0.348391661,0.002210338,0.037969402,0.93146689,0.058213666,1.0214876
4258,OK,,218.947368,10.0861895,124,123.6,124,48.4999205,2.36216823,0.43435078,0.002740663,0.030874566,0.94233972,0.088767673,0.996774194
4259,OK,,218.947368,10.0861895,127,123.6,127,49.6733057,1.83973243,0.552632012,0.003466884,0.023955393,0.951838026,0.14472248,0.973228346
4260,OK,,218.947368,10.0861895,130,123.6,130,50.8466908,1.33518028,0.723710249,0.004512298,0.017311247,0.959507876,0.260656992,0.950769231
4261,OK,,218.947368,10.0861895,133,123.6,133,52.020076,0.88219606,0.976304961,0.006046873,0.011376588,0.964273389,0.531519038,0.929323308
4262,OK,,218.947368,10.0861895,136,123.6,136,53.1934612,0.498433926,1.38104184,0.00849133,0.00638367,0.964667165,1.3301644,0.908823529
4263,OK,,218.947368,10.0861895,139,123.6,139,54.3668464,0.231734534,2.04107444,0.012445888,0.002940598,0.958194946,4.23243456,0.889208633
4264,OK,,218.947368,10.0861895,142,123.6,142,55.5402315,0.101621694,2.94803576,0.017810806,0.001274295,0.94509102,13.976987,0.870422535
4265,OK,,218.947368,10.0861895,145,123.6,145,56.7136167,0.047492265,4.02023644,0.024049548,0.000587648,0.928275978,40.9250796,0.852413793
4266,OK,,218.947368,10.0861895,148,123.6,148,57.8870019,0.024021948,5.19599018,0.030757545,0.000292993,0.909824106,104.977016,0.835135135
4267,OK,,218.947368,10.0861895,151,123.6,151,59.0603871,0.013721417,6.35869114,0.037259418,0.000165113,0.892103441,225.659787,0.818543046
4268,OK,,218.947368,10.0861895,154,123.6,154,60.2337722,0.00841924,7.53161388,0.043672028,9.99E-05,0.874820506,437.148934,0.802597403
4269,OK,,218.947368,10.0861895,157,123.6,157,61.4071574,0.005349183,8.74568753,0.050173853,6.26E-05,0.857491584,801.6169,0.787261146
4270,OK,,218.947368,10.0861895,160,123.6,160,62.5805426,0.003613659,9.95045433,0.05647917,4.17E-05,0.84093989,1354.41321,0.7725
4271,OK,,218.947368,10.5752368,121,123.6,121,47.3265353,3.0012864,0.338835662,0.002143027,0.039225992,0.929423905,0.054632821,1.0214876
4272,OK,,218.947368,10.5752368,124,123.6,124,48.4999205,2.45873284,0.422460948,0.002657546,0.032031521,0.940593845,0.082966596,0.996774194
4273,OK,,218.947368,10.5752368,127,123.6,127,49.6733057,1.93472605,0.5349794,0.003346148,0.025111364,0.950281033,0.133252356,0.973228346
4274,OK,,218.947368,10.5752368,130,123.6,130,50.8466908,1.43075069,0.694751219,0.004319123,0.018491371,0.958197832,0.233575049,0.950769231
4275,OK,,218.947368,10.5752368,133,123.6,133,52.020076,0.964275198,0.931389214,0.005752541,0.012399018,0.963558984,0.463951389,0.929323308
4276,OK,,218.947368,10.5752368,136,123.6,136,53.1934612,0.566982879,1.30064323,0.007975878,0.007242793,0.964889931,1.10121583,0.908823529
4277,OK,,218.947368,10.5752368,139,123.6,139,54.3668464,0.261277067,1.94525222,0.011831953,0.003309285,0.959414065,3.57538013,0.889208633
4278,OK,,218.947368,10.5752368,142,123.6,142,55.5402315,0.119973472,2.77787666,0.016745096,0.001502074,0.947824306,11.1479843,0.870422535
4279,OK,,218.947368,10.5752368,145,123.6,145,56.7136167,0.055186233,3.83270639,0.022878744,0.000681951,0.931446928,33.5489538,0.852413793
4280,OK,,218.947368,10.5752368,148,123.6,148,57.8870019,0.02796943,4.97527189,0.029398616,0.000340904,0.91356883,86.2372693,0.835135135
4281,OK,,218.947368,10.5752368,151,123.6,151,59.0603871,0.015777923,6.13737591,0.035893011,0.000189646,0.89581589,189.26312,0.818543046
4282,OK,,218.947368,10.5752368,154,123.6,154,60.2337722,0.009418522,7.33143593,0.042428553,0.000111636,0.878127267,380.062522,0.802597403
4283,OK,,218.947368,10.5752368,157,123.6,157,61.4071574,0.006022049,8.52363531,0.048810734,7.04E-05,0.861096691,693.426416,0.787261146
4284,OK,,218.947368,10.5752368,160,123.6,160,62.5805426,0.003954554,9.74159756,0.055193,4.56E-05,0.84427185,1210.71469,0.7725
4285,OK,,218.947368,11.0642842,121,123.6,121,47.3265353,3.10558536,0.330347964,0.002082862,0.040449709,0.927399432,0.051492636,1.0214876
4286,OK,,218.947368,11.0642842,124,123.6,124,48.4999205,2.55498913,0.411275322,0.002579331,0.033176895,0.938839808,0.077744811,0.996774194
4287,OK,,218.947368,11.0642842,127,123.6,127,49.6733057,2.03040521,0.518385961,0.003232701,0.026268289,0.948688916,0.123064787,0.973228346
4288,OK,,218.947368,11.0642842,130,123.6,130,50.8466908,1.52166736,0.669581857,0.004150556,0.019605399,0.956904782,0.211704735,0.950769231
4289,OK,,218.947368,11.0642842,133,123.6,133,52.020076,1.04726286,0.890792487,0.00548635,0.013426828,0.962744089,0.408611069,0.929323308
4290,OK,,218.947368,11.0642842,136,123.6,136,53.1934612,0.632708662,1.23450635,0.007550086,0.008061726,0.964897659,0.936534647,0.908823529
4291,OK,,218.947368,11.0642842,139,123.6,139,54.3668464,0.323294316,1.78048741,0.010804131,0.004085174,0.961303959,2.64471725,0.889208633
4292,OK,,218.947368,11.0642842,142,123.6,142,55.5402315,0.142468933,2.61189084,0.0157089,0.001780798,0.950407845,8.82126993,0.870422535
4293,Errors,,218.947368,11.0642842,145,123.6,145,56.7136167,0.035942477,5.77622804,0.034085631,0.000438402,0.897517195,77.7496758,0.852413793
4294,OK,,218.947368,11.0642842,148,123.6,148,57.8870019,0.031890323,4.78874466,0.028237083,0.000388208,0.91672336,72.7370764,0.835135135
4295,OK,,218.947368,11.0642842,151,123.6,151,59.0603871,0.017785543,5.96934392,0.034831503,0.000213439,0.898626986,163.19164,0.818543046
4296,OK,,218.947368,11.0642842,154,123.6,154,60.2337722,0.010501975,7.13821438,0.041228911,0.000124338,0.88131714,331.587484,0.802597403
4297,OK,,218.947368,11.0642842,157,123.6,157,61.4071574,0.006595176,8.34871102,0.047713729,7.70E-05,0.863935956,619.692664,0.787261146
4298,OK,,218.947368,11.0642842,160,123.6,160,62.5805426,0.004227894,9.63046719,0.054443199,4.87E-05,0.84604328,1118.51725,0.7725
4299,OK,,218.947368,11.5533316,121,123.6,121,47.3265353,3.20105727,0.323003583,0.002030297,0.041557197,0.925537316,0.04885549,1.0214876
4300,OK,,218.947368,11.5533316,124,123.6,124,48.4999205,2.65629232,0.400115844,0.002501713,0.034377086,0.936981172,0.072772695,0.996774194
4301,OK,,218.947368,11.5533316,127,123.6,127,49.6733057,2.14009543,0.500550817,0.003112102,0.027591632,0.946839732,0.112791497,0.973228346
4302,OK,,218.947368,11.5533316,130,123.6,130,50.8466908,1.61520187,0.645218425,0.003987904,0.020745229,0.955544397,0.192232349,0.950769231
4303,OK,,218.947368,11.5533316,133,123.6,133,52.020076,1.13290837,0.853069373,0.00523922,0.01448195,0.96182286,0.361775872,0.929323308
4304,OK,,218.947368,11.5533316,136,123.6,136,53.1934612,0.705535172,1.17063695,0.007140246,0.008965621,0.964729272,0.79640284,0.908823529
4305,OK,,218.947368,11.5533316,139,123.6,139,54.3668464,0.370054168,1.68120215,0.010176041,0.004665967,0.962270088,2.18090708,0.889208633
4306,OK,,218.947368,11.5533316,142,123.6,142,55.5402315,0.168901451,2.45031477,0.014703549,0.002107596,0.9528411,6.97645533,0.870422535
4307,OK,,218.947368,11.5533316,145,123.6,145,56.7136167,0.076353196,3.44451318,0.020474174,0.000940936,0.9379185,21.7593771,0.852413793
4308,OK,,218.947368,11.5533316,148,123.6,148,57.8870019,0.036485864,4.60115279,0.027064213,0.000443225,0.919884629,61.0620517,0.835135135
4309,OK,,218.947368,11.5533316,151,123.6,151,59.0603871,0.020139324,5.73871474,0.033427104,0.000241507,0.902492104,138.410523,0.818543046
4310,OK,,218.947368,11.5533316,154,123.6,154,60.2337722,0.011785685,6.94046566,0.040001298,0.000139329,0.884578849,287.099794,0.802597403
4311,OK,,218.947368,11.5533316,157,123.6,157,61.4071574,0.007466697,8.11338574,0.046285978,8.71E-05,0.867753976,531.468173,0.787261146
4312,OK,,218.947368,11.5533316,160,123.6,160,62.5805426,0.00491449,9.31901991,0.052606986,5.65E-05,0.851009051,930.489275,0.7725
4313,OK,,218.947368,12.0423789,121,123.6,121,47.3265353,3.29896944,0.315805123,0.001978941,0.042686773,0.923620554,0.046359574,1.0214876
4314,OK,,218.947368,12.0423789,124,123.6,124,48.4999205,2.75389876,0.389973208,0.002430904,0.035523595,0.935177791,0.068430697,0.996774194
4315,OK,,218.947368,12.0423789,127,123.6,127,49.6733057,2.22980085,0.48705051,0.003019188,0.028658914,0.945305606,0.105349006,0.973228346
4316,OK,,218.947368,12.0423789,130,123.6,130,50.8466908,1.70646877,0.623711935,0.003843766,0.0218495,0.954172422,0.175920097,0.950769231
4317,OK,,218.947368,12.0423789,133,123.6,133,52.020076,1.21670568,0.819678041,0.005019935,0.015507581,0.960853888,0.323708431,0.929323308
4318,OK,,218.947368,12.0423789,136,123.6,136,53.1934612,0.779890267,1.11360694,0.006774021,0.009883637,0.964403572,0.685377391,0.908823529
4319,OK,,218.947368,12.0423789,139,123.6,139,54.3668464,0.426272769,1.58072419,0.009543718,0.005362361,0.963084175,1.77976055,0.889208633
4320,OK,,218.947368,12.0423789,142,123.6,142,55.5402315,0.198635027,2.30441685,0.0137959,0.002474197,0.954932635,5.57591092,0.870422535
4321,OK,,218.947368,12.0423789,145,123.6,145,56.7136167,0.089040488,3.27285282,0.019411189,0.00109571,0.940721585,17.7156234,0.852413793
4322,OK,,218.947368,12.0423789,148,123.6,148,57.8870019,0.043403336,4.36444775,0.02563124,0.000527057,0.923854217,48.6308786,0.835135135
4323,OK,,218.947368,12.0423789,151,123.6,151,59.0603871,0.02327203,5.51671819,0.032065837,0.000278637,0.906197868,115.081146,0.818543046
4324,OK,,218.947368,12.0423789,154,123.6,154,60.2337722,0.01328192,6.73059539,0.038714728,0.000156817,0.88803827,246.878396,0.802597403
4325,OK,,218.947368,12.0423789,157,123.6,157,61.4071574,0.008361378,7.90101597,0.044990296,9.74E-05,0.871197794,461.807551,0.787261146
4326,OK,,218.947368,12.0423789,160,123.6,160,62.5805426,0.00548713,9.09670481,0.051260031,6.31E-05,0.854552365,812.872519,0.7725
4327,OK,,218.947368,12.5314263,121,123.6,121,47.3265353,3.40160195,0.308575089,0.001927678,0.043866541,0.921604719,0.043944153,1.0214876
4328,OK,,218.947368,12.5314263,124,123.6,124,48.4999205,2.85529469,0.379955904,0.00236128,0.036709249,0.933293693,0.064323848,0.996774194
4329,OK,,218.947368,12.5314263,127,123.6,127,49.6733057,2.31875164,0.474410019,0.002932142,0.029710654,0.943769362,0.098689906,0.973228346
4330,OK,,218.947368,12.5314263,130,123.6,130,50.8466908,1.80192956,0.602795634,0.003704054,0.022999017,0.952706358,0.161052697,0.950769231
4331,OK,,218.947368,12.5314263,133,123.6,133,52.020076,1.30726646,0.786763916,0.00480473,0.016611383,0.959745726,0.289243235,0.929323308
4332,OK,,218.947368,12.5314263,136,123.6,136,53.1934612,0.858655712,1.06028525,0.006432165,0.010851684,0.963925247,0.592734275,0.908823529
4333,OK,,218.947368,12.5314263,139,123.6,139,54.3668464,0.48684451,1.48959242,0.008970599,0.006109718,0.963646283,1.46825087,0.889208633
4334,OK,,218.947368,12.5314263,142,123.6,142,55.5402315,0.231193018,2.1715781,0.012969985,0.002874462,0.956738187,4.51214317,0.870422535
4335,OK,,218.947368,12.5314263,145,123.6,145,56.7136167,0.104618116,3.09082073,0.018291885,0.001285524,0.943656585,14.2291225,0.852413793
4336,OK,,218.947368,12.5314263,148,123.6,148,57.8870019,0.050323442,4.1688085,0.024431624,0.000610314,0.927114347,40.0312576,0.835135135
4337,OK,,218.947368,12.5314263,151,123.6,151,59.0603871,0.026572556,5.31602398,0.030842819,0.000317912,0.909540103,97.016822,0.818543046
4338,OK,,218.947368,12.5314263,154,123.6,154,60.2337722,0.015355317,6.49793606,0.037315584,0.000181199,0.891866454,205.937322,0.802597403
4339,OK,,218.947368,12.5314263,157,123.6,157,61.4071574,0.00938538,7.68593816,0.043684082,0.000109238,0.874683606,399.898834,0.787261146
4340,OK,,218.947368,12.5314263,160,123.6,160,62.5805426,0.006090262,8.88708921,0.049987253,6.99E-05,0.85789226,714.921783,0.7725
4341,OK,,218.947368,13.0204737,121,123.6,121,47.3265353,3.50198184,0.301843081,0.001879829,0.045010787,0.919625958,0.041763959,1.0214876
4342,OK,,218.947368,13.0204737,124,123.6,124,48.4999205,2.95419829,0.370938865,0.002298268,0.037856406,0.931440359,0.060710145,0.996774194
4343,OK,,218.947368,13.0204737,127,123.6,127,49.6733057,2.41604169,0.4612936,0.002842599,0.030857595,0.942074818,0.092119906,0.973228346
4344,OK,,218.947368,13.0204737,130,123.6,130,50.8466908,1.89614686,0.583621009,0.003575791,0.024125727,0.951230497,0.148214853,0.950769231
4345,OK,,218.947368,13.0204737,133,123.6,133,52.020076,1.39560976,0.757500704,0.004612917,0.017680869,0.958610009,0.260898799,0.929323308
4346,OK,,218.947368,13.0204737,136,123.6,136,53.1934612,0.942109812,1.01023099,0.006111778,0.011872345,0.963297353,0.514791118,0.908823529
4347,OK,,218.947368,13.0204737,139,123.6,139,54.3668464,0.554341566,1.40339674,0.008429535,0.006938695,0.963990218,1.21485882,0.889208633
4348,OK,,218.947368,13.0204737,142,123.6,142,55.5402315,0.27219208,2.03400515,0.01211966,0.003377526,0.958476996,3.58832435,0.870422535
4349,OK,,218.947368,13.0204737,145,123.6,145,56.7136167,0.122658179,2.92102434,0.017248923,0.0015049,0.946332421,11.4618379,0.852413793
4350,OK,,218.947368,13.0204737,148,123.6,148,57.8870019,0.057492004,3.99702674,0.023374775,0.000696338,0.929958046,33.568135,0.835135135
4351,OK,,218.947368,13.0204737,151,123.6,151,59.0603871,0.030331564,5.11817875,0.029633933,0.000362427,0.912826336,81.7652072,0.818543046
4352,OK,,218.947368,13.0204737,154,123.6,154,60.2337722,0.017290486,6.28388778,0.036017125,0.000203808,0.895387952,176.721075,0.802597403
4353,OK,,218.947368,13.0204737,157,123.6,157,61.4071574,0.010760906,7.47099577,0.042383134,0.000125114,0.878161488,338.756936,0.787261146
4354,OK,,218.947368,13.0204737,160,123.6,160,62.5805426,0.006784215,8.67292333,0.048693812,7.78E-05,0.861303415,625.831766,0.7725
4355,OK,,218.947368,13.5095211,121,123.6,121,47.3265353,3.60310971,0.295359323,0.0018338,0.046156221,0.917626148,0.039730291,1.0214876
4356,OK,,218.947368,13.5095211,124,123.6,124,48.4999205,3.05357369,0.362112427,0.002236798,0.039001593,0.929573367,0.057351454,0.996774194
4357,OK,,218.947368,13.5095211,127,123.6,127,49.6733057,2.51405873,0.44882666,0.002757554,0.032005858,0.940352563,0.086157775,0.973228346
4358,OK,,218.947368,13.5095211,130,123.6,130,50.8466908,1.98874269,0.566043327,0.003458011,0.025225401,0.949755117,0.137084468,0.950769231
4359,OK,,218.947368,13.5095211,133,123.6,133,52.020076,1.48668551,0.729260631,0.004428341,0.018777483,0.957402097,0.2358325,0.929323308
4360,OK,,218.947368,13.5095211,136,123.6,136,53.1934612,1.01982889,0.968644017,0.005844132,0.012816219,0.962618095,0.45599502,0.908823529
4361,OK,,218.947368,13.5095211,139,123.6,139,54.3668464,0.616109558,1.33572675,0.008002391,0.00769373,0.964098776,1.0401186,0.889208633
4362,OK,,218.947368,13.5095211,142,123.6,142,55.5402315,0.316562884,1.91179659,0.011364109,0.003920055,0.959878463,2.89896643,0.870422535
4363,OK,,218.947368,13.5095211,145,123.6,145,56.7136167,0.14594327,2.74533868,0.016175899,0.001787711,0.949019616,9.04838586,0.852413793
4364,OK,,218.947368,13.5095211,148,123.6,148,57.8870019,0.067920483,3.78766285,0.022105159,0.00082156,0.933394662,26.9063152,0.835135135
4365,OK,,218.947368,13.5095211,151,123.6,151,59.0603871,0.034267043,4.95502243,0.028619297,0.000408752,0.915522235,70.0162559,0.818543046
4366,OK,,218.947368,13.5095211,154,123.6,154,60.2337722,0.019809726,6.0732691,0.034738693,0.000233223,0.898842815,148.95025,0.802597403
4367,OK,,218.947368,13.5095211,157,123.6,157,61.4071574,0.012022819,7.24263248,0.041009448,0.000139632,0.881859777,293.696034,0.787261146
4368,OK,,218.947368,13.5095211,160,123.6,160,62.5805426,0.007608214,8.457344,0.047395176,8.72E-05,0.864735078,543.743246,0.7725
4369,OK,,218.947368,13.9985684,121,123.6,121,47.3265353,3.70113499,0.289360526,0.001791066,0.047257118,0.915681647,0.03790044,1.0214876
4370,OK,,218.947368,13.9985684,124,123.6,124,48.4999205,3.14865158,0.354093873,0.002180691,0.04008769,0.927778326,0.054398012,0.996774194
4371,OK,,218.947368,13.9985684,127,123.6,127,49.6733057,2.61844293,0.436483876,0.002673722,0.033223839,0.938499627,0.080475995,0.973228346
4372,OK,,218.947368,13.9985684,130,123.6,130,50.8466908,2.08408468,0.549074214,0.003344585,0.026351758,0.948213761,0.126920751,0.950769231
4373,OK,,218.947368,13.9985684,133,123.6,133,52.020076,1.58082842,0.70290553,0.004256164,0.019905008,0.956098989,0.213823782,0.929323308
4374,OK,,218.947368,13.9985684,136,123.6,136,53.1934612,1.10637338,0.926810499,0.005576361,0.013863412,0.96177756,0.402235805,0.908823529
4375,OK,,218.947368,13.9985684,139,123.6,139,54.3668464,0.690614021,1.26439428,0.00755523,0.008601349,0.964040432,0.878377227,0.889208633
4376,OK,,218.947368,13.9985684,142,123.6,142,55.5402315,0.364178502,1.80224482,0.010685032,0.004498341,0.960993621,2.37532712,0.870422535
4377,OK,,218.947368,13.9985684,145,123.6,145,56.7136167,0.171137758,2.5889451,0.015220155,0.002092859,0.951332978,7.27242376,0.852413793
4378,OK,,218.947368,13.9985684,148,123.6,148,57.8870019,0.080343854,3.60004875,0.02096195,0.00097038,0.936421088,21.601789,0.835135135
4379,OK,,218.947368,13.9985684,151,123.6,151,59.0603871,0.040568906,4.71400572,0.027181181,0.000483568,0.919496386,56.2096723,0.818543046
4380,OK,,218.947368,13.9985684,154,123.6,154,60.2337722,0.022534014,5.87293043,0.033527078,0.000264995,0.902123606,126.519747,0.802597403
4381,OK,,218.947368,13.9985684,157,123.6,157,61.4071574,0.013324135,7.05822924,0.039887142,0.000154574,0.884841545,258.045843,0.787261146
4382,OK,,218.947368,13.9985684,160,123.6,160,62.5805426,0.008511743,8.23318802,0.046056319,9.74E-05,0.86830252,472.777924,0.7725
4383,OK,,218.947368,14.4876158,121,123.6,121,47.3265353,3.80590113,0.283183014,0.001747446,0.048430577,0.913598489,0.036081456,1.0214876
4384,OK,,218.947368,14.4876158,124,123.6,124,48.4999205,3.25335472,0.345617666,0.002122044,0.041281809,0.925794262,0.051403862,0.996774194
4385,OK,,218.947368,14.4876158,127,123.6,127,49.6733057,2.71095406,0.426034444,0.002602005,0.034290541,0.936847599,0.075881137,0.973228346
4386,OK,,218.947368,14.4876158,130,123.6,130,50.8466908,2.1808272,0.532926755,0.003236773,0.027487878,0.946628701,0.117752751,0.950769231
4387,OK,,218.947368,14.4876158,133,123.6,133,52.020076,1.66954809,0.68000455,0.00410581,0.02095932,0.954833733,0.195894238,0.929323308
4388,OK,,218.947368,14.4876158,136,123.6,136,53.1934612,1.1899653,0.890343058,0.005342186,0.014868237,0.960891653,0.359301931,0.908823529
4389,OK,,218.947368,14.4876158,139,123.6,139,54.3668464,0.761657373,1.20507071,0.00718176,0.009461582,0.963824864,0.75904436,0.889208633
4390,OK,,218.947368,14.4876158,142,123.6,142,55.5402315,0.419403127,1.69628649,0.010033808,0.005170946,0.96190708,1.94042026,0.870422535
4391,OK,,218.947368,14.4876158,145,123.6,145,56.7136167,0.201663953,2.44362245,0.014329849,0.0024615,0.95335712,5.82159152,0.852413793
4392,OK,,218.947368,14.4876158,148,123.6,148,57.8870019,0.093789314,3.41456563,0.01984019,0.001131195,0.939393045,17.5391475,0.835135135
4393,OK,,218.947368,14.4876158,151,123.6,151,59.0603871,0.046717827,4.51126187,0.025960198,0.000556179,0.922825096,46.6759487,0.818543046
4394,OK,,218.947368,14.4876158,154,123.6,154,60.2337722,0.025494249,5.66494183,0.032277068,0.000299466,0.905527483,107.782235,0.802597403
4395,OK,,218.947368,14.4876158,157,123.6,157,61.4071574,0.01501724,6.84552493,0.038612515,0.000174027,0.888277809,221.876405,0.787261146
4396,OK,,218.947368,14.4876158,160,123.6,160,62.5805426,0.009236173,8.07738234,0.045094383,0.000105589,0.870780626,427.073434,0.7725
4397,OK,,218.947368,14.9766632,121,123.6,121,47.3265353,3.90615234,0.277545409,0.00170743,0.049542782,0.911599323,0.034463742,1.0214876
4398,OK,,218.947368,14.9766632,124,123.6,124,48.4999205,3.3529772,0.33796354,0.002068803,0.042407414,0.923898004,0.048783986,0.996774194
4399,OK,,218.947368,14.9766632,127,123.6,127,49.6733057,2.80333705,0.416112477,0.002533913,0.035349032,0.935187532,0.071682665,0.973228346
4400,OK,,218.947368,14.9766632,130,123.6,130,50.8466908,2.27666731,0.517906535,0.003136401,0.028605893,0.945039219,0.109641768,0.950769231
4401,OK,,218.947368,14.9766632,133,123.6,133,52.020076,1.7563944,0.659157905,0.003968631,0.021984195,0.953564998,0.180522,0.929323308
4402,OK,,218.947368,14.9766632,136,123.6,136,53.1934612,1.27825039,0.855263373,0.005117519,0.015924482,0.959891428,0.321361742,0.908823529
4403,OK,,218.947368,14.9766632,139,123.6,139,54.3668464,0.837030023,1.14935085,0.00683154,0.010370195,0.963463379,0.658766776,0.889208633
4404,OK,,218.947368,14.9766632,142,123.6,142,55.5402315,0.477859298,1.61065666,0.009501232,0.005877218,0.96239634,1.61662072,0.870422535
4405,OK,,218.947368,14.9766632,145,123.6,145,56.7136167,0.236896506,2.2971046,0.013439925,0.002886254,0.955319353,4.65652827,0.852413793
4406,OK,,218.947368,14.9766632,148,123.6,148,57.8870019,0.109606467,3.23546738,0.018759696,0.001320064,0.942213731,14.2112013,0.835135135
4407,OK,,218.947368,14.9766632,151,123.6,151,59.0603871,0.053949216,4.31348448,0.024770064,0.000641363,0.926051387,38.6209634,0.818543046
4408,OK,,218.947368,14.9766632,154,123.6,154,60.2337722,0.028340669,5.49386858,0.03122897,0.000332272,0.908320382,93.9862428,0.802597403
4409,OK,,218.947368,14.9766632,157,123.6,157,61.4071574,0.017072256,6.62458561,0.037296968,0.000197629,0.891842284,188.722571,0.787261146
4410,OK,,218.947368,14.9766632,160,123.6,160,62.5805426,0.010512548,7.8282109,0.043627796,0.000120061,0.874741843,363.380474,0.7725
4411,OK,,218.947368,15.4657105,121,123.6,121,47.3265353,4.00888402,0.271993885,0.001668165,0.050676573,0.909545926,0.032917866,1.0214876
4412,OK,,218.947368,15.4657105,124,123.6,124,48.4999205,3.45327374,0.330602073,0.002017652,0.043533464,0.921981814,0.046347142,0.996774194
4413,OK,,218.947368,15.4657105,127,123.6,127,49.6733057,2.9080832,0.405337425,0.002460955,0.036548302,0.93329575,0.067334305,0.973228346
4414,OK,,218.947368,15.4657105,130,123.6,130,50.8466908,2.37421957,0.503740893,0.003041736,0.029737303,0.943399257,0.102286893,0.950769231
4415,OK,,218.947368,15.4657105,133,123.6,133,52.020076,1.85829159,0.636276218,0.003819938,0.023185475,0.952046056,0.164755635,0.929323308
4416,OK,,218.947368,15.4657105,136,123.6,136,53.1934612,1.36563197,0.823282095,0.004912525,0.016963448,0.958849941,0.289594708,0.908823529
4417,OK,,218.947368,15.4657105,139,123.6,139,54.3668464,0.917812769,1.10280681,0.006535903,0.011338141,0.962833607,0.576452806,0.889208633
4418,OK,,218.947368,15.4657105,142,123.6,142,55.5402315,0.540948179,1.52288091,0.008960915,0.006637251,0.962840827,1.3500942,0.870422535
4419,OK,,218.947368,15.4657105,145,123.6,145,56.7136167,0.271058052,2.17718926,0.012708495,0.003296383,0.956831402,3.85528427,0.852413793
4420,OK,,218.947368,15.4657105,148,123.6,148,57.8870019,0.128139749,3.05875469,0.017697303,0.001540976,0.944946286,11.4844778,0.835135135
4421,OK,,218.947368,15.4657105,151,123.6,151,59.0603871,0.061197625,4.14387847,0.023741785,0.000726292,0.928800397,32.6890289,0.818543046
4422,OK,,218.947368,15.4657105,154,123.6,154,60.2337722,0.033036391,5.26012619,0.02985337,0.000387159,0.91212301,77.1088366,0.802597403
4423,OK,,218.947368,15.4657105,157,123.6,157,61.4071574,0.019176198,6.42400431,0.036098319,0.000221737,0.895074438,162.797637,0.787261146
4424,OK,,218.947368,15.4657105,160,123.6,160,62.5805426,0.011768987,7.61305336,0.042351187,0.00013427,0.878159856,315.419241,0.7725
4425,OK,,218.947368,15.9547579,121,123.6,121,47.3265353,4.11408378,0.266528871,0.001629654,0.051831942,0.907438552,0.031441109,1.0214876
4426,OK,,218.947368,15.9547579,124,123.6,124,48.4999205,3.55529838,0.323434816,0.001967977,0.04467279,0.920025989,0.044053136,0.996774194
4427,OK,,218.947368,15.9547579,127,123.6,127,49.6733057,3.00996428,0.395413281,0.00239359,0.037705786,0.931444515,0.063480697,0.973228346
4428,OK,,218.947368,15.9547579,130,123.6,130,50.8466908,2.47093523,0.490286105,0.002951898,0.0308517,0.941761769,0.095680235,0.950769231
4429,OK,,218.947368,15.9547579,133,123.6,133,52.020076,1.94969042,0.61726459,0.003695278,0.024252571,0.950654532,0.152366435,0.929323308
4430,OK,,218.947368,15.9547579,136,123.6,136,53.1934612,1.46163822,0.795804823,0.004734304,0.018097929,0.957561644,0.261593683,0.908823529
4431,OK,,218.947368,15.9547579,139,123.6,139,54.3668464,1.0050752,1.05140163,0.006214388,0.012379514,0.962174064,0.501989675,0.889208633
4432,OK,,218.947368,15.9547579,142,123.6,142,55.5402315,0.606636213,1.44422073,0.008476568,0.007425113,0.96307439,1.14160782,0.870422535
4433,OK,,218.947368,15.9547579,145,123.6,145,56.7136167,0.31852949,2.03757467,0.011866189,0.00386584,0.958456112,3.06949788,0.852413793
4434,OK,,218.947368,15.9547579,148,123.6,148,57.8870019,0.149357041,2.89390519,0.016707313,0.001793365,0.947427538,9.3161833,0.835135135
4435,OK,,218.947368,15.9547579,151,123.6,151,59.0603871,0.071908954,3.93379709,0.022499365,0.000852815,0.932176096,26.3824749,0.818543046
4436,OK,,218.947368,15.9547579,154,123.6,154,60.2337722,0.037775564,5.05672543,0.028642857,0.00044218,0.915421186,64.7765254,0.802597403
4437,OK,,218.947368,15.9547579,157,123.6,157,61.4071574,0.021515094,6.22432065,0.03490726,0.000248473,0.898288147,140.486978,0.787261146
4438,OK,,218.947368,15.9547579,160,123.6,160,62.5805426,0.013188964,7.40151216,0.041098663,0.000150311,0.881517468,273.423525,0.7725
4439,OK,,218.947368,16.4438053,121,123.6,121,47.3265353,4.21293467,0.261633217,0.001594865,0.052905121,0.905453297,0.030145765,1.0214876
4440,OK,,218.947368,16.4438053,124,123.6,124,48.4999205,3.65556174,0.316063634,0.001917358,0.045783471,0.918110683,0.041878826,0.996774194
4441,OK,,218.947368,16.4438053,127,123.6,127,49.6733057,3.10697422,0.386459729,0.002332488,0.038797776,0.929671805,0.06011912,0.973228346
4442,OK,,218.947368,16.4438053,130,123.6,130,50.8466908,2.56849928,0.47745903,0.002866316,0.031968844,0.94009525,0.089659677,0.950769231
4443,OK,,218.947368,16.4438053,133,123.6,133,52.020076,2.04177097,0.599322305,0.003577666,0.025321101,0.949229346,0.141291889,0.929323308
4444,OK,,218.947368,16.4438053,136,123.6,136,53.1934612,1.54667878,0.769754362,0.004566693,0.019096264,0.956452671,0.239140631,0.908823529
4445,OK,,218.947368,16.4438053,139,123.6,139,54.3668464,1.07864685,1.01273324,0.005969993,0.013251896,0.961532069,0.450501028,0.889208633
4446,OK,,218.947368,16.4438053,142,123.6,142,55.5402315,0.677155276,1.3708872,0.008025622,0.008267333,0.963125064,0.970763199,0.870422535
4447,OK,,218.947368,16.4438053,145,123.6,145,56.7136167,0.36352843,1.92819417,0.011202508,0.004403023,0.959591316,2.54427643,0.852413793
4448,OK,,218.947368,16.4438053,148,123.6,148,57.8870019,0.174674311,2.73074762,0.015731072,0.002093965,0.949808734,7.51257732,0.835135135
4449,OK,,218.947368,16.4438053,151,123.6,151,59.0603871,0.083823678,3.74238059,0.02136081,0.000992789,0.935215388,21.5159662,0.818543046
4450,OK,,218.947368,16.4438053,154,123.6,154,60.2337722,0.043246196,4.85565934,0.027449809,0.000505611,0.918668459,54.2904,0.802597403
4451,OK,,218.947368,16.4438053,157,123.6,157,61.4071574,0.024362082,6.01492971,0.033667486,0.000281018,0.901651663,119.805391,0.787261146
4452,OK,,218.947368,16.4438053,160,123.6,160,62.5805426,0.014828795,7.19152891,0.03985868,0.00016882,0.884846673,236.102319,0.7725
4453,OK,,218.947368,16.9328526,121,123.6,121,47.3265353,4.31546235,0.256732661,0.001560235,0.05401378,0.903390456,0.028885864,1.0214876
4454,OK,,218.947368,16.9328526,124,123.6,124,48.4999205,3.75629505,0.309591489,0.001872467,0.046892295,0.91616715,0.039931226,0.996774194
4455,OK,,218.947368,16.9328526,127,123.6,127,49.6733057,3.20587528,0.377742715,0.002273148,0.039904975,0.927856261,0.056964024,0.973228346
4456,OK,,218.947368,16.9328526,130,123.6,130,50.8466908,2.66517307,0.465434405,0.002786023,0.033068311,0.938430458,0.084250542,0.950769231
4457,OK,,218.947368,16.9328526,133,123.6,133,52.020076,2.14246544,0.584301216,0.003477341,0.026482589,0.947582417,0.131306703,0.929323308
4458,OK,,218.947368,16.9328526,136,123.6,136,53.1934612,1.6367327,0.744130435,0.004402415,0.020148455,0.955241432,0.21849888,0.908823529
4459,OK,,218.947368,16.9328526,139,123.6,139,54.3668464,1.16856604,0.969514623,0.005699805,0.014314703,0.960673079,0.398178401,0.889208633
4460,OK,,218.947368,16.9328526,142,123.6,142,55.5402315,0.745721851,1.30840101,0.007640104,0.009081696,0.963015587,0.841264085,0.870422535
4461,OK,,218.947368,16.9328526,145,123.6,145,56.7136167,0.413946982,1.82411753,0.010572454,0.005003056,0.96053744,2.11319939,0.852413793
4462,OK,,218.947368,16.9328526,148,123.6,148,57.8870019,0.203422622,2.58024776,0.014831214,0.002434481,0.951911996,6.09214666,0.835135135
4463,OK,,218.947368,16.9328526,151,123.6,151,59.0603871,0.097111161,3.55870344,0.020270429,0.001148586,0.938100395,17.6481648,0.818543046
4464,OK,,218.947368,16.9328526,154,123.6,154,60.2337722,0.049469289,4.66109186,0.026297522,0.000577663,0.921795349,45.5239756,0.802597403
4465,OK,,218.947368,16.9328526,157,123.6,157,61.4071574,0.027614637,5.80993531,0.032460927,0.000318242,0.904936978,102.000785,0.787261146
4466,OK,,218.947368,16.9328526,160,123.6,160,62.5805426,0.015964898,7.05023987,0.038976554,0.000181337,0.887086234,214.939567,0.7725
4467,OK,,218.947368,17.4219,121,123.6,121,47.3265353,4.42081263,0.251872391,0.001526051,0.055148585,0.901267122,0.027671627,1.0214876
4468,OK,,218.947368,17.4219,124,123.6,124,48.4999205,3.86002907,0.303181351,0.001828209,0.048029571,0.914160469,0.038064241,0.996774194
4469,OK,,218.947368,17.4219,127,123.6,127,49.6733057,3.30644614,0.369265151,0.002215591,0.04102534,0.926002281,0.054005431,0.973228346
4470,OK,,218.947368,17.4219,130,123.6,130,50.8466908,2.76415132,0.453732353,0.002708113,0.034188629,0.936714,0.079210913,0.950769231
4471,OK,,218.947368,17.4219,133,123.6,133,52.020076,2.23749901,0.568468509,0.003373517,0.027573034,0.946059911,0.122348405,0.929323308
4472,OK,,218.947368,17.4219,136,123.6,136,53.1934612,1.73038872,0.719373276,0.004244136,0.021237703,0.953946182,0.199839685,0.908823529
4473,OK,,218.947368,17.4219,139,123.6,139,54.3668464,1.25163305,0.933398324,0.005472735,0.015289953,0.959809488,0.35793017,0.889208633
4474,OK,,218.947368,17.4219,142,123.6,142,55.5402315,0.82231858,1.24646718,0.007259719,0.009988391,0.962751582,0.726815602,0.870422535
4475,OK,,218.947368,17.4219,145,123.6,145,56.7136167,0.470936825,1.72397999,0.009968032,0.00567926,0.961298239,1.7551639,0.852413793
4476,OK,,218.947368,17.4219,148,123.6,148,57.8870019,0.23146302,2.45466061,0.014077373,0.002765391,0.95359712,5.09055392,0.835135135
4477,OK,,218.947368,17.4219,151,123.6,151,59.0603871,0.112748513,3.37952222,0.019209883,0.001331676,0.940869491,14.4253436,0.818543046
4478,OK,,218.947368,17.4219,154,123.6,154,60.2337722,0.057167682,4.45552244,0.025088598,0.000666751,0.9250804,37.6281294,0.802597403
4479,OK,,218.947368,17.4219,157,123.6,157,61.4071574,0.031104782,5.61343518,0.031298762,0.000357953,0.908080097,87.4382751,0.787261146
4480,OK,,218.947368,17.4219,160,123.6,160,62.5805426,0.018741742,6.76192254,0.037339931,0.000212914,0.891649001,175.375645,0.7725
4481,OK,,224.210526,8.13,121,123.6,121,47.3265353,2.52118426,0.421996008,0.002710427,0.033500294,0.937811204,0.080907548,1.0214876
4482,OK,,224.210526,8.13,124,123.6,124,48.4999205,1.99706083,0.531895923,0.003396839,0.02643769,0.947856476,0.128484703,0.996774194
4483,OK,,224.210526,8.13,127,123.6,127,49.6733057,1.48949452,0.686838433,0.00435977,0.019635874,0.956187072,0.222030851,0.973228346
4484,OK,,224.210526,8.13,130,123.6,130,50.8466908,1.02171584,0.913027339,0.00575774,0.013400507,0.961949477,0.429665799,0.950769231
4485,OK,,224.210526,8.13,133,123.6,133,52.020076,0.613801288,1.26528683,0.007922273,0.007998844,0.963877636,0.9904272,0.929323308
4486,OK,,224.210526,8.13,136,123.6,136,53.1934612,0.304097966,1.84436614,0.011455279,0.003929354,0.959610372,2.91530853,0.908823529
4487,OK,,224.210526,8.13,139,123.6,139,54.3668464,0.136788391,2.6751569,0.016465249,0.001747613,0.948278308,9.42156356,0.889208633
4488,OK,,224.210526,8.13,142,123.6,142,55.5402315,0.062315236,3.70975901,0.022609156,0.000785763,0.93208393,28.7735117,0.870422535
4489,OK,,224.210526,8.13,145,123.6,145,56.7136167,0.031162997,4.8417374,0.029206109,0.00038752,0.914078828,75.3667812,0.852413793
4490,OK,,224.210526,8.13,148,123.6,148,57.8870019,0.0171457,6.01277141,0.035890532,0.000210211,0.895832969,170.736097,0.835135135
4491,OK,,224.210526,8.13,151,123.6,151,59.0603871,0.010224409,7.19442924,0.042489165,0.000123584,0.878012082,343.807021,0.818543046
4492,OK,,224.210526,8.13,154,123.6,154,60.2337722,0.006485177,8.38835871,0.049010195,7.73E-05,0.860628953,634.162994,0.802597403
4493,OK,,224.210526,8.13,157,123.6,157,61.4071574,0.004123794,9.61508306,0.055567694,4.85E-05,0.843353654,1146.85439,0.787261146
4494,OK,,224.210526,8.13,160,123.6,160,62.5805426,0.00287383,10.878688,0.062155924,3.33E-05,0.826119088,1868.42009,0.7725
4495,OK,,224.210526,8.61904737,121,123.6,121,47.3265353,2.62204442,0.410469963,0.0026282,0.034721639,0.935923592,0.075693438,1.0214876
4496,OK,,224.210526,8.61904737,124,123.6,124,48.4999205,2.0885494,0.516523651,0.003288662,0.027560117,0.946287066,0.119326845,0.996774194
4497,OK,,224.210526,8.61904737,127,123.6,127,49.6733057,1.58255061,0.662122646,0.004190397,0.020795845,0.954811277,0.201501667,0.973228346
4498,OK,,224.210526,8.61904737,130,123.6,130,50.8466908,1.10539758,0.874628473,0.005499744,0.014454739,0.9610589,0.380480328,0.950769231
4499,OK,,224.210526,8.61904737,133,123.6,133,52.020076,0.682039491,1.2024807,0.007508416,0.008864514,0.963773213,0.847019495,0.929323308
4500,OK,,224.210526,8.61904737,136,123.6,136,53.1934612,0.35687776,1.72385943,0.010679863,0.004600819,0.960883591,2.3212961,0.908823529
4501,OK,,224.210526,8.61904737,139,123.6,139,54.3668464,0.163205367,2.50542433,0.01538454,0.002081317,0.950914392,7.39173368,0.889208633
4502,OK,,224.210526,8.61904737,142,123.6,142,55.5402315,0.071299027,3.55046593,0.02158943,0.000897774,0.934790244,24.047723,0.870422535
4503,OK,,224.210526,8.61904737,145,123.6,145,56.7136167,0.035458598,4.66192112,0.028053617,0.000440135,0.917173688,63.7386941,0.852413793
4504,OK,,224.210526,8.61904737,148,123.6,148,57.8870019,0.019675102,5.79854394,0.034541859,0.000240931,0.899490061,143.36815,0.835135135
4505,OK,,224.210526,8.61904737,151,123.6,151,59.0603871,0.011381352,6.99926249,0.041249539,0.000137381,0.881297022,300.255653,0.818543046
4506,OK,,224.210526,8.61904737,154,123.6,154,60.2337722,0.007231993,8.18399894,0.047724473,8.61E-05,0.864009332,554.359792,0.802597403
4507,OK,,224.210526,8.61904737,157,123.6,157,61.4071574,0.004595546,9.38501229,0.054141311,5.39E-05,0.847092615,1003.72476,0.787261146
4508,OK,,224.210526,8.61904737,160,123.6,160,62.5805426,0.003211313,10.6384578,0.060686192,3.71E-05,0.829952431,1633.74528,0.7725
4509,OK,,224.210526,9.10809474,121,123.6,121,47.3265353,2.7178552,0.400152394,0.002554208,0.035871062,0.934117138,0.071205241,1.0214876
4510,OK,,224.210526,9.10809474,124,123.6,124,48.4999205,2.18779285,0.50079451,0.003178792,0.028773064,0.944565118,0.110478043,0.996774194
4511,OK,,224.210526,9.10809474,127,123.6,127,49.6733057,1.6708994,0.640491849,0.004041478,0.021888382,0.953468141,0.184640331,0.973228346
4512,OK,,224.210526,9.10809474,130,123.6,130,50.8466908,1.19054419,0.839297986,0.005262371,0.015521206,0.960079169,0.339043941,0.950769231
4513,OK,,224.210526,9.10809474,133,123.6,133,52.020076,0.759611698,1.14005029,0.007098982,0.009844883,0.963482137,0.721083422,0.929323308
4514,OK,,224.210526,9.10809474,136,123.6,136,53.1934612,0.406890559,1.62898734,0.010066051,0.005233692,0.961726914,1.92331753,0.908823529
4515,OK,,224.210526,9.10809474,139,123.6,139,54.3668464,0.190707597,2.36191212,0.014469347,0.00242793,0.953048229,5.95954141,0.889208633
4516,OK,,224.210526,9.10809474,142,123.6,142,55.5402315,0.084398331,3.35607911,0.020363121,0.001061183,0.938054319,19.1890706,0.870422535
4517,OK,,224.210526,9.10809474,145,123.6,145,56.7136167,0.041805257,4.43814668,0.026659851,0.000518543,0.921007472,51.4129819,0.852413793
4518,OK,,224.210526,9.10809474,148,123.6,148,57.8870019,0.02237508,5.59765931,0.033277986,0.000273677,0.902913708,121.595989,0.835135135
4519,Errors,,224.210526,9.10809474,151,123.6,151,59.0603871,0.024447753,6.35467547,0.036870886,0.000295104,0.891989817,124.942174,0.818543046
4520,OK,,224.210526,9.10809474,154,123.6,154,60.2337722,0.008108834,7.96989674,0.046387864,9.64E-05,0.867549295,481.088236,0.802597403
4521,OK,,224.210526,9.10809474,157,123.6,157,61.4071574,0.005223466,9.20368138,0.05298855,6.12E-05,0.850035318,865.331742,0.787261146
4522,OK,,224.210526,9.10809474,160,123.6,160,62.5805426,0.003487957,10.4645332,0.05959385,4.03E-05,0.832727223,1477.85758,0.7725
4523,OK,,224.210526,9.59714211,121,123.6,121,47.3265353,2.82662121,0.38921933,0.002476668,0.037174779,0.932049948,0.066622262,1.0214876
4524,OK,,224.210526,9.59714211,124,123.6,124,48.4999205,2.28545777,0.486286415,0.003077318,0.029958299,0.942850542,0.102720041,0.996774194
4525,OK,,224.210526,9.59714211,127,123.6,127,49.6733057,1.76616736,0.618899895,0.003893619,0.023061787,0.95198493,0.168834218,0.973228346
4526,OK,,224.210526,9.59714211,130,123.6,130,50.8466908,1.27801561,0.806294009,0.00504085,0.01661088,0.959007959,0.303466728,0.950769231
4527,OK,,224.210526,9.59714211,133,123.6,133,52.020076,0.833636229,1.08776212,0.006754643,0.010774533,0.963064292,0.626908168,0.929323308
4528,OK,,224.210526,9.59714211,136,123.6,136,53.1934612,0.467343603,1.53198041,0.009442133,0.005996661,0.962414102,1.57456493,0.908823529
4529,OK,,224.210526,9.59714211,139,123.6,139,54.3668464,0.223218956,2.22331182,0.013587701,0.002836536,0.954999583,4.79024515,0.889208633
4530,OK,,224.210526,9.59714211,142,123.6,142,55.5402315,0.101390656,3.15554155,0.019105072,0.001272934,0.941359045,15.0086864,0.870422535
4531,OK,,224.210526,9.59714211,145,123.6,145,56.7136167,0.04841334,4.24284812,0.025432947,0.000599733,0.924334548,42.407085,0.852413793
4532,OK,,224.210526,9.59714211,148,123.6,148,57.8870019,0.02557983,5.39426845,0.03200366,0.000312502,0.90637193,102.410982,0.835135135
4533,OK,,224.210526,9.59714211,151,123.6,151,59.0603871,0.014734195,6.57004976,0.038573497,0.000177493,0.888507606,217.323981,0.818543046
4534,OK,,224.210526,9.59714211,154,123.6,154,60.2337722,0.009065203,7.76415931,0.045103598,0.000107678,0.870949067,418.875684,0.802597403
4535,OK,,224.210526,9.59714211,157,123.6,157,61.4071574,0.005907879,8.95897233,0.051492287,6.92E-05,0.854009197,744.13657,0.787261146
4536,OK,,224.210526,9.59714211,160,123.6,160,62.5805426,0.00399949,10.1706829,0.057832053,4.62E-05,0.837414603,1251.82576,0.7725
4537,OK,,224.210526,10.0861895,121,123.6,121,47.3265353,2.91140015,0.381100996,0.002417598,0.038171444,0.930430125,0.063335252,1.0214876
4538,OK,,224.210526,10.0861895,124,123.6,124,48.4999205,2.38143856,0.472887766,0.002983445,0.031114484,0.941147814,0.095886064,0.996774194
4539,OK,,224.210526,10.0861895,127,123.6,127,49.6733057,1.86265029,0.598465935,0.003753855,0.024242771,0.950453947,0.154844296,0.973228346
4540,OK,,224.210526,10.0861895,130,123.6,130,50.8466908,1.36200841,0.777367354,0.004845999,0.017649717,0.957924976,0.274565263,0.950769231
4541,OK,,224.210526,10.0861895,133,123.6,133,52.020076,0.912998133,1.03791318,0.006427168,0.011766669,0.962496954,0.546218107,0.929323308
4542,OK,,224.210526,10.0861895,136,123.6,136,53.1934612,0.531083892,1.44634892,0.008891,0.006797493,0.962825641,1.30798228,0.908823529
4543,OK,,224.210526,10.0861895,139,123.6,139,54.3668464,0.258846595,2.09530624,0.012774365,0.003282912,0.956698742,3.89116861,0.889208633
4544,OK,,224.210526,10.0861895,142,123.6,142,55.5402315,0.118605825,2.98200947,0.018014125,0.001486786,0.944173526,12.1161532,0.870422535
4545,OK,,224.210526,10.0861895,145,123.6,145,56.7136167,0.05671705,4.03868918,0.02415854,0.000701669,0.927787955,34.4300932,0.852413793
4546,OK,,224.210526,10.0861895,148,123.6,148,57.8870019,0.029054795,5.20605768,0.03081618,0.000354345,0.909563247,86.9665885,0.835135135
4547,OK,,224.210526,10.0861895,151,123.6,151,59.0603871,0.016738249,6.36472593,0.037294092,0.000201404,0.89195018,185.170216,0.818543046
4548,OK,,224.210526,10.0861895,154,123.6,154,60.2337722,0.010275075,7.53532627,0.043693064,0.000121919,0.874728063,358.377758,0.802597403
4549,OK,,224.210526,10.0861895,157,123.6,157,61.4071574,0.006576175,8.748142,0.050187566,7.69E-05,0.857431633,652.242624,0.787261146
4550,OK,,224.210526,10.0861895,160,123.6,160,62.5805426,0.004437261,9.95210188,0.056488247,5.12E-05,0.840900402,1103.21331,0.7725
4551,OK,,224.210526,10.5752368,121,123.6,121,47.3265353,3.01750444,0.371266488,0.00234789,0.039425215,0.928395964,0.059553014,1.0214876
4552,OK,,224.210526,10.5752368,124,123.6,124,48.4999205,2.47761644,0.460224217,0.002894742,0.032265423,0.939425867,0.089716551,0.996774194
4553,OK,,224.210526,10.5752368,127,123.6,127,49.6733057,1.95716126,0.579847669,0.003626256,0.025391276,0.94892611,0.142815019,0.973228346
4554,OK,,224.210526,10.5752368,130,123.6,130,50.8466908,1.45701329,0.74727679,0.00464487,0.018821046,0.956648308,0.246791295,0.950769231
4555,OK,,224.210526,10.5752368,133,123.6,133,52.020076,0.994656499,0.992155354,0.006126648,0.012782049,0.961806825,0.479316542,0.929323308
4556,OK,,224.210526,10.5752368,136,123.6,136,53.1934612,0.599935739,1.36655572,0.008378296,0.007658819,0.963031331,1.09394098,0.908823529
4557,OK,,224.210526,10.5752368,139,123.6,139,54.3668464,0.289728632,2.00216322,0.012175905,0.003667629,0.957843943,3.31982956,0.889208633
4558,OK,,224.210526,10.5752368,142,123.6,142,55.5402315,0.139363389,2.81666263,0.01697682,0.00174419,0.946776851,9.73335384,0.870422535
4559,OK,,224.210526,10.5752368,145,123.6,145,56.7136167,0.066024473,3.85438657,0.023006603,0.000815715,0.930873549,28.2042058,0.852413793
4560,OK,,224.210526,10.5752368,148,123.6,148,57.8870019,0.033702835,4.98674075,0.029465341,0.000410741,0.91327166,71.736979,0.835135135
4561,OK,,224.210526,10.5752368,151,123.6,151,59.0603871,0.019070046,6.14396139,0.035930802,0.000229203,0.895648645,156.764362,0.818543046
4562,OK,,224.210526,10.5752368,154,123.6,154,60.2337722,0.011482699,7.33556508,0.042451921,0.000136097,0.878024445,311.924242,0.802597403
4563,OK,,224.210526,10.5752368,157,123.6,157,61.4071574,0.007465929,8.52652365,0.048826853,8.73E-05,0.861026142,559.519711,0.787261146
4564,OK,,224.210526,10.5752368,160,123.6,160,62.5805426,0.004904497,9.74349784,0.055203458,5.65E-05,0.844226305,976.415002,0.7725
4565,OK,,224.210526,11.0642842,121,123.6,121,47.3265353,3.12148384,0.362139476,0.002283071,0.040643951,0.926391753,0.056172469,1.0214876
4566,OK,,224.210526,11.0642842,124,123.6,124,48.4999205,2.57351056,0.448314002,0.002811281,0.033405145,0.937694237,0.084157116,0.996774194
4567,OK,,224.210526,11.0642842,127,123.6,127,49.6733057,2.052372,0.562317065,0.003506158,0.026540976,0.94736229,0.132103589,0.973228346
4568,OK,,224.210526,11.0642842,130,123.6,130,50.8466908,1.54740168,0.721050409,0.00446885,0.019926881,0.955386436,0.224262389,0.950769231
4569,OK,,224.210526,11.0642842,133,123.6,133,52.020076,1.0771868,0.950643373,0.00585384,0.013802396,0.961018316,0.424117663,0.929323308
4570,OK,,224.210526,11.0642842,136,123.6,136,53.1934612,0.66575264,1.30060067,0.007952626,0.00847731,0.963033928,0.938107265,0.908823529
4571,OK,,224.210526,11.0642842,139,123.6,139,54.3668464,0.354117336,1.84214161,0.011176062,0.004471997,0.959602973,2.49912103,0.889208633
4572,OK,,224.210526,11.0642842,142,123.6,142,55.5402315,0.163765905,2.65449142,0.015962974,0.002046169,0.949257372,7.80139538,0.870422535
4573,Errors,,224.210526,11.0642842,145,123.6,145,56.7136167,0.042944557,5.79023533,0.034166808,0.000523741,0.897146749,65.2361267,0.852413793
4574,OK,,224.210526,11.0642842,148,123.6,148,57.8870019,0.038375965,4.80171826,0.028312451,0.000467102,0.916387201,60.6129474,0.835135135
4575,OK,,224.210526,11.0642842,151,123.6,151,59.0603871,0.021160929,5.97609594,0.034870184,0.000253931,0.89845551,137.321703,0.818543046
4576,OK,,224.210526,11.0642842,154,123.6,154,60.2337722,0.012798698,7.14280871,0.041254876,0.000151524,0.881202735,272.266837,0.802597403
4577,OK,,224.210526,11.0642842,157,123.6,157,61.4071574,0.008063018,8.35164729,0.047730093,9.41E-05,0.863864236,507.06709,0.787261146
4578,OK,,224.210526,11.0642842,160,123.6,160,62.5805426,0.005116649,9.63224506,0.054452965,5.89E-05,0.846000669,924.412555,0.7725
4579,OK,,224.210526,11.5533316,121,123.6,121,47.3265353,3.21667361,0.354230662,0.002226353,0.04174703,0.924547524,0.053329618,1.0214876
4580,OK,,224.210526,11.5533316,124,123.6,124,48.4999205,2.67443875,0.436404295,0.002728283,0.03459954,0.935858801,0.078853158,0.996774194
4581,OK,,224.210526,11.5533316,127,123.6,127,49.6733057,2.1615414,0.543439904,0.003378288,0.027856379,0.945544568,0.121275199,0.973228346
4582,OK,,224.210526,11.5533316,130,123.6,130,50.8466908,1.64058791,0.695989976,0.004301002,0.021060801,0.954046609,0.204218367,0.950769231
4583,OK,,224.210526,11.5533316,133,123.6,133,52.020076,1.16233581,0.911926721,0.00559964,0.014849594,0.960125731,0.377090422,0.929323308
4584,OK,,224.210526,11.5533316,136,123.6,136,53.1934612,0.738516841,1.23660618,0.007541032,0.009378735,0.962869064,0.804056413,0.908823529
4585,OK,,224.210526,11.5533316,139,123.6,139,54.3668464,0.402020454,1.74514288,0.010560921,0.005065908,0.960506016,2.08470439,0.889208633
4586,OK,,224.210526,11.5533316,142,123.6,142,55.5402315,0.192546695,2.49761249,0.014985138,0.002401565,0.951563774,6.23973778,0.870422535
4587,OK,,224.210526,11.5533316,145,123.6,145,56.7136167,0.090284132,3.47237973,0.020638023,0.001112321,0.937181508,18.554009,0.852413793
4588,OK,,224.210526,11.5533316,148,123.6,148,57.8870019,0.043785708,4.61575506,0.027148885,0.00053183,0.919506269,51.0480354,0.835135135
4589,OK,,224.210526,11.5533316,151,123.6,151,59.0603871,0.024431865,5.74730141,0.033476246,0.000292959,0.902274036,114.26928,0.818543046
4590,OK,,224.210526,11.5533316,154,123.6,154,60.2337722,0.014315954,6.94552717,0.040029861,0.000169234,0.88445281,236.53599,0.802597403
4591,OK,,224.210526,11.5533316,157,123.6,157,61.4071574,0.009122145,8.1166973,0.046304415,0.000106397,0.867673089,435.20567,0.787261146
4592,OK,,224.210526,11.5533316,160,123.6,160,62.5805426,0.006020164,9.32123172,0.05261913,6.93E-05,0.85095604,759.783966,0.7725
4593,OK,,224.210526,12.0423789,121,123.6,121,47.3265353,3.31430648,0.346473431,0.002170901,0.042872254,0.92264847,0.050636511,1.0214876
4594,OK,,224.210526,12.0423789,124,123.6,124,48.4999205,2.77169911,0.425569262,0.002652486,0.035740693,0.934076833,0.074214739,0.996774194
4595,OK,,224.210526,12.0423789,127,123.6,127,49.6733057,2.25084393,0.529133532,0.003279611,0.028917442,0.94403478,0.113412896,0.973228346
4596,OK,,224.210526,12.0423789,130,123.6,130,50.8466908,1.73134967,0.673472798,0.004149764,0.022157301,0.952704445,0.187286506,0.950769231
4597,OK,,224.210526,12.0423789,133,123.6,133,52.020076,1.24563809,0.877544825,0.00537333,0.015867408,0.959185317,0.338639429,0.929323308
4598,OK,,224.210526,12.0423789,136,123.6,136,53.1934612,0.812685105,1.179202,0.007171534,0.010292718,0.962553911,0.696758007,0.908823529
4599,OK,,224.210526,12.0423789,139,123.6,139,54.3668464,0.459198793,1.64658427,0.00993928,0.005772907,0.961267147,1.72171147,0.889208633
4600,OK,,224.210526,12.0423789,142,123.6,142,55.5402315,0.22445276,2.35606005,0.014102788,0.00279441,0.953537954,5.04678572,0.870422535
4601,OK,,224.210526,12.0423789,145,123.6,145,56.7136167,0.104590812,3.30395865,0.019593784,0.001286693,0.939898923,15.228021,0.852413793
4602,OK,,224.210526,12.0423789,148,123.6,148,57.8870019,0.051942194,4.38152848,0.025730201,0.000630646,0.923411638,40.7997236,0.835135135
4603,OK,,224.210526,12.0423789,151,123.6,151,59.0603871,0.028144513,5.52646495,0.032121539,0.000336945,0.905950338,95.331655,0.818543046
4604,OK,,224.210526,12.0423789,154,123.6,154,60.2337722,0.016142397,6.73631745,0.038746976,0.00019058,0.887895783,203.310537,0.802597403
4605,OK,,224.210526,12.0423789,157,123.6,157,61.4071574,0.010201813,7.90469757,0.045010768,0.000118862,0.871107869,378.680834,0.787261146
4606,OK,,224.210526,12.0423789,160,123.6,160,62.5805426,0.006714257,9.09915957,0.051273495,7.72E-05,0.85449353,664.497084,0.7725
4607,OK,,224.210526,12.5314263,121,123.6,121,47.3265353,3.41665636,0.338677988,0.002115525,0.044047644,0.920650554,0.048028101,1.0214876
4608,OK,,224.210526,12.5314263,124,123.6,124,48.4999205,2.87284258,0.415046802,0.002579064,0.036922151,0.932208355,0.069851388,0.996774194
4609,OK,,224.210526,12.5314263,127,123.6,127,49.6733057,2.3394274,0.515758113,0.003187273,0.029963468,0.942520727,0.106371963,0.973228346
4610,OK,,224.210526,12.5314263,130,123.6,130,50.8466908,1.82637602,0.651687195,0.004003853,0.023299946,0.951264022,0.171839601,0.950769231
4611,OK,,224.210526,12.5314263,133,123.6,133,52.020076,1.33565804,0.843548522,0.005150577,0.016962813,0.958108355,0.30363929,0.929323308
4612,OK,,224.210526,12.5314263,136,123.6,136,53.1934612,0.891157116,1.1252929,0.00682512,0.011255378,0.962092145,0.606387496,0.908823529
4613,OK,,224.210526,12.5314263,139,123.6,139,54.3668464,0.520441404,1.55679401,0.009373311,0.006527144,0.96179224,1.43605076,0.889208633
4614,OK,,224.210526,12.5314263,142,123.6,142,55.5402315,0.258893124,2.22698643,0.01329861,0.00321717,0.955241822,4.13363563,0.870422535
4615,OK,,224.210526,12.5314263,145,123.6,145,56.7136167,0.122065654,3.12572155,0.018496431,0.001499425,0.942733555,12.3356817,0.852413793
4616,OK,,224.210526,12.5314263,148,123.6,148,57.8870019,0.060389287,4.18894373,0.024548112,0.000732254,0.926592622,33.5240407,0.835135135
4617,OK,,224.210526,12.5314263,151,123.6,151,59.0603871,0.032029288,5.32693945,0.030905127,0.000383158,0.909262892,80.6589961,0.818543046
4618,OK,,224.210526,12.5314263,154,123.6,154,60.2337722,0.018573399,6.50437345,0.037351831,0.000219161,0.891706154,170.43127,0.802597403
4619,OK,,224.210526,12.5314263,157,123.6,157,61.4071574,0.011440908,7.69005003,0.04370692,0.000133158,0.874583171,328.234582,0.787261146
4620,OK,,224.210526,12.5314263,160,123.6,160,62.5805426,0.007443374,8.88979599,0.050002082,8.55E-05,0.857827385,585.145394,0.7725
4621,OK,,224.210526,13.0204737,121,123.6,121,47.3265353,3.51678495,0.331443223,0.002063975,0.045187943,0.918687727,0.045675358,1.0214876
4622,OK,,224.210526,13.0204737,124,123.6,124,48.4999205,2.97131038,0.405157982,0.002510006,0.03806296,0.930381981,0.065943528,0.996774194
4623,OK,,224.210526,13.0204737,127,123.6,127,49.6733057,2.43630832,0.501823148,0.003091948,0.031104158,0.940850897,0.09940627,0.973228346
4624,OK,,224.210526,13.0204737,130,123.6,130,50.8466908,1.92011395,0.63155345,0.003868875,0.02441931,0.949816451,0.158435058,0.950769231
4625,OK,,224.210526,13.0204737,133,123.6,133,52.020076,1.42344305,0.813168247,0.004951035,0.018023786,0.957004844,0.274694528,0.929323308
4626,OK,,224.210526,13.0204737,136,123.6,136,53.1934612,0.97422747,1.07447058,0.006499097,0.012269506,0.961485904,0.529695054,0.908823529
4627,OK,,224.210526,13.0204737,139,123.6,139,54.3668464,0.58837005,1.47146116,0.008836472,0.007359843,0.962112365,1.20063319,0.889208633
4628,OK,,224.210526,13.0204737,142,123.6,142,55.5402315,0.30187601,2.09338147,0.012471142,0.003743757,0.95687347,3.33118353,0.870422535
4629,OK,,224.210526,13.0204737,145,123.6,145,56.7136167,0.142462154,2.96063874,0.017480707,0.001747228,0.945284729,10.0048222,0.852413793
4630,OK,,224.210526,13.0204737,148,123.6,148,57.8870019,0.068723907,4.01949447,0.023504551,0.000832205,0.929375883,28.2436952,0.835135135
4631,OK,,224.210526,13.0204737,151,123.6,151,59.0603871,0.036505698,5.13052928,0.029704332,0.000436152,0.91251268,68.1054836,0.818543046
4632,OK,,224.210526,13.0204737,154,123.6,154,60.2337722,0.020987955,6.29128413,0.036058721,0.000247374,0.895203773,145.765775,0.802597403
4633,OK,,224.210526,13.0204737,157,123.6,157,61.4071574,0.012849215,7.47517321,0.042406308,0.000149388,0.878059452,283.866364,0.787261146
4634,OK,,224.210526,13.0204737,160,123.6,160,62.5805426,0.008289009,8.67593353,0.048710284,9.51E-05,0.861231268,512.404492,0.7725
4635,OK,,224.210526,13.5095211,121,123.6,121,47.3265353,3.61818086,0.325495189,0.002020708,0.046335647,0.916670933,0.04361023,1.0214876
4636,OK,,224.210526,13.5095211,124,123.6,124,48.4999205,3.07036615,0.395692091,0.002443958,0.039203251,0.928534764,0.062340703,0.996774194
4637,OK,,224.210526,13.5095211,127,123.6,127,49.6733057,2.53404378,0.488792753,0.003002717,0.032247768,0.939145654,0.093113955,0.973228346
4638,OK,,224.210526,13.5095211,130,123.6,130,50.8466908,2.01224037,0.613036583,0.003744535,0.025511845,0.948368775,0.146776332,0.950769231
4639,OK,,224.210526,13.5095211,133,123.6,133,52.020076,1.51421519,0.784320479,0.004761852,0.019115051,0.95581445,0.249115308,0.929323308
4640,OK,,224.210526,13.5095211,136,123.6,136,53.1934612,1.05154723,1.03208444,0.00622564,0.013206788,0.960829177,0.471396994,0.908823529
4641,OK,,224.210526,13.5095211,139,123.6,139,54.3668464,0.650328092,1.4041709,0.008410635,0.008115741,0.962210444,1.03633597,0.889208633
4642,OK,,224.210526,13.5095211,142,123.6,142,55.5402315,0.347889998,1.97445947,0.011734298,0.004305434,0.958186176,2.7254622,0.870422535
4643,OK,,224.210526,13.5095211,145,123.6,145,56.7136167,0.167760837,2.78898081,0.01643083,0.002054124,0.947865401,7.99894782,0.852413793
4644,OK,,224.210526,13.5095211,148,123.6,148,57.8870019,0.080588291,3.81300287,0.022251323,0.000974561,0.932738075,22.8321506,0.835135135
4645,OK,,224.210526,13.5095211,151,123.6,151,59.0603871,0.04116574,4.96882235,0.028697806,0.000490981,0.91517177,58.4499145,0.818543046
4646,OK,,224.210526,13.5095211,154,123.6,154,60.2337722,0.023968338,6.08158791,0.034785411,0.000282162,0.898635665,123.281498,0.802597403
4647,OK,,224.210526,13.5095211,157,123.6,157,61.4071574,0.014619128,7.24782612,0.041038226,0.000169778,0.881732919,241.717188,0.787261146
4648,OK,,224.210526,13.5095211,160,123.6,160,62.5805426,0.009172103,8.46047241,0.047412275,0.000105079,0.864660098,451.207367,0.7725
4649,OK,,224.210526,13.9985684,121,123.6,121,47.3265353,3.71603138,0.319146706,0.001975245,0.047433566,0.914737513,0.04164234,1.0214876
4650,OK,,224.210526,13.9985684,124,123.6,124,48.4999205,3.16515055,0.387086379,0.002383623,0.040284846,0.926757881,0.059169222,0.996774194
4651,OK,,224.210526,13.9985684,127,123.6,127,49.6733057,2.63791064,0.475415036,0.002911836,0.033458247,0.937323968,0.087028936,0.973228346
4652,OK,,224.210526,13.9985684,130,123.6,130,50.8466908,2.10711443,0.595131249,0.003624602,0.02663112,0.946855034,0.136103989,0.950769231
4653,OK,,224.210526,13.9985684,133,123.6,133,52.020076,1.6078122,0.756873097,0.00458216,0.020234281,0.954542833,0.226455281,0.929323308
4654,OK,,224.210526,13.9985684,136,123.6,136,53.1934612,1.13761195,0.989290816,0.005951116,0.014246333,0.96001571,0.417729636,0.908823529
4655,OK,,224.210526,13.9985684,139,123.6,139,54.3668464,0.724867789,1.33290842,0.007962918,0.009022091,0.962150164,0.882602339,0.889208633
4656,OK,,224.210526,13.9985684,142,123.6,142,55.5402315,0.396821248,1.86753901,0.011069896,0.004898529,0.95923027,2.25984101,0.870422535
4657,OK,,224.210526,13.9985684,145,123.6,145,56.7136167,0.194993533,2.63666418,0.015498412,0.002383531,0.950070938,6.50229021,0.852413793
4658,OK,,224.210526,13.9985684,148,123.6,148,57.8870019,0.094639708,3.62864541,0.021126617,0.001142742,0.935680118,18.487651,0.835135135
4659,OK,,224.210526,13.9985684,151,123.6,151,59.0603871,0.048502558,4.72987592,0.027271384,0.000578051,0.919093343,47.1781867,0.818543046
4660,OK,,224.210526,13.9985684,154,123.6,154,60.2337722,0.027068698,5.88200152,0.033577954,0.000318296,0.901897723,105.492935,0.802597403
4661,OK,,224.210526,13.9985684,157,123.6,157,61.4071574,0.016187913,7.06395793,0.039918841,0.000187787,0.884701619,212.574933,0.787261146
4662,OK,,224.210526,13.9985684,160,123.6,160,62.5805426,0.010379783,8.23692487,0.046076721,0.000118792,0.868212957,387.876904,0.7725
4663,OK,,224.210526,14.4876158,121,123.6,121,47.3265353,3.82054194,0.312457872,0.001927912,0.04860308,0.91267056,0.039666454,1.0214876
4664,OK,,224.210526,14.4876158,124,123.6,124,48.4999205,3.26953949,0.377981586,0.002320514,0.04147419,0.924793257,0.055950803,0.996774194
4665,OK,,224.210526,14.4876158,127,123.6,127,49.6733057,2.73007182,0.464265483,0.002835156,0.034519627,0.93569308,0.082131711,0.973228346
4666,OK,,224.210526,14.4876158,130,123.6,130,50.8466908,2.20354251,0.578354563,0.003512177,0.027762062,0.945288533,0.126509931,0.950769231
4667,OK,,224.210526,14.4876158,133,123.6,133,52.020076,1.69603185,0.732971648,0.004424881,0.021280996,0.953306422,0.207926396,0.929323308
4668,OK,,224.210526,14.4876158,136,123.6,136,53.1934612,1.22072262,0.951860337,0.005710195,0.015243596,0.959156955,0.374596308,0.908823529
4669,OK,,224.210526,14.4876158,139,123.6,139,54.3668464,0.7958078,1.27337768,0.007587225,0.009879411,0.961940307,0.767983505,0.889208633
4670,OK,,224.210526,14.4876158,142,123.6,142,55.5402315,0.453138557,1.76376599,0.010430776,0.005583333,0.960084708,1.86819873,0.870422535
4671,OK,,224.210526,14.4876158,145,123.6,145,56.7136167,0.228191818,2.49668642,0.014638637,0.002783922,0.951953721,5.25827947,0.852413793
4672,OK,,224.210526,14.4876158,148,123.6,148,57.8870019,0.109682586,3.44635762,0.020022978,0.001322497,0.93856928,15.1402867,0.835135135
4673,OK,,224.210526,14.4876158,151,123.6,151,59.0603871,0.055785698,4.52940091,0.026063156,0.000664024,0.922364434,39.2503456,0.818543046
4674,OK,,224.210526,14.4876158,154,123.6,154,60.2337722,0.030746938,5.67544919,0.032335924,0.000361132,0.905265835,89.5405251,0.802597403
4675,OK,,224.210526,14.4876158,157,123.6,157,61.4071574,0.018223112,6.85193793,0.038647958,0.000211166,0.888121168,183.021359,0.787261146
4676,OK,,224.210526,14.4876158,160,123.6,160,62.5805426,0.0112544,8.08141962,0.045116392,0.000128657,0.870683863,350.670661,0.7725
4677,OK,,224.210526,14.9766632,121,123.6,121,47.3265353,3.91994466,0.305123473,0.001876921,0.04970446,0.910725175,0.037761629,1.0214876
4678,OK,,224.210526,14.9766632,124,123.6,124,48.4999205,3.36887546,0.369754247,0.002263176,0.042595431,0.922914725,0.053131902,0.996774194
4679,OK,,224.210526,14.9766632,127,123.6,127,49.6733057,2.82211763,0.453668922,0.002762283,0.035572999,0.934053381,0.077651113,0.973228346
4680,OK,,224.210526,14.9766632,130,123.6,130,50.8466908,2.29894502,0.562458811,0.003405726,0.028873478,0.943724876,0.117953435,0.950769231
4681,OK,,224.210526,14.9766632,133,123.6,133,52.020076,1.78265784,0.711683943,0.004284169,0.022301737,0.952050401,0.192100236,0.929323308
4682,OK,,224.210526,14.9766632,136,123.6,136,53.1934612,1.30848747,0.915739649,0.005478345,0.016291808,0.95818608,0.336263766,0.908823529
4683,OK,,224.210526,14.9766632,139,123.6,139,54.3668464,0.870965277,1.21722696,0.007233454,0.010783706,0.961590705,0.670776298,0.889208633
4684,OK,,224.210526,14.9766632,142,123.6,142,55.5402315,0.512472191,1.67989097,0.009907521,0.006298828,0.960526575,1.57291491,0.870422535
4685,OK,,224.210526,14.9766632,145,123.6,145,56.7136167,0.26528864,2.35389749,0.013769809,0.003230466,0.953817332,4.26248345,0.852413793
4686,OK,,224.210526,14.9766632,148,123.6,148,57.8870019,0.12737449,3.27100946,0.018963726,0.001533555,0.941292797,12.3658584,0.835135135
4687,OK,,224.210526,14.9766632,151,123.6,151,59.0603871,0.064220528,4.33403081,0.024886514,0.000763329,0.925529588,32.6026015,0.818543046
4688,OK,,224.210526,14.9766632,154,123.6,154,60.2337722,0.034217988,5.50562544,0.031294707,0.000401136,0.908027619,78.0151261,0.802597403
4689,OK,,224.210526,14.9766632,157,123.6,157,61.4071574,0.020679354,6.63180122,0.037336801,0.000239369,0.891666039,155.980048,0.787261146
4690,OK,,224.210526,14.9766632,160,123.6,160,62.5805426,0.012796071,7.83277887,0.043652674,0.000146135,0.87463236,298.71552,0.7725
4691,OK,,224.210526,15.4657105,121,123.6,121,47.3265353,4.02245193,0.299122992,0.001834391,0.050834796,0.908686007,0.036085349,1.0214876
4692,OK,,224.210526,15.4657105,124,123.6,124,48.4999205,3.4688959,0.361840422,0.002208079,0.043717276,0.921015616,0.050508153,0.996774194
4693,OK,,224.210526,15.4657105,127,123.6,127,49.6733057,2.92649142,0.442148916,0.002684138,0.03676668,0.932184092,0.073004633,0.973228346
4694,OK,,224.210526,15.4657105,130,123.6,130,50.8466908,2.39595656,0.547211423,0.003303771,0.029997101,0.942116823,0.110136357,0.950769231
4695,OK,,224.210526,15.4657105,133,123.6,133,52.020076,1.88400185,0.687695444,0.004127971,0.023494754,0.950563369,0.17569756,0.929323308
4696,OK,,224.210526,15.4657105,136,123.6,136,53.1934612,1.39548794,0.882995643,0.005267853,0.017324501,0.957166097,0.30406952,0.908823529
4697,OK,,224.210526,15.4657105,139,123.6,139,54.3668464,0.951553848,1.17029407,0.00693442,0.011747482,0.960971657,0.590289866,0.889208633
4698,OK,,224.210526,15.4657105,142,123.6,142,55.5402315,0.576106808,1.5932064,0.009372688,0.007063982,0.960941589,1.32682788,0.870422535
4699,OK,,224.210526,15.4657105,145,123.6,145,56.7136167,0.301208964,2.23750003,0.013058124,0.003661004,0.955236341,3.56681537,0.852413793
4700,OK,,224.210526,15.4657105,148,123.6,148,57.8870019,0.148458251,3.09939851,0.017930249,0.001784655,0.94389316,10.046899,0.835135135
4701,OK,,224.210526,15.4657105,151,123.6,151,59.0603871,0.072764997,4.16701737,0.023872699,0.000863393,0.928212757,27.6498791,0.818543046
4702,OK,,224.210526,15.4657105,154,123.6,154,60.2337722,0.039688213,5.27343233,0.029927706,0.000465057,0.911791669,64.3527251,0.802597403
4703,OK,,224.210526,15.4657105,157,123.6,157,61.4071574,0.023157241,6.43196796,0.036142224,0.000267752,0.894879922,134.983966,0.787261146
4704,OK,,224.210526,15.4657105,160,123.6,160,62.5805426,0.014320368,7.61815715,0.042378951,0.00016337,0.87803753,259.404193,0.7725
4705,OK,,224.210526,15.9547579,121,123.6,121,47.3265353,4.12742886,0.293212197,0.001792653,0.05198675,0.90659276,0.034482886,1.0214876
4706,OK,,224.210526,15.9547579,124,123.6,124,48.4999205,3.57064927,0.354130483,0.002154538,0.044852486,0.919076573,0.048036097,0.996774194
4707,OK,,224.210526,15.9547579,127,123.6,127,49.6733057,3.02802474,0.431529033,0.002611915,0.037918946,0.930353865,0.068881518,0.973228346
4708,OK,,224.210526,15.9547579,130,123.6,130,50.8466908,2.4922555,0.532922903,0.003208174,0.031105269,0.940503928,0.10313925,0.950769231
4709,OK,,224.210526,15.9547579,133,123.6,133,52.020076,1.97492358,0.667729234,0.003996755,0.02455469,0.949199366,0.162769521,0.929323308
4710,OK,,224.210526,15.9547579,136,123.6,136,53.1934612,1.49115562,0.854840734,0.005084578,0.018453117,0.955896903,0.275540348,0.908823529
4711,OK,,224.210526,15.9547579,139,123.6,139,54.3668464,1.03840607,1.11806786,0.00660706,0.012782038,0.960334761,0.516901879,0.889208633
4712,OK,,224.210526,15.9547579,142,123.6,142,55.5402315,0.642112527,1.51518122,0.008891114,0.007854129,0.961157999,1.13203059,0.870422535
4713,OK,,224.210526,15.9547579,145,123.6,145,56.7136167,0.350685791,2.10189651,0.012238374,0.004253571,0.956754966,2.87719996,0.852413793
4714,OK,,224.210526,15.9547579,148,123.6,148,57.8870019,0.171772569,2.93874366,0.016963875,0.002061666,0.946265722,8.2282379,0.835135135
4715,OK,,224.210526,15.9547579,151,123.6,151,59.0603871,0.085466754,3.96091753,0.022652639,0.001013357,0.931487339,22.3540623,0.818543046
4716,OK,,224.210526,15.9547579,154,123.6,154,60.2337722,0.045314766,5.07180666,0.028726998,0.000530358,0.915045642,54.1653144,0.802597403
4717,OK,,224.210526,15.9547579,157,123.6,157,61.4071574,0.025974914,6.23324203,0.034956379,0.000299955,0.898070238,116.538656,0.787261146
4718,OK,,224.210526,15.9547579,160,123.6,160,62.5805426,0.016019985,7.40717535,0.041129434,0.000182567,0.881381736,225.284269,0.7725
4719,OK,,224.210526,16.4438053,121,123.6,121,47.3265353,4.22607932,0.287915584,0.001754931,0.053056841,0.904620212,0.03307644,1.0214876
4720,OK,,224.210526,16.4438053,124,123.6,124,48.4999205,3.67096784,0.346869426,0.002104033,0.045962901,0.917157859,0.045776758,0.996774194
4721,OK,,224.210526,16.4438053,127,123.6,127,49.6733057,3.1247172,0.42194031,0.002546348,0.039006158,0.928600332,0.065280665,0.973228346
4722,OK,,224.210526,16.4438053,130,123.6,130,50.8466908,2.58941428,0.519285002,0.003117,0.032216369,0.938861326,0.09675207,0.950769231
4723,OK,,224.210526,16.4438053,133,123.6,133,52.020076,2.06653791,0.648854131,0.003872749,0.025616242,0.947801075,0.151183329,0.929323308
4724,OK,,224.210526,16.4438053,136,123.6,136,53.1934612,1.57570205,0.827801547,0.004910182,0.019443968,0.954815807,0.252529828,0.908823529
4725,OK,,224.210526,16.4438053,139,123.6,139,54.3668464,1.11160288,1.0786493,0.006357269,0.013648345,0.959713459,0.465790444,0.889208633
4726,OK,,224.210526,16.4438053,142,123.6,142,55.5402315,0.712766031,1.44211613,0.008440773,0.008696327,0.961201419,0.970613583,0.870422535
4727,OK,,224.210526,16.4438053,145,123.6,145,56.7136167,0.397037549,1.99522175,0.01158956,0.004805904,0.957818608,2.41152566,0.852413793
4728,OK,,224.210526,16.4438053,148,123.6,148,57.8870019,0.199336821,2.78008067,0.016012879,0.002388536,0.948530458,6.70405567,0.835135135
4729,OK,,224.210526,16.4438053,151,123.6,151,59.0603871,0.098571277,3.77188101,0.021527293,0.001167145,0.934466188,18.4444075,0.818543046
4730,OK,,224.210526,16.4438053,154,123.6,154,60.2337722,0.051772911,4.87271595,0.027544842,0.000605208,0.918243725,45.5129959,0.802597403
4731,OK,,224.210526,16.4438053,157,123.6,157,61.4071574,0.029416529,6.02504057,0.033723082,0.000339291,0.9014047,99.3927155,0.787261146
4732,OK,,224.210526,16.4438053,160,123.6,160,62.5805426,0.017933004,7.19773857,0.03989238,0.000204149,0.884697842,195.408538,0.7725
4733,OK,,224.210526,16.9328526,121,123.6,121,47.3265353,4.32823303,0.282267065,0.001715276,0.054160427,0.902581077,0.03167028,1.0214876
4734,OK,,224.210526,16.9328526,124,123.6,124,48.4999205,3.77145306,0.339900961,0.002055588,0.047067944,0.915229675,0.043672782,0.996774194
4735,OK,,224.210526,16.9328526,127,123.6,127,49.6733057,3.22330541,0.412597396,0.002482622,0.040108665,0.926803688,0.061897401,0.973228346
4736,OK,,224.210526,16.9328526,130,123.6,130,50.8466908,2.68570111,0.506486193,0.003031364,0.033310071,0.93721937,0.09100444,0.950769231
4737,OK,,224.210526,16.9328526,133,123.6,133,52.020076,2.16683756,0.633043032,0.003766847,0.026771541,0.946176922,0.140703394,0.929323308
4738,OK,,224.210526,16.9328526,136,123.6,136,53.1934612,1.66523828,0.801141761,0.004738868,0.020488389,0.953633774,0.231295292,0.908823529
4739,OK,,224.210526,16.9328526,139,123.6,139,54.3668464,1.20102587,1.03443768,0.006080274,0.014703403,0.958881861,0.413528355,0.889208633
4740,OK,,224.210526,16.9328526,142,123.6,142,55.5402315,0.781315789,1.37959584,0.008054074,0.009508878,0.961092859,0.847005698,0.870422535
4741,OK,,224.210526,16.9328526,145,123.6,145,56.7136167,0.448588543,1.89340996,0.010971756,0.005418276,0.958704829,2.0249531,0.852413793
4742,OK,,224.210526,16.9328526,148,123.6,148,57.8870019,0.230028626,2.63346828,0.015134695,0.002751553,0.95053299,5.50041988,0.835135135
4743,OK,,224.210526,16.9328526,151,123.6,151,59.0603871,0.113679661,3.59184626,0.020457187,0.001344148,0.937258692,15.2194456,0.818543046
4744,OK,,224.210526,16.9328526,154,123.6,154,60.2337722,0.058982775,4.68012237,0.026403406,0.000688637,0.921321462,38.3415292,0.802597403
4745,OK,,224.210526,16.9328526,157,123.6,157,61.4071574,0.033268532,5.82124529,0.032523042,0.000383362,0.904660726,84.8364824,0.787261146
4746,OK,,224.210526,16.9328526,160,123.6,160,62.5805426,0.0193551,7.05702164,0.039013282,0.000219832,0.886923692,177.468658,0.7725
4747,OK,,224.210526,17.4219,121,123.6,121,47.3265353,4.43338686,0.277013794,0.001678246,0.055292227,0.900470199,0.030352288,1.0214876
4748,OK,,224.210526,17.4219,124,123.6,124,48.4999205,3.87493851,0.332993539,0.002007791,0.048201454,0.913238372,0.041654166,0.996774194
4749,OK,,224.210526,17.4219,127,123.6,127,49.6733057,3.32356998,0.403507074,0.002420784,0.041224451,0.92496821,0.058722034,0.973228346
4750,OK,,224.210526,17.4219,130,123.6,130,50.8466908,2.78429604,0.494017248,0.002948184,0.034424707,0.935525533,0.085641514,0.950769231
4751,OK,,224.210526,17.4219,133,123.6,133,52.020076,2.26115928,0.615786293,0.003653783,0.027852211,0.944695475,0.131184664,0.929323308
4752,OK,,224.210526,17.4219,136,123.6,136,53.1934612,1.75836301,0.775321558,0.004573428,0.021569738,0.952368496,0.212029826,0.908823529
4753,OK,,224.210526,17.4219,139,123.6,139,54.3668464,1.28361943,0.997373961,0.005846691,0.015671349,0.958044405,0.373081506,0.889208633
4754,OK,,224.210526,17.4219,142,123.6,142,55.5402315,0.857764859,1.31736615,0.00767099,0.010412098,0.960836839,0.736738146,0.870422535
4755,OK,,224.210526,17.4219,145,123.6,145,56.7136167,0.506480758,1.79507703,0.010376876,0.006103906,0.959417898,1.70003864,0.852413793
4756,OK,,224.210526,17.4219,148,123.6,148,57.8870019,0.259944015,2.51163155,0.01440163,0.003104053,0.952120934,4.63962102,0.835135135
4757,OK,,224.210526,17.4219,151,123.6,151,59.0603871,0.131038766,3.41610908,0.019415733,0.001547192,0.939940322,12.5490113,0.818543046
4758,OK,,224.210526,17.4219,154,123.6,154,60.2337722,0.067973108,4.47713728,0.025208702,0.000792623,0.924542159,31.8041451,0.802597403
4759,OK,,224.210526,17.4219,157,123.6,157,61.4071574,0.037475199,5.62617847,0.031368648,0.000431215,0.907768835,72.7448168,0.787261146
4760,OK,,224.210526,17.4219,160,123.6,160,62.5805426,0.022679885,6.7698004,0.037382584,0.000257635,0.891460189,145.098808,0.7725
4761,OK,,229.473684,8.13,121,123.6,121,47.3265353,2.53981406,0.459251177,0.002949344,0.033735103,0.936630366,0.087426564,1.0214876
4762,OK,,229.473684,8.13,124,123.6,124,48.4999205,2.01920617,0.576183863,0.003679131,0.026718908,0.946486716,0.137697664,0.996774194
4763,OK,,229.473684,8.13,127,123.6,127,49.6733057,1.51580535,0.739459785,0.00469297,0.019972157,0.954598046,0.234975605,0.973228346
4764,OK,,229.473684,8.13,130,123.6,130,50.8466908,1.05227699,0.97415247,0.006141969,0.0137929,0.960146286,0.445299329,0.950769231
4765,OK,,229.473684,8.13,133,123.6,133,52.020076,0.647095328,1.33188106,0.008337415,0.008427139,0.961957449,0.989353077,0.929323308
4766,OK,,229.473684,8.13,136,123.6,136,53.1934612,0.33433255,1.90484311,0.011828572,0.00431745,0.957905058,2.73971243,0.908823529
4767,OK,,229.473684,8.13,139,123.6,139,54.3668464,0.157400482,2.71638734,0.016716797,0.002010146,0.947140803,8.31621055,0.889208633
4768,OK,,229.473684,8.13,142,123.6,142,55.5402315,0.073632589,3.73239744,0.022745486,0.000928267,0.931472557,24.5031819,0.870422535
4769,OK,,229.473684,8.13,145,123.6,145,56.7136167,0.037424314,4.8542622,0.029280505,0.000465325,0.913747583,62.9247951,0.852413793
4770,OK,,229.473684,8.13,148,123.6,148,57.8870019,0.020746425,6.01997417,0.03593272,0.000254339,0.895646339,141.278715,0.835135135
4771,OK,,229.473684,8.13,151,123.6,151,59.0603871,0.012444242,7.19886974,0.04251481,0.00015041,0.87789931,282.659982,0.818543046
4772,OK,,229.473684,8.13,154,123.6,154,60.2337722,0.007912055,8.39121302,0.049026446,9.43E-05,0.860557877,519.982434,0.802597403
4773,OK,,229.473684,8.13,157,123.6,157,61.4071574,0.00521123,9.61725837,0.055579903,6.12E-05,0.843300521,907.75536,0.787261146
4774,OK,,229.473684,8.13,160,123.6,160,62.5805426,0.003525868,10.8799923,0.062163136,4.08E-05,0.826087826,1523.08753,0.7725
4775,OK,,229.473684,8.61904737,121,123.6,121,47.3265353,2.6403412,0.447058831,0.002862126,0.034951015,0.934763869,0.081889637,1.0214876
4776,OK,,229.473684,8.61904737,124,123.6,124,48.4999205,2.11024166,0.559905124,0.003564354,0.027834211,0.944945337,0.128056597,0.996774194
4777,OK,,229.473684,8.61904737,127,123.6,127,49.6733057,1.608313,0.713646656,0.00451571,0.02112347,0.953255383,0.2137769,0.973228346
4778,OK,,229.473684,8.61904737,130,123.6,130,50.8466908,1.1354671,0.93476978,0.005876755,0.014839038,0.959284727,0.396033455,0.950769231
4779,OK,,229.473684,8.61904737,133,123.6,133,52.020076,0.715333547,1.26907452,0.00792251,0.009291101,0.961853034,0.852698702,0.929323308
4780,OK,,229.473684,8.61904737,136,123.6,136,53.1934612,0.388613711,1.78733918,0.01107086,0.005006827,0.959093602,2.21115292,0.908823529
4781,OK,,229.473684,8.61904737,139,123.6,139,54.3668464,0.186126196,2.55127281,0.015663764,0.002372562,0.94964948,6.60204688,0.889208633
4782,OK,,229.473684,8.61904737,142,123.6,142,55.5402315,0.084070793,3.57601364,0.021743013,0.001058333,0.934100303,20.5445931,0.870422535
4783,OK,,229.473684,8.61904737,145,123.6,145,56.7136167,0.042512006,4.67603037,0.028137273,0.000527616,0.916800538,53.3291037,0.852413793
4784,OK,,229.473684,8.61904737,148,123.6,148,57.8870019,0.023733893,5.80666299,0.034589351,0.000290611,0.899279688,119.022846,0.835135135
4785,OK,,229.473684,8.61904737,151,123.6,151,59.0603871,0.013912596,7.00432593,0.041278739,0.000167928,0.88116843,245.812755,0.818543046
4786,OK,,229.473684,8.61904737,154,123.6,154,60.2337722,0.008812367,8.18716031,0.04774245,0.000104899,0.86393061,455.127626,0.802597403
4787,OK,,229.473684,8.61904737,157,123.6,157,61.4071574,0.005810767,9.38744322,0.05415494,6.82E-05,0.847033239,794.030318,0.787261146
4788,OK,,229.473684,8.61904737,160,123.6,160,62.5805426,0.003936546,10.6399086,0.060694207,4.55E-05,0.82991766,1332.95181,0.7725
4789,OK,,229.473684,9.10809474,121,123.6,121,47.3265353,2.73596375,0.436364538,0.002785018,0.036096909,0.932969353,0.077153908,1.0214876
4790,OK,,229.473684,9.10809474,124,123.6,124,48.4999205,2.20902614,0.543257709,0.003447842,0.029039947,0.943251786,0.118727562,0.996774194
4791,OK,,229.473684,9.10809474,127,123.6,127,49.6733057,1.69615271,0.690997287,0.00435944,0.022207985,0.951943001,0.196300554,0.973228346
4792,OK,,229.473684,9.10809474,130,123.6,130,50.8466908,1.22009849,0.898408351,0.005631899,0.015897159,0.958335404,0.354270798,0.950769231
4793,OK,,229.473684,9.10809474,133,123.6,133,52.020076,0.792752058,1.20633618,0.007510115,0.010267663,0.961570832,0.731433669,0.929323308
4794,OK,,229.473684,9.10809474,136,123.6,136,53.1934612,0.439669979,1.69455395,0.010468987,0.005651684,0.959878077,1.852366,0.908823529
4795,OK,,229.473684,9.10809474,139,123.6,139,54.3668464,0.215770762,2.41204576,0.014774095,0.002745675,0.951665092,5.38086033,0.889208633
4796,OK,,229.473684,9.10809474,142,123.6,142,55.5402315,0.099360969,3.38600924,0.020542772,0.001248958,0.937246027,16.4479345,0.870422535
4797,OK,,229.473684,9.10809474,145,123.6,145,56.7136167,0.049902627,4.45434421,0.026755789,0.000618886,0.920579094,43.2321556,0.852413793
4798,OK,,229.473684,9.10809474,148,123.6,148,57.8870019,0.026994424,5.60689966,0.033331964,0.000330149,0.902674281,100.960405,0.835135135
4799,Errors,,229.473684,9.10809474,151,123.6,151,59.0603871,0.029389648,6.36456128,0.036927137,0.000354724,0.891738757,104.101082,0.818543046
4800,OK,,229.473684,9.10809474,154,123.6,154,60.2337722,0.009875173,7.9734301,0.046407933,0.000117423,0.86746131,395.221175,0.802597403
4801,OK,,229.473684,9.10809474,157,123.6,157,61.4071574,0.006386629,9.20600818,0.053001577,7.49E-05,0.849978485,707.922174,0.787261146
4802,OK,,229.473684,9.10809474,160,123.6,160,62.5805426,0.004273004,10.4661036,0.059602516,4.94E-05,0.832689584,1206.53401,0.7725
4803,OK,,229.473684,9.59714211,121,123.6,121,47.3265353,2.84424915,0.424470024,0.002700658,0.037393397,0.930932633,0.07222287,1.0214876
4804,OK,,229.473684,9.59714211,124,123.6,124,48.4999205,2.30625723,0.527881665,0.003340082,0.030218376,0.941564051,0.110531491,0.996774194
4805,OK,,229.473684,9.59714211,127,123.6,127,49.6733057,1.79083123,0.668226041,0.004203258,0.023372352,0.950495397,0.179838892,0.973228346
4806,OK,,229.473684,9.59714211,130,123.6,130,50.8466908,1.30703356,0.864331139,0.005402665,0.016978265,0.95729585,0.318210674,0.950769231
4807,OK,,229.473684,9.59714211,133,123.6,133,52.020076,0.866527257,1.15354882,0.007161625,0.011192378,0.961167375,0.639866252,0.929323308
4808,OK,,229.473684,9.59714211,136,123.6,136,53.1934612,0.500955308,1.59921138,0.009854362,0.006423716,0.96051833,1.5340594,0.908823529
4809,OK,,229.473684,9.59714211,139,123.6,139,54.3668464,0.250156805,2.27719519,0.013914607,0.003177186,0.953512992,4.37953887,0.889208633
4810,OK,,229.473684,9.59714211,142,123.6,142,55.5402315,0.117900429,3.1885664,0.019302999,0.001479742,0.940467176,13.0448396,0.870422535
4811,OK,,229.473684,9.59714211,145,123.6,145,56.7136167,0.057677023,4.26137866,0.025542542,0.000714365,0.923844467,35.7556031,0.852413793
4812,OK,,229.473684,9.59714211,148,123.6,148,57.8870019,0.030791005,5.40469267,0.032064471,0.000376129,0.906101828,85.2485343,0.835135135
4813,OK,,229.473684,9.59714211,151,123.6,151,59.0603871,0.017859463,6.57630147,0.038609462,0.000215129,0.888348837,179.471443,0.818543046
4814,OK,,229.473684,9.59714211,154,123.6,154,60.2337722,0.011030788,7.76809125,0.045125902,0.000131021,0.870851156,344.418386,0.802597403
4815,OK,,229.473684,9.59714211,157,123.6,157,61.4071574,0.007210498,8.96157809,0.051506862,8.45E-05,0.85394555,609.890665,0.787261146
4816,OK,,229.473684,9.59714211,160,123.6,160,62.5805426,0.004871266,10.1724268,0.057841671,5.63E-05,0.837372805,1027.9821,0.7725
4817,OK,,229.473684,10.0861895,121,123.6,121,47.3265353,2.92875515,0.415805644,0.002637452,0.038385668,0.929330115,0.068709296,1.0214876
4818,OK,,229.473684,10.0861895,124,123.6,124,48.4999205,2.40187773,0.513762113,0.003240886,0.031368754,0.939883616,0.103315726,0.996774194
4819,OK,,229.473684,10.0861895,127,123.6,127,49.6733057,1.88679964,0.646762655,0.004056153,0.024545309,0.948995496,0.165251635,0.973228346
4820,OK,,229.473684,10.0861895,130,123.6,130,50.8466908,1.39051344,0.834378166,0.00520043,0.01800895,0.956243139,0.288769208,0.950769231
4821,OK,,229.473684,10.0861895,133,123.6,133,52.020076,0.945542386,1.10300579,0.006828806,0.0121783,0.960620047,0.560735551,0.929323308
4822,OK,,229.473684,10.0861895,136,123.6,136,53.1934612,0.56498851,1.51416536,0.009305849,0.007226659,0.960913356,1.28771104,0.908823529
4823,OK,,229.473684,10.0861895,139,123.6,139,54.3668464,0.288001969,2.15362508,0.013127469,0.003650624,0.95508978,3.59595195,0.889208633
4824,OK,,229.473684,10.0861895,142,123.6,142,55.5402315,0.137647539,3.02009893,0.018242024,0.001724855,0.943144881,10.5759744,0.870422535
4825,OK,,229.473684,10.0861895,145,123.6,145,56.7136167,0.067462456,4.06018365,0.024285482,0.000834436,0.927219487,29.104078,0.852413793
4826,OK,,229.473684,10.0861895,148,123.6,148,57.8870019,0.034872347,5.21769487,0.030883953,0.000425248,0.909261716,72.6256742,0.835135135
4827,OK,,229.473684,10.0861895,151,123.6,151,59.0603871,0.020174067,6.37159884,0.03733358,0.000242731,0.891775635,153.806501,0.818543046
4828,OK,,229.473684,10.0861895,154,123.6,154,60.2337722,0.012487494,7.53975196,0.043718142,0.000148165,0.874617857,295.064754,0.802597403
4829,OK,,229.473684,10.0861895,157,123.6,157,61.4071574,0.00801923,8.75102869,0.050203695,9.38E-05,0.857361124,535.057671,0.787261146
4830,OK,,229.473684,10.0861895,160,123.6,160,62.5805426,0.005499293,9.95422638,0.056499952,6.35E-05,0.840849484,890.360131,0.7725
4831,OK,,229.473684,10.5752368,121,123.6,121,47.3265353,3.03451625,0.405284548,0.002562734,0.039634051,0.927317714,0.064659896,1.0214876
4832,OK,,229.473684,10.5752368,124,123.6,124,48.4999205,2.49772552,0.500438114,0.003147267,0.032514313,0.938182092,0.096796353,0.996774194
4833,OK,,229.473684,10.5752368,127,123.6,127,49.6733057,1.98082435,0.627171474,0.003921604,0.025686239,0.947497035,0.152673326,0.973228346
4834,OK,,229.473684,10.5752368,130,123.6,130,50.8466908,1.48493608,0.803122593,0.004991087,0.019171187,0.955000834,0.260343132,0.950769231
4835,OK,,229.473684,10.5752368,133,123.6,133,52.020076,1.02678688,1.05641965,0.006522131,0.013186636,0.959953797,0.494601541,0.929323308
4836,OK,,229.473684,10.5752368,136,123.6,136,53.1934612,0.634140385,1.43497181,0.00879582,0.008090085,0.961102133,1.08723458,0.908823529
4837,OK,,229.473684,10.5752368,139,123.6,139,54.3668464,0.320280474,2.06327519,0.012545107,0.004051988,0.956157919,3.09603769,0.889208633
4838,OK,,229.473684,10.5752368,142,123.6,142,55.5402315,0.16041694,2.85877631,0.017228361,0.002006877,0.945639527,8.58466347,0.870422535
4839,OK,,229.473684,10.5752368,145,123.6,145,56.7136167,0.077807688,3.87795699,0.02314559,0.00096108,0.930250178,24.0828877,0.852413793
4840,OK,,229.473684,10.5752368,148,123.6,148,57.8870019,0.040422795,5.00018306,0.029543542,0.000492577,0.912923356,59.9775257,0.835135135
4841,OK,,229.473684,10.5752368,151,123.6,151,59.0603871,0.023094605,6.152012,0.035977,0.000277553,0.89544419,129.621965,0.818543046
4842,OK,,229.473684,10.5752368,154,123.6,154,60.2337722,0.013939378,7.34047939,0.042479731,0.000165207,0.877902072,257.130393,0.802597403
4843,OK,,229.473684,10.5752368,157,123.6,157,61.4071574,0.008962681,8.52951775,0.048843563,0.000104758,0.860953009,466.252836,0.787261146
4844,OK,,229.473684,10.5752368,160,123.6,160,62.5805426,0.006182082,9.74605354,0.055217522,7.13E-05,0.844165052,774.844405,0.7725
4845,OK,,229.473684,11.0642842,121,123.6,121,47.3265353,3.1381736,0.395513232,0.002493199,0.04084773,0.925333921,0.061036426,1.0214876
4846,OK,,229.473684,11.0642842,124,123.6,124,48.4999205,2.59323128,0.487750902,0.003058187,0.033647991,0.93647449,0.090887647,0.996774194
4847,OK,,229.473684,11.0642842,127,123.6,127,49.6733057,2.07556191,0.608694145,0.003794756,0.026828591,0.945961799,0.141444466,0.973228346
4848,OK,,229.473684,11.0642842,130,123.6,130,50.8466908,1.57478524,0.775817294,0.004807425,0.02026861,0.953770786,0.237185752,0.950769231
4849,OK,,229.473684,11.0642842,133,123.6,133,52.020076,1.10885848,1.01398972,0.006242637,0.014199421,0.959191751,0.439640283,0.929323308
4850,OK,,229.473684,11.0642842,136,123.6,136,53.1934612,0.700053554,1.36920888,0.008370297,0.008908138,0.961099308,0.939623657,0.908823529
4851,OK,,229.473684,11.0642842,139,123.6,139,54.3668464,0.386343966,1.90660319,0.011564773,0.004875943,0.957824533,2.37180208,0.889208633
4852,OK,,229.473684,11.0642842,142,123.6,142,55.5402315,0.1875332,2.70203331,0.016246437,0.002342067,0.947973452,6.93679432,0.870422535
4853,Errors,,229.473684,11.0642842,145,123.6,145,56.7136167,0.051049476,5.80644877,0.034260761,0.000622492,0.896717956,55.0380657,0.852413793
4854,OK,,229.473684,11.0642842,148,123.6,148,57.8870019,0.045911282,4.81679157,0.028400009,0.000558742,0.915996637,50.8284763,0.835135135
4855,OK,,229.473684,11.0642842,151,123.6,151,59.0603871,0.025539131,5.98485397,0.034920356,0.000306444,0.89823309,113.953332,0.818543046
4856,OK,,229.473684,11.0642842,154,123.6,154,60.2337722,0.015521436,7.14825524,0.041285656,0.000183749,0.881067109,224.684905,0.802597403
4857,OK,,229.473684,11.0642842,157,123.6,157,61.4071574,0.009815921,8.3551538,0.047749634,0.00011459,0.863778588,416.699835,0.787261146
4858,OK,,229.473684,11.0642842,160,123.6,160,62.5805426,0.006333357,9.63467898,0.054466335,7.29E-05,0.845942334,747.021915,0.7725
4859,OK,,229.473684,11.5533316,121,123.6,121,47.3265353,3.23299997,0.38687747,0.00243128,0.041945368,0.923512731,0.057963013,1.0214876
4860,OK,,229.473684,11.5533316,124,123.6,124,48.4999205,2.69377111,0.475064215,0.0029696,0.034836357,0.934663082,0.085244285,0.996774194
4861,OK,,229.473684,11.5533316,127,123.6,127,49.6733057,2.18420891,0.588771798,0.003659555,0.028135963,0.944175636,0.130066806,0.973228346
4862,OK,,229.473684,11.5533316,130,123.6,130,50.8466908,1.66745898,0.749731426,0.004632304,0.021394492,0.952461205,0.216518519,0.950769231
4863,OK,,229.473684,11.5533316,133,123.6,133,52.020076,1.19351128,0.974280094,0.005981319,0.015238617,0.958327793,0.392510626,0.929323308
4864,OK,,229.473684,11.5533316,136,123.6,136,53.1934612,0.772764766,1.30510791,0.007957026,0.009807152,0.960937442,0.811349336,0.908823529
4865,OK,,229.473684,11.5533316,139,123.6,139,54.3668464,0.435340377,1.81179101,0.010961932,0.005482262,0.958667248,1.99952732,0.889208633
4866,OK,,229.473684,11.5533316,142,123.6,142,55.5402315,0.218074694,2.54867618,0.015289055,0.002718645,0.950184744,5.6237773,0.870422535
4867,OK,,229.473684,11.5533316,145,123.6,145,56.7136167,0.105456502,3.50272952,0.020816441,0.001298878,0.936378841,16.0264792,0.852413793
4868,OK,,229.473684,11.5533316,148,123.6,148,57.8870019,0.052225383,4.6326374,0.027246769,0.000634241,0.91906883,42.9596487,0.835135135
4869,OK,,229.473684,11.5533316,151,123.6,151,59.0603871,0.029409051,5.75725762,0.033533222,0.000352608,0.902021186,95.100585,0.818543046
4870,OK,,229.473684,11.5533316,154,123.6,154,60.2337722,0.017343737,6.9515839,0.040064039,0.000205015,0.884301989,195.420087,0.802597403
4871,OK,,229.473684,11.5533316,157,123.6,157,61.4071574,0.011093151,8.1206401,0.046326365,0.000129381,0.867576784,358.061499,0.787261146
4872,OK,,229.473684,11.5533316,160,123.6,160,62.5805426,0.007344636,9.32388121,0.052633677,8.45E-05,0.850892539,622.957321,0.7725
4873,OK,,229.473684,12.0423789,121,123.6,121,47.3265353,3.33035264,0.378559684,0.002371696,0.043066191,0.921631442,0.055070956,1.0214876
4874,OK,,229.473684,12.0423789,124,123.6,124,48.4999205,2.79067308,0.463512184,0.002888621,0.035971938,0.932903287,0.080302058,0.996774194
4875,OK,,229.473684,12.0423789,127,123.6,127,49.6733057,2.27315658,0.573755395,0.003555667,0.029191336,0.942687286,0.121805574,0.973228346
4876,OK,,229.473684,12.0423789,130,123.6,130,50.8466908,1.75770744,0.726187215,0.004473817,0.022483047,0.951149335,0.198986218,0.950769231
4877,OK,,229.473684,12.0423789,133,123.6,133,52.020076,1.27631603,0.938902612,0.005747902,0.016248503,0.957416082,0.353749651,0.929323308
4878,OK,,229.473684,12.0423789,136,123.6,136,53.1934612,0.846757411,1.24735197,0.007584354,0.010717186,0.960632203,0.707681478,0.908823529
4879,OK,,229.473684,12.0423789,139,123.6,139,54.3668464,0.493448537,1.71509189,0.01035057,0.006199409,0.959377073,1.669606,0.889208633
4880,OK,,229.473684,12.0423789,142,123.6,142,55.5402315,0.251865457,2.41089352,0.014428526,0.003134061,0.952057114,4.60377879,0.870422535
4881,OK,,229.473684,12.0423789,145,123.6,145,56.7136167,0.121446885,3.33767635,0.019791671,0.001493586,0.939007183,13.2511094,0.852413793
4882,OK,,229.473684,12.0423789,148,123.6,148,57.8870019,0.061791421,4.4012304,0.025844335,0.000750092,0.922901141,34.4548823,0.835135135
4883,OK,,229.473684,12.0423789,151,123.6,151,59.0603871,0.033815568,5.53780915,0.032186366,0.000404797,0.905662238,79.5123854,0.818543046
4884,OK,,229.473684,12.0423789,154,123.6,154,60.2337722,0.019531442,6.74309683,0.038785182,0.000230578,0.887726967,168.208571,0.802597403
4885,OK,,229.473684,12.0423789,157,123.6,157,61.4071574,0.012393552,7.90908192,0.045035147,0.000144392,0.871000779,311.893966,0.787261146
4886,OK,,229.473684,12.0423789,160,123.6,160,62.5805426,0.008208426,9.10214852,0.051289888,9.43E-05,0.854421893,543.727613,0.7725
4887,OK,,229.473684,12.5314263,121,123.6,121,47.3265353,3.43299961,0.371358006,0.002319411,0.04424413,0.919614703,0.052423031,1.0214876
4888,OK,,229.473684,12.5314263,124,123.6,124,48.4999205,2.89136168,0.452079769,0.002808846,0.037146679,0.93106295,0.075615003,0.996774194
4889,OK,,229.473684,12.5314263,127,123.6,127,49.6733057,2.36133039,0.559560368,0.003457473,0.030231065,0.941197979,0.114368215,0.973228346
4890,OK,,229.473684,12.5314263,130,123.6,130,50.8466908,1.85212971,0.703193015,0.004319582,0.023616658,0.949744562,0.182904034,0.950769231
4891,OK,,229.473684,12.5314263,133,123.6,133,52.020076,1.36578935,0.903812503,0.005517477,0.017335355,0.956370655,0.318278857,0.929323308
4892,OK,,229.473684,12.5314263,136,123.6,136,53.1934612,0.924947594,1.19287867,0.007233488,0.011674547,0.960186342,0.619594742,0.908823529
4893,OK,,229.473684,12.5314263,139,123.6,139,54.3668464,0.55535062,1.62662031,0.009791571,0.006960307,0.959865781,1.40677279,0.889208633
4894,OK,,229.473684,12.5314263,142,123.6,142,55.5402315,0.288417057,2.28604279,0.013648747,0.003582047,0.953646937,3.81032057,0.870422535
4895,OK,,229.473684,12.5314263,145,123.6,145,56.7136167,0.141646865,3.16489035,0.018725939,0.001739317,0.941697648,10.7662582,0.852413793
4896,OK,,229.473684,12.5314263,148,123.6,148,57.8870019,0.071235973,4.21064089,0.024673621,0.000863603,0.926030426,28.5705676,0.835135135
4897,OK,,229.473684,12.5314263,151,123.6,151,59.0603871,0.038445788,5.33977481,0.030978388,0.000459863,0.908936923,67.3644056,0.818543046
4898,OK,,229.473684,12.5314263,154,123.6,154,60.2337722,0.022330668,6.51188942,0.03739415,0.000263478,0.891518996,141.92539,0.802597403
4899,OK,,229.473684,12.5314263,157,123.6,157,61.4071574,0.013864844,7.69489886,0.04373385,0.000161362,0.874464736,271.029177,0.787261146
4900,OK,,229.473684,12.5314263,160,123.6,160,62.5805426,0.009213495,8.89333696,0.05002148,0.000105771,0.857742517,472.923747,0.7725
4901,OK,,229.473684,13.0204737,121,123.6,121,47.3265353,3.53284989,0.36356646,0.002263779,0.045380085,0.91766952,0.049884853,1.0214876
4902,OK,,229.473684,13.0204737,124,123.6,124,48.4999205,2.98961103,0.441753799,0.002736398,0.038283708,0.929250094,0.07147684,0.996774194
4903,OK,,229.473684,13.0204737,127,123.6,127,49.6733057,2.45779428,0.544791043,0.003356228,0.031365343,0.939553342,0.107004358,0.973228346
4904,OK,,229.473684,13.0204737,130,123.6,130,50.8466908,1.94535909,0.682041769,0.00417749,0.024728255,0.948327004,0.168935883,0.950769231
4905,OK,,229.473684,13.0204737,133,123.6,133,52.020076,1.45307714,0.872437286,0.005310897,0.018388485,0.955295828,0.288816442,0.929323308
4906,OK,,229.473684,13.0204737,136,123.6,136,53.1934612,1.00764512,1.14131011,0.006901924,0.012682222,0.959601139,0.54422041,0.908823529
4907,OK,,229.473684,13.0204737,139,123.6,139,54.3668464,0.62370238,1.54213332,0.009258815,0.007796549,0.960162565,1.18755302,0.889208633
4908,OK,,229.473684,13.0204737,142,123.6,142,55.5402315,0.33330196,2.15624213,0.012843107,0.004131032,0.955175842,3.10893458,0.870422535
4909,OK,,229.473684,13.0204737,145,123.6,145,56.7136167,0.163980054,3.00368146,0.017732486,0.002010325,0.944146367,8.82070818,0.852413793
4910,OK,,229.473684,13.0204737,148,123.6,148,57.8870019,0.080922996,4.04389689,0.023645482,0.000979708,0.928743591,24.135235,0.835135135
4911,OK,,229.473684,13.0204737,151,123.6,151,59.0603871,0.043711786,5.14494409,0.02978649,0.000522178,0.912146599,57.0427937,0.818543046
4912,OK,,229.473684,13.0204737,154,123.6,154,60.2337722,0.025296693,6.29990325,0.03610719,0.000298136,0.894989145,121.109715,0.802597403
4913,OK,,229.473684,13.0204737,157,123.6,157,61.4071574,0.015547658,7.48057116,0.042436253,0.000180752,0.877927604,234.775571,0.787261146
4914,OK,,229.473684,13.0204737,160,123.6,160,62.5805426,0.010066647,8.67948953,0.048729742,0.000115445,0.86114604,422.102219,0.7725
4915,OK,,229.473684,13.5095211,121,123.6,121,47.3265353,3.63352023,0.35616732,0.002210905,0.046518158,0.915698719,0.047527785,1.0214876
4916,OK,,229.473684,13.5095211,124,123.6,124,48.4999205,3.08835195,0.431657989,0.00266579,0.039419095,0.927422356,0.067626871,0.996774194
4917,OK,,229.473684,13.5095211,127,123.6,127,49.6733057,2.55500887,0.530718646,0.003259835,0.032501339,0.937879562,0.100298496,0.973228346
4918,OK,,229.473684,13.5095211,130,123.6,130,50.8466908,2.03713548,0.662824465,0.004048005,0.025815042,0.946899987,0.156808004,0.950769231
4919,OK,,229.473684,13.5095211,133,123.6,133,52.020076,1.54330532,0.842501088,0.005114139,0.019471363,0.954136814,0.262649262,0.929323308
4920,OK,,229.473684,13.5095211,136,123.6,136,53.1934612,1.08457442,1.09814252,0.006622727,0.013612968,0.958966443,0.486501324,0.908823529
4921,OK,,229.473684,13.5095211,139,123.6,139,54.3668464,0.685852075,1.47522598,0.008834267,0.008553272,0.960250075,1.03285232,0.889208633
4922,OK,,229.473684,13.5095211,142,123.6,142,55.5402315,0.381007395,2.0407032,0.012125485,0.004712341,0.956397182,2.57313409,0.870422535
4923,OK,,229.473684,13.5095211,145,123.6,145,56.7136167,0.191648048,2.83676278,0.016709865,0.00234556,0.946601698,7.12404072,0.852413793
4924,OK,,229.473684,13.5095211,148,123.6,148,57.8870019,0.09467242,3.84117598,0.022413802,0.001144584,0.93200808,19.5824889,0.835135135
4925,OK,,229.473684,13.5095211,151,123.6,151,59.0603871,0.049188363,4.98487053,0.028789098,0.000586581,0.914764208,49.0795099,0.818543046
4926,OK,,229.473684,13.5095211,154,123.6,154,60.2337722,0.028869125,6.09139135,0.034840465,0.000339826,0.898391546,102.524401,0.802597403
4927,OK,,229.473684,13.5095211,157,123.6,157,61.4071574,0.017700594,7.25399027,0.041072381,0.000205553,0.881582357,199.814123,0.787261146
4928,OK,,229.473684,13.5095211,160,123.6,160,62.5805426,0.011261497,8.46465205,0.047435118,0.000129011,0.864559922,367.683441,0.7725
4929,OK,,229.473684,13.9985684,121,123.6,121,47.3265353,3.73105284,0.349182898,0.002160934,0.047611393,0.913785454,0.045386912,1.0214876
4930,OK,,229.473684,13.9985684,124,123.6,124,48.4999205,3.182846,0.422471374,0.002601224,0.04049616,0.925663437,0.064233833,0.996774194
4931,OK,,229.473684,13.9985684,127,123.6,127,49.6733057,2.65845835,0.516505872,0.003163095,0.033705468,0.93608309,0.093845153,0.973228346
4932,OK,,229.473684,13.9985684,130,123.6,130,50.8466908,2.1315317,0.64396307,0.003921399,0.026927044,0.945414446,0.145630509,0.950769231
4933,OK,,229.473684,13.9985684,133,123.6,133,52.020076,1.63634909,0.813946719,0.004926797,0.020582136,0.952897112,0.239372483,0.929323308
4934,OK,,229.473684,13.9985684,136,123.6,136,53.1934612,1.17016677,1.05440357,0.006341503,0.014644903,0.958179628,0.433017757,0.908823529
4935,OK,,229.473684,13.9985684,139,123.6,139,54.3668464,0.760433758,1.40404697,0.008386039,0.00945837,0.960187488,0.886626156,0.889208633
4936,OK,,229.473684,13.9985684,142,123.6,142,55.5402315,0.431185566,1.93627658,0.011474889,0.005319291,0.957373924,2.15722167,0.870422535
4937,OK,,229.473684,13.9985684,145,123.6,145,56.7136167,0.221025764,2.68873673,0.015801961,0.002700428,0.948693759,5.85165104,0.852413793
4938,OK,,229.473684,13.9985684,148,123.6,148,57.8870019,0.110419244,3.66020989,0.02130834,0.001332887,0.934862249,15.9866084,0.835135135
4939,OK,,229.473684,13.9985684,151,123.6,151,59.0603871,0.057753946,4.74838205,0.027376558,0.000688192,0.918623358,39.7803847,0.818543046
4940,OK,,229.473684,13.9985684,154,123.6,154,60.2337722,0.032539856,5.89294591,0.033639333,0.000382593,0.901625192,87.9247023,0.802597403
4941,OK,,229.473684,13.9985684,157,123.6,157,61.4071574,0.019577322,7.07073808,0.039956358,0.000227092,0.88453601,175.947715,0.787261146
4942,OK,,229.473684,13.9985684,160,123.6,160,62.5805426,0.012603329,8.24137286,0.046101005,0.000144234,0.86810635,319.626372,0.7725
4943,OK,,229.473684,14.4876158,121,123.6,121,47.3265353,3.83530898,0.341985088,0.002109899,0.048776971,0.911734632,0.043256053,1.0214876
4944,OK,,229.473684,14.4876158,124,123.6,124,48.4999205,3.28691514,0.412726785,0.002533541,0.041680593,0.923718598,0.060784678,0.996774194
4945,OK,,229.473684,14.4876158,127,123.6,127,49.6733057,2.75032386,0.504764709,0.003082077,0.034762122,0.934470064,0.088661949,0.973228346
4946,OK,,229.473684,14.4876158,130,123.6,130,50.8466908,2.22734649,0.625959457,0.003800693,0.02804913,0.943884137,0.135501287,0.950769231
4947,OK,,229.473684,14.4876158,133,123.6,133,52.020076,1.72406166,0.789030669,0.004762461,0.021621096,0.951689953,0.220269182,0.929323308
4948,OK,,229.473684,14.4876158,136,123.6,136,53.1934612,1.2528014,1.01602047,0.006093863,0.015634615,0.95734773,0.389767358,0.908823529
4949,OK,,229.473684,14.4876158,139,123.6,139,54.3668464,0.83128006,1.34432832,0.008008199,0.010312841,0.959982811,0.776526964,0.889208633
4950,OK,,229.473684,14.4876158,142,123.6,142,55.5402315,0.488264521,1.83402667,0.01084393,0.006012163,0.958187225,1.80366524,0.870422535
4951,OK,,229.473684,14.4876158,145,123.6,145,56.7136167,0.256379253,2.55306989,0.014966632,0.003126164,0.950462529,4.78753868,0.852413793
4952,OK,,229.473684,14.4876158,148,123.6,148,57.8870019,0.127700127,3.48239882,0.020230154,0.001539232,0.937635413,13.1430151,0.835135135
4953,OK,,229.473684,14.4876158,151,123.6,151,59.0603871,0.066321761,4.55047684,0.02618277,0.000789284,0.921829185,33.1727919,0.818543046
4954,OK,,229.473684,14.4876158,154,123.6,154,60.2337722,0.036913829,5.6877853,0.032405019,0.000433516,0.904958648,74.7493489,0.802597403
4955,OK,,229.473684,14.4876158,157,123.6,157,61.4071574,0.022010708,6.85951461,0.038689831,0.000255039,0.887936104,151.701422,0.787261146
4956,OK,,229.473684,14.4876158,160,123.6,160,62.5805426,0.01365545,8.08622269,0.045142575,0.000156099,0.870568745,289.19178,0.7725
4957,OK,,229.473684,14.9766632,121,123.6,121,47.3265353,3.9350935,0.335413852,0.002063048,0.049881941,0.909765054,0.04135862,1.0214876
4958,OK,,229.473684,14.9766632,124,123.6,124,48.4999205,3.38595832,0.403913695,0.002471989,0.042797329,0.921858181,0.057760354,0.996774194
4959,OK,,229.473684,14.9766632,127,123.6,127,49.6733057,2.8420272,0.493482993,0.003004322,0.035810254,0.932851052,0.083895571,0.973228346
4960,OK,,229.473684,14.9766632,130,123.6,130,50.8466908,2.32226091,0.609087207,0.00368752,0.029153288,0.942349284,0.126487289,0.950769231
4961,OK,,229.473684,14.9766632,133,123.6,133,52.020076,1.809949,0.766265246,0.004611943,0.022631368,0.950476538,0.203785436,0.929323308
4962,OK,,229.473684,14.9766632,136,123.6,136,53.1934612,1.34004932,0.978865354,0.005854832,0.016674777,0.95640602,0.35111905,0.908823529
4963,OK,,229.473684,14.9766632,139,123.6,139,54.3668464,0.906233107,1.2877682,0.007650969,0.011212892,0.959644499,0.682336844,0.889208633
4964,OK,,229.473684,14.9766632,142,123.6,142,55.5402315,0.548455126,1.75186545,0.010329707,0.006736547,0.958582805,1.53338298,0.870422535
4965,OK,,229.473684,14.9766632,145,123.6,145,56.7136167,0.295664604,2.41465847,0.014122616,0.003598327,0.952210364,3.92477261,0.852413793
4966,OK,,229.473684,14.9766632,148,123.6,148,57.8870019,0.147693354,3.311654,0.019196993,0.001777525,0.940239652,10.7998445,0.835135135
4967,OK,,229.473684,14.9766632,151,123.6,151,59.0603871,0.076031257,4.35765651,0.025020398,0.000903518,0.924929585,27.6921822,0.818543046
4968,OK,,229.473684,14.9766632,154,123.6,154,60.2337722,0.041004737,5.51920149,0.031370609,0.000480639,0.907689557,65.2685635,0.802597403
4969,OK,,229.473684,14.9766632,157,123.6,157,61.4071574,0.024863527,6.6401712,0.037383003,0.000287781,0.891461598,129.900991,0.787261146
4970,OK,,229.473684,14.9766632,160,123.6,160,62.5805426,0.015489961,7.83816774,0.043682022,0.000176891,0.874503202,246.942797,0.7725
4971,OK,,229.473684,15.4657105,121,123.6,121,47.3265353,4.03674572,0.327703457,0.00200948,0.051001395,0.907780083,0.039400487,1.0214876
4972,OK,,229.473684,15.4657105,124,123.6,124,48.4999205,3.48569122,0.395424612,0.002412764,0.04391477,0.919976862,0.054941973,0.996774194
4973,OK,,229.473684,15.4657105,127,123.6,127,49.6733057,2.94602201,0.481204774,0.002920872,0.036998205,0.931004656,0.078946316,0.973228346
4974,OK,,229.473684,15.4657105,130,123.6,130,50.8466908,2.41883512,0.592964829,0.00357949,0.03027031,0.940767041,0.118250851,0.950769231
4975,OK,,229.473684,15.4657105,133,123.6,133,52.020076,1.91087616,0.741442593,0.004449844,0.023817713,0.949013555,0.186829181,0.929323308
4976,OK,,229.473684,15.4657105,136,123.6,136,53.1934612,1.42652509,0.945071422,0.005637097,0.017699407,0.955415638,0.318490746,0.908823529
4977,OK,,229.473684,15.4657105,139,123.6,139,54.3668464,0.986638866,1.24046918,0.007348631,0.012172577,0.959035548,0.603703858,0.889208633
4978,OK,,229.473684,15.4657105,142,123.6,142,55.5402315,0.612631157,1.66626339,0.009800267,0.007506695,0.95896858,1.30553695,0.870422535
4979,OK,,229.473684,15.4657105,145,123.6,145,56.7136167,0.33323714,2.30156569,0.01342938,0.004047879,0.953541971,3.31763347,0.852413793
4980,OK,,229.473684,15.4657105,148,123.6,148,57.8870019,0.170733853,3.14395709,0.018185566,0.002051597,0.942738597,8.86410299,0.835135135
4981,OK,,229.473684,15.4657105,151,123.6,151,59.0603871,0.085922899,4.19333787,0.024021591,0.001019275,0.927544316,23.5673414,0.818543046
4982,OK,,229.473684,15.4657105,154,123.6,154,60.2337722,0.047483955,5.28902674,0.030014817,0.000556328,0.911403346,53.9516124,0.802597403
4983,OK,,229.473684,15.4657105,157,123.6,157,61.4071574,0.027893264,6.44144185,0.036194452,0.000322485,0.894648517,112.236235,0.787261146
4984,OK,,229.473684,15.4657105,160,123.6,160,62.5805426,0.017304036,7.6241257,0.042411419,0.000197399,0.877894479,214.851746,0.7725
4985,OK,,229.473684,15.9547579,121,123.6,121,47.3265353,4.14149734,0.321341906,0.001964458,0.052149863,0.905701121,0.037669478,1.0214876
4986,OK,,229.473684,15.9547579,124,123.6,124,48.4999205,3.58708936,0.387004048,0.002354297,0.045044814,0.918059795,0.052265657,0.996774194
4987,OK,,229.473684,15.9547579,127,123.6,127,49.6733057,3.0472008,0.469875589,0.002843671,0.038145111,0.929195846,0.074548755,0.973228346
4988,OK,,229.473684,15.9547579,130,123.6,130,50.8466908,2.51471503,0.577837933,0.00347807,0.031372166,0.939178875,0.110864832,0.950769231
4989,OK,,229.473684,15.9547579,133,123.6,133,52.020076,2.00130991,0.720499986,0.004311907,0.024870306,0.947677703,0.173375725,0.929323308
4990,OK,,229.473684,15.9547579,136,123.6,136,53.1934612,1.52174554,0.916021544,0.005447443,0.018820793,0.954171678,0.289437488,0.908823529
4991,OK,,229.473684,15.9547579,139,123.6,139,54.3668464,1.07309119,1.18744255,0.007015512,0.013200382,0.958420731,0.531462802,0.889208633
4992,OK,,229.473684,15.9547579,142,123.6,142,55.5402315,0.678959772,1.58888362,0.009321487,0.008299121,0.959167556,1.12318964,0.870422535
4993,OK,,229.473684,15.9547579,145,123.6,145,56.7136167,0.384679275,2.16989303,0.012631663,0.004662952,0.954956632,2.70894149,0.852413793
4994,OK,,229.473684,15.9547579,148,123.6,148,57.8870019,0.196264398,2.98773531,0.017244122,0.002354567,0.944996293,7.32369176,0.835135135
4995,OK,,229.473684,15.9547579,151,123.6,151,59.0603871,0.099865631,3.98972038,0.022815395,0.001183772,0.930755855,19.2734736,0.818543046
4996,OK,,229.473684,15.9547579,154,123.6,154,60.2337722,0.054049595,5.08927958,0.028824473,0.00063249,0.914610542,45.5729838,0.802597403
4997,OK,,229.473684,15.9547579,157,123.6,157,61.4071574,0.031096809,6.24348781,0.035012787,0.00035907,0.897819979,97.5096807,0.787261146
4998,OK,,229.473684,15.9547579,160,123.6,160,62.5805426,0.019371935,7.4138806,0.041165866,0.000220753,0.881221028,186.478948,0.7725
4999,OK,,229.473684,16.4438053,121,123.6,121,47.3265353,4.23994392,0.315637417,0.001923735,0.053216787,0.903741499,0.036149031,1.0214876
5000,OK,,229.473684,16.4438053,124,123.6,124,48.4999205,3.68773408,0.380394902,0.002307146,0.046158052,0.916120914,0.049983618,0.996774194
5001,OK,,229.473684,16.4438053,127,123.6,127,49.6733057,3.14368318,0.459866444,0.002774896,0.039228749,0.927455007,0.070736276,0.973228346
5002,OK,,229.473684,16.4438053,130,123.6,130,50.8466908,2.61146546,0.563383038,0.003381231,0.032477128,0.937560371,0.104111147,0.950769231
5003,OK,,229.473684,16.4438053,133,123.6,133,52.020076,2.09244689,0.700669805,0.00418134,0.025924698,0.946306947,0.16128789,0.929323308
5004,OK,,229.473684,16.4438053,136,123.6,136,53.1934612,1.60579617,0.887990279,0.005266213,0.0198041,0.953118553,0.265915291,0.908823529
5005,OK,,229.473684,16.4438053,139,123.6,139,54.3668464,1.14592083,1.14728915,0.006760381,0.014060658,0.957819698,0.480801152,0.889208633
5006,OK,,229.473684,16.4438053,142,123.6,142,55.5402315,0.749759004,1.51610952,0.008871845,0.009141371,0.959203113,0.970515811,0.870422535
5007,OK,,229.473684,16.4438053,145,123.6,145,56.7136167,0.432311553,2.06577934,0.011996826,0.005229464,0.955952538,2.294083,0.852413793
5008,OK,,229.473684,16.4438053,148,123.6,148,57.8870019,0.226113986,2.83364359,0.016318753,0.002708064,0.94714258,6.02598475,0.835135135
5009,OK,,229.473684,16.4438053,151,123.6,151,59.0603871,0.114914283,3.80457276,0.021711752,0.001360254,0.93363594,15.9615416,0.818543046
5010,OK,,229.473684,16.4438053,154,123.6,154,60.2337722,0.061589329,4.89235244,0.027654238,0.000719833,0.917754748,38.4175814,0.802597403
5011,OK,,229.473684,16.4438053,157,123.6,157,61.4071574,0.035329884,6.03686957,0.033788121,0.000407454,0.90111577,82.9250518,0.787261146
5012,OK,,229.473684,16.4438053,160,123.6,160,62.5805426,0.021659817,7.2051937,0.039932837,0.000246559,0.884519162,161.960883,0.7725
5013,OK,,229.473684,16.9328526,121,123.6,121,47.3265353,4.34206317,0.309919773,0.001883151,0.054319161,0.901704553,0.034668263,1.0214876
5014,OK,,229.473684,16.9328526,124,123.6,124,48.4999205,3.78796324,0.372914152,0.002255005,0.047259147,0.914208573,0.047715728,0.996774194
5015,OK,,229.473684,16.9328526,127,123.6,127,49.6733057,3.24196112,0.449902789,0.002706774,0.040326528,0.925677104,0.067121428,0.973228346
5016,OK,,229.473684,16.9328526,130,123.6,130,50.8466908,2.70736182,0.549802991,0.003290174,0.033564968,0.935941459,0.09802405,0.950769231
5017,OK,,229.473684,16.9328526,133,123.6,133,52.020076,2.19234975,0.684064743,0.0040698,0.027073725,0.944705685,0.15032285,0.929323308
5018,OK,,229.473684,16.9328526,136,123.6,136,53.1934612,1.69481109,0.860287395,0.005087791,0.020840666,0.951965929,0.244128057,0.908823529
5019,OK,,229.473684,16.9328526,139,123.6,139,54.3668464,1.23485378,1.10209683,0.006476615,0.015107984,0.957015152,0.428688244,0.889208633
5020,OK,,229.473684,16.9328526,142,123.6,142,55.5402315,0.818276408,1.45352404,0.008483746,0.009951865,0.959096309,0.852478008,0.870422535
5021,OK,,229.473684,16.9328526,145,123.6,145,56.7136167,0.484934983,1.96611236,0.011390527,0.005853362,0.956782031,1.94598019,0.852413793
5022,OK,,229.473684,16.9328526,148,123.6,148,57.8870019,0.258874182,2.69116846,0.015463612,0.003094966,0.949037909,4.99637516,0.835135135
5023,OK,,229.473684,16.9328526,151,123.6,151,59.0603871,0.132037932,3.62856919,0.020664075,0.001560699,0.936326067,13.2402711,0.818543046
5024,OK,,229.473684,16.9328526,154,123.6,154,60.2337722,0.069993093,4.70214707,0.026525935,0.000817025,0.920773015,32.4664958,0.802597403
5025,OK,,229.473684,16.9328526,157,123.6,157,61.4071574,0.039877316,5.8344654,0.032595644,0.000459463,0.904337817,70.9429502,0.787261146
5026,OK,,229.473684,16.9328526,160,123.6,160,62.5805426,0.023358293,7.06502962,0.03905665,0.000265281,0.88673176,147.227388,0.7725
5027,OK,,229.473684,17.4219,121,123.6,121,47.3265353,4.44700508,0.304242571,0.001843049,0.055447719,0.89960711,0.033239402,1.0214876
5028,OK,,229.473684,17.4219,124,123.6,124,48.4999205,3.89117755,0.365464289,0.00220335,0.048388555,0.912234045,0.045534527,0.996774194
5029,OK,,229.473684,17.4219,127,123.6,127,49.6733057,3.34191744,0.440195744,0.002640589,0.041437646,0.923860248,0.063724402,0.973228346
5030,OK,,229.473684,17.4219,130,123.6,130,50.8466908,2.8055692,0.536558666,0.003201638,0.034673814,0.934270494,0.092335891,0.950769231
5031,OK,,229.473684,17.4219,133,123.6,133,52.020076,2.28620821,0.665881118,0.003950408,0.028147504,0.943250961,0.140346664,0.929323308
5032,OK,,229.473684,17.4219,136,123.6,136,53.1934612,1.78740241,0.833399885,0.004915136,0.021914048,0.950730743,0.224291574,0.908823529
5033,OK,,229.473684,17.4219,139,123.6,139,54.3668464,1.31697848,1.06409483,0.006236536,0.016068629,0.956203579,0.388118743,0.889208633
5034,OK,,229.473684,17.4219,142,123.6,142,55.5402315,0.894588055,1.39101896,0.008098047,0.010851674,0.958847723,0.74624861,0.870422535
5035,OK,,229.473684,17.4219,145,123.6,145,56.7136167,0.543691227,1.8695073,0.010804699,0.006547867,0.957449398,1.65010967,0.852413793
5036,OK,,229.473684,17.4219,148,123.6,148,57.8870019,0.290526882,2.57280671,0.014749692,0.003467316,0.950535811,4.25392161,0.835135135
5037,OK,,229.473684,17.4219,151,123.6,151,59.0603871,0.151897838,3.4578344,0.019650439,0.001792804,0.938880654,10.9607302,0.818543046
5038,OK,,229.473684,17.4219,154,123.6,154,60.2337722,0.080377169,4.50194996,0.025346556,0.000937058,0.923924288,27.0490815,0.802597403
5039,OK,,229.473684,17.4219,157,123.6,157,61.4071574,0.044838618,5.64090814,0.031449422,0.000515877,0.907409055,60.9630668,0.787261146
5040,OK,,229.473684,17.4219,160,123.6,160,62.5805426,0.027317406,6.77907729,0.037432808,0.000310291,0.891237845,120.637756,0.7725
5041,OK,,234.736842,8.13,121,123.6,121,47.3265353,2.55965267,0.498923586,0.003203698,0.033984953,0.93537291,0.094268129,1.0214876
5042,OK,,234.736842,8.13,124,123.6,124,48.4999205,2.04264082,0.62305016,0.003977767,0.027016225,0.945037209,0.147236245,0.996774194
5043,OK,,234.736842,8.13,127,123.6,127,49.6733057,1.54331814,0.794484887,0.005041266,0.020323422,0.952936431,0.248052018,0.973228346
5044,OK,,234.736842,8.13,130,123.6,130,50.8466908,1.08436415,1.03832954,0.006545216,0.014204369,0.958253061,0.460788922,0.950769231
5045,OK,,234.736842,8.13,133,123.6,133,52.020076,0.681541739,1.40078001,0.008766735,0.008869661,0.959970805,0.988395754,0.929323308
5046,OK,,234.736842,8.13,136,123.6,136,53.1934612,0.366030149,1.96824629,0.01221977,0.00472383,0.95611723,2.58683543,0.908823529
5047,OK,,234.736842,8.13,139,123.6,139,54.3668464,0.179720694,2.76103443,0.016989115,0.002294197,0.945909036,7.40525574,0.889208633
5048,OK,,234.736842,8.13,142,123.6,142,55.5402315,0.086777467,3.7586915,0.022903805,0.001093704,0.930762461,20.941502,0.870422535
5049,OK,,234.736842,8.13,145,123.6,145,56.7136167,0.044679448,4.86877498,0.029366703,0.000555458,0.913363761,52.8693844,0.852413793
5050,OK,,234.736842,8.13,148,123.6,148,57.8870019,0.024981406,6.02844566,0.035982337,0.000306233,0.895426834,117.499711,0.835135135
5051,OK,,234.736842,8.13,151,123.6,151,59.0603871,0.015063533,7.20410931,0.042545067,0.000182059,0.877766246,233.68771,0.818543046
5052,OK,,234.736842,8.13,154,123.6,154,60.2337722,0.009612676,8.39461493,0.049045815,0.000114547,0.860473165,428.172376,0.802597403
5053,OK,,234.736842,8.13,157,123.6,157,61.4071574,0.006350185,9.61953674,0.05559269,7.46E-05,0.84324487,745.129079,0.787261146
5054,OK,,234.736842,8.13,160,123.6,160,62.5805426,0.004307971,10.8815568,0.062171786,4.99E-05,0.826050329,1246.76503,0.7725
5055,OK,,234.736842,8.61904737,121,123.6,121,47.3265353,2.65974288,0.485857135,0.003110115,0.035194058,0.933534116,0.088370459,1.0214876
5056,OK,,234.736842,8.61904737,124,123.6,124,48.4999205,2.13323436,0.605887178,0.003856487,0.028124475,0.943523175,0.137122098,0.996774194
5057,OK,,234.736842,8.61904737,127,123.6,127,49.6733057,1.63528467,0.76758904,0.004856173,0.021466111,0.951626459,0.226225088,0.973228346
5058,OK,,234.736842,8.61904737,130,123.6,130,50.8466908,1.16707964,0.997997073,0.006272952,0.015242561,0.957419516,0.41154186,0.950769231
5059,OK,,234.736842,8.61904737,133,123.6,133,52.020076,0.749750969,1.33791502,0.008350385,0.009731491,0.959868071,0.858078737,0.929323308
5060,OK,,234.736842,8.61904737,136,123.6,136,53.1934612,0.4217485,1.85361674,0.011478918,0.00543019,0.957224719,2.11390721,0.908823529
5061,OK,,234.736842,8.61904737,139,123.6,139,54.3668464,0.210880446,2.60078855,0.015965229,0.002686811,0.94828339,5.94207302,0.889208633
5062,OK,,234.736842,8.61904737,142,123.6,142,55.5402315,0.098471373,3.60481947,0.021916152,0.001239273,0.933322373,17.6846889,0.870422535
5063,OK,,234.736842,8.61904737,145,123.6,145,56.7136167,0.050629386,4.69226793,0.028233539,0.000628264,0.916371101,44.9389883,0.852413793
5064,OK,,234.736842,8.61904737,148,123.6,148,57.8870019,0.028534045,5.81626502,0.034645515,0.000349355,0.89903089,99.1698201,0.835135135
5065,OK,,234.736842,8.61904737,151,123.6,151,59.0603871,0.016822722,7.01014727,0.041312307,0.000203042,0.88102059,203.466362,0.818543046
5066,OK,,234.736842,8.61904737,154,123.6,154,60.2337722,0.010696766,8.19092984,0.047763885,0.000127326,0.863836743,375.131091,0.802597403
5067,OK,,234.736842,8.61904737,157,123.6,157,61.4071574,0.00710116,9.39002453,0.054169412,8.33E-05,0.846970189,649.93109,0.787261146
5068,OK,,234.736842,8.61904737,160,123.6,160,62.5805426,0.004806288,10.6416484,0.060703819,5.56E-05,0.82987596,1091.93162,0.7725
5069,OK,,234.736842,9.10809474,121,123.6,121,47.3265353,2.75482817,0.47408816,0.003025402,0.036332008,0.931773659,0.083270993,1.0214876
5070,OK,,234.736842,9.10809474,124,123.6,124,48.4999205,2.23155293,0.588307596,0.003733199,0.02932284,0.941858451,0.1273137,0.996774194
5071,OK,,234.736842,9.10809474,127,123.6,127,49.6733057,1.72269787,0.744086232,0.004693552,0.02254359,0.950339844,0.208198965,0.973228346
5072,OK,,234.736842,9.10809474,130,123.6,130,50.8466908,1.25120999,0.960633006,0.006020742,0.016292444,0.956499765,0.369541984,0.950769231
5073,OK,,234.736842,9.10809474,133,123.6,133,52.020076,0.827039251,1.27491567,0.007935287,0.010704492,0.95959339,0.741304398,0.929323308
5074,OK,,234.736842,9.10809474,136,123.6,136,53.1934612,0.473739559,1.76270096,0.0108876,0.006085558,0.957956477,1.78908813,0.908823529
5075,OK,,234.736842,9.10809474,139,123.6,139,54.3668464,0.242590456,2.46569283,0.015100092,0.003085347,0.950185021,4.89413039,0.889208633
5076,OK,,234.736842,9.10809474,142,123.6,142,55.5402315,0.115393744,3.41807994,0.020735233,0.001450042,0.936379925,14.2997476,0.870422535
5077,OK,,234.736842,9.10809474,145,123.6,145,56.7136167,0.059396569,4.47333535,0.026868261,0.000736497,0.920076832,36.4811701,0.852413793
5078,OK,,234.736842,9.10809474,148,123.6,148,57.8870019,0.032388137,5.61768903,0.033394987,0.000396076,0.902394718,84.3146937,0.835135135
5079,Errors,,234.736842,9.10809474,151,123.6,151,59.0603871,0.03516933,6.37612301,0.036992921,0.000424438,0.891445135,87.1574978,0.818543046
5080,OK,,234.736842,9.10809474,154,123.6,154,60.2337722,0.01201124,7.97770306,0.046432202,0.000142816,0.867354907,325.117956,0.802597403
5081,OK,,234.736842,9.10809474,157,123.6,157,61.4071574,0.007768984,9.20877345,0.053017058,9.11E-05,0.849910942,582.14417,0.787261146
5082,OK,,234.736842,9.10809474,160,123.6,160,62.5805426,0.005212573,10.4679831,0.059612889,6.03E-05,0.832644537,989.24413,0.7725
5083,OK,,234.736842,9.59714211,121,123.6,121,47.3265353,2.86271054,0.461387337,0.002935183,0.037622186,0.929762492,0.078017345,1.0214876
5084,OK,,234.736842,9.59714211,124,123.6,124,48.4999205,2.32834236,0.572047913,0.003619009,0.030494294,0.940198041,0.118678246,0.996774194
5085,OK,,234.736842,9.59714211,127,123.6,127,49.6733057,1.81684977,0.720261306,0.004529794,0.023699644,0.948924054,0.191133436,0.973228346
5086,OK,,234.736842,9.59714211,130,123.6,130,50.8466908,1.33762001,0.925505148,0.005783889,0.017365052,0.955491201,0.333076386,0.950769231
5087,OK,,234.736842,9.59714211,133,123.6,133,52.020076,0.900590432,1.22167976,0.007582926,0.011624543,0.959202863,0.652320376,0.929323308
5088,OK,,234.736842,9.59714211,136,123.6,136,53.1934612,0.535725641,1.66875963,0.010280612,0.006864901,0.958557213,1.49756159,0.908823529
5089,OK,,234.736842,9.59714211,139,123.6,139,54.3668464,0.278978501,2.33484663,0.01426425,0.003541264,0.951922443,4.02801058,0.889208633
5090,OK,,234.736842,9.59714211,142,123.6,142,55.5402315,0.136434659,3.22564073,0.019525147,0.001711753,0.939465946,11.4065191,0.870422535
5091,OK,,234.736842,9.59714211,145,123.6,145,56.7136167,0.068045086,4.28211832,0.025665187,0.000842614,0.923295962,30.4589972,0.852413793
5092,OK,,234.736842,9.59714211,148,123.6,148,57.8870019,0.036892246,5.41689734,0.032135663,0.000450608,0.905785592,71.3162111,0.835135135
5093,OK,,234.736842,9.59714211,151,123.6,151,59.0603871,0.021535556,6.58365503,0.038651765,0.000259392,0.888162084,149.009023,0.818543046
5094,OK,,234.736842,9.59714211,154,123.6,154,60.2337722,0.013363049,7.77275667,0.045152367,0.000158716,0.870734981,284.485601,0.802597403
5095,OK,,234.736842,9.59714211,157,123.6,157,61.4071574,0.008902383,8.96496254,0.051525793,0.000104266,0.853862883,494.178324,0.787261146
5096,OK,,234.736842,9.59714211,160,123.6,160,62.5805426,0.005965194,10.1746151,0.05785374,6.89E-05,0.837320357,839.656866,0.7725
5097,OK,,234.736842,10.0861895,121,123.6,121,47.3265353,2.94692727,0.45214421,0.002867603,0.03860982,0.928178316,0.074271348,1.0214876
5098,OK,,234.736842,10.0861895,124,123.6,124,48.4999205,2.42349625,0.556994859,0.003513104,0.03163747,0.938546474,0.111042522,0.996774194
5099,OK,,234.736842,10.0861895,127,123.6,127,49.6733057,1.9123,0.697761131,0.004375257,0.024864459,0.947455457,0.17596431,0.973228346
5100,OK,,234.736842,10.0861895,130,123.6,130,50.8466908,1.42058744,0.894526797,0.005574226,0.018387517,0.954468733,0.303152732,0.950769231
5101,OK,,234.736842,10.0861895,133,123.6,133,52.020076,0.979284985,1.170495,0.007245053,0.012604533,0.958674032,0.574797436,0.929323308
5102,OK,,234.736842,10.0861895,136,123.6,136,53.1934612,0.600289928,1.58477544,0.009737595,0.007672904,0.958922294,1.26908874,0.908823529
5103,OK,,234.736842,10.0861895,139,123.6,139,54.3668464,0.318532272,2.21469397,0.013497085,0.004035233,0.953404944,3.34480942,0.889208633
5104,OK,,234.736842,10.0861895,142,123.6,142,55.5402315,0.158338054,3.06148643,0.018489594,0.001983342,0.942027168,9.32244317,0.870422535
5105,OK,,234.736842,10.0861895,145,123.6,145,56.7136167,0.079411325,4.08408543,0.024426622,0.000982008,0.926587352,24.8741459,0.852413793
5106,OK,,234.736842,10.0861895,148,123.6,148,57.8870019,0.041697177,5.23134696,0.030963454,0.000508409,0.908907976,60.9026742,0.835135135
5107,OK,,234.736842,10.0861895,151,123.6,151,59.0603871,0.024298872,6.37984999,0.037380983,0.000292338,0.891566087,127.869217,0.818543046
5108,OK,,234.736842,10.0861895,154,123.6,154,60.2337722,0.01511022,7.54499843,0.043747869,0.000179275,0.874487213,244.026885,0.802597403
5109,OK,,234.736842,10.0861895,157,123.6,157,61.4071574,0.00976762,8.75452618,0.050223235,0.000114282,0.857275696,439.467777,0.787261146
5110,OK,,234.736842,10.0861895,160,123.6,160,62.5805426,0.006607583,9.95644342,0.056512166,7.62E-05,0.840796347,741.194586,0.7725
5111,OK,,234.736842,10.5752368,121,123.6,121,47.3265353,3.05233483,0.440915817,0.002787714,0.03985264,0.926188329,0.06995054,1.0214876
5112,OK,,234.736842,10.5752368,124,123.6,124,48.4999205,2.51887586,0.542734207,0.003412795,0.032775875,0.936873916,0.104125204,0.996774194
5113,OK,,234.736842,10.5752368,127,123.6,127,49.6733057,2.00583408,0.677188311,0.00423366,0.025997688,0.945986635,0.162847541,0.973228346
5114,OK,,234.736842,10.5752368,130,123.6,130,50.8466908,1.5144289,0.862108319,0.005356633,0.019540599,0.95326073,0.274128417,0.950769231
5115,OK,,234.736842,10.5752368,133,123.6,133,52.020076,1.06014104,1.12313141,0.006932502,0.013606095,0.958030195,0.509514454,0.929323308
5116,OK,,234.736842,10.5752368,136,123.6,136,53.1934612,0.669752684,1.50620324,0.00923033,0.008538488,0.959093545,1.08102626,0.908823529
5117,OK,,234.736842,10.5752368,139,123.6,139,54.3668464,0.35206635,2.12685535,0.012929068,0.00445139,0.954403798,2.90450154,0.889208633
5118,OK,,234.736842,10.5752368,142,123.6,142,55.5402315,0.183234326,2.9044181,0.0175009,0.002291332,0.944406922,7.6378708,0.870422535
5119,OK,,234.736842,10.5752368,145,123.6,145,56.7136167,0.091263305,3.90487274,0.023304278,0.001126998,0.929538332,20.6781865,0.852413793
5120,OK,,234.736842,10.5752368,148,123.6,148,57.8870019,0.048221402,5.01578305,0.029634288,0.000587523,0.912519144,50.4394049,0.835135135
5121,OK,,234.736842,10.5752368,151,123.6,151,59.0603871,0.027688865,6.16120222,0.036029734,0.00033274,0.895210794,108.282106,0.818543046
5122,OK,,234.736842,10.5752368,154,123.6,154,60.2337722,0.016849712,7.34630118,0.042512675,0.000199689,0.877757102,212.89422,0.802597403
5123,OK,,234.736842,10.5752368,157,123.6,157,61.4071574,0.010889802,8.53337277,0.048865077,0.000127278,0.860858849,383.924319,0.787261146
5124,OK,,234.736842,10.5752368,160,123.6,160,62.5805426,0.00739794,9.74848576,0.055230906,8.53E-05,0.844106758,647.668817,0.7725
5125,OK,,234.736842,11.0642842,121,123.6,121,47.3265353,3.15566046,0.430480854,0.002713314,0.041061096,0.924225568,0.066079915,1.0214876
5126,OK,,234.736842,11.0642842,124,123.6,124,48.4999205,2.61399537,0.529274243,0.003318087,0.033903481,0.935190211,0.097868617,0.996774194
5127,OK,,234.736842,11.0642842,127,123.6,127,49.6733057,2.10009287,0.657753066,0.004099947,0.027132551,0.944480322,0.151108054,0.973228346
5128,OK,,234.736842,11.0642842,130,123.6,130,50.8466908,1.60373617,0.833718752,0.005165249,0.020629499,0.952062664,0.250381689,0.950769231
5129,OK,,234.736842,11.0642842,133,123.6,133,52.020076,1.14194839,1.08017244,0.006648674,0.0146137,0.957283399,0.454961747,0.929323308
5130,OK,,234.736842,11.0642842,136,123.6,136,53.1934612,0.735780664,1.44066948,0.008805138,0.009356269,0.959084254,0.941094993,0.908823529
5131,OK,,234.736842,11.0642842,139,123.6,139,54.3668464,0.420264742,1.97445327,0.011973745,0.005300584,0.955952604,2.25894844,0.889208633
5132,OK,,234.736842,11.0642842,142,123.6,142,55.5402315,0.212111133,2.7511966,0.016539479,0.002647775,0.946645744,6.24655683,0.870422535
5133,Errors,,234.736842,11.0642842,145,123.6,145,56.7136167,0.060366509,5.82508697,0.034368754,0.000735975,0.896225037,46.698239,0.852413793
5134,OK,,234.736842,11.0642842,148,123.6,148,57.8870019,0.054610748,4.83419358,0.028501083,0.000664508,0.915545733,42.8905332,0.835135135
5135,OK,,234.736842,11.0642842,151,123.6,151,59.0603871,0.030667548,5.9951127,0.03497912,0.000367946,0.897972557,95.0659695,0.818543046
5136,OK,,234.736842,11.0642842,154,123.6,154,60.2337722,0.018741519,7.15469664,0.041322058,0.000221857,0.880906709,186.255464,0.802597403
5137,OK,,234.736842,11.0642842,157,123.6,157,61.4071574,0.011900135,8.35932306,0.047772869,0.000138916,0.863676751,343.89817,0.787261146
5138,OK,,234.736842,11.0642842,160,123.6,160,62.5805426,0.007703252,9.63741934,0.054481387,8.87E-05,0.845876654,614.361052,0.7725
5139,OK,,234.736842,11.5533316,121,123.6,121,47.3265353,3.2502872,0.421445614,0.002648219,0.04215524,0.922417038,0.062820646,1.0214876
5140,OK,,234.736842,11.5533316,124,123.6,124,48.4999205,2.71413796,0.515792796,0.003223765,0.035085652,0.93340338,0.091882708,0.996774194
5141,OK,,234.736842,11.5533316,127,123.6,127,49.6733057,2.20819838,0.636747308,0.003957134,0.028431581,0.94272687,0.139180946,0.973228346
5142,OK,,234.736842,11.5533316,130,123.6,130,50.8466908,1.69556979,0.80595216,0.004978766,0.021743204,0.95080266,0.22898035,0.950769231
5143,OK,,234.736842,11.5533316,133,123.6,133,52.020076,1.22612636,1.03951259,0.006380459,0.015645098,0.956446835,0.407824776,0.929323308
5144,OK,,234.736842,11.5533316,136,123.6,136,53.1934612,0.808461664,1.37650758,0.008390425,0.01025309,0.958924101,0.818331411,0.908823529
5145,OK,,234.736842,11.5533316,139,123.6,139,54.3668464,0.47029667,1.88171205,0.011382455,0.00591849,0.95673818,1.92320245,0.889208633
5146,OK,,234.736842,11.5533316,142,123.6,142,55.5402315,0.245431381,2.60339764,0.015614635,0.003058097,0.948706929,5.10599696,0.870422535
5147,OK,,234.736842,11.5533316,145,123.6,145,56.7136167,0.122715689,3.53725359,0.021019357,0.001510964,0.935465775,13.9112215,0.852413793
5148,OK,,234.736842,11.5533316,148,123.6,148,57.8870019,0.062008696,4.65220746,0.027360223,0.000752916,0.91856175,36.339014,0.835135135
5149,OK,,234.736842,11.5533316,151,123.6,151,59.0603871,0.035276802,5.76899529,0.033600389,0.000422916,0.901723094,79.4493998,0.818543046
5150,OK,,234.736842,11.5533316,154,123.6,154,60.2337722,0.020922463,6.95874273,0.040104434,0.000247302,0.884123724,162.167851,0.802597403
5151,OK,,234.736842,11.5533316,157,123.6,157,61.4071574,0.013433504,8.12532173,0.046352427,0.00015667,0.867462433,295.859556,0.787261146
5152,OK,,234.736842,11.5533316,160,123.6,160,62.5805426,0.008921675,9.32703593,0.052650997,0.000102629,0.850816928,513.023325,0.7725
5153,OK,,234.736842,12.0423789,121,123.6,121,47.3265353,3.34735754,0.412562994,0.002584442,0.043271582,0.920553649,0.059726088,1.0214876
5154,OK,,234.736842,12.0423789,124,123.6,124,48.4999205,2.81067709,0.503514832,0.003137511,0.03621555,0.931666034,0.086634351,0.996774194
5155,OK,,234.736842,12.0423789,127,123.6,127,49.6733057,2.29667669,0.620791885,0.003846576,0.029479793,0.941266873,0.130481788,0.973228346
5156,OK,,234.736842,12.0423789,130,123.6,130,50.8466908,1.78530858,0.781388149,0.004813037,0.022823801,0.94952087,0.21087799,0.950769231
5157,OK,,234.736842,12.0423789,133,123.6,133,52.020076,1.30845549,1.00318334,0.006140161,0.016647268,0.955562563,0.368838958,0.929323308
5158,OK,,234.736842,12.0423789,136,123.6,136,53.1934612,0.882303521,1.31844953,0.008014839,0.011159419,0.958627376,0.718212893,0.908823529
5159,OK,,234.736842,12.0423789,139,123.6,139,54.3668464,0.529287715,1.7867785,0.010780754,0.006645103,0.957399291,1.62236065,0.889208633
5160,OK,,234.736842,12.0423789,142,123.6,142,55.5402315,0.281295144,2.4697614,0.014778106,0.003498311,0.95046732,4.22435489,0.870422535
5161,OK,,234.736842,12.0423789,145,123.6,145,56.7136167,0.140645131,3.3760791,0.020017004,0.001729068,0.937991537,11.5767605,0.852413793
5162,OK,,234.736842,12.0423789,148,123.6,148,57.8870019,0.072677456,4.42300628,0.025970468,0.000882061,0.922336905,29.4429445,0.835135135
5163,OK,,234.736842,12.0423789,151,123.6,151,59.0603871,0.040439257,5.55105896,0.032262078,0.000484029,0.905325744,66.6532345,0.818543046
5164,OK,,234.736842,12.0423789,154,123.6,154,60.2337722,0.023542921,6.75112132,0.038830402,0.000277915,0.887527146,139.72031,0.802597403
5165,OK,,234.736842,12.0423789,157,123.6,157,61.4071574,0.014993128,7.9142821,0.045064062,0.000174671,0.870873762,257.993838,0.787261146
5166,OK,,234.736842,12.0423789,160,123.6,160,62.5805426,0.010193375,9.10611923,0.051311665,0.000117137,0.854326725,438.049046,0.7725
5167,OK,,234.736842,12.5314263,121,123.6,121,47.3265353,3.44913414,0.403620616,0.002520651,0.044437983,0.918592081,0.056722905,1.0214876
5168,OK,,234.736842,12.5314263,124,123.6,124,48.4999205,2.91100048,0.491351732,0.003052461,0.037384603,0.929848293,0.081650227,0.996774194
5169,OK,,234.736842,12.5314263,127,123.6,127,49.6733057,2.38445126,0.60579807,0.003742614,0.030513294,0.939801684,0.122655184,0.973228346
5170,OK,,234.736842,12.5314263,130,123.6,130,50.8466908,1.87927617,0.757484155,0.004652272,0.023950156,0.948142932,0.194248081,0.950769231
5171,OK,,234.736842,12.5314263,133,123.6,133,52.020076,1.39740111,0.967037266,0.005902252,0.017725734,0.954547579,0.332976432,0.929323308
5172,OK,,234.736842,12.5314263,136,123.6,136,53.1934612,0.960237117,1.26346249,0.007659784,0.01211173,0.958195997,0.632426896,0.908823529
5173,OK,,234.736842,12.5314263,139,123.6,139,54.3668464,0.591721225,1.69936945,0.010227143,0.007410988,0.95785868,1.37999722,0.889208633
5174,OK,,234.736842,12.5314263,142,123.6,142,55.5402315,0.319552097,2.34832163,0.014017849,0.003966392,0.951965023,3.53415621,0.870422535
5175,OK,,234.736842,12.5314263,145,123.6,145,56.7136167,0.162884743,3.20737294,0.018974801,0.001999306,0.940574101,9.49069151,0.852413793
5176,OK,,234.736842,12.5314263,148,123.6,148,57.8870019,0.083846437,4.2358662,0.024819517,0.001016244,0.925376812,24.422797,0.835135135
5177,OK,,234.736842,12.5314263,151,123.6,151,59.0603871,0.045870928,5.3546278,0.031063158,0.000548603,0.908559713,56.6222822,0.818543046
5178,OK,,234.736842,12.5314263,154,123.6,154,60.2337722,0.026850062,6.52092993,0.03744505,0.000316776,0.891293875,118.20684,0.802597403
5179,OK,,234.736842,12.5314263,157,123.6,157,61.4071574,0.016753356,7.70067703,0.043765941,0.000194969,0.874323602,224.476075,0.787261146
5180,OK,,234.736842,12.5314263,160,123.6,160,62.5805426,0.010998572,8.89690785,0.050041041,0.000126259,0.857656932,396.335141,0.7725
5181,OK,,234.736842,13.0204737,121,123.6,121,47.3265353,3.5487099,0.395279872,0.002460992,0.045569657,0.916664304,0.054005068,1.0214876
5182,OK,,234.736842,13.0204737,124,123.6,124,48.4999205,3.00879028,0.480106479,0.002973602,0.038514885,0.928063866,0.07720657,0.996774194
5183,OK,,234.736842,13.0204737,127,123.6,127,49.6733057,2.48048952,0.590177172,0.003635303,0.031640992,0.938182759,0.114892195,0.973228346
5184,OK,,234.736842,13.0204737,130,123.6,130,50.8466908,1.97200075,0.735322891,0.004503068,0.025053962,0.946755165,0.179734746,0.950769231
5185,OK,,234.736842,13.0204737,133,123.6,133,52.020076,1.48417335,0.934630416,0.005688366,0.018770729,0.953502495,0.303044506,0.929323308
5186,OK,,234.736842,13.0204737,136,123.6,136,53.1934612,1.04258628,1.21119661,0.007322933,0.013113188,0.957630452,0.558440334,0.908823529
5187,OK,,234.736842,13.0204737,139,123.6,139,54.3668464,0.660479752,1.6156956,0.009698231,0.008250491,0.958133026,1.17547331,0.889208633
5188,OK,,234.736842,13.0204737,142,123.6,142,55.5402315,0.366222238,2.22209166,0.013232603,0.004536228,0.953397495,2.9170939,0.870422535
5189,OK,,234.736842,13.0204737,145,123.6,145,56.7136167,0.187368774,3.05046631,0.01800608,0.002296055,0.942909035,7.84218137,0.852413793
5190,OK,,234.736842,13.0204737,148,123.6,148,57.8870019,0.094633893,4.07132341,0.023803853,0.001145411,0.928032941,20.781931,0.835135135
5191,OK,,234.736842,13.0204737,151,123.6,151,59.0603871,0.052058057,5.16163967,0.029881639,0.000621787,0.911722595,48.0576518,0.818543046
5192,OK,,234.736842,13.0204737,154,123.6,154,60.2337722,0.030372894,6.31005758,0.03616429,0.00035793,0.894736288,101.037465,0.802597403
5193,OK,,234.736842,13.0204737,157,123.6,157,61.4071574,0.018801918,7.48708097,0.042472364,0.000218573,0.877768599,194.316734,0.787261146
5194,OK,,234.736842,13.0204737,160,123.6,160,62.5805426,0.012218077,8.68379327,0.048753291,0.000140113,0.86104289,347.95717,0.7725
5195,OK,,234.736842,13.5095211,121,123.6,121,47.3265353,3.6490559,0.387231916,0.002403497,0.046702894,0.914714065,0.051463559,1.0214876
5196,OK,,234.736842,13.5095211,124,123.6,124,48.4999205,3.10718796,0.469323962,0.002898053,0.03964498,0.926257365,0.073100117,0.996774194
5197,OK,,234.736842,13.5095211,127,123.6,127,49.6733057,2.57728975,0.575275749,0.003533014,0.032770599,0.936534011,0.107810492,0.973228346
5198,OK,,234.736842,13.5095211,130,123.6,130,50.8466908,2.06317694,0.714904795,0.004365345,0.026131887,0.945363569,0.167050514,0.950769231
5199,OK,,234.736842,13.5095211,133,123.6,133,52.020076,1.57386934,0.903629321,0.005484135,0.0198453,0.952374182,0.276344264,0.929323308
5200,OK,,234.736842,13.5095211,136,123.6,136,53.1934612,1.11914766,1.16729263,0.007038224,0.014037613,0.957016516,0.501383241,0.908823529
5201,OK,,234.736842,13.5095211,139,123.6,139,54.3668464,0.722835407,1.54919978,0.009275099,0.009008148,0.958209178,1.02963447,0.889208633
5202,OK,,234.736842,13.5095211,142,123.6,142,55.5402315,0.415286987,2.1092714,0.012530229,0.005132991,0.954545411,2.44111622,0.870422535
5203,OK,,234.736842,13.5095211,145,123.6,145,56.7136167,0.217417724,2.88831015,0.017010797,0.002659671,0.945238409,6.39582628,0.852413793
5204,OK,,234.736842,13.5095211,148,123.6,148,57.8870019,0.110404557,3.87264563,0.02259526,0.001334397,0.931192667,16.9329358,0.835135135
5205,OK,,234.736842,13.5095211,151,123.6,151,59.0603871,0.058442965,5.00338309,0.028894399,0.000696826,0.914294059,41.4657089,0.818543046
5206,OK,,234.736842,13.5095211,154,123.6,154,60.2337722,0.034598989,6.10285325,0.034904827,0.000407232,0.898106129,85.7124076,0.802597403
5207,OK,,234.736842,13.5095211,157,123.6,157,61.4071574,0.021340838,7.26127219,0.041112727,0.00024781,0.881404492,165.90404,0.787261146
5208,OK,,234.736842,13.5095211,160,123.6,160,62.5805426,0.013631279,8.46939258,0.047461027,0.000156152,0.864446304,303.940595,0.7725
5209,OK,,234.736842,13.9985684,121,123.6,121,47.3265353,3.74635713,0.379784594,0.002350083,0.047792461,0.91281547,0.049172663,1.0214876
5210,OK,,234.736842,13.9985684,124,123.6,124,48.4999205,3.20136722,0.459507579,0.002828925,0.04071718,0.924517922,0.06947744,0.996774194
5211,OK,,234.736842,13.9985684,127,123.6,127,49.6733057,2.68031153,0.560207283,0.003430245,0.033968181,0.934763375,0.100984053,0.973228346
5212,OK,,234.736842,13.9985684,130,123.6,130,50.8466908,2.15709988,0.695096466,0.004232087,0.027236617,0.943905959,0.155382241,0.950769231
5213,OK,,234.736842,13.9985684,133,123.6,133,52.020076,1.66636896,0.873986128,0.005289209,0.020947657,0.951165871,0.252496436,0.929323308
5214,OK,,234.736842,13.9985684,136,123.6,136,53.1934612,1.2042882,1.12264947,0.006750504,0.015062122,0.956255194,0.448177502,0.908823529
5215,OK,,234.736842,13.9985684,139,123.6,139,54.3668464,0.797479174,1.47814443,0.008826558,0.009912172,0.958143175,0.890476661,0.889208633
5216,OK,,234.736842,13.9985684,142,123.6,142,55.5402315,0.466675669,2.00726577,0.011892967,0.005753265,0.955456768,2.06716814,0.870422535
5217,OK,,234.736842,13.9985684,145,123.6,145,56.7136167,0.248997783,2.7446893,0.01612802,0.003040595,0.947213963,5.30423168,0.852413793
5218,OK,,234.736842,13.9985684,148,123.6,148,57.8870019,0.12843024,3.696238,0.021515719,0.001549786,0.933928721,13.8830273,0.835135135
5219,OK,,234.736842,13.9985684,151,123.6,151,59.0603871,0.068261611,4.76940118,0.027496,0.000813246,0.918089552,33.8102028,0.818543046
5220,OK,,234.736842,13.9985684,154,123.6,154,60.2337722,0.038943082,5.90575478,0.033711163,0.000457827,0.901306233,73.6329957,0.802597403
5221,OK,,234.736842,13.9985684,157,123.6,157,61.4071574,0.023573528,7.07873206,0.040000588,0.000273428,0.884340753,146.292999,0.787261146
5222,OK,,234.736842,13.9985684,160,123.6,160,62.5805426,0.015239308,8.24664589,0.046129792,0.000174392,0.867979969,264.517084,0.7725
5223,OK,,234.736842,14.4876158,121,123.6,121,47.3265353,3.85036622,0.372092533,0.002295427,0.048954178,0.910780311,0.046889305,1.0214876
5224,OK,,234.736842,14.4876158,124,123.6,124,48.4999205,3.3051062,0.44910246,0.002756515,0.041896534,0.922593509,0.065793381,0.996774194
5225,OK,,234.736842,14.4876158,127,123.6,127,49.6733057,2.77175752,0.547626837,0.003343336,0.035018559,0.93317569,0.095473261,0.973228346
5226,OK,,234.736842,14.4876158,130,123.6,130,50.8466908,2.25244864,0.676160409,0.004104849,0.02835157,0.942403154,0.144783851,0.950769231
5227,OK,,234.736842,14.4876158,133,123.6,133,52.020076,1.75358009,0.848066741,0.00511784,0.021978864,0.949987639,0.232852792,0.929323308
5228,OK,,234.736842,14.4876158,136,123.6,136,53.1934612,1.28663722,1.08369461,0.006498376,0.016046533,0.955439413,0.404970718,0.908823529
5229,OK,,234.736842,14.4876158,139,123.6,139,54.3668464,0.868280987,1.41833629,0.008447115,0.010764329,0.957940962,0.784732146,0.889208633
5230,OK,,234.736842,14.4876158,142,123.6,142,55.5402315,0.525056269,1.90761907,0.011276483,0.006460723,0.956199762,1.74539023,0.870422535
5231,OK,,234.736842,14.4876158,145,123.6,145,56.7136167,0.286568704,2.61345784,0.015317796,0.003492317,0.948865428,4.3861419,0.852413793
5232,OK,,234.736842,14.4876158,148,123.6,148,57.8870019,0.147725356,3.52245601,0.020460363,0.00177995,0.936597487,11.4949066,0.835135135
5233,OK,,234.736842,14.4876158,151,123.6,151,59.0603871,0.078256123,4.57434985,0.02631824,0.000931112,0.921222901,28.2654007,0.818543046
5234,OK,,234.736842,14.4876158,154,123.6,154,60.2337722,0.044084412,5.70212917,0.032485352,0.00051766,0.904601466,62.7541684,0.802597403
5235,OK,,234.736842,14.4876158,157,123.6,157,61.4071574,0.026464744,6.86842442,0.038739069,0.000306624,0.887718477,126.340479,0.787261146
5236,OK,,234.736842,14.4876158,160,123.6,160,62.5805426,0.016466372,8.09184568,0.045173227,0.000188222,0.870433977,239.999365,0.7725
5237,OK,,234.736842,14.9766632,121,123.6,121,47.3265353,3.94992244,0.365064562,0.00224521,0.050055573,0.908825208,0.044854337,1.0214876
5238,OK,,234.736842,14.9766632,124,123.6,124,48.4999205,3.40384874,0.439687902,0.002690624,0.043008629,0.920751692,0.062560087,0.996774194
5239,OK,,234.736842,14.9766632,127,123.6,127,49.6733057,2.86311255,0.535648226,0.003260587,0.036061322,0.931577721,0.090417844,0.973228346
5240,OK,,234.736842,14.9766632,130,123.6,130,50.8466908,2.34695539,0.658472467,0.003985885,0.02944937,0.940892361,0.135347042,0.950769231
5241,OK,,234.736842,14.9766632,133,123.6,133,52.020076,1.83878702,0.823940072,0.004958173,0.02297931,0.948813472,0.215766818,0.929323308
5242,OK,,234.736842,14.9766632,136,123.6,136,53.1934612,1.37338505,1.04553873,0.006252317,0.017078773,0.954525919,0.366086988,0.908823529
5243,OK,,234.736842,14.9766632,139,123.6,139,54.3668464,0.943054492,1.36141654,0.00808668,0.011660375,0.957612568,0.693517973,0.889208633
5244,OK,,234.736842,14.9766632,142,123.6,142,55.5402315,0.586072773,1.82710947,0.010770871,0.007193521,0.956550735,1.4973017,0.870422535
5245,OK,,234.736842,14.9766632,145,123.6,145,56.7136167,0.327755232,2.47884909,0.014495195,0.003986502,0.95051269,3.63606832,0.852413793
5246,OK,,234.736842,14.9766632,148,123.6,148,57.8870019,0.169708206,3.35569101,0.019449665,0.002041653,0.939098604,9.52643034,0.835135135
5247,OK,,234.736842,14.9766632,151,123.6,151,59.0603871,0.089482671,4.38456414,0.025172858,0.001063109,0.924246233,23.6785274,0.818543046
5248,OK,,234.736842,14.9766632,154,123.6,154,60.2337722,0.048870291,5.53493554,0.031458569,0.000572755,0.907297756,54.9250271,0.802597403
5249,OK,,234.736842,14.9766632,157,123.6,157,61.4071574,0.029893201,6.65023251,0.037438539,0.000345966,0.891215845,108.214647,0.787261146
5250,OK,,234.736842,14.9766632,160,123.6,160,62.5805426,0.018713797,7.84461672,0.043717143,0.000213695,0.874348636,204.577654,0.7725
5251,OK,,234.736842,15.4657105,121,123.6,121,47.3265353,4.0519635,0.3581314,0.002195851,0.051178663,0.906815598,0.042905598,1.0214876
5252,OK,,234.736842,15.4657105,124,123.6,124,48.4999205,3.50328953,0.430614391,0.002627188,0.044121569,0.918888446,0.059544303,0.996774194
5253,OK,,234.736842,15.4657105,127,123.6,127,49.6733057,2.96672603,0.522607073,0.003171765,0.037243452,0.929754361,0.085163022,0.973228346
5254,OK,,234.736842,15.4657105,130,123.6,130,50.8466908,2.44308516,0.641460849,0.003871649,0.030559637,0.939336347,0.126691597,0.950769231
5255,OK,,234.736842,15.4657105,133,123.6,133,52.020076,1.93901452,0.797717598,0.004786739,0.02415551,0.947390847,0.198163447,0.929323308
5256,OK,,234.736842,15.4657105,136,123.6,136,53.1934612,1.45935765,1.01073792,0.006027545,0.01809552,0.953563925,0.333095964,0.908823529
5257,OK,,234.736842,15.4657105,139,123.6,139,54.3668464,1.02329286,1.31378221,0.007781173,0.012616082,0.957012863,0.616766195,0.889208633
5258,OK,,234.736842,15.4657105,142,123.6,142,55.5402315,0.650768858,1.74254717,0.010246526,0.007968317,0.956908425,1.28590838,0.870422535
5259,OK,,234.736842,15.4657105,145,123.6,145,56.7136167,0.366911475,2.36892393,0.01381956,0.004454144,0.951760519,3.10262975,0.852413793
5260,OK,,234.736842,15.4657105,148,123.6,148,57.8870019,0.194990817,3.19247894,0.018463515,0.002342035,0.94148134,7.88353648,0.835135135
5261,OK,,234.736842,15.4657105,151,123.6,151,59.0603871,0.100371475,4.22224014,0.024185062,0.001190362,0.926810307,20.3174061,0.818543046
5262,OK,,234.736842,15.4657105,154,123.6,154,60.2337722,0.056470239,5.30700266,0.030115222,0.000661507,0.91095572,45.5251986,0.802597403
5263,OK,,234.736842,15.4657105,157,123.6,157,61.4071574,0.033443817,6.45254511,0.03625566,0.000386619,0.894377314,93.7762611,0.787261146
5264,OK,,234.736842,15.4657105,160,123.6,160,62.5805426,0.02089691,7.63131289,0.042450514,0.00023837,0.87772222,178.086723,0.7725
5265,OK,,234.736842,15.9547579,121,123.6,121,47.3265353,4.15647731,0.351294113,0.00214736,0.052323449,0.904751713,0.041040117,1.0214876
5266,OK,,234.736842,15.9547579,124,123.6,124,48.4999205,3.60447179,0.421761884,0.00256546,0.045248036,0.916984737,0.056697708,0.996774194
5267,OK,,234.736842,15.9547579,127,123.6,127,49.6733057,3.06767069,0.510809333,0.003091001,0.038386355,0.927959696,0.080523433,0.973228346
5268,OK,,234.736842,15.9547579,130,123.6,130,50.8466908,2.53853829,0.625480079,0.00376427,0.031655019,0.937773367,0.118915416,0.950769231
5269,OK,,234.736842,15.9547579,133,123.6,133,52.020076,2.02897091,0.775819869,0.004642172,0.025200831,0.946082532,0.18420709,0.929323308
5270,OK,,234.736842,15.9547579,136,123.6,136,53.1934612,1.55413258,0.980796462,0.005831474,0.019209608,0.952345101,0.303570711,0.908823529
5271,OK,,234.736842,15.9547579,139,123.6,139,54.3668464,1.10936982,1.26000421,0.007442541,0.013637364,0.95641877,0.54574633,0.889208633
5272,OK,,234.736842,15.9547579,142,123.6,142,55.5402315,0.717288218,1.66554845,0.009768952,0.008761353,0.957097106,1.11500497,0.870422535
5273,OK,,234.736842,15.9547579,145,123.6,145,56.7136167,0.419895812,2.24033576,0.013038929,0.005086519,0.9530936,2.56342902,0.852413793
5274,OK,,234.736842,15.9547579,148,123.6,148,57.8870019,0.222666792,3.04054859,0.017546137,0.002670023,0.943627839,6.57153125,0.835135135
5275,OK,,234.736842,15.9547579,151,123.6,151,59.0603871,0.11650238,4.02299972,0.023003412,0.001380562,0.929910684,16.6623497,0.818543046
5276,OK,,234.736842,15.9547579,154,123.6,154,60.2337722,0.064202043,5.10958825,0.028937755,0.000751158,0.914104827,38.5241688,0.802597403
5277,OK,,234.736842,15.9547579,157,123.6,157,61.4071574,0.037439219,6.25617509,0.035082631,0.000432256,0.897510086,81.161638,0.787261146
5278,OK,,234.736842,15.9547579,160,123.6,160,62.5805426,0.02332162,7.42178156,0.041208793,0.000265744,0.881031661,155.069559,0.7725
5279,OK,,234.736842,16.4438053,121,123.6,121,47.3265353,4.25471099,0.345163688,0.002103494,0.053387052,0.90280559,0.03940083,1.0214876
5280,OK,,234.736842,16.4438053,124,123.6,124,48.4999205,3.70424772,0.413415221,0.002507158,0.046350142,0.915099594,0.054091697,0.996774194
5281,OK,,234.736842,16.4438053,127,123.6,127,49.6733057,3.16371641,0.499926696,0.003016245,0.039463691,0.926245233,0.076430878,0.973228346
5282,OK,,234.736842,16.4438053,130,123.6,130,50.8466908,2.63487203,0.610191484,0.003661622,0.032753676,0.936179455,0.111792716,0.950769231
5283,OK,,234.736842,16.4438053,133,123.6,133,52.020076,2.11969795,0.755169392,0.004505808,0.026248806,0.944735426,0.171657619,0.929323308
5284,OK,,234.736842,16.4438053,136,123.6,136,53.1934612,1.63769548,0.95178924,0.005643454,0.02018539,0.951319492,0.279581154,0.908823529
5285,OK,,234.736842,16.4438053,139,123.6,139,54.3668464,1.18185356,1.21915849,0.007182276,0.014491804,0.955836834,0.495609512,0.889208633
5286,OK,,234.736842,16.4438053,142,123.6,142,55.5402315,0.788235911,1.59307079,0.00932,0.009603618,0.957124653,0.970467639,0.870422535
5287,OK,,234.736842,16.4438053,145,123.6,145,56.7136167,0.468767265,2.13870043,0.01241755,0.005666635,0.954023957,2.19134444,0.852413793
5288,OK,,234.736842,16.4438053,148,123.6,148,57.8870019,0.254634087,2.89069278,0.016644428,0.003048046,0.945664367,5.46068713,0.835135135
5289,OK,,234.736842,16.4438053,151,123.6,151,59.0603871,0.133566309,3.8418833,0.021922229,0.001580508,0.932688392,13.8703728,0.818543046
5290,OK,,234.736842,16.4438053,154,123.6,154,60.2337722,0.072683364,4.91454461,0.027777857,0.000849328,0.917202131,32.7057008,0.802597403
5291,OK,,234.736842,16.4438053,157,123.6,157,61.4071574,0.042209809,6.05063208,0.033863785,0.00048674,0.900779614,69.5726647,0.787261146
5292,OK,,234.736842,16.4438053,160,123.6,160,62.5805426,0.026052495,7.21398081,0.039980521,0.000296539,0.884308556,134.823937,0.7725
5293,OK,,234.736842,16.9328526,121,123.6,121,47.3265353,4.35661554,0.339016526,0.002059761,0.054486094,0.900782256,0.037803425,1.0214876
5294,OK,,234.736842,16.9328526,124,123.6,124,48.4999205,3.80421537,0.405411289,0.002451264,0.047447244,0.913203432,0.051662927,0.996774194
5295,OK,,234.736842,16.9328526,127,123.6,127,49.6733057,3.26166076,0.489295632,0.002943412,0.040556416,0.924487482,0.072575741,0.973228346
5296,OK,,234.736842,16.9328526,130,123.6,130,50.8466908,2.73034805,0.595770459,0.003564745,0.033835235,0.93458535,0.105355985,0.950769231
5297,OK,,234.736842,16.9328526,133,123.6,133,52.020076,2.21920343,0.737769166,0.004388578,0.027391486,0.943157088,0.160216862,0.929323308
5298,OK,,234.736842,16.9328526,136,123.6,136,53.1934612,1.72619685,0.923058736,0.005457965,0.021214113,0.950195841,0.257279901,0.908823529
5299,OK,,234.736842,16.9328526,139,123.6,139,54.3668464,1.27031745,1.17302743,0.006891943,0.015531581,0.955058183,0.443737397,0.889208633
5300,OK,,234.736842,16.9328526,142,123.6,142,55.5402315,0.856789736,1.53055767,0.008931261,0.010412816,0.95701589,0.857718134,0.870422535
5301,OK,,234.736842,16.9328526,145,123.6,145,56.7136167,0.522439161,2.04113027,0.011822443,0.006301696,0.954797991,1.87607306,0.852413793
5302,OK,,234.736842,16.9328526,148,123.6,148,57.8870019,0.28949736,2.75242427,0.015812673,0.003459147,0.947450697,4.57126352,0.835135135
5303,OK,,234.736842,16.9328526,151,123.6,151,59.0603871,0.152675766,3.66985196,0.020896599,0.001803968,0.935277638,11.583688,0.818543046
5304,OK,,234.736842,16.9328526,154,123.6,154,60.2337722,0.082569343,4.72730419,0.026665871,0.000963611,0.920146566,27.6728678,0.802597403
5305,OK,,234.736842,16.9328526,157,123.6,157,61.4071574,0.047564723,5.84984318,0.032680087,0.000547962,0.903962207,59.6393005,0.787261146
5306,OK,,234.736842,16.9328526,160,123.6,160,62.5805426,0.028064321,7.07444356,0.039107628,0.000318702,0.886506131,122.709187,0.7725
5307,OK,,234.736842,17.4219,121,123.6,121,47.3265353,4.46134276,0.332909798,0.002016528,0.055611337,0.898698425,0.036261098,1.0214876
5308,OK,,234.736842,17.4219,124,123.6,124,48.4999205,3.90717802,0.397457949,0.002395996,0.048572795,0.911244474,0.049327948,0.996774194
5309,OK,,234.736842,17.4219,127,123.6,127,49.6733057,3.36128886,0.478931944,0.002872607,0.04166258,0.922690452,0.068949335,0.973228346
5310,OK,,234.736842,17.4219,130,123.6,130,50.8466908,2.82825094,0.581916845,0.003471799,0.034939196,0.932932356,0.099366878,0.950769231
5311,OK,,234.736842,17.4219,133,123.6,133,52.020076,2.31260279,0.718666976,0.004262868,0.02845836,0.941728848,0.149793186,0.929323308
5312,OK,,234.736842,17.4219,136,123.6,136,53.1934612,1.81825807,0.895110527,0.005278082,0.022279483,0.948990561,0.236903243,0.908823529
5313,OK,,234.736842,17.4219,139,123.6,139,54.3668464,1.35199061,1.13412178,0.006645527,0.016485066,0.954271536,0.403124109,0.889208633
5314,OK,,234.736842,17.4219,142,123.6,142,55.5402315,0.932987917,1.46782509,0.008543184,0.011309434,0.956773443,0.755403285,0.870422535
5315,OK,,234.736842,17.4219,145,123.6,145,56.7136167,0.58205208,1.94623835,0.011245546,0.007004918,0.955420046,1.60537851,0.852413793
5316,OK,,234.736842,17.4219,148,123.6,148,57.8870019,0.322903668,2.63757007,0.015118031,0.003851447,0.948857712,3.92528607,0.835135135
5317,OK,,234.736842,17.4219,151,123.6,151,59.0603871,0.174502258,3.50305092,0.019904717,0.002058758,0.937732322,9.66831276,0.818543046
5318,OK,,234.736842,17.4219,154,123.6,154,60.2337722,0.094466471,4.5301337,0.025503114,0.001101039,0.923222471,23.162781,0.802597403
5319,OK,,234.736842,17.4219,157,123.6,157,61.4071574,0.05337098,5.65797614,0.03154301,0.000613951,0.906992159,51.3770763,0.787261146
5320,OK,,234.736842,17.4219,160,123.6,160,62.5805426,0.032682555,6.78980973,0.03749091,0.000371198,0.890980615,100.999834,0.7725
5321,OK,,240,8.13,121,123.6,121,47.3265353,2.58058783,0.54078877,0.003472037,0.034248396,0.934045952,0.101378097,1.0214876
5322,OK,,240,8.13,124,123.6,124,48.4999205,2.06703001,0.671825282,0.004288468,0.027325354,0.943528664,0.156940991,0.996774194
5323,OK,,240,8.13,127,123.6,127,49.6733057,1.57191048,0.851668901,0.005403093,0.02068806,0.951209621,0.261169642,0.973228346
5324,OK,,240,8.13,130,123.6,130,50.8466908,1.11672941,1.10306262,0.006951784,0.014618871,0.956343432,0.475534954,0.950769231
5325,OK,,240,8.13,133,123.6,133,52.020076,0.716995887,1.47169436,0.009208412,0.009324498,0.957926047,0.987550395,0.929323308
5326,OK,,240,8.13,136,123.6,136,53.1934612,0.398736082,2.03366617,0.012623242,0.005142605,0.954272533,2.45463976,0.908823529
5327,OK,,240,8.13,139,123.6,139,54.3668464,0.20388178,2.8093637,0.017283803,0.002601397,0.94457568,6.64404741,0.889208633
5328,OK,,240,8.13,142,123.6,142,55.5402315,0.101400531,3.78794237,0.023079896,0.001277647,0.929972512,18.0643745,0.870422535
5329,OK,,240,8.13,145,123.6,145,56.7136167,0.053103055,4.8856251,0.029466773,0.000660075,0.912918124,44.6415557,0.852413793
5330,OK,,240,8.13,148,123.6,148,57.8870019,0.029946721,6.03837808,0.036040507,0.000367066,0.895169475,98.1852501,0.835135135
5331,OK,,240,8.13,151,123.6,151,59.0603871,0.018155874,7.21029515,0.042580789,0.000219421,0.877609149,194.059457,0.818543046
5332,OK,,240,8.13,154,123.6,154,60.2337722,0.011630674,8.39865171,0.049068798,0.000138589,0.860372644,354.060478,0.802597403
5333,OK,,240,8.13,157,123.6,157,61.4071574,0.007707097,9.62225112,0.055607923,9.05E-05,0.84317857,614.124708,0.787261146
5334,OK,,240,8.13,160,123.6,160,62.5805426,0.005318401,10.8835781,0.062182962,6.16E-05,0.826001884,1010.09465,0.7725
5335,OK,,240,8.61904737,121,123.6,121,47.3265353,2.68027864,0.526923229,0.00337253,0.035451101,0.932232481,0.09513187,1.0214876
5336,OK,,240,8.61904737,124,123.6,124,48.4999205,2.15718672,0.653788309,0.004160717,0.02842657,0.942041657,0.146367196,0.996774194
5337,OK,,240,8.61904737,127,123.6,127,49.6733057,1.66335043,0.823719412,0.005210317,0.021822259,0.949931461,0.238761572,0.973228346
5338,OK,,240,8.61904737,130,123.6,130,50.8466908,1.19900248,1.06184476,0.006672869,0.015649529,0.955536,0.42639423,0.950769231
5339,OK,,240,8.61904737,133,123.6,133,52.020076,0.785268774,1.4089562,0.008791738,0.010185331,0.957819651,0.863176406,0.929323308
5340,OK,,240,8.61904737,136,123.6,136,53.1934612,0.455742557,1.9216128,0.011897375,0.00586396,0.955307376,2.02889785,0.908823529
5341,OK,,240,8.61904737,139,123.6,139,54.3668464,0.237378588,2.65379245,0.016287826,0.003022864,0.946821064,5.38820956,0.889208633
5342,OK,,240,8.61904737,142,123.6,142,55.5402315,0.114437541,3.63675694,0.022108077,0.001439767,0.93245987,15.3553152,0.870422535
5343,OK,,240,8.61904737,145,123.6,145,56.7136167,0.06003108,4.71107454,0.028345024,0.000744797,0.91587372,38.0573563,0.852413793
5344,OK,,240,8.61904737,148,123.6,148,57.8870019,0.034143773,5.8274865,0.034711147,0.000417994,0.89874013,83.0421902,0.835135135
5345,OK,,240,8.61904737,151,123.6,151,59.0603871,0.020249419,7.01700195,0.041351833,0.000244386,0.880846508,169.207276,0.818543046
5346,OK,,240,8.61904737,154,123.6,154,60.2337722,0.012699661,8.19493641,0.047786668,0.000151161,0.863736974,316.13045,0.802597403
5347,OK,,240,8.61904737,157,123.6,157,61.4071574,0.008551126,9.39292505,0.054185674,0.000100362,0.846899342,539.901946,0.787261146
5348,OK,,240,8.61904737,160,123.6,160,62.5805426,0.005843423,10.6437231,0.060715281,6.76E-05,0.829826235,898.313444,0.7725
5349,OK,,240,9.10809474,121,123.6,121,47.3265353,2.77502588,0.51447788,0.00328271,0.036583526,0.930493459,0.089731906,1.0214876
5350,OK,,240,9.10809474,124,123.6,124,48.4999205,2.25504326,0.635284307,0.004030671,0.029617562,0.940405519,0.13609057,0.996774194
5351,OK,,240,9.10809474,127,123.6,127,49.6733057,1.75020498,0.799098881,0.005039648,0.022890982,0.948678594,0.220158664,0.973228346
5352,OK,,240,9.10809474,130,123.6,130,50.8466908,1.28266394,1.02354237,0.006413703,0.016691583,0.954643925,0.384247707,0.950769231
5353,OK,,240,9.10809474,133,123.6,133,52.020076,0.862433797,1.34570978,0.00837399,0.011154808,0.957552089,0.750706783,0.929323308
5354,OK,,240,9.10809474,136,123.6,136,53.1934612,0.508638688,1.83250701,0.011316214,0.006529397,0.955988092,1.73311785,0.908823529
5355,OK,,240,9.10809474,139,123.6,139,54.3668464,0.270965836,2.52245155,0.015444877,0.003444337,0.948619102,4.48413577,0.889208633
5356,OK,,240,9.10809474,142,123.6,142,55.5402315,0.133595875,3.45448998,0.020953687,0.001678185,0.935396635,12.4859254,0.870422535
5357,OK,,240,9.10809474,145,123.6,145,56.7136167,0.069765644,4.49407703,0.026991086,0.0008649,0.919528273,31.2071785,0.852413793
5358,OK,,240,9.10809474,148,123.6,148,57.8870019,0.038646307,5.63020761,0.033468106,0.000472552,0.902070349,70.824218,0.835135135
5359,Errors,,240,9.10809474,151,123.6,151,59.0603871,0.041866913,6.3895209,0.037069147,0.000505204,0.891104882,73.3745487,0.818543046
5360,OK,,240,9.10809474,154,123.6,154,60.2337722,0.014461573,7.98260468,0.04646004,0.000171944,0.86723285,270.204679,0.802597403
5361,OK,,240,9.10809474,157,123.6,157,61.4071574,0.009413817,9.21206377,0.053035479,0.00011035,0.849830574,480.609854,0.787261146
5362,OK,,240,9.10809474,160,123.6,160,62.5805426,0.00633502,10.4702285,0.059625279,7.32E-05,0.832590721,814.153843,0.7725
5363,OK,,240,9.59714211,121,123.6,121,47.3265353,2.88250532,0.500970923,0.003186582,0.037867311,0.92850784,0.084151261,1.0214876
5364,OK,,240,9.59714211,124,123.6,124,48.4999205,2.35139476,0.618148417,0.003910065,0.030782036,0.938772205,0.12702426,0.996774194
5365,OK,,240,9.59714211,127,123.6,127,49.6733057,1.84384049,0.774240733,0.004868414,0.024038809,0.947294,0.202523077,0.973228346
5366,OK,,240,9.59714211,130,123.6,130,50.8466908,1.36858072,0.9874275,0.006169621,0.017756094,0.953664473,0.347464967,0.950769231
5367,OK,,240,9.59714211,133,123.6,133,52.020076,0.935583093,1.29166954,0.008015528,0.012067897,0.957184749,0.664202569,0.929323308
5368,OK,,240,9.59714211,136,123.6,136,53.1934612,0.571695014,1.74070596,0.010721358,0.007320669,0.956528473,1.46453266,0.908823529
5369,OK,,240,9.59714211,139,123.6,139,54.3668464,0.309384776,2.39566748,0.014632975,0.003924919,0.950244452,3.72822337,0.889208633
5370,OK,,240,9.59714211,142,123.6,142,55.5402315,0.156967191,3.26671223,0.019771185,0.001968587,0.938356767,10.0433383,0.870422535
5371,OK,,240,9.59714211,145,123.6,145,56.7136167,0.080421465,4.30687527,0.025811568,0.00099564,0.922641211,25.9245906,0.852413793
5372,OK,,240,9.59714211,148,123.6,148,57.8870019,0.043974372,5.43106412,0.032218294,0.00053704,0.905418517,59.9924093,0.835135135
5373,OK,,240,9.59714211,151,123.6,151,59.0603871,0.025965894,6.59251735,0.038702745,0.000312729,0.887937015,123.757963,0.818543046
5374,OK,,240,9.59714211,154,123.6,154,60.2337722,0.016120613,7.77827287,0.045183657,0.000191458,0.87059762,235.997186,0.802597403
5375,OK,,240,9.59714211,157,123.6,157,61.4071574,0.010606118,8.9683707,0.051544856,0.000124216,0.853779638,414.96106,0.787261146
5376,OK,,240,9.59714211,160,123.6,160,62.5805426,0.007241466,10.1771682,0.05786782,8.36E-05,0.837259166,691.855391,0.7725
5377,OK,,240,10.0861895,121,123.6,121,47.3265353,2.96642748,0.491138473,0.003114513,0.038850172,0.926942339,0.080167289,1.0214876
5378,OK,,240,10.0861895,124,123.6,124,48.4999205,2.44629568,0.602589068,0.003800109,0.031920614,0.937136294,0.119048732,0.996774194
5379,OK,,240,10.0861895,127,123.6,127,49.6733057,1.9387813,0.750721257,0.004706524,0.025195544,0.945856179,0.186799852,0.973228346
5380,OK,,240,10.0861895,130,123.6,130,50.8466908,1.4510819,0.955516139,0.005953097,0.018770919,0.952669525,0.317144698,0.950769231
5381,OK,,240,10.0861895,133,123.6,133,52.020076,1.01397741,1.23988375,0.007672827,0.013042176,0.956673244,0.588308819,0.929323308
5382,OK,,240,10.0861895,136,123.6,136,53.1934612,0.636750804,1.65770441,0.010183316,0.00813316,0.956865841,1.25207372,0.908823529
5383,OK,,240,10.0861895,139,123.6,139,54.3668464,0.350333644,2.27830514,0.013881934,0.004435371,0.951649968,3.12982471,0.889208633
5384,OK,,240,10.0861895,142,123.6,142,55.5402315,0.181153853,3.10712506,0.018762518,0.002268143,0.940794649,8.27219285,0.870422535
5385,OK,,240,10.0861895,145,123.6,145,56.7136167,0.093009738,4.11128682,0.02458722,0.001149873,0.925867952,21.3825585,0.852413793
5386,OK,,240,10.0861895,148,123.6,148,57.8870019,0.049600653,5.24715672,0.031055512,0.000604686,0.908498329,51.3580785,0.835135135
5387,OK,,240,10.0861895,151,123.6,151,59.0603871,0.029129758,6.38951356,0.037436499,0.000350427,0.89132067,106.831232,0.818543046
5388,OK,,240,10.0861895,154,123.6,154,60.2337722,0.018206124,7.55119143,0.043782959,0.000215994,0.874332998,202.704554,0.802597403
5389,OK,,240,10.0861895,157,123.6,157,61.4071574,0.011777672,8.75854708,0.050245699,0.000137795,0.857177483,364.641552,0.787261146
5390,OK,,240,10.0861895,160,123.6,160,62.5805426,0.008014252,9.95925735,0.056527668,9.25E-05,0.840728904,611.28221,0.7725
5391,OK,,240,10.5752368,121,123.6,121,47.3265353,3.07146881,0.479177381,0.003029243,0.040087193,0.924975573,0.075566354,1.0214876
5392,OK,,240,10.5752368,124,123.6,124,48.4999205,2.54126811,0.587513759,0.003693833,0.033052558,0.935488928,0.111756347,0.996774194
5393,OK,,240,10.5752368,127,123.6,127,49.6733057,2.03183257,0.729182413,0.004557944,0.026321125,0.944416524,0.173166766,0.973228346
5394,OK,,240,10.5752368,130,123.6,130,50.8466908,1.54438975,0.922029919,0.005727836,0.019915433,0.951493015,0.287607919,0.950769231
5395,OK,,240,10.5752368,133,123.6,133,52.020076,1.09446692,1.1917865,0.007354643,0.014037202,0.956050556,0.523939398,0.929323308
5396,OK,,240,10.5752368,136,123.6,136,53.1934612,0.706502279,1.5797092,0.009678507,0.009000561,0.957020817,1.07532267,0.908823529
5397,OK,,240,10.5752368,139,123.6,139,54.3668464,0.385063502,2.19285817,0.013327496,0.004865494,0.952582836,2.7391868,0.889208633
5398,OK,,240,10.5752368,142,123.6,142,55.5402315,0.207952313,2.95386157,0.017796052,0.002599202,0.943071647,6.84673539,0.870422535
5399,OK,,240,10.5752368,145,123.6,145,56.7136167,0.106320591,3.93499233,0.023481824,0.001312566,0.928741753,17.8900137,0.852413793
5400,OK,,240,10.5752368,148,123.6,148,57.8870019,0.05718106,5.03370553,0.029738532,0.00069657,0.912054755,42.6928318,0.835135135
5401,OK,,240,10.5752368,151,123.6,151,59.0603871,0.033168849,6.17216422,0.036092631,0.000398553,0.894932401,90.5591957,0.818543046
5402,OK,,240,10.5752368,154,123.6,154,60.2337722,0.020270863,7.3531448,0.042551401,0.000240219,0.877586686,177.135821,0.802597403
5403,OK,,240,10.5752368,157,123.6,157,61.4071574,0.013137783,8.53786963,0.048890172,0.000153546,0.860749011,318.40794,0.787261146
5404,OK,,240,10.5752368,160,123.6,160,62.5805426,0.008837277,9.75136503,0.05524675,0.000101865,0.844037749,542.351537,0.7725
5405,OK,,240,11.0642842,121,123.6,121,47.3265353,3.17444904,0.468051383,0.002949757,0.041290181,0.923034712,0.071439662,1.0214876
5406,OK,,240,11.0642842,124,123.6,124,48.4999205,2.63599558,0.573269429,0.003593382,0.034173952,0.933829479,0.105149724,0.996774194
5407,OK,,240,11.0642842,127,123.6,127,49.6733057,2.12562003,0.708804118,0.004417428,0.027448545,0.942938685,0.160934873,0.973228346
5408,OK,,240,11.0642842,130,123.6,130,50.8466908,1.633196,0.892637808,0.005529223,0.020996311,0.950324519,0.2633426,0.950769231
5409,OK,,240,11.0642842,133,123.6,133,52.020076,1.17569577,1.14766993,0.0070626,0.015035659,0.955337134,0.469723309,0.929323308
5410,OK,,240,11.0642842,136,123.6,136,53.1934612,0.772636984,1.51438844,0.009253513,0.009817913,0.957005516,0.942513205,0.908823529
5411,OK,,240,11.0642842,139,123.6,139,54.3668464,0.455096028,2.04412437,0.012393511,0.005736046,0.954030433,2.16063683,0.889208633
5412,OK,,240,11.0642842,142,123.6,142,55.5402315,0.239059054,2.80510045,0.016860674,0.002982634,0.945190011,5.65294872,0.870422535
5413,Errors,,240,11.0642842,145,123.6,145,56.7136167,0.071048708,5.84645608,0.034492555,0.000866038,0.895659894,39.8279841,0.852413793
5414,OK,,240,11.0642842,148,123.6,148,57.8870019,0.064638249,4.85425211,0.028617574,0.000786376,0.915025996,36.3916969,0.835135135
5415,OK,,240,11.0642842,151,123.6,151,59.0603871,0.03663118,6.00704216,0.035047451,0.000439449,0.897669595,79.7532126,0.818543046
5416,OK,,240,11.0642842,154,123.6,154,60.2337722,0.022531611,7.16227828,0.041364902,0.000266705,0.880717916,155.096265,0.802597403
5417,OK,,240,11.0642842,157,123.6,157,61.4071574,0.014366943,8.36425765,0.047800368,0.000167705,0.863556221,285.027238,0.787261146
5418,OK,,240,11.0642842,160,123.6,160,62.5805426,0.00933264,9.64067879,0.054499291,0.000107434,0.845798534,507.280748,0.7725
5419,OK,,240,11.5533316,121,123.6,121,47.3265353,3.26876834,0.45840108,0.002880087,0.042379449,0.921245673,0.067959516,1.0214876
5420,OK,,240,11.5533316,124,123.6,124,48.4999205,2.73574069,0.558992737,0.003493278,0.035349856,0.932067241,0.098820144,0.996774194
5421,OK,,240,11.5533316,127,123.6,127,49.6733057,2.23319665,0.686740177,0.004267129,0.028739335,0.941217183,0.148476945,0.973228346
5422,OK,,240,11.5533316,130,123.6,130,50.8466908,1.72480927,0.864430022,0.005339006,0.02210551,0.949077526,0.241523742,0.950769231
5423,OK,,240,11.5533316,133,123.6,133,52.020076,1.25942163,1.10610529,0.006787749,0.016059525,0.954526654,0.422661873,0.929323308
5424,OK,,240,11.5533316,136,123.6,136,53.1934612,0.845288876,1.4501678,0.00883734,0.010712503,0.956847014,0.824955661,0.908823529
5425,OK,,240,11.5533316,139,123.6,139,54.3668464,0.506336474,1.95380011,0.011815816,0.006367627,0.954749323,1.85560741,0.889208633
5426,OK,,240,11.5533316,142,123.6,142,55.5402315,0.274408395,2.66136008,0.015959375,0.00341727,0.947141587,4.67021256,0.870422535
5427,OK,,240,11.5533316,145,123.6,145,56.7136167,0.141809085,3.5754466,0.021243788,0.001745429,0.934455676,12.171095,0.852413793
5428,OK,,240,11.5533316,148,123.6,148,57.8870019,0.07328153,4.67475707,0.027490935,0.000889606,0.917977466,30.9023703,0.835135135
5429,OK,,240,11.5533316,151,123.6,151,59.0603871,0.042064675,5.78257352,0.033678082,0.000504229,0.901378259,66.7912026,0.818543046
5430,OK,,240,11.5533316,154,123.6,154,60.2337722,0.025119866,6.96713914,0.040151811,0.000296893,0.883914642,135.240221,0.802597403
5431,OK,,240,11.5533316,157,123.6,157,61.4071574,0.016200515,8.13085685,0.046383241,0.000188932,0.867327235,245.502583,0.787261146
5432,OK,,240,11.5533316,160,123.6,160,62.5805426,0.010795106,9.33078357,0.052671573,0.000124175,0.850727106,424.170565,0.7725
5433,OK,,240,12.0423789,121,123.6,121,47.3265353,3.3656322,0.449105267,0.002813021,0.043492157,0.919395378,0.064678814,1.0214876
5434,OK,,240,12.0423789,124,123.6,124,48.4999205,2.83190737,0.545969595,0.003401587,0.036473887,0.930352938,0.093260878,0.996774194
5435,OK,,240,12.0423789,127,123.6,127,49.6733057,2.3214171,0.67026866,0.004152482,0.02978293,0.939772767,0.139424898,0.973228346
5436,OK,,240,12.0423789,130,123.6,130,50.8466908,1.81405003,0.838869504,0.005166144,0.023178244,0.947825129,0.222887631,0.950769231
5437,OK,,240,12.0423789,133,123.6,133,52.020076,1.34129032,1.06885461,0.006540738,0.017054146,0.953668946,0.383527753,0.929323308
5438,OK,,240,12.0423789,136,123.6,136,53.1934612,0.918987435,1.39182261,0.008458897,0.011615172,0.956558382,0.728262771,0.908823529
5439,OK,,240,12.0423789,139,123.6,139,54.3668464,0.566165655,1.8605426,0.011223203,0.007103078,0.955364189,1.58004788,0.889208633
5440,OK,,240,12.0423789,142,123.6,142,55.5402315,0.312314491,2.53180886,0.015146428,0.003881795,0.948791655,3.9019139,0.870422535
5441,OK,,240,12.0423789,145,123.6,145,56.7136167,0.161756459,3.41830855,0.020264729,0.001987819,0.936874683,10.1944521,0.852413793
5442,OK,,240,12.0423789,148,123.6,148,57.8870019,0.085905231,4.44946642,0.026123711,0.001042346,0.921651295,25.0624108,0.835135135
5443,OK,,240,12.0423789,151,123.6,151,59.0603871,0.048116957,5.56641716,0.03234983,0.000575844,0.904935704,56.1780689,0.818543046
5444,OK,,240,12.0423789,154,123.6,154,60.2337722,0.028209836,6.76045693,0.038883009,0.000332978,0.887294677,116.773362,0.802597403
5445,OK,,240,12.0423789,157,123.6,157,61.4071574,0.018061418,7.9204199,0.04509819,0.000210405,0.870723843,214.339481,0.787261146
5446,OK,,240,12.0423789,160,123.6,160,62.5805426,0.01200477,9.10974277,0.051331537,0.000137948,0.854239878,372.107843,0.7725
5447,OK,,240,12.5314263,121,123.6,121,47.3265353,3.46697159,0.439288337,0.002743082,0.044652154,0.917461528,0.061432247,1.0214876
5448,OK,,240,12.5314263,124,123.6,124,48.4999205,2.93185379,0.533052304,0.003311074,0.037637042,0.92855852,0.087973813,0.996774194
5449,OK,,240,12.5314263,127,123.6,127,49.6733057,2.40879229,0.654475773,0.00404271,0.030810142,0.938331705,0.131213605,0.973228346
5450,OK,,240,12.5314263,130,123.6,130,50.8466908,1.90743847,0.813806755,0.004997288,0.024295761,0.94648137,0.205685579,0.950769231
5451,OK,,240,12.5314263,133,123.6,133,52.020076,1.42972463,1.03168535,0.006295528,0.018124409,0.952683461,0.347350805,0.929323308
5452,OK,,240,12.5314263,136,123.6,136,53.1934612,0.996676464,1.33634585,0.008099768,0.012562535,0.956140806,0.644755854,0.908823529
5453,OK,,240,12.5314263,139,123.6,139,54.3668464,0.629300796,1.77453651,0.010676983,0.007875992,0.955784868,1.35563657,0.889208633
5454,OK,,240,12.5314263,142,123.6,142,55.5402315,0.35201457,2.41325551,0.014402535,0.004366641,0.950211405,3.29830962,0.870422535
5455,OK,,240,12.5314263,145,123.6,145,56.7136167,0.186046182,3.25370317,0.019246128,0.002282608,0.939348792,8.43164088,0.852413793
5456,OK,,240,12.5314263,148,123.6,148,57.8870019,0.097858355,4.26389486,0.024981602,0.001185765,0.924650559,21.0679177,0.835135135
5457,OK,,240,12.5314263,151,123.6,151,59.0603871,0.054463189,5.37181545,0.031161243,0.000651262,0.908123212,47.8474832,0.818543046
5458,OK,,240,12.5314263,154,123.6,154,60.2337722,0.03214954,6.5315309,0.037504732,0.000379262,0.891029896,98.888596,0.802597403
5459,OK,,240,12.5314263,157,123.6,157,61.4071574,0.020189915,7.7075515,0.043804119,0.000234948,0.874155689,186.441489,0.787261146
5460,OK,,240,12.5314263,160,123.6,160,62.5805426,0.013283458,8.90147856,0.050066079,0.000152483,0.857547384,328.338906,0.7725
5461,OK,,240,13.0204737,121,123.6,121,47.3265353,3.56626062,0.430373939,0.002679182,0.045779302,0.91555193,0.058523868,1.0214876
5462,OK,,240,13.0204737,124,123.6,124,48.4999205,3.02929027,0.521100157,0.003227075,0.038761791,0.926795954,0.083254025,0.996774194
5463,OK,,240,13.0204737,127,123.6,127,49.6733057,2.50440312,0.637999688,0.003929271,0.031931176,0.936738601,0.123054372,0.973228346
5464,OK,,240,13.0204737,130,123.6,130,50.8466908,1.99967203,0.790663011,0.00484111,0.025391902,0.945122583,0.190655663,0.950769231
5465,OK,,240,13.0204737,133,123.6,133,52.020076,1.51599621,0.99827665,0.006074501,0.019161431,0.951667259,0.31701707,0.929323308
5466,OK,,240,13.0204737,136,123.6,136,53.1934612,1.07869286,1.28341383,0.007757788,0.013557922,0.95559404,0.572195929,0.908823529
5467,OK,,240,13.0204737,139,123.6,139,54.3668464,0.698482552,1.6917087,0.010152074,0.008718889,0.956035867,1.16437702,0.889208633
5468,OK,,240,13.0204737,142,123.6,142,55.5402315,0.400382644,2.29042155,0.013636602,0.004956155,0.951552161,2.75144754,0.870422535
5469,OK,,240,13.0204737,145,123.6,145,56.7136167,0.213000934,3.10173863,0.018305825,0.002608906,0.941553021,7.01666822,0.852413793
5470,OK,,240,13.0204737,148,123.6,148,57.8870019,0.110494453,4.10304995,0.02398702,0.001336989,0.927210872,17.9410736,0.835135135
5471,OK,,240,13.0204737,151,123.6,151,59.0603871,0.061662136,5.18085131,0.029991115,0.000736371,0.911234692,40.7282889,0.818543046
5472,OK,,240,13.0204737,154,123.6,154,60.2337722,0.036293421,6.32190088,0.036230882,0.000427654,0.894441373,84.7199929,0.802597403
5473,OK,,240,13.0204737,157,123.6,157,61.4071574,0.022597044,7.49467271,0.042514476,0.000262674,0.877583167,161.852845,0.787261146
5474,OK,,240,13.0204737,160,123.6,160,62.5805426,0.014788083,8.68893433,0.048781421,0.000169577,0.860919672,287.664848,0.7725
5475,OK,,240,13.5095211,121,123.6,121,47.3265353,3.66632859,0.421769767,0.002617577,0.046908153,0.913619319,0.055802178,1.0214876
5476,OK,,240,13.5095211,124,123.6,124,48.4999205,3.12734531,0.509632131,0.003146546,0.039886528,0.925010651,0.078887432,0.996774194
5477,OK,,240,13.5095211,127,123.6,127,49.6733057,2.60080954,0.622310313,0.003821298,0.033054579,0.935113643,0.115605711,0.973228346
5478,OK,,240,13.5095211,130,123.6,130,50.8466908,2.09037949,0.769307039,0.004696721,0.02646252,0.94375865,0.177485778,0.950769231
5479,OK,,240,13.5095211,133,123.6,133,52.020076,1.60517452,0.966239678,0.005862953,0.020227849,0.950568811,0.289845589,0.929323308
5480,OK,,240,13.5095211,136,123.6,136,53.1934612,1.15472322,1.23844725,0.007465576,0.014473983,0.955010063,0.515792807,0.908823529
5481,OK,,240,13.5095211,139,123.6,139,54.3668464,0.761031718,1.62559948,0.009730175,0.009477272,0.956101349,1.02668525,0.889208633
5482,OK,,240,13.5095211,142,123.6,142,55.5402315,0.451083767,2.18087413,0.012952701,0.005571679,0.952611687,2.32473912,0.870422535
5483,OK,,240,13.5095211,145,123.6,145,56.7136167,0.244860975,2.94320505,0.017331167,0.00299385,0.943786586,5.78892236,0.852413793
5484,OK,,240,13.5095211,148,123.6,148,57.8870019,0.128171323,3.90818518,0.022800144,0.001548626,0.930271799,14.7228192,0.835135135
5485,OK,,240,13.5095211,151,123.6,151,59.0603871,0.069091379,5.02468377,0.029015543,0.00082363,0.913753103,35.2288666,0.818543046
5486,OK,,240,13.5095211,154,123.6,154,60.2337722,0.041271857,6.11620151,0.034979777,0.000485714,0.897773738,72.0172744,0.802597403
5487,OK,,240,13.5095211,157,123.6,157,61.4071574,0.025636704,7.26986561,0.041160337,0.000297671,0.881194593,138.274451,0.787261146
5488,OK,,240,13.5095211,160,123.6,160,62.5805426,0.016415985,8.47496313,0.047491471,0.000188043,0.864312792,252.556168,0.7725
5489,OK,,240,13.9985684,121,123.6,121,47.3265353,3.76336391,0.413790449,0.002560228,0.047993546,0.911737584,0.053345266,1.0214876
5490,OK,,240,13.9985684,124,123.6,124,48.4999205,3.22120847,0.499183321,0.003072795,0.040953776,0.923290765,0.075030821,0.996774194
5491,OK,,240,13.9985684,127,123.6,127,49.6733057,2.70339912,0.606377126,0.003712403,0.034245492,0.933369116,0.1084056,0.973228346
5492,OK,,240,13.9985684,130,123.6,130,50.8466908,2.18400072,0.748894878,0.004558858,0.027561998,0.94231885,0.165403755,0.950769231
5493,OK,,240,13.9985684,133,123.6,133,52.020076,1.6971438,0.935535283,0.005660591,0.021321935,0.949391095,0.265482056,0.929323308
5494,OK,,240,13.9985684,136,123.6,136,53.1934612,1.23943392,1.19294381,0.007171598,0.015491298,0.954272994,0.462943678,0.908823529
5495,OK,,240,13.9985684,139,123.6,139,54.3668464,0.835734076,1.55466078,0.009281245,0.010380122,0.956032122,0.89413641,0.889208633
5496,OK,,240,13.9985684,142,123.6,142,55.5402315,0.503602729,2.08112897,0.012327776,0.006204197,0.953461993,1.98700605,0.870422535
5497,OK,,240,13.9985684,145,123.6,145,56.7136167,0.278581402,2.8038654,0.016472742,0.003399975,0.945648911,4.84495989,0.852413793
5498,OK,,240,13.9985684,148,123.6,148,57.8870019,0.148272107,3.7359284,0.021744125,0.001788567,0.932900299,12.1572912,0.835135135
5499,OK,,240,13.9985684,151,123.6,151,59.0603871,0.080541962,4.79396629,0.027635572,0.000959335,0.917465691,28.807,0.818543046
5500,OK,,240,13.9985684,154,123.6,154,60.2337722,0.046368956,5.92060933,0.033794458,0.000545055,0.900936334,62.0019116,0.802597403
5501,OK,,240,13.9985684,157,123.6,157,61.4071574,0.028253442,7.08809372,0.040052383,0.000327683,0.884112089,122.229128,0.787261146
5502,OK,,240,13.9985684,160,123.6,160,62.5805426,0.018349464,8.25286747,0.046163757,0.000209972,0.867830853,219.856249,0.7725
5503,OK,,240,14.4876158,121,123.6,121,47.3265353,3.86710107,0.405554376,0.002501584,0.049151007,0.909719665,0.050895884,1.0214876
5504,OK,,240,14.4876158,124,123.6,124,48.4999205,3.32460653,0.488096139,0.002995478,0.042127848,0.921387445,0.07110446,0.996774194
5505,OK,,240,14.4876158,127,123.6,127,49.6733057,2.79447947,0.593065108,0.003620219,0.035290178,0.93180352,0.102584328,0.973228346
5506,OK,,240,14.4876158,130,123.6,130,50.8466908,2.27887952,0.729018515,0.004425,0.028669704,0.94084378,0.154344122,0.950769231
5507,OK,,240,14.4876158,133,123.6,133,52.020076,1.7838654,0.908636353,0.005482313,0.022345507,0.948241103,0.245342947,0.929323308
5508,OK,,240,14.4876158,136,123.6,136,53.1934612,1.32117277,1.15276802,0.006911077,0.016466424,0.953491637,0.419707211,0.908823529
5509,OK,,240,14.4876158,139,123.6,139,54.3668464,0.906443406,1.49466715,0.008899596,0.011229329,0.955835022,0.792531429,0.889208633
5510,OK,,240,14.4876158,142,123.6,142,55.5402315,0.562935083,1.98338559,0.011721609,0.006921889,0.954153582,1.69341193,0.870422535
5511,OK,,240,14.4876158,145,123.6,145,56.7136167,0.318398072,2.67712592,0.015687895,0.003877914,0.947181574,4.04544716,0.852413793
5512,OK,,240,14.4876158,148,123.6,148,57.8870019,0.169655047,3.56632266,0.0207124,0.002043358,0.935460853,10.1364522,0.835135135
5513,OK,,240,14.4876158,151,123.6,151,59.0603871,0.091896644,4.60163576,0.026473053,0.001093139,0.920529942,24.2174602,0.818543046
5514,OK,,240,14.4876158,154,123.6,154,60.2337722,0.052404408,5.71877228,0.032578555,0.000615266,0.904187029,52.950345,0.802597403
5515,OK,,240,14.4876158,157,123.6,157,61.4071574,0.031681671,6.87886031,0.038796737,0.000367035,0.887463575,105.703217,0.787261146
5516,OK,,240,14.4876158,160,123.6,160,62.5805426,0.019851202,8.09861671,0.045210136,0.0002269,0.870271692,199.251472,0.7725
5517,OK,,240,14.9766632,121,123.6,121,47.3265353,3.96642008,0.398051818,0.002447829,0.050248628,0.907779603,0.048714338,1.0214876
5518,OK,,240,14.9766632,124,123.6,124,48.4999205,3.42297119,0.477925617,0.002924259,0.04323432,0.919569006,0.067637447,0.996774194
5519,OK,,240,14.9766632,127,123.6,127,49.6733057,2.88548064,0.580378514,0.003532367,0.036327443,0.930226928,0.097236873,0.973228346
5520,OK,,240,14.9766632,130,123.6,130,50.8466908,2.3729351,0.710427851,0.004299677,0.029760561,0.939359614,0.144475678,0.950769231
5521,OK,,240,14.9766632,133,123.6,133,52.020076,1.86879982,0.883964211,0.005318372,0.023341021,0.94708266,0.227855165,0.929323308
5522,OK,,240,14.9766632,136,123.6,136,53.1934612,1.4074375,1.11364537,0.006658175,0.017490928,0.952605399,0.380664479,0.908823529
5523,OK,,240,14.9766632,139,123.6,139,54.3668464,0.981045871,1.43740476,0.008536024,0.012121426,0.955516077,0.70420959,0.889208633
5524,OK,,240,14.9766632,142,123.6,142,55.5402315,0.624740519,1.90445364,0.011224135,0.007662579,0.954461944,1.46479845,0.870422535
5525,OK,,240,14.9766632,145,123.6,145,56.7136167,0.361203575,2.54575532,0.01488338,0.004390608,0.948743193,3.38982172,0.852413793
5526,OK,,240,14.9766632,148,123.6,148,57.8870019,0.193983094,3.40424872,0.019728198,0.002332649,0.937840418,8.45742297,0.835135135
5527,OK,,240,14.9766632,151,123.6,151,59.0603871,0.104466036,4.41453617,0.025342653,0.001240784,0.923485056,20.4247174,0.818543046
5528,OK,,240,14.9766632,154,123.6,154,60.2337722,0.057963475,5.55312531,0.031560247,0.000679215,0.906844805,46.46574,0.802597403
5529,OK,,240,14.9766632,157,123.6,157,61.4071574,0.035740836,6.66193006,0.037503103,0.0004136,0.890930126,90.6748649,0.787261146
5530,OK,,240,14.9766632,160,123.6,160,62.5805426,0.022486155,7.85216296,0.043758237,0.000256755,0.874167772,170.428219,0.7725
5531,OK,,240,15.4657105,121,123.6,121,47.3265353,4.06821222,0.390620677,0.002394808,0.051367826,0.905785774,0.046620784,1.0214876
5532,OK,,240,15.4657105,124,123.6,124,48.4999205,3.52213543,0.468298826,0.00285676,0.044342874,0.91772287,0.064424326,0.996774194
5533,OK,,240,15.4657105,127,123.6,127,49.6733057,2.98869472,0.566538291,0.003437911,0.037503467,0.928427694,0.091669151,0.973228346
5534,OK,,240,15.4657105,130,123.6,130,50.8466908,2.46861938,0.692524894,0.004179183,0.030863997,0.937829892,0.135406409,0.950769231
5535,OK,,240,15.4657105,133,123.6,133,52.020076,1.96847905,0.856644699,0.005139384,0.02450884,0.945691664,0.209695114,0.929323308
5536,OK,,240,15.4657105,136,123.6,136,53.1934612,1.49292314,1.07787009,0.006426542,0.018499968,0.951670879,0.347381241,0.908823529
5537,OK,,240,15.4657105,139,123.6,139,54.3668464,1.06113683,1.38947508,0.008227549,0.013073344,0.954924516,0.629337747,0.889208633
5538,OK,,240,15.4657105,142,123.6,142,55.5402315,0.689938508,1.82089478,0.010704641,0.008441747,0.954792531,1.26805995,0.870422535
5539,OK,,240,15.4657105,145,123.6,145,56.7136167,0.401852833,2.43881635,0.01422425,0.004875159,0.949912043,2.91769967,0.852413793
5540,OK,,240,15.4657105,148,123.6,148,57.8870019,0.221813985,3.24613391,0.018770773,0.002662898,0.940091078,7.0490028,0.835135135
5541,OK,,240,15.4657105,151,123.6,151,59.0603871,0.117027299,4.25555763,0.024373469,0.001387474,0.925964167,17.5667932,0.818543046
5542,OK,,240,15.4657105,154,123.6,154,60.2337722,0.066779578,5.32762517,0.030230397,0.000782129,0.91044219,38.6514355,0.802597403
5543,OK,,240,15.4657105,157,123.6,157,61.4071574,0.039914408,6.46548881,0.036327008,0.000461368,0.894061157,78.7376495,0.787261146
5544,OK,,240,15.4657105,160,123.6,160,62.5805426,0.025080025,7.63968081,0.04249603,0.000286066,0.877521662,148.553426,0.7725
5545,OK,,240,15.9547579,121,123.6,121,47.3265353,4.17244056,0.383212301,0.00234223,0.052508319,0.903739988,0.044606831,1.0214876
5546,OK,,240,15.9547579,124,123.6,124,48.4999205,3.62302132,0.458853362,0.002790749,0.045464754,0.915837498,0.061382701,0.996774194
5547,OK,,240,15.9547579,127,123.6,127,49.6733057,3.08914242,0.553746397,0.003350367,0.038639203,0.926663048,0.086709022,0.973228346
5548,OK,,240,15.9547579,130,123.6,130,50.8466908,2.56364425,0.675687256,0.004065786,0.031952826,0.936292186,0.127243395,0.950769231
5549,OK,,240,15.9547579,133,123.6,133,52.020076,2.0581125,0.834100657,0.00498999,0.025548674,0.944401981,0.195313059,0.929323308
5550,OK,,240,15.9547579,136,123.6,136,53.1934612,1.5872739,1.04707974,0.006224288,0.019606987,0.950475987,0.317452563,0.908823529
5551,OK,,240,15.9547579,139,123.6,139,54.3668464,1.14685594,1.33498074,0.007883581,0.014088265,0.954350181,0.559584921,0.889208633
5552,OK,,240,15.9547579,142,123.6,142,55.5402315,0.756889689,1.74475929,0.010231056,0.009238243,0.954957894,1.1074677,0.870422535
5553,OK,,240,15.9547579,145,123.6,145,56.7136167,0.45669214,2.31393825,0.013464277,0.005528497,0.951146999,2.4354316,0.852413793
5554,OK,,240,15.9547579,148,123.6,148,57.8870019,0.250959312,3.09714256,0.017869666,0.003007723,0.942161422,5.94125995,0.835135135
5555,OK,,240,15.9547579,151,123.6,151,59.0603871,0.134915794,4.05983296,0.023211463,0.00159823,0.928975258,14.5232284,0.818543046
5556,OK,,240,15.9547579,154,123.6,154,60.2337722,0.075618687,5.13242575,0.029065127,0.000884552,0.91353614,32.8585896,0.802597403
5557,OK,,240,15.9547579,157,123.6,157,61.4071574,0.044601766,6.27050295,0.035161501,0.000514887,0.89716012,68.2897584,0.787261146
5558,OK,,240,15.9547579,160,123.6,160,62.5805426,0.02794715,7.43103447,0.041259062,0.000318425,0.880809892,129.572285,0.7725
5559,OK,,240,16.4438053,121,123.6,121,47.3265353,4.27045301,0.37663929,0.002295084,0.053568453,0.901807891,0.042843944,1.0214876
5560,OK,,240,16.4438053,124,123.6,124,48.4999205,3.72251533,0.44994268,0.002728364,0.046562494,0.913969797,0.058595749,0.996774194
5561,OK,,240,16.4438053,127,123.6,127,49.6733057,3.18483847,0.542164183,0.003270645,0.039711209,0.924969707,0.082360747,0.973228346
5562,OK,,240,16.4438053,130,123.6,130,50.8466908,2.65955925,0.659560838,0.003957265,0.03304509,0.934722987,0.119753499,0.950769231
5563,OK,,240,16.4438053,133,123.6,133,52.020076,2.14834064,0.812451946,0.004846725,0.026589107,0.943083655,0.182282367,0.929323308
5564,OK,,240,16.4438053,136,123.6,136,53.1934612,1.67036239,1.01712318,0.006029618,0.020575381,0.949477144,0.293050122,0.908823529
5565,OK,,240,16.4438053,139,123.6,139,54.3668464,1.21900816,1.29347144,0.00761832,0.014937002,0.953786549,0.510030041,0.889208633
5566,OK,,240,16.4438053,142,123.6,142,55.5402315,0.827984411,1.6725752,0.009782743,0.010080447,0.954977508,0.97046718,0.870422535
5567,OK,,240,16.4438053,145,123.6,145,56.7136167,0.506722878,2.21462143,0.012855385,0.006121168,0.952016033,2.10015219,0.852413793
5568,OK,,240,16.4438053,148,123.6,148,57.8870019,0.285096046,2.95162613,0.016992153,0.003410786,0.94408551,4.98188768,0.835135135
5569,OK,,240,16.4438053,151,123.6,151,59.0603871,0.154114612,3.88298697,0.022154049,0.001822981,0.931644512,12.1526461,0.818543046
5570,OK,,240,16.4438053,154,123.6,154,60.2337722,0.085364727,4.93991199,0.027919143,0.000997288,0.916570447,27.9950726,0.802597403
5571,OK,,240,16.4438053,157,123.6,157,61.4071574,0.050176773,6.06656907,0.033951398,0.000578529,0.900390344,58.6857069,0.787261146
5572,OK,,240,16.4438053,160,123.6,160,62.5805426,0.031174902,7.22422768,0.040036123,0.000354812,0.884062965,112.837493,0.7725
5573,OK,,240,16.9328526,121,123.6,121,47.3265353,4.37213395,0.370044772,0.002248059,0.054664006,0.899798735,0.04112503,1.0214876
5574,OK,,240,16.9328526,124,123.6,124,48.4999205,3.82220194,0.4413765,0.00266842,0.04765528,0.912091022,0.055994221,0.996774194
5575,OK,,240,16.9328526,127,123.6,127,49.6733057,3.28244588,0.530858996,0.003193025,0.040798785,0.923232311,0.078262748,0.973228346
5576,OK,,240,16.9328526,130,123.6,130,50.8466908,2.75467578,0.644420535,0.003855253,0.034121021,0.933150098,0.11298762,0.950769231
5577,OK,,240,16.9328526,133,123.6,133,52.020076,2.24744707,0.794253213,0.004723741,0.027725348,0.941528338,0.170376254,0.929323308
5578,OK,,240,16.9328526,136,123.6,136,53.1934612,1.75836234,0.987389336,0.005837185,0.021596381,0.948381782,0.270285307,0.908823529
5579,OK,,240,16.9328526,139,123.6,139,54.3668464,1.30701976,1.24643516,0.007321586,0.015969383,0.953032867,0.458476418,0.889208633
5580,OK,,240,16.9328526,142,123.6,142,55.5402315,0.896550612,1.61008632,0.00939305,0.010888008,0.954868086,0.862696821,0.870422535
5581,OK,,240,16.9328526,145,123.6,145,56.7136167,0.561374433,2.11901045,0.012270631,0.006766484,0.952738248,1.81344277,0.852413793
5582,OK,,240,16.9328526,148,123.6,148,57.8870019,0.321970112,2.8173796,0.016182674,0.003844879,0.945767623,4.20889005,0.835135135
5583,OK,,240,16.9328526,151,123.6,151,59.0603871,0.175276267,3.71506064,0.02115117,0.002070164,0.934129505,10.2171478,0.818543046
5584,OK,,240,16.9328526,154,123.6,154,60.2337722,0.096847556,4.75586582,0.02682472,0.001129955,0.91943534,23.7396446,0.802597403
5585,OK,,240,16.9328526,157,123.6,157,61.4071574,0.056410642,5.8675384,0.032777247,0.000649769,0.903529991,50.444438,0.787261146
5586,OK,,240,16.9328526,160,123.6,160,62.5805426,0.033564676,7.08544646,0.039167208,0.000381128,0.886242419,102.766531,0.7725
5587,OK,,240,17.4219,121,123.6,121,47.3265353,4.47663729,0.363490171,0.00220155,0.055785778,0.897729098,0.039464362,1.0214876
5588,OK,,240,17.4219,124,123.6,124,48.4999205,3.92488796,0.432869718,0.002609179,0.048776589,0.910149179,0.053492452,0.996774194
5589,OK,,240,17.4219,127,123.6,127,49.6733057,3.38173943,0.519825982,0.003117489,0.041899866,0.921455491,0.074403318,0.973228346
5590,OK,,240,17.4219,130,123.6,130,50.8466908,2.85208556,0.629580399,0.003755609,0.035217824,0.931526204,0.10663945,0.950769231
5591,OK,,240,17.4219,133,123.6,133,52.020076,2.34038427,0.774226284,0.004591635,0.028785217,0.940126759,0.159513659,0.929323308
5592,OK,,240,17.4219,136,123.6,136,53.1934612,1.84990608,0.958405655,0.005650203,0.022653865,0.947205697,0.249414526,0.908823529
5593,OK,,240,17.4219,139,123.6,139,54.3668464,1.38808103,1.20630515,0.00706693,0.01691376,0.952279995,0.417821322,0.889208633
5594,OK,,240,17.4219,142,123.6,142,55.5402315,0.972641289,1.54713815,0.009002631,0.011781455,0.954631456,0.764135786,0.870422535
5595,OK,,240,17.4219,145,123.6,145,56.7136167,0.621787175,2.02571792,0.011701968,0.007477664,0.953317999,1.56492286,0.852413793
5596,OK,,240,17.4219,148,123.6,148,57.8870019,0.357108907,2.70599066,0.015507015,0.004256779,0.947084847,3.64289867,0.835135135
5597,OK,,240,17.4219,151,123.6,151,59.0603871,0.199427042,3.55290885,0.020185018,0.002351762,0.936466114,8.58293441,0.818543046
5598,OK,,240,17.4219,154,123.6,154,60.2337722,0.11021571,4.56163788,0.025678087,0.001284241,0.922437971,19.9947529,0.802597403
5599,OK,,240,17.4219,157,123.6,157,61.4071574,0.06317592,5.67758975,0.031650545,0.000726617,0.906513086,43.5587904,0.787261146
5600,OK,,240,17.4219,160,123.6,160,62.5805426,0.039147839,6.80274287,0.037560921,0.000444578,0.890670639,84.4865903,0.7725
5601,OK,,191.5,15.12,140.462884,123.6,140.462884,54.9390217,0.531101989,1.04547409,0.006191839,0.006570055,0.971303164,0.942433275,0.879947762
