Row/Case,Status,Description,"T2     
","AIR2    
 
","VARY   3
ACIDGAS 
MIXED   
TOTAL MO
LEFLOW  
KMOL/HR 
","AIRFLOW 




KMOL/HR 
",ACIDGAS ,"H2S     




KMOL/HR 
","SO2OUT  




KMOL/HR 
","H2SOUT  




KMOL/HR 
","H2SMF   





","SO2MF   





","CONV    





","R2      





","F1      





"
1,OK,,140,8.13,121,123.6,121,47.3265353,2.5211216,0.417758498,0.002683233,0.033499625,0.937902065,0.080097403,1.0214876
2,OK,,140,8.13,124,123.6,124,48.4999205,2.00832527,0.550096037,0.003512877,0.026580917,0.947248959,0.132157848,0.996774194
3,OK,,140,8.13,127,123.6,127,49.6733057,1.51333984,0.734356997,0.004660663,0.019940664,0.954750407,0.233726572,0.973228346
4,OK,,140,8.13,130,123.6,130,50.8466908,1.05934156,0.988471803,0.006231958,0.013883535,0.95972573,0.448874035,0.950769231
5,OK,,140,8.13,133,123.6,133,52.020076,0.650103441,1.34184851,0.008399563,0.008465771,0.961708015,0.992179341,0.929323308
6,OK,,140,8.13,136,123.6,136,53.1934612,0.319434202,1.86069465,0.011555969,0.004126338,0.959015097,2.80053864,0.908823529
7,OK,,140,8.13,139,123.6,139,54.3668464,0.090830155,2.58993067,0.015945129,0.001161481,0.950691258,13.7282738,0.889208633
8,OK,,140,8.13,142,123.6,142,55.5402315,0.003326308,3.59452567,0.021914938,4.20E-05,0.935220796,521.901772,0.870422535
9,OK,,140,8.13,145,123.6,145,56.7136167,0.000845394,4.77903018,0.028833366,1.05E-05,0.915719084,2741.20884,0.852413793
10,OK,,140,8.13,148,123.6,148,57.8870019,0.000362883,5.98020152,0.035699742,4.45E-06,0.896685539,8021.63389,0.835135135
11,OK,,140,8.13,151,123.6,151,59.0603871,0.000228711,7.21626551,0.042603749,2.76E-06,0.8778116,15418.8123,0.818543046
12,OK,,140,8.13,154,123.6,154,60.2337722,0.000140997,8.37457114,0.04893155,1.68E-06,0.86096318,29118.4755,0.802597403
13,OK,,140,8.13,157,123.6,157,61.4071574,8.72E-05,9.62180593,0.055597567,1.02E-06,0.843309909,54287.6201,0.787261146
14,OK,,140,8.13,160,123.6,160,62.5805426,0.00E+00,10.8093712,0.061795381,0.00E+00,0.827272652,0,0.7725
15,OK,,140,8.61904737,121,123.6,121,47.3265353,2.62154773,0.405324557,0.002595199,0.034713702,0.936042808,0.07476008,1.0214876
16,OK,,140,8.61904737,124,123.6,124,48.4999205,2.0963366,0.53398933,0.003399675,0.027658495,0.945766387,0.122916125,0.996774194
17,OK,,140,8.61904737,127,123.6,127,49.6733057,1.6051454,0.707313002,0.004475726,0.021083205,0.953446658,0.212288711,0.973228346
18,OK,,140,8.61904737,130,123.6,130,50.8466908,1.14261393,0.94892683,0.00596548,0.014930311,0.958865745,0.399554981,0.950769231
19,OK,,140,8.61904737,133,123.6,133,52.020076,0.722078871,1.29234115,0.00806721,0.009377362,0.961276104,0.860285677,0.929323308
20,OK,,140,8.61904737,136,123.6,136,53.1934612,0.375409138,1.77281655,0.010981514,0.004837893,0.959614854,2.26989584,0.908823529
21,OK,,140,8.61904737,139,123.6,139,54.3668464,0.130388337,2.43642858,0.014964685,0.001664034,0.952787092,8.99301724,0.889208633
22,OK,,140,8.61904737,142,123.6,142,55.5402315,0.011318271,3.37059723,0.020506945,0.00014269,0.939108725,143.71649,0.870422535
23,OK,,140,8.61904737,145,123.6,145,56.7136167,0.001365697,4.5697314,0.027513886,1.70E-05,0.91940036,1621.0733,0.852413793
24,OK,,140,8.61904737,148,123.6,148,57.8870019,0.000501819,5.75941709,0.03431381,6.15E-06,0.900497198,5581.7881,0.835135135
25,OK,,140,8.61904737,151,123.6,151,59.0603871,0.000270136,6.95973998,0.041025915,3.26E-06,0.882154343,12576.0547,0.818543046
26,OK,,140,8.61904737,154,123.6,154,60.2337722,0.000160006,8.16468022,0.047614587,1.90E-06,0.86444747,24995.0911,0.802597403
27,OK,,140,8.61904737,157,123.6,157,61.4071574,1.00E-04,9.37588351,0.054090067,1.18E-06,0.847314482,46024.8345,0.787261146
28,OK,,140,8.61904737,160,123.6,160,62.5805426,6.51E-05,10.6029675,0.060502439,7.54E-07,0.83056982,80268.145,0.7725
29,OK,,140,9.10809474,121,123.6,121,47.3265353,2.71357137,0.394858129,0.00252047,0.035817517,0.934319521,0.070369745,1.0214876
30,OK,,140,9.10809474,124,123.6,124,48.4999205,2.19491021,0.516462653,0.003278081,0.028862512,0.944095313,0.113575741,0.996774194
31,OK,,140,9.10809474,127,123.6,127,49.6733057,1.69238015,0.683821052,0.004314269,0.022160252,0.952163417,0.194685025,0.973228346
32,OK,,140,9.10809474,130,123.6,130,50.8466908,1.22696696,0.912145472,0.005717756,0.015984467,0.957930154,0.357707017,0.950769231
33,OK,,140,9.10809474,133,123.6,133,52.020076,0.801556704,1.23282965,0.007674447,0.010379792,0.960892284,0.739364222,0.929323308
34,OK,,140,9.10809474,136,123.6,136,53.1934612,0.4400555,1.68298495,0.010397811,0.005656674,0.960088319,1.83814915,0.908823529
35,OK,,140,9.10809474,139,123.6,139,54.3668464,0.16979243,2.31383768,0.014176973,0.00216255,0.954317194,6.55567354,0.889208633
36,OK,,140,9.10809474,142,123.6,142,55.5402315,0.022242773,3.21170411,0.019495887,0.000280011,0.941772895,69.6254955,0.870422535
37,OK,,140,9.10809474,145,123.6,145,56.7136167,0.001140168,4.35057395,0.026140873,1.42E-05,0.923268619,1846.98314,0.852413793
38,OK,,140,9.10809474,148,123.6,148,57.8870019,0.000655109,5.55987164,0.033057257,8.02E-06,0.903941704,4123.89685,0.835135135
39,Errors,,140,9.10809474,151,123.6,151,59.0603871,7.47E-04,6.30726404,0.036601058,9.02E-06,0.893193875,4057.27081,0.818543046
40,OK,,140,9.10809474,154,123.6,154,60.2337722,0.00018183,7.95475464,0.04630184,2.16E-06,0.867932288,21411.6586,0.802597403
41,OK,,140,9.10809474,157,123.6,157,61.4071574,0.000112088,9.1796207,0.052857179,1.31E-06,0.850510377,40215.4474,0.787261146
42,OK,,140,9.10809474,160,123.6,160,62.5805426,7.30E-05,10.3892193,0.059179609,8.45E-07,0.833985263,70062.1534,0.7725
43,OK,,140,9.59714211,121,123.6,121,47.3265353,2.81499226,0.383602911,0.002441035,0.037029933,0.932414339,0.06592058,1.0214876
44,OK,,140,9.59714211,124,123.6,124,48.4999205,2.29501143,0.499752966,0.003162374,0.030077932,0.942375897,0.105139328,0.996774194
45,OK,,140,9.59714211,127,123.6,127,49.6733057,1.79088915,0.65837772,0.004141397,0.023373293,0.950692493,0.17718501,0.973228346
46,OK,,140,9.59714211,130,123.6,130,50.8466908,1.31681495,0.875691515,0.00547343,0.017102168,0.956880056,0.320043076,0.950769231
47,OK,,140,9.59714211,133,123.6,133,52.020076,0.880616312,1.17957991,0.007322602,0.011371223,0.960396132,0.643959,0.929323308
48,OK,,140,9.59714211,136,123.6,136,53.1934612,0.505531398,1.60336825,0.009879807,0.006481849,0.960354156,1.5242266,0.908823529
49,OK,,140,9.59714211,139,123.6,139,54.3668464,0.212788631,2.20227665,0.01346005,0.002704541,0.955578345,4.9768336,0.889208633
50,OK,,140,9.59714211,142,123.6,142,55.5402315,0.040766516,3.03505968,0.018382676,0.00051241,0.944619853,35.8749282,0.870422535
51,OK,,140,9.59714211,145,123.6,145,56.7136167,0.001669497,4.14484195,0.024853064,2.07E-05,0.926886845,1200.64521,0.852413793
52,OK,,140,9.59714211,148,123.6,148,57.8870019,0.000665484,5.34669574,0.031723162,8.13E-06,0.907624146,3901.03019,0.835135135
53,OK,,140,9.59714211,151,123.6,151,59.0603871,0.000348103,6.54131679,0.03840818,4.19E-06,0.88923769,9156.85219,0.818543046
54,OK,,140,9.59714211,154,123.6,154,60.2337722,0.000206606,7.7459502,0.045000288,2.45E-06,0.871398445,18333.8559,0.802597403
55,OK,,140,9.59714211,157,123.6,157,61.4071574,0.000128636,8.93616609,0.051365172,1.51E-06,0.854474705,34086.8864,0.787261146
56,OK,,140,9.59714211,160,123.6,160,62.5805426,8.03E-05,10.2132632,0.058057893,9.27E-07,0.836796821,62613.7906,0.7725
57,OK,,140,10.0861895,121,123.6,121,47.3265353,2.91304534,0.373490518,0.002369343,0.038192101,0.93055617,0.062037512,1.0214876
58,OK,,140,10.0861895,124,123.6,124,48.4999205,2.3877955,0.485614312,0.003063609,0.031193589,0.94075434,0.098212775,0.996774194
59,OK,,140,10.0861895,127,123.6,127,49.6733057,1.88279761,0.636762051,0.003993556,0.024495237,0.949277391,0.163033966,0.973228346
60,OK,,140,10.0861895,130,123.6,130,50.8466908,1.4060085,0.84251181,0.005250839,0.018204533,0.955778434,0.288435813,0.950769231
61,OK,,140,10.0861895,133,123.6,133,52.020076,0.959694893,1.13131303,0.007003416,0.012357142,0.959803828,0.566750482,0.929323308
62,OK,,140,10.0861895,136,123.6,136,53.1934612,0.570368176,1.5259037,0.009377644,0.007294695,0.96059155,1.28554288,0.908823529
63,OK,,140,10.0861895,139,123.6,139,54.3668464,0.261209417,2.09510054,0.012773079,0.003312747,0.956659065,3.85573699,0.889208633
64,OK,,140,10.0861895,142,123.6,142,55.5402315,0.05954071,2.90589503,0.017552107,0.000746501,0.946607429,23.5125159,0.870422535
65,OK,,140,10.0861895,145,123.6,145,56.7136167,0.001584218,3.93750009,0.023560825,1.96E-05,0.930544294,1200.89431,0.852413793
66,OK,,140,10.0861895,148,123.6,148,57.8870019,0.000454128,5.12791983,0.03036732,5.54E-06,0.911407159,5477.21603,0.835135135
67,OK,,140,10.0861895,151,123.6,151,59.0603871,0.000409355,6.33119371,0.037101423,4.93E-06,0.89279442,7530.10524,0.818543046
68,OK,,140,10.0861895,154,123.6,154,60.2337722,0.00023913,7.50944094,0.043546388,2.84E-06,0.875324427,15344.3718,0.802597403
69,OK,,140,10.0861895,157,123.6,157,61.4071574,0.000136665,8.83093868,0.050621149,1.60E-06,0.856188175,31697.4572,0.787261146
70,OK,,140,10.0861895,160,123.6,160,62.5805426,9.07E-05,9.98905984,0.056691,1.05E-06,0.840379291,54148.7982,0.7725
71,OK,,140,10.5752368,121,123.6,121,47.3265353,3.01345143,0.363622176,0.002299607,0.039375426,0.928643126,0.058402089,1.0214876
72,OK,,140,10.5752368,124,123.6,124,48.4999205,2.48693708,0.471091969,0.002962964,0.032381024,0.93900961,0.091503087,0.996774194
73,OK,,140,10.5752368,127,123.6,127,49.6733057,1.97583192,0.616290807,0.003853701,0.025624051,0.947816585,0.150393912,0.973228346
74,OK,,140,10.5752368,130,123.6,130,50.8466908,1.48975282,0.814171252,0.005059576,0.019231523,0.95468881,0.263087631,0.950769231
75,OK,,140,10.5752368,133,123.6,133,52.020076,1.04144061,1.08572432,0.006702417,0.013370988,0.959108769,0.50126569,0.929323308
76,OK,,140,10.5752368,136,123.6,136,53.1934612,0.649197874,1.44881748,0.008880315,0.008280132,0.960558774,1.07248476,0.908823529
77,OK,,140,10.5752368,139,123.6,139,54.3668464,0.31754589,1.98740669,0.012086184,0.004017921,0.95760371,3.00806885,0.889208633
78,OK,,140,10.5752368,142,123.6,142,55.5402315,0.093672035,2.72458295,0.016426599,0.001173369,0.949257414,13.9995114,0.870422535
79,OK,,140,10.5752368,145,123.6,145,56.7136167,0.004331035,3.72957813,0.022270298,5.36E-05,0.934162034,415.713708,0.852413793
80,OK,,140,10.5752368,148,123.6,148,57.8870019,0.001123389,4.92349518,0.029097334,1.37E-05,0.914927041,2124.02195,0.835135135
81,OK,,140,10.5752368,151,123.6,151,59.0603871,0.000410366,6.10987937,0.03573522,4.93E-06,0.896541658,7242.87062,0.818543046
82,OK,,140,10.5752368,154,123.6,154,60.2337722,0.000768913,7.39417059,0.042783541,9.11E-06,0.877229348,4694.18263,0.802597403
83,OK,,140,10.5752368,157,123.6,157,61.4071574,0.000163314,8.52450768,0.048815321,1.91E-06,0.861177893,25569.5544,0.787261146
84,OK,,140,10.5752368,160,123.6,160,62.5805426,0.000103845,9.74043846,0.055186282,1.20E-06,0.844351904,46097.4404,0.7725
85,OK,,140,11.0642842,121,123.6,121,47.3265353,3.11185272,0.354566129,0.002235418,0.040525903,0.92675528,0.055160234,1.0214876
86,OK,,140,11.0642842,124,123.6,124,48.4999205,2.58227043,0.458158601,0.002872893,0.033513254,0.937310639,0.085724078,0.996774194
87,OK,,140,11.0642842,127,123.6,127,49.6733057,2.06969364,0.596957547,0.003721729,0.026755834,0.946316212,0.139099714,0.973228346
88,OK,,140,11.0642842,130,123.6,130,50.8466908,1.57016372,0.789148059,0.004889937,0.02021054,0.953599502,0.241949831,0.950769231
89,OK,,140,11.0642842,133,123.6,133,52.020076,1.12319321,1.04395342,0.006426497,0.014378936,0.958340187,0.44693826,0.929323308
90,OK,,140,11.0642842,136,123.6,136,53.1934612,0.713011103,1.39513066,0.008528055,0.009070738,0.960368404,0.940172105,0.908823529
91,OK,,140,11.0642842,139,123.6,139,54.3668464,0.3746171,1.89368944,0.011486995,0.004728955,0.958277761,2.42907671,0.889208633
92,OK,,140,11.0642842,142,123.6,142,55.5402315,0.130045591,2.58060191,0.015521529,0.001625725,0.951194883,9.54744828,0.870422535
93,OK,,140,11.0642842,145,123.6,145,56.7136167,0.011519927,3.5471023,0.021135049,1.42E-04,0.937252772,148.522312,0.852413793
94,OK,,140,11.0642842,148,123.6,148,57.8870019,0.001821028,4.71234206,0.02779314,2.22E-05,0.918562666,1253.02407,0.835135135
95,OK,,140,11.0642842,151,123.6,151,59.0603871,0.000547602,5.90706785,0.034480134,6.58E-06,0.899973303,5242.98543,0.818543046
96,OK,,140,11.0642842,154,123.6,154,60.2337722,1.09E-05,7.10423514,0.041036845,1.29E-07,0.882055436,318608.448,0.802597403
97,OK,,140,11.0642842,157,123.6,157,61.4071574,0.000185432,8.30800291,0.047487461,2.17E-06,0.864703258,21929.9102,0.787261146
98,OK,,140,11.0642842,160,123.6,160,62.5805426,0.000116231,9.53562908,0.053924229,1.34E-06,0.847624439,40288.7213,0.7725
99,OK,,140,11.5533316,121,123.6,121,47.3265353,3.21274488,0.345679259,0.002172666,0.041699312,0.924811227,0.05210316,1.0214876
100,OK,,140,11.5533316,124,123.6,124,48.4999205,2.68117403,0.445344858,0.002784079,0.034682195,0.935535587,0.080274022,0.996774194
101,OK,,140,11.5533316,127,123.6,127,49.6733057,2.17522402,0.575974864,0.003580189,0.028025045,0.944614137,0.127749619,0.973228346
102,OK,,140,11.5533316,130,123.6,130,50.8466908,1.67222415,0.757830275,0.004682214,0.021453659,0.952208209,0.218247801,0.950769231
103,OK,,140,11.5533316,133,123.6,133,52.020076,1.20596504,1.00503632,0.006169563,0.015393801,0.957497152,0.400782302,0.929323308
104,OK,,140,11.5533316,136,123.6,136,53.1934612,0.788735445,1.33547067,0.008141343,0.010006756,0.960066405,0.813584689,0.908823529
105,OK,,140,11.5533316,139,123.6,139,54.3668464,0.43783723,1.80222293,0.010904263,0.005513528,0.958797313,1.97772897,0.889208633
106,OK,,140,11.5533316,142,123.6,142,55.5402315,0.170279458,2.45130968,0.014709458,0.00212474,0.952798376,6.92294644,0.870422535
107,OK,,140,11.5533316,145,123.6,145,56.7136167,0.026019308,3.34038619,0.01986165,0.000320953,0.940642024,61.8833882,0.852413793
108,OK,,140,11.5533316,148,123.6,148,57.8870019,0.001288776,4.50611372,0.026522225,1.57E-05,0.922134463,1691.54998,0.835135135
109,OK,,140,11.5533316,151,123.6,151,59.0603871,0.001105365,5.68365036,0.033111811,1.33E-05,0.903746724,2497.07276,0.818543046
110,OK,,140,11.5533316,154,123.6,154,60.2337722,0.000308928,6.91650644,0.039871327,3.65E-06,0.885167156,10911.8806,0.802597403
111,OK,,140,11.5533316,157,123.6,157,61.4071574,0.000210045,8.09886942,0.046205158,2.45E-06,0.868108543,18857.2572,0.787261146
112,OK,,140,11.5533316,160,123.6,160,62.5805426,8.00E-05,9.30609466,0.052536057,9.20E-07,0.851292842,57105.8523,0.7725
113,OK,,140,12.0423789,121,123.6,121,47.3265353,3.31050363,0.337647627,0.002115659,0.042826313,0.922915311,0.049400905,1.0214876
114,OK,,140,12.0423789,124,123.6,124,48.4999205,2.7781554,0.433603555,0.002702474,0.035819541,0.933778057,0.075446927,0.996774194
115,OK,,140,12.0423789,127,123.6,127,49.6733057,2.25913318,0.561514558,0.003480013,0.029018837,0.943216025,0.11992256,0.973228346
116,OK,,140,12.0423789,130,123.6,130,50.8466908,1.76113984,0.733460938,0.004518524,0.022525435,0.950938778,0.200596526,0.950769231
117,OK,,140,12.0423789,133,123.6,133,52.020076,1.29101977,0.968037962,0.005925713,0.016431003,0.956573348,0.360642169,0.929323308
118,OK,,140,12.0423789,136,123.6,136,53.1934612,0.863555649,1.28229329,0.007795951,0.010926235,0.959659535,0.713507535,0.908823529
119,OK,,140,12.0423789,139,123.6,139,54.3668464,0.495608818,1.7247817,0.010408769,0.006226255,0.959159108,1.67175423,0.889208633
120,OK,,140,12.0423789,142,123.6,142,55.5402315,0.21554789,2.33035698,0.013949996,0.002684024,0.954161069,5.19741893,0.870422535
121,OK,,140,12.0423789,145,123.6,145,56.7136167,0.044120764,3.17706752,0.018848646,0.000543402,0.943202559,34.6863975,0.852413793
122,OK,,140,12.0423789,148,123.6,148,57.8870019,0.001804479,4.27959737,0.025139477,2.19E-05,0.926038632,1146.39466,0.835135135
123,OK,,140,12.0423789,151,123.6,151,59.0603871,0.000930844,5.45623071,0.031726212,1.12E-05,0.907600308,2844.16344,0.818543046
124,OK,,140,12.0423789,154,123.6,154,60.2337722,0.000412344,6.6563539,0.038305116,4.87E-06,0.889484487,7861.35816,0.802597403
125,OK,,140,12.0423789,157,123.6,157,61.4071574,0.000277206,7.88484433,0.044900365,3.23E-06,0.871592794,13899.6805,0.787261146
126,OK,,140,12.0423789,160,123.6,160,62.5805426,0.000149498,9.08586424,0.051200575,1.72E-06,0.854810883,29798.0295,0.7725
127,OK,,140,12.5314263,121,123.6,121,47.3265353,3.41300408,0.329471174,0.002058071,0.044003798,0.920922264,0.046770303,1.0214876
128,OK,,140,12.5314263,124,123.6,124,48.4999205,2.87524398,0.422486467,0.002625239,0.036951199,0.932005446,0.07104611,0.996774194
129,OK,,140,12.5314263,127,123.6,127,49.6733057,2.35459198,0.545245122,0.003369181,0.030148647,0.941621822,0.111752296,0.973228346
130,OK,,140,12.5314263,130,123.6,130,50.8466908,1.85499041,0.709113002,0.004355866,0.023651815,0.949571873,0.184166236,0.950769231
131,OK,,140,12.5314263,133,123.6,133,52.020076,1.37943496,0.932266475,0.005690668,0.017503906,0.95556136,0.325108486,0.929323308
132,OK,,140,12.5314263,136,123.6,136,53.1934612,0.943025813,1.23033998,0.00745977,0.011898567,0.959142238,0.626946932,0.908823529
133,OK,,140,12.5314263,139,123.6,139,54.3668464,0.564658864,1.64573314,0.009906028,0.007075705,0.959343016,1.40000587,0.889208633
134,OK,,140,12.5314263,142,123.6,142,55.5402315,0.260257808,2.22966985,0.013314522,0.003234045,0.955168936,4.11698697,0.870422535
135,OK,,140,12.5314263,145,123.6,145,56.7136167,0.068472448,3.01712425,0.017859808,0.000841947,0.945593371,21.2125152,0.852413793
136,OK,,140,12.5314263,148,123.6,148,57.8870019,0.002112831,4.07723952,0.023901731,2.56E-05,0.929529044,931.958831,0.835135135
137,OK,,140,12.5314263,151,123.6,151,59.0603871,0.000874767,5.27442657,0.030605402,1.05E-05,0.910679533,2923.03164,0.818543046
138,OK,,140,12.5314263,154,123.6,154,60.2337722,0.000450236,6.504892,0.03734399,5.31E-06,0.891998426,7032.24324,0.802597403
139,OK,,140,12.5314263,157,123.6,157,61.4071574,0.000272869,7.66266334,0.043554807,3.18E-06,0.875211025,13711.5642,0.787261146
140,OK,,140,12.5314263,160,123.6,160,62.5805426,0.000938438,8.87495084,0.049920766,1.08E-05,0.858168547,4633.08748,0.7725
141,OK,,140,13.0204737,121,123.6,121,47.3265353,3.51516486,0.321764477,0.002003748,0.045168799,0.918926469,0.044361324,1.0214876
142,OK,,140,13.0204737,124,123.6,124,48.4999205,2.97463518,0.411638112,0.002550097,0.038103084,0.930179818,0.066926269,0.996774194
143,OK,,140,13.0204737,127,123.6,127,49.6733057,2.45035259,0.529909098,0.003264703,0.031274906,0.940002751,0.104387305,0.973228346
144,OK,,140,13.0204737,130,123.6,130,50.8466908,1.94715927,0.68694673,0.004207472,0.024750246,0.948195134,0.1699972,0.950769231
145,OK,,140,13.0204737,133,123.6,133,52.020076,1.46667099,0.899793238,0.005476948,0.018555638,0.954508636,0.295163538,0.929323308
146,OK,,140,13.0204737,136,123.6,136,53.1934612,1.02509987,1.1812159,0.007142378,0.012897519,0.958522801,0.553779224,0.908823529
147,OK,,140,13.0204737,139,123.6,139,54.3668464,0.635696151,1.57319533,0.009444709,0.007945281,0.959370616,1.18871937,0.889208633
148,OK,,140,13.0204737,142,123.6,142,55.5402315,0.3164903,2.1181804,0.012617867,0.003923931,0.956163836,3.21561867,0.870422535
149,OK,,140,13.0204737,145,123.6,145,56.7136167,0.097605972,2.87091181,0.016955633,0.001198096,0.947657759,14.1521539,0.852413793
150,OK,,140,13.0204737,148,123.6,148,57.8870019,0.005707243,3.86997794,0.022640398,6.92E-05,0.933047402,327.202346,0.835135135
151,OK,,140,13.0204737,151,123.6,151,59.0603871,0.001043377,5.05188093,0.029256982,1.25E-05,0.914444782,2345.2952,0.818543046
152,OK,,140,13.0204737,154,123.6,154,60.2337722,0.000569438,6.25043925,0.035828996,6.71E-06,0.896220866,5336.34366,0.802597403
153,OK,,140,13.0204737,157,123.6,157,61.4071574,0.000308884,7.4523071,0.042279396,3.59E-06,0.878636037,11770.5856,0.787261146
154,OK,,140,13.0204737,160,123.6,160,62.5805426,0.000192379,8.64283944,0.048527093,2.21E-06,0.861889471,21991.917,0.7725
155,OK,,140,13.5095211,121,123.6,121,47.3265353,3.61250177,0.314958997,0.001955367,0.046268015,0.917013558,0.042261751,1.0214876
156,OK,,140,13.5095211,124,123.6,124,48.4999205,3.07315415,0.40151056,0.00247985,0.039236712,0.928357311,0.063202286,0.996774194
157,OK,,140,13.5095211,127,123.6,127,49.6733057,2.54315,0.516075818,0.003170079,0.032357688,0.938413082,0.097969896,0.973228346
158,OK,,140,13.5095211,130,123.6,130,50.8466908,2.03890179,0.666347128,0.004069473,0.025836543,0.946795969,0.15750842,0.950769231
159,OK,,140,13.5095211,133,123.6,133,52.020076,1.55745329,0.868204782,0.005269722,0.019644559,0.953370732,0.268253493,0.929323308
160,OK,,140,13.5095211,136,123.6,136,53.1934612,1.10579304,1.13722278,0.006857547,0.013873698,0.957832866,0.494284022,0.908823529
161,OK,,140,13.5095211,139,123.6,139,54.3668464,0.703691052,1.51136225,0.009049642,0.008772758,0.959257278,1.03156183,0.889208633
162,OK,,140,13.5095211,142,123.6,142,55.5402315,0.371911512,2.02248999,0.012017947,0.004600632,0.956888882,2.61223804,0.870422535
163,OK,,140,13.5095211,145,123.6,145,56.7136167,0.134551403,2.72266936,0.016043455,0.00164852,0.949620198,9.73203593,0.852413793
164,OK,,140,13.5095211,148,123.6,148,57.8870019,0.014617732,3.67369388,0.021447434,0.000176991,0.936284287,121.178377,0.835135135
165,OK,,140,13.5095211,151,123.6,151,59.0603871,0.001574343,4.83316291,0.027931049,1.88E-05,0.918139086,1485.68384,0.818543046
166,OK,,140,13.5095211,154,123.6,154,60.2337722,0.000622736,6.04531242,0.034581694,7.33E-06,0.899625494,4715.25416,0.802597403
167,OK,,140,13.5095211,157,123.6,157,61.4071574,0.000355444,7.2410691,0.04100076,4.13E-06,0.882075236,9930.34886,0.787261146
168,OK,,140,13.5095211,160,123.6,160,62.5805426,0.000216997,8.43179858,0.047255529,2.49E-06,0.865261386,19005.5571,0.7725
169,OK,,140,13.9985684,121,123.6,121,47.3265353,3.7057546,0.308890544,0.00191186,0.047311465,0.91517137,0.040410076,1.0214876
170,OK,,140,13.9985684,124,123.6,124,48.4999205,3.16783194,0.392447812,0.002416596,0.040316876,0.92659205,0.059940071,0.996774194
171,OK,,140,13.9985684,127,123.6,127,49.6733057,2.64314741,0.501627003,0.003072183,0.033520836,0.936690857,0.091649956,0.973228346
172,OK,,140,13.9985684,130,123.6,130,50.8466908,2.13248931,0.646534166,0.003937026,0.026938628,0.945345047,0.146147995,0.950769231
173,OK,,140,13.9985684,133,123.6,133,52.020076,1.64972376,0.838323664,0.005073946,0.020745084,0.9521714,0.244585468,0.929323308
174,OK,,140,13.9985684,136,123.6,136,53.1934612,1.18885425,1.09537109,0.006587066,0.01487342,0.957058156,0.442875004,0.908823529
175,OK,,140,13.9985684,139,123.6,139,54.3668464,0.783147746,1.44447366,0.008626372,0.009736739,0.959026106,0.885961089,0.889208633
176,OK,,140,13.9985684,142,123.6,142,55.5402315,0.43071571,1.93534799,0.011469419,0.005313541,0.957399103,2.15852652,0.870422535
177,OK,,140,13.9985684,145,123.6,145,56.7136167,0.172962564,2.59790589,0.015272457,0.00211509,0.951142801,7.22071401,0.852413793
178,OK,,140,13.9985684,148,123.6,148,57.8870019,0.028690177,3.4954235,0.020357652,0.000346778,0.939120812,58.7052002,0.835135135
179,OK,,140,13.9985684,151,123.6,151,59.0603871,0.001677599,4.61390891,0.026611993,2.00E-05,0.921849708,1329.85798,0.818543046
180,OK,,140,13.9985684,154,123.6,154,60.2337722,0.000724248,5.82929838,0.033282325,8.52E-06,0.903210069,3906.22843,0.802597403
181,OK,,140,13.9985684,157,123.6,157,61.4071574,0.001445372,7.03627618,0.0397653,1.68E-05,0.885392488,2371.06596,0.787261146
182,OK,,140,13.9985684,160,123.6,160,62.5805426,0.000242958,8.23557858,0.046069338,2.78E-06,0.86839645,16565.9549,0.7725
183,OK,,140,14.4876158,121,123.6,121,47.3265353,3.80776463,0.301117148,0.001858044,0.048452007,0.913180169,0.038348142,1.0214876
184,OK,,140,14.4876158,124,123.6,124,48.4999205,3.27303443,0.382447123,0.002347888,0.041515795,0.924629123,0.056554079,0.996774194
185,OK,,140,14.4876158,127,123.6,127,49.6733057,2.7410321,0.488411471,0.002982389,0.034650822,0.934986337,0.086069786,0.973228346
186,OK,,140,14.4876158,130,123.6,130,50.8466908,2.23007783,0.626926755,0.003806535,0.028082159,0.943811396,0.135549941,0.950769231
187,OK,,140,14.4876158,133,123.6,133,52.020076,1.73580619,0.812873044,0.004906002,0.021763483,0.951005853,0.225423578,0.929323308
188,Errors,,140,14.4876158,136,123.6,136,53.1934612,1.24274789,1.07362916,0.006435038,0.015523376,0.956453726,0.414538571,0.908823529
189,OK,,140,14.4876158,139,123.6,139,54.3668464,0.855468828,1.39038939,0.00828138,0.01060809,0.958690666,0.780666415,0.889208633
190,OK,,140,14.4876158,142,123.6,142,55.5402315,0.487011362,1.85994576,0.010996509,0.005996693,0.957743116,1.83376216,0.870422535
191,OK,,140,14.4876158,145,123.6,145,56.7136167,0.218361746,2.47702365,0.014524228,0.002664483,0.952473752,5.45104843,0.852413793
192,OK,,140,14.4876158,148,123.6,148,57.8870019,0.048887694,3.31740945,0.019281316,0.000590129,0.941847098,32.6730765,0.835135135
193,OK,,140,14.4876158,151,123.6,151,59.0603871,0.00207538,4.42561674,0.025473947,2.47E-05,0.925031102,1030.18664,0.818543046
194,OK,,140,14.4876158,154,123.6,154,60.2337722,0.001077499,5.61197758,0.031980317,1.27E-05,0.906812161,2525.62526,0.802597403
195,OK,,140,14.4876158,157,123.6,157,61.4071574,0.000415016,6.80596993,0.038393858,4.81E-06,0.889159746,7980.90767,0.787261146
196,OK,,140,14.4876158,160,123.6,160,62.5805426,0.000277283,8.00778367,0.04471503,3.17E-06,0.87203593,14102.73,0.7725
197,OK,,140,14.9766632,121,123.6,121,47.3265353,3.91747968,0.294129497,0.001809341,0.049675845,0.911009561,0.036422953,1.0214876
198,OK,,140,14.9766632,124,123.6,124,48.4999205,3.36888827,0.374170286,0.002290187,0.042595433,0.922823409,0.053766033,0.996774194
199,OK,,140,14.9766632,127,123.6,127,49.6733057,2.83370719,0.476845162,0.002903184,0.035711129,0.933353492,0.081296336,0.973228346
200,OK,,140,14.9766632,130,123.6,130,50.8466908,2.30595651,0.613876141,0.00371662,0.028956732,0.942575759,0.128350795,0.950769231
201,OK,,140,14.9766632,133,123.6,133,52.020076,1.82889127,0.786613984,0.004734059,0.022860678,0.949721234,0.207083066,0.929323308
202,OK,,140,14.9766632,136,123.6,136,53.1934612,1.35967621,1.01878673,0.006092854,0.016912686,0.955286554,0.360253463,0.908823529
203,OK,,140,14.9766632,139,123.6,139,54.3668464,0.933837834,1.33613959,0.007937117,0.011548503,0.958247028,0.687285344,0.889208633
204,OK,,140,14.9766632,142,123.6,142,55.5402315,0.561605964,1.77198013,0.010447616,0.00689642,0.957983861,1.51493339,0.870422535
205,OK,,140,14.9766632,145,123.6,145,56.7136167,0.265754195,2.36656538,0.013843469,0.003236065,0.953585757,4.27787062,0.852413793
206,OK,,140,14.9766632,148,123.6,148,57.8870019,0.072368522,3.16711372,0.018367235,0.000872174,0.94403783,21.0591523,0.835135135
207,OK,,140,14.9766632,151,123.6,151,59.0603871,0.00337083,4.21333665,0.024204181,4.01E-05,0.928603457,603.344289,0.818543046
208,OK,,140,14.9766632,154,123.6,154,60.2337722,0.000980964,5.40971107,0.030767428,1.15E-05,0.910171789,2671.89017,0.802597403
209,OK,,140,14.9766632,157,123.6,157,61.4071574,0.000381122,6.58102183,0.037056805,4.41E-06,0.89282352,8396.62624,0.787261146
210,OK,,140,14.9766632,160,123.6,160,62.5805426,0.000312809,7.80232716,0.04348696,3.57E-06,0.875318435,12170.4088,0.7725
211,OK,,140,15.4657105,121,123.6,121,47.3265353,4.01693199,0.288425778,0.001768851,0.050770417,0.909028672,0.034840194,1.0214876
212,OK,,140,15.4657105,124,123.6,124,48.4999205,3.47077569,0.365563275,0.002230771,0.043739388,0.920900098,0.051001412,0.996774194
213,OK,,140,15.4657105,127,123.6,127,49.6733057,2.93614361,0.464251702,0.00281813,0.03688104,0.931544815,0.076411339,0.973228346
214,OK,,140,15.4657105,130,123.6,130,50.8466908,2.41711694,0.593180889,0.003580807,0.030249708,0.940796583,0.118374933,0.950769231
215,OK,,140,15.4657105,133,123.6,133,52.020076,1.92119192,0.762384039,0.004575227,0.023941588,0.948412687,0.191099566,0.929323308
216,OK,,140,15.4657105,136,123.6,136,53.1934612,1.44658272,0.984049786,0.005868872,0.017941472,0.954305803,0.327112079,0.908823529
217,OK,,140,15.4657105,139,123.6,139,54.3668464,1.01131786,1.28981603,0.007639796,0.012471254,0.95767395,0.61259242,0.889208633
218,OK,,140,15.4657105,142,123.6,142,55.5402315,0.628858534,1.70021633,0.009998928,0.007703181,0.958065085,1.2980258,0.870422535
219,OK,,140,15.4657105,145,123.6,145,56.7136167,0.314453886,2.26360276,0.013209402,0.003821049,0.954542546,3.45700889,0.852413793
220,OK,,140,15.4657105,148,123.6,148,57.8870019,0.103687164,3.00989925,0.017417218,0.001247475,0.946212685,13.9619727,0.835135135
221,OK,,140,15.4657105,151,123.6,151,59.0603871,0.008922669,3.97894689,0.022813768,1.06E-04,0.9324781,215.093449,0.818543046
222,OK,,140,15.4657105,154,123.6,154,60.2337722,0.00176089,5.19756331,0.02950378,2.06E-05,0.913680913,1428.91295,0.802597403
223,OK,,140,15.4657105,157,123.6,157,61.4071574,0,6.38404036,0.035877822,0,0.89603752,0,0.787261146
224,OK,,140,15.4657105,160,123.6,160,62.5805426,0.00058137,7.5958693,0.042256638,6.63E-06,0.878613218,6370.24084,0.7725
225,OK,,140,15.9547579,121,123.6,121,47.3265353,4.12313606,0.282393887,0.001726565,0.051937054,0.906912054,0.03324342,1.0214876
226,OK,,140,15.9547579,124,123.6,124,48.4999205,3.57252892,0.357399247,0.002174402,0.044874471,0.91897042,0.048455202,0.996774194
227,OK,,140,15.9547579,127,123.6,127,49.6733057,3.03539852,0.452858992,0.002740857,0.038005728,0.929776014,0.072116953,0.973228346
228,OK,,140,15.9547579,130,123.6,130,50.8466908,2.50432985,0.579150999,0.003486051,0.031248207,0.939357295,0.111560023,0.950769231
229,OK,,140,15.9547579,133,123.6,133,52.020076,2.00527131,0.742285097,0.004442047,0.024917361,0.947182768,0.178271148,0.929323308
230,OK,,140,15.9547579,136,123.6,136,53.1934612,1.53416068,0.953552174,0.005670098,0.018970051,0.953232732,0.29889733,0.908823529
231,OK,,140,15.9547579,139,123.6,139,54.3668464,1.09495662,1.24066379,0.007329038,0.01346499,0.957039619,0.544303249,0.889208633
232,OK,,140,15.9547579,142,123.6,142,55.5402315,0.69553471,1.63617959,0.00959766,0.008498969,0.958017563,1.12927345,0.870422535
233,OK,,140,15.9547579,145,123.6,145,56.7136167,0.375906094,2.15330238,0.012535726,0.004557341,0.955403859,2.75066637,0.852413793
234,OK,,140,15.9547579,148,123.6,148,57.8870019,0.139614138,2.86623181,0.016548872,0.001676695,0.948073905,9.86993758,0.835135135
235,OK,,140,15.9547579,151,123.6,151,59.0603871,0.017068918,3.82485991,0.021883448,0.000202632,0.934949142,107.995807,0.818543046
236,OK,,140,15.9547579,154,123.6,154,60.2337722,0.001841777,4.96463087,0.02812911,2.16E-05,0.917546711,1303.87119,0.802597403
237,OK,,140,15.9547579,157,123.6,157,61.4071574,0.000224257,6.17038081,0.034611997,2.59E-06,0.89951326,13357.2338,0.787261146
238,OK,,140,15.9547579,160,123.6,160,62.5805426,0.000403479,7.37553011,0.040957407,4.60E-06,0.88213695,8904.98414,0.7725
239,OK,,140,16.4438053,121,123.6,121,47.3265353,4.22190876,0.277282485,0.001690171,0.053008835,0.90493301,0.031884697,1.0214876
240,OK,,140,16.4438053,124,123.6,124,48.4999205,3.67265347,0.349830545,0.002121973,0.045982559,0.917062049,0.046147344,0.996774194
241,OK,,140,16.4438053,127,123.6,127,49.6733057,3.13611921,0.441856677,0.002666363,0.039140086,0.927969845,0.06812359,0.973228346
242,OK,,140,16.4438053,130,123.6,130,50.8466908,2.61036899,0.561884369,0.003372255,0.032464147,0.93761141,0.103876292,0.950769231
243,OK,,140,16.4438053,133,123.6,133,52.020076,2.10787834,0.71785525,0.004283603,0.026108578,0.945679941,0.164068786,0.929323308
244,OK,,140,16.4438053,136,123.6,136,53.1934612,1.62286241,0.922796041,0.005472041,0.020008134,0.952143395,0.273490803,0.908823529
245,OK,,140,16.4438053,139,123.6,139,54.3668464,1.17213526,1.19972088,0.00706819,0.014375254,0.956373115,0.491691448,0.889208633
246,OK,,140,16.4438053,142,123.6,142,55.5402315,0.763817431,1.57642201,0.009223292,0.009310038,0.957864068,0.990682497,0.870422535
247,OK,,140,16.4438053,145,123.6,145,56.7136167,0.432181603,2.06637507,0.01200027,0.005227902,0.955944325,2.29542753,0.852413793
248,OK,,140,16.4438053,148,123.6,148,57.8870019,0.178598171,2.73816174,0.015773426,0.00214085,0.94961287,7.36783157,0.835135135
249,OK,,140,16.4438053,151,123.6,151,59.0603871,0.031981581,3.64092988,0.020788074,0.000379137,0.937810915,54.8299659,0.818543046
250,OK,,140,16.4438053,154,123.6,154,60.2337722,0.001732175,4.78307023,0.02704535,2.03E-05,0.920562797,1334.4931,0.802597403
251,OK,,140,16.4438053,157,123.6,157,61.4071574,0.000780456,5.97071892,0.033423815,9.01E-06,0.902755646,3711.28523,0.787261146
252,OK,,140,16.4438053,160,123.6,160,62.5805426,0.000459231,7.16249364,0.03970109,5.23E-06,0.885540256,7591.82527,0.7725
253,OK,,140,16.9328526,121,123.6,121,47.3265353,4.32227625,0.272271499,0.001654592,0.054091968,0.902918147,0.030588498,1.0214876
254,OK,,140,16.9328526,124,123.6,124,48.4999205,3.77281271,0.342620903,0.002072019,0.047083694,0.91514556,0.044007155,0.996774194
255,OK,,140,16.9328526,127,123.6,127,49.6733057,3.23338425,0.431939517,0.002598844,0.040226415,0.926211398,0.064605417,0.973228346
256,OK,,140,16.9328526,130,123.6,130,50.8466908,2.70630986,0.54769846,0.003277602,0.033552594,0.936003538,0.097685489,0.950769231
257,OK,,140,16.9328526,133,123.6,133,52.020076,2.19989928,0.699733364,0.004162819,0.027163079,0.944259354,0.153252835,0.929323308
258,OK,,140,16.9328526,136,123.6,136,53.1934612,1.7117122,0.89408893,0.005287143,0.02104182,0.951012755,0.251268313,0.908823529
259,OK,,140,16.9328526,139,123.6,139,54.3668464,1.25851453,1.15632607,0.006794223,0.015390772,0.955582478,0.441447841,0.889208633
260,OK,,140,16.9328526,142,123.6,142,55.5402315,0.845933803,1.50910936,0.008806683,0.010282949,0.957597527,0.856435574,0.870422535
261,OK,,140,16.9328526,145,123.6,145,56.7136167,0.49689917,1.97611114,0.011448099,0.005996482,0.95639477,1.90913579,0.852413793
262,OK,,140,16.9328526,148,123.6,148,57.8870019,0.219705135,2.61851187,0.015049463,0.002628544,0.950969701,5.72539828,0.835135135
263,OK,,140,16.9328526,151,123.6,151,59.0603871,0.051233161,3.47680328,0.019808844,0.000606458,0.940263913,32.6632029,0.818543046
264,OK,,140,16.9328526,154,123.6,154,60.2337722,0.001955163,4.56604731,0.025768524,2.29E-05,0.924162105,1127.71527,0.802597403
265,OK,,140,16.9328526,157,123.6,157,61.4071574,0.000929179,5.75604495,0.032164897,1.07E-05,0.906249135,3002.34552,0.787261146
266,OK,,140,16.9328526,160,123.6,160,62.5805426,0.000874883,6.9423064,0.038410376,9.95E-06,0.889052076,3859.44868,0.7725
267,OK,,140,17.4219,121,123.6,121,47.3265353,4.43021027,0.266859982,0.001616773,0.055256111,0.900751868,0.029259618,1.0214876
268,OK,,140,17.4219,124,123.6,124,48.4999205,3.87402435,0.335621992,0.002023636,0.04819073,0.913203026,0.041992221,0.996774194
269,OK,,140,17.4219,127,123.6,127,49.6733057,3.33285479,0.422185827,0.002532697,0.041332355,0.92440526,0.061276368,0.973228346
270,OK,,140,17.4219,130,123.6,130,50.8466908,2.80738287,0.533274659,0.003182048,0.034695235,0.934299411,0.091714253,0.950769231
271,OK,,140,17.4219,133,123.6,133,52.020076,2.29356827,0.680605722,0.004037579,0.028234216,0.94282642,0.143003058,0.929323308
272,OK,,140,17.4219,136,123.6,136,53.1934612,1.80325849,0.866222629,0.005108203,0.022101869,0.949815615,0.231120867,0.908823529
273,OK,,140,17.4219,139,123.6,139,54.3668464,1.34285642,1.11739425,0.006547856,0.016376451,0.954747225,0.3998336,0.889208633
274,OK,,140,17.4219,142,123.6,142,55.5402315,0.921809702,1.45345542,0.008459969,0.011176157,0.957233431,0.756965818,0.870422535
275,OK,,140,17.4219,145,123.6,145,56.7136167,0.55926293,1.89923213,0.010975493,0.006733485,0.956650709,1.62998706,0.852413793
276,OK,,140,17.4219,148,123.6,148,57.8870019,0.270692969,2.50326049,0.014353771,0.003231883,0.952079856,4.44130337,0.835135135
277,OK,,140,17.4219,151,123.6,151,59.0603871,0.079751807,3.29470292,0.018732344,0.000942532,0.942864331,19.8744811,0.818543046
278,OK,,140,17.4219,154,123.6,154,60.2337722,0.004967586,4.35110346,0.024508174,5.80E-05,0.927680587,422.618487,0.802597403
279,OK,,140,17.4219,157,123.6,157,61.4071574,0.001060895,5.5431571,0.030916864,1.22E-05,0.909713815,2530.23085,0.787261146
280,OK,,140,17.4219,160,123.6,160,62.5805426,0.000572531,6.73229389,0.037177782,6.51E-06,0.892412783,5714.8803,0.7725
281,OK,,145.263158,8.13,121,123.6,121,47.3265353,2.48283573,0.34130148,0.002192716,0.03301651,0.940326559,0.066412728,1.0214876
282,OK,,145.263158,8.13,124,123.6,124,48.4999205,1.95878209,0.456100835,0.002913528,0.02595099,0.950208518,0.112270416,0.996774194
283,OK,,145.263158,8.13,127,123.6,127,49.6733057,1.45811622,0.623914399,0.00396118,0.019234362,0.958085523,0.205942888,0.973228346
284,OK,,145.263158,8.13,130,123.6,130,50.8466908,0.998174808,0.867543868,0.005471741,0.013097902,0.963306979,0.417757067,0.950769231
285,OK,,145.263158,8.13,133,123.6,133,52.020076,0.587760428,1.21466528,0.00760659,0.007663447,0.965351344,0.992580807,0.929323308
286,OK,,145.263158,8.13,136,123.6,136,53.1934612,0.259896126,1.74111179,0.010817497,0.003361195,0.962382446,3.2183485,0.908823529
287,OK,,145.263158,8.13,139,123.6,139,54.3668464,0.047427174,2.56962904,0.015817201,0.000606562,0.951863012,26.0767955,0.889208633
288,OK,,145.263158,8.13,142,123.6,142,55.5402315,0.002555805,3.5973817,0.021931553,3.23E-05,0.935183246,679.803968,0.870422535
289,OK,,145.263158,8.13,145,123.6,145,56.7136167,0.00105998,4.79450597,0.028925599,1.32E-05,0.915442424,2193.25721,0.852413793
290,OK,,145.263158,8.13,148,123.6,148,57.8870019,0.000506927,5.98039445,0.035700873,6.22E-06,0.896679718,5742.4749,0.835135135
291,OK,,145.263158,8.13,151,123.6,151,59.0603871,0.000309907,7.17537206,0.042378556,3.75E-06,0.878502625,11311.4964,0.818543046
292,OK,,145.263158,8.13,154,123.6,154,60.2337722,0.00018531,8.3868938,0.04899745,2.21E-06,0.860757864,22190.1014,0.802597403
293,OK,,145.263158,8.13,157,123.6,157,61.4071574,0.000114106,9.64888895,0.055729257,1.34E-06,0.84286843,41613.9512,0.787261146
294,OK,,145.263158,8.13,160,123.6,160,62.5805426,0.00E+00,10.7865851,0.061669212,0.00E+00,0.827636759,0,0.7725
295,OK,,145.263158,8.61904737,121,123.6,121,47.3265353,2.58597613,0.329859544,0.002112603,0.034269222,0.938388989,0.061647249,1.0214876
296,OK,,145.263158,8.61904737,124,123.6,124,48.4999205,2.05465446,0.439747707,0.002800519,0.027131573,0.948568943,0.103219935,0.996774194
297,OK,,145.263158,8.61904737,127,123.6,127,49.6733057,1.55070295,0.598437448,0.003788149,0.020390365,0.9567345,0.185781306,0.973228346
298,OK,,145.263158,8.61904737,130,123.6,130,50.8466908,1.08242811,0.828763067,0.005212125,0.01416087,0.962412673,0.368065296,0.950769231
299,OK,,145.263158,8.61904737,133,123.6,133,52.020076,0.654450669,1.15985332,0.007243225,0.008510287,0.965123004,0.851114058,0.929323308
300,OK,,145.263158,8.61904737,136,123.6,136,53.1934612,0.31557531,1.64455779,0.01019121,0.004071648,0.963150864,2.5029692,0.908823529
301,OK,,145.263158,8.61904737,139,123.6,139,54.3668464,0.084850625,2.34848837,0.014428656,0.001083833,0.955242226,13.3126186,0.889208633
302,OK,,145.263158,8.61904737,142,123.6,142,55.5402315,0.003716311,3.40491589,0.020709202,4.68E-05,0.938627692,442.210308,0.870422535
303,OK,,145.263158,8.61904737,145,123.6,145,56.7136167,0.001446715,4.57269071,0.027531468,1.80E-05,0.919346752,1531.27723,0.852413793
304,OK,,145.263158,8.61904737,148,123.6,148,57.8870019,0.000641156,5.76547671,0.034349294,7.85E-06,0.90039011,4373.31076,0.835135135
305,OK,,145.263158,8.61904737,151,123.6,151,59.0603871,0.000345452,7.0055927,0.041279766,4.17E-06,0.881376698,9901.4338,0.818543046
306,OK,,145.263158,8.61904737,154,123.6,154,60.2337722,0.000209995,8.17734195,0.047686572,2.50E-06,0.86423643,19074.1922,0.802597403
307,OK,,145.263158,8.61904737,157,123.6,157,61.4071574,0.000133813,9.36297321,0.05401857,1.57E-06,0.847524174,34388.4251,0.787261146
308,OK,,145.263158,8.61904737,160,123.6,160,62.5805426,8.72E-05,10.593715,0.060454711,1.01E-06,0.830717316,59890.7626,0.7725
309,OK,,145.263158,9.10809474,121,123.6,121,47.3265353,2.68175211,0.320160927,0.002044137,0.035420526,0.936570192,0.057710523,1.0214876
310,OK,,145.263158,9.10809474,124,123.6,124,48.4999205,2.14853683,0.424928524,0.002697919,0.028278989,0.946938772,0.095403675,0.996774194
311,OK,,145.263158,9.10809474,127,123.6,127,49.6733057,1.63857214,0.576408312,0.003637884,0.021478771,0.955409039,0.169371162,0.973228346
312,OK,,145.263158,9.10809474,130,123.6,130,50.8466908,1.16744639,0.793100778,0.004973469,0.015227076,0.961441991,0.326620104,0.950769231
313,OK,,145.263158,9.10809474,133,123.6,133,52.020076,0.736367089,1.09788349,0.006837379,0.009547971,0.964739564,0.716108001,0.929323308
314,OK,,145.263158,9.10809474,136,123.6,136,53.1934612,0.376256694,1.55413017,0.009605718,0.004842645,0.963710072,1.98356835,0.908823529
315,OK,,145.263158,9.10809474,139,123.6,139,54.3668464,0.117291453,2.22035641,0.013608384,0.001495381,0.957002327,9.10027674,0.889208633
316,OK,,145.263158,9.10809474,142,123.6,142,55.5402315,0.009559991,3.18769132,0.019351612,0.000120378,0.942433598,160.756571,0.870422535
317,OK,,145.263158,9.10809474,145,123.6,145,56.7136167,0.001954338,4.35742618,0.026181592,2.43E-05,0.923133442,1079.2303,0.852413793
318,OK,,145.263158,9.10809474,148,123.6,148,57.8870019,0.000572902,5.5538896,0.033022081,7.01E-06,0.904046464,4710.60376,0.835135135
319,OK,,145.263158,9.10809474,151,123.6,151,59.0603871,0.00042362,6.68559636,0.039340237,5.11E-06,0.886793495,7697.90457,0.818543046
320,OK,,145.263158,9.10809474,154,123.6,154,60.2337722,0.00023928,7.96032996,0.046333499,2.85E-06,0.867838773,16282.0523,0.802597403
321,OK,,145.263158,9.10809474,157,123.6,157,61.4071574,0.000149874,9.16198957,0.052758793,1.76E-06,0.850796881,30019.4814,0.787261146
322,OK,,145.263158,9.10809474,160,123.6,160,62.5805426,9.94E-05,10.3439317,0.05893087,1.15E-06,0.83470851,51270.2715,0.7725
323,OK,,145.263158,9.59714211,121,123.6,121,47.3265353,2.77905828,0.310830236,0.001978425,0.036583632,0.934711289,0.054079507,1.0214876
324,OK,,145.263158,9.59714211,124,123.6,124,48.4999205,2.24804081,0.410035519,0.002595435,0.029489926,0.945194213,0.088010916,0.996774194
325,OK,,145.263158,9.59714211,127,123.6,127,49.6733057,1.7355509,0.553360828,0.003482033,0.022675934,0.953920688,0.153556304,0.973228346
326,OK,,145.263158,9.59714211,130,123.6,130,50.8466908,1.252803,0.760339468,0.004754283,0.01629126,0.960407601,0.291830302,0.950769231
327,OK,,145.263158,9.59714211,133,123.6,133,52.020076,0.813937414,1.04606066,0.006496558,0.010524046,0.964244611,0.617306137,0.929323308
328,OK,,145.263158,9.59714211,136,123.6,136,53.1934612,0.438246128,1.47422838,0.009087885,0.005626505,0.964046812,1.61519172,0.908823529
329,OK,,145.263158,9.59714211,139,123.6,139,54.3668464,0.157508671,2.09253465,0.012793823,0.002004081,0.958613687,6.38388395,0.889208633
330,OK,,145.263158,9.59714211,142,123.6,142,55.5402315,0.019588141,2.99779064,0.018159109,0.000246309,0.945672197,73.7249711,0.870422535
331,OK,,145.263158,9.59714211,145,123.6,145,56.7136167,0.001688325,4.21872234,0.025274003,2.09E-05,0.925583821,1209.33477,0.852413793
332,OK,,145.263158,9.59714211,148,123.6,148,57.8870019,0.000861356,5.34795803,0.031733477,1.05E-05,0.907598956,3014.26183,0.835135135
333,OK,,145.263158,9.59714211,151,123.6,151,59.0603871,0.000446456,6.5381548,0.038389979,5.38E-06,0.889289563,7136.22615,0.818543046
334,OK,,145.263158,9.59714211,154,123.6,154,60.2337722,2.19E-04,7.86416825,0.045669885,2.60E-06,0.869435587,17568.171,0.802597403
335,OK,,145.263158,9.59714211,157,123.6,157,61.4071574,0.000170092,8.93842623,0.051377941,1.99E-06,0.854437224,25785.2674,0.787261146
336,OK,,145.263158,9.59714211,160,123.6,160,62.5805426,0.000109518,10.1652344,0.057801838,1.27E-06,0.837563826,45688.748,0.7725
337,OK,,145.263158,10.0861895,121,123.6,121,47.3265353,2.8793336,0.301686303,0.001914275,0.037775727,0.932785701,0.050674736,1.0214876
338,OK,,145.263158,10.0861895,124,123.6,124,48.4999205,2.34327897,0.396922482,0.002504808,0.030639207,0.943500908,0.081751733,0.996774194
339,OK,,145.263158,10.0861895,127,123.6,127,49.6733057,1.83067689,0.532335395,0.003339742,0.023841016,0.95242893,0.140083892,0.973228346
340,OK,,145.263158,10.0861895,130,123.6,130,50.8466908,1.34784074,0.726283807,0.00452818,0.017471476,0.959208269,0.259175578,0.950769231
341,OK,,145.263158,10.0861895,133,123.6,133,52.020076,0.889054618,1.00104867,0.00619969,0.011463359,0.963665888,0.540826681,0.929323308
342,OK,,145.263158,10.0861895,136,123.6,136,53.1934612,0.50584504,1.39743445,0.008591677,0.006477637,0.964219672,1.32635962,0.908823529
343,OK,,145.263158,10.0861895,139,123.6,139,54.3668464,0.202336134,1.97635593,0.012053701,0.002569027,0.959926091,4.69193201,0.889208633
344,OK,,145.263158,10.0861895,142,123.6,142,55.5402315,0.036243035,2.81744522,0.017028871,0.000455043,0.948619439,37.4225921,0.870422535
345,OK,,145.263158,10.0861895,145,123.6,145,56.7136167,0.002510764,3.92316675,0.023475963,3.11E-05,0.930780688,754.996464,0.852413793
346,OK,,145.263158,10.0861895,148,123.6,148,57.8870019,0.001147695,5.12908716,0.030374125,1.40E-05,0.911375012,2167.77791,0.835135135
347,OK,,145.263158,10.0861895,151,123.6,151,59.0603871,0.000550027,6.33419637,0.037118688,6.62E-06,0.892741197,5606.88413,0.818543046
348,OK,,145.263158,10.0861895,154,123.6,154,60.2337722,0.000313042,7.52009491,0.043606754,3.72E-06,0.875146323,11737.8621,0.802597403
349,OK,,145.263158,10.0861895,157,123.6,157,61.4071574,0.000190398,8.74157211,0.050150815,2.23E-06,0.857642612,22508.9839,0.787261146
350,OK,,145.263158,10.0861895,160,123.6,160,62.5805426,0.000123474,9.94159783,0.056430311,1.42E-06,0.841137183,39602.1388,0.7725
351,OK,,145.263158,10.5752368,121,123.6,121,47.3265353,2.97819947,0.293246743,0.001854971,0.038942147,0.930875012,0.04763403,1.0214876
352,OK,,145.263158,10.5752368,124,123.6,124,48.4999205,2.44189578,0.384072905,0.002416351,0.031822948,0.941732509,0.075931081,0.996774194
353,OK,,145.263158,10.5752368,127,123.6,127,49.6733057,1.92398285,0.513494308,0.00321199,0.024977238,0.950929838,0.128596702,0.973228346
354,OK,,145.263158,10.5752368,130,123.6,130,50.8466908,1.43413636,0.698522823,0.004342503,0.018533943,0.95805707,0.234300023,0.950769231
355,OK,,145.263158,10.5752368,133,123.6,133,52.020076,0.976590495,0.952395912,0.005881866,0.012554383,0.962918424,0.468510954,0.929323308
356,OK,,145.263158,10.5752368,136,123.6,136,53.1934612,0.574461958,1.32883428,0.0081481,0.00733716,0.964219357,1.11052505,0.908823529
357,OK,,145.263158,10.5752368,139,123.6,139,54.3668464,0.255155329,1.86181656,0.01132695,0.00323239,0.961061345,3.50420263,0.889208633
358,OK,,145.263158,10.5752368,142,123.6,142,55.5402315,0.058929873,2.65275953,0.015997184,0.00073867,0.951176124,21.6567516,0.870422535
359,OK,,145.263158,10.5752368,145,123.6,145,56.7136167,0.002709234,3.72882497,0.022265874,3.35E-05,0.93420391,664.417714,0.852413793
360,OK,,145.263158,10.5752368,148,123.6,148,57.8870019,0.001015692,4.96623905,0.029336133,1.24E-05,0.914190499,2370.57057,0.835135135
361,OK,,145.263158,10.5752368,151,123.6,151,59.0603871,0.00062404,6.10804887,0.035724701,7.50E-06,0.896569034,4761.48224,0.818543046
362,OK,,145.263158,10.5752368,154,123.6,154,60.2337722,0.000354875,7.31964809,0.042361839,4.21E-06,0.878473443,10069.5921,0.802597403
363,OK,,145.263158,10.5752368,157,123.6,157,61.4071574,0.000216579,8.5178743,0.048778273,2.53E-06,0.861285048,19266.2429,0.787261146
364,OK,,145.263158,10.5752368,160,123.6,160,62.5805426,0.000137227,9.74691489,0.055222057,1.58E-06,0.844247881,34906.7183,0.7725
365,OK,,145.263158,11.0642842,121,123.6,121,47.3265353,3.07865709,0.285112402,0.001797938,0.040120145,0.928924239,0.044813855,1.0214876
366,OK,,145.263158,11.0642842,124,123.6,124,48.4999205,2.53793039,0.372454745,0.002336149,0.03296665,0.939991961,0.070864002,0.996774194
367,OK,,145.263158,11.0642842,127,123.6,127,49.6733057,2.01900473,0.495577801,0.003090697,0.026126676,0.949377588,0.118296613,0.973228346
368,OK,,145.263158,11.0642842,130,123.6,130,50.8466908,1.52306654,0.671945173,0.004165172,0.019622895,0.956830785,0.212260816,0.950769231
369,OK,,145.263158,11.0642842,133,123.6,133,52.020076,1.05688375,0.912523511,0.00561981,0.013547592,0.9621414,0.414819858,0.929323308
370,OK,,145.263158,11.0642842,136,123.6,136,53.1934612,0.647337913,1.26376862,0.007728325,0.008245779,0.964072529,0.937246192,0.908823529
371,OK,,145.263158,11.0642842,139,123.6,139,54.3668464,0.308403317,1.76490549,0.010710212,0.003898069,0.961864464,2.74756848,0.889208633
372,OK,,145.263158,11.0642842,142,123.6,142,55.5402315,0.088199854,2.49812359,0.015030008,0.001103609,0.953433333,13.6189656,0.870422535
373,Errors,,145.263158,11.0642842,145,123.6,145,56.7136167,0.001275089,5.7076051,0.033687948,1.56E-05,0.899338457,2164.66343,0.852413793
374,OK,,145.263158,11.0642842,148,123.6,148,57.8870019,0.001332254,4.77167102,0.028124529,1.62E-05,0.9175462,1735.24701,0.835135135
375,OK,,145.263158,11.0642842,151,123.6,151,59.0603871,0.000717235,5.91319183,0.034515263,8.61E-06,0.899866741,4007.09063,0.818543046
376,OK,,145.263158,11.0642842,154,123.6,154,60.2337722,0.000389569,7.11050643,0.041072294,4.61E-06,0.881945033,8903.2404,0.802597403
377,OK,,145.263158,11.0642842,157,123.6,157,61.4071574,0.000244662,8.30822809,0.04748872,2.86E-06,0.864698626,16621.4212,0.787261146
378,OK,,145.263158,11.0642842,160,123.6,160,62.5805426,0.000153087,9.54631348,0.053982844,1.76E-06,0.847453119,30622.5633,0.7725
379,OK,,145.263158,11.5533316,121,123.6,121,47.3265353,3.17654728,0.27770576,0.001745838,0.041258899,0.927012341,0.042314209,1.0214876
380,OK,,145.263158,11.5533316,124,123.6,124,48.4999205,2.63653509,0.361146605,0.002258348,0.034134689,0.938192029,0.066159899,0.996774194
381,OK,,145.263158,11.5533316,127,123.6,127,49.6733057,2.11584074,0.478474994,0.002975156,0.027291315,0.947772436,0.109014754,0.973228346
382,OK,,145.263158,11.5533316,130,123.6,130,50.8466908,1.61399668,0.646698752,0.003997051,0.020730166,0.955538986,0.192813275,0.950769231
383,OK,,145.263158,11.5533316,133,123.6,133,52.020076,1.1466054,0.87110157,0.005349609,0.014653256,0.961212918,0.365079904,0.929323308
384,OK,,145.263158,11.5533316,136,123.6,136,53.1934612,0.722606116,1.20365356,0.007340848,0.009179521,0.963787661,0.79969839,0.908823529
385,OK,,145.263158,11.5533316,139,123.6,139,54.3668464,0.365760139,1.67487871,0.010137924,0.004612098,0.962465381,2.19811529,0.889208633
386,OK,,145.263158,11.5533316,142,123.6,142,55.5402315,0.12136365,2.36368012,0.014187615,0.001515765,0.955256871,9.36003558,0.870422535
387,OK,,145.263158,11.5533316,145,123.6,145,56.7136167,0.011123274,3.31124084,0.019689931,0.000137242,0.941418582,143.469086,0.852413793
388,OK,,145.263158,11.5533316,148,123.6,148,57.8870019,0.001756107,4.49623804,0.026465323,2.14E-05,0.922296992,1238.67722,0.835135135
389,OK,,145.263158,11.5533316,151,123.6,151,59.0603871,0.000555,5.68719216,0.033132103,6.66E-06,0.903696074,4976.32192,0.818543046
390,OK,,145.263158,11.5533316,154,123.6,154,60.2337722,0.000465133,6.89340527,0.039742559,5.50E-06,0.885548088,7223.1634,0.802597403
391,OK,,145.263158,11.5533316,157,123.6,157,61.4071574,0.000276678,8.09900279,0.0462059,3.23E-06,0.868105286,14316.0481,0.787261146
392,OK,,145.263158,11.5533316,160,123.6,160,62.5805426,0.000174561,9.30628856,0.052537122,2.01E-06,0.851288232,26159.3858,0.7725
393,OK,,145.263158,12.0423789,121,123.6,121,47.3265353,3.27856102,0.270285885,0.001693942,0.04243995,0.925013592,0.039913853,1.0214876
394,OK,,145.263158,12.0423789,124,123.6,124,48.4999205,2.73651415,0.35033188,0.002184067,0.035311562,0.936353586,0.06185132,0.996774194
395,OK,,145.263158,12.0423789,127,123.6,127,49.6733057,2.20992483,0.463105166,0.00287103,0.028414149,0.946187797,0.101042277,0.973228346
396,OK,,145.263158,12.0423789,130,123.6,130,50.8466908,1.70592118,0.623025875,0.003839548,0.021842714,0.954196684,0.175781645,0.950769231
397,OK,,145.263158,12.0423789,133,123.6,133,52.020076,1.22616968,0.838333725,0.005133879,0.015625331,0.960313334,0.328561272,0.929323308
398,OK,,145.263158,12.0423789,136,123.6,136,53.1934612,0.797467163,1.15010593,0.006995237,0.010102941,0.963386983,0.692396119,0.908823529
399,OK,,145.263158,12.0423789,139,123.6,139,54.3668464,0.427945868,1.58943954,0.009596109,0.005383203,0.962893095,1.78260201,0.889208633
400,OK,,145.263158,12.0423789,142,123.6,142,55.5402315,0.163458458,2.22616226,0.013330624,0.002037419,0.956974959,6.54289756,0.870422535
401,OK,,145.263158,12.0423789,145,123.6,145,56.7136167,0.021270655,3.1313594,0.018580112,0.000262087,0.944411409,70.8929234,0.852413793
402,OK,,145.263158,12.0423789,148,123.6,148,57.8870019,0.002267825,4.28052423,0.02514485,2.76E-05,0.926014616,912.374031,0.835135135
403,OK,,145.263158,12.0423789,151,123.6,151,59.0603871,0.000997278,5.45636361,0.031726972,1.20E-05,0.907596933,2654.76309,0.818543046
404,OK,,145.263158,12.0423789,154,123.6,154,60.2337722,0.000540096,6.65660945,0.038306557,6.38E-06,0.889478123,6002.09887,0.802597403
405,OK,,145.263158,12.0423789,157,123.6,157,61.4071574,0.000313491,7.88491691,0.044900769,3.65E-06,0.871591021,12290.969,0.787261146
406,OK,,145.263158,12.0423789,160,123.6,160,62.5805426,0.000197165,9.08595959,0.051201098,2.27E-06,0.854808597,22594.2135,0.7725
407,OK,,145.263158,12.5314263,121,123.6,121,47.3265353,3.37992491,0.263325754,0.001645242,0.043605662,0.92301886,0.037729998,1.0214876
408,OK,,145.263158,12.5314263,124,123.6,124,48.4999205,2.83422523,0.340460328,0.002116108,0.036453352,0.934542459,0.058049764,0.996774194
409,OK,,145.263158,12.5314263,127,123.6,127,49.6733057,2.30610672,0.448282633,0.002770896,0.029555823,0.944549908,0.093751272,0.973228346
410,OK,,145.263158,12.5314263,130,123.6,130,50.8466908,1.80055813,0.600251615,0.003688452,0.022982122,0.952783363,0.160492237,0.950769231
411,OK,,145.263158,12.5314263,133,123.6,133,52.020076,1.31520062,0.803794851,0.004908476,0.016709613,0.959265814,0.293751622,0.929323308
412,OK,,145.263158,12.5314263,136,123.6,136,53.1934612,0.876996752,1.09827249,0.006661816,0.011079542,0.962866315,0.601271735,0.908823529
413,OK,,145.263158,12.5314263,139,123.6,139,54.3668464,0.495617131,1.50763401,0.009078735,0.006218763,0.963153074,1.45989413,0.889208633
414,OK,,145.263158,12.5314263,142,123.6,142,55.5402315,0.204350172,2.11783804,0.012651146,0.002542016,0.958189079,4.97681542,0.870422535
415,OK,,145.263158,12.5314263,145,123.6,145,56.7136167,0.037570576,2.95530996,0.017497255,0.000462241,0.947228184,37.8530814,0.852413793
416,OK,,145.263158,12.5314263,148,123.6,148,57.8870019,0.00284927,4.07871267,0.023910259,3.46E-05,0.929490874,691.335249,0.835135135
417,OK,,145.263158,12.5314263,151,123.6,151,59.0603871,0.000966296,5.27460966,0.030606448,1.16E-05,0.910674883,2646.25345,0.818543046
418,OK,,145.263158,12.5314263,154,123.6,154,60.2337722,0.000595859,6.5051833,0.037345629,7.03E-06,0.891991172,5313.87092,0.802597403
419,OK,,145.263158,12.5314263,157,123.6,157,61.4071574,0.000358654,7.66283494,0.04355576,4.18E-06,0.875206834,10432.2137,0.787261146
420,OK,,145.263158,12.5314263,160,123.6,160,62.5805426,0.000221908,8.87351749,0.049912913,2.55E-06,0.858202901,19589.7882,0.7725
421,OK,,145.263158,13.0204737,121,123.6,121,47.3265353,3.48258733,0.256622721,0.001598423,0.044778765,0.920991257,0.035696006,1.0214876
422,OK,,145.263158,13.0204737,124,123.6,124,48.4999205,2.9342406,0.330860852,0.002050217,0.037615337,0.93267821,0.054504812,0.996774194
423,OK,,145.263158,13.0204737,127,123.6,127,49.6733057,2.40257273,0.43435813,0.002676848,0.030693624,0.942888221,0.087211857,0.973228346
424,OK,,145.263158,13.0204737,130,123.6,130,50.8466908,1.89348008,0.579592375,0.003551159,0.024093016,0.951362175,0.147393709,0.950769231
425,OK,,145.263158,13.0204737,133,123.6,133,52.020076,1.40293668,0.772322738,0.004702957,0.017771172,0.958184232,0.264639664,0.929323308
426,OK,,145.263158,13.0204737,136,123.6,136,53.1934612,0.959274911,1.04955768,0.006348936,0.012084607,0.962235347,0.525373817,0.908823529
427,OK,,145.263158,13.0204737,139,123.6,139,54.3668464,0.5656474,1.43308289,0.008607336,0.007079237,0.963236229,1.21585653,0.889208633
428,OK,,145.263158,13.0204737,142,123.6,142,55.5402315,0.256880594,1.99894399,0.011912019,0.003188473,0.959383954,3.73596396,0.870422535
429,OK,,145.263158,13.0204737,145,123.6,145,56.7136167,0.059448951,2.79458493,0.016508747,0.000730247,0.949676391,22.6070611,0.852413793
430,OK,,145.263158,13.0204737,148,123.6,148,57.8870019,0.003353424,3.86526945,0.022613178,4.07E-05,0.933169403,556.176836,0.835135135
431,OK,,145.263158,13.0204737,151,123.6,151,59.0603871,0.001288219,5.0523707,0.029259775,1.54E-05,0.914432343,1899.73207,0.818543046
432,OK,,145.263158,13.0204737,154,123.6,154,60.2337722,0.000687894,6.25067621,0.035830329,8.11E-06,0.896214966,4417.59504,0.802597403
433,OK,,145.263158,13.0204737,157,123.6,157,61.4071574,0.000407285,7.45250394,0.042280488,4.74E-06,0.878631229,8927.03099,0.787261146
434,OK,,145.263158,13.0204737,160,123.6,160,62.5805426,0.000253586,8.64296188,0.048527763,2.91E-06,0.861886537,16684.039,0.7725
435,OK,,145.263158,13.5095211,121,123.6,121,47.3265353,3.58037041,0.250709925,0.001556811,0.045885272,0.919050057,0.033928347,1.0214876
436,OK,,145.263158,13.5095211,124,123.6,124,48.4999205,3.03477762,0.32476948,0.002006369,0.03877571,0.930730874,0.051742945,0.996774194
437,OK,,145.263158,13.5095211,127,123.6,127,49.6733057,2.49602216,0.421829539,0.002591939,0.031787133,0.94125916,0.081540514,0.973228346
438,OK,,145.263158,13.5095211,130,123.6,130,50.8466908,1.98595712,0.560462641,0.003423979,0.025191426,0.949919656,0.135918411,0.950769231
439,OK,,145.263158,13.5095211,133,123.6,133,52.020076,1.49445198,0.742201368,0.004506725,0.018872797,0.957004035,0.23879474,0.929323308
440,OK,,145.263158,13.5095211,136,123.6,136,53.1934612,1.04025796,1.00614534,0.006069652,0.013067873,0.961529044,0.464471275,0.908823529
441,OK,,145.263158,13.5095211,139,123.6,139,54.3668464,0.632951006,1.369868,0.008206056,0.007901498,0.963161023,1.0385443,0.889208633
442,OK,,145.263158,13.5095211,142,123.6,142,55.5402315,0.30979264,1.89823519,0.011283974,0.00383671,0.960244533,2.9410551,0.870422535
443,OK,,145.263158,13.5095211,145,123.6,145,56.7136167,0.089383716,2.6323191,0.015515392,0.001096053,0.952009712,14.1556961,0.852413793
444,OK,,145.263158,13.5095211,148,123.6,148,57.8870019,0.005657628,3.65577045,0.021343965,6.85E-05,0.936748701,311.52902,0.835135135
445,OK,,145.263158,13.5095211,151,123.6,151,59.0603871,0.001502855,4.83301991,0.027930235,1.79E-05,0.918142718,1556.30708,0.818543046
446,OK,,145.263158,13.5095211,154,123.6,154,60.2337722,0.000881033,6.04582911,0.034584597,1.04E-05,0.899612627,3333.15044,0.802597403
447,OK,,145.263158,13.5095211,157,123.6,157,61.4071574,0.000455703,7.24126966,0.041001871,5.29E-06,0.882070337,7745.8105,0.787261146
448,OK,,145.263158,13.5095211,160,123.6,160,62.5805426,0.000529745,8.43242421,0.047258949,6.07E-06,0.865246391,7785.76016,0.7725
449,OK,,145.263158,13.9985684,121,123.6,121,47.3265353,3.67362326,0.244642001,0.001514511,0.046930592,0.917207857,0.032271288,1.0214876
450,OK,,145.263158,13.9985684,124,123.6,124,48.4999205,3.12997842,0.316753187,0.001950961,0.039864401,0.928933252,0.04893994,0.996774194
451,OK,,145.263158,13.9985684,127,123.6,127,49.6733057,2.59673186,0.408805991,0.002504449,0.032961782,0.939493903,0.075980399,0.973228346
452,OK,,145.263158,13.9985684,130,123.6,130,50.8466908,2.08028783,0.542136889,0.003302403,0.026305661,0.948424869,0.125539625,0.950769231
453,OK,,145.263158,13.9985684,133,123.6,133,52.020076,1.5874856,0.713847626,0.004322259,0.019986319,0.955760672,0.216260887,0.929323308
454,OK,,145.263158,13.9985684,136,123.6,136,53.1934612,1.12370519,0.965066779,0.005805857,0.014075873,0.960732543,0.412468702,0.908823529
455,OK,,145.263158,13.9985684,139,123.6,139,54.3668464,0.711952248,1.30206949,0.007779404,0.008863558,0.962954965,0.877684167,0.889208633
456,OK,,145.263158,13.9985684,142,123.6,142,55.5402315,0.366180779,1.80626115,0.010708709,0.004522902,0.960885256,2.36766336,0.870422535
457,OK,,145.263158,13.9985684,145,123.6,145,56.7136167,0.122155897,2.49627617,0.0146796,0.001495214,0.953830628,9.81772514,0.852413793
458,OK,,145.263158,13.9985684,148,123.6,148,57.8870019,0.011895725,3.46182856,0.02016406,0.000143828,0.93999129,140.19565,0.835135135
459,OK,,145.263158,13.9985684,151,123.6,151,59.0603871,0.001978229,4.61451028,0.026615413,2.36E-05,0.921834435,1127.91175,0.818543046
460,OK,,145.263158,13.9985684,154,123.6,154,60.2337722,0.000941474,5.82973292,0.033284763,1.11E-05,0.903199249,3005.17678,0.802597403
461,OK,,145.263158,13.9985684,157,123.6,157,61.4071574,0.000540608,7.03446629,0.039755283,6.27E-06,0.885436695,6337.5913,0.787261146
462,OK,,145.263158,13.9985684,160,123.6,160,62.5805426,0.000319577,8.23573185,0.046070175,3.66E-06,0.868392777,12594.4803,0.7725
463,OK,,145.263158,14.4876158,121,123.6,121,47.3265353,3.77662324,0.2388486,0.001474111,0.048084793,0.915153902,0.030656486,1.0214876
464,OK,,145.263158,14.4876158,124,123.6,124,48.4999205,3.23578069,0.307952545,0.001891007,0.041072856,0.926933215,0.046040312,0.996774194
465,OK,,145.263158,14.4876158,127,123.6,127,49.6733057,2.6952839,0.396925802,0.002424456,0.034102577,0.937749065,0.071093042,0.973228346
466,OK,,145.263158,14.4876158,130,123.6,130,50.8466908,2.17865134,0.524080289,0.003183116,0.027461706,0.946845476,0.11591109,0.950769231
467,OK,,145.263158,14.4876158,133,123.6,133,52.020076,1.67425362,0.689769156,0.004164641,0.021016492,0.954555569,0.198160611,0.929323308
468,Errors,,145.263158,14.4876158,136,123.6,136,53.1934612,1.17759608,0.943320077,0.005656314,0.014727851,0.960128254,0.384055647,0.908823529
469,OK,,145.263158,14.4876158,139,123.6,139,54.3668464,0.784021807,1.24748312,0.007433523,0.009735294,0.962633387,0.763564356,0.889208633
470,OK,,145.263158,14.4876158,142,123.6,142,55.5402315,0.420743071,1.72739246,0.010217016,0.005187179,0.961322892,1.9696673,0.870422535
471,OK,,145.263158,14.4876158,145,123.6,145,56.7136167,0.16240481,2.36509212,0.013872684,0.001983757,0.955434037,6.99313714,0.852413793
472,OK,,145.263158,14.4876158,148,123.6,148,57.8870019,0.023461535,3.26654808,0.018988644,0.000283339,0.943164968,67.0172864,0.835135135
473,OK,,145.263158,14.4876158,151,123.6,151,59.0603871,0.002405753,4.42627761,0.0254777,2.87E-05,0.925014319,888.851251,0.818543046
474,OK,,145.263158,14.4876158,154,123.6,154,60.2337722,0.000989813,5.61180218,0.031979334,1.16E-05,0.906816529,2749.27725,0.802597403
475,OK,,145.263158,14.4876158,157,123.6,157,61.4071574,0.000505848,6.80615163,0.038394862,5.86E-06,0.889155308,6548.00465,0.787261146
476,OK,,145.263158,14.4876158,160,123.6,160,62.5805426,0.000378111,8.00798536,0.04471613,4.32E-06,0.872031096,10342.336,0.7725
477,OK,,145.263158,14.9766632,121,123.6,121,47.3265353,3.88679762,0.232779981,0.00143223,0.049316027,0.912954169,0.029041874,1.0214876
478,OK,,145.263158,14.9766632,124,123.6,124,48.4999205,3.33213219,0.300671469,0.001840754,0.042160573,0.925096709,0.043660551,0.996774194
479,OK,,145.263158,14.9766632,127,123.6,127,49.6733057,2.78855163,0.386545361,0.002354085,0.035172595,0.936080417,0.066929528,0.973228346
480,OK,,145.263158,14.9766632,130,123.6,130,50.8466908,2.25502637,0.512022979,0.003100964,0.028344841,0.945580542,0.109401343,0.950769231
481,OK,,145.263158,14.9766632,133,123.6,133,52.020076,1.76811464,0.665063007,0.004004064,0.022126639,0.95322618,0.180961225,0.929323308
482,OK,,145.263158,14.9766632,136,123.6,136,53.1934612,1.29552221,0.890474676,0.005327624,0.016134344,0.958904782,0.330203926,0.908823529
483,OK,,145.263158,14.9766632,139,123.6,139,54.3668464,0.862326148,1.19310504,0.007090601,0.010678558,0.962193298,0.664003595,0.889208633
484,OK,,145.263158,14.9766632,142,123.6,142,55.5402315,0.493796566,1.63634507,0.009651958,0.006071453,0.961646871,1.58972792,0.870422535
485,OK,,145.263158,14.9766632,145,123.6,145,56.7136167,0.205544267,2.24612706,0.01314381,0.0025057,0.956771028,5.24556398,0.852413793
486,OK,,145.263158,14.9766632,148,123.6,148,57.8870019,0.039332848,3.10103076,0.017987611,0.000474321,0.945750108,37.9228314,0.835135135
487,OK,,145.263158,14.9766632,151,123.6,151,59.0603871,0.002821411,4.21223761,0.024197947,3.36E-05,0.928631368,720.641945,0.818543046
488,OK,,145.263158,14.9766632,154,123.6,154,60.2337722,0.001266811,5.41028287,0.030770627,1.49E-05,0.91015755,2069.22286,0.802597403
489,OK,,145.263158,14.9766632,157,123.6,157,61.4071574,0.000702588,6.58166489,0.037060356,8.14E-06,0.892807813,4555.25033,0.787261146
490,OK,,145.263158,14.9766632,160,123.6,160,62.5805426,0.000738512,7.80317874,0.043491598,8.44E-06,0.875298025,5155.56636,0.7725
491,OK,,145.263158,15.4657105,121,123.6,121,47.3265353,3.98573535,0.226047849,0.001386577,0.050406415,0.911005883,0.027507948,1.0214876
492,OK,,145.263158,15.4657105,124,123.6,124,48.4999205,3.43455213,0.293129902,0.001789173,0.043313039,0.923140451,0.041307963,0.996774194
493,OK,,145.263158,15.4657105,127,123.6,127,49.6733057,2.89166174,0.375299898,0.00227881,0.03635328,0.93423104,0.06268514,0.973228346
494,OK,,145.263158,15.4657105,130,123.6,130,50.8466908,2.36708677,0.493128553,0.002977768,0.029651916,0.94374825,0.100424149,0.950769231
495,OK,,145.263158,15.4657105,133,123.6,133,52.020076,1.86318794,0.646379215,0.00388047,0.023244392,0.951757719,0.166942203,0.929323308
496,OK,,145.263158,15.4657105,136,123.6,136,53.1934612,1.38300077,0.85688288,0.005112478,0.017173559,0.957891748,0.297694749,0.908823529
497,OK,,145.263158,15.4657105,139,123.6,139,54.3668464,0.939835742,1.14684156,0.00679595,0.011605379,0.96161857,0.585586223,0.889208633
498,OK,,145.263158,15.4657105,142,123.6,142,55.5402315,0.559896814,1.56227723,0.009191622,0.006867296,0.961790328,1.33846308,0.870422535
499,OK,,145.263158,15.4657105,145,123.6,145,56.7136167,0.251849144,2.13837466,0.012483411,0.003063875,0.957854499,4.07438653,0.852413793
500,OK,,145.263158,15.4657105,148,123.6,148,57.8870019,0.062921105,2.92835302,0.016949533,0.00075758,0.948325634,22.3732451,0.835135135
501,OK,,145.263158,15.4657105,151,123.6,151,59.0603871,0.004120975,3.96934172,0.022759353,4.90E-05,0.932722034,464.565574,0.818543046
502,OK,,145.263158,15.4657105,154,123.6,154,60.2337722,0.001456609,5.19695463,0.029500378,1.71E-05,0.91369607,1727.20013,0.802597403
503,OK,,145.263158,15.4657105,157,123.6,157,61.4071574,0.000783075,6.3869664,0.035894095,9.06E-06,0.895977118,3962.80204,0.787261146
504,OK,,145.263158,15.4657105,160,123.6,160,62.5805426,0.000463663,7.59563384,0.042255357,5.29E-06,0.878618862,7987.15849,0.7725
505,OK,,145.263158,15.9547579,121,123.6,121,47.3265353,4.0923399,0.220817262,0.001350348,0.051579629,0.908863872,0.026179874,1.0214876
506,OK,,145.263158,15.9547579,124,123.6,124,48.4999205,3.53681932,0.285994224,0.00174037,0.044456327,0.921178973,0.039147862,0.996774194
507,OK,,145.263158,15.9547579,127,123.6,127,49.6733057,2.99153744,0.365149358,0.00221062,0.037487949,0.932424735,0.058968828,0.973228346
508,OK,,145.263158,15.9547579,130,123.6,130,50.8466908,2.45489861,0.480297157,0.002891924,0.03066027,0.942273613,0.094321534,0.950769231
509,OK,,145.263158,15.9547579,133,123.6,133,52.020076,1.94790812,0.627562708,0.003756863,0.024230927,0.950490829,0.155044138,0.929323308
510,OK,,145.263158,15.9547579,136,123.6,136,53.1934612,1.47121169,0.827652149,0.004923389,0.01821332,0.956782962,0.270318024,0.908823529
511,OK,,145.263158,15.9547579,139,123.6,139,54.3668464,1.02370079,1.09814304,0.006489981,0.012605602,0.960971732,0.514848936,0.889208633
512,OK,,145.263158,15.9547579,142,123.6,142,55.5402315,0.62571624,1.49652768,0.008782249,0.007655808,0.96178907,1.14713549,0.870422535
513,OK,,145.263158,15.9547579,145,123.6,145,56.7136167,0.30993405,2.02133944,0.011772231,0.003762117,0.958893937,3.12915065,0.852413793
514,OK,,145.263158,15.9547579,148,123.6,148,57.8870019,0.092040081,2.77106754,0.016004031,0.00110632,0.950539715,14.4660075,0.835135135
515,OK,,145.263158,15.9547579,151,123.6,151,59.0603871,0.006720751,3.80415975,0.021766366,7.98E-05,0.935474847,272.761967,0.818543046
516,OK,,145.263158,15.9547579,154,123.6,154,60.2337722,0.000626785,4.96220042,0.028115542,7.34E-06,0.917607232,3829.4269,0.802597403
517,OK,,145.263158,15.9547579,157,123.6,157,61.4071574,0.000935816,6.17180421,0.034619836,1.08E-05,0.899478493,3201.67144,0.787261146
518,OK,,145.263158,15.9547579,160,123.6,160,62.5805426,0.000525772,7.37577475,0.040958736,5.99E-06,0.882131087,6833.95285,0.7725
519,OK,,145.263158,16.4438053,121,123.6,121,47.3265353,4.19144746,0.216375891,0.00131917,0.052657069,0.906863595,0.0250521,1.0214876
520,OK,,145.263158,16.4438053,124,123.6,124,48.4999205,3.63742675,0.279391678,0.001695088,0.045572156,0.919240725,0.03719569,0.996774194
521,OK,,145.263158,16.4438053,127,123.6,127,49.6733057,3.09287232,0.355375979,0.002145083,0.038632146,0.930581461,0.055525857,0.973228346
522,OK,,145.263158,16.4438053,130,123.6,130,50.8466908,2.56173207,0.464619929,0.002789354,0.031888694,0.940480847,0.087471573,0.950769231
523,OK,,145.263158,16.4438053,133,123.6,133,52.020076,2.05137937,0.60486228,0.003610621,0.025435933,0.948938144,0.141949607,0.929323308
524,OK,,145.263158,16.4438053,136,123.6,136,53.1934612,1.56054374,0.798157673,0.004734786,0.019262403,0.955658057,0.24580451,0.908823529
525,OK,,145.263158,16.4438053,139,123.6,139,54.3668464,1.10113579,1.05771391,0.006234284,0.013522483,0.960291062,0.461031036,0.889208633
526,OK,,145.263158,16.4438053,142,123.6,142,55.5402315,0.693366266,1.43550548,0.008402454,0.008462418,0.961669736,0.992914017,0.870422535
527,OK,,145.263158,16.4438053,145,123.6,145,56.7136167,0.363762407,1.92951786,0.01121016,0.004405836,0.959563851,2.5443891,0.852413793
528,OK,,145.263158,16.4438053,148,123.6,148,57.8870019,0.125243856,2.63143538,0.01516351,0.001502762,0.952378269,10.0904275,0.835135135
529,OK,,145.263158,16.4438053,151,123.6,151,59.0603871,0.012574978,3.60210954,0.020568818,0.000149127,0.938796803,137.928216,0.818543046
530,OK,,145.263158,16.4438053,154,123.6,154,60.2337722,0.002289149,4.78418439,0.027051561,2.68E-05,0.920535053,1010.0391,0.802597403
531,OK,,145.263158,16.4438053,157,123.6,157,61.4071574,0.001287677,5.97173356,0.033429396,1.49E-05,0.902730862,2249.79231,0.787261146
532,OK,,145.263158,16.4438053,160,123.6,160,62.5805426,0.000603756,7.16278275,0.039702659,6.88E-06,0.885533327,5774.76058,0.7725
533,OK,,145.263158,16.9328526,121,123.6,121,47.3265353,4.29214736,0.212030026,0.00128875,0.053745801,0.904827654,0.023978622,1.0214876
534,OK,,145.263158,16.9328526,124,123.6,124,48.4999205,3.7380529,0.273116232,0.001652047,0.046680774,0.917295346,0.035390318,0.996774194
535,OK,,145.263158,16.9328526,127,123.6,127,49.6733057,3.19069903,0.346582701,0.002085837,0.039727544,0.928789081,0.052503561,0.973228346
536,OK,,145.263158,16.9328526,130,123.6,130,50.8466908,2.65833173,0.451752285,0.002704239,0.032987698,0.938834092,0.081977212,0.950769231
537,OK,,145.263158,16.9328526,133,123.6,133,52.020076,2.14402065,0.587981852,0.003499208,0.026501023,0.947481766,0.132040493,0.929323308
538,OK,,145.263158,16.9328526,136,123.6,136,53.1934612,1.65003143,0.770727375,0.004559392,0.02030709,0.954491422,0.224522166,0.908823529
539,OK,,145.263158,16.9328526,139,123.6,139,54.3668464,1.18793493,1.01515999,0.005967367,0.014546802,0.959477235,0.410218485,0.889208633
540,OK,,145.263158,16.9328526,142,123.6,142,55.5402315,0.775043017,1.36731458,0.007982678,0.009433633,0.961426924,0.846193362,0.870422535
541,OK,,145.263158,16.9328526,145,123.6,145,56.7136167,0.426315761,1.83492576,0.010634741,0.005151397,0.960128772,2.06443828,0.852413793
542,OK,,145.263158,16.9328526,148,123.6,148,57.8870019,0.16253103,2.5041451,0.014397124,0.001946549,0.953933076,7.39623022,0.835135135
543,OK,,145.263158,16.9328526,151,123.6,151,59.0603871,0.02354899,3.42142486,0.019496556,0.000278894,0.941670314,69.9067302,0.818543046
544,OK,,145.263158,16.9328526,154,123.6,154,60.2337722,0.002716078,4.56756943,0.025776998,3.17E-05,0.924124202,812.061721,0.802597403
545,OK,,145.263158,16.9328526,157,123.6,157,61.4071574,0.001135935,5.75645854,0.032167169,1.31E-05,0.906239033,2456.0594,0.787261146
546,OK,,145.263158,16.9328526,160,123.6,160,62.5805426,0.000686703,6.94192997,0.038408335,7.81E-06,0.889061098,4916.78679,0.7725
547,OK,,145.263158,17.4219,121,123.6,121,47.3265353,4.40045856,0.207373187,0.001256607,0.054916089,0.902637459,0.022882311,1.0214876
548,OK,,145.263158,17.4219,124,123.6,124,48.4999205,3.83972556,0.26703972,0.001610465,0.04779516,0.915324288,0.033695147,0.996774194
549,OK,,145.263158,17.4219,127,123.6,127,49.6733057,3.29073548,0.337961354,0.002027967,0.040842546,0.926948755,0.0496533,0.973228346
550,OK,,145.263158,17.4219,130,123.6,130,50.8466908,2.75818608,0.434892264,0.002595795,0.034118877,0.937201846,0.076080916,0.950769231
551,OK,,145.263158,17.4219,133,123.6,133,52.020076,2.23839857,0.570272891,0.003384206,0.027583652,0.946007932,0.122688818,0.929323308
552,OK,,145.263158,17.4219,136,123.6,136,53.1934612,1.7422599,0.744226441,0.004390432,0.021378628,0.95325579,0.205365464,0.908823529
553,OK,,145.263158,17.4219,139,123.6,139,54.3668464,1.27273668,0.977149031,0.005728494,0.015541615,0.958616586,0.368590663,0.889208633
554,OK,,145.263158,17.4219,142,123.6,142,55.5402315,0.850657412,1.3111386,0.007634917,0.0103271,0.961076936,0.739308897,0.870422535
555,OK,,145.263158,17.4219,145,123.6,145,56.7136167,0.487039062,1.75476625,0.010145081,0.005871713,0.96047148,1.72778915,0.852413793
556,OK,,145.263158,17.4219,148,123.6,148,57.8870019,0.207274051,2.37640266,0.013631568,0.002477571,0.955366894,5.50198922,0.835135135
557,OK,,145.263158,17.4219,151,123.6,151,59.0603871,0.043220828,3.22162783,0.018320862,0.000511135,0.944720162,35.8435129,0.818543046
558,OK,,145.263158,17.4219,154,123.6,154,60.2337722,0.003050707,4.34726897,0.024486853,3.56E-05,0.927776071,687.544186,0.802597403
559,OK,,145.263158,17.4219,157,123.6,157,61.4071574,0.001091623,5.54321857,0.030917201,1.26E-05,0.909712313,2459.03574,0.787261146
560,OK,,145.263158,17.4219,160,123.6,160,62.5805426,0.000780346,6.73270961,0.037180033,8.87E-06,0.892402819,4193.21453,0.7725
561,OK,,150.526316,8.13,121,123.6,121,47.3265353,2.45324578,0.282128232,0.001812913,0.032642615,0.942202107,0.055538225,1.0214876
562,OK,,150.526316,8.13,124,123.6,124,48.4999205,1.92597372,0.390487701,0.002494944,0.025533259,0.952237831,0.097713494,0.996774194
563,OK,,150.526316,8.13,127,123.6,127,49.6733057,1.41696288,0.541607646,0.003439561,0.018706995,0.960570965,0.183864956,0.973228346
564,OK,,150.526316,8.13,130,123.6,130,50.8466908,0.948291401,0.767771789,0.004844058,0.012455785,0.966250248,0.388900242,0.950769231
565,OK,,150.526316,8.13,133,123.6,133,52.020076,0.536117082,1.1113683,0.006962074,0.006997295,0.968329816,0.994966474,0.929323308
566,OK,,150.526316,8.13,136,123.6,136,53.1934612,0.214177545,1.64966204,0.010252373,0.002772427,0.964961115,3.69797804,0.908823529
567,OK,,150.526316,8.13,139,123.6,139,54.3668464,0.027367808,2.52950378,0.015572226,0.000350153,0.952970022,44.4725865,0.889208633
568,OK,,150.526316,8.13,142,123.6,142,55.5402315,0.003350963,3.59897229,0.021941139,4.23E-05,0.935140291,518.726311,0.870422535
569,OK,,150.526316,8.13,145,123.6,145,56.7136167,0.001301485,4.79498907,0.028928469,1.62E-05,0.915429648,1786.45967,0.852413793
570,OK,,150.526316,8.13,148,123.6,148,57.8870019,0.00071883,5.98081834,0.035703356,8.82E-06,0.896668734,4049.96111,0.835135135
571,OK,,150.526316,8.13,151,123.6,151,59.0603871,0.000405756,7.1755638,0.042379663,4.91E-06,0.878497756,8639.69813,0.818543046
572,OK,,150.526316,8.13,154,123.6,154,60.2337722,0.000243785,8.38701077,0.048998116,2.90E-06,0.860754951,16867.727,0.802597403
573,OK,,150.526316,8.13,157,123.6,157,61.4071574,0.000150701,9.64896216,0.055729667,1.77E-06,0.842866642,31509.0861,0.787261146
574,OK,,150.526316,8.13,160,123.6,160,62.5805426,1.04E-04,10.7899272,0.061688261,1.21E-06,0.827581691,51123.5567,0.7725
575,OK,,150.526316,8.61904737,121,123.6,121,47.3265353,2.55699241,0.271899166,0.00174173,0.033904992,0.9402261,0.051370898,1.0214876
576,OK,,150.526316,8.61904737,124,123.6,124,48.4999205,2.02253396,0.375510811,0.002391939,0.026724717,0.950555697,0.089502889,0.996774194
577,OK,,150.526316,8.61904737,127,123.6,127,49.6733057,1.51029835,0.517628904,0.003277501,0.019875194,0.959174707,0.164904125,0.973228346
578,OK,,150.526316,8.61904737,130,123.6,130,50.8466908,1.03307738,0.73005721,0.004592852,0.013528571,0.965324497,0.339492735,0.950769231
579,OK,,150.526316,8.61904737,133,123.6,133,52.020076,0.602430222,1.05580276,0.006595679,0.007841927,0.968123211,0.841078897,0.929323308
580,OK,,150.526316,8.61904737,136,123.6,136,53.1934612,0.267219564,1.54783352,0.009594831,0.003451035,0.965878267,2.78027591,0.908823529
581,OK,,150.526316,8.61904737,139,123.6,139,54.3668464,0.056621671,2.29202146,0.014084295,0.000723651,0.956800085,19.4628259,0.889208633
582,OK,,150.526316,8.61904737,142,123.6,142,55.5402315,0.004268534,3.40602052,0.020715848,5.38E-05,0.93859786,385.128946,0.870422535
583,OK,,150.526316,8.61904737,145,123.6,145,56.7136167,0.001766907,4.57333121,0.027535269,2.20E-05,0.919329812,1253.96531,0.852413793
584,OK,,150.526316,8.61904737,148,123.6,148,57.8870019,0.000807683,5.76580983,0.034351243,9.89E-06,0.900381479,3471.83274,0.835135135
585,OK,,150.526316,8.61904737,151,123.6,151,59.0603871,0.000452223,7.00580628,0.041280997,5.46E-06,0.881371273,7563.92369,0.818543046
586,OK,,150.526316,8.61904737,154,123.6,154,60.2337722,0.000272616,8.17746722,0.047687285,3.25E-06,0.864233311,14692.9721,0.802597403
587,OK,,150.526316,8.61904737,157,123.6,157,61.4071574,0.000176452,9.36305851,0.054019048,2.07E-06,0.847522091,26078.8525,0.787261146
588,OK,,150.526316,8.61904737,160,123.6,160,62.5805426,0.000115398,10.5937714,0.060455023,1.34E-06,0.830715964,45260.3823,0.7725
589,OK,,150.526316,9.10809474,121,123.6,121,47.3265353,2.65328407,0.263232289,0.001680982,0.035064627,0.938374607,0.047939544,1.0214876
590,OK,,150.526316,9.10809474,124,123.6,124,48.4999205,2.11705743,0.361974303,0.002298695,0.027882281,0.94888586,0.082442877,0.996774194
591,OK,,150.526316,9.10809474,127,123.6,127,49.6733057,1.59883478,0.496934905,0.003137126,0.020974556,0.957808935,0.149568189,0.973228346
592,OK,,150.526316,9.10809474,130,123.6,130,50.8466908,1.11866945,0.695543364,0.004363091,0.014605058,0.964319943,0.298738382,0.950769231
593,OK,,150.526316,9.10809474,133,123.6,133,52.020076,0.684258076,0.993656635,0.006190381,0.008881471,0.967744862,0.696999553,0.929323308
594,OK,,150.526316,9.10809474,136,123.6,136,53.1934612,0.325812694,1.45322945,0.008985011,0.004197563,0.966555247,2.14053051,0.908823529
595,OK,,150.526316,9.10809474,139,123.6,139,54.3668464,0.083525958,2.15281486,0.01319729,0.001065596,0.958865725,12.3848897,0.889208633
596,OK,,150.526316,9.10809474,142,123.6,142,55.5402315,0.005272462,3.17911479,0.019300072,6.64E-05,0.942665215,290.682444,0.870422535
597,OK,,150.526316,9.10809474,145,123.6,145,56.7136167,0.001920238,4.35735797,0.026181188,2.38E-05,0.923135246,1098.37774,0.852413793
598,OK,,150.526316,9.10809474,148,123.6,148,57.8870019,0.00097121,5.55468636,0.033026737,1.19E-05,0.904025819,2779.12351,0.835135135
599,OK,,150.526316,9.10809474,151,123.6,151,59.0603871,0.000749203,6.68624765,0.039343991,9.04E-06,0.886776955,4353.05162,0.818543046
600,OK,,150.526316,9.10809474,154,123.6,154,60.2337722,0.000314018,7.96047946,0.046334348,3.73E-06,0.86783505,12407.0879,0.802597403
601,OK,,150.526316,9.10809474,157,123.6,157,61.4071574,0.000197424,9.16208469,0.052759326,2.32E-06,0.850794557,22789.5572,0.787261146
602,OK,,150.526316,9.10809474,160,123.6,160,62.5805426,0.000131513,10.343996,0.058931225,1.52E-06,0.83470697,38749.5757,0.7725
603,OK,,150.526316,9.59714211,121,123.6,121,47.3265353,2.75109787,0.254917231,0.001622841,0.036235899,0.936483516,0.044785453,1.0214876
604,OK,,150.526316,9.59714211,124,123.6,124,48.4999205,2.21722689,0.348412754,0.002205826,0.029103653,0.947100127,0.075792056,0.996774194
605,OK,,150.526316,9.59714211,127,123.6,127,49.6733057,1.69782158,0.47790415,0.003007966,0.022199678,0.956199297,0.135495948,0.973228346
606,OK,,150.526316,9.59714211,130,123.6,130,50.8466908,1.2046362,0.664003187,0.004153217,0.015679897,0.963249538,0.264875254,0.950769231
607,OK,,150.526316,9.59714211,133,123.6,133,52.020076,0.761906869,0.941991546,0.005852218,0.00986143,0.967245369,0.593445184,0.929323308
608,OK,,150.526316,9.59714211,136,123.6,136,53.1934612,0.386247515,1.37021868,0.008449556,0.004963971,0.96697966,1.70217661,0.908823529
609,OK,,150.526316,9.59714211,139,123.6,139,54.3668464,0.118612761,2.01473096,0.012321201,0.001510326,0.960760208,8.15797579,0.889208633
610,OK,,150.526316,9.59714211,142,123.6,142,55.5402315,0.009551742,2.97771443,0.018038646,0.00012013,0.946214373,150.158868,0.870422535
611,OK,,150.526316,9.59714211,145,123.6,145,56.7136167,0.002247355,4.21984059,0.025280614,2.78E-05,0.925554246,908.76,0.852413793
612,OK,,150.526316,9.59714211,148,123.6,148,57.8870019,0.001128169,5.34849175,0.031736591,1.38E-05,0.907585127,2301.62423,0.835135135
613,OK,,150.526316,9.59714211,151,123.6,151,59.0603871,0.000612586,6.53848712,0.038391891,7.38E-06,0.889281123,5201.18962,0.818543046
614,OK,,150.526316,9.59714211,154,123.6,154,60.2337722,0.00033307,7.86439669,0.04567118,3.96E-06,0.869429898,11544.866,0.802597403
615,OK,,150.526316,9.59714211,157,123.6,157,61.4071574,0.000223793,8.93853365,0.051378542,2.62E-06,0.8544346,19598.1783,0.787261146
616,OK,,150.526316,9.59714211,160,123.6,160,62.5805426,0.000144605,10.1653046,0.057802225,1.67E-06,0.837562144,34603.1625,0.7725
617,OK,,150.526316,10.0861895,121,123.6,121,47.3265353,2.85188285,0.24679295,0.001566247,0.037436143,0.934525615,0.041837834,1.0214876
618,OK,,150.526316,10.0861895,124,123.6,124,48.4999205,2.31305543,0.336480905,0.00212381,0.030262266,0.945370295,0.070180135,0.996774194
619,OK,,150.526316,10.0861895,127,123.6,127,49.6733057,1.79380102,0.458586227,0.002877754,0.02337791,0.954655982,0.123097132,0.973228346
620,OK,,150.526316,10.0861895,130,123.6,130,50.8466908,1.30042574,0.631452043,0.003938148,0.016872684,0.962005831,0.233403765,0.950769231
621,OK,,150.526316,10.0861895,133,123.6,133,52.020076,0.837208406,0.897349019,0.005559328,0.010805889,0.966656,0.514472081,0.929323308
622,OK,,150.526316,10.0861895,136,123.6,136,53.1934612,0.452666407,1.29106514,0.007940421,0.005802688,0.967219062,1.36840387,0.908823529
623,OK,,150.526316,10.0861895,139,123.6,139,54.3668464,0.159157848,1.88998656,0.011530123,0.002022493,0.962308934,5.70094526,0.889208633
624,OK,,150.526316,10.0861895,142,123.6,142,55.5402315,0.018979927,2.78291318,0.016821996,0.000238378,0.949552009,70.5686493,0.870422535
625,OK,,150.526316,10.0861895,145,123.6,145,56.7136167,0.00267454,3.92349436,0.023477899,3.31E-05,0.930772024,708.824756,0.852413793
626,OK,,150.526316,10.0861895,148,123.6,148,57.8870019,0.001155035,5.12910184,0.030374211,1.41E-05,0.911374631,2154.00873,0.835135135
627,OK,,150.526316,10.0861895,151,123.6,151,59.0603871,0.000930545,6.33495754,0.037123062,1.12E-05,0.892721866,3314.5354,0.818543046
628,OK,,150.526316,10.0861895,154,123.6,154,60.2337722,0.000400059,7.52026898,0.043607741,4.75E-06,0.875141988,9184.99365,0.802597403
629,OK,,150.526316,10.0861895,157,123.6,157,61.4071574,0.000382114,8.74195562,0.050152957,4.47E-06,0.857633245,11216.2042,0.787261146
630,OK,,150.526316,10.0861895,160,123.6,160,62.5805426,0.000162845,9.94167659,0.056430745,1.88E-06,0.841135295,30027.9719,0.7725
631,OK,,150.526316,10.5752368,121,123.6,121,47.3265353,2.95122563,0.239307561,0.001514041,0.03861021,0.932584687,0.039213488,1.0214876
632,OK,,150.526316,10.5752368,124,123.6,124,48.4999205,2.41227129,0.324829841,0.002044027,0.031455403,0.943564833,0.064981754,0.996774194
633,OK,,150.526316,10.5752368,127,123.6,127,49.6733057,1.88780516,0.44114209,0.002760068,0.024525153,0.953114712,0.112540301,0.973228346
634,OK,,150.526316,10.5752368,130,123.6,130,50.8466908,1.38737308,0.6049953,0.003762215,0.017946155,0.960816164,0.20963908,0.950769231
635,OK,,150.526316,10.5752368,133,123.6,133,52.020076,0.925134438,0.849477506,0.005248003,0.011904921,0.965886018,0.440826345,0.929323308
636,OK,,150.526316,10.5752368,136,123.6,136,53.1934612,0.52047453,1.22084793,0.007488551,0.006654626,0.967264351,1.12531509,0.908823529
637,OK,,150.526316,10.5752368,139,123.6,139,54.3668464,0.20823644,1.76796536,0.010759197,0.002640403,0.963650608,4.07483138,0.889208633
638,OK,,150.526316,10.5752368,142,123.6,142,55.5402315,0.034406462,2.60370453,0.015703797,0.000431478,0.9525009,36.3953636,0.870422535
639,OK,,150.526316,10.5752368,145,123.6,145,56.7136167,0.003672537,3.73075192,0.022277246,4.54E-05,0.934152948,490.400873,0.852413793
640,OK,,150.526316,10.5752368,148,123.6,148,57.8870019,0.001576293,4.96736045,0.029342655,1.92E-05,0.914161442,1527.84389,0.835135135
641,OK,,150.526316,10.5752368,151,123.6,151,59.0603871,0.000816655,6.10843417,0.035726913,9.82E-06,0.896559248,3638.68465,0.818543046
642,OK,,150.526316,10.5752368,154,123.6,154,60.2337722,0.000289579,7.31951748,0.042361099,3.43E-06,0.878476695,12339.9154,0.802597403
643,OK,,150.526316,10.5752368,157,123.6,157,61.4071574,0.000284333,8.51800983,0.04877903,3.32E-06,0.861281738,14675.5078,0.787261146
644,OK,,150.526316,10.5752368,160,123.6,160,62.5805426,0.000180804,9.74700206,0.055222537,2.08E-06,0.844245792,26493.8178,0.7725
645,OK,,150.526316,11.0642842,121,123.6,121,47.3265353,3.05215237,0.232111772,0.001463968,0.039795702,0.930604171,0.036787078,1.0214876
646,OK,,150.526316,11.0642842,124,123.6,124,48.4999205,2.50885632,0.314312917,0.001971841,0.032607773,0.94179023,0.060471491,0.996774194
647,OK,,150.526316,11.0642842,127,123.6,127,49.6733057,1.98352086,0.424613794,0.002648739,0.025685496,0.951520548,0.10312196,0.973228346
648,OK,,150.526316,11.0642842,130,123.6,130,50.8466908,1.47699067,0.579793274,0.003595026,0.019046518,0.959549306,0.188749756,0.950769231
649,OK,,150.526316,11.0642842,133,123.6,133,52.020076,1.00586733,0.81048523,0.004993046,0.012906526,0.965083624,0.38686215,0.929323308
650,OK,,150.526316,11.0642842,136,123.6,136,53.1934612,0.592829775,1.15474152,0.00706406,0.00755947,0.967146878,0.934465007,0.908823529
651,OK,,150.526316,11.0642842,139,123.6,139,54.3668464,0.260366488,1.66881859,0.010130212,0.003293961,0.964515413,3.07538928,0.889208633
652,OK,,150.526316,11.0642842,142,123.6,142,55.5402315,0.056761653,2.43523687,0.014654555,0.000710662,0.95513165,20.6209864,0.870422535
653,Errors,,150.526316,11.0642842,145,123.6,145,56.7136167,0.002637609,5.71033076,0.033703752,3.22E-05,0.899266372,1046.97271,0.852413793
654,OK,,150.526316,11.0642842,148,123.6,148,57.8870019,0.001549641,4.77210587,0.028127054,1.89E-05,0.917534933,1491.96353,0.835135135
655,OK,,150.526316,11.0642842,151,123.6,151,59.0603871,0.000935095,5.91362763,0.034517761,1.12E-05,0.899855673,3073.74972,0.818543046
656,OK,,150.526316,11.0642842,154,123.6,154,60.2337722,0.000527181,7.11078171,0.04107385,6.24E-06,0.881938178,6579.45173,0.802597403
657,OK,,150.526316,11.0642842,157,123.6,157,61.4071574,0.000320842,8.30838048,0.04748957,3.75E-06,0.864694904,12675.0879,0.787261146
658,OK,,150.526316,11.0642842,160,123.6,160,62.5805426,0.000201497,9.54641032,0.053983376,2.32E-06,0.847450798,23265.6527,0.7725
659,OK,,150.526316,11.5533316,121,123.6,121,47.3265353,3.15047354,0.225567415,0.001418304,0.040941379,0.928664946,0.034642323,1.0214876
660,OK,,150.526316,11.5533316,124,123.6,124,48.4999205,2.60801276,0.304108653,0.001902028,0.033784444,0.939956161,0.056298916,0.996774194
661,OK,,150.526316,11.5533316,127,123.6,127,49.6733057,2.08104835,0.408894504,0.002543079,0.026860934,0.949873623,0.094675756,0.973228346
662,OK,,150.526316,11.5533316,130,123.6,130,50.8466908,1.56863084,0.555967679,0.003437277,0.020165419,0.958215599,0.170454057,0.950769231
663,OK,,150.526316,11.5533316,133,123.6,133,52.020076,1.0962005,0.77028726,0.004732022,0.014022886,0.964119857,0.337449943,0.929323308
664,OK,,150.526316,11.5533316,136,123.6,136,53.1934612,0.667828163,1.09408757,0.006674964,0.00849268,0.966877212,0.785966676,0.908823529
665,OK,,150.526316,11.5533316,139,123.6,139,54.3668464,0.315447307,1.57423975,0.009531808,0.00398153,0.965241923,2.39400642,0.889208633
666,OK,,150.526316,11.5533316,142,123.6,142,55.5402315,0.084002228,2.28894525,0.013742263,0.00104989,0.95727516,13.0892452,0.870422535
667,OK,,150.526316,11.5533316,145,123.6,145,56.7136167,0.006863449,3.3027197,0.019639782,8.47E-05,0.941643941,231.902884,0.852413793
668,OK,,150.526316,11.5533316,148,123.6,148,57.8870019,0.002161792,4.49704956,0.026470034,2.63E-05,0.922275965,1006.41171,0.835135135
669,OK,,150.526316,11.5533316,151,123.6,151,59.0603871,0.001108468,5.6882993,0.033138441,1.33E-05,0.903667957,2492.10103,0.818543046
670,OK,,150.526316,11.5533316,154,123.6,154,60.2337722,0.000604505,6.89368407,0.039744133,7.15E-06,0.885541145,5558.05328,0.802597403
671,OK,,150.526316,11.5533316,157,123.6,157,61.4071574,0.000362309,8.09917409,0.046206854,4.23E-06,0.868101102,10932.7464,0.787261146
672,OK,,150.526316,11.5533316,160,123.6,160,62.5805426,0.000229494,9.30639845,0.052537725,2.64E-06,0.851285598,19897.9543,0.7725
673,OK,,150.526316,12.0423789,121,123.6,121,47.3265353,3.25293006,0.219033372,0.001372961,0.042129477,0.926638124,0.032589073,1.0214876
674,OK,,150.526316,12.0423789,124,123.6,124,48.4999205,2.70830079,0.293912291,0.001832667,0.034966916,0.938098598,0.052411466,0.996774194
675,OK,,150.526316,12.0423789,127,123.6,127,49.6733057,2.17576995,0.394800192,0.002448113,0.027993757,0.948250472,0.087452121,0.973228346
676,OK,,150.526316,12.0423789,130,123.6,130,50.8466908,1.66126924,0.533723368,0.003290147,0.021289564,0.956831161,0.154542697,0.950769231
677,OK,,150.526316,12.0423789,133,123.6,133,52.020076,1.17629856,0.738587793,0.004524491,0.01500437,0.963189474,0.301544864,0.929323308
678,OK,,150.526316,12.0423789,136,123.6,136,53.1934612,0.742610324,1.04038296,0.006330088,0.009417965,0.966480969,0.672129042,0.908823529
679,OK,,150.526316,12.0423789,139,123.6,139,54.3668464,0.375846237,1.48522714,0.008969895,0.00473257,0.96576823,1.89535395,0.889208633
680,OK,,150.526316,12.0423789,142,123.6,142,55.5402315,0.120528323,2.14028851,0.012819855,0.001503547,0.959294069,8.52640579,0.870422535
681,OK,,150.526316,12.0423789,145,123.6,145,56.7136167,0.010404062,3.10962242,0.018452381,0.00012822,0.94498629,143.911704,0.852413793
682,OK,,150.526316,12.0423789,148,123.6,148,57.8870019,0.002430856,4.28085035,0.025146741,2.95E-05,0.926006166,851.250118,0.835135135
683,OK,,150.526316,12.0423789,151,123.6,151,59.0603871,0.001257331,5.45688381,0.031729947,1.51E-05,0.907583722,2105.88801,0.818543046
684,OK,,150.526316,12.0423789,154,123.6,154,60.2337722,0.000664711,6.65685873,0.038307963,7.85E-06,0.889471916,4877.06165,0.802597403
685,OK,,150.526316,12.0423789,157,123.6,157,61.4071574,0.000410889,7.88511174,0.044901853,4.79E-06,0.871586262,9377.75499,0.787261146
686,OK,,150.526316,12.0423789,160,123.6,160,62.5805426,0.000258903,9.08608309,0.051201775,2.98E-06,0.854805637,17206.6764,0.7725
687,OK,,150.526316,12.5314263,121,123.6,121,47.3265353,3.35479475,0.213075111,0.001331497,0.043302853,0.924611641,0.030748471,1.0214876
688,OK,,150.526316,12.5314263,124,123.6,124,48.4999205,2.80650853,0.285034427,0.001771931,0.0361165,0.936256742,0.049061529,0.996774194
689,OK,,150.526316,12.5314263,127,123.6,127,49.6733057,2.2725903,0.381255086,0.002357099,0.029145365,0.946574013,0.080873902,0.973228346
690,OK,,150.526316,12.5314263,130,123.6,130,50.8466908,1.75664315,0.512423774,0.003149652,0.022440791,0.955374344,0.140353892,0.950769231
691,OK,,150.526316,12.5314263,133,123.6,133,52.020076,1.26600746,0.705405717,0.004309005,0.016099974,0.962102839,0.267640503,0.929323308
692,OK,,150.526316,12.5314263,136,123.6,136,53.1934612,0.82224256,0.988755675,0.005999605,0.010398788,0.965954495,0.576952383,0.908823529
693,OK,,150.526316,12.5314263,139,123.6,139,54.3668464,0.442132305,1.40065157,0.008437354,0.005553352,0.966104639,1.51932624,0.889208633
694,OK,,150.526316,12.5314263,142,123.6,142,55.5402315,0.157301388,2.02372607,0.012092522,0.001958503,0.960730674,6.17437059,0.870422535
695,OK,,150.526316,12.5314263,145,123.6,145,56.7136167,0.019727222,2.91961707,0.017287846,0.000242791,0.948172159,71.2046746,0.852413793
696,OK,,150.526316,12.5314263,148,123.6,148,57.8870019,0.003679128,4.08037268,0.023919868,4.47E-05,0.929447861,535.622177,0.835135135
697,OK,,150.526316,12.5314263,151,123.6,151,59.0603871,0.001520168,5.27571761,0.030612774,1.82E-05,0.910646746,1682.45845,0.818543046
698,OK,,150.526316,12.5314263,154,123.6,154,60.2337722,0.000776708,6.50554506,0.037347666,9.16E-06,0.891982163,4076.82476,0.802597403
699,OK,,150.526316,12.5314263,157,123.6,157,61.4071574,0.000468678,7.66305504,0.043556983,5.46E-06,0.875201458,7983.4332,0.787261146
700,OK,,150.526316,12.5314263,160,123.6,160,62.5805426,0.000291141,8.87365598,0.049913671,3.34E-06,0.858199582,14931.617,0.7725
701,OK,,150.526316,13.0204737,121,123.6,121,47.3265353,3.45786276,0.207183542,0.001290689,0.044482418,0.922558322,0.029015704,1.0214876
702,OK,,150.526316,13.0204737,124,123.6,124,48.4999205,2.90701874,0.276424962,0.0017132,0.037286211,0.934361878,0.045947278,0.996774194
703,OK,,150.526316,13.0204737,127,123.6,127,49.6733057,2.36967374,0.368565901,0.002271867,0.030292752,0.944875027,0.074997035,0.973228346
704,OK,,150.526316,13.0204737,130,123.6,130,50.8466908,1.85026542,0.493165872,0.003022461,0.023562915,0.953911823,0.128271939,0.950769231
705,OK,,150.526316,13.0204737,133,123.6,133,52.020076,1.35455287,0.675553152,0.004114961,0.017174356,0.960974566,0.239599123,0.929323308
706,OK,,150.526316,13.0204737,136,123.6,136,53.1934612,0.904770821,0.940541963,0.00569145,0.011409945,0.965309406,0.498814818,0.908823529
707,OK,,150.526316,13.0204737,139,123.6,139,54.3668464,0.511168869,1.32411354,0.007955578,0.006404091,0.966242618,1.24226514,0.889208633
708,OK,,150.526316,13.0204737,142,123.6,142,55.5402315,0.205850903,1.8968695,0.011307349,0.002557552,0.96214059,4.42116075,0.870422535
709,OK,,150.526316,13.0204737,145,123.6,145,56.7136167,0.035624275,2.74692742,0.01622961,0.00043779,0.950936797,37.0716665,0.852413793
710,OK,,150.526316,13.0204737,148,123.6,148,57.8870019,0.004432155,3.8674273,0.022625652,5.37E-05,0.933113491,421.050952,0.835135135
711,OK,,150.526316,13.0204737,151,123.6,151,59.0603871,0.001710893,5.05321621,0.029264597,2.05E-05,0.914410871,1430.65244,0.818543046
712,OK,,150.526316,13.0204737,154,123.6,154,60.2337722,0.000913149,6.25112681,0.035832864,1.08E-05,0.896203745,3328.11567,0.802597403
713,OK,,150.526316,13.0204737,157,123.6,157,61.4071574,0.000531715,7.45275285,0.042281869,6.18E-06,0.878625149,6838.20013,0.787261146
714,OK,,150.526316,13.0204737,160,123.6,160,62.5805426,0.000332216,8.64311917,0.048528624,3.81E-06,0.861882767,12735.441,0.7725
715,OK,,150.526316,13.5095211,121,123.6,121,47.3265353,3.55600291,0.201985148,0.001254447,0.045594691,0.920594482,0.027513005,1.0214876
716,OK,,150.526316,13.5095211,124,123.6,124,48.4999205,3.00659917,0.268421177,0.00165856,0.038436774,0.932473697,0.04315035,0.996774194
717,OK,,150.526316,13.5095211,127,123.6,127,49.6733057,2.46368774,0.357166907,0.002195074,0.031395071,0.94321186,0.069917777,0.973228346
718,OK,,150.526316,13.5095211,130,123.6,130,50.8466908,1.94342111,0.475394139,0.002905067,0.02467218,0.952429249,0.117746673,0.950769231
719,OK,,150.526316,13.5095211,133,123.6,133,52.020076,1.44676281,0.646821912,0.003928761,0.018287361,0.959754293,0.214834777,0.929323308
720,OK,,150.526316,13.5095211,136,123.6,136,53.1934612,0.986089078,0.897800929,0.005417911,0.012400279,0.964584181,0.436918453,0.908823529
721,OK,,150.526316,13.5095211,139,123.6,139,54.3668464,0.577806728,1.25956772,0.007547928,0.00722069,0.966204138,1.04531946,0.889208633
722,OK,,150.526316,13.5095211,142,123.6,142,55.5402315,0.254334426,1.7873029,0.010628219,0.00315318,0.963240389,3.37063487,0.870422535
723,OK,,150.526316,13.5095211,145,123.6,145,56.7136167,0.058507559,2.57055638,0.015154244,0.000717854,0.953643162,21.1104745,0.852413793
724,OK,,150.526316,13.5095211,148,123.6,148,57.8870019,0.005158872,3.65477275,0.021338205,6.25E-05,0.936774552,341.55207,0.835135135
725,OK,,150.526316,13.5095211,151,123.6,151,59.0603871,0.002061051,4.83413651,0.027936593,2.46E-05,0.918114361,1135.08107,0.818543046
726,OK,,150.526316,13.5095211,154,123.6,154,60.2337722,0.001149409,6.04636597,0.034587612,1.35E-05,0.899599259,2555.12838,0.802597403
727,OK,,150.526316,13.5095211,157,123.6,157,61.4071574,0.000607944,7.2415742,0.041003559,7.06E-06,0.882062899,5806.35791,0.787261146
728,OK,,150.526316,13.5095211,160,123.6,160,62.5805426,0.000373908,8.43211247,0.047257245,4.28E-06,0.865253863,11030.27,0.7725
729,OK,,150.526316,13.9985684,121,123.6,121,47.3265353,3.65349162,0.204387482,0.00126547,0.046691716,0.918483805,0.02710267,1.0214876
730,OK,,150.526316,13.9985684,124,123.6,124,48.4999205,3.10223334,0.261271963,0.001609525,0.039532333,0.930649261,0.04071415,0.996774194
731,OK,,150.526316,13.9985684,127,123.6,127,49.6733057,2.5650122,0.345373338,0.002116274,0.032579156,0.941409465,0.06495791,0.973228346
732,OK,,150.526316,13.9985684,130,123.6,130,50.8466908,2.03843507,0.458435535,0.002793284,0.025797257,0.950894138,0.10827833,0.950769231
733,OK,,150.526316,13.9985684,133,123.6,133,52.020076,1.5405136,0.619903322,0.003754555,0.019412468,0.958469555,0.193409486,0.929323308
734,OK,,150.526316,13.9985684,136,123.6,136,53.1934612,1.06997292,0.857596492,0.005161062,0.013416593,0.963763038,0.384677547,0.908823529
735,OK,,150.526316,13.9985684,139,123.6,139,54.3668464,0.656386219,1.19092646,0.007117842,0.008180421,0.966021338,0.870107017,0.889208633
736,OK,,150.526316,13.9985684,142,123.6,142,55.5402315,0.308196639,1.69027691,0.010024694,0.003810876,0.964017551,2.63054853,0.870422535
737,OK,,150.526316,13.9985684,145,123.6,145,56.7136167,0.085462072,2.42287637,0.014251192,0.001046792,0.955771848,13.61416,0.852413793
738,OK,,150.526316,13.9985684,148,123.6,148,57.8870019,0.007445278,3.45292606,0.020112752,9.00E-05,0.940221963,223.409897,0.835135135
739,OK,,150.526316,13.9985684,151,123.6,151,59.0603871,0.002419407,4.6153928,0.026620432,2.89E-05,0.921812023,922.418601,0.818543046
740,OK,,150.526316,13.9985684,154,123.6,154,60.2337722,0.001209567,5.83026921,0.033287772,1.42E-05,0.903185895,2339.3213,0.802597403
741,OK,,150.526316,13.9985684,157,123.6,157,61.4071574,0.000689771,7.03476468,0.039756935,8.00E-06,0.885429407,4967.3069,0.787261146
742,OK,,150.526316,13.9985684,160,123.6,160,62.5805426,0.000417878,8.23592849,0.046071248,4.78E-06,0.868388064,9632.00855,0.7725
743,OK,,150.526316,14.4876158,121,123.6,121,47.3265353,3.75693485,0.199480737,0.001231298,0.047852403,0.916401749,0.02573117,1.0214876
744,OK,,150.526316,14.4876158,124,123.6,124,48.4999205,3.20853488,0.253470174,0.001556725,0.040748505,0.928618336,0.038203244,0.996774194
745,OK,,150.526316,14.4876158,127,123.6,127,49.6733057,2.66413468,0.334634438,0.002044381,0.033728733,0.939630168,0.060612444,0.973228346
746,OK,,150.526316,14.4876158,130,123.6,130,50.8466908,2.13750826,0.441798954,0.002684063,0.026964438,0.94927286,0.09954086,0.950769231
747,OK,,150.526316,14.4876158,133,123.6,133,52.020076,1.62791724,0.597096848,0.003606166,0.020453,0.957227781,0.176314767,0.929323308
748,Errors,,150.526316,14.4876158,136,123.6,136,53.1934612,1.1239497,0.836022175,0.005014627,0.014071324,0.963153895,0.356372057,0.908823529
749,OK,,150.526316,14.4876158,139,123.6,139,54.3668464,0.728239494,1.13590824,0.006771029,0.009052212,0.965711682,0.747997164,0.889208633
750,OK,,150.526316,14.4876158,142,123.6,142,55.5402315,0.360851237,1.60759292,0.009511973,0.004453818,0.964558229,2.13568975,0.870422535
751,OK,,150.526316,14.4876158,145,123.6,145,56.7136167,0.118374993,2.27701815,0.013359699,0.001447126,0.957763351,9.23188216,0.852413793
752,OK,,150.526316,14.4876158,148,123.6,148,57.8870019,0.011832341,3.24328552,0.018854754,0.000142927,0.943767724,131.918694,0.835135135
753,OK,,150.526316,14.4876158,151,123.6,151,59.0603871,0.003318712,4.42810386,0.025488072,3.95E-05,0.924967939,644.606339,0.818543046
754,OK,,150.526316,14.4876158,154,123.6,154,60.2337722,0.001421803,5.61266632,0.031984177,1.67E-05,0.90679501,1914.26168,0.802597403
755,OK,,150.526316,14.4876158,157,123.6,157,61.4071574,0.000790282,6.80672061,0.038398008,9.16E-06,0.88914141,4191.64766,0.787261146
756,OK,,150.526316,14.4876158,160,123.6,160,62.5805426,0.000348358,8.00792584,0.044715805,3.98E-06,0.872032522,11225.5831,0.7725
757,OK,,150.526316,14.9766632,121,123.6,121,47.3265353,3.86763225,0.194458274,0.001196594,0.049091052,0.914168859,0.02437499,1.0214876
758,OK,,150.526316,14.9766632,124,123.6,124,48.4999205,3.30447945,0.245375841,0.001502491,0.041833009,0.926806987,0.035916399,0.996774194
759,OK,,150.526316,14.9766632,127,123.6,127,49.6733057,2.75790242,0.325254394,0.001981205,0.034806534,0.937931314,0.056920496,0.973228346
760,OK,,150.526316,14.9766632,130,123.6,130,50.8466908,2.21432639,0.430628352,0.002608685,0.027855,0.947981772,0.093652318,0.950769231
761,OK,,150.526316,14.9766632,133,123.6,133,52.020076,1.72249591,0.573826785,0.003455762,0.021574552,0.955856991,0.160177682,0.929323308
762,OK,,150.526316,14.9766632,136,123.6,136,53.1934612,1.24286606,0.785158424,0.004699077,0.01549408,0.961874553,0.30328213,0.908823529
763,OK,,150.526316,14.9766632,139,123.6,139,54.3668464,0.806515181,1.08147367,0.006429414,0.009997978,0.965273159,0.643071427,0.889208633
764,OK,,150.526316,14.9766632,142,123.6,142,55.5402315,0.433613612,1.51596397,0.008945224,0.005337508,0.964897921,1.67591769,0.870422535
765,OK,,150.526316,14.9766632,145,123.6,145,56.7136167,0.156910873,2.14884483,0.012578295,0.001914565,0.959343878,6.56979131,0.852413793
766,OK,,150.526316,14.9766632,148,123.6,148,57.8870019,0.020871567,3.06410161,0.017775399,0.000251779,0.946706979,70.5991205,0.835135135
767,OK,,150.526316,14.9766632,151,123.6,151,59.0603871,0.003917571,4.21443034,0.024210384,4.66E-05,0.928575681,519.279007,0.818543046
768,OK,,150.526316,14.9766632,154,123.6,154,60.2337722,0.001427351,5.41060401,0.030772424,1.68E-05,0.910149553,1836.6019,0.802597403
769,OK,,150.526316,14.9766632,157,123.6,157,61.4071574,0.000914162,6.58208813,0.037062693,1.06E-05,0.892797476,3501.21624,0.787261146
770,OK,,150.526316,14.9766632,160,123.6,160,62.5805426,0.000535086,7.8027718,0.043489382,6.11E-06,0.875307778,7115.19417,0.7725
771,OK,,150.526316,15.4657105,121,123.6,121,47.3265353,3.96790262,0.190391077,0.001167991,0.050198147,0.912136106,0.023267619,1.0214876
772,OK,,150.526316,15.4657105,124,123.6,124,48.4999205,3.40732843,0.238692677,0.001457158,0.042992227,0.924824184,0.033893516,0.996774194
773,OK,,150.526316,15.4657105,127,123.6,127,49.6733057,2.86158206,0.315148404,0.001913937,0.035995887,0.936047533,0.053170987,0.973228346
774,OK,,150.526316,15.4657105,130,123.6,130,50.8466908,2.32720768,0.413376387,0.002496811,0.029174596,0.946101034,0.085581683,0.950769231
775,OK,,150.526316,15.4657105,133,123.6,133,52.020076,1.81625323,0.552511871,0.003317925,0.02267912,0.954464405,0.146298668,0.929323308
776,OK,,150.526316,15.4657105,136,123.6,136,53.1934612,1.33095175,0.752781807,0.004492834,0.016543558,0.960827261,0.271576061,0.908823529
777,OK,,150.526316,15.4657105,139,123.6,139,54.3668464,0.884145591,1.03545258,0.006138006,0.010929176,0.964691751,0.561616484,0.889208633
778,OK,,150.526316,15.4657105,142,123.6,142,55.5402315,0.49854856,1.43956601,0.008472863,0.006121877,0.965104312,1.38403022,0.870422535
779,OK,,150.526316,15.4657105,145,123.6,145,56.7136167,0.199381705,2.03342359,0.011874545,0.002427948,0.960630173,4.89077318,0.852413793
780,OK,,150.526316,15.4657105,148,123.6,148,57.8870019,0.036786246,2.87607409,0.016649582,0.000443125,0.949680235,37.5730693,0.835135135
781,OK,,150.526316,15.4657105,151,123.6,151,59.0603871,0.005130963,3.97136208,0.022770799,6.10E-05,0.932670725,373.314108,0.818543046
782,OK,,150.526316,15.4657105,154,123.6,154,60.2337722,0.001934431,5.19791046,0.02950572,2.27E-05,0.913672269,1300.8125,0.802597403
783,OK,,150.526316,15.4657105,157,123.6,157,61.4071574,0.001034542,6.38746943,0.035896869,1.20E-05,0.895964831,2999.80425,0.787261146
784,OK,,150.526316,15.4657105,160,123.6,160,62.5805426,0.000602527,7.59591163,0.042256868,6.87E-06,0.878612204,6146.60027,0.7725
785,OK,,150.526316,15.9547579,121,123.6,121,47.3265353,4.07498783,0.186121875,0.001138304,0.051378052,0.909963625,0.022155444,1.0214876
786,OK,,150.526316,15.9547579,124,123.6,124,48.4999205,3.51000694,0.232379932,0.00141435,0.04414199,0.922837258,0.032040912,0.996774194
787,OK,,150.526316,15.9547579,127,123.6,127,49.6733057,2.96197707,0.306036847,0.001853098,0.037138501,0.934209856,0.049896955,0.973228346
788,OK,,150.526316,15.9547579,130,123.6,130,50.8466908,2.41555423,0.401614944,0.002418768,0.030191516,0.944594837,0.080114148,0.950769231
789,OK,,150.526316,15.9547579,133,123.6,133,52.020076,1.90156283,0.534874883,0.003202923,0.023675246,0.953163511,0.135285725,0.929323308
790,OK,,150.526316,15.9547579,136,123.6,136,53.1934612,1.41971698,0.724660472,0.004312114,0.017592947,0.959687198,0.245104686,0.908823529
791,OK,,150.526316,15.9547579,139,123.6,139,54.3668464,0.968264485,0.987262661,0.005836687,0.011935413,0.964030889,0.48902262,0.889208633
792,OK,,150.526316,15.9547579,142,123.6,142,55.5402315,0.563530187,1.37214143,0.008055384,0.006902966,0.965148298,1.16694526,0.870422535
793,OK,,150.526316,15.9547579,145,123.6,145,56.7136167,0.253843876,1.90914239,0.011122613,0.003084477,0.961861253,3.60599607,0.852413793
794,OK,,150.526316,15.9547579,148,123.6,148,57.8870019,0.058820484,2.7046168,0.015623397,0.000707452,0.952261523,22.0840254,0.835135135
795,OK,,150.526316,15.9547579,151,123.6,151,59.0603871,0.005502608,3.80172301,0.021752582,6.53E-05,0.935536731,332.926475,0.818543046
796,OK,,150.526316,15.9547579,154,123.6,154,60.2337722,0.002226745,4.96540095,0.028133409,2.61E-05,0.917527535,1078.62531,0.802597403
797,OK,,150.526316,15.9547579,157,123.6,157,61.4071574,0.001188657,6.17230999,0.034622622,1.37E-05,0.899466139,2520.85234,0.787261146
798,OK,,150.526316,15.9547579,160,123.6,160,62.5805426,0.000687611,7.37609849,0.040960496,7.84E-06,0.882123328,5225.73006,0.7725
799,OK,,150.526316,16.4438053,121,123.6,121,47.3265353,4.17451618,0.182522154,0.001112895,0.052461371,0.907936672,0.021213607,1.0214876
800,OK,,150.526316,16.4438053,124,123.6,124,48.4999205,3.61099719,0.226543325,0.001374683,0.04526388,0.920875324,0.030370415,0.996774194
801,OK,,150.526316,16.4438053,127,123.6,127,49.6733057,3.06382281,0.297285551,0.001794772,0.038290487,0.932335722,0.046872525,0.973228346
802,OK,,150.526316,16.4438053,130,123.6,130,50.8466908,2.52310253,0.387368001,0.002326134,0.031430887,0.942759883,0.074007905,0.950769231
803,OK,,150.526316,16.4438053,133,123.6,133,52.020076,2.00583512,0.513777328,0.003067777,0.024892663,0.951564614,0.123240206,0.929323308
804,OK,,150.526316,16.4438053,136,123.6,136,53.1934612,1.50970974,0.696488292,0.004132973,0.018652805,0.958525015,0.221573815,0.908823529
805,OK,,150.526316,16.4438053,139,123.6,139,54.3668464,1.0459769,0.947389201,0.005585922,0.012858404,0.963334896,0.43441798,0.889208633
806,OK,,150.526316,16.4438053,142,123.6,142,55.5402315,0.630588679,1.30993684,0.007670419,0.007705244,0.965060903,0.995480353,0.870422535
807,OK,,150.526316,16.4438053,145,123.6,145,56.7136167,0.307466822,1.81691051,0.010559557,0.003727874,0.962542023,2.83259477,0.852413793
808,OK,,150.526316,16.4438053,148,123.6,148,57.8870019,0.085865548,2.55266532,0.014713107,0.001031018,0.954419286,14.2704661,0.835135135
809,OK,,150.526316,16.4438053,151,123.6,151,59.0603871,0.008100689,3.59315931,0.02051826,9.61E-05,0.939024104,213.567137,0.818543046
810,OK,,150.526316,16.4438053,154,123.6,154,60.2337722,0.002627799,4.78486182,0.027055337,3.07E-05,0.920518184,880.001263,0.802597403
811,OK,,150.526316,16.4438053,157,123.6,157,61.4071574,0.001346744,5.97185172,0.033430046,1.55E-05,0.902727976,2151.16244,0.787261146
812,OK,,150.526316,16.4438053,160,123.6,160,62.5805426,0.000780748,7.1631368,0.039704581,8.89E-06,0.885524841,4465.87976,0.7725
813,OK,,150.526316,16.9328526,121,123.6,121,47.3265353,4.27414389,0.176032744,0.001070075,0.05353876,0.905968679,0.019986924,1.0214876
814,OK,,150.526316,16.9328526,124,123.6,124,48.4999205,3.71199168,0.221004856,0.001337051,0.046378334,0.918907155,0.028829223,0.996774194
815,OK,,150.526316,16.9328526,127,123.6,127,49.6733057,3.1621113,0.289416176,0.001742105,0.039392981,0.930515446,0.044223737,0.973228346
816,OK,,150.526316,16.9328526,130,123.6,130,50.8466908,2.62028778,0.375672068,0.00224935,0.032539039,0.941078568,0.069127722,0.950769231
817,OK,,150.526316,16.9328526,133,123.6,133,52.020076,2.09910749,0.49815972,0.002965486,0.025967876,0.95007183,0.114198241,0.929323308
818,OK,,150.526316,16.9328526,136,123.6,136,53.1934612,1.59986935,0.670402661,0.003967133,0.019708313,0.957320468,0.20129239,0.908823529
819,OK,,150.526316,16.9328526,139,123.6,139,54.3668464,1.13321133,0.905706789,0.005325769,0.013890899,0.962497032,0.383399891,0.889208633
820,OK,,150.526316,16.9328526,142,123.6,142,55.5402315,0.711930595,1.24107716,0.007248479,0.008675622,0.964836161,0.835499597,0.870422535
821,OK,,150.526316,16.9328526,145,123.6,145,56.7136167,0.367799437,1.71787699,0.009959904,0.004449119,0.963224415,2.23862412,0.852413793
822,OK,,150.526316,16.9328526,148,123.6,148,57.8870019,0.117491473,2.41405091,0.013882919,0.001408294,0.956267516,9.85796836,0.835135135
823,OK,,150.526316,16.9328526,151,123.6,151,59.0603871,0.01392807,3.40217948,0.019388003,0.000164981,0.942159073,117.516799,0.818543046
824,OK,,150.526316,16.9328526,154,123.6,154,60.2337722,0.003061039,4.56825948,0.02578084,3.58E-05,0.924107019,720.658811,0.802597403
825,OK,,150.526316,16.9328526,157,123.6,157,61.4071574,0.001545866,5.75727857,0.032171675,1.78E-05,0.906219003,1805.02884,0.787261146
826,OK,,150.526316,16.9328526,160,123.6,160,62.5805426,0.000892779,6.9423422,0.03841057,1.02E-05,0.889051218,3782.10392,0.7725
827,OK,,150.526316,17.4219,121,123.6,121,47.3265353,4.38279653,0.172058927,0.001042731,0.054714054,0.903756837,0.019057832,1.0214876
828,OK,,150.526316,17.4219,124,123.6,124,48.4999205,3.81402717,0.21565427,0.001300779,0.047498442,0.916913649,0.02738572,0.996774194
829,OK,,150.526316,17.4219,127,123.6,127,49.6733057,3.26261118,0.281722014,0.001690795,0.040515052,0.928647125,0.041732525,0.973228346
830,OK,,150.526316,17.4219,130,123.6,130,50.8466908,2.72267551,0.363878924,0.00217241,0.033702193,0.939296847,0.064459006,0.950769231
831,OK,,150.526316,17.4219,133,123.6,133,52.020076,2.19414245,0.48176552,0.002859756,0.027060808,0.948560091,0.10567889,0.929323308
832,OK,,150.526316,17.4219,136,123.6,136,53.1934612,1.69280275,0.645312415,0.003808069,0.020791017,0.956045064,0.18315935,0.908823529
833,OK,,150.526316,17.4219,139,123.6,139,54.3668464,1.21848096,0.868632506,0.005094019,0.014894155,0.961610547,0.34201463,0.889208633
834,OK,,150.526316,17.4219,142,123.6,142,55.5402315,0.787420701,1.18465347,0.006901045,0.009570618,0.964492871,0.721065771,0.870422535
835,OK,,150.526316,17.4219,145,123.6,145,56.7136167,0.426865656,1.63440355,0.009452664,0.005151974,0.963654774,1.83476532,0.852413793
836,OK,,150.526316,17.4219,148,123.6,148,57.8870019,0.157269639,2.27637751,0.013061736,0.00188158,0.95795866,6.9418974,0.835135135
837,OK,,150.526316,17.4219,151,123.6,151,59.0603871,0.025169932,3.18551946,0.018117471,0.00029776,0.945637177,60.8459492,0.818543046
838,OK,,150.526316,17.4219,154,123.6,154,60.2337722,0.005021473,4.35121125,0.024508774,5.86E-05,0.927677903,418.093858,0.802597403
839,OK,,150.526316,17.4219,157,123.6,157,61.4071574,0.001781793,5.54459918,0.030924777,2.05E-05,0.909678591,1506.92623,0.787261146
840,OK,,150.526316,17.4219,160,123.6,160,62.5805426,0.001103067,6.73335518,0.037183529,1.25E-05,0.892387346,2966.71124,0.7725
841,OK,,155.789474,8.13,121,123.6,121,47.3265353,2.43695249,0.249545246,0.001603715,0.032436543,0.943234853,0.049441602,1.0214876
842,OK,,155.789474,8.13,124,123.6,124,48.4999205,1.899047,0.336637051,0.002151262,0.025190002,0.953903346,0.085401437,0.996774194
843,OK,,155.789474,8.13,127,123.6,127,49.6733057,1.3847666,0.477214788,0.003031273,0.018293802,0.962515452,0.165699431,0.973228346
844,OK,,155.789474,8.13,130,123.6,130,50.8466908,0.912134083,0.695453012,0.004388829,0.011989551,0.968383644,0.36605451,0.950769231
845,OK,,155.789474,8.13,133,123.6,133,52.020076,0.496085325,1.03129643,0.006462169,0.006479978,0.97063861,0.997251699,0.929323308
846,OK,,155.789474,8.13,136,123.6,136,53.1934612,0.178714088,1.57872507,0.00981378,0.002314992,0.966961369,4.23922856,0.908823529
847,OK,,155.789474,8.13,139,123.6,139,54.3668464,0.019254869,2.51327524,0.015473129,0.000246393,0.953417749,62.7986718,0.889208633
848,OK,,155.789474,8.13,142,123.6,142,55.5402315,0.004592027,3.60145484,0.0219561,5.80E-05,0.935073247,378.799891,0.870422535
849,OK,,155.789474,8.13,145,123.6,145,56.7136167,0.001752314,4.79589089,0.028933828,2.18E-05,0.915405797,1327.10282,0.852413793
850,OK,,155.789474,8.13,148,123.6,148,57.8870019,0.000919914,5.98122058,0.035705713,1.13E-05,0.896658312,3164.89994,0.835135135
851,OK,,155.789474,8.13,151,123.6,151,59.0603871,0.000528556,7.17580945,0.042381082,6.39E-06,0.878491518,6632.66462,0.818543046
852,OK,,155.789474,8.13,154,123.6,154,60.2337722,0.000318731,8.38716069,0.048998969,3.80E-06,0.860751218,12901.718,0.802597403
853,OK,,155.789474,8.13,157,123.6,157,61.4071574,0.000197801,9.64905638,0.055730196,2.32E-06,0.84286434,24006.394,0.787261146
854,OK,,155.789474,8.13,160,123.6,160,62.5805426,0.0009816,10.7916825,0.061697975,1.14E-05,0.827539621,5424.72678,0.7725
855,OK,,155.789474,8.61904737,121,123.6,121,47.3265353,2.54116418,0.240246498,0.001539132,0.033705903,0.941229362,0.045663578,1.0214876
856,OK,,155.789474,8.61904737,124,123.6,124,48.4999205,1.99621844,0.322882997,0.002057069,0.026390997,0.952183397,0.07794587,0.996774194
857,OK,,155.789474,8.61904737,127,123.6,127,49.6733057,1.47882578,0.454684039,0.00287955,0.01947333,0.961075475,0.147871459,0.973228346
858,OK,,155.789474,8.61904737,130,123.6,130,50.8466908,0.997455796,0.658810562,0.004145606,0.0130714,0.96742627,0.317150852,0.950769231
859,OK,,155.789474,8.61904737,133,123.6,133,52.020076,0.562104621,0.975143681,0.006093405,0.007322871,0.970448942,0.832105922,0.929323308
860,OK,,155.789474,8.61904737,136,123.6,136,53.1934612,0.228974124,1.47133219,0.009122876,0.002959343,0.968035426,3.08273738,0.908823529
861,OK,,155.789474,8.61904737,139,123.6,139,54.3668464,0.040400736,2.25957434,0.013886361,0.000516504,0.957695264,26.8853158,0.889208633
862,OK,,155.789474,8.61904737,142,123.6,142,55.5402315,0.005618898,3.40872171,0.020732098,7.08E-05,0.938524912,292.8098,0.870422535
863,OK,,155.789474,8.61904737,145,123.6,145,56.7136167,0.00231304,4.57442367,0.027541752,2.87E-05,0.91930092,958.126357,0.852413793
864,OK,,155.789474,8.61904737,148,123.6,148,57.8870019,0.001082274,5.76635911,0.034354457,1.33E-05,0.900367247,2591.22695,0.835135135
865,OK,,155.789474,8.61904737,151,123.6,151,59.0603871,0.000644197,7.0061903,0.041283211,7.77E-06,0.881361521,5310.14127,0.818543046
866,OK,,155.789474,8.61904737,154,123.6,154,60.2337722,0.000360401,8.17764283,0.047688283,4.29E-06,0.864228938,11114.3784,0.802597403
867,OK,,155.789474,8.61904737,157,123.6,157,61.4071574,0.000226139,9.3631579,0.054019606,2.65E-06,0.847519663,20348.9679,0.787261146
868,OK,,155.789474,8.61904737,160,123.6,160,62.5805426,0.000151747,10.5938441,0.060455425,1.76E-06,0.830714221,34419.095,0.7725
869,OK,,155.789474,9.10809474,121,123.6,121,47.3265353,2.63784177,0.232351664,0.001483933,0.034871402,0.939353401,0.04255445,1.0214876
870,OK,,155.789474,9.10809474,124,123.6,124,48.4999205,2.09130713,0.310477309,0.001972004,0.027557399,0.95047859,0.071559859,0.996774194
871,OK,,155.789474,9.10809474,127,123.6,127,49.6733057,1.56802507,0.435316282,0.00274869,0.02058307,0.959669659,0.133541298,0.973228346
872,OK,,155.789474,9.10809474,130,123.6,130,50.8466908,1.08364004,0.625481723,0.003924503,0.014157607,0.966386765,0.277201,0.950769231
873,OK,,155.789474,9.10809474,133,123.6,133,52.020076,0.643870641,0.912874532,0.005688617,0.008363948,0.970074147,0.680135359,0.929323308
874,OK,,155.789474,9.10809474,136,123.6,136,53.1934612,0.285375071,1.37234363,0.008487136,0.003679517,0.968836044,2.30658951,0.908823529
875,OK,,155.789474,9.10809474,139,123.6,139,54.3668464,0.062011956,2.10978,0.012935265,0.000791459,0.960053008,16.3435604,0.889208633
876,OK,,155.789474,9.10809474,142,123.6,142,55.5402315,0.00707252,3.18271553,0.019321711,8.91E-05,0.942567974,216.950017,0.870422535
877,OK,,155.789474,9.10809474,145,123.6,145,56.7136167,0.00386471,4.3612476,0.026204239,4.80E-05,0.923032376,546.245601,0.852413793
878,OK,,155.789474,9.10809474,148,123.6,148,57.8870019,0.001256227,5.5552565,0.033030069,1.54E-05,0.904011047,2148.81616,0.835135135
879,OK,,155.789474,9.10809474,151,123.6,151,59.0603871,0.000722069,6.68619337,0.039343678,8.71E-06,0.886778334,4516.59518,0.818543046
880,OK,,155.789474,9.10809474,154,123.6,154,60.2337722,0.00040984,7.96067115,0.046335437,4.87E-06,0.867830277,9506.49749,0.802597403
881,OK,,155.789474,9.10809474,157,123.6,157,61.4071574,0.000258472,9.16220681,0.05276001,3.03E-06,0.850791574,17407.1457,0.787261146
882,OK,,155.789474,9.10809474,160,123.6,160,62.5805426,0.000172723,10.3440784,0.05893168,2.00E-06,0.834704995,29504.4743,0.7725
883,OK,,155.789474,9.59714211,121,123.6,121,47.3265353,2.73603461,0.224794859,0.001431221,0.036048402,0.93743828,0.03970275,1.0214876
884,OK,,155.789474,9.59714211,124,123.6,124,48.4999205,2.19206899,0.29810093,0.001887612,0.028787929,0.948656206,0.065569559,0.996774194
885,OK,,155.789474,9.59714211,127,123.6,127,49.6733057,1.66651537,0.415293137,0.002614426,0.021803957,0.958089995,0.119906045,0.973228346
886,OK,,155.789474,9.59714211,130,123.6,130,50.8466908,1.17022364,0.595175851,0.003723553,0.015242394,0.965279953,0.244289268,0.950769231
887,OK,,155.789474,9.59714211,133,123.6,133,52.020076,0.721617802,0.86140682,0.005352981,0.009347407,0.969568968,0.572670192,0.929323308
888,OK,,155.789474,9.59714211,136,123.6,136,53.1934612,0.344213925,1.28614101,0.007933241,0.004427417,0.969350463,1.79184421,0.908823529
889,OK,,155.789474,9.59714211,139,123.6,139,54.3668464,0.092013722,1.96152459,0.011997861,0.00117224,0.962228114,10.2349881,0.889208633
890,OK,,155.789474,9.59714211,142,123.6,142,55.5402315,0.008651494,2.97591363,0.01802784,0.00010881,0.946263005,165.681757,0.870422535
891,OK,,155.789474,9.59714211,145,123.6,145,56.7136167,0.002832068,4.22101023,0.025287528,3.51E-05,0.925523313,721.341083,0.852413793
892,OK,,155.789474,9.59714211,148,123.6,148,57.8870019,0.001458668,5.34915287,0.031740449,1.78E-05,0.907567997,1780.35861,0.835135135
893,OK,,155.789474,9.59714211,151,123.6,151,59.0603871,0.000771013,6.53880403,0.038393714,9.29E-06,0.889273075,4132.66167,0.818543046
894,OK,,155.789474,9.59714211,154,123.6,154,60.2337722,0.000434344,7.86459928,0.045672328,5.16E-06,0.869424854,8853.24337,0.802597403
895,OK,,155.789474,9.59714211,157,123.6,157,61.4071574,0.000292674,8.93867144,0.051379313,3.43E-06,0.854431234,14985.9605,0.787261146
896,OK,,155.789474,9.59714211,160,123.6,160,62.5805426,0.000189753,10.1653949,0.057802723,2.19E-06,0.837559979,26370.2393,0.7725
897,OK,,155.789474,10.0861895,121,123.6,121,47.3265353,2.83720062,0.217432796,0.00138005,0.037254361,0.935456222,0.03704398,1.0214876
898,OK,,155.789474,10.0861895,124,123.6,124,48.4999205,2.28842454,0.287223477,0.0018132,0.029954739,0.946893768,0.060531311,0.996774194
899,OK,,155.789474,10.0861895,127,123.6,127,49.6733057,1.76317729,0.397340713,0.002493922,0.022992805,0.956505451,0.108465329,0.973228346
900,OK,,155.789474,10.0861895,130,123.6,130,50.8466908,1.26675204,0.564103105,0.003518889,0.016446744,0.963992639,0.213956588,0.950769231
901,OK,,155.789474,10.0861895,133,123.6,133,52.020076,0.797125304,0.81717685,0.005063957,0.010296667,0.968967709,0.491805411,0.929323308
902,OK,,155.789474,10.0861895,136,123.6,136,53.1934612,0.409445969,1.20461405,0.007410787,0.005253094,0.969656796,1.41074729,0.908823529
903,OK,,155.789474,10.0861895,139,123.6,139,54.3668464,0.128229025,1.82811951,0.011154902,0.001630445,0.96401578,6.84163147,0.889208633
904,OK,,155.789474,10.0861895,142,123.6,142,55.5402315,0.013908077,2.77276776,0.016761208,0.000174695,0.949825995,95.945543,0.870422535
905,OK,,155.789474,10.0861895,145,123.6,145,56.7136167,0.003652441,3.9254505,0.023489461,4.52E-05,0.93072029,519.309875,0.852413793
906,OK,,155.789474,10.0861895,148,123.6,148,57.8870019,0.001467649,5.12972718,0.030377855,1.79E-05,0.911358428,1695.411,0.835135135
907,OK,,155.789474,10.0861895,151,123.6,151,59.0603871,0.000910177,6.3349168,0.037122828,1.10E-05,0.892722901,3388.68671,0.818543046
908,OK,,155.789474,10.0861895,154,123.6,154,60.2337722,0.000533436,7.52053579,0.043609252,6.33E-06,0.875135344,6888.68344,0.802597403
909,OK,,155.789474,10.0861895,157,123.6,157,61.4071574,0.00032693,8.74184523,0.050152341,3.83E-06,0.857635941,13109.2541,0.787261146
910,OK,,155.789474,10.0861895,160,123.6,160,62.5805426,0.000213452,9.94177783,0.056431302,2.46E-06,0.841132869,22908.879,0.7725
911,OK,,155.789474,10.5752368,121,123.6,121,47.3265353,2.93689879,0.210658327,0.00133291,0.03843376,0.933492763,0.03468071,1.0214876
912,OK,,155.789474,10.5752368,124,123.6,124,48.4999205,2.38817223,0.276636407,0.00174104,0.031156091,0.945055402,0.055881215,0.996774194
913,OK,,155.789474,10.5752368,127,123.6,127,49.6733057,1.85782209,0.381178355,0.002385364,0.024149985,0.954925479,0.098772897,0.973228346
914,OK,,155.789474,10.5752368,130,123.6,130,50.8466908,1.35433683,0.538921852,0.003352053,0.017530254,0.962765351,0.191215292,0.950769231
915,OK,,155.789474,10.5752368,133,123.6,133,52.020076,0.885476682,0.770156774,0.004759187,0.011403477,0.968173183,0.41734528,0.929323308
916,OK,,155.789474,10.5752368,136,123.6,136,53.1934612,0.476457647,1.13280435,0.006950469,0.00609708,0.969746996,1.13996693,0.908823529
917,OK,,155.789474,10.5752368,139,123.6,139,54.3668464,0.173490703,1.69846365,0.010338528,0.002201314,0.96556809,4.69652585,0.889208633
918,OK,,155.789474,10.5752368,142,123.6,142,55.5402315,0.023900849,2.58268977,0.015578085,0.000299792,0.953068424,51.9630642,0.870422535
919,OK,,155.789474,10.5752368,145,123.6,145,56.7136167,0.004705859,3.73281893,0.022289445,5.82E-05,0.934098282,382.934696,0.852413793
920,OK,,155.789474,10.5752368,148,123.6,148,57.8870019,0.001979363,4.96816674,0.029347345,2.41E-05,0.914140551,1216.9232,0.835135135
921,OK,,155.789474,10.5752368,151,123.6,151,59.0603871,0.001057845,6.10891664,0.035729682,1.27E-05,0.896546996,2809.28855,0.818543046
922,OK,,155.789474,10.5752368,154,123.6,154,60.2337722,0.00060306,7.32014456,0.042364648,7.15E-06,0.87846108,5925.94047,0.802597403
923,OK,,155.789474,10.5752368,157,123.6,157,61.4071574,0.000371038,8.51818328,0.048779998,4.34E-06,0.861277501,11246.3303,0.787261146
924,OK,,155.789474,10.5752368,160,123.6,160,62.5805426,0.000239297,9.74711907,0.055223181,2.76E-06,0.844242987,20017.9899,0.7725
925,OK,,155.789474,11.0642842,121,123.6,121,47.3265353,3.03817415,0.204159931,0.001287789,0.039624458,0.931490145,0.032499849,1.0214876
926,OK,,155.789474,11.0642842,124,123.6,124,48.4999205,2.48524281,0.267090907,0.001675853,0.032315995,0.943250758,0.0518583,0.996774194
927,OK,,155.789474,11.0642842,127,123.6,127,49.6733057,1.95416976,0.365914483,0.002283009,0.025320099,0.953293138,0.090165893,0.973228346
928,OK,,155.789474,11.0642842,130,123.6,130,50.8466908,1.44461651,0.515044573,0.00319422,0.018640915,0.961459417,0.171355332,0.950769231
929,OK,,155.789474,11.0642842,133,123.6,133,52.020076,0.966636403,0.732018838,0.004510791,0.012412684,0.96734616,0.363401766,0.929323308
930,OK,,155.789474,11.0642842,136,123.6,136,53.1934612,0.548315759,1.06570419,0.006521242,0.006997915,0.96965755,0.931883575,0.908823529
931,OK,,155.789474,11.0642842,139,123.6,139,54.3668464,0.221020175,1.59011477,0.009654876,0.002798308,0.966686776,3.45025479,0.889208633
932,OK,,155.789474,11.0642842,142,123.6,142,55.5402315,0.04006712,2.40184225,0.014455119,0.000501805,0.956033504,28.8062505,0.870422535
933,Errors,,155.789474,11.0642842,145,123.6,145,56.7136167,0.002904807,5.71086528,0.033706851,3.55E-05,0.899252236,950.759088,0.852413793
934,OK,,155.789474,11.0642842,148,123.6,148,57.8870019,0.002221287,4.77344941,0.028134857,2.70E-05,0.91750012,1041.14311,0.835135135
935,OK,,155.789474,11.0642842,151,123.6,151,59.0603871,0.001017425,5.91379232,0.034518705,1.22E-05,0.89985149,2825.10322,0.818543046
936,OK,,155.789474,11.0642842,154,123.6,154,60.2337722,0.000658908,7.11104521,0.041075339,7.80E-06,0.881931616,5264.31551,0.802597403
937,OK,,155.789474,11.0642842,157,123.6,157,61.4071574,0.000418236,8.3085753,0.047490656,4.88E-06,0.864690145,9723.71213,0.787261146
938,OK,,155.789474,11.0642842,160,123.6,160,62.5805426,0.000251173,9.5465097,0.053983922,2.89E-06,0.847448416,18664.5076,0.7725
939,OK,,155.789474,11.5533316,121,123.6,121,47.3265353,3.13681067,0.198246395,0.001246629,0.040774864,0.929530927,0.03057347,1.0214876
940,OK,,155.789474,11.5533316,124,123.6,124,48.4999205,2.58765327,0.263394349,0.001647601,0.033534195,0.941215417,0.049131981,0.996774194
941,OK,,155.789474,11.5533316,127,123.6,127,49.6733057,2.05232245,0.351446043,0.002186192,0.026505151,0.951608445,0.082481783,0.973228346
942,OK,,155.789474,11.5533316,130,123.6,130,50.8466908,1.53693137,0.492568914,0.003045938,0.019770205,0.960085892,0.154067106,0.950769231
943,OK,,155.789474,11.5533316,133,123.6,133,52.020076,1.05754745,0.692977359,0.004258152,0.013538646,0.966349053,0.314518283,0.929323308
944,OK,,155.789474,11.5533316,136,123.6,136,53.1934612,0.623073436,1.00456944,0.006130574,0.007930433,0.969401448,0.773044092,0.908823529
945,OK,,155.789474,11.5533316,139,123.6,139,54.3668464,0.273734381,1.49080248,0.009028999,0.003457816,0.967543881,2.61118582,0.889208633
946,OK,,155.789474,11.5533316,142,123.6,142,55.5402315,0.06176447,2.24446245,0.013477086,0.000772282,0.958476462,17.4509903,0.870422535
947,OK,,155.789474,11.5533316,145,123.6,145,56.7136167,0.007418519,3.30383003,0.019646317,9.15E-05,0.941614576,214.625043,0.852413793
948,OK,,155.789474,11.5533316,148,123.6,148,57.8870019,0.003057744,4.49884179,0.026480437,3.72E-05,0.922229527,711.813778,0.835135135
949,OK,,155.789474,11.5533316,151,123.6,151,59.0603871,0.001582456,5.68924746,0.033143869,1.90E-05,0.903643877,1745.95183,0.818543046
950,OK,,155.789474,11.5533316,154,123.6,154,60.2337722,0.000785589,6.8940463,0.039746178,9.29E-06,0.885532125,4277.12018,0.802597403
951,OK,,155.789474,11.5533316,157,123.6,157,61.4071574,0.000469629,8.09938877,0.046208049,5.48E-06,0.868095858,8434.61143,0.787261146
952,OK,,155.789474,11.5533316,160,123.6,160,62.5805426,0.000299853,9.3065392,0.052538498,3.45E-06,0.851282225,15229.2295,0.7725
953,OK,,155.789474,12.0423789,121,123.6,121,47.3265353,3.23959171,0.192361529,0.001205879,0.041967783,0.927483531,0.028733451,1.0214876
954,OK,,155.789474,12.0423789,124,123.6,124,48.4999205,2.68863913,0.254593856,0.001587703,0.03472651,0.939314684,0.045720209,0.996774194
955,OK,,155.789474,12.0423789,127,123.6,127,49.6733057,2.1476162,0.33849646,0.002099363,0.027646806,0.949950731,0.075935094,0.973228346
956,OK,,155.789474,12.0423789,130,123.6,130,50.8466908,1.63024048,0.471666564,0.002908178,0.020904609,0.958661871,0.139116603,0.950769231
957,OK,,155.789474,12.0423789,133,123.6,133,52.020076,1.13814163,0.662270763,0.004057976,0.014528451,0.965390047,0.279312371,0.929323308
958,OK,,155.789474,12.0423789,136,123.6,136,53.1934612,0.697806252,0.950766774,0.005786483,0.008857434,0.969007976,0.653291078,0.908823529
959,OK,,155.789474,12.0423789,139,123.6,139,54.3668464,0.332259828,1.3980429,0.008445686,0.004187249,0.968173568,2.01700102,0.889208633
960,OK,,155.789474,12.0423789,142,123.6,142,55.5402315,0.092812468,2.0848479,0.012489953,0.001158414,0.960791298,10.7819452,0.870422535
961,OK,,155.789474,12.0423789,145,123.6,145,56.7136167,0.009301995,3.1074179,0.018439426,0.000114641,0.945044593,160.845496,0.852413793
962,OK,,155.789474,12.0423789,148,123.6,148,57.8870019,0.003199633,4.28238818,0.025155656,3.89E-05,0.925966319,646.9584,0.835135135
963,OK,,155.789474,12.0423789,151,123.6,151,59.0603871,0.001760178,5.45788969,0.031735699,2.11E-05,0.907558177,1504.56593,0.818543046
964,OK,,155.789474,12.0423789,154,123.6,154,60.2337722,0.000923313,6.65737604,0.03831088,1.09E-05,0.889459034,3511.37852,0.802597403
965,OK,,155.789474,12.0423789,157,123.6,157,61.4071574,0.000534449,7.88535891,0.044903227,6.23E-06,0.871580225,7209.92609,0.787261146
966,OK,,155.789474,12.0423789,160,123.6,160,62.5805426,0.000337933,9.08624119,0.051202642,3.88E-06,0.854801848,13182.9274,0.7725
967,OK,,155.789474,12.5314263,121,123.6,121,47.3265353,3.34082319,0.185137312,0.00115702,0.043134372,0.925497177,0.026823612,1.0214876
968,OK,,155.789474,12.5314263,124,123.6,124,48.4999205,2.7872784,0.246579272,0.001533063,0.035882574,0.937446131,0.042724455,0.996774194
969,OK,,155.789474,12.5314263,127,123.6,127,49.6733057,2.24500568,0.326090021,0.002016402,0.028807147,0.948239891,0.069996585,0.973228346
970,OK,,155.789474,12.5314263,130,123.6,130,50.8466908,1.72629838,0.451735477,0.002777169,0.022066197,0.957164688,0.125856249,0.950769231
971,OK,,155.789474,12.5314263,133,123.6,133,52.020076,1.22847578,0.630339886,0.003851386,0.01563407,0.96426734,0.246345733,0.929323308
972,OK,,155.789474,12.5314263,136,123.6,136,53.1934612,0.777568282,0.899399793,0.00545896,0.009842289,0.968474169,0.554643331,0.908823529
973,OK,,155.789474,12.5314263,139,123.6,139,54.3668464,0.397109481,1.31059471,0.007897109,0.00499216,0.968589236,1.58190244,0.889208633
974,OK,,155.789474,12.5314263,142,123.6,142,55.5402315,0.125433354,1.95998,0.011713956,0.001562672,0.962452203,7.49610502,0.870422535
975,OK,,155.789474,12.5314263,145,123.6,145,56.7136167,0.014561194,2.90928321,0.017227209,0.000179228,0.94844546,96.1190171,0.852413793
976,OK,,155.789474,12.5314263,148,123.6,148,57.8870019,0.004184344,4.0813833,0.023925718,5.08E-05,0.929421675,471.070925,0.835135135
977,OK,,155.789474,12.5314263,151,123.6,151,59.0603871,0.001812688,5.27630276,0.030616115,2.17E-05,0.910631885,1411.11509,0.818543046
978,OK,,155.789474,12.5314263,154,123.6,154,60.2337722,0.00132669,6.50664524,0.037353859,1.56E-05,0.891954767,2387.18869,0.802597403
979,OK,,155.789474,12.5314263,157,123.6,157,61.4071574,0.000609911,7.66333756,0.043558552,7.10E-06,0.875194557,6135.00615,0.787261146
980,OK,,155.789474,12.5314263,160,123.6,160,62.5805426,0.000379613,8.87383296,0.049914641,4.36E-06,0.85819534,11451.8937,0.7725
981,OK,,155.789474,13.0204737,121,123.6,121,47.3265353,3.44420207,0.179867625,0.001120618,0.044318559,0.923424149,0.025285532,1.0214876
982,OK,,155.789474,13.0204737,124,123.6,124,48.4999205,2.88821645,0.238825713,0.001480351,0.037058678,0.935524798,0.039946129,0.996774194
983,OK,,155.789474,13.0204737,127,123.6,127,49.6733057,2.3426357,0.314494391,0.001938903,0.02996291,0.946507887,0.064710112,0.973228346
984,OK,,155.789474,13.0204737,130,123.6,130,50.8466908,1.82056528,0.433767329,0.002658932,0.023198077,0.955664123,0.11461862,0.950769231
985,OK,,155.789474,13.0204737,133,123.6,133,52.020076,1.31763976,0.601725107,0.003666119,0.016718279,0.963103382,0.219288052,0.929323308
986,OK,,155.789474,13.0204737,136,123.6,136,53.1934612,0.860369166,0.851732075,0.005155491,0.010859286,0.96781369,0.474754174,0.908823529
987,OK,,155.789474,13.0204737,139,123.6,139,54.3668464,0.465131701,1.23202835,0.007404458,0.005832459,0.96878318,1.26952594,0.889208633
988,OK,,155.789474,13.0204737,142,123.6,142,55.5402315,0.169911879,1.8249805,0.010881261,0.002112476,0.96408203,5.15095196,0.870422535
989,OK,,155.789474,13.0204737,145,123.6,145,56.7136167,0.024252049,2.72417904,0.016096341,0.000298099,0.951538427,53.996558,0.852413793
990,OK,,155.789474,13.0204737,148,123.6,148,57.8870019,0.005363569,3.86929047,0.022636423,6.50E-05,0.933065215,348.104724,0.835135135
991,OK,,155.789474,13.0204737,151,123.6,151,59.0603871,0.002183505,5.05416161,0.029269988,2.61E-05,0.914386861,1121.20915,0.818543046
992,OK,,155.789474,13.0204737,154,123.6,154,60.2337722,0.001150577,6.25160175,0.035835535,1.36E-05,0.896191919,2641.54882,0.802597403
993,OK,,155.789474,13.0204737,157,123.6,157,61.4071574,0.001003498,7.45369661,0.042287105,1.17E-05,0.878602098,3623.7785,0.787261146
994,OK,,155.789474,13.0204737,160,123.6,160,62.5805426,0.00043265,8.64332008,0.048529724,4.96E-06,0.861877952,9779.32646,0.7725
995,OK,,155.789474,13.5095211,121,123.6,121,47.3265353,3.54261118,0.175207243,0.001088235,0.045434877,0.921443258,0.023951524,1.0214876
996,OK,,155.789474,13.5095211,124,123.6,124,48.4999205,2.98819842,0.231625218,0.00143137,0.038215246,0.933611775,0.03745546,0.996774194
997,OK,,155.789474,13.5095211,127,123.6,127,49.6733057,2.43714617,0.304088695,0.001869184,0.031072881,0.944814728,0.06015484,0.973228346
998,OK,,155.789474,13.5095211,130,123.6,130,50.8466908,1.91433996,0.417234016,0.002550132,0.024316688,0.95414502,0.104871704,0.950769231
999,OK,,155.789474,13.5095211,133,123.6,133,52.020076,1.41051045,0.574316032,0.003489169,0.017841604,0.961844991,0.19556362,0.929323308
1000,OK,,155.789474,13.5095211,136,123.6,136,53.1934612,0.942038406,0.809693745,0.004887577,0.01185636,0.967068656,0.41223248,0.908823529
1001,OK,,155.789474,13.5095211,139,123.6,139,54.3668464,0.531104633,1.16615312,0.006990196,0.006642988,0.968781383,1.05226683,0.889208633
1002,OK,,155.789474,13.5095211,142,123.6,142,55.5402315,0.216670826,1.71196457,0.010182612,0.002688152,0.965274985,3.78795927,0.870422535
1003,OK,,155.789474,13.5095211,145,123.6,145,56.7136167,0.040692799,2.53492077,0.014945808,0.000499444,0.954585623,29.9248872,0.852413793
1004,OK,,155.789474,13.5095211,148,123.6,148,57.8870019,0.005843281,3.65614182,0.021346109,7.08E-05,0.936739078,301.662451,0.835135135
1005,OK,,155.789474,13.5095211,151,123.6,151,59.0603871,0.002606885,4.83522838,0.027942811,3.11E-05,0.918086631,897.624755,0.818543046
1006,OK,,155.789474,13.5095211,154,123.6,154,60.2337722,0.001370223,6.04680768,0.034590093,1.61E-05,0.89958826,2143.52625,0.802597403
1007,OK,,155.789474,13.5095211,157,123.6,157,61.4071574,0.000786187,7.24193076,0.041005534,9.13E-06,0.88205419,4490.17965,0.787261146
1008,OK,,155.789474,13.5095211,160,123.6,160,62.5805426,0.000486447,8.43233759,0.047258476,5.57E-06,0.865248467,8478.66288,0.7725
1009,OK,,155.789474,13.9985684,121,123.6,121,47.3265353,3.63807866,0.173568232,0.001074759,0.046508705,0.919460682,0.023108766,1.0214876
1010,OK,,155.789474,13.9985684,124,123.6,124,48.4999205,3.08418955,0.225190099,0.001387409,0.039316184,0.931765256,0.035288504,0.996774194
1011,OK,,155.789474,13.9985684,127,123.6,127,49.6733057,2.53900801,0.293370266,0.001797924,0.032265124,0.942979871,0.055723457,0.973228346
1012,OK,,155.789474,13.9985684,130,123.6,130,50.8466908,2.00997109,0.401510221,0.002446877,0.025451024,0.952573486,0.096140615,0.950769231
1013,OK,,155.789474,13.9985684,133,123.6,133,52.020076,1.50493683,0.548749264,0.003324348,0.01897714,0.960521279,0.175176439,0.929323308
1014,OK,,155.789474,13.9985684,136,123.6,136,53.1934612,1.02635844,0.770362436,0.004637358,0.012880458,0.9662229,0.360030561,0.908823529
1015,OK,,155.789474,13.9985684,139,123.6,139,54.3668464,0.609276286,1.0966968,0.006556594,0.007600113,0.968621077,0.862696861,0.889208633
1016,OK,,155.789474,13.9985684,142,123.6,142,55.5402315,0.268041378,1.60995494,0.009550708,0.003316868,0.966186739,2.87943543,0.870422535
1017,OK,,155.789474,13.9985684,145,123.6,145,56.7136167,0.061968464,2.37588124,0.013976796,0.000759361,0.957014738,18.4059858,0.852413793
1018,OK,,155.789474,13.9985684,148,123.6,148,57.8870019,0.007746253,3.45352812,0.020116222,9.37E-05,0.940206363,214.767706,0.835135135
1019,OK,,155.789474,13.9985684,151,123.6,151,59.0603871,0.003080814,4.61671586,0.026627957,3.67E-05,0.921778422,724.601917,0.818543046
1020,OK,,155.789474,13.9985684,154,123.6,154,60.2337722,0.001345414,5.83054096,0.033289296,1.58E-05,0.903179128,2103.21941,0.802597403
1021,OK,,155.789474,13.9985684,157,123.6,157,61.4071574,0.000894359,7.03517393,0.0397592,1.04E-05,0.885419411,3831.25144,0.787261146
1022,OK,,155.789474,13.9985684,160,123.6,160,62.5805426,0.000641052,8.23637493,0.046073686,7.34E-06,0.868377364,6279.10908,0.7725
1023,OK,,155.789474,14.4876158,121,123.6,121,47.3265353,3.74168994,0.16899776,0.001043244,0.047672339,0.91736797,0.021883629,1.0214876
1024,OK,,155.789474,14.4876158,124,123.6,124,48.4999205,3.19090069,0.218207724,0.001340307,0.040538394,0.92970899,0.033062649,0.996774194
1025,OK,,155.789474,14.4876158,127,123.6,127,49.6733057,2.63862583,0.283622373,0.001733015,0.033422248,0.941170652,0.051852135,0.973228346
1026,OK,,155.789474,14.4876158,130,123.6,130,50.8466908,2.10967929,0.386144088,0.002346358,0.026627642,0.950914733,0.088117363,0.950769231
1027,OK,,155.789474,14.4876158,133,123.6,133,52.020076,1.59293446,0.527131352,0.003184313,0.020026915,0.959245238,0.159001698,0.929323308
1028,Errors,,155.789474,14.4876158,136,123.6,136,53.1934612,1.08035973,0.748837664,0.004492908,0.013536877,0.965612364,0.331901346,0.908823529
1029,OK,,155.789474,14.4876158,139,123.6,139,54.3668464,0.680934807,1.04128969,0.006208855,0.00847181,0.968322156,0.73288409,0.889208633
1030,OK,,155.789474,14.4876158,142,123.6,142,55.5402315,0.318921512,1.52372195,0.009018065,0.003939413,0.966823267,2.28919025,0.870422535
1031,OK,,155.789474,14.4876158,145,123.6,145,56.7136167,0.091458051,2.22317532,0.013045955,0.001118631,0.959187343,11.6624334,0.852413793
1032,OK,,155.789474,14.4876158,148,123.6,148,57.8870019,0.010602172,3.24082473,0.01884059,0.00012807,0.943831485,147.111272,0.835135135
1033,OK,,155.789474,14.4876158,151,123.6,151,59.0603871,0.0036446,4.42875576,0.025491774,4.34E-05,0.924951383,587.056467,0.818543046
1034,OK,,155.789474,14.4876158,154,123.6,154,60.2337722,0.001833273,5.61348942,0.031988789,2.15E-05,0.906774514,1484.83925,0.802597403
1035,OK,,155.789474,14.4876158,157,123.6,157,61.4071574,0.00099205,6.80712423,0.038400239,1.15E-05,0.889131551,3339.33583,0.787261146
1036,OK,,155.789474,14.4876158,160,123.6,160,62.5805426,0.00061727,8.00846378,0.044718739,7.06E-06,0.872019629,6335.63905,0.7725
1037,OK,,155.789474,14.9766632,121,123.6,121,47.3265353,3.85252494,0.164250722,0.00101081,0.048913596,0.915126353,0.020665221,1.0214876
1038,OK,,155.789474,14.9766632,124,123.6,124,48.4999205,3.2879888,0.212400338,0.001300711,0.041637501,0.92782691,0.031238943,0.996774194
1039,OK,,155.789474,14.9766632,127,123.6,127,49.6733057,2.73282499,0.275105518,0.001676003,0.034506699,0.939445735,0.048570367,0.973228346
1040,OK,,155.789474,14.9766632,130,123.6,130,50.8466908,2.18689515,0.375769287,0.002276752,0.027524422,0.949600173,0.082717529,0.950769231
1041,OK,,155.789474,14.9766632,133,123.6,133,52.020076,1.68817816,0.505191929,0.00304308,0.021158598,0.957836085,0.143822366,0.929323308
1042,OK,,155.789474,14.9766632,136,123.6,136,53.1934612,1.2003083,0.700039321,0.004190768,0.014975667,0.964274789,0.27983851,0.908823529
1043,OK,,155.789474,14.9766632,139,123.6,139,54.3668464,0.759206819,0.986848478,0.005868594,0.009419955,0.967883822,0.622995929,0.889208633
1044,OK,,155.789474,14.9766632,142,123.6,142,55.5402315,0.388454665,1.42563421,0.008414571,0.004785693,0.967337391,1.75827622,0.870422535
1045,OK,,155.789474,14.9766632,145,123.6,145,56.7136167,0.125528884,2.08607065,0.012213201,0.001532551,0.961004082,7.96919755,0.852413793
1046,OK,,155.789474,14.9766632,148,123.6,148,57.8870019,0.015545184,3.05344694,0.017714164,0.000187544,0.946983053,94.453306,0.835135135
1047,OK,,155.789474,14.9766632,151,123.6,151,59.0603871,0.004364157,4.21532368,0.024215451,5.19E-05,0.928552994,466.242276,0.818543046
1048,OK,,155.789474,14.9766632,154,123.6,154,60.2337722,0.002088352,5.41192627,0.030779824,2.45E-05,0.910116627,1255.60064,0.802597403
1049,OK,,155.789474,14.9766632,157,123.6,157,61.4071574,0.001112495,6.58248487,0.037064884,1.29E-05,0.892787785,2877.20995,0.787261146
1050,OK,,155.789474,14.9766632,160,123.6,160,62.5805426,0.000694807,7.80309131,0.043491122,7.94E-06,0.875300121,5479.80138,0.7725
1051,OK,,155.789474,15.4657105,121,123.6,121,47.3265353,3.95286543,0.160323983,0.000983633,0.050022416,0.91308915,0.019663849,1.0214876
1052,OK,,155.789474,15.4657105,124,123.6,124,48.4999205,3.39119582,0.206433413,0.001260352,0.042801958,0.925821956,0.029446141,0.996774194
1053,OK,,155.789474,15.4657105,127,123.6,127,49.6733057,2.83699362,0.265977823,0.001615569,0.035703433,0.937532415,0.045249689,0.973228346
1054,OK,,155.789474,15.4657105,130,123.6,130,50.8466908,2.3004986,0.359962076,0.002174553,0.028854504,0.947676818,0.075362682,0.950769231
1055,OK,,155.789474,15.4657105,133,123.6,133,52.020076,1.78257621,0.485159055,0.002914077,0.022272898,0.956406537,0.130835099,0.929323308
1056,OK,,155.789474,15.4657105,136,123.6,136,53.1934612,1.28897895,0.668833365,0.003992852,0.016034613,0.963194493,0.249014552,0.908823529
1057,OK,,155.789474,15.4657105,139,123.6,139,54.3668464,0.837017106,0.941187792,0.005580854,0.01035582,0.967292477,0.538909851,0.889208633
1058,OK,,155.789474,15.4657105,142,123.6,142,55.5402315,0.452222813,1.34690292,0.007929745,0.005557854,0.967606802,1.42676391,0.870422535
1059,OK,,155.789474,15.4657105,145,123.6,145,56.7136167,0.164231238,1.9631115,0.011466417,0.002001216,0.962489736,5.72972465,0.852413793
1060,OK,,155.789474,15.4657105,148,123.6,148,57.8870019,0.02558046,2.85365853,0.016520943,0.000308205,0.950261045,53.6038211,0.835135135
1061,OK,,155.789474,15.4657105,151,123.6,151,59.0603871,0.00536954,3.97183932,0.022773502,6.38E-05,0.932658605,356.771095,0.818543046
1062,OK,,155.789474,15.4657105,154,123.6,154,60.2337722,0.002592949,5.19922774,0.029513082,3.04E-05,0.913639467,970.705393,0.802597403
1063,OK,,155.789474,15.4657105,157,123.6,157,61.4071574,0.001336286,6.38807304,0.035900197,1.55E-05,0.895950088,2322.6528,0.787261146
1064,OK,,155.789474,15.4657105,160,123.6,160,62.5805426,0.001461124,7.59762917,0.042266212,1.67E-05,0.878571039,2535.28392,0.7725
1065,OK,,155.789474,15.9547579,121,123.6,121,47.3265353,4.06003553,0.156224791,0.000955547,0.051204245,0.910911283,0.018661474,1.0214876
1066,OK,,155.789474,15.9547579,124,123.6,124,48.4999205,3.49435634,0.201084789,0.001223997,0.043958359,0.923805213,0.027844472,0.996774194
1067,OK,,155.789474,15.9547579,127,123.6,127,49.6733057,2.93782728,0.257743869,0.001560915,0.036852721,0.935668241,0.042355491,0.973228346
1068,OK,,155.789474,15.9547579,130,123.6,130,50.8466908,2.38931477,0.34914023,0.00210308,0.029878505,0.946142906,0.070387736,0.950769231
1069,OK,,155.789474,15.9547579,133,123.6,133,52.020076,1.86841838,0.468587701,0.002806566,0.023277244,0.95507492,0.120571252,0.929323308
1070,OK,,155.789474,15.9547579,136,123.6,136,53.1934612,1.37837553,0.6419754,0.003821078,0.017094018,0.96201881,0.223533073,0.908823529
1071,OK,,155.789474,15.9547579,139,123.6,139,54.3668464,0.92140931,0.893545281,0.005284166,0.011367874,0.966616519,0.464833267,0.889208633
1072,OK,,155.789474,15.9547579,142,123.6,142,55.5402315,0.516373489,1.27781681,0.007503816,0.006330906,0.967695664,1.18526744,0.870422535
1073,OK,,155.789474,15.9547579,145,123.6,145,56.7136167,0.215100463,1.83164367,0.010673638,0.002615584,0.963910887,4.0807859,0.852413793
1074,OK,,155.789474,15.9547579,148,123.6,148,57.8870019,0.041410366,2.66979043,0.015423849,0.000498215,0.953163911,30.9582301,0.835135135
1075,OK,,155.789474,15.9547579,151,123.6,151,59.0603871,0.007328865,3.8053762,0.021773247,8.70E-05,0.935443954,250.211293,0.818543046
1076,OK,,155.789474,15.9547579,154,123.6,154,60.2337722,0.002879805,4.96670732,0.028140702,3.37E-05,0.917495004,834.24878,0.802597403
1077,OK,,155.789474,15.9547579,157,123.6,157,61.4071574,0.001477734,6.17288826,0.034625807,1.71E-05,0.899452014,2027.91532,0.787261146
1078,OK,,155.789474,15.9547579,160,123.6,160,62.5805426,0.000885112,7.37649357,0.040962643,1.01E-05,0.882113859,4059.90054,0.7725
1079,OK,,155.789474,16.4438053,121,123.6,121,47.3265353,4.15960645,0.152710417,0.000931211,0.052288933,0.908881628,0.017808957,1.0214876
1080,OK,,155.789474,16.4438053,124,123.6,124,48.4999205,3.59686456,0.198283763,0.001203309,0.045098909,0.921749391,0.026681555,0.996774194
1081,OK,,155.789474,16.4438053,127,123.6,127,49.6733057,3.04007303,0.249792896,0.001508275,0.038010879,0.933769942,0.039680081,0.973228346
1082,OK,,155.789474,16.4438053,130,123.6,130,50.8466908,2.49748406,0.33613566,0.00201881,0.031126908,0.944271305,0.06485738,0.950769231
1083,OK,,155.789474,16.4438053,133,123.6,133,52.020076,1.97341149,0.448932343,0.002681129,0.02450533,0.953434443,0.109410027,0.929323308
1084,OK,,155.789474,16.4438053,136,123.6,136,53.1934612,1.46898856,0.615044469,0.003650608,0.018163637,0.960821631,0.200984429,0.908823529
1085,OK,,155.789474,16.4438053,139,123.6,139,54.3668464,0.999415154,0.854259399,0.005038268,0.012296759,0.965904321,0.409723229,0.889208633
1086,OK,,155.789474,16.4438053,142,123.6,142,55.5402315,0.582851999,1.21445272,0.007113393,0.007128294,0.967639589,0.997909602,0.870422535
1087,OK,,155.789474,16.4438053,145,123.6,145,56.7136167,0.263759624,1.72948314,0.010054127,0.003200538,0.964854247,3.14138653,0.852413793
1088,OK,,155.789474,16.4438053,148,123.6,148,57.8870019,0.062655099,2.50623636,0.014447528,0.000752642,0.955622309,19.1957428,0.835135135
1089,OK,,155.789474,16.4438053,151,123.6,151,59.0603871,0.008442943,3.59384394,0.020522127,0.000100133,0.939006717,204.9496,0.818543046
1090,OK,,155.789474,16.4438053,154,123.6,154,60.2337722,0.003314662,4.78623581,0.027062996,3.88E-05,0.920483969,697.853877,0.802597403
1091,OK,,155.789474,16.4438053,157,123.6,157,61.4071574,0.001919086,5.97299663,0.033436343,2.21E-05,0.902700011,1509.90676,0.787261146
1092,OK,,155.789474,16.4438053,160,123.6,160,62.5805426,0.00110871,7.16379286,0.039708142,1.26E-05,0.885509117,3145.14683,0.7725
1093,OK,,155.789474,16.9328526,121,123.6,121,47.3265353,4.26076976,0.149291628,0.000907597,0.053384865,0.906816306,0.017001014,1.0214876
1094,OK,,155.789474,16.9328526,124,123.6,124,48.4999205,3.69811602,0.193259352,0.001169297,0.046217185,0.919765325,0.025300043,0.996774194
1095,OK,,155.789474,16.9328526,127,123.6,127,49.6733057,3.13911231,0.243425265,0.00146548,0.03912356,0.931904319,0.037457731,0.973228346
1096,OK,,155.789474,16.9328526,130,123.6,130,50.8466908,2.59517538,0.3254522,0.001948962,0.03224253,0.942560125,0.060446944,0.950769231
1097,OK,,155.789474,16.9328526,133,123.6,133,52.020076,2.06726719,0.434481847,0.002586932,0.025589365,0.951908009,0.101094019,0.929323308
1098,OK,,155.789474,16.9328526,136,123.6,136,53.1934612,1.55976903,0.590201246,0.003493407,0.01922883,0.959582057,0.181675469,0.908823529
1099,OK,,155.789474,16.9328526,139,123.6,139,54.3668464,1.08709734,0.813473308,0.004784775,0.013337146,0.965041735,0.35875555,0.889208633
1100,OK,,155.789474,16.9328526,142,123.6,142,55.5402315,0.66385136,1.14490859,0.00668878,0.008096972,0.967433338,0.826084198,0.870422535
1101,OK,,155.789474,16.9328526,145,123.6,145,56.7136167,0.321786342,1.62583766,0.00942892,0.003895829,0.965658618,2.42026016,0.852413793
1102,OK,,155.789474,16.9328526,148,123.6,148,57.8870019,0.09019987,2.35945838,0.013571201,0.001081708,0.957682067,12.5460867,0.835135135
1103,OK,,155.789474,16.9328526,151,123.6,151,59.0603871,0.010735414,3.39579299,0.019351978,0.00012717,0.942321265,152.17359,0.818543046
1104,OK,,155.789474,16.9328526,154,123.6,154,60.2337722,0.003472831,4.56908323,0.025785426,4.06E-05,0.924086507,635.324205,0.802597403
1105,OK,,155.789474,16.9328526,157,123.6,157,61.4071574,0.001992007,5.75817102,0.032176578,2.30E-05,0.906197205,1400.98966,0.787261146
1106,OK,,155.789474,16.9328526,160,123.6,160,62.5805426,0.001146583,6.94284991,0.038413323,1.30E-05,0.889039049,2945.13279,0.7725
1107,OK,,155.789474,17.4219,121,123.6,121,47.3265353,4.36960233,0.14567779,0.000882927,0.054563038,0.904593056,0.016181772,1.0214876
1108,OK,,155.789474,17.4219,124,123.6,124,48.4999205,3.80039841,0.188402706,0.001136501,0.047340965,0.917756543,0.024006711,0.996774194
1109,OK,,155.789474,17.4219,127,123.6,127,49.6733057,3.23999172,0.236490437,0.001419532,0.040251407,0.93001307,0.035266655,0.973228346
1110,OK,,155.789474,17.4219,130,123.6,130,50.8466908,2.6969846,0.312502581,0.001865984,0.033400387,0.940812526,0.055867152,0.950769231
1111,OK,,155.789474,17.4219,133,123.6,133,52.020076,2.16288664,0.4192571,0.00248919,0.026691025,0.950362554,0.093259422,0.929323308
1112,OK,,155.789474,17.4219,136,123.6,136,53.1934612,1.65335141,0.566409628,0.003343269,0.020321506,0.958270039,0.164518757,0.908823529
1113,OK,,155.789474,17.4219,139,123.6,139,54.3668464,1.1728423,0.777350462,0.004559983,0.014348511,0.964129007,0.317801822,0.889208633
1114,OK,,155.789474,17.4219,142,123.6,142,55.5402315,0.739196857,1.08819633,0.006341016,0.008992537,0.967097847,0.705142108,0.870422535
1115,OK,,155.789474,17.4219,145,123.6,145,56.7136167,0.379150916,1.53896097,0.008903247,0.004580119,0.966178988,1.94388976,0.852413793
1116,OK,,155.789474,17.4219,148,123.6,148,57.8870019,0.125148126,2.21212375,0.012695509,0.001498157,0.959623546,8.47408714,0.835135135
1117,OK,,155.789474,17.4219,151,123.6,151,59.0603871,0.016908052,3.16899266,0.018024365,0.000200052,0.946056894,90.0985282,0.818543046
1118,OK,,155.789474,17.4219,154,123.6,154,60.2337722,0.004561895,4.35029192,0.024503662,5.33E-05,0.927700796,460.114015,0.802597403
1119,OK,,155.789474,17.4219,157,123.6,157,61.4071574,0.002251204,5.54553818,0.030929929,2.59E-05,0.909655655,1192.91703,0.787261146
1120,OK,,155.789474,17.4219,160,123.6,160,62.5805426,0.001137426,6.73342391,0.037183901,1.29E-05,0.892385699,2877.12411,0.7725
1121,OK,,161.052632,8.13,121,123.6,121,47.3265353,2.42266807,0.2209795,0.001420271,0.032255767,0.944140268,0.044031551,1.0214876
1122,OK,,161.052632,8.13,124,123.6,124,48.4999205,1.88472311,0.307990703,0.001968387,0.025007251,0.954789332,0.078712668,0.996774194
1123,OK,,161.052632,8.13,127,123.6,127,49.6733057,1.36570258,0.43908648,0.002789434,0.018048889,0.963666822,0.154548817,0.973228346
1124,OK,,161.052632,8.13,130,123.6,130,50.8466908,0.882681443,0.636544158,0.004017853,0.011609272,0.970121446,0.346089955,0.950769231
1125,OK,,161.052632,8.13,133,123.6,133,52.020076,0.466132026,0.971383362,0.006087948,0.006092361,0.972366142,0.999275633,0.929323308
1126,OK,,161.052632,8.13,136,123.6,136,53.1934612,0.155540329,1.53237083,0.009527069,0.002015732,0.968268446,4.72635643,0.908823529
1127,OK,,161.052632,8.13,139,123.6,139,54.3668464,0.017418596,2.50960209,0.015450698,0.000222903,0.953519087,69.3158016,0.889208633
1128,OK,,161.052632,8.13,142,123.6,142,55.5402315,0.005363926,3.6029989,0.021965405,6.77E-05,0.935031549,324.430742,0.870422535
1129,OK,,161.052632,8.13,145,123.6,145,56.7136167,0.002400682,4.79718785,0.028941534,2.99E-05,0.915371496,968.953408,0.852413793
1130,OK,,161.052632,8.13,148,123.6,148,57.8870019,0.001199975,5.9817808,0.035708995,1.47E-05,0.896643796,2426.48173,0.835135135
1131,OK,,161.052632,8.13,151,123.6,151,59.0603871,0.000681838,7.17611607,0.042382853,8.24E-06,0.878483731,5141.82525,0.818543046
1132,OK,,161.052632,8.13,154,123.6,154,60.2337722,0.000414321,8.38735191,0.049000058,4.94E-06,0.860746456,9925.33839,0.802597403
1133,OK,,161.052632,8.13,157,123.6,157,61.4071574,0.000258093,9.64917698,0.055730872,3.03E-06,0.842861395,18398.6263,0.787261146
1134,OK,,161.052632,8.13,160,123.6,160,62.5805426,0.000179327,10.7900776,0.061689094,2.08E-06,0.827578086,29689.1667,0.7725
1135,OK,,161.052632,8.61904737,121,123.6,121,47.3265353,2.5273183,0.212558019,0.001361873,0.033531644,0.942106974,0.04061455,1.0214876
1136,OK,,161.052632,8.61904737,124,123.6,124,48.4999205,1.98237709,0.295201912,0.001880888,0.026215326,0.953039531,0.071747641,0.996774194
1137,OK,,161.052632,8.61904737,127,123.6,127,49.6733057,1.46033294,0.417698436,0.002645641,0.019236964,0.962192342,0.137529035,0.973228346
1138,OK,,161.052632,8.61904737,130,123.6,130,50.8466908,0.96852471,0.600945369,0.003782206,0.012699616,0.96913329,0.297820541,0.950769231
1139,OK,,161.052632,8.61904737,133,123.6,133,52.020076,0.531881578,0.914691469,0.005716787,0.006933306,0.972192024,0.824539856,0.929323308
1140,OK,,161.052632,8.61904737,136,123.6,136,53.1934612,0.20322451,1.41982576,0.008804989,0.002627881,0.969487786,3.35060417,0.908823529
1141,OK,,161.052632,8.61904737,139,123.6,139,54.3668464,0.032904134,2.24457869,0.01379487,0.000420725,0.958108977,32.7883501,0.889208633
1142,OK,,161.052632,8.61904737,142,123.6,142,55.5402315,0.006183854,3.40985182,0.020738897,7.79E-05,0.938494393,266.148876,0.870422535
1143,OK,,161.052632,8.61904737,145,123.6,145,56.7136167,0.002762737,4.57532322,0.02754709,3.43E-05,0.919277129,802.332263,0.852413793
1144,OK,,161.052632,8.61904737,148,123.6,148,57.8870019,0.001335588,5.76686583,0.034357422,1.64E-05,0.900354117,2099.95366,0.835135135
1145,OK,,161.052632,8.61904737,151,123.6,151,59.0603871,0.000762589,7.00642713,0.041284577,9.20E-06,0.881355506,4485.89466,0.818543046
1146,OK,,161.052632,8.61904737,154,123.6,154,60.2337722,0.000468395,8.17785886,0.047689512,5.58E-06,0.864223558,8552.05226,0.802597403
1147,OK,,161.052632,8.61904737,157,123.6,157,61.4071574,0.000300744,9.36330714,0.054020443,3.53E-06,0.847516018,15301.3312,0.787261146
1148,OK,,161.052632,8.61904737,160,123.6,160,62.5805426,0.000198338,10.5939373,0.06045594,2.30E-06,0.830711987,26333.9194,0.7725
1149,OK,,161.052632,9.10809474,121,123.6,121,47.3265353,2.62436906,0.205409674,0.001311984,0.034702723,0.940207355,0.037806362,1.0214876
1150,OK,,161.052632,9.10809474,124,123.6,124,48.4999205,2.07790995,0.283684771,0.00180199,0.027388239,0.951307245,0.065794309,0.996774194
1151,OK,,161.052632,9.10809474,127,123.6,127,49.6733057,1.55004206,0.399350655,0.002521894,0.020354344,0.960755728,0.123899538,0.973228346
1152,OK,,161.052632,9.10809474,130,123.6,130,50.8466908,1.05526588,0.568730912,0.003569093,0.013794709,0.968060915,0.258729104,0.950769231
1153,OK,,161.052632,9.10809474,133,123.6,133,52.020076,0.613630965,0.852389545,0.005312752,0.007975915,0.971818178,0.666099282,0.929323308
1154,OK,,161.052632,9.10809474,136,123.6,136,53.1934612,0.257594032,1.31677409,0.008144939,0.003323137,0.970402976,2.45097903,0.908823529
1155,OK,,161.052632,9.10809474,139,123.6,139,54.3668464,0.050221652,2.0861956,0.012791636,0.000641127,0.960703675,19.9517997,0.889208633
1156,OK,,161.052632,9.10809474,142,123.6,142,55.5402315,0.00803603,3.18464288,0.019333293,0.000101192,0.942515924,191.055982,0.870422535
1157,OK,,161.052632,9.10809474,145,123.6,145,56.7136167,0.003880933,4.36128006,0.026204431,4.82E-05,0.923031518,543.966367,0.852413793
1158,OK,,161.052632,9.10809474,148,123.6,148,57.8870019,0.001778567,5.55630137,0.033036174,2.18E-05,0.903983973,1518.03443,0.835135135
1159,OK,,161.052632,9.10809474,151,123.6,151,59.0603871,0.000931756,6.68661282,0.039346095,1.12E-05,0.886767681,3500.38705,0.818543046
1160,OK,,161.052632,9.10809474,154,123.6,154,60.2337722,0.000531418,7.96091435,0.046336818,6.32E-06,0.867824221,7331.84359,0.802597403
1161,OK,,161.052632,9.10809474,157,123.6,157,61.4071574,0.000336399,9.16236269,0.052760883,3.94E-06,0.850787767,13375.0291,0.787261146
1162,OK,,161.052632,9.10809474,160,123.6,160,62.5805426,0.000225485,10.344184,0.058932263,2.61E-06,0.834702465,22600.9172,0.7725
1163,OK,,161.052632,9.59714211,121,123.6,121,47.3265353,2.7229258,0.198580796,0.001264431,0.035885139,0.938269164,0.035235514,1.0214876
1164,OK,,161.052632,9.59714211,124,123.6,124,48.4999205,2.17913731,0.272239578,0.001724002,0.028625516,0.949456064,0.060226054,0.996774194
1165,OK,,161.052632,9.59714211,127,123.6,127,49.6733057,1.64911391,0.380490906,0.002395607,0.021583783,0.959140935,0.110991086,0.973228346
1166,OK,,161.052632,9.59714211,130,123.6,130,50.8466908,1.14242432,0.53957526,0.003376318,0.014888532,0.966920176,0.226773088,0.950769231
1167,OK,,161.052632,9.59714211,133,123.6,133,52.020076,0.691514045,0.80119416,0.004979783,0.008962797,0.971305151,0.555605829,0.929323308
1168,OK,,161.052632,9.59714211,136,123.6,136,53.1934612,0.314951123,1.22760789,0.007573628,0.004053357,0.971000965,1.86848296,0.908823529
1169,OK,,161.052632,9.59714211,139,123.6,139,54.3668464,0.075716295,1.92892458,0.011799694,0.000964919,0.963127512,12.2286851,0.889208633
1170,OK,,161.052632,9.59714211,142,123.6,142,55.5402315,0.010201891,2.97901495,0.01804645,0.000128306,0.946179251,140.652069,0.870422535
1171,OK,,161.052632,9.59714211,145,123.6,145,56.7136167,0.003622077,4.22259052,0.025296871,4.48E-05,0.925481518,564.22655,0.852413793
1172,OK,,161.052632,9.59714211,148,123.6,148,57.8870019,0.001871214,5.34997811,0.031745265,2.29E-05,0.907546614,1388.06507,0.835135135
1173,OK,,161.052632,9.59714211,151,123.6,151,59.0603871,0.000979474,6.53922104,0.038396114,1.18E-05,0.889262485,3253.32457,0.818543046
1174,OK,,161.052632,9.59714211,154,123.6,154,60.2337722,0.000563155,7.86485695,0.045673789,6.69E-06,0.869418437,6828.46908,0.802597403
1175,OK,,161.052632,9.59714211,157,123.6,157,61.4071574,0.000380479,8.93884708,0.051380295,4.46E-06,0.854426944,11527.8092,0.787261146
1176,OK,,161.052632,9.59714211,160,123.6,160,62.5805426,0.000247509,10.1655104,0.05780336,2.86E-06,0.83755721,20217.0056,0.7725
1177,OK,,161.052632,10.0861895,121,123.6,121,47.3265353,2.82445372,0.191942691,0.001218366,0.037096454,0.936264162,0.032843203,1.0214876
1178,OK,,161.052632,10.0861895,124,123.6,124,48.4999205,2.27590438,0.262185309,0.001655274,0.029798304,0.947668168,0.055549265,0.996774194
1179,OK,,161.052632,10.0861895,127,123.6,127,49.6733057,1.74631736,0.363621837,0.002282537,0.022780585,0.957523681,0.100196591,0.973228346
1180,OK,,161.052632,10.0861895,130,123.6,130,50.8466908,1.23963714,0.509871907,0.003181157,0.016103354,0.96559247,0.197546232,0.950769231
1181,OK,,161.052632,10.0861895,133,123.6,133,52.020076,0.767253541,0.757428667,0.004694614,0.009916648,0.970690504,0.473407363,0.929323308
1182,OK,,161.052632,10.0861895,136,123.6,136,53.1934612,0.379090698,1.1438961,0.007038629,0.004866537,0.971368909,1.44633224,0.908823529
1183,OK,,161.052632,10.0861895,139,123.6,139,54.3668464,0.107912383,1.78747994,0.010908344,0.001372658,0.965136982,7.94687619,0.889208633
1184,OK,,161.052632,10.0861895,142,123.6,142,55.5402315,0.013897468,2.77274654,0.01676108,0.000174562,0.949826568,96.0180383,0.870422535
1185,OK,,161.052632,10.0861895,145,123.6,145,56.7136167,0.004829165,3.92780437,0.023503373,5.98E-05,0.930658037,393.010866,0.852413793
1186,OK,,161.052632,10.0861895,148,123.6,148,57.8870019,0.00221185,5.13121586,0.030386531,2.70E-05,0.911319855,1125.30829,0.835135135
1187,OK,,161.052632,10.0861895,151,123.6,151,59.0603871,0.001133781,6.33536409,0.037125398,1.36E-05,0.892711542,2720.56853,0.818543046
1188,OK,,161.052632,10.0861895,154,123.6,154,60.2337722,0.000690512,7.52085,0.043611033,8.19E-06,0.87512752,5321.89648,0.802597403
1189,OK,,161.052632,10.0861895,157,123.6,157,61.4071574,0.000424633,8.74204067,0.050153433,4.97E-06,0.857631168,10093.2256,0.787261146
1190,OK,,161.052632,10.0861895,160,123.6,160,62.5805426,0.000278057,9.94190706,0.056432015,3.21E-06,0.841129771,17586.3767,0.7725
1191,OK,,161.052632,10.5752368,121,123.6,121,47.3265353,2.92448554,0.18583567,0.001175945,0.038280797,0.93427955,0.030718915,1.0214876
1192,OK,,161.052632,10.5752368,124,123.6,124,48.4999205,2.37606668,0.252427632,0.001588806,0.031005632,0.945804152,0.0512425,0.996774194
1193,OK,,161.052632,10.5752368,127,123.6,127,49.6733057,1.84147137,0.348478166,0.002180964,0.023945207,0.955912949,0.091081432,0.973228346
1194,OK,,161.052632,10.5752368,130,123.6,130,50.8466908,1.32780458,0.48585642,0.003022512,0.01719584,0.964330796,0.175769939,0.950769231
1195,OK,,161.052632,10.5752368,133,123.6,133,52.020076,0.855383144,0.709965524,0.00438809,0.011022444,0.969908759,0.398105022,0.929323308
1196,OK,,161.052632,10.5752368,136,123.6,136,53.1934612,0.445385562,1.07065302,0.006570446,0.005702923,0.971499531,1.15211897,0.908823529
1197,OK,,161.052632,10.5752368,139,123.6,139,54.3668464,0.149537606,1.65055026,0.010048417,0.001898269,0.966889971,5.29346214,0.889208633
1198,OK,,161.052632,10.5752368,142,123.6,142,55.5402315,0.020547615,2.57598217,0.015537956,0.000257748,0.953249569,60.2835179,0.870422535
1199,OK,,161.052632,10.5752368,145,123.6,145,56.7136167,0.005506374,3.73442024,0.022298895,6.81E-05,0.934055932,327.407471,0.852413793
1200,OK,,161.052632,10.5752368,148,123.6,148,57.8870019,0.002479166,4.96916653,0.02935316,3.02E-05,0.914114645,971.791472,0.835135135
1201,OK,,161.052632,10.5752368,151,123.6,151,59.0603871,0.00136116,6.10952338,0.035733164,1.64E-05,0.896531587,2183.50338,0.818543046
1202,OK,,161.052632,10.5752368,154,123.6,154,60.2337722,0.00077965,7.32049781,0.042366648,9.24E-06,0.878452284,4583.95417,0.802597403
1203,OK,,161.052632,10.5752368,157,123.6,157,61.4071574,0.000480768,8.51840278,0.048781223,5.62E-06,0.86127214,8679.72606,0.787261146
1204,OK,,161.052632,10.5752368,160,123.6,160,62.5805426,0.000308218,9.74725694,0.05522394,3.55E-06,0.844239683,15541.9345,0.7725
1205,OK,,161.052632,11.0642842,121,123.6,121,47.3265353,3.02608559,0.179986758,0.001135401,0.039476288,0.932256348,0.028761592,1.0214876
1206,OK,,161.052632,11.0642842,124,123.6,124,48.4999205,2.47351362,0.243634974,0.001528797,0.032170963,0.943976226,0.047521006,0.996774194
1207,OK,,161.052632,11.0642842,127,123.6,127,49.6733057,1.93832002,0.334216481,0.002085455,0.025122607,0.954250347,0.083011092,0.973228346
1208,OK,,161.052632,11.0642842,130,123.6,130,50.8466908,1.41868462,0.463180334,0.00287305,0.018315652,0.962989431,0.156863125,0.950769231
1209,OK,,161.052632,11.0642842,133,123.6,133,52.020076,0.936968543,0.672679472,0.004145929,0.012038718,0.969057177,0.344382925,0.929323308
1210,OK,,161.052632,11.0642842,136,123.6,136,53.1934612,0.516814053,1.00269397,0.006136911,0.006599924,0.971434308,0.929845721,0.908823529
1211,OK,,161.052632,11.0642842,139,123.6,139,54.3668464,0.194285442,1.53663752,0.009331762,0.002461095,0.96816216,3.7917108,0.889208633
1212,OK,,161.052632,11.0642842,142,123.6,142,55.5402315,0.032284989,2.38627538,0.014362137,0.000404401,0.956453902,35.5146044,0.870422535
1213,Errors,,161.052632,11.0642842,145,123.6,145,56.7136167,0.00365451,5.71236502,0.033715546,4.46E-05,0.899212573,755.921657,0.852413793
1214,OK,,161.052632,11.0642842,148,123.6,148,57.8870019,0.003459753,4.77592679,0.028149244,4.21E-05,0.917435929,668.808909,0.835135135
1215,OK,,161.052632,11.0642842,151,123.6,151,59.0603871,0.001119583,5.91399667,0.034519876,1.34E-05,0.899846301,2567.41311,0.818543046
1216,OK,,161.052632,11.0642842,154,123.6,154,60.2337722,0.000920266,7.11156803,0.041078295,1.09E-05,0.881918598,3769.52383,0.802597403
1217,OK,,161.052632,11.0642842,157,123.6,157,61.4071574,0.000542054,8.30882299,0.047492037,6.33E-06,0.864684096,7502.81738,0.787261146
1218,OK,,161.052632,11.0642842,160,123.6,160,62.5805426,0.00034283,9.54669305,0.05398493,3.95E-06,0.847444022,13674.7327,0.7725
1219,OK,,161.052632,11.5533316,121,123.6,121,47.3265353,3.12501915,0.174667392,0.001098443,0.040631085,0.930278299,0.027034536,1.0214876
1220,OK,,161.052632,11.5533316,124,123.6,124,48.4999205,2.57352847,0.235147958,0.001471048,0.033360462,0.942089051,0.044095563,0.996774194
1221,OK,,161.052632,11.5533316,127,123.6,127,49.6733057,2.03696826,0.320739385,0.001995379,0.026314818,0.952535721,0.075827184,0.973228346
1222,OK,,161.052632,11.5533316,130,123.6,130,50.8466908,1.51160617,0.441918508,0.002733175,0.019454109,0.961580102,0.140493461,0.950769231
1223,OK,,161.052632,11.5533316,133,123.6,133,52.020076,1.02844373,0.634766868,0.003901195,0.013173556,0.968027525,0.29613838,0.929323308
1224,OK,,161.052632,11.5533316,136,123.6,136,53.1934612,0.591385741,0.941187655,0.00574494,0.007531753,0.971188688,0.762762697,0.908823529
1225,OK,,161.052632,11.5533316,139,123.6,139,54.3668464,0.244755188,1.43283595,0.008679525,0.00309348,0.969143122,2.80574832,0.889208633
1226,OK,,161.052632,11.5533316,142,123.6,142,55.5402315,0.049256226,2.21944182,0.013327898,0.00061603,0.959152168,21.6351327,0.870422535
1227,OK,,161.052632,11.5533316,145,123.6,145,56.7136167,0.008625037,3.30624349,0.019660521,0.000106423,0.941550747,184.739756,0.852413793
1228,OK,,161.052632,11.5533316,148,123.6,148,57.8870019,0.003644256,4.50001503,0.026487247,4.43E-05,0.922199127,597.4135,0.835135135
1229,OK,,161.052632,11.5533316,151,123.6,151,59.0603871,0.001812199,5.68970703,0.0331465,2.17E-05,0.903632206,1524.73489,0.818543046
1230,OK,,161.052632,11.5533316,154,123.6,154,60.2337722,0.001217986,6.89491127,0.039751062,1.44E-05,0.885510587,2759.05992,0.802597403
1231,OK,,161.052632,11.5533316,157,123.6,157,61.4071574,0.000611035,8.09967164,0.046209624,7.13E-06,0.868088949,6482.90111,0.787261146
1232,OK,,161.052632,11.5533316,160,123.6,160,62.5805426,0.000389521,9.30671857,0.052539483,4.48E-06,0.851277926,11723.7051,0.7725
1233,OK,,161.052632,12.0423789,121,123.6,121,47.3265353,3.22810208,0.169386428,0.001061932,0.041828432,0.928211764,0.025387807,1.0214876
1234,OK,,161.052632,12.0423789,124,123.6,124,48.4999205,2.67488448,0.227087915,0.001416297,0.034558218,0.94016542,0.040982925,0.996774194
1235,OK,,161.052632,12.0423789,127,123.6,127,49.6733057,2.13271344,0.308692876,0.001914705,0.027462998,0.950850738,0.069719452,0.973228346
1236,OK,,161.052632,12.0423789,130,123.6,130,50.8466908,1.60551306,0.42221216,0.00260367,0.020597496,0.960120803,0.126407107,0.950769231
1237,OK,,161.052632,12.0423789,133,123.6,133,52.020076,1.10853918,0.6030632,0.003695892,0.014158742,0.967097273,0.261032507,0.929323308
1238,OK,,161.052632,12.0423789,136,123.6,136,53.1934612,0.666112247,0.887372833,0.005401752,0.008460331,0.970795563,0.638479976,0.908823529
1239,OK,,161.052632,12.0423789,139,123.6,139,54.3668464,0.301507469,1.3365299,0.008075656,0.003801948,0.969870657,2.1240836,0.889208633
1240,OK,,161.052632,12.0423789,142,123.6,142,55.5402315,0.07530646,2.04983018,0.01228152,0.000940231,0.961736986,13.0622372,0.870422535
1241,OK,,161.052632,12.0423789,145,123.6,145,56.7136167,0.010817795,3.11045003,0.018457245,0.000133318,0.944964402,138.445269,0.852413793
1242,OK,,161.052632,12.0423789,148,123.6,148,57.8870019,0.004219582,4.28442845,0.025167483,5.13E-05,0.925913454,490.816846,0.835135135
1243,OK,,161.052632,12.0423789,151,123.6,151,59.0603871,0.002085952,5.45854136,0.031739425,2.50E-05,0.907541627,1269.74606,0.818543046
1244,OK,,161.052632,12.0423789,154,123.6,154,60.2337722,0.001128118,6.65778573,0.038313191,1.33E-05,0.889448833,2874.08554,0.802597403
1245,OK,,161.052632,12.0423789,157,123.6,157,61.4071574,0.000691223,7.88567253,0.044904971,8.05E-06,0.871572564,5574.89707,0.787261146
1246,OK,,161.052632,12.0423789,160,123.6,160,62.5805426,0.000438509,9.08644238,0.051203746,5.04E-06,0.854797026,10159.5282,0.7725
1247,OK,,161.052632,12.5314263,121,123.6,121,47.3265353,3.33047733,0.164449531,0.0010278,0.043009553,0.926152911,0.023897019,1.0214876
1248,OK,,161.052632,12.5314263,124,123.6,124,48.4999205,2.77386078,0.219747563,0.001366361,0.03571925,0.938276015,0.038252786,0.996774194
1249,OK,,161.052632,12.5314263,127,123.6,127,49.6733057,2.22958763,0.295256202,0.001825921,0.028617946,0.949171012,0.063803339,0.973228346
1250,OK,,161.052632,12.5314263,130,123.6,130,50.8466908,1.70217571,0.403490991,0.002480957,0.021768095,0.95858793,0.113972179,0.950769231
1251,OK,,161.052632,12.5314263,133,123.6,133,52.020076,1.19948986,0.572365929,0.003497814,0.015273785,0.965939,0.229007643,0.929323308
1252,OK,,161.052632,12.5314263,136,123.6,136,53.1934612,0.746034047,0.836325909,0.005077148,0.009448895,0.970252736,0.53732722,0.908823529
1253,OK,,161.052632,12.5314263,139,123.6,139,54.3668464,0.365008049,1.2463836,0.007511724,0.004591434,0.970360767,1.63602993,0.889208633
1254,OK,,161.052632,12.5314263,142,123.6,142,55.5402315,0.10395468,1.91701579,0.011458721,0.001295617,0.963612495,8.84422315,0.870422535
1255,OK,,161.052632,12.5314263,145,123.6,145,56.7136167,0.014515095,2.909191,0.017226668,0.000178661,0.948447899,96.4211744,0.852413793
1256,OK,,161.052632,12.5314263,148,123.6,148,57.8870019,0.005172126,4.08335922,0.023937156,6.28E-05,0.929370477,381.294181,0.835135135
1257,OK,,161.052632,12.5314263,151,123.6,151,59.0603871,0.002412956,5.27750352,0.030622971,2.89E-05,0.910601391,1060.32306,0.818543046
1258,OK,,161.052632,12.5314263,154,123.6,154,60.2337722,0.000885517,6.50576273,0.037348891,1.04E-05,0.891976743,3576.0024,0.802597403
1259,OK,,161.052632,12.5314263,157,123.6,157,61.4071574,0.000785953,7.66368971,0.043560508,9.15E-06,0.875185956,4761.08485,0.787261146
1260,OK,,161.052632,12.5314263,160,123.6,160,62.5805426,0.000492131,8.87405804,0.049915874,5.65E-06,0.858189945,8833.84313,0.7725
1261,OK,,161.052632,13.0204737,121,123.6,121,47.3265353,3.43412611,0.159719689,0.000995157,0.044197643,0.924062774,0.022516063,1.0214876
1262,OK,,161.052632,13.0204737,124,123.6,124,48.4999205,2.8751317,0.212659877,0.001318274,0.036900236,0.93633409,0.035725365,0.996774194
1263,OK,,161.052632,13.0204737,127,123.6,127,49.6733057,2.32918513,0.287595481,0.001773221,0.029798695,0.947320184,0.059506671,0.973228346
1264,OK,,161.052632,13.0204737,130,123.6,130,50.8466908,1.79700683,0.386651677,0.002370477,0.022908385,0.957054068,0.103476409,0.950769231
1265,OK,,161.052632,13.0204737,133,123.6,133,52.020076,1.28926374,0.544971489,0.003320938,0.016367238,0.964739859,0.202901575,0.929323308
1266,OK,,161.052632,13.0204737,136,123.6,136,53.1934612,0.829123844,0.789236566,0.004778157,0.010471224,0.969575952,0.456313112,0.908823529
1267,OK,,161.052632,13.0204737,139,123.6,139,54.3668464,0.432091758,1.16594041,0.007008732,0.00542159,0.970606495,1.29274486,0.889208633
1268,OK,,161.052632,13.0204737,142,123.6,142,55.5402315,0.144440236,1.77402929,0.010579156,0.001796662,0.965458021,5.88822966,0.870422535
1269,OK,,161.052632,13.0204737,145,123.6,145,56.7136167,0.020892908,2.71745959,0.016056972,0.000256826,0.951716137,62.5208305,0.852413793
1270,OK,,161.052632,13.0204737,148,123.6,148,57.8870019,0.005926487,3.87041651,0.022642933,7.19E-05,0.933036038,315.134399,0.835135135
1271,OK,,161.052632,13.0204737,151,123.6,151,59.0603871,0.002845489,5.05548582,0.02927754,3.40E-05,0.914353231,860.599609,0.818543046
1272,OK,,161.052632,13.0204737,154,123.6,154,60.2337722,0.001398702,6.2520981,0.035838327,1.65E-05,0.896179559,2173.12561,0.802597403
1273,OK,,161.052632,13.0204737,157,123.6,157,61.4071574,0.001052655,7.45379494,0.042287651,1.22E-05,0.878599696,3454.60434,0.787261146
1274,OK,,161.052632,13.0204737,160,123.6,160,62.5805426,0.000557944,8.64357072,0.048531096,6.40E-06,0.861871944,7583.47442,0.7725
1275,OK,,161.052632,13.5095211,121,123.6,121,47.3265353,3.53277209,0.155533135,0.000966098,0.045317407,0.922066866,0.021318467,1.0214876
1276,OK,,161.052632,13.5095211,124,123.6,124,48.4999205,2.9754247,0.206081581,0.001273623,0.038061369,0.934401825,0.033462352,0.996774194
1277,OK,,161.052632,13.5095211,127,123.6,127,49.6733057,2.42407295,0.277944631,0.001708624,0.030914063,0.945604233,0.055270128,0.973228346
1278,OK,,161.052632,13.5095211,130,123.6,130,50.8466908,1.89131848,0.371192679,0.002269062,0.024034986,0.955503276,0.094406623,0.950769231
1279,OK,,161.052632,13.5095211,133,123.6,133,52.020076,1.38278156,0.518857199,0.003152793,0.01750023,0.963444137,0.180157243,0.929323308
1280,OK,,161.052632,13.5095211,136,123.6,136,53.1934612,0.911149949,0.747912503,0.004515528,0.011474414,0.968810782,0.39353014,0.908823529
1281,OK,,161.052632,13.5095211,139,123.6,139,54.3668464,0.497464275,1.09886464,0.006588247,0.00622622,0.970637824,1.0581456,0.889208633
1282,OK,,161.052632,13.5095211,142,123.6,142,55.5402315,0.188113062,1.65484042,0.009844598,0.002335111,0.966817685,4.21590193,0.870422535
1283,OK,,161.052632,13.5095211,145,123.6,145,56.7136167,0.032751942,2.51903631,0.014852883,0.000402042,0.955005722,36.9436468,0.852413793
1284,OK,,161.052632,13.5095211,148,123.6,148,57.8870019,0.007691867,3.65983966,0.021367457,9.31E-05,0.936643263,229.400956,0.835135135
1285,OK,,161.052632,13.5095211,151,123.6,151,59.0603871,0.00339714,4.83680918,0.027951813,4.06E-05,0.918046485,689.047772,0.818543046
1286,OK,,161.052632,13.5095211,154,123.6,154,60.2337722,0.001756245,6.04757987,0.034594431,2.07E-05,0.899569031,1672.60126,0.802597403
1287,OK,,161.052632,13.5095211,157,123.6,157,61.4071574,0.001016996,7.24239247,0.041008093,1.18E-05,0.882042912,3471.35772,0.787261146
1288,OK,,161.052632,13.5095211,160,123.6,160,62.5805426,0.000629239,8.43262323,0.047260037,7.21E-06,0.865241621,6554.85573,0.7725
1289,OK,,161.052632,13.9985684,121,123.6,121,47.3265353,3.62717586,0.151767316,0.00093983,0.04637918,0.920151704,0.02026406,1.0214876
1290,OK,,161.052632,13.9985684,124,123.6,124,48.4999205,3.07169115,0.200197231,0.001233526,0.039166375,0.932538273,0.03149451,0.996774194
1291,OK,,161.052632,13.9985684,127,123.6,127,49.6733057,2.5263454,0.26804758,0.001642867,0.032112093,0.943744574,0.051160379,0.973228346
1292,OK,,161.052632,13.9985684,130,123.6,130,50.8466908,1.98748092,0.356531836,0.002173082,0.025177186,0.953900387,0.086311548,0.950769231
1293,OK,,161.052632,13.9985684,133,123.6,133,52.020076,1.47786008,0.49459522,0.002996795,0.018645422,0.962082806,0.160725501,0.929323308
1294,OK,,161.052632,13.9985684,136,123.6,136,53.1934612,0.995910717,0.709463214,0.004271583,0.012505645,0.967940159,0.341572422,0.908823529
1295,OK,,161.052632,13.9985684,139,123.6,139,54.3668464,0.575284296,1.02870549,0.00615142,0.007180747,0.970496913,0.856654604,0.889208633
1296,OK,,161.052632,13.9985684,142,123.6,142,55.5402315,0.236940921,1.54774495,0.00918344,0.002933741,0.967866791,3.13028266,0.870422535
1297,OK,,161.052632,13.9985684,145,123.6,145,56.7136167,0.049271602,2.35048319,0.013828469,0.000603918,0.957686444,22.8979384,0.852413793
1298,OK,,161.052632,13.9985684,148,123.6,148,57.8870019,0.009182086,3.4564003,0.020132776,0.000111024,0.940131942,181.337661,0.835135135
1299,OK,,161.052632,13.9985684,151,123.6,151,59.0603871,0.003932499,4.61841955,0.026637646,4.69E-05,0.921735155,567.88592,0.818543046
1300,OK,,161.052632,13.9985684,154,123.6,154,60.2337722,0.002009291,5.83186896,0.033296747,2.36E-05,0.903146058,1408.64017,0.802597403
1301,OK,,161.052632,13.9985684,157,123.6,157,61.4071574,0.001315291,7.03601597,0.03976386,1.53E-05,0.885398843,2605.46165,0.787261146
1302,OK,,161.052632,13.9985684,160,123.6,160,62.5805426,0.000701286,8.23649542,0.046074344,8.03E-06,0.868374476,5739.87935,0.7725
1303,OK,,161.052632,14.4876158,121,123.6,121,47.3265353,3.73103798,0.147698611,0.000911824,0.047546461,0.91804309,0.019177535,1.0214876
1304,OK,,161.052632,14.4876158,124,123.6,124,48.4999205,3.17871812,0.193846634,0.001190765,0.040393156,0.930462468,0.029479384,0.996774194
1305,OK,,161.052632,14.4876158,127,123.6,127,49.6733057,2.62633917,0.259051743,0.001583005,0.033274518,0.941912645,0.047574101,0.973228346
1306,OK,,161.052632,14.4876158,130,123.6,130,50.8466908,2.08773196,0.34225174,0.002079941,0.026361774,0.9522096,0.078899889,0.950769231
1307,OK,,161.052632,14.4876158,133,123.6,133,52.020076,1.56642896,0.47412024,0.002864562,0.019703701,0.960773814,0.145381935,0.929323308
1308,Errors,,161.052632,14.4876158,136,123.6,136,53.1934612,1.04996591,0.6880466,0.00412896,0.013163697,0.967326576,0.313662638,0.908823529
1309,OK,,161.052632,14.4876158,139,123.6,139,54.3668464,0.646793873,0.973000923,0.005802912,0.008052271,0.970206203,0.720655289,0.889208633
1310,OK,,161.052632,14.4876158,142,123.6,142,55.5402315,0.285982612,1.45783484,0.008629882,0.003534738,0.968602625,2.44144869,0.870422535
1311,OK,,161.052632,14.4876158,145,123.6,145,56.7136167,0.073939452,2.18813222,0.012841703,0.000904655,0.960114135,14.1951326,0.852413793
1312,OK,,161.052632,14.4876158,148,123.6,148,57.8870019,0.011638902,3.24289857,0.018852527,0.000140591,0.94377775,134.094871,0.835135135
1313,OK,,161.052632,14.4876158,151,123.6,151,59.0603871,0.004448291,4.43036344,0.025500904,5.30E-05,0.924910554,481.169887,0.818543046
1314,OK,,161.052632,14.4876158,154,123.6,154,60.2337722,0.002391777,5.61460664,0.031995049,2.81E-05,0.906746694,1138.34818,0.802597403
1315,OK,,161.052632,14.4876158,157,123.6,157,61.4071574,0.001321601,6.80778346,0.038403883,1.53E-05,0.889115449,2506.9008,0.787261146
1316,OK,,161.052632,14.4876158,160,123.6,160,62.5805426,0.000489667,8.00820852,0.044717347,5.60E-06,0.872025747,7986.38067,0.7725
1317,OK,,161.052632,14.9766632,121,123.6,121,47.3265353,3.84214207,0.1434898,0.000883105,0.048791575,0.915784415,0.018099535,1.0214876
1318,OK,,161.052632,14.9766632,124,123.6,124,48.4999205,3.27605993,0.18854677,0.001154723,0.041495998,0.928564693,0.027827341,0.996774194
1319,OK,,161.052632,14.9766632,127,123.6,127,49.6733057,2.72086199,0.251182306,0.001530374,0.034363563,0.94016818,0.044534787,0.973228346
1320,OK,,161.052632,14.9766632,130,123.6,130,50.8466908,2.16527906,0.332539686,0.002015104,0.027263679,0.95087549,0.073911661,0.950769231
1321,OK,,161.052632,14.9766632,133,123.6,133,52.020076,1.6622996,0.453435162,0.002731763,0.020844571,0.959328495,0.131053915,0.929323308
1322,OK,,161.052632,14.9766632,136,123.6,136,53.1934612,1.17089276,0.641205561,0.00383927,0.014616854,0.965933814,0.26266049,0.908823529
1323,OK,,161.052632,14.9766632,139,123.6,139,54.3668464,0.725104516,0.91863749,0.005464119,0.009002644,0.969765728,0.60694604,0.889208633
1324,OK,,161.052632,14.9766632,142,123.6,142,55.5402315,0.353878581,1.35647269,0.008008073,0.004362561,0.969205183,1.83563584,0.870422535
1325,OK,,161.052632,14.9766632,145,123.6,145,56.7136167,0.103679348,2.04236436,0.011958923,0.001266311,0.962159992,9.44390398,0.852413793
1326,OK,,161.052632,14.9766632,148,123.6,148,57.8870019,0.015313521,3.05298353,0.0177115,0.00018475,0.94699506,95.8673707,0.835135135
1327,OK,,161.052632,14.9766632,151,123.6,151,59.0603871,0.005550172,4.21769615,0.024228907,6.61E-05,0.928492742,366.822732,0.818543046
1328,OK,,161.052632,14.9766632,154,123.6,154,60.2337722,0.002606439,5.41296264,0.030785623,3.06E-05,0.91009082,1006.22116,0.802597403
1329,OK,,161.052632,14.9766632,157,123.6,157,61.4071574,0.001514504,6.58328905,0.037069324,1.75E-05,0.892768143,2113.75318,0.787261146
1330,OK,,161.052632,14.9766632,160,123.6,160,62.5805426,0.000895845,7.80349347,0.043493313,1.02E-05,0.875290482,4250.29718,0.7725
1331,OK,,161.052632,15.4657105,121,123.6,121,47.3265353,3.94270077,0.139999559,0.000858993,0.049903571,0.913733378,0.017213054,1.0214876
1332,OK,,161.052632,15.4657105,124,123.6,124,48.4999205,3.37953719,0.183120447,0.001118101,0.042664382,0.926543021,0.026206898,0.996774194
1333,OK,,161.052632,15.4657105,127,123.6,127,49.6733057,2.82540046,0.242794421,0.00147486,0.035565448,0.938232521,0.041468895,0.973228346
1334,OK,,161.052632,15.4657105,130,123.6,130,50.8466908,2.27949399,0.317955806,0.001921045,0.028602547,0.94891605,0.067163427,0.950769231
1335,OK,,161.052632,15.4657105,133,123.6,133,52.020076,1.75729544,0.434598285,0.002610802,0.021967612,0.957864465,0.11884777,0.929323308
1336,OK,,161.052632,15.4657105,136,123.6,136,53.1934612,1.26012188,0.61111707,0.003648952,0.015684234,0.964822012,0.232650936,0.908823529
1337,OK,,161.052632,15.4657105,139,123.6,139,54.3668464,0.803146274,0.873440242,0.00518023,0.009943124,0.969161601,0.520986201,0.889208633
1338,OK,,161.052632,15.4657105,142,123.6,142,55.5402315,0.416508288,1.27546464,0.007510818,0.005122354,0.969536084,1.46628266,0.870422535
1339,OK,,161.052632,15.4657105,145,123.6,145,56.7136167,0.138628451,1.91189765,0.011169034,0.001690042,0.963844201,6.60873025,0.852413793
1340,OK,,161.052632,15.4657105,148,123.6,148,57.8870019,0.022272927,2.84704228,0.01648297,0.00026837,0.950432479,61.4187553,0.835135135
1341,OK,,161.052632,15.4657105,151,123.6,151,59.0603871,0.006668013,3.97443674,0.022788218,7.93E-05,0.93259264,287.48891,0.818543046
1342,OK,,161.052632,15.4657105,154,123.6,154,60.2337722,0.003132667,5.20030739,0.029519116,3.67E-05,0.913612582,803.637343,0.802597403
1343,OK,,161.052632,15.4657105,157,123.6,157,61.4071574,0.001714479,6.38882957,0.035904369,1.98E-05,0.895931609,1810.52585,0.787261146
1344,OK,,161.052632,15.4657105,160,123.6,160,62.5805426,0.001014275,7.59673529,0.042261349,1.16E-05,0.878592463,3651.78129,0.7725
1345,OK,,161.052632,15.9547579,121,123.6,121,47.3265353,4.05010668,0.136372045,0.00083417,0.051088777,0.911540562,0.016327859,1.0214876
1346,OK,,161.052632,15.9547579,124,123.6,124,48.4999205,3.48281259,0.178001715,0.001083571,0.043822845,0.924519169,0.024726158,0.996774194
1347,OK,,161.052632,15.9547579,127,123.6,127,49.6733057,2.92657056,0.235233483,0.001424692,0.036719423,0.936348024,0.038799409,0.973228346
1348,OK,,161.052632,15.9547579,130,123.6,130,50.8466908,2.3722364,0.314986157,0.001897554,0.029674609,0.947150493,0.063945371,0.950769231
1349,OK,,161.052632,15.9547579,133,123.6,133,52.020076,1.84363434,0.419020757,0.002510079,0.022979307,0.956504195,0.109232157,0.929323308
1350,OK,,161.052632,15.9547579,136,123.6,136,53.1934612,1.35013404,0.585490741,0.003485492,0.016752738,0.963611603,0.208055075,0.908823529
1351,OK,,161.052632,15.9547579,139,123.6,139,54.3668464,0.887841368,0.826404095,0.004888131,0.010960663,0.968468919,0.445970381,0.889208633
1352,OK,,161.052632,15.9547579,142,123.6,142,55.5402315,0.479858483,1.20477781,0.007076498,0.005887246,0.96966818,1.2020048,0.870422535
1353,OK,,161.052632,15.9547579,145,123.6,145,56.7136167,0.185861413,1.7731564,0.010334661,0.00226127,0.965457717,4.57029022,0.852413793
1354,OK,,161.052632,15.9547579,148,123.6,148,57.8870019,0.033800565,2.65456813,0.015336615,0.000406717,0.953558336,37.7083257,0.835135135
1355,OK,,161.052632,15.9547579,151,123.6,151,59.0603871,0.008451305,3.8076215,0.021785947,0.000100345,0.935386932,217.111079,0.818543046
1356,OK,,161.052632,15.9547579,154,123.6,154,60.2337722,0.003465795,4.96787952,0.028147245,4.06E-05,0.917465815,693.364118,0.802597403
1357,OK,,161.052632,15.9547579,157,123.6,157,61.4071574,0.00214948,6.17423202,0.034633208,2.48E-05,0.899419192,1394.47458,0.787261146
1358,OK,,161.052632,15.9547579,160,123.6,160,62.5805426,0.001146042,7.37701554,0.040965479,1.31E-05,0.882101348,3135.77646,0.7725
1359,OK,,161.052632,16.4438053,121,123.6,121,47.3265353,4.14987704,0.133256609,0.000812634,0.052176355,0.909498263,0.015574762,1.0214876
1360,OK,,161.052632,16.4438053,124,123.6,124,48.4999205,3.58435328,0.173266238,0.00105157,0.04495279,0.922523182,0.02339277,0.996774194
1361,OK,,161.052632,16.4438053,127,123.6,127,49.6733057,3.02917344,0.22799685,0.001376763,0.037882473,0.934428155,0.036342996,0.973228346
1362,OK,,161.052632,16.4438053,130,123.6,130,50.8466908,2.48089708,0.30296459,0.001819776,0.030929934,0.945249895,0.058835419,0.950769231
1363,OK,,161.052632,16.4438053,133,123.6,133,52.020076,1.9492675,0.400645935,0.002393112,0.024216597,0.954826797,0.098821155,0.929323308
1364,OK,,161.052632,16.4438053,136,123.6,136,53.1934612,1.44132567,0.559717496,0.003322786,0.017830904,0.962381783,0.186349804,0.908823529
1365,OK,,161.052632,16.4438053,139,123.6,139,54.3668464,0.966163182,0.787750691,0.004646968,0.01189506,0.967739275,0.390663639,0.889208633
1366,OK,,161.052632,16.4438053,142,123.6,142,55.5402315,0.545787441,1.14031495,0.00668067,0.006679619,0.969641783,1.00015745,0.870422535
1367,OK,,161.052632,16.4438053,145,123.6,145,56.7136167,0.231903911,1.66576201,0.009685577,0.002815654,0.966539501,3.4399032,0.852413793
1368,OK,,161.052632,16.4438053,148,123.6,148,57.8870019,0.050430025,2.48178192,0.014307616,0.000605925,0.956255949,23.6128533,0.835135135
1369,OK,,161.052632,16.4438053,151,123.6,151,59.0603871,0.009305709,3.59556979,0.020531876,0.000110363,0.938962887,186.039222,0.818543046
1370,OK,,161.052632,16.4438053,154,123.6,154,60.2337722,0.004247161,4.78810117,0.027073394,4.97E-05,0.92043752,544.852673,0.802597403
1371,OK,,161.052632,16.4438053,157,123.6,157,61.4071574,0.002372903,5.97390444,0.033441336,2.74E-05,0.902677838,1221.32935,0.787261146
1372,OK,,161.052632,16.4438053,160,123.6,160,62.5805426,0.001294166,7.16416384,0.039710156,1.47E-05,0.885500226,2694.58965,0.7725
1373,OK,,161.052632,16.9328526,121,123.6,121,47.3265353,4.25123197,0.130221114,0.000791708,0.053275066,0.907420794,0.014860763,1.0214876
1374,OK,,161.052632,16.9328526,124,123.6,124,48.4999205,3.68587206,0.168776551,0.001021245,0.046074916,0.920522579,0.022164875,0.996774194
1375,OK,,161.052632,16.9328526,127,123.6,127,49.6733057,3.12813927,0.221482508,0.001333471,0.038994934,0.932566965,0.034196003,0.973228346
1376,OK,,161.052632,16.9328526,130,123.6,130,50.8466908,2.57898051,0.293065555,0.001755194,0.032051163,0.943515576,0.054762242,0.950769231
1377,OK,,161.052632,16.9328526,133,123.6,133,52.020076,2.04362743,0.387204226,0.002305777,0.025308046,0.953271278,0.09110847,0.929323308
1378,OK,,161.052632,16.9328526,136,123.6,136,53.1934612,1.53267997,0.536022409,0.003173255,0.018904514,0.961109837,0.16785698,0.908823529
1379,OK,,161.052632,16.9328526,139,123.6,139,54.3668464,1.05429937,0.747873203,0.004399812,0.012942714,0.966851626,0.339945054,0.889208633
1380,OK,,161.052632,16.9328526,142,123.6,142,55.5402315,0.626472993,1.07014369,0.006253423,0.007646394,0.969452474,0.817826464,0.870422535
1381,OK,,161.052632,16.9328526,145,123.6,145,56.7136167,0.287635752,1.55752646,0.009034635,0.003484573,0.96746527,2.59275235,0.852413793
1382,OK,,161.052632,16.9328526,148,123.6,148,57.8870019,0.072525123,2.32410277,0.013369269,0.000870028,0.958598169,15.3664826,0.835135135
1383,OK,,161.052632,16.9328526,151,123.6,151,59.0603871,0.012308174,3.39893909,0.019369725,0.000145797,0.942241366,132.854077,0.818543046
1384,OK,,161.052632,16.9328526,154,123.6,154,60.2337722,0.004908423,4.57195496,0.025801414,5.74E-05,0.924014997,449.797876,0.802597403
1385,OK,,161.052632,16.9328526,157,123.6,157,61.4071574,0.002610193,5.75940764,0.032183372,3.01E-05,0.906167,1069.42297,0.787261146
1386,OK,,161.052632,16.9328526,160,123.6,160,62.5805426,0.001432466,6.94342179,0.038416424,1.63E-05,0.889025343,2357.56362,0.7725
1387,OK,,161.052632,17.4219,121,123.6,121,47.3265353,4.36026959,0.127017443,0.000769875,0.054456173,0.905184544,0.014137515,1.0214876
1388,OK,,161.052632,17.4219,124,123.6,124,48.4999205,3.78841871,0.164448518,0.000992077,0.047202476,0.918497449,0.021017473,0.996774194
1389,OK,,161.052632,17.4219,127,123.6,127,49.6733057,3.22931475,0.215139915,0.001291462,0.040126882,0.930657833,0.032184469,0.973228346
1390,OK,,161.052632,17.4219,130,123.6,130,50.8466908,2.68231103,0.283158532,0.001690923,0.033227876,0.941678219,0.050888684,0.950769231
1391,OK,,161.052632,17.4219,133,123.6,133,52.020076,2.13974401,0.372974096,0.002214719,0.026416948,0.951697147,0.08383705,0.929323308
1392,OK,,161.052632,17.4219,136,123.6,136,53.1934612,1.62685534,0.513417242,0.003030975,0.020005787,0.959764367,0.151504891,0.908823529
1393,OK,,161.052632,17.4219,139,123.6,139,54.3668464,1.14051724,0.712696745,0.004181552,0.013961479,0.965912792,0.299506395,0.889208633
1394,OK,,161.052632,17.4219,142,123.6,142,55.5402315,0.701697425,1.01318981,0.005905302,0.008542298,0.969123513,0.691301296,0.870422535
1395,OK,,161.052632,17.4219,145,123.6,145,56.7136167,0.343309019,1.46726705,0.008490331,0.004149896,0.968075108,2.04591399,0.852413793
1396,OK,,161.052632,17.4219,148,123.6,148,57.8870019,0.102814487,2.16744889,0.012440793,0.001231302,0.96078112,10.1037708,0.835135135
1397,OK,,161.052632,17.4219,151,123.6,151,59.0603871,0.016826237,3.168829,0.018023443,0.000199084,0.94606105,90.531852,0.818543046
1398,OK,,161.052632,17.4219,154,123.6,154,60.2337722,0.00476727,4.35070275,0.024505946,5.57E-05,0.927690565,440.334844,0.802597403
1399,OK,,161.052632,17.4219,157,123.6,157,61.4071574,0.002955573,5.5469472,0.030937661,3.40E-05,0.90962124,908.860877,0.787261146
1400,OK,,161.052632,17.4219,160,123.6,160,62.5805426,0.001678687,6.73450665,0.037189764,1.91E-05,0.892359749,1949.77606,0.7725
1401,OK,,166.315789,8.13,121,123.6,121,47.3265353,2.41481608,0.205277214,0.00131942,0.032156352,0.944637965,0.041031387,1.0214876
1402,OK,,166.315789,8.13,124,123.6,124,48.4999205,1.87309764,0.284740878,0.001819938,0.02485885,0.955508411,0.073210854,0.996774194
1403,OK,,166.315789,8.13,127,123.6,127,49.6733057,1.34999365,0.407668339,0.002590111,0.017846938,0.964615562,0.145129173,0.973228346
1404,OK,,166.315789,8.13,130,123.6,130,50.8466908,0.866614414,0.604408076,0.003815416,0.011401633,0.971069455,0.334637659,0.950769231
1405,OK,,166.315789,8.13,133,123.6,133,52.020076,0.447211375,0.933537877,0.005851486,0.005847275,0.973457377,1.00072018,0.929323308
1406,OK,,166.315789,8.13,136,123.6,136,53.1934612,0.142275771,1.50583782,0.009362917,0.001844314,0.969016613,5.07664043,0.908823529
1407,OK,,166.315789,8.13,139,123.6,139,54.3668464,0.018950738,2.51266687,0.015469414,0.000242502,0.953434533,63.7907981,0.889208633
1408,OK,,166.315789,8.13,142,123.6,142,55.5402315,0.00664907,3.60556963,0.021980897,8.39E-05,0.934962124,261.915272,0.870422535
1409,OK,,166.315789,8.13,145,123.6,145,56.7136167,0.002955658,4.798298,0.02894813,3.68E-05,0.915342136,787.20324,0.852413793
1410,OK,,166.315789,8.13,148,123.6,148,57.8870019,0.001540151,5.98246128,0.035712982,1.89E-05,0.896626164,1890.76411,0.835135135
1411,OK,,166.315789,8.13,151,123.6,151,59.0603871,0.000881627,7.17651572,0.042385161,1.07E-05,0.878473581,3976.84949,0.818543046
1412,OK,,166.315789,8.13,154,123.6,154,60.2337722,0.000535498,8.38759431,0.049001438,6.38E-06,0.86074042,7679.59176,0.802597403
1413,OK,,166.315789,8.13,157,123.6,157,61.4071574,0.000335085,9.649331,0.055731736,3.93E-06,0.842857633,14171.4295,0.787261146
1414,OK,,166.315789,8.13,160,123.6,160,62.5805426,0.000233224,10.7901854,0.06168969,2.70E-06,0.827575502,22828.3783,0.7725
1415,OK,,166.315789,8.61904737,121,123.6,121,47.3265353,2.51975436,0.197431904,0.001265023,0.033436406,0.942586411,0.03783369,1.0214876
1416,OK,,166.315789,8.61904737,124,123.6,124,48.4999205,1.97115934,0.272767716,0.001738077,0.026072882,0.953733387,0.066662267,0.996774194
1417,OK,,166.315789,8.61904737,127,123.6,127,49.6733057,1.44516171,0.387355985,0.002453703,0.019042921,0.963108602,0.128851185,0.973228346
1418,OK,,166.315789,8.61904737,130,123.6,130,50.8466908,0.952868582,0.569631407,0.003585494,0.012498244,0.970057049,0.286879803,0.950769231
1419,OK,,166.315789,8.61904737,133,123.6,133,52.020076,0.512713511,0.87635135,0.005477851,0.006685993,0.973297523,0.819302532,0.929323308
1420,OK,,166.315789,8.61904737,136,123.6,136,53.1934612,0.187651217,1.38867475,0.00861268,0.00242725,0.97036617,3.54832779,0.908823529
1421,OK,,166.315789,8.61904737,139,123.6,139,54.3668464,0.031216982,2.24120383,0.013774278,0.000399165,0.958202085,34.5077033,0.889208633
1422,OK,,166.315789,8.61904737,142,123.6,142,55.5402315,0.007473482,3.41243151,0.020754417,9.42E-05,0.938424726,220.39235,0.870422535
1423,OK,,166.315789,8.61904737,145,123.6,145,56.7136167,0.00361447,4.57702698,0.027557201,4.49E-05,0.919232069,613.501533,0.852413793
1424,OK,,166.315789,8.61904737,148,123.6,148,57.8870019,0.001787487,5.76776979,0.034362711,2.19E-05,0.900330694,1569.31459,0.835135135
1425,OK,,166.315789,8.61904737,151,123.6,151,59.0603871,0.00096884,7.00683971,0.041286956,1.17E-05,0.881345028,3531.13764,0.818543046
1426,OK,,166.315789,8.61904737,154,123.6,154,60.2337722,0.000604535,8.17813119,0.04769106,7.20E-06,0.864216777,6626.38842,0.802597403
1427,OK,,166.315789,8.61904737,157,123.6,157,61.4071574,0.000390229,9.36348615,0.054021446,4.58E-06,0.847511646,11792.7537,0.787261146
1428,OK,,166.315789,8.61904737,160,123.6,160,62.5805426,0.000257718,10.5940561,0.060456596,2.98E-06,0.83070914,20266.6907,0.7725
1429,OK,,166.315789,9.10809474,121,123.6,121,47.3265353,2.61704069,0.190754784,0.00121844,0.034610933,0.940671857,0.035203908,1.0214876
1430,OK,,166.315789,9.10809474,124,123.6,124,48.4999205,2.06706395,0.261994212,0.00166433,0.027251225,0.951978104,0.061073573,0.996774194
1431,OK,,166.315789,9.10809474,127,123.6,127,49.6733057,1.53534635,0.369959484,0.002336516,0.020167307,0.961643265,0.115856606,0.973228346
1432,OK,,166.315789,9.10809474,130,123.6,130,50.8466908,1.04004731,0.538292372,0.003378412,0.013599898,0.968958852,0.248414534,0.950769231
1433,OK,,166.315789,9.10809474,133,123.6,133,52.020076,0.594437689,0.813999318,0.00507411,0.007729387,0.972925126,0.656469915,0.929323308
1434,OK,,166.315789,9.10809474,136,123.6,136,53.1934612,0.240167541,1.28191635,0.007930222,0.003099388,0.971385884,2.55864172,0.908823529
1435,OK,,166.315789,9.10809474,139,123.6,139,54.3668464,0.045588077,2.07692695,0.012735184,0.000582028,0.960959387,21.8807247,0.889208633
1436,OK,,166.315789,9.10809474,142,123.6,142,55.5402315,0.010238608,3.18904878,0.019359769,0.000128922,0.942396938,150.166826,0.870422535
1437,OK,,166.315789,9.10809474,145,123.6,145,56.7136167,0.004150042,4.36181837,0.026207621,5.15E-05,0.923017281,508.757456,0.852413793
1438,OK,,166.315789,9.10809474,148,123.6,148,57.8870019,0.002069818,5.55688398,0.033039578,2.53E-05,0.903968877,1304.56781,0.835135135
1439,OK,,166.315789,9.10809474,151,123.6,151,59.0603871,0.001197884,6.68714518,0.039349164,1.45E-05,0.886754161,2722.94779,0.818543046
1440,OK,,166.315789,9.10809474,154,123.6,154,60.2337722,0.000921399,7.96169446,0.046341249,1.10E-05,0.867804795,4229.08449,0.802597403
1441,OK,,166.315789,9.10809474,157,123.6,157,61.4071574,0.000435315,9.16256056,0.052761991,5.10E-06,0.850782934,10336.0731,0.787261146
1442,OK,,166.315789,9.10809474,160,123.6,160,62.5805426,0.000292651,10.3443183,0.058933005,3.38E-06,0.834699245,17414.0098,0.7725
1443,OK,,166.315789,9.59714211,121,123.6,121,47.3265353,2.71582516,0.184381429,0.001174074,0.03579667,0.938719229,0.032798428,1.0214876
1444,OK,,166.315789,9.59714211,124,123.6,124,48.4999205,2.16867597,0.251318487,0.001591626,0.028494068,0.950103125,0.055858142,0.996774194
1445,OK,,166.315789,9.59714211,127,123.6,127,49.6733057,1.63494482,0.352153241,0.002217398,0.021404394,0.959996662,0.103595443,0.973228346
1446,OK,,166.315789,9.59714211,130,123.6,130,50.8466908,1.12765575,0.510037017,0.003191796,0.014700381,0.967791557,0.217123329,0.950769231
1447,OK,,166.315789,9.59714211,133,123.6,133,52.020076,0.672425679,0.76301407,0.004743066,0.008718685,0.972406043,0.544011657,0.929323308
1448,OK,,166.315789,9.59714211,136,123.6,136,53.1934612,0.296162649,1.19002603,0.007342663,0.003812961,0.972060689,1.92571147,0.908823529
1449,OK,,166.315789,9.59714211,139,123.6,139,54.3668464,0.067596502,1.9126824,0.011700946,0.000861578,0.963575616,13.580836,0.889208633
1450,OK,,166.315789,9.59714211,142,123.6,142,55.5402315,0.012523873,2.98365971,0.018074321,0.000157501,0.946053815,114.756612,0.870422535
1451,OK,,166.315789,9.59714211,145,123.6,145,56.7136167,0.004636127,4.22461898,0.025308862,5.74E-05,0.925427872,441.031926,0.852413793
1452,OK,,166.315789,9.59714211,148,123.6,148,57.8870019,0.002399762,5.3510354,0.031751434,2.93E-05,0.907519219,1082.56438,0.835135135
1453,OK,,166.315789,9.59714211,151,123.6,151,59.0603871,0.001274798,6.53981179,0.038399513,1.54E-05,0.889247482,2499.88461,0.818543046
1454,OK,,166.315789,9.59714211,154,123.6,154,60.2337722,0.000725994,7.8651827,0.045675636,8.62E-06,0.869410326,5297.08976,0.802597403
1455,OK,,166.315789,9.59714211,157,123.6,157,61.4071574,0.000491832,8.93906983,0.051381541,5.76E-06,0.854421503,8918.10798,0.787261146
1456,OK,,166.315789,9.59714211,160,123.6,160,62.5805426,0.000320973,10.1656574,0.057804171,3.71E-06,0.837553688,15589.9646,0.7725
1457,OK,,166.315789,10.0861895,121,123.6,121,47.3265353,2.8175785,0.178194243,0.001131149,0.037011252,0.936699935,0.030562295,1.0214876
1458,OK,,166.315789,10.0861895,124,123.6,124,48.4999205,2.26578055,0.241939375,0.001527556,0.029671753,0.94829435,0.051481813,0.996774194
1459,OK,,166.315789,10.0861895,127,123.6,127,49.6733057,1.73263352,0.336254895,0.002110938,0.022608239,0.958350096,0.093370299,0.973228346
1460,OK,,166.315789,10.0861895,130,123.6,130,50.8466908,1.22540472,0.481406263,0.003003835,0.015922964,0.966432211,0.188648008,0.950769231
1461,OK,,166.315789,10.0861895,133,123.6,133,52.020076,0.748351068,0.719620678,0.004460825,0.009675946,0.971780669,0.461022079,0.929323308
1462,OK,,166.315789,10.0861895,136,123.6,136,53.1934612,0.359287615,1.10428501,0.006795763,0.004614108,0.972485855,1.47282256,0.908823529
1463,OK,,166.315789,10.0861895,139,123.6,139,54.3668464,0.096428498,1.76450859,0.01076895,0.001226855,0.965770737,8.7776844,0.889208633
1464,OK,,166.315789,10.0861895,142,123.6,142,55.5402315,0.016004928,2.77696218,0.01678634,0.000201025,0.949712721,83.5038195,0.870422535
1465,OK,,166.315789,10.0861895,145,123.6,145,56.7136167,0.0059693,3.93008504,0.023516852,7.39E-05,0.930597719,318.135076,0.852413793
1466,OK,,166.315789,10.0861895,148,123.6,148,57.8870019,0.002798216,5.1323888,0.030393367,3.42E-05,0.911289463,889.709763,0.835135135
1467,OK,,166.315789,10.0861895,151,123.6,151,59.0603871,0.00196015,6.33701714,0.037134897,2.36E-05,0.892669561,1574.04567,0.818543046
1468,OK,,166.315789,10.0861895,154,123.6,154,60.2337722,0.000888631,7.52124632,0.043613279,1.05E-05,0.875117651,4135.61545,0.802597403
1469,OK,,166.315789,10.0861895,157,123.6,157,61.4071574,0.000548422,8.7422883,0.050154816,6.42E-06,0.857625119,7815.22272,0.787261146
1470,OK,,166.315789,10.0861895,160,123.6,160,62.5805426,0.000360304,9.94207159,0.056432921,4.16E-06,0.841125828,13572.1451,0.7725
1471,OK,,166.315789,10.5752368,121,123.6,121,47.3265353,2.91781555,0.172497716,0.001091592,0.038198574,0.934702314,0.028576765,1.0214876
1472,OK,,166.315789,10.5752368,124,123.6,124,48.4999205,2.36627949,0.232855084,0.001465709,0.030883934,0.946409509,0.047458612,0.996774194
1473,OK,,166.315789,10.5752368,127,123.6,127,49.6733057,1.82823567,0.322007727,0.002015472,0.023779344,0.956712295,0.084757258,0.973228346
1474,OK,,166.315789,10.5752368,130,123.6,130,50.8466908,1.31402476,0.458296256,0.002851316,0.01702202,0.965143828,0.16750749,0.950769231
1475,OK,,166.315789,10.5752368,133,123.6,133,52.020076,0.837478367,0.674153399,0.004167229,0.010795527,0.970941377,0.386014461,0.929323308
1476,OK,,166.315789,10.5752368,136,123.6,136,53.1934612,0.424907215,1.02969149,0.006319904,0.005442888,0.972654558,1.16113056,0.908823529
1477,OK,,166.315789,10.5752368,139,123.6,139,54.3668464,0.134860464,1.6211915,0.009870609,0.001712441,0.967699948,5.76405717,0.889208633
1478,OK,,166.315789,10.5752368,142,123.6,142,55.5402315,0.021495401,2.57787806,0.015549299,0.000269632,0.953198368,57.6685811,0.870422535
1479,OK,,166.315789,10.5752368,145,123.6,145,56.7136167,0.00681197,3.73703189,0.022314308,8.43E-05,0.933986861,264.845353,0.852413793
1480,OK,,166.315789,10.5752368,148,123.6,148,57.8870019,0.003173514,4.97055548,0.029361239,3.87E-05,0.914078656,759.387465,0.835135135
1481,OK,,166.315789,10.5752368,151,123.6,151,59.0603871,0.001744479,6.11029017,0.035737566,2.10E-05,0.896512113,1703.93862,0.818543046
1482,OK,,166.315789,10.5752368,154,123.6,154,60.2337722,0.001002454,7.3209435,0.04236917,1.19E-05,0.878441185,3565.35649,0.802597403
1483,OK,,166.315789,10.5752368,157,123.6,157,61.4071574,0.000327771,8.51809672,0.048779515,3.83E-06,0.861279615,12730.761,0.787261146
1484,OK,,166.315789,10.5752368,160,123.6,160,62.5805426,0.000398935,9.74743841,0.055224938,4.60E-06,0.844235333,12007.9877,0.7725
1485,OK,,166.315789,11.0642842,121,123.6,121,47.3265353,3.01961363,0.167044921,0.001053805,0.039396931,0.932666557,0.026748414,1.0214876
1486,OK,,166.315789,11.0642842,124,123.6,124,48.4999205,2.46402994,0.224669579,0.001409877,0.032053647,0.944562806,0.043984923,0.996774194
1487,OK,,166.315789,11.0642842,127,123.6,127,49.6733057,1.92551954,0.30861669,0.001925877,0.024963019,0.955023403,0.077149217,0.973228346
1488,OK,,166.315789,11.0642842,130,123.6,130,50.8466908,1.40545373,0.436718275,0.002709142,0.018149569,0.963770071,0.149267576,0.950769231
1489,OK,,166.315789,11.0642842,133,123.6,133,52.020076,0.91940733,0.637554804,0.003929891,0.011817152,0.970069976,0.332558177,0.929323308
1490,OK,,166.315789,11.0642842,136,123.6,136,53.1934612,0.495921348,0.960903923,0.005881928,0.006335698,0.9726127,0.928378865,0.908823529
1491,OK,,166.315789,11.0642842,139,123.6,139,54.3668464,0.177100927,1.5022634,0.009124012,0.002244158,0.969110507,4.06567298,0.889208633
1492,OK,,166.315789,11.0642842,142,123.6,142,55.5402315,0.030728453,2.38316178,0.014343539,0.000384915,0.956537988,37.264151,0.870422535
1493,Errors,,166.315789,11.0642842,145,123.6,145,56.7136167,0.004620745,5.71429793,0.033726753,5.64E-05,0.899161453,598.061759,0.852413793
1494,OK,,166.315789,11.0642842,148,123.6,148,57.8870019,0.003591765,4.77619086,0.028150777,4.37E-05,0.917429086,644.264137,0.835135135
1495,OK,,166.315789,11.0642842,151,123.6,151,59.0603871,0.001986832,5.9157315,0.03452982,2.39E-05,0.899802243,1447.18124,0.818543046
1496,OK,,166.315789,11.0642842,154,123.6,154,60.2337722,0.00113801,7.1120036,0.041080757,1.35E-05,0.881907751,3048.46873,0.802597403
1497,OK,,166.315789,11.0642842,157,123.6,157,61.4071574,0.000695994,8.30913093,0.047493753,8.13E-06,0.864676574,5843.57266,0.787261146
1498,OK,,166.315789,11.0642842,160,123.6,160,62.5805426,0.000443324,9.54689408,0.053986035,5.10E-06,0.847439204,10575.1474,0.7725
1499,OK,,166.315789,11.5533316,121,123.6,121,47.3265353,3.11872338,0.162078003,0.001019313,0.04055429,0.930677339,0.025134526,1.0214876
1500,OK,,166.315789,11.5533316,124,123.6,124,48.4999205,2.56434419,0.216781456,0.001356232,0.033247444,0.942657109,0.040792059,0.996774194
1501,OK,,166.315789,11.5533316,127,123.6,127,49.6733057,2.02459172,0.295987656,0.001841542,0.026161313,0.95328317,0.070391791,0.973228346
1502,OK,,166.315789,11.5533316,130,123.6,130,50.8466908,1.49885775,0.416421618,0.002575695,0.019294871,0.962332271,0.133491154,0.950769231
1503,OK,,166.315789,11.5533316,133,123.6,133,52.020076,1.0113397,0.600556911,0.003691352,0.012958801,0.969013951,0.284852899,0.929323308
1504,OK,,166.315789,11.5533316,136,123.6,136,53.1934612,0.570299414,0.899010634,0.005488236,0.007266182,0.972377995,0.755312154,0.908823529
1505,OK,,166.315789,11.5533316,139,123.6,139,54.3668464,0.22552068,1.39436144,0.008447495,0.002851432,0.970204597,2.9625451,0.889208633
1506,OK,,166.315789,11.5533316,142,123.6,142,55.5402315,0.044536027,2.20999985,0.013271593,0.000557047,0.959407157,23.8249206,0.870422535
1507,OK,,166.315789,11.5533316,145,123.6,145,56.7136167,0.009741653,3.30847712,0.019673666,0.000120198,0.941491674,163.677161,0.852413793
1508,OK,,166.315789,11.5533316,148,123.6,148,57.8870019,0.00451417,4.50175517,0.026497347,5.49E-05,0.922154038,482.479263,0.835135135
1509,OK,,166.315789,11.5533316,151,123.6,151,59.0603871,0.002315329,5.69071348,0.033152262,2.78E-05,0.903606646,1193.62235,0.818543046
1510,OK,,166.315789,11.5533316,154,123.6,154,60.2337722,0.001303066,6.89508146,0.039752023,1.54E-05,0.885506348,2578.98,0.802597403
1511,OK,,166.315789,11.5533316,157,123.6,157,61.4071574,0.000786699,8.10002304,0.046211581,9.18E-06,0.868080366,5035.54852,0.787261146
1512,OK,,166.315789,11.5533316,160,123.6,160,62.5805426,0.000503195,9.30694597,0.052540731,5.79E-06,0.851272476,9075.49026,0.7725
1513,OK,,166.315789,12.0423789,121,123.6,121,47.3265353,3.22198538,0.15715523,0.000985291,0.04175422,0.928599451,0.02359739,1.0214876
1514,OK,,166.315789,12.0423789,124,123.6,124,48.4999205,2.66598743,0.209295984,0.001305408,0.034449313,0.940715709,0.037893589,0.996774194
1515,OK,,166.315789,12.0423789,127,123.6,127,49.6733057,2.12071944,0.284706405,0.001766063,0.027314988,0.95157508,0.064655472,0.973228346
1516,OK,,166.315789,12.0423789,130,123.6,130,50.8466908,1.59323832,0.397662835,0.002452475,0.020444935,0.96084502,0.11995514,0.950769231
1517,OK,,166.315789,12.0423789,133,123.6,133,52.020076,1.09280446,0.571592263,0.003503375,0.013962055,0.968004723,0.250921171,0.929323308
1518,OK,,166.315789,12.0423789,136,123.6,136,53.1934612,0.644993939,0.845132151,0.005145312,0.008195463,0.971986668,0.627824419,0.908823529
1519,OK,,166.315789,12.0423789,139,123.6,139,54.3668464,0.280645867,1.29480096,0.007824554,0.00354031,0.97102192,2.21013248,0.889208633
1520,OK,,166.315789,12.0423789,142,123.6,142,55.5402315,0.066687802,2.03259004,0.012178886,0.00083276,0.962202573,14.6247165,0.870422535
1521,OK,,166.315789,12.0423789,145,123.6,145,56.7136167,0.012538525,3.11389209,0.018477472,0.000154519,0.944873369,119.580446,0.852413793
1522,OK,,166.315789,12.0423789,148,123.6,148,57.8870019,0.005319214,4.28662811,0.025180234,6.46E-05,0.925856459,389.556355,0.835135135
1523,OK,,166.315789,12.0423789,151,123.6,151,59.0603871,0.002706926,5.45978354,0.031746528,3.24E-05,0.90751008,978.694358,0.818543046
1524,OK,,166.315789,12.0423789,154,123.6,154,60.2337722,0.00150613,6.6585419,0.038317455,1.78E-05,0.889430003,2152.99508,0.802597403
1525,OK,,166.315789,12.0423789,157,123.6,157,61.4071574,0.000889012,7.88606818,0.044907172,1.04E-05,0.8715629,4334.81632,0.787261146
1526,OK,,166.315789,12.0423789,160,123.6,160,62.5805426,0.000565858,9.08669713,0.051205143,6.50E-06,0.85479092,7873.31317,0.7725
1527,OK,,166.315789,12.5314263,121,123.6,121,47.3265353,3.32452639,0.152549887,0.000953465,0.042937734,0.92653009,0.022205759,1.0214876
1528,OK,,166.315789,12.5314263,124,123.6,124,48.4999205,2.76522605,0.202480353,0.001259066,0.035614099,0.938810077,0.035353024,0.996774194
1529,OK,,166.315789,12.5314263,127,123.6,127,49.6733057,2.21893298,0.27394845,0.001694266,0.028487132,0.949814465,0.05947478,0.973228346
1530,OK,,166.315789,12.5314263,130,123.6,130,50.8466908,1.69037827,0.379896485,0.002336058,0.021622204,0.959283982,0.108039786,0.950769231
1531,OK,,166.315789,12.5314263,133,123.6,133,52.020076,1.18421815,0.541821333,0.003311475,0.0150838,0.966819743,0.219538494,0.929323308
1532,OK,,166.315789,12.5314263,136,123.6,136,53.1934612,0.725032424,0.794318947,0.004822778,0.00918663,0.971437253,0.524977956,0.908823529
1533,OK,,166.315789,12.5314263,139,123.6,139,54.3668464,0.342910523,1.20218275,0.007246347,0.004315302,0.97158023,1.67922132,0.889208633
1534,OK,,166.315789,12.5314263,142,123.6,142,55.5402315,0.092017187,1.89313695,0.011316836,0.001147097,0.964257367,9.86563303,0.870422535
1535,OK,,166.315789,12.5314263,145,123.6,145,56.7136167,0.016438134,2.91303775,0.01724924,0.000202323,0.948346164,85.2558472,0.852413793
1536,OK,,166.315789,12.5314263,148,123.6,148,57.8870019,0.006300277,4.08561593,0.02395022,7.65E-05,0.929312003,313.195579,0.835135135
1537,OK,,166.315789,12.5314263,151,123.6,151,59.0603871,0.003085977,5.27884982,0.030630658,3.69E-05,0.9105672,829.295327,0.818543046
1538,OK,,166.315789,12.5314263,154,123.6,154,60.2337722,0.001594187,6.50718034,0.037356871,1.88E-05,0.891941443,1986.79838,0.802597403
1539,OK,,166.315789,12.5314263,157,123.6,157,61.4071574,0.001342115,7.66480226,0.043566688,1.56E-05,0.875158781,2788.5498,0.787261146
1540,OK,,166.315789,12.5314263,160,123.6,160,62.5805426,0.000637309,8.87434846,0.049917465,7.32E-06,0.858182985,6821.73568,0.7725
1541,OK,,166.315789,13.0204737,121,123.6,121,47.3265353,3.42833406,0.14813789,0.000923029,0.044128114,0.92442988,0.020917039,1.0214876
1542,OK,,166.315789,13.0204737,124,123.6,124,48.4999205,2.86675456,0.195907934,0.001214495,0.036798756,0.936852216,0.033003703,0.996774194
1543,OK,,166.315789,13.0204737,127,123.6,127,49.6733057,2.3173492,0.263925548,0.001627404,0.029654122,0.948034971,0.054879521,0.973228346
1544,OK,,166.315789,13.0204737,130,123.6,130,50.8466908,1.7856536,0.363945784,0.002231435,0.022768682,0.957723908,0.098004572,0.950769231
1545,OK,,166.315789,13.0204737,133,123.6,133,52.020076,1.27444641,0.515335937,0.003140643,0.016183779,0.965594392,0.194061149,0.929323308
1546,OK,,166.315789,13.0204737,136,123.6,136,53.1934612,0.808353499,0.747692532,0.00452724,0.010213001,0.970747419,0.443282061,0.908823529
1547,OK,,166.315789,13.0204737,139,123.6,139,54.3668464,0.409142418,1.12003601,0.006733765,0.005135896,0.971872961,1.31111799,0.889208633
1548,OK,,166.315789,13.0204737,142,123.6,142,55.5402315,0.129017547,1.74317905,0.010396189,0.001605292,0.966291163,6.4761966,0.870422535
1549,OK,,166.315789,13.0204737,145,123.6,145,56.7136167,0.021976393,2.71962693,0.01606967,0.000270139,0.951658817,59.4866312,0.852413793
1550,OK,,166.315789,13.0204737,148,123.6,148,57.8870019,0.007344147,3.87325234,0.022659326,8.90E-05,0.932962559,254.493985,0.835135135
1551,OK,,166.315789,13.0204737,151,123.6,151,59.0603871,0.003619798,5.05703473,0.029286372,4.33E-05,0.914313895,676.722812,0.818543046
1552,OK,,166.315789,13.0204737,154,123.6,154,60.2337722,0.001949886,6.25320068,0.035844529,2.30E-05,0.896152103,1559.1228,0.802597403
1553,OK,,166.315789,13.0204737,157,123.6,157,61.4071574,0.001143162,7.45397599,0.042288656,1.33E-05,0.878595273,3181.17275,0.787261146
1554,OK,,166.315789,13.0204737,160,123.6,160,62.5805426,0.000721316,8.64389753,0.048532884,8.27E-06,0.861864112,5866.1106,0.7725
1555,OK,,166.315789,13.5095211,121,123.6,121,47.3265353,3.52711375,0.144218794,0.000895851,0.045249831,0.922425495,0.019797889,1.0214876
1556,OK,,166.315789,13.5095211,124,123.6,124,48.4999205,2.96728695,0.189808487,0.001173114,0.037963299,0.934905142,0.030901257,0.996774194
1557,OK,,166.315789,13.5095211,127,123.6,127,49.6733057,2.41256738,0.254935574,0.001567295,0.030774222,0.946299065,0.05092883,0.973228346
1558,OK,,166.315789,13.5095211,130,123.6,130,50.8466908,1.88038706,0.349330567,0.00213557,0.023901136,0.956148225,0.089350159,0.950769231
1559,OK,,166.315789,13.5095211,133,123.6,133,52.020076,1.36844626,0.490185975,0.002978847,0.017323603,0.964270867,0.171953064,0.929323308
1560,OK,,166.315789,13.5095211,136,123.6,136,53.1934612,0.890669533,0.706948699,0.004268762,0.011220916,0.969965891,0.380428991,0.908823529
1561,OK,,166.315789,13.5095211,139,123.6,139,54.3668464,0.47398023,1.051891,0.006307548,0.00593496,0.971933792,1.06277866,0.889208633
1562,OK,,166.315789,13.5095211,142,123.6,142,55.5402315,0.169921635,1.61845198,0.009629219,0.002110022,0.967800393,4.56356251,0.870422535
1563,OK,,166.315789,13.5095211,145,123.6,145,56.7136167,0.031259401,2.51605072,0.014835416,0.000383731,0.955084682,38.6609909,0.852413793
1564,OK,,166.315789,13.5095211,148,123.6,148,57.8870019,0.008574969,3.66160618,0.021377655,0.000103837,0.936597491,205.877437,0.835135135
1565,OK,,166.315789,13.5095211,151,123.6,151,59.0603871,0.004303936,4.83862311,0.027962142,5.14E-05,0.918000418,544.082376,0.818543046
1566,OK,,166.315789,13.5095211,154,123.6,154,60.2337722,0.002247254,6.04856208,0.034599948,2.65E-05,0.899544573,1307.3703,0.802597403
1567,OK,,166.315789,13.5095211,157,123.6,157,61.4071574,0.001299204,7.242957,0.041011221,1.51E-05,0.882029123,2717.54296,0.787261146
1568,OK,,166.315789,13.5095211,160,123.6,160,62.5805426,0.000809432,8.43298369,0.047262007,9.27E-06,0.865232982,5095.86176,0.7725
1569,OK,,166.315789,13.9985684,121,123.6,121,47.3265353,3.6216418,0.140701546,0.000871336,0.046313414,0.920502456,0.0188139,1.0214876
1570,OK,,166.315789,13.9985684,124,123.6,124,48.4999205,3.06376415,0.184345707,0.001135914,0.039071323,0.933028553,0.029072823,0.996774194
1571,OK,,166.315789,13.9985684,127,123.6,127,49.6733057,2.51519297,0.245744918,0.001506281,0.031977251,0.944418076,0.04710477,0.973228346
1572,OK,,166.315789,13.9985684,130,123.6,130,50.8466908,1.97641089,0.334392726,0.002038287,0.025042311,0.95455351,0.081393707,0.950769231
1573,OK,,166.315789,13.9985684,133,123.6,133,52.020076,1.46401116,0.466897035,0.002829218,0.018475625,0.962881481,0.15313245,0.929323308
1574,OK,,166.315789,13.9985684,136,123.6,136,53.1934612,0.97480752,0.667254095,0.004017983,0.012245607,0.969130386,0.328116293,0.908823529
1575,OK,,166.315789,13.9985684,139,123.6,139,54.3668464,0.551498286,0.981128198,0.005867795,0.006886971,0.971809539,0.852013882,0.889208633
1576,OK,,166.315789,13.9985684,142,123.6,142,55.5402315,0.216441128,1.50673927,0.008941277,0.002680958,0.968974195,3.33510581,0.870422535
1577,OK,,166.315789,13.9985684,145,123.6,145,56.7136167,0.044838608,2.34161568,0.013776677,0.000549628,0.957920965,25.0654358,0.852413793
1578,OK,,166.315789,13.9985684,148,123.6,148,57.8870019,0.009530919,3.4570981,0.020136797,0.000115241,0.940113861,174.736706,0.835135135
1579,OK,,166.315789,13.9985684,151,123.6,151,59.0603871,0.005122073,4.62079914,0.02665118,6.11E-05,0.921674722,436.228486,0.818543046
1580,OK,,166.315789,13.9985684,154,123.6,154,60.2337722,0.002591454,5.83303351,0.03330328,3.05E-05,0.90311706,1092.41912,0.802597403
1581,OK,,166.315789,13.9985684,157,123.6,157,61.4071574,0.001474067,7.03633358,0.039765617,1.71E-05,0.885391086,2324.92937,0.787261146
1582,OK,,166.315789,13.9985684,160,123.6,160,62.5805426,0.000901961,8.23689685,0.046076535,1.03E-05,0.868364855,4463.05761,0.7725
1583,OK,,166.315789,14.4876158,121,123.6,121,47.3265353,3.72565006,0.136925162,0.000845343,0.04748277,0.918384577,0.017803148,1.0214876
1584,OK,,166.315789,14.4876158,124,123.6,124,48.4999205,3.17103187,0.178476671,0.001096404,0.040301487,0.930937855,0.02720506,0.996774194
1585,OK,,166.315789,14.4876158,127,123.6,127,49.6733057,2.61550882,0.237393378,0.001450756,0.03314424,0.942566693,0.04377099,0.973228346
1586,OK,,166.315789,14.4876158,130,123.6,130,50.8466908,2.07709193,0.320972775,0.001950756,0.026232801,0.95283735,0.074363232,0.950769231
1587,OK,,166.315789,14.4876158,133,123.6,133,52.020076,1.55300161,0.447265439,0.002702539,0.01953984,0.961548171,0.138309175,0.929323308
1588,Errors,,166.315789,14.4876158,136,123.6,136,53.1934612,1.028853,0.645818292,0.003876063,0.012904214,0.968517347,0.300371882,0.908823529
1589,OK,,166.315789,14.4876158,139,123.6,139,54.3668464,0.622892697,0.925193604,0.005518618,0.007758239,0.971525177,0.711323528,0.889208633
1590,OK,,166.315789,14.4876158,142,123.6,142,55.5402315,0.263805221,1.41347368,0.008368433,0.003261992,0.96980065,2.56543636,0.870422535
1591,OK,,166.315789,14.4876158,145,123.6,145,56.7136167,0.065953607,2.17215782,0.01274858,0.000807068,0.960536613,15.796159,0.852413793
1592,OK,,166.315789,14.4876158,148,123.6,148,57.8870019,0.013532187,3.24668582,0.018874326,0.000163455,0.943679619,115.471086,0.835135135
1593,OK,,166.315789,14.4876158,151,123.6,151,59.0603871,0.005798269,4.4330639,0.02551624,6.91E-05,0.924841973,369.37288,0.818543046
1594,OK,,166.315789,14.4876158,154,123.6,154,60.2337722,0.002985004,5.61579332,0.032001698,3.51E-05,0.906717144,912.317001,0.802597403
1595,OK,,166.315789,14.4876158,157,123.6,157,61.4071574,0.001691258,6.80852292,0.038407971,1.96E-05,0.889097388,1959.19013,0.787261146
1596,OK,,166.315789,14.4876158,160,123.6,160,62.5805426,0.001065732,8.00936088,0.044723632,1.22E-05,0.871998128,3670.01938,0.7725
1597,OK,,166.315789,14.9766632,121,123.6,121,47.3265353,3.83691173,0.133031558,0.000818767,0.048730089,0.916115911,0.016802088,1.0214876
1598,OK,,166.315789,14.9766632,124,123.6,124,48.4999205,3.26856587,0.173561255,0.001062998,0.041407069,0.92902819,0.025671893,0.996774194
1599,OK,,166.315789,14.9766632,127,123.6,127,49.6733057,2.71030965,0.230080074,0.001401899,0.034237251,0.940805435,0.040946594,0.973228346
1600,OK,,166.315789,14.9766632,130,123.6,130,50.8466908,2.15490562,0.311794006,0.001889515,0.027138473,0.951487509,0.069624939,0.950769231
1601,OK,,166.315789,14.9766632,133,123.6,133,52.020076,1.64933968,0.427515436,0.002575817,0.020687191,0.960075892,0.124512671,0.929323308
1602,OK,,166.315789,14.9766632,136,123.6,136,53.1934612,1.1506707,0.600759504,0.003597553,0.014369951,0.967074333,0.25035247,0.908823529
1603,OK,,166.315789,14.9766632,139,123.6,139,54.3668464,0.701249091,0.870922039,0.005181076,0.008710404,0.971082172,0.594814683,0.889208633
1604,OK,,166.315789,14.9766632,142,123.6,142,55.5402315,0.330223334,1.30915565,0.007729866,0.004072757,0.970483036,1.8979444,0.870422535
1605,OK,,166.315789,14.9766632,145,123.6,145,56.7136167,0.092224808,2.01945146,0.011825591,0.001126649,0.962765974,10.4962467,0.852413793
1606,OK,,166.315789,14.9766632,148,123.6,148,57.8870019,0.017532251,3.05742178,0.017737009,0.000211509,0.946880061,83.8592503,0.835135135
1607,OK,,166.315789,14.9766632,151,123.6,151,59.0603871,0.006860177,4.22031665,0.024243769,8.16E-05,0.928426192,296.964137,0.818543046
1608,OK,,166.315789,14.9766632,154,123.6,154,60.2337722,0.003438606,5.41462729,0.030794938,4.04E-05,0.910049368,762.950746,0.802597403
1609,OK,,166.315789,14.9766632,157,123.6,157,61.4071574,0.00180744,6.58387503,0.03707256,2.09E-05,0.892753829,1771.33541,0.787261146
1610,OK,,166.315789,14.9766632,160,123.6,160,62.5805426,0.001149037,7.80399996,0.043496071,1.31E-05,0.875278343,3313.96426,0.7725
1611,OK,,166.315789,15.4657105,121,123.6,121,47.3265353,3.93759165,0.129783765,0.000796338,0.049843817,0.91405719,0.015976665,1.0214876
1612,OK,,166.315789,15.4657105,124,123.6,124,48.4999205,3.37224714,0.168542988,0.001029141,0.042578325,0.926993898,0.024170547,0.996774194
1613,OK,,166.315789,15.4657105,127,123.6,127,49.6733057,2.8151597,0.22231547,0.001350548,0.03544351,0.938850956,0.038104232,0.973228346
1614,OK,,166.315789,15.4657105,130,123.6,130,50.8466908,2.26960099,0.298171154,0.001801621,0.028483807,0.94949972,0.063250725,0.950769231
1615,OK,,166.315789,15.4657105,133,123.6,133,52.020076,1.74478044,0.409568609,0.002460632,0.021816374,0.9585862,0.112788325,0.929323308
1616,OK,,166.315789,15.4657105,136,123.6,136,53.1934612,1.24037201,0.571615758,0.003413513,0.015444211,0.965935893,0.221022164,0.908823529
1617,OK,,166.315789,15.4657105,139,123.6,139,54.3668464,0.779534035,0.826211526,0.004900845,0.00965511,0.970464618,0.507590796,0.889208633
1618,OK,,166.315789,15.4657105,142,123.6,142,55.5402315,0.391817153,1.22607584,0.007221085,0.00482093,0.970869891,1.49786148,0.870422535
1619,OK,,166.315789,15.4657105,145,123.6,145,56.7136167,0.124012409,1.88266079,0.010999223,0.001512267,0.964617436,7.27333208,0.852413793
1620,OK,,166.315789,15.4657105,148,123.6,148,57.8870019,0.0232849,2.84906659,0.016494588,0.000280559,0.950380027,58.7919715,0.835135135
1621,OK,,166.315789,15.4657105,151,123.6,151,59.0603871,0.008358705,3.97781876,0.022807377,9.94E-05,0.93250675,229.539205,0.818543046
1622,OK,,166.315789,15.4657105,154,123.6,154,60.2337722,0.004033532,5.20210946,0.029529188,4.73E-05,0.913567708,624.372882,0.802597403
1623,OK,,166.315789,15.4657105,157,123.6,157,61.4071574,0.002239151,6.38987912,0.035910157,2.59E-05,0.895905973,1386.5246,0.787261146
1624,OK,,166.315789,15.4657105,160,123.6,160,62.5805426,0.001217339,7.5971415,0.042263559,1.39E-05,0.878582727,3042.79787,0.7725
1625,OK,,166.315789,15.9547579,121,123.6,121,47.3265353,4.04507026,0.1263017,0.000772596,0.051030188,0.911859765,0.015139981,1.0214876
1626,OK,,166.315789,15.9547579,124,123.6,124,48.4999205,3.47571542,0.163810088,0.000997225,0.0437395,0.924958114,0.022799189,0.996774194
1627,OK,,166.315789,15.9547579,127,123.6,127,49.6733057,2.91660951,0.215314042,0.001304132,0.03660142,0.936949565,0.035630636,0.973228346
1628,OK,,166.315789,15.9547579,130,123.6,130,50.8466908,2.35911472,0.288744794,0.001739613,0.029517861,0.947924644,0.058934255,0.950769231
1629,OK,,166.315789,15.9547579,133,123.6,133,52.020076,1.83148401,0.394720605,0.002364693,0.022833142,0.957204895,0.10356407,0.929323308
1630,OK,,166.315789,15.9547579,136,123.6,136,53.1934612,1.32891761,0.543056515,0.003233304,0.01649611,0.964808191,0.196004046,0.908823529
1631,OK,,166.315789,15.9547579,139,123.6,139,54.3668464,0.864505919,0.779729381,0.004612721,0.010677277,0.969756655,0.43201284,0.889208633
1632,OK,,166.315789,15.9547579,142,123.6,142,55.5402315,0.454444832,1.15394409,0.006778979,0.00557811,0.971041012,1.21528245,0.870422535
1633,OK,,166.315789,15.9547579,145,123.6,145,56.7136167,0.168077086,1.73758208,0.010128423,0.002045575,0.96639856,4.95138296,0.852413793
1634,OK,,166.315789,15.9547579,148,123.6,148,57.8870019,0.032308294,2.65158306,0.015319507,0.000388771,0.953635682,39.40493,0.835135135
1635,OK,,166.315789,15.9547579,151,123.6,151,59.0603871,0.009217059,3.80915329,0.021794611,0.000109435,0.93534803,199.155392,0.818543046
1636,OK,,166.315789,15.9547579,154,123.6,154,60.2337722,0.004674574,4.97029754,0.028160743,5.48E-05,0.917405603,514.32751,0.802597403
1637,OK,,166.315789,15.9547579,157,123.6,157,61.4071574,0.002515976,6.17496515,0.034637246,2.91E-05,0.899401285,1191.49138,0.787261146
1638,OK,,166.315789,15.9547579,160,123.6,160,62.5805426,0.001465943,7.37765547,0.040968957,1.67E-05,0.882086011,2451.70465,0.7725
1639,OK,,166.315789,16.4438053,121,123.6,121,47.3265353,4.14494399,0.12339305,0.000752507,0.05211926,0.909810912,0.01443818,1.0214876
1640,OK,,166.315789,16.4438053,124,123.6,124,48.4999205,3.57743313,0.159428701,0.000967631,0.04487194,0.922951176,0.021564283,0.996774194
1641,OK,,166.315789,16.4438053,127,123.6,127,49.6733057,3.01948351,0.208619756,0.001259831,0.037768273,0.935013319,0.033356848,0.973228346
1642,OK,,166.315789,16.4438053,130,123.6,130,50.8466908,2.46820528,0.277583174,0.001667453,0.030779134,0.945998679,0.0541748,0.950769231
1643,OK,,166.315789,16.4438053,133,123.6,133,52.020076,1.93762045,0.377352554,0.002254142,0.024077218,0.955498469,0.093621351,0.929323308
1644,OK,,166.315789,16.4438053,136,123.6,136,53.1934612,1.42061374,0.518292644,0.003077262,0.017581551,0.963549911,0.175027885,0.908823529
1645,OK,,166.315789,16.4438053,139,123.6,139,54.3668464,0.943113643,0.741648183,0.004375632,0.011616317,0.969011228,0.376679775,0.889208633
1646,OK,,166.315789,16.4438053,142,123.6,142,55.5402315,0.519886424,1.08850671,0.006378162,0.006365711,0.971040936,1.00195591,0.870422535
1647,OK,,166.315789,16.4438053,145,123.6,145,56.7136167,0.211799625,1.62554722,0.009452909,0.002572518,0.967603074,3.674575,0.852413793
1648,OK,,166.315789,16.4438053,148,123.6,148,57.8870019,0.045881264,2.47268279,0.014255551,0.000551317,0.956491717,25.8572759,0.835135135
1649,OK,,166.315789,16.4438053,151,123.6,151,59.0603871,0.012100112,3.60115963,0.020563452,0.000143497,0.938820927,143.30256,0.818543046
1650,OK,,166.315789,16.4438053,154,123.6,154,60.2337722,0.005407627,4.79042254,0.027086334,6.33E-05,0.920379714,428.14179,0.802597403
1651,OK,,166.315789,16.4438053,157,123.6,157,61.4071574,0.002799911,5.97475862,0.033446034,3.23E-05,0.902656974,1035.22048,0.787261146
1652,OK,,166.315789,16.4438053,160,123.6,160,62.5805426,0.001660571,7.1648968,0.039714134,1.89E-05,0.885482658,2100.25119,0.7725
1653,OK,,166.315789,16.9328526,121,123.6,121,47.3265353,4.24640055,0.120560843,0.000732999,0.053219432,0.907727,0.013773141,1.0214876
1654,OK,,166.315789,16.9328526,124,123.6,124,48.4999205,3.67911995,0.155275145,0.000939589,0.045996431,0.920940178,0.020427443,0.996774194
1655,OK,,166.315789,16.9328526,127,123.6,127,49.6733057,3.11869101,0.202588844,0.001219791,0.038884138,0.933137531,0.031369884,0.973228346
1656,OK,,166.315789,16.9328526,130,123.6,130,50.8466908,2.56663795,0.268382775,0.00160749,0.031905238,0.944243752,0.050383277,0.950769231
1657,OK,,166.315789,16.9328526,133,123.6,133,52.020076,2.03251531,0.364980829,0.002173589,0.025175722,0.953912099,0.086336703,0.929323308
1658,OK,,166.315789,16.9328526,136,123.6,136,53.1934612,1.51246312,0.495588074,0.002934251,0.018662258,0.962250037,0.157229159,0.908823529
1659,OK,,166.315789,16.9328526,139,123.6,139,54.3668464,1.03165675,0.702584982,0.004133954,0.012670129,0.968101116,0.326275635,0.889208633
1660,OK,,166.315789,16.9328526,142,123.6,142,55.5402315,0.600305087,1.017802,0.005948518,0.007330579,0.970866036,0.811466357,0.870422535
1661,OK,,166.315789,16.9328526,145,123.6,145,56.7136167,0.265477081,1.51320249,0.008778713,0.00321745,0.968637522,2.72846892,0.852413793
1662,OK,,166.315789,16.9328526,148,123.6,148,57.8870019,0.06462352,2.30829682,0.01327898,0.000775351,0.959007717,17.1264164,0.835135135
1663,OK,,166.315789,16.9328526,151,123.6,151,59.0603871,0.013842936,3.40200918,0.019387043,0.000163973,0.942163398,118.233483,0.818543046
1664,OK,,166.315789,16.9328526,154,123.6,154,60.2337722,0.00624001,4.57461864,0.025816242,7.29E-05,0.923948667,354.025005,0.802597403
1665,OK,,166.315789,16.9328526,157,123.6,157,61.4071574,0.003199458,5.7605864,0.032189847,3.69E-05,0.906138208,872.645086,0.787261146
1666,OK,,166.315789,16.9328526,160,123.6,160,62.5805426,0.00188653,6.94433011,0.038421348,2.15E-05,0.889003573,1790.37058,0.7725
1667,OK,,166.315789,17.4219,121,123.6,121,47.3265353,4.35555216,0.117585163,0.000712725,0.054402142,0.905483524,0.013101055,1.0214876
1668,OK,,166.315789,17.4219,124,123.6,124,48.4999205,3.78183006,0.15127407,0.000912636,0.047126282,0.918904937,0.019365762,0.996774194
1669,OK,,166.315789,17.4219,127,123.6,127,49.6733057,3.22010583,0.196725017,0.001180988,0.040019437,0.931213943,0.029510354,0.973228346
1670,OK,,166.315789,17.4219,130,123.6,130,50.8466908,2.67032792,0.259194779,0.001547935,0.033086925,0.942385185,0.046783902,0.950769231
1671,OK,,166.315789,17.4219,133,123.6,133,52.020076,2.12903532,0.351557729,0.002087688,0.026290045,0.952314698,0.079409812,0.929323308
1672,OK,,166.315789,17.4219,136,123.6,136,53.1934612,1.60714573,0.473997748,0.002798601,0.019770729,0.960875953,0.14155277,0.908823529
1673,OK,,166.315789,17.4219,139,123.6,139,54.3668464,1.11829476,0.668249195,0.003921305,0.013695135,0.967139092,0.286328308,0.889208633
1674,OK,,166.315789,17.4219,142,123.6,142,55.5402315,0.675439518,0.960668471,0.005600085,0.008226657,0.970541931,0.680724242,0.870422535
1675,OK,,166.315789,17.4219,145,123.6,145,56.7136167,0.319635079,1.41991234,0.008217496,0.003865417,0.969327517,2.12590151,0.852413793
1676,OK,,166.315789,17.4219,148,123.6,148,57.8870019,0.091202648,2.14422123,0.012308332,0.001092471,0.961382974,11.2665052,0.835135135
1677,OK,,166.315789,17.4219,151,123.6,151,59.0603871,0.018728501,3.17263423,0.018044881,0.000221584,0.945964412,81.4360275,0.818543046
1678,OK,,166.315789,17.4219,154,123.6,154,60.2337722,0.0073566,4.35588239,0.024534746,8.59E-05,0.927561585,285.697089,0.802597403
1679,OK,,166.315789,17.4219,157,123.6,157,61.4071574,0.004313054,5.54966269,0.030952561,4.97E-05,0.909554912,623.122836,0.787261146
1680,OK,,166.315789,17.4219,160,123.6,160,62.5805426,0.002160248,6.73546997,0.03719498,2.45E-05,0.89233666,1515.35849,0.7725
1681,OK,,171.578947,8.13,121,123.6,121,47.3265353,2.4129923,0.20163003,0.001295993,0.032133257,0.944753566,0.040331838,1.0214876
1682,OK,,171.578947,8.13,124,123.6,124,48.4999205,1.86922046,0.276986897,0.001770423,0.024809342,0.955748229,0.071361162,0.996774194
1683,OK,,171.578947,8.13,127,123.6,127,49.6733057,1.34182136,0.391323576,0.0024864,0.017741825,0.965109128,0.140143432,0.973228346
1684,OK,,171.578947,8.13,130,123.6,130,50.8466908,0.854665862,0.580509431,0.003664841,0.011247131,0.97177446,0.3258468,0.950769231
1685,OK,,171.578947,8.13,133,123.6,133,52.020076,0.432965624,0.905043176,0.005673411,0.005662623,0.974278992,1.00190505,0.929323308
1686,OK,,171.578947,8.13,136,123.6,136,53.1934612,0.133846504,1.48897679,0.009258589,0.001735335,0.969492053,5.33533201,0.908823529
1687,OK,,171.578947,8.13,139,123.6,139,54.3668464,0.022185168,2.5191368,0.015508923,0.000283874,0.953256035,54.6332013,0.889208633
1688,OK,,171.578947,8.13,142,123.6,142,55.5402315,0.007928543,3.60812901,0.02199632,1.00E-04,0.934893005,219.808111,0.870422535
1689,OK,,171.578947,8.13,145,123.6,145,56.7136167,0.00374206,4.79987108,0.028957477,4.66E-05,0.915300532,621.980854,0.852413793
1690,OK,,171.578947,8.13,148,123.6,148,57.8870019,0.001967406,5.98331595,0.035717988,2.41E-05,0.896604019,1480.37219,0.835135135
1691,OK,,171.578947,8.13,151,123.6,151,59.0603871,0.001129043,7.17701065,0.04238802,1.36E-05,0.878461012,3105.59488,0.818543046
1692,OK,,171.578947,8.13,154,123.6,154,60.2337722,0.000693619,8.38791062,0.049003239,8.26E-06,0.860732544,5929.14128,0.802597403
1693,OK,,171.578947,8.13,157,123.6,157,61.4071574,0.000431759,9.64952439,0.05573282,5.07E-06,0.842852909,10998.5902,0.787261146
1694,OK,,171.578947,8.13,160,123.6,160,62.5805426,0.000301598,10.7903222,0.061690447,3.49E-06,0.827572224,17653.3197,0.7725
1695,OK,,171.578947,8.61904737,121,123.6,121,47.3265353,2.51810558,0.194134739,0.00124391,0.033415642,0.942690917,0.037225383,1.0214876
1696,OK,,171.578947,8.61904737,124,123.6,124,48.4999205,1.9675429,0.265535248,0.001692033,0.026026946,0.953957076,0.065010808,0.996774194
1697,OK,,171.578947,8.61904737,127,123.6,127,49.6733057,1.43737496,0.37178247,0.002355174,0.018943282,0.96357888,0.124327677,0.973228346
1698,OK,,171.578947,8.61904737,130,123.6,130,50.8466908,0.941293885,0.546480717,0.003440036,0.012349288,0.970739992,0.278561527,0.950769231
1699,OK,,171.578947,8.61904737,133,123.6,133,52.020076,0.498258564,0.847438403,0.005297625,0.006499365,0.9741312,0.815098874,0.929323308
1700,OK,,171.578947,8.61904737,136,123.6,136,53.1934612,0.177187053,1.36774342,0.00848344,0.002292371,0.970956384,3.70072673,0.908823529
1701,OK,,171.578947,8.61904737,139,123.6,139,54.3668464,0.034244353,2.24725956,0.013811227,0.00043785,0.958035015,31.5432965,0.889208633
1702,OK,,171.578947,8.61904737,142,123.6,142,55.5402315,0.009900558,3.4172865,0.020783624,0.000124747,0.938293612,166.606063,0.870422535
1703,OK,,171.578947,8.61904737,145,123.6,145,56.7136167,0.00443965,4.57867764,0.027566996,5.52E-05,0.919188415,499.657787,0.852413793
1704,OK,,171.578947,8.61904737,148,123.6,148,57.8870019,0.001876227,5.76794731,0.034363749,2.30E-05,0.900326095,1495.13796,0.835135135
1705,OK,,171.578947,8.61904737,151,123.6,151,59.0603871,0.00124173,7.0073856,0.041290103,1.50E-05,0.881331165,2755.33649,0.818543046
1706,OK,,171.578947,8.61904737,154,123.6,154,60.2337722,0.000776107,8.1784744,0.047693012,9.24E-06,0.864208231,5161.73476,0.802597403
1707,OK,,171.578947,8.61904737,157,123.6,157,61.4071574,0.000502627,9.36371099,0.054022707,5.90E-06,0.847506154,9155.88498,0.787261146
1708,OK,,171.578947,8.61904737,160,123.6,160,62.5805426,0.000332976,10.5942067,0.060457428,3.85E-06,0.830705532,15686.3341,0.7725
1709,OK,,171.578947,9.10809474,121,123.6,121,47.3265353,2.6155305,0.187734772,0.001199162,0.034592014,0.940767579,0.03466586,1.0214876
1710,OK,,171.578947,9.10809474,124,123.6,124,48.4999205,2.06368069,0.255228143,0.001621384,0.027208473,0.952187368,0.059591154,0.996774194
1711,OK,,171.578947,9.10809474,127,123.6,127,49.6733057,1.52793151,0.355129911,0.002242968,0.020072894,0.962091079,0.111741134,0.973228346
1712,OK,,171.578947,9.10809474,130,123.6,130,50.8466908,1.02886443,0.515925557,0.003238272,0.013456672,0.969618672,0.24064438,0.950769231
1713,OK,,171.578947,9.10809474,133,123.6,133,52.020076,0.579980763,0.785082647,0.004894319,0.007543571,0.973758912,0.648806622,0.929323308
1714,OK,,171.578947,9.10809474,136,123.6,136,53.1934612,0.228062295,1.25770251,0.007781042,0.00294387,0.972068657,2.64313314,0.908823529
1715,OK,,171.578947,9.10809474,139,123.6,139,54.3668464,0.046665163,2.07908147,0.012748307,0.000595766,0.960899946,21.3981675,0.889208633
1716,OK,,171.578947,9.10809474,142,123.6,142,55.5402315,0.012025742,3.19262366,0.019381251,0.00015142,0.942300395,127.996941,0.870422535
1717,OK,,171.578947,9.10809474,145,123.6,145,56.7136167,0.005276622,4.36407193,0.026220976,6.55E-05,0.922957681,400.348175,0.852413793
1718,OK,,171.578947,9.10809474,148,123.6,148,57.8870019,0.002636121,5.55801679,0.033046197,3.23E-05,0.903939525,1024.53125,0.835135135
1719,OK,,171.578947,9.10809474,151,123.6,151,59.0603871,0.001533693,6.68781693,0.039353035,1.85E-05,0.886737102,2126.96861,0.818543046
1720,OK,,171.578947,9.10809474,154,123.6,154,60.2337722,0.000879224,7.9616101,0.04634077,1.05E-05,0.867806896,4431.89519,0.802597403
1721,OK,,171.578947,9.10809474,157,123.6,157,61.4071574,0.000560189,9.16281036,0.05276339,6.57E-06,0.850776832,8032.25177,0.787261146
1722,OK,,171.578947,9.10809474,160,123.6,160,62.5805426,0.00037369,10.3444804,0.058933901,4.32E-06,0.834695359,13637.8122,0.7725
1723,OK,,171.578947,9.59714211,121,123.6,121,47.3265353,2.71444736,0.181626206,0.001156541,0.0357795,0.938806559,0.032324118,1.0214876
1724,OK,,171.578947,9.59714211,124,123.6,124,48.4999205,2.16553355,0.245034124,0.001551858,0.028454572,0.950297492,0.054538105,0.996774194
1725,OK,,171.578947,9.59714211,127,123.6,127,49.6733057,1.62789301,0.338049872,0.002128692,0.021315076,0.960422548,0.099867907,0.973228346
1726,OK,,171.578947,9.59714211,130,123.6,130,50.8466908,1.11686981,0.488464297,0.00305701,0.014562899,0.968427953,0.209917707,0.950769231
1727,OK,,171.578947,9.59714211,133,123.6,133,52.020076,0.658086372,0.734332882,0.004565204,0.008535184,0.973233041,0.53486885,0.929323308
1728,OK,,171.578947,9.59714211,136,123.6,136,53.1934612,0.282862054,1.16342131,0.007179125,0.003642674,0.972810881,1.97083913,0.908823529
1729,OK,,171.578947,9.59714211,139,123.6,139,54.3668464,0.066414395,1.91031781,0.011686569,0.00084653,0.963640852,13.8052595,0.889208633
1730,OK,,171.578947,9.59714211,142,123.6,142,55.5402315,0.014647352,2.98790738,0.018099809,0.000184199,0.945939103,98.2623119,0.870422535
1731,OK,,171.578947,9.59714211,145,123.6,145,56.7136167,0.005903352,4.22715388,0.025323847,7.31E-05,0.925360831,346.572533,0.852413793
1732,OK,,171.578947,9.59714211,148,123.6,148,57.8870019,0.003075218,5.35238656,0.031759319,3.76E-05,0.907484209,845.005292,0.835135135
1733,OK,,171.578947,9.59714211,151,123.6,151,59.0603871,0.00168242,6.54062719,0.038404205,2.03E-05,0.889226774,1894.45045,0.818543046
1734,OK,,171.578947,9.59714211,154,123.6,154,60.2337722,0.000927744,7.86558628,0.045677924,1.10E-05,0.869400276,4145.38786,0.802597403
1735,OK,,171.578947,9.59714211,157,123.6,157,61.4071574,0.000632263,8.93935075,0.051383113,7.41E-06,0.854414642,6937.54607,0.787261146
1736,OK,,171.578947,9.59714211,160,123.6,160,62.5805426,0.000413913,10.1658433,0.057805196,4.78E-06,0.837549232,12089.6585,0.7725
1737,OK,,171.578947,10.0861895,121,123.6,121,47.3265353,2.81633065,0.1756989,0.001115318,0.036995785,0.936779028,0.030147164,1.0214876
1738,OK,,171.578947,10.0861895,124,123.6,124,48.4999205,2.26284394,0.236066647,0.001490505,0.029635035,0.948475986,0.050295378,0.996774194
1739,OK,,171.578947,10.0861895,127,123.6,127,49.6733057,1.72591079,0.322809804,0.002026622,0.022523533,0.958756105,0.08997798,0.973228346
1740,OK,,171.578947,10.0861895,130,123.6,130,50.8466908,1.21508406,0.460764334,0.00287523,0.015792089,0.967041151,0.182067713,0.950769231
1741,OK,,171.578947,10.0861895,133,123.6,133,52.020076,0.734200915,0.691318047,0.004285775,0.009495642,0.972596754,0.451341266,0.929323308
1742,OK,,171.578947,10.0861895,136,123.6,136,53.1934612,0.345115661,1.07593752,0.006621919,0.004433339,0.97328519,1.49366394,0.908823529
1743,OK,,171.578947,10.0861895,139,123.6,139,54.3668464,0.09286695,1.75738437,0.010725715,0.001181624,0.965967286,9.07709782,0.889208633
1744,OK,,171.578947,10.0861895,142,123.6,142,55.5402315,0.018893216,2.78273973,0.016820956,0.000237289,0.949556693,70.888028,0.870422535
1745,OK,,171.578947,10.0861895,145,123.6,145,56.7136167,0.0077052,3.93355745,0.023537374,9.54E-05,0.930505884,246.685799,0.852413793
1746,OK,,171.578947,10.0861895,148,123.6,148,57.8870019,0.00356637,5.13392539,0.030402322,4.35E-05,0.911249649,698.2924,0.835135135
1747,OK,,171.578947,10.0861895,151,123.6,151,59.0603871,0.002329885,6.33775675,0.037139148,2.80E-05,0.892650777,1324.41683,0.818543046
1748,OK,,171.578947,10.0861895,154,123.6,154,60.2337722,0.001137579,7.52174431,0.043616101,1.35E-05,0.875105251,3230.80029,0.802597403
1749,OK,,171.578947,10.0861895,157,123.6,157,61.4071574,0.000704336,8.74260019,0.050156559,8.24E-06,0.857617501,6085.44988,0.787261146
1750,OK,,171.578947,10.0861895,160,123.6,160,62.5805426,0.000464164,9.94227935,0.056434066,5.36E-06,0.841120848,10535.5195,0.7725
1751,OK,,171.578947,10.5752368,121,123.6,121,47.3265353,2.91668353,0.170234026,0.001077275,0.038184617,0.934774064,0.02821227,1.0214876
1752,OK,,171.578947,10.5752368,124,123.6,124,48.4999205,2.36354669,0.227389991,0.001431334,0.030849945,0.946578538,0.046396655,0.996774194
1753,OK,,171.578947,10.5752368,127,123.6,127,49.6733057,1.82181367,0.309164188,0.001935165,0.023698836,0.95710014,0.081656525,0.973228346
1754,OK,,171.578947,10.5752368,130,123.6,130,50.8466908,1.30409107,0.438428466,0.002727884,0.016896657,0.965729932,0.161445177,0.950769231
1755,OK,,171.578947,10.5752368,133,123.6,133,52.020076,0.823663318,0.646521272,0.003996781,0.010620332,0.971738131,0.376333006,0.929323308
1756,OK,,171.578947,10.5752368,136,123.6,136,53.1934612,0.410182072,1.00023768,0.006139708,0.005255779,0.973485092,1.16818234,0.908823529
1757,OK,,171.578947,10.5752368,139,123.6,139,54.3668464,0.128875858,1.60922046,0.009798098,0.001636639,0.968030216,5.98671777,0.889208633
1758,OK,,171.578947,10.5752368,142,123.6,142,55.5402315,0.024591946,2.58407219,0.015586355,0.000308456,0.95303109,50.53025,0.870422535
1759,OK,,171.578947,10.5752368,145,123.6,145,56.7136167,0.008575675,3.74055992,0.022335128,0.000106065,0.933893555,210.579589,0.852413793
1760,OK,,171.578947,10.5752368,148,123.6,148,57.8870019,0.004011348,4.97223145,0.029370987,4.89E-05,0.91403523,600.986218,0.835135135
1761,OK,,171.578947,10.5752368,151,123.6,151,59.0603871,0.002222279,6.11124595,0.035743051,2.67E-05,0.89648784,1337.80109,0.818543046
1762,OK,,171.578947,10.5752368,154,123.6,154,60.2337722,0.001281695,7.3215021,0.042372332,1.52E-05,0.878427276,2788.7984,0.802597403
1763,OK,,171.578947,10.5752368,157,123.6,157,61.4071574,0.000786177,8.51901372,0.048784632,9.19E-06,0.861257217,5308.27943,0.787261146
1764,OK,,171.578947,10.5752368,160,123.6,160,62.5805426,0.000513484,9.74766756,0.055226199,5.92E-06,0.844229841,9329.45451,0.7725
1765,OK,,171.578947,11.0642842,121,123.6,121,47.3265353,3.01859203,0.165002053,0.001040925,0.039384403,0.932731309,0.026429877,1.0214876
1766,OK,,171.578947,11.0642842,124,123.6,124,48.4999205,2.46147644,0.219563094,0.001377855,0.032022052,0.944720744,0.043028327,0.996774194
1767,OK,,171.578947,11.0642842,127,123.6,127,49.6733057,1.91938716,0.296352478,0.001849418,0.024886536,0.955393755,0.07431401,0.973228346
1768,OK,,171.578947,11.0642842,130,123.6,130,50.8466908,1.39582871,0.417467991,0.002589887,0.018028695,0.96433796,0.143653584,0.950769231
1769,OK,,171.578947,11.0642842,133,123.6,133,52.020076,0.905917262,0.610572903,0.003763902,0.011646848,0.970847983,0.323169172,0.929323308
1770,OK,,171.578947,11.0642842,136,123.6,136,53.1934612,0.480880027,0.930817889,0.005698314,0.006145339,0.973461063,0.92725792,0.908823529
1771,OK,,171.578947,11.0642842,139,123.6,139,54.3668464,0.169096753,1.48625267,0.009027231,0.002143064,0.969552227,4.21230149,0.889208633
1772,OK,,171.578947,11.0642842,142,123.6,142,55.5402315,0.033368056,2.38844188,0.014375078,0.000417959,0.956395394,34.3935392,0.870422535
1773,Errors,,171.578947,11.0642842,145,123.6,145,56.7136167,0.00582293,5.71670284,0.033740696,7.11E-05,0.899097852,474.794588,0.852413793
1774,OK,,171.578947,11.0642842,148,123.6,148,57.8870019,0.004631902,4.77827151,0.02816286,5.63E-05,0.917375175,499.812633,0.835135135
1775,OK,,171.578947,11.0642842,151,123.6,151,59.0603871,0.002529157,5.91681635,0.034536038,3.04E-05,0.899774692,1137.07966,0.818543046
1776,OK,,171.578947,11.0642842,154,123.6,154,60.2337722,0.001453741,7.11263519,0.041084327,1.72E-05,0.881892024,2386.60732,0.802597403
1777,OK,,171.578947,11.0642842,157,123.6,157,61.4071574,0.000896179,8.30953138,0.047495986,1.05E-05,0.864666793,4538.48724,0.787261146
1778,OK,,171.578947,11.0642842,160,123.6,160,62.5805426,0.000570108,9.5471477,0.053987429,6.56E-06,0.847433125,8223.60458,0.7725
1779,OK,,171.578947,11.5533316,121,123.6,121,47.3265353,3.11779745,0.160226463,0.001007675,0.040542994,0.930736026,0.024854469,1.0214876
1780,OK,,171.578947,11.5533316,124,123.6,124,48.4999205,2.56196592,0.212025441,0.001326498,0.033218172,0.942804208,0.039932892,0.996774194
1781,OK,,171.578947,11.5533316,127,123.6,127,49.6733057,2.01873974,0.284284338,0.001768795,0.026088705,0.953636585,0.067799249,0.973228346
1782,OK,,171.578947,11.5533316,130,123.6,130,50.8466908,1.48960899,0.397924046,0.002461429,0.019179296,0.962877957,0.128337805,0.950769231
1783,OK,,171.578947,11.5533316,133,123.6,133,52.020076,0.998271128,0.574418298,0.003530987,0.012794618,0.969767645,0.275974398,0.929323308
1784,OK,,171.578947,11.5533316,136,123.6,136,53.1934612,0.555138358,0.868685326,0.005303622,0.007075102,0.973233107,0.749617744,0.908823529
1785,OK,,171.578947,11.5533316,139,123.6,139,54.3668464,0.215838361,1.374994,0.008330674,0.002729521,0.970738925,3.05206431,0.889208633
1786,OK,,171.578947,11.5533316,142,123.6,142,55.5402315,0.045830168,2.21258856,0.01328703,0.000573219,0.959337247,23.1796621,0.870422535
1787,OK,,171.578947,11.5533316,145,123.6,145,56.7136167,0.012764628,3.31452412,0.019709253,0.000157488,0.941331748,125.147505,0.852413793
1788,OK,,171.578947,11.5533316,148,123.6,148,57.8870019,0.005723778,4.50417483,0.026511392,6.96E-05,0.922091343,380.726976,0.835135135
1789,OK,,171.578947,11.5533316,151,123.6,151,59.0603871,0.002895033,5.6918731,0.0331589,3.47E-05,0.903577196,954.811418,0.818543046
1790,OK,,171.578947,11.5533316,154,123.6,154,60.2337722,0.001659148,6.89579376,0.039756044,1.96E-05,0.885488611,2025.70437,0.802597403
1791,OK,,171.578947,11.5533316,157,123.6,157,61.4071574,0.001007367,8.10046446,0.046214038,1.18E-05,0.868069584,3932.71811,0.787261146
1792,OK,,171.578947,11.5533316,160,123.6,160,62.5805426,0.000646317,9.30723227,0.052542304,7.44E-06,0.851265614,7066.02709,0.7725
1793,OK,,171.578947,12.0423789,121,123.6,121,47.3265353,3.22115645,0.155497654,0.000974904,0.041744162,0.92865199,0.023354252,1.0214876
1794,OK,,171.578947,12.0423789,124,123.6,124,48.4999205,2.66377569,0.204873047,0.00127784,0.034422234,0.940852506,0.037122519,0.996774194
1795,OK,,171.578947,12.0423789,127,123.6,127,49.6733057,2.11511584,0.2734999,0.00169661,0.027245813,0.951913493,0.062270481,0.973228346
1796,OK,,171.578947,12.0423789,130,123.6,130,50.8466908,1.58435415,0.379894612,0.002343029,0.020334469,0.961369192,0.115224489,0.950769231
1797,OK,,171.578947,12.0423789,133,123.6,133,52.020076,1.08008834,0.546158797,0.003347763,0.013803013,0.968738086,0.242538568,0.929323308
1798,OK,,171.578947,12.0423789,136,123.6,136,53.1934612,0.629857679,0.814856663,0.004961469,0.008005489,0.972840377,0.619758397,0.908823529
1799,OK,,171.578947,12.0423789,139,123.6,139,54.3668464,0.269606919,1.27272,0.007691656,0.003401779,0.971631113,2.26106899,0.889208633
1800,OK,,171.578947,12.0423789,142,123.6,142,55.5402315,0.065810882,2.03083591,0.012168443,0.000821824,0.962249945,14.8066334,0.870422535
1801,OK,,171.578947,12.0423789,145,123.6,145,56.7136167,0.01616667,3.12114965,0.01852012,0.000199217,0.944681427,92.9644553,0.852413793
1802,OK,,171.578947,12.0423789,148,123.6,148,57.8870019,0.006941072,4.28987241,0.02519904,8.43E-05,0.925772395,298.764189,0.835135135
1803,OK,,171.578947,12.0423789,151,123.6,151,59.0603871,0.003437474,5.46124491,0.031754884,4.12E-05,0.907472967,770.910625,0.818543046
1804,OK,,171.578947,12.0423789,154,123.6,154,60.2337722,0.002001716,6.65953326,0.038323046,2.37E-05,0.889405317,1620.20673,0.802597403
1805,OK,,171.578947,12.0423789,157,123.6,157,61.4071574,0.001596106,7.88748265,0.044915038,1.86E-05,0.871528351,2414.89338,0.787261146
1806,OK,,171.578947,12.0423789,160,123.6,160,62.5805426,0.000726167,9.08701782,0.051206902,8.35E-06,0.854783234,6135.41811,0.7725
1807,OK,,171.578947,12.5314263,121,123.6,121,47.3265353,3.32378545,0.151068295,0.000944209,0.042928791,0.926577052,0.021994779,1.0214876
1808,OK,,171.578947,12.5314263,124,123.6,124,48.4999205,2.76316169,0.198352152,0.001233413,0.035588955,0.938937759,0.034657173,0.996774194
1809,OK,,171.578947,12.5314263,127,123.6,127,49.6733057,2.21357181,0.263226876,0.001628013,0.028421289,0.950138235,0.05728148,0.973228346
1810,OK,,171.578947,12.5314263,130,123.6,130,50.8466908,1.68185762,0.36285544,0.002231392,0.021516792,0.959786703,0.103704669,0.950769231
1811,OK,,171.578947,12.5314263,133,123.6,133,52.020076,1.17193132,0.51724669,0.003161529,0.014930866,0.967528344,0.211744551,0.929323308
1812,OK,,171.578947,12.5314263,136,123.6,136,53.1934612,0.710050704,0.764352801,0.004641279,0.008999411,0.972282242,0.515731433,0.908823529
1813,OK,,171.578947,12.5314263,139,123.6,139,54.3668464,0.330827263,1.17801302,0.007101203,0.004164209,0.972247052,1.7052945,0.889208633
1814,OK,,171.578947,12.5314263,142,123.6,142,55.5402315,0.08898331,1.88706821,0.011280773,0.00110934,0.964421259,10.1689029,0.870422535
1815,OK,,171.578947,12.5314263,145,123.6,145,56.7136167,0.019397323,2.91895716,0.017283974,0.000238732,0.948189612,72.3990192,0.852413793
1816,OK,,171.578947,12.5314263,148,123.6,148,57.8870019,0.007943506,4.08890298,0.023969247,9.64E-05,0.929226832,248.61145,0.835135135
1817,OK,,171.578947,12.5314263,151,123.6,151,59.0603871,0.003829798,5.28033774,0.030639153,4.58E-05,0.910529412,668.424379,0.818543046
1818,OK,,171.578947,12.5314263,154,123.6,154,60.2337722,0.002109924,6.50821201,0.037362678,2.49E-05,0.891915753,1501.40499,0.802597403
1819,OK,,171.578947,12.5314263,157,123.6,157,61.4071574,0.001291977,7.66470196,0.043566131,1.50E-05,0.875161231,2896.7271,0.787261146
1820,OK,,171.578947,12.5314263,160,123.6,160,62.5805426,0.000813232,8.87470038,0.049919393,9.34E-06,0.85817455,5346.24122,0.7725
1821,OK,,171.578947,13.0204737,121,123.6,121,47.3265353,3.42767637,0.146822765,0.000914839,0.044120218,0.924471565,0.020735142,1.0214876
1822,OK,,171.578947,13.0204737,124,123.6,124,48.4999205,2.86483331,0.19206596,0.001190692,0.036775477,0.936971046,0.032377347,0.996774194
1823,OK,,171.578947,13.0204737,127,123.6,127,49.6733057,2.31221536,0.253658685,0.001564149,0.029591392,0.948345011,0.052858234,0.973228346
1824,OK,,171.578947,13.0204737,130,123.6,130,50.8466908,1.77746531,0.347569587,0.002131141,0.022667886,0.958207017,0.094015853,0.950769231
1825,OK,,171.578947,13.0204737,133,123.6,133,52.020076,1.26257389,0.491590166,0.002996155,0.016036705,0.966279095,0.186831058,0.929323308
1826,OK,,171.578947,13.0204737,136,123.6,136,53.1934612,0.793623076,0.718229263,0.004349248,0.010029742,0.97157823,0.433635102,0.908823529
1827,OK,,171.578947,13.0204737,139,123.6,139,54.3668464,0.396330874,1.09440968,0.00658023,0.004976297,0.97257997,1.32231447,0.889208633
1828,OK,,171.578947,13.0204737,142,123.6,142,55.5402315,0.123489825,1.73212185,0.010330603,0.001536676,0.966589774,6.7226961,0.870422535
1829,OK,,171.578947,13.0204737,145,123.6,145,56.7136167,0.02505807,2.72579136,0.016105787,0.000308002,0.951495786,52.2911584,0.852413793
1830,OK,,171.578947,13.0204737,148,123.6,148,57.8870019,0.00942104,3.87740687,0.022683343,0.000114212,0.932854911,198.608019,0.835135135
1831,OK,,171.578947,13.0204737,151,123.6,151,59.0603871,0.004556618,5.05890872,0.029297059,5.45E-05,0.914266303,537.796978,0.818543046
1832,OK,,171.578947,13.0204737,154,123.6,154,60.2337722,0.002480028,6.25426117,0.035850494,2.92E-05,0.896125696,1226.05344,0.802597403
1833,OK,,171.578947,13.0204737,157,123.6,157,61.4071574,0.00145932,7.45460843,0.042292164,1.70E-05,0.878579826,2492.20075,0.787261146
1834,OK,,171.578947,13.0204737,160,123.6,160,62.5805426,0.00091976,8.6442945,0.048535057,1.05E-05,0.861854597,4600.68347,0.7725
1835,OK,,171.578947,13.5095211,121,123.6,121,47.3265353,3.52652309,0.143037712,0.000888518,0.045242776,0.922462932,0.019638891,1.0214876
1836,OK,,171.578947,13.5095211,124,123.6,124,48.4999205,2.9654955,0.186226104,0.001150986,0.037941705,0.935015943,0.030335641,0.996774194
1837,OK,,171.578947,13.5095211,127,123.6,127,49.6733057,2.40763314,0.245067966,0.001506679,0.030714231,0.946597049,0.049054742,0.973228346
1838,OK,,171.578947,13.5095211,130,123.6,130,50.8466908,1.87250942,0.333575788,0.002039359,0.023804643,0.956613003,0.08567064,0.950769231
1839,OK,,171.578947,13.5095211,133,123.6,133,52.020076,1.35700493,0.467302816,0.002839993,0.017182563,0.964930698,0.16528344,0.929323308
1840,OK,,171.578947,13.5095211,136,123.6,136,53.1934612,0.876236,0.678079486,0.004094815,0.011042144,0.970779952,0.370835162,0.908823529
1841,OK,,171.578947,13.5095211,139,123.6,139,54.3668464,0.4607039,1.02533515,0.006148823,0.005770185,0.972666448,1.0656198,0.889208633
1842,OK,,171.578947,13.5095211,142,123.6,142,55.5402315,0.162280065,1.60316648,0.009538731,0.002015424,0.968213194,4.73286477,0.870422535
1843,OK,,171.578947,13.5095211,145,123.6,145,56.7136167,0.03368728,2.52090731,0.014863829,0.000413516,0.954956239,35.9449943,0.852413793
1844,OK,,171.578947,13.5095211,148,123.6,148,57.8870019,0.011304244,3.66706571,0.021409172,0.000136879,0.936456029,156.408924,0.835135135
1845,OK,,171.578947,13.5095211,151,123.6,151,59.0603871,0.005452888,4.84092145,0.02797523,6.51E-05,0.917942049,429.651359,0.818543046
1846,OK,,171.578947,13.5095211,154,123.6,154,60.2337722,0.002851334,6.04977047,0.034606735,3.36E-05,0.899514482,1030.60552,0.802597403
1847,OK,,171.578947,13.5095211,157,123.6,157,61.4071574,0.001661612,7.24368196,0.041015238,1.93E-05,0.882011416,2125.05143,0.787261146
1848,OK,,171.578947,13.5095211,160,123.6,160,62.5805426,0.001047759,8.43346045,0.047264614,1.20E-05,0.865221555,3936.97429,0.7725
1849,OK,,171.578947,13.9985684,121,123.6,121,47.3265353,3.62110517,0.139628513,0.000864694,0.046307037,0.920536467,0.018673055,1.0214876
1850,OK,,171.578947,13.9985684,124,123.6,124,48.4999205,3.06208241,0.180982752,0.001115204,0.039051153,0.933132567,0.028557508,0.996774194
1851,OK,,171.578947,13.9985684,127,123.6,127,49.6733057,2.51047446,0.236308821,0.001448487,0.031920183,0.94470303,0.045378396,0.973228346
1852,OK,,171.578947,13.9985684,130,123.6,130,50.8466908,1.96939114,0.320353802,0.0019528,0.024956754,0.95496767,0.078247348,0.950769231
1853,OK,,171.578947,13.9985684,133,123.6,133,52.020076,1.45299748,0.44486937,0.002695927,0.018340526,0.963516646,0.146992895,0.929323308
1854,OK,,171.578947,13.9985684,136,123.6,136,53.1934612,0.96170375,0.641044818,0.003860479,0.012084034,0.969869444,0.319469398,0.908823529
1855,OK,,171.578947,13.9985684,139,123.6,139,54.3668464,0.537952076,0.954032726,0.005706232,0.006719546,0.972557084,0.849199012,0.889208633
1856,OK,,171.578947,13.9985684,142,123.6,142,55.5402315,0.206960338,1.48777484,0.00882926,0.002563983,0.96948635,3.44357174,0.870422535
1857,OK,,171.578947,13.9985684,145,123.6,145,56.7136167,0.04568119,2.34330113,0.013786521,0.000559948,0.957876389,24.6210771,0.852413793
1858,OK,,171.578947,13.9985684,148,123.6,148,57.8870019,0.013358145,3.46475393,0.020180919,0.000161505,0.939915491,124.955099,0.835135135
1859,OK,,171.578947,13.9985684,151,123.6,151,59.0603871,0.006384801,4.62332507,0.026665545,7.62E-05,0.921610573,350.151806,0.818543046
1860,OK,,171.578947,13.9985684,154,123.6,154,60.2337722,0.003261111,5.83437309,0.033310795,3.84E-05,0.903083702,868.301002,0.802597403
1861,OK,,171.578947,13.9985684,157,123.6,157,61.4071574,0.001876971,7.03713955,0.039770078,2.18E-05,0.885371399,1826.08566,0.787261146
1862,OK,,171.578947,13.9985684,160,123.6,160,62.5805426,0.001151047,8.23739513,0.046079256,1.32E-05,0.868352912,3497.4756,0.7725
1863,OK,,171.578947,14.4876158,121,123.6,121,47.3265353,3.72517938,0.135984015,0.000839535,0.047477206,0.918414408,0.017682905,1.0214876
1864,OK,,171.578947,14.4876158,124,123.6,124,48.4999205,3.16947898,0.175371405,0.001077339,0.040282963,0.9310339,0.026744285,0.996774194
1865,OK,,171.578947,14.4876158,127,123.6,127,49.6733057,2.61098303,0.228342768,0.001395486,0.033089783,0.942840007,0.04217273,0.973228346
1866,OK,,171.578947,14.4876158,130,123.6,130,50.8466908,2.07037238,0.307534354,0.001869162,0.026151322,0.953233796,0.071474849,0.950769231
1867,OK,,171.578947,14.4876158,133,123.6,133,52.020076,1.5423538,0.425969691,0.002574036,0.019409838,0.962162234,0.132615009,0.929323308
1868,Errors,,171.578947,14.4876158,136,123.6,136,53.1934612,1.01574437,0.619599453,0.00371901,0.012743001,0.969256676,0.291847278,0.908823529
1869,OK,,171.578947,14.4876158,139,123.6,139,54.3668464,0.609231858,0.897869036,0.005356089,0.007590063,0.972279045,0.705671299,0.889208633
1870,OK,,171.578947,14.4876158,142,123.6,142,55.5402315,0.252961337,1.39178275,0.008240568,0.003128546,0.970386438,2.6339925,0.870422535
1871,OK,,171.578947,14.4876158,145,123.6,145,56.7136167,0.064599963,2.16945008,0.012732794,0.000790524,0.960608225,16.1067789,0.852413793
1872,OK,,171.578947,14.4876158,148,123.6,148,57.8870019,0.01719839,3.25401954,0.018916538,0.000207725,0.943489595,91.0653153,0.835135135
1873,OK,,171.578947,14.4876158,151,123.6,151,59.0603871,0.007344352,4.43615664,0.025533804,8.75E-05,0.924763429,291.823954,0.818543046
1874,OK,,171.578947,14.4876158,154,123.6,154,60.2337722,0.003787882,5.61739939,0.032010697,4.45E-05,0.90667715,719.155143,0.802597403
1875,OK,,171.578947,14.4876158,157,123.6,157,61.4071574,0.002081229,6.80930302,0.038412284,2.41E-05,0.889078333,1592.27596,0.787261146
1876,OK,,171.578947,14.4876158,160,123.6,160,62.5805426,0.001286298,8.00980211,0.044726038,1.47E-05,0.871987553,3040.88421,0.7725
1877,OK,,171.578947,14.9766632,121,123.6,121,47.3265353,3.83651353,0.132235345,0.000813869,0.048725408,0.916141149,0.016703172,1.0214876
1878,OK,,171.578947,14.9766632,124,123.6,124,48.4999205,3.26710881,0.170647642,0.001045163,0.041389775,0.929118307,0.025251714,0.996774194
1879,OK,,171.578947,14.9766632,127,123.6,127,49.6733057,2.7059446,0.221350981,0.001348749,0.034184986,0.94106904,0.039454429,0.973228346
1880,OK,,171.578947,14.9766632,130,123.6,130,50.8466908,2.14835446,0.298692437,0.001810192,0.027059375,0.951874019,0.066897048,0.950769231
1881,OK,,171.578947,14.9766632,133,123.6,133,52.020076,1.63909023,0.407016609,0.002452469,0.02056267,0.960666977,0.119268009,0.929323308
1882,OK,,171.578947,14.9766632,136,123.6,136,53.1934612,1.13831412,0.576045122,0.003449822,0.014218988,0.967771241,0.242620791,0.908823529
1883,OK,,171.578947,14.9766632,139,123.6,139,54.3668464,0.687611442,0.843644061,0.005019228,0.008543217,0.971834756,0.587510292,0.889208633
1884,OK,,171.578947,14.9766632,142,123.6,142,55.5402315,0.31821433,1.28513429,0.007588597,0.003925534,0.971131762,1.93313781,0.870422535
1885,OK,,171.578947,14.9766632,145,123.6,145,56.7136167,0.088418942,2.01183845,0.011781286,0.001080232,0.962967317,10.9062509,0.852413793
1886,OK,,171.578947,14.9766632,148,123.6,148,57.8870019,0.020298097,3.06295447,0.017768806,0.000244864,0.946736703,72.566025,0.835135135
1887,OK,,171.578947,14.9766632,151,123.6,151,59.0603871,0.008316536,4.22322991,0.024260292,9.90E-05,0.928352206,245.134376,0.818543046
1888,OK,,171.578947,14.9766632,154,123.6,154,60.2337722,0.00434865,5.41644773,0.030805125,5.10E-05,0.910004036,603.497145,0.802597403
1889,OK,,171.578947,14.9766632,157,123.6,157,61.4071574,0.002465218,6.58519085,0.037079825,2.85E-05,0.89272169,1298.9713,0.787261146
1890,OK,,171.578947,14.9766632,160,123.6,160,62.5805426,0.001419523,7.80454104,0.043499019,1.62E-05,0.875265374,2682.69187,0.7725
1891,OK,,171.578947,15.4657105,121,123.6,121,47.3265353,3.9372431,0.129086836,0.000792063,0.04983974,0.914079281,0.015892207,1.0214876
1892,OK,,171.578947,15.4657105,124,123.6,124,48.4999205,3.37089292,0.165835057,0.001012615,0.042562336,0.927077654,0.023791345,0.996774194
1893,OK,,171.578947,15.4657105,127,123.6,127,49.6733057,2.81097902,0.213955152,0.001299794,0.035393716,0.939103425,0.036723862,0.973228346
1894,OK,,171.578947,15.4657105,130,123.6,130,50.8466908,2.26338485,0.285739704,0.001726575,0.028409176,0.949866461,0.060775274,0.950769231
1895,OK,,171.578947,15.4657105,133,123.6,133,52.020076,1.73490435,0.389816675,0.002342111,0.021696975,0.959155749,0.107946421,0.929323308
1896,OK,,171.578947,15.4657105,136,123.6,136,53.1934612,1.2284089,0.547688546,0.003270872,0.015298735,0.966610606,0.213800165,0.908823529
1897,OK,,171.578947,15.4657105,139,123.6,139,54.3668464,0.766159363,0.799459733,0.004742556,0.009491856,0.971202687,0.499644747,0.889208633
1898,OK,,171.578947,15.4657105,142,123.6,142,55.5402315,0.378950646,1.20033938,0.007070071,0.004663748,0.971564936,1.51596334,0.870422535
1899,OK,,171.578947,15.4657105,145,123.6,145,56.7136167,0.117788624,1.87021117,0.010926905,0.001436538,0.964946693,7.60641499,0.852413793
1900,OK,,171.578947,15.4657105,148,123.6,148,57.8870019,0.026485842,2.85546962,0.016531337,0.000319108,0.950214118,51.8048829,0.835135135
1901,OK,,171.578947,15.4657105,151,123.6,151,59.0603871,0.010480142,3.98206242,0.022831418,0.000124575,0.932398977,183.274872,0.818543046
1902,OK,,171.578947,15.4657105,154,123.6,154,60.2337722,0.005031406,5.20410559,0.029540343,5.90E-05,0.913518002,500.739621,0.802597403
1903,OK,,171.578947,15.4657105,157,123.6,157,61.4071574,0.002779432,6.3909599,0.035916117,3.21E-05,0.895879575,1117.20045,0.787261146
1904,OK,,171.578947,15.4657105,160,123.6,160,62.5805426,0.001647359,7.59800171,0.042268239,1.88E-05,0.87856211,2248.78396,0.7725
1905,OK,,171.578947,15.9547579,121,123.6,121,47.3265353,4.04483708,0.125835458,0.000769745,0.051027475,0.911874543,0.015084916,1.0214876
1906,OK,,171.578947,15.9547579,124,123.6,124,48.4999205,3.47445604,0.161291823,0.000981903,0.043724708,0.925036004,0.022456469,0.996774194
1907,OK,,171.578947,15.9547579,127,123.6,127,49.6733057,2.91259011,0.207276312,0.00125548,0.036553792,0.937192293,0.034346099,0.973228346
1908,OK,,171.578947,15.9547579,130,123.6,130,50.8466908,2.35309693,0.276710121,0.00166717,0.029445947,0.948279681,0.056617994,0.950769231
1909,OK,,171.578947,15.9547579,133,123.6,133,52.020076,1.82191004,0.375573043,0.002250119,0.022717922,0.957757019,0.099045983,0.929323308
1910,OK,,171.578947,15.9547579,136,123.6,136,53.1934612,1.31945351,0.524127676,0.003120788,0.016381569,0.965341958,0.190506066,0.908823529
1911,OK,,171.578947,15.9547579,139,123.6,139,54.3668464,0.851340991,0.753397327,0.00445731,0.010517292,0.970483145,0.423807752,0.889208633
1912,OK,,171.578947,15.9547579,142,123.6,142,55.5402315,0.440979201,1.12700938,0.006621298,0.005414192,0.971768418,1.22295218,0.870422535
1913,OK,,171.578947,15.9547579,145,123.6,145,56.7136167,0.159296697,1.72001849,0.010026583,0.00193903,0.966863069,5.17092805,0.852413793
1914,OK,,171.578947,15.9547579,148,123.6,148,57.8870019,0.034815683,2.65659873,0.015348252,0.000418924,0.953505721,36.6373288,0.835135135
1915,OK,,171.578947,15.9547579,151,123.6,151,59.0603871,0.012031793,3.8147838,0.021826458,0.000142848,0.935205037,152.79545,0.818543046
1916,OK,,171.578947,15.9547579,154,123.6,154,60.2337722,0.005940836,4.97283055,0.028174883,6.96E-05,0.917342527,404.913319,0.802597403
1917,OK,,171.578947,15.9547579,157,123.6,157,61.4071574,0.003133388,6.17620022,0.034644049,3.62E-05,0.899371118,956.914829,0.787261146
1918,OK,,171.578947,15.9547579,160,123.6,160,62.5805426,0.001867136,7.37845802,0.040973318,2.13E-05,0.882066776,1925.12308,0.7725
1919,OK,,171.578947,16.4438053,121,123.6,121,47.3265353,4.14475222,0.123009608,0.00075017,0.05211704,0.909823066,0.014393944,1.0214876
1920,OK,,171.578947,16.4438053,124,123.6,124,48.4999205,3.57625764,0.157078188,0.000953372,0.044858204,0.923023877,0.021253017,0.996774194
1921,OK,,171.578947,16.4438053,127,123.6,127,49.6733057,3.01696191,0.203577281,0.001229399,0.037738548,0.935165596,0.032576748,0.973228346
1922,OK,,171.578947,16.4438053,130,123.6,130,50.8466908,2.46245868,0.266090954,0.001598477,0.03071083,0.946337715,0.052049287,0.950769231
1923,OK,,171.578947,16.4438053,133,123.6,133,52.020076,1.92844628,0.359004753,0.002144663,0.023967389,0.956027534,0.08948254,0.929323308
1924,OK,,171.578947,16.4438053,136,123.6,136,53.1934612,1.41151851,0.500101736,0.002969425,0.017471991,0.964062872,0.169953428,0.908823529
1925,OK,,171.578947,16.4438053,139,123.6,139,54.3668464,0.930163563,0.715746052,0.004223151,0.011459602,0.969725858,0.368525077,0.889208633
1926,OK,,171.578947,16.4438053,142,123.6,142,55.5402315,0.50601346,1.0607574,0.006216094,0.006197453,0.971790343,1.00300791,0.870422535
1927,OK,,171.578947,16.4438053,145,123.6,145,56.7136167,0.201077932,1.60410048,0.009328803,0.002442778,0.968170282,3.81893196,0.852413793
1928,OK,,171.578947,16.4438053,148,123.6,148,57.8870019,0.046834496,2.47458959,0.014266462,0.000562761,0.95644231,25.3508284,0.835135135
1929,OK,,171.578947,16.4438053,151,123.6,151,59.0603871,0.014354488,3.60566922,0.020588925,0.000170225,0.938706401,120.951426,0.818543046
1930,OK,,171.578947,16.4438053,154,123.6,154,60.2337722,0.006734367,4.79307653,0.027101127,7.88E-05,0.920313626,343.989348,0.802597403
1931,OK,,171.578947,16.4438053,157,123.6,157,61.4071574,0.003587958,5.97633503,0.033454704,4.14E-05,0.902618469,808.068759,0.787261146
1932,OK,,171.578947,16.4438053,160,123.6,160,62.5805426,0.002111604,7.16579905,0.039719032,2.40E-05,0.885461034,1651.86013,0.7725
1933,OK,,171.578947,16.9328526,121,123.6,121,47.3265353,4.24624781,0.120255437,0.000731143,0.053217673,0.907736681,0.013738718,1.0214876
1934,OK,,171.578947,16.9328526,124,123.6,124,48.4999205,3.67802193,0.153079565,0.00092631,0.045983666,0.921008087,0.02014433,0.996774194
1935,OK,,171.578947,16.9328526,127,123.6,127,49.6733057,3.11629603,0.19779962,0.001190973,0.038856047,0.93328216,0.0306509,0.973228346
1936,OK,,171.578947,16.9328526,130,123.6,130,50.8466908,2.56110019,0.257308291,0.001541213,0.031839744,0.944570464,0.048405313,0.950769231
1937,OK,,171.578947,16.9328526,133,123.6,133,52.020076,2.02366178,0.347274437,0.002068255,0.025070254,0.954422669,0.082498372,0.929323308
1938,OK,,171.578947,16.9328526,136,123.6,136,53.1934612,1.50372835,0.47811825,0.00283097,0.018557534,0.962742665,0.152550992,0.908823529
1939,OK,,171.578947,16.9328526,139,123.6,139,54.3668464,1.01901805,0.677305856,0.003985525,0.012517876,0.96879856,0.318386679,0.889208633
1940,OK,,171.578947,16.9328526,142,123.6,142,55.5402315,0.586206286,0.989601181,0.005784199,0.007160295,0.97162764,0.807815787,0.870422535
1941,OK,,171.578947,16.9328526,145,123.6,145,56.7136167,0.253089356,1.48842329,0.008635611,0.003068021,0.969292866,2.81471714,0.852413793
1942,OK,,171.578947,16.9328526,148,123.6,148,57.8870019,0.063428306,2.30590597,0.013265322,0.000761027,0.959069667,17.4308097,0.835135135
1943,OK,,171.578947,16.9328526,151,123.6,151,59.0603871,0.017278259,3.40888109,0.019425805,0.000204652,0.941988877,94.921188,0.818543046
1944,OK,,171.578947,16.9328526,154,123.6,154,60.2337722,0.007874216,4.57788767,0.025834441,9.20E-05,0.923867264,280.756991,0.802597403
1945,OK,,171.578947,16.9328526,157,123.6,157,61.4071574,0.004131772,5.76245139,0.032200093,4.76E-05,0.906092654,675.963074,0.787261146
1946,OK,,171.578947,16.9328526,160,123.6,160,62.5805426,0.002390774,6.9453388,0.038426817,2.72E-05,0.888979397,1412.97307,0.7725
1947,OK,,171.578947,17.4219,121,123.6,121,47.3265353,4.35544607,0.117373037,0.00071144,0.054400926,0.905490248,0.013077721,1.0214876
1948,OK,,171.578947,17.4219,124,123.6,124,48.4999205,3.78080495,0.149224294,0.000900276,0.047114425,0.918968336,0.019108285,0.996774194
1949,OK,,171.578947,17.4219,127,123.6,127,49.6733057,3.21783545,0.192184972,0.001153749,0.039992942,0.931351047,0.028848819,0.973228346
1950,OK,,171.578947,17.4219,130,123.6,130,50.8466908,2.66500706,0.248554151,0.001484438,0.033024318,0.942699099,0.044949843,0.950769231
1951,OK,,171.578947,17.4219,133,123.6,133,52.020076,2.12048794,0.334463745,0.001986282,0.026188717,0.952807611,0.07584496,0.929323308
1952,OK,,171.578947,17.4219,136,123.6,136,53.1934612,1.5987686,0.457243338,0.002699819,0.01967077,0.961348408,0.137250301,0.908823529
1953,OK,,171.578947,17.4219,139,123.6,139,54.3668464,1.10597527,0.64360874,0.003777,0.013547386,0.967818917,0.278799195,0.889208633
1954,OK,,171.578947,17.4219,142,123.6,142,55.5402315,0.661258631,0.932303658,0.005435208,0.008056063,0.971307965,0.674672947,0.870422535
1955,OK,,171.578947,17.4219,145,123.6,145,56.7136167,0.305928618,1.39249542,0.008059497,0.003700599,0.970052623,2.17788995,0.852413793
1956,OK,,171.578947,17.4219,148,123.6,148,57.8870019,0.087421716,2.13665807,0.012265197,0.001047254,0.961578943,11.7117726,0.835135135
1957,OK,,171.578947,17.4219,151,123.6,151,59.0603871,0.021629307,3.17843691,0.018077572,0.000255891,0.945817046,70.6457155,0.818543046
1958,OK,,171.578947,17.4219,154,123.6,154,60.2337722,0.009199357,4.35956861,0.024555242,0.000107385,0.927469793,228.666436,0.802597403
1959,OK,,171.578947,17.4219,157,123.6,157,61.4071574,0.004607236,5.55025117,0.03095579,5.31E-05,0.909540538,583.398898,0.787261146
1960,OK,,171.578947,17.4219,160,123.6,160,62.5805426,0.002717764,6.73658523,0.037201019,3.09E-05,0.89230993,1204.70841,0.7725
1961,OK,,176.842105,8.13,121,123.6,121,47.3265353,2.41400937,0.203663961,0.001309058,0.032146137,0.944689099,0.040722083,1.0214876
1962,OK,,176.842105,8.13,124,123.6,124,48.4999205,1.86902248,0.276590953,0.001767895,0.024806814,0.955760475,0.07126651,0.996774194
1963,OK,,176.842105,8.13,127,123.6,127,49.6733057,1.34122213,0.390125112,0.002478795,0.017734117,0.965145319,0.139775518,0.973228346
1964,OK,,176.842105,8.13,130,123.6,130,50.8466908,0.852056525,0.575290414,0.003631956,0.01121338,0.97192842,0.323894816,0.950769231
1965,OK,,176.842105,8.13,133,123.6,133,52.020076,0.429482204,0.898075546,0.005629862,0.005617455,0.974479896,1.00220857,0.929323308
1966,OK,,176.842105,8.13,136,123.6,136,53.1934612,0.133489146,1.48826197,0.009254166,0.001730714,0.969512209,5.3470214,0.908823529
1967,OK,,176.842105,8.13,139,123.6,139,54.3668464,0.026149036,2.52706584,0.01555734,0.000334568,0.953037282,46.4997935,0.889208633
1968,OK,,176.842105,8.13,142,123.6,142,55.5402315,0.010344684,3.61296212,0.022025445,0.00013056,0.934762483,168.699859,0.870422535
1969,OK,,176.842105,8.13,145,123.6,145,56.7136167,0.00470926,4.80180583,0.028968973,5.86E-05,0.915249364,494.442056,0.852413793
1970,OK,,176.842105,8.13,148,123.6,148,57.8870019,0.002498427,5.98437818,0.035724211,3.06E-05,0.896576495,1165.94554,0.835135135
1971,OK,,176.842105,8.13,151,123.6,151,59.0603871,0.001438763,7.1776302,0.042391598,1.74E-05,0.878445277,2437.27779,0.818543046
1972,OK,,176.842105,8.13,154,123.6,154,60.2337722,0.000879982,8.38828341,0.049005361,1.05E-05,0.860723261,4673.68689,0.802597403
1973,OK,,176.842105,8.13,157,123.6,157,61.4071574,0.000553858,9.64976863,0.05573419,6.50E-06,0.842846943,8574.15663,0.787261146
1974,OK,,176.842105,8.13,160,123.6,160,62.5805426,0.000387846,10.7904947,0.061691402,4.49E-06,0.827568089,13727.8597,0.7725
1975,OK,,176.842105,8.61904737,121,123.6,121,47.3265353,2.51919554,0.19631441,0.001257867,0.033429368,0.942621831,0.037627605,1.0214876
1976,OK,,176.842105,8.61904737,124,123.6,124,48.4999205,1.96748679,0.265423031,0.001691318,0.026026233,0.953960547,0.064985138,0.996774194
1977,OK,,176.842105,8.61904737,127,123.6,127,49.6733057,1.43700205,0.371036637,0.002350455,0.018938509,0.963601402,0.124109839,0.973228346
1978,OK,,176.842105,8.61904737,130,123.6,130,50.8466908,0.938910693,0.541714064,0.003410085,0.01231861,0.970880607,0.276823815,0.950769231
1979,OK,,176.842105,8.61904737,133,123.6,133,52.020076,0.49457571,0.84007191,0.005251702,0.006451799,0.974343605,0.813990301,0.929323308
1980,OK,,176.842105,8.61904737,136,123.6,136,53.1934612,0.175322508,1.36401379,0.008460409,0.002268332,0.97106155,3.72979297,0.908823529
1981,OK,,176.842105,8.61904737,139,123.6,139,54.3668464,0.038249705,2.25527157,0.01386011,0.000489024,0.957813972,28.3423802,0.889208633
1982,OK,,176.842105,8.61904737,142,123.6,142,55.5402315,0.01165812,3.42080222,0.020804773,0.000146887,0.938198667,141.637538,0.870422535
1983,OK,,176.842105,8.61904737,145,123.6,145,56.7136167,0.005724131,4.58124705,0.027582242,7.11E-05,0.919120461,387.759561,0.852413793
1984,OK,,176.842105,8.61904737,148,123.6,148,57.8870019,0.002889079,5.76997338,0.034375603,3.54E-05,0.900273597,971.326577,0.835135135
1985,OK,,176.842105,8.61904737,151,123.6,151,59.0603871,0.001596903,7.00809608,0.041294199,1.93E-05,0.881313122,2142.73792,0.818543046
1986,OK,,176.842105,8.61904737,154,123.6,154,60.2337722,0.000991009,8.17890429,0.047695457,1.18E-05,0.864197526,4042.62491,0.802597403
1987,OK,,176.842105,8.61904737,157,123.6,157,61.4071574,0.000665637,9.36403708,0.054024536,7.81E-06,0.847498189,6913.92307,0.787261146
1988,OK,,176.842105,8.61904737,160,123.6,160,62.5805426,0.000427697,10.5943962,0.060458476,4.95E-06,0.830700991,12212.5498,0.7725
1989,OK,,176.842105,9.10809474,121,123.6,121,47.3265353,2.6166713,0.190016089,0.001213725,0.034606306,0.94069527,0.035072357,1.0214876
1990,OK,,176.842105,9.10809474,124,123.6,124,48.4999205,2.06374689,0.255360528,0.001622225,0.02720931,0.952183274,0.059620204,0.996774194
1991,OK,,176.842105,9.10809474,127,123.6,127,49.6733057,1.52771107,0.354689038,0.002240187,0.020070087,0.962104392,0.111618187,0.973228346
1992,OK,,176.842105,9.10809474,130,123.6,130,50.8466908,1.02671796,0.511632405,0.003211371,0.013429174,0.96974532,0.239133948,0.950769231
1993,OK,,176.842105,9.10809474,133,123.6,133,52.020076,0.576251261,0.777622909,0.004847932,0.007495619,0.973974006,0.646768799,0.929323308
1994,OK,,176.842105,9.10809474,136,123.6,136,53.1934612,0.224909314,1.25139567,0.007742181,0.002903352,0.972246495,2.66663579,0.908823529
1995,OK,,176.842105,9.10809474,139,123.6,139,54.3668464,0.050440297,2.08663296,0.0127943,0.000643915,0.960691609,19.8695354,0.889208633
1996,OK,,176.842105,9.10809474,142,123.6,142,55.5402315,0.014937554,3.19844828,0.019416251,0.000188073,0.942143096,103.238068,0.870422535
1997,OK,,176.842105,9.10809474,145,123.6,145,56.7136167,0.006625543,4.36677024,0.026236966,8.22E-05,0.922886318,319.042264,0.852413793
1998,OK,,176.842105,9.10809474,148,123.6,148,57.8870019,0.003337978,5.55942076,0.033054401,4.08E-05,0.903903147,809.320435,0.835135135
1999,OK,,176.842105,9.10809474,151,123.6,151,59.0603871,0.002219612,6.68918902,0.039360943,2.68E-05,0.886702256,1469.99319,0.818543046
2000,OK,,176.842105,9.10809474,154,123.6,154,60.2337722,0.001121871,7.96209549,0.046343527,1.33E-05,0.867794809,3473.55248,0.802597403
2001,OK,,176.842105,9.10809474,157,123.6,157,61.4071574,0.000717005,9.16312406,0.052765147,8.41E-06,0.85076917,6275.74321,0.787261146
2002,OK,,176.842105,9.10809474,160,123.6,160,62.5805426,0.000484763,10.3447026,0.058935128,5.61E-06,0.834690034,10513.2335,0.7725
2003,OK,,176.842105,9.59714211,121,123.6,121,47.3265353,2.71563533,0.184001817,0.001171659,0.035794304,0.938731261,0.032733105,1.0214876
2004,OK,,176.842105,9.59714211,124,123.6,124,48.4999205,2.16572583,0.245418652,0.001554292,0.028456989,0.950285599,0.054618982,0.996774194
2005,OK,,176.842105,9.59714211,127,123.6,127,49.6733057,1.6278963,0.338056454,0.002128733,0.021315118,0.960422349,0.099869654,0.973228346
2006,OK,,176.842105,9.59714211,130,123.6,130,50.8466908,1.11496147,0.484647473,0.003033161,0.014538568,0.96854055,0.208628592,0.950769231
2007,OK,,176.842105,9.59714211,133,123.6,133,52.020076,0.654395999,0.726951468,0.004519424,0.008487941,0.973445878,0.53245231,0.929323308
2008,OK,,176.842105,9.59714211,136,123.6,136,53.1934612,0.278720763,1.15513762,0.0071282,0.003589636,0.973044462,1.98577268,0.908823529
2009,OK,,176.842105,9.59714211,139,123.6,139,54.3668464,0.06897364,1.91543712,0.011717695,0.000879107,0.963499616,13.3290877,0.889208633
2010,OK,,176.842105,9.59714211,142,123.6,142,55.5402315,0.018097364,2.99480858,0.018141217,0.00022757,0.94575273,79.7171838,0.870422535
2011,OK,,176.842105,9.59714211,145,123.6,145,56.7136167,0.007379315,4.23010632,0.0253413,9.13E-05,0.925282747,277.452159,0.852413793
2012,OK,,176.842105,9.59714211,148,123.6,148,57.8870019,0.003954606,5.35414565,0.031769584,4.83E-05,0.907438629,657.324136,0.835135135
2013,OK,,176.842105,9.59714211,151,123.6,151,59.0603871,0.00213673,6.54153598,0.038409434,2.57E-05,0.889203694,1491.86941,0.818543046
2014,OK,,176.842105,9.59714211,154,123.6,154,60.2337722,0.00118723,7.86610535,0.045680867,1.41E-05,0.869387351,3239.57996,0.802597403
2015,OK,,176.842105,9.59714211,157,123.6,157,61.4071574,0.00080858,8.93970346,0.051385086,9.47E-06,0.854406027,5424.98601,0.787261146
2016,OK,,176.842105,9.59714211,160,123.6,160,62.5805426,0.000530884,10.1660773,0.057806487,6.13E-06,0.837543624,9426.13472,0.7725
2017,OK,,176.842105,10.0861895,121,123.6,121,47.3265353,2.81756428,0.178165812,0.001130968,0.037011076,0.936700837,0.030557568,1.0214876
2018,OK,,176.842105,10.0861895,124,123.6,124,48.4999205,2.26313861,0.236655942,0.001494223,0.029638719,0.94845776,0.050414565,0.996774194
2019,OK,,176.842105,10.0861895,127,123.6,127,49.6733057,1.72611835,0.323224906,0.002029225,0.022526148,0.95874357,0.090083099,0.973228346
2020,OK,,176.842105,10.0861895,130,123.6,130,50.8466908,1.21345947,0.45751507,0.002854984,0.015771483,0.967137005,0.181021911,0.950769231
2021,OK,,176.842105,10.0861895,133,123.6,133,52.020076,0.730601046,0.684117709,0.004241236,0.009449755,0.97280437,0.448819688,0.929323308
2022,OK,,176.842105,10.0861895,136,123.6,136,53.1934612,0.340219481,1.06614392,0.006561851,0.004370863,0.973561348,1.50127129,0.908823529
2023,OK,,176.842105,10.0861895,139,123.6,139,54.3668464,0.093805251,1.75926127,0.010737106,0.001193541,0.965915505,8.99601015,0.889208633
2024,OK,,176.842105,10.0861895,142,123.6,142,55.5402315,0.02305743,2.79106957,0.016870863,0.000289566,0.949331738,58.2625101,0.870422535
2025,OK,,176.842105,10.0861895,145,123.6,145,56.7136167,0.009583602,3.93731491,0.023559581,0.000118671,0.93040651,198.529135,0.852413793
2026,OK,,176.842105,10.0861895,148,123.6,148,57.8870019,0.004483154,5.13575929,0.03041301,5.47E-05,0.91120213,555.699621,0.835135135
2027,OK,,176.842105,10.0861895,151,123.6,151,59.0603871,0.002433759,6.33796454,0.037140342,2.93E-05,0.8926455,1267.93357,0.818543046
2028,OK,,176.842105,10.0861895,154,123.6,154,60.2337722,0.001448198,7.52236567,0.043619622,1.72E-05,0.875089778,2538.05526,0.802597403
2029,OK,,176.842105,10.0861895,157,123.6,157,61.4071574,0.000899779,8.74299116,0.050158743,1.05E-05,0.857607951,4763.83985,0.787261146
2030,OK,,176.842105,10.0861895,160,123.6,160,62.5805426,0.000594726,9.94254053,0.056435505,6.86E-06,0.841114589,8222.84852,0.7725
2031,OK,,176.842105,10.5752368,121,123.6,121,47.3265353,2.91795468,0.172775946,0.001093351,0.03820029,0.934693495,0.028621546,1.0214876
2032,OK,,176.842105,10.5752368,124,123.6,124,48.4999205,2.3639416,0.228179756,0.001436302,0.030854857,0.946554111,0.046550266,0.996774194
2033,OK,,176.842105,10.5752368,127,123.6,127,49.6733057,1.82219732,0.309931464,0.001939962,0.023703646,0.95707697,0.081842361,0.973228346
2034,OK,,176.842105,10.5752368,130,123.6,130,50.8466908,1.30269321,0.43563267,0.002710513,0.016879012,0.965812409,0.160584823,0.950769231
2035,OK,,176.842105,10.5752368,133,123.6,133,52.020076,0.820259768,0.639713666,0.003954784,0.010577155,0.971934423,0.373898661,0.929323308
2036,OK,,176.842105,10.5752368,136,123.6,136,53.1934612,0.40477167,0.989415567,0.006073491,0.005187003,0.973790252,1.1709056,0.908823529
2037,OK,,176.842105,10.5752368,139,123.6,139,54.3668464,0.127990388,1.60744925,0.009787369,0.001625422,0.968079082,6.02143111,0.889208633
2038,OK,,176.842105,10.5752368,142,123.6,142,55.5402315,0.02915161,2.59319306,0.015640919,0.000365616,0.952784772,42.7796674,0.870422535
2039,OK,,176.842105,10.5752368,145,123.6,145,56.7136167,0.011180954,3.74577139,0.022365882,0.000138281,0.933755726,161.742689,0.852413793
2040,OK,,176.842105,10.5752368,148,123.6,148,57.8870019,0.005065409,4.97433995,0.029383251,6.17E-05,0.913980597,476.134982,0.835135135
2041,OK,,176.842105,10.5752368,151,123.6,151,59.0603871,0.002816214,6.11243404,0.035749871,3.39E-05,0.896457667,1055.87414,0.818543046
2042,OK,,176.842105,10.5752368,154,123.6,154,60.2337722,0.001578527,7.32209587,0.042375692,1.87E-05,0.87841249,2264.57555,0.802597403
2043,OK,,176.842105,10.5752368,157,123.6,157,61.4071574,0.001017074,8.51947561,0.04878721,1.19E-05,0.861245935,4103.42299,0.787261146
2044,OK,,176.842105,10.5752368,160,123.6,160,62.5805426,0.000657412,9.74795547,0.055227784,7.58E-06,0.844222941,7287.16603,0.7725
2045,OK,,176.842105,11.0642842,121,123.6,121,47.3265353,3.01989769,0.167612946,0.001057387,0.039400414,0.932648553,0.026836947,1.0214876
2046,OK,,176.842105,11.0642842,124,123.6,124,48.4999205,2.46195543,0.22052097,0.001383862,0.032027979,0.944691118,0.043207912,0.996774194
2047,OK,,176.842105,11.0642842,127,123.6,127,49.6733057,1.91993643,0.297450975,0.001856267,0.024893388,0.955360583,0.074568676,0.973228346
2048,OK,,176.842105,11.0642842,130,123.6,130,50.8466908,1.39465928,0.415129099,0.002575396,0.018014006,0.964406959,0.142966324,0.950769231
2049,OK,,176.842105,11.0642842,133,123.6,133,52.020076,0.902701028,0.604140008,0.003724324,0.011606231,0.971033471,0.320890012,0.929323308
2050,OK,,176.842105,11.0642842,136,123.6,136,53.1934612,0.475149238,0.919355008,0.005628347,0.006072782,0.973784292,0.926815288,0.908823529
2051,OK,,176.842105,11.0642842,139,123.6,139,54.3668464,0.166644344,1.48134712,0.008997577,0.002112083,0.969687566,4.26004808,0.889208633
2052,OK,,176.842105,11.0642842,142,123.6,142,55.5402315,0.038066348,2.39784004,0.014431214,0.000476765,0.956141587,30.2690109,0.870422535
2053,Errors,,176.842105,11.0642842,145,123.6,145,56.7136167,0.007261905,5.71958145,0.033757385,8.86E-05,0.899021722,380.91069,0.852413793
2054,OK,,176.842105,11.0642842,148,123.6,148,57.8870019,0.00584472,4.78069759,0.028176949,7.11E-05,0.917312313,396.305261,0.835135135
2055,OK,,176.842105,11.0642842,151,123.6,151,59.0603871,0.003200883,5.91816005,0.03454374,3.84E-05,0.899740567,898.667401,0.818543046
2056,OK,,176.842105,11.0642842,154,123.6,154,60.2337722,0.001847379,7.11342262,0.041088778,2.19E-05,0.881872416,1878.28691,0.802597403
2057,OK,,176.842105,11.0642842,157,123.6,157,61.4071574,0.001141824,8.31002277,0.047498725,1.33E-05,0.86465479,3562.32694,0.787261146
2058,OK,,176.842105,11.0642842,160,123.6,160,62.5805426,0.00072922,9.54746599,0.053989178,8.40E-06,0.847425497,6429.48438,0.7725
2059,OK,,176.842105,11.5533316,121,123.6,121,47.3265353,3.11912946,0.162890021,0.001024417,0.040559244,0.930651601,0.025257298,1.0214876
2060,OK,,176.842105,11.5533316,124,123.6,124,48.4999205,2.56252588,0.213145243,0.001333499,0.033225064,0.942769574,0.040135321,0.996774194
2061,OK,,176.842105,11.5533316,127,123.6,127,49.6733057,2.019446,0.285696785,0.001777575,0.026097469,0.953593932,0.068112912,0.973228346
2062,OK,,176.842105,11.5533316,130,123.6,130,50.8466908,1.48866436,0.396034765,0.002449757,0.019167489,0.962933692,0.127807937,0.950769231
2063,OK,,176.842105,11.5533316,133,123.6,133,52.020076,0.995310555,0.568496813,0.003494654,0.012757412,0.969938387,0.273931254,0.929323308
2064,OK,,176.842105,11.5533316,136,123.6,136,53.1934612,0.549252259,0.856911874,0.005231938,0.007000887,0.973565094,0.747325045,0.908823529
2065,OK,,176.842105,11.5533316,139,123.6,139,54.3668464,0.211997505,1.36731118,0.008284329,0.002681148,0.970950887,3.08984372,0.889208633
2066,OK,,176.842105,11.5533316,142,123.6,142,55.5402315,0.050029136,2.22098789,0.013337117,0.000625688,0.959110415,21.3159365,0.870422535
2067,OK,,176.842105,11.5533316,145,123.6,145,56.7136167,0.016355474,3.32170707,0.019751523,0.000201778,0.94114178,97.8874524,0.852413793
2068,OK,,176.842105,11.5533316,148,123.6,148,57.8870019,0.007195232,4.50711827,0.026528477,8.75E-05,0.922015075,303.070221,0.835135135
2069,OK,,176.842105,11.5533316,151,123.6,151,59.0603871,0.00404014,5.69416374,0.033172014,4.85E-05,0.903519022,684.471902,0.818543046
2070,OK,,176.842105,11.5533316,154,123.6,154,60.2337722,0.002363057,6.89720185,0.039763994,2.80E-05,0.885453548,1422.58888,0.802597403
2071,OK,,176.842105,11.5533316,157,123.6,157,61.4071574,0.001283351,8.10101654,0.046217112,1.50E-05,0.868056099,3087.20908,0.787261146
2072,OK,,176.842105,11.5533316,160,123.6,160,62.5805426,0.0007813,9.3075023,0.052543786,8.99E-06,0.851259142,5845.42387,0.7725
2073,OK,,176.842105,12.0423789,121,123.6,121,47.3265353,3.22251571,0.158215686,0.000991936,0.041760655,0.928565838,0.023752878,1.0214876
2074,OK,,176.842105,12.0423789,124,123.6,124,48.4999205,2.66441073,0.206142963,0.001285755,0.034430009,0.940813229,0.037344035,0.996774194
2075,OK,,176.842105,12.0423789,127,123.6,127,49.6733057,2.1159564,0.275180922,0.001707029,0.027256191,0.95186273,0.062629021,0.973228346
2076,OK,,176.842105,12.0423789,130,123.6,130,50.8466908,1.5836241,0.378434519,0.002334035,0.02032539,0.961412265,0.114833446,0.950769231
2077,OK,,176.842105,12.0423789,133,123.6,133,52.020076,1.07733223,0.540646306,0.003314032,0.013768532,0.968897036,0.240696111,0.929323308
2078,OK,,176.842105,12.0423789,136,123.6,136,53.1934612,0.623931399,0.803002928,0.00488948,0.007931078,0.973174629,0.616496188,0.908823529
2079,OK,,176.842105,12.0423789,139,123.6,139,54.3668464,0.264616853,1.26273847,0.007631575,0.003339137,0.971906494,2.28549288,0.889208633
2080,OK,,176.842105,12.0423789,142,123.6,142,55.5402315,0.068789264,2.03679366,0.012203912,0.000858968,0.96208905,14.2076453,0.870422535
2081,OK,,176.842105,12.0423789,145,123.6,145,56.7136167,0.018940683,3.12669864,0.018552726,0.000233388,0.944534672,79.4929252,0.852413793
2082,OK,,176.842105,12.0423789,148,123.6,148,57.8870019,0.00847781,4.29294644,0.025216859,0.000103015,0.925692744,244.788377,0.835135135
2083,OK,,176.842105,12.0423789,151,123.6,151,59.0603871,0.004351744,5.46307379,0.031765342,5.21E-05,0.90742652,609.158689,0.818543046
2084,OK,,176.842105,12.0423789,154,123.6,154,60.2337722,0.002434055,6.6603981,0.038327923,2.88E-05,0.889383781,1332.60377,0.802597403
2085,OK,,176.842105,12.0423789,157,123.6,157,61.4071574,0.00144721,7.8871848,0.044913381,1.69E-05,0.871535626,2663.24419,0.787261146
2086,OK,,176.842105,12.0423789,160,123.6,160,62.5805426,0.000927044,9.08741965,0.051209106,1.07E-05,0.854773603,4806.18634,0.7725
2087,OK,,176.842105,12.5314263,121,123.6,121,47.3265353,3.32516722,0.153831313,0.00096147,0.042945469,0.926489473,0.022388162,1.0214876
2088,OK,,176.842105,12.5314263,124,123.6,124,48.4999205,2.76385974,0.199748077,0.001242087,0.035597458,0.938894584,0.034892583,0.996774194
2089,OK,,176.842105,12.5314263,127,123.6,127,49.6733057,2.21454069,0.265164488,0.001639987,0.028433189,0.950079723,0.057678617,0.973228346
2090,OK,,176.842105,12.5314263,130,123.6,130,50.8466908,1.68133917,0.361818559,0.002225023,0.021510377,0.959817292,0.103439511,0.950769231
2091,OK,,176.842105,12.5314263,133,123.6,133,52.020076,1.16943316,0.512250167,0.00313104,0.014899762,0.967672417,0.210140245,0.929323308
2092,OK,,176.842105,12.5314263,136,123.6,136,53.1934612,0.70418779,0.752625903,0.004570242,0.008926115,0.972612918,0.512007953,0.908823529
2093,OK,,176.842105,12.5314263,139,123.6,139,54.3668464,0.324939435,1.16623578,0.00703047,0.004090561,0.972571975,1.71870585,0.889208633
2094,OK,,176.842105,12.5314263,142,123.6,142,55.5402315,0.090529679,1.89016145,0.011299155,0.001128585,0.964337723,10.0117859,0.870422535
2095,OK,,176.842105,12.5314263,145,123.6,145,56.7136167,0.023857375,2.92787881,0.017336321,0.0002936,0.94795366,59.0475071,0.852413793
2096,OK,,176.842105,12.5314263,148,123.6,148,57.8870019,0.010144707,4.09330618,0.023994734,0.000123124,0.929112741,194.882634,0.835135135
2097,OK,,176.842105,12.5314263,151,123.6,151,59.0603871,0.00493352,5.28254559,0.030651759,5.90E-05,0.910473341,519.109203,0.818543046
2098,OK,,176.842105,12.5314263,154,123.6,154,60.2337722,0.002698294,6.50938898,0.037369303,3.18E-05,0.891886445,1174.24066,0.802597403
2099,OK,,176.842105,12.5314263,157,123.6,157,61.4071574,0.001641959,7.66540207,0.04357002,1.91E-05,0.875144131,2279.5092,0.787261146
2100,OK,,176.842105,12.5314263,160,123.6,160,62.5805426,0.001041874,8.87515776,0.049921899,1.20E-05,0.858163588,4173.22269,0.7725
2101,OK,,176.842105,13.0204737,121,123.6,121,47.3265353,3.42907825,0.149625964,0.000932297,0.044137048,0.924382713,0.021122776,1.0214876
2102,OK,,176.842105,13.0204737,124,123.6,124,48.4999205,2.86559152,0.193582169,0.001200086,0.036784664,0.93692415,0.03262463,0.996774194
2103,OK,,176.842105,13.0204737,127,123.6,127,49.6733057,2.31330122,0.255830226,0.001577528,0.029604661,0.948279435,0.05328648,0.973228346
2104,OK,,176.842105,13.0204737,130,123.6,130,50.8466908,1.77713569,0.346910359,0.002127103,0.022663828,0.958226464,0.093854536,0.950769231
2105,OK,,176.842105,13.0204737,133,123.6,133,52.020076,1.26032145,0.487085129,0.00296874,0.016008795,0.966408996,0.18544431,0.929323308
2106,OK,,176.842105,13.0204737,136,123.6,136,53.1934612,0.787900114,0.706782387,0.004280087,0.009958516,0.971901011,0.429791671,0.908823529
2107,OK,,176.842105,13.0204737,139,123.6,139,54.3668464,0.389810238,1.08136675,0.006502075,0.004895037,0.972939814,1.32829967,0.889208633
2108,OK,,176.842105,13.0204737,142,123.6,142,55.5402315,0.123229131,1.73160038,0.010327509,0.001533439,0.966603857,6.73486755,0.870422535
2109,OK,,176.842105,13.0204737,145,123.6,145,56.7136167,0.029610188,2.73489717,0.016159134,0.000363924,0.951254963,44.402555,0.852413793
2110,OK,,176.842105,13.0204737,148,123.6,148,57.8870019,0.011940783,3.88244727,0.022712479,0.000144752,0.932724309,156.90636,0.835135135
2111,OK,,176.842105,13.0204737,151,123.6,151,59.0603871,0.005792378,5.0613807,0.029311155,6.92E-05,0.914203524,423.275179,0.818543046
2112,OK,,176.842105,13.0204737,154,123.6,154,60.2337722,0.003138489,6.25557834,0.035857903,3.70E-05,0.896092896,969.03661,0.802597403
2113,OK,,176.842105,13.0204737,157,123.6,157,61.4071574,0.001939649,7.45556928,0.042297495,2.26E-05,0.878556357,1875.29224,0.787261146
2114,OK,,176.842105,13.0204737,160,123.6,160,62.5805426,0.001176765,8.64480862,0.04853787,1.35E-05,0.861842275,3596.12205,0.7725
2115,OK,,176.842105,13.5095211,121,123.6,121,47.3265353,3.52793657,0.1458641,0.000906067,0.045259658,0.922373344,0.020019296,1.0214876
2116,OK,,176.842105,13.5095211,124,123.6,124,48.4999205,2.96630569,0.187846239,0.001160993,0.037951471,0.934965833,0.030591523,0.996774194
2117,OK,,176.842105,13.5095211,127,123.6,127,49.6733057,2.40881713,0.247435737,0.001521224,0.030728627,0.946525547,0.049505114,0.973228346
2118,OK,,176.842105,13.5095211,130,123.6,130,50.8466908,1.87235534,0.333267654,0.002037477,0.023802755,0.956622094,0.085598375,0.950769231
2119,OK,,176.842105,13.5095211,133,123.6,133,52.020076,1.35500848,0.463309812,0.002815762,0.017157946,0.965045836,0.164108326,0.929323308
2120,OK,,176.842105,13.5095211,136,123.6,136,53.1934612,0.870688577,0.666983805,0.004027952,0.010973408,0.971092831,0.367064792,0.908823529
2121,OK,,176.842105,13.5095211,139,123.6,139,54.3668464,0.453775063,1.0114758,0.006065975,0.005684156,0.973048816,1.06717237,0.889208633
2122,OK,,176.842105,13.5095211,142,123.6,142,55.5402315,0.16039301,1.59939178,0.009516384,0.001992059,0.968315134,4.77715842,0.870422535
2123,OK,,176.842105,13.5095211,145,123.6,145,56.7136167,0.038766299,2.5310671,0.014923264,0.000475816,0.954687542,31.3634995,0.852413793
2124,OK,,176.842105,13.5095211,148,123.6,148,57.8870019,0.014193092,3.67284445,0.021442531,0.00017185,0.936306296,124.774367,0.835135135
2125,OK,,176.842105,13.5095211,151,123.6,151,59.0603871,0.006844989,4.84370617,0.027991087,8.17E-05,0.917871328,342.473632,0.818543046
2126,OK,,176.842105,13.5095211,154,123.6,154,60.2337722,0.002867752,6.04980331,0.03460692,3.38E-05,0.899513664,1024.71128,0.802597403
2127,OK,,176.842105,13.5095211,157,123.6,157,61.4071574,0.002107234,7.24457338,0.041020177,2.45E-05,0.881989642,1675.87665,0.787261146
2128,OK,,176.842105,13.5095211,160,123.6,160,62.5805426,0.001318904,8.43400285,0.047267578,1.51E-05,0.865208555,3127.80808,0.7725
2129,OK,,176.842105,13.9985684,121,123.6,121,47.3265353,3.62252367,0.14246492,0.000882251,0.046323895,0.920446562,0.019045271,1.0214876
2130,OK,,176.842105,13.9985684,124,123.6,124,48.4999205,3.06293262,0.182682909,0.001125674,0.03906135,0.933079982,0.028818095,0.996774194
2131,OK,,176.842105,13.9985684,127,123.6,127,49.6733057,2.51176462,0.23888889,0.00146429,0.031935788,0.944625117,0.045851053,0.973228346
2132,OK,,176.842105,13.9985684,130,123.6,130,50.8466908,1.96940291,0.320377332,0.001952943,0.024956897,0.954966976,0.07825264,0.950769231
2133,OK,,176.842105,13.9985684,133,123.6,133,52.020076,1.45125287,0.441380098,0.002674811,0.01831912,0.963617259,0.146012004,0.929323308
2134,OK,,176.842105,13.9985684,136,123.6,136,53.1934612,0.956372525,0.630381652,0.003796392,0.012018275,0.970170127,0.315884887,0.908823529
2135,OK,,176.842105,13.9985684,139,123.6,139,54.3668464,0.530782543,0.939692031,0.00562071,0.006630898,0.972952734,0.847654462,0.889208633
2136,OK,,176.842105,13.9985684,142,123.6,142,55.5402315,0.203603159,1.48105947,0.008789592,0.002522552,0.969667706,3.48440423,0.870422535
2137,OK,,176.842105,13.9985684,145,123.6,145,56.7136167,0.050378287,2.35269693,0.013841399,0.000617469,0.957627897,22.4163317,0.852413793
2138,OK,,176.842105,13.9985684,148,123.6,148,57.8870019,0.017313894,3.47266685,0.02022652,0.000209317,0.939710459,96.6311918,0.835135135
2139,OK,,176.842105,13.9985684,151,123.6,151,59.0603871,0.008148417,4.62685296,0.026685609,9.72E-05,0.921520979,274.581381,0.818543046
2140,OK,,176.842105,13.9985684,154,123.6,154,60.2337722,0.004148117,5.83614744,0.033320749,4.88E-05,0.903039519,682.844227,0.802597403
2141,OK,,176.842105,13.9985684,157,123.6,157,61.4071574,0.002376764,7.03813933,0.039775611,2.76E-05,0.885346979,1442.30466,0.787261146
2142,OK,,176.842105,13.9985684,160,123.6,160,62.5805426,0.001452217,8.23799759,0.046082545,1.66E-05,0.868338473,2772.35946,0.7725
2143,OK,,176.842105,14.4876158,121,123.6,121,47.3265353,3.72660964,0.138843907,0.000857183,0.047494115,0.918323758,0.018048202,1.0214876
2144,OK,,176.842105,14.4876158,124,123.6,124,48.4999205,3.17038039,0.177173927,0.001088406,0.040293716,0.930978148,0.027011805,0.996774194
2145,OK,,176.842105,14.4876158,127,123.6,127,49.6733057,2.61236384,0.231104077,0.001412349,0.033106399,0.94275662,0.04266092,0.973228346
2146,OK,,176.842105,14.4876158,130,123.6,130,50.8466908,2.07055028,0.307890126,0.001871322,0.02615348,0.9532233,0.071551551,0.950769231
2147,OK,,176.842105,14.4876158,133,123.6,133,52.020076,1.54081691,0.422895896,0.002555487,0.01939107,0.962250866,0.131786773,0.929323308
2148,Errors,,176.842105,14.4876158,136,123.6,136,53.1934612,1.01039609,0.608902219,0.003654925,0.012677203,0.96955832,0.288306922,0.908823529
2149,OK,,176.842105,14.4876158,139,123.6,139,54.3668464,0.601954146,0.883312058,0.005269492,0.007500433,0.972680663,0.702558449,0.889208633
2150,OK,,176.842105,14.4876158,142,123.6,142,55.5402315,0.248491202,1.38284118,0.008187854,0.003073521,0.970627915,2.66399812,0.870422535
2151,OK,,176.842105,14.4876158,145,123.6,145,56.7136167,0.068281335,2.17681407,0.012775724,0.000835516,0.960413468,15.2908163,0.852413793
2152,OK,,176.842105,14.4876158,148,123.6,148,57.8870019,0.020453825,3.26053158,0.018954018,0.00024703,0.943320861,76.7276636,0.835135135
2153,OK,,176.842105,14.4876158,151,123.6,151,59.0603871,0.009237073,4.43994279,0.025555305,0.000110043,0.924667276,232.231179,0.818543046
2154,OK,,176.842105,14.4876158,154,123.6,154,60.2337722,0.004762327,5.61934865,0.032021619,5.60E-05,0.906628611,572.210214,0.802597403
2155,OK,,176.842105,14.4876158,157,123.6,157,61.4071574,0.00272364,6.81058809,0.038419387,3.16E-05,0.889046945,1216.95284,0.787261146
2156,OK,,176.842105,14.4876158,160,123.6,160,62.5805426,0.00166015,8.01054996,0.044730116,1.90E-05,0.871969629,2356.33192,0.7725
2157,OK,,176.842105,14.9766632,121,123.6,121,47.3265353,3.83785855,0.134924755,0.000830414,0.048741221,0.916055902,0.017037206,1.0214876
2158,OK,,176.842105,14.9766632,124,123.6,124,48.4999205,3.26804215,0.172514003,0.001056587,0.041400853,0.929060581,0.025520907,0.996774194
2159,OK,,176.842105,14.9766632,127,123.6,127,49.6733057,2.70739564,0.224252731,0.001366418,0.034202361,0.940981412,0.039950973,0.973228346
2160,OK,,176.842105,14.9766632,130,123.6,130,50.8466908,2.14861302,0.299209529,0.001813323,0.027062497,0.951858764,0.067005018,0.950769231
2161,OK,,176.842105,14.9766632,133,123.6,133,52.020076,1.63778216,0.404400486,0.002436725,0.020546775,0.960742413,0.11859406,0.929323308
2162,OK,,176.842105,14.9766632,136,123.6,136,53.1934612,1.13348106,0.566378503,0.003392034,0.014159922,0.968043825,0.239551709,0.908823529
2163,OK,,176.842105,14.9766632,139,123.6,139,54.3668464,0.680342596,0.829104925,0.004932952,0.008454071,0.972235882,0.583500133,0.889208633
2164,OK,,176.842105,14.9766632,142,123.6,142,55.5402315,0.312795344,1.27429479,0.007524844,0.003859078,0.971424496,1.94990706,0.870422535
2165,OK,,176.842105,14.9766632,145,123.6,145,56.7136167,0.09065418,2.01630967,0.011807307,0.001107495,0.962849066,10.6612773,0.852413793
2166,OK,,176.842105,14.9766632,148,123.6,148,57.8870019,0.024768881,3.07189764,0.017820203,0.000298772,0.946504977,59.6447762,0.835135135
2167,OK,,176.842105,14.9766632,151,123.6,151,59.0603871,0.010815253,4.22822827,0.02428864,0.000128696,0.928225267,188.728256,0.818543046
2168,OK,,176.842105,14.9766632,154,123.6,154,60.2337722,0.005507832,5.41876654,0.0308181,6.46E-05,0.909946295,476.695269,0.802597403
2169,OK,,176.842105,14.9766632,157,123.6,157,61.4071574,0.003120399,6.58650147,0.037087062,3.61E-05,0.892689677,1026.44226,0.787261146
2170,OK,,176.842105,14.9766632,160,123.6,160,62.5805426,0.001858624,7.80541942,0.043503803,2.12E-05,0.875244322,2049.14562,0.7725
2171,OK,,176.842105,15.4657105,121,123.6,121,47.3265353,3.93859632,0.131792618,0.000808659,0.049855568,0.913993515,0.016220031,1.0214876
2172,OK,,176.842105,15.4657105,124,123.6,124,48.4999205,3.37186232,0.1677735,0.001024445,0.042573782,0.927017698,0.024062823,0.996774194
2173,OK,,176.842105,15.4657105,127,123.6,127,49.6733057,2.81251288,0.217022498,0.001318415,0.035411986,0.939010796,0.037230769,0.973228346
2174,OK,,176.842105,15.4657105,130,123.6,130,50.8466908,2.26382848,0.286626907,0.001731931,0.028414503,0.949840288,0.060952378,0.950769231
2175,OK,,176.842105,15.4657105,133,123.6,133,52.020076,1.73380674,0.387621489,0.002328938,0.021683702,0.959219048,0.107404982,0.929323308
2176,OK,,176.842105,15.4657105,136,123.6,136,53.1934612,1.22383711,0.538544576,0.003216355,0.015243122,0.966868453,0.211003686,0.908823529
2177,OK,,176.842105,15.4657105,139,123.6,139,54.3668464,0.759070803,0.7852813,0.004658652,0.009405298,0.971593863,0.495322127,0.889208633
2178,OK,,176.842105,15.4657105,142,123.6,142,55.5402315,0.372807244,1.18805091,0.006997957,0.004588671,0.971896801,1.52505096,0.870422535
2179,OK,,176.842105,15.4657105,145,123.6,145,56.7136167,0.118434254,1.87150264,0.010934407,0.001444395,0.964912538,7.57023458,0.852413793
2180,OK,,176.842105,15.4657105,148,123.6,148,57.8870019,0.031277851,2.86505534,0.016586349,0.00037681,0.949965742,44.0178377,0.835135135
2181,OK,,176.842105,15.4657105,151,123.6,151,59.0603871,0.013057624,3.98721834,0.022860626,0.000155205,0.932268037,147.292789,0.818543046
2182,OK,,176.842105,15.4657105,154,123.6,154,60.2337722,0.006363467,5.20677022,0.029555235,7.46E-05,0.913451649,396.129061,0.802597403
2183,OK,,176.842105,15.4657105,157,123.6,157,61.4071574,0.003512021,6.39242537,0.035924198,4.06E-05,0.89584378,884.368746,0.787261146
2184,OK,,176.842105,15.4657105,160,123.6,160,62.5805426,0.002090107,7.59888739,0.042273057,2.38E-05,0.878540882,1772.63913,0.7725
2185,OK,,176.842105,15.9547579,121,123.6,121,47.3265353,4.04619577,0.128552176,0.000786357,0.051043282,0.911788431,0.015405686,1.0214876
2186,OK,,176.842105,15.9547579,124,123.6,124,48.4999205,3.47545698,0.163293321,0.000994081,0.043736464,0.924974098,0.022728879,0.996774194
2187,OK,,176.842105,15.9547579,127,123.6,127,49.6733057,2.91419198,0.210479633,0.00127487,0.036572774,0.937095557,0.034858441,0.973228346
2188,OK,,176.842105,15.9547579,130,123.6,130,50.8466908,2.35363821,0.277792601,0.001673687,0.029452416,0.948247747,0.056826804,0.950769231
2189,OK,,176.842105,15.9547579,133,123.6,133,52.020076,1.82097372,0.373700452,0.002238913,0.022706651,0.957811016,0.09860164,0.929323308
2190,OK,,176.842105,15.9547579,136,123.6,136,53.1934612,1.31522814,0.515676642,0.00307055,0.016330417,0.965580266,0.188026405,0.908823529
2191,OK,,176.842105,15.9547579,139,123.6,139,54.3668464,0.844416254,0.739546683,0.004375554,0.010433109,0.970865278,0.419391191,0.889208633
2192,OK,,176.842105,15.9547579,142,123.6,142,55.5402315,0.434322321,1.11369391,0.006543337,0.005333127,0.97212802,1.22692316,0.870422535
2193,OK,,176.842105,15.9547579,145,123.6,145,56.7136167,0.158137928,1.71770058,0.010013142,0.001924966,0.966924372,5.20172385,0.852413793
2194,OK,,176.842105,15.9547579,148,123.6,148,57.8870019,0.040064321,2.66709787,0.015408419,0.000482032,0.953233678,31.9655363,0.835135135
2195,OK,,176.842105,15.9547579,151,123.6,151,59.0603871,0.015334429,3.82139029,0.021863825,0.000182047,0.935037257,120.09973,0.818543046
2196,OK,,176.842105,15.9547579,154,123.6,154,60.2337722,0.007419351,4.97578815,0.028191393,8.69E-05,0.917268879,324.42146,0.802597403
2197,OK,,176.842105,15.9547579,157,123.6,157,61.4071574,0.004009441,6.17795267,0.034653701,4.63E-05,0.899328313,748.051222,0.787261146
2198,OK,,176.842105,15.9547579,160,123.6,160,62.5805426,0.002469196,7.37966238,0.040979863,2.81E-05,0.88203791,1455.97083,0.7725
2199,OK,,176.842105,16.4438053,121,123.6,121,47.3265353,4.14610472,0.125713904,0.000766655,0.052132695,0.909737347,0.014705843,1.0214876
2200,OK,,176.842105,16.4438053,124,123.6,124,48.4999205,3.577284,0.159130494,0.000965822,0.044870197,0.9229604,0.021524804,0.996774194
2201,OK,,176.842105,16.4438053,127,123.6,127,49.6733057,3.01728396,0.204221287,0.001233286,0.037742344,0.935146147,0.032676449,0.973228346
2202,OK,,176.842105,16.4438053,130,123.6,130,50.8466908,2.46314168,0.267456831,0.001606675,0.030718949,0.94629742,0.052302411,0.950769231
2203,OK,,176.842105,16.4438053,133,123.6,133,52.020076,1.92773816,0.357588565,0.002136212,0.02395891,0.95606837,0.08916149,0.929323308
2204,OK,,176.842105,16.4438053,136,123.6,136,53.1934612,1.40754815,0.492160809,0.002922347,0.017424153,0.964286795,0.167718146,0.908823529
2205,OK,,176.842105,16.4438053,139,123.6,139,54.3668464,0.923404461,0.702226805,0.004143556,0.011377777,0.970098849,0.364179742,0.889208633
2206,OK,,176.842105,16.4438053,142,123.6,142,55.5402315,0.499003182,1.04673512,0.006134188,0.006112396,0.972169034,1.00356526,0.870422535
2207,OK,,176.842105,16.4438053,145,123.6,145,56.7136167,0.198479627,1.59890306,0.009298724,0.002411329,0.96830774,3.85626537,0.852413793
2208,OK,,176.842105,16.4438053,148,123.6,148,57.8870019,0.051681542,2.48428539,0.01432194,0.000620948,0.956191082,23.0646433,0.835135135
2209,OK,,176.842105,16.4438053,151,123.6,151,59.0603871,0.017845582,3.61265269,0.02062837,0.000211611,0.938529047,97.4825065,0.818543046
2210,OK,,176.842105,16.4438053,154,123.6,154,60.2337722,0.008602018,4.79681254,0.027121951,0.000100631,0.920220594,269.51904,0.802597403
2211,OK,,176.842105,16.4438053,157,123.6,157,61.4071574,0.00452685,5.97821318,0.033465034,5.22E-05,0.902572594,640.679533,0.787261146
2212,OK,,176.842105,16.4438053,160,123.6,160,62.5805426,0.002665389,7.16690685,0.039725045,3.04E-05,0.885434483,1308.86582,0.7725
2213,OK,,176.842105,16.9328526,121,123.6,121,47.3265353,4.24759554,0.122950197,0.00074752,0.053233193,0.907651264,0.014042369,1.0214876
2214,OK,,176.842105,16.9328526,124,123.6,124,48.4999205,3.67907025,0.155175776,0.000938988,0.045995854,0.920943251,0.020414633,0.996774194
2215,OK,,176.842105,16.9328526,127,123.6,127,49.6733057,3.11667553,0.19855849,0.001195539,0.038860499,0.933259243,0.030764896,0.973228346
2216,OK,,176.842105,16.9328526,130,123.6,130,50.8466908,2.56188516,0.258878078,0.001550608,0.031849028,0.944524153,0.048686188,0.950769231
2217,OK,,176.842105,16.9328526,133,123.6,133,52.020076,2.02319295,0.346336805,0.002062677,0.025064668,0.954449706,0.082294206,0.929323308
2218,OK,,176.842105,16.9328526,136,123.6,136,53.1934612,1.50000324,0.470667895,0.002786921,0.018512861,0.962952756,0.150539697,0.908823529
2219,OK,,176.842105,16.9328526,139,123.6,139,54.3668464,1.01250211,0.664273082,0.003908992,0.012439353,0.96915813,0.314244029,0.889208633
2220,OK,,176.842105,16.9328526,142,123.6,142,55.5402315,0.578994759,0.975176464,0.00570014,0.007073161,0.972017199,0.805882957,0.870422535
2221,OK,,176.842105,16.9328526,145,123.6,145,56.7136167,0.249057974,1.48035931,0.008589036,0.003019377,0.969506137,2.84463872,0.852413793
2222,OK,,176.842105,16.9328526,148,123.6,148,57.8870019,0.067322337,2.31369539,0.01330982,0.000807691,0.958867835,16.4788483,0.835135135
2223,OK,,176.842105,16.9328526,151,123.6,151,59.0603871,0.020821469,3.41596882,0.019465782,0.000246604,0.941808876,78.9355147,0.818543046
2224,OK,,176.842105,16.9328526,154,123.6,154,60.2337722,0.010067677,4.58227543,0.025858867,0.000117645,0.923758003,219.804244,0.802597403
2225,OK,,176.842105,16.9328526,157,123.6,157,61.4071574,0.005396519,5.76498138,0.032213993,6.22E-05,0.906030858,517.777,0.787261146
2226,OK,,176.842105,16.9328526,160,123.6,160,62.5805426,0.003035898,6.94662931,0.038433814,3.45E-05,0.888948467,1112.93302,0.7725
2227,OK,,176.842105,17.4219,121,123.6,121,47.3265353,4.35679353,0.120067224,0.000727764,0.054416361,0.905404849,0.013374,1.0214876
2228,OK,,176.842105,17.4219,124,123.6,124,48.4999205,3.78187458,0.151363097,0.000913173,0.047126797,0.918902183,0.019376942,0.996774194
2229,OK,,176.842105,17.4219,127,123.6,127,49.6733057,3.21827064,0.193055226,0.00115897,0.039998021,0.931324766,0.028975694,0.973228346
2230,OK,,176.842105,17.4219,130,123.6,130,50.8466908,2.66589785,0.250335562,0.001495069,0.033034801,0.942646545,0.045257386,0.950769231
2231,OK,,176.842105,17.4219,133,123.6,133,52.020076,2.12017811,0.333844122,0.001982606,0.026185044,0.952825478,0.075715217,0.929323308
2232,OK,,176.842105,17.4219,136,123.6,136,53.1934612,1.59530203,0.450310153,0.002658939,0.019629397,0.961543916,0.135456977,0.908823529
2233,OK,,176.842105,17.4219,139,123.6,139,54.3668464,1.09970567,0.631068778,0.003703553,0.013472168,0.968164892,0.274903998,0.889208633
2234,OK,,176.842105,17.4219,142,123.6,142,55.5402315,0.653965175,0.917715168,0.005350398,0.007968289,0.971701948,0.671461314,0.870422535
2235,OK,,176.842105,17.4219,145,123.6,145,56.7136167,0.300871971,1.38238064,0.008001201,0.003639772,0.970320133,2.19826956,0.852413793
2236,OK,,176.842105,17.4219,148,123.6,148,57.8870019,0.089809767,2.14143499,0.012292442,0.001075814,0.961455168,11.4261779,0.835135135
2237,OK,,176.842105,17.4219,151,123.6,151,59.0603871,0.026371445,3.18792292,0.018131011,0.000311967,0.945576138,58.1184004,0.818543046
2238,OK,,176.842105,17.4219,154,123.6,154,60.2337722,0.011613845,4.3643985,0.024582096,0.000135563,0.927349522,181.333172,0.802597403
2239,OK,,176.842105,17.4219,157,123.6,157,61.4071574,0.006032414,5.55310209,0.030971433,6.95E-05,0.909470903,445.805327,0.787261146
2240,OK,,176.842105,17.4219,160,123.6,160,62.5805426,0.00343781,6.73802561,0.037208819,3.91E-05,0.892275408,952.594812,0.7725
2241,OK,,182.105263,8.13,121,123.6,121,47.3265353,2.4184839,0.212612058,0.001366531,0.032202795,0.944405481,0.042435164,1.0214876
2242,OK,,182.105263,8.13,124,123.6,124,48.4999205,1.87327109,0.285087768,0.001822153,0.024861065,0.955497683,0.073293429,0.996774194
2243,OK,,182.105263,8.13,127,123.6,127,49.6733057,1.34476711,0.397215142,0.002523785,0.017779718,0.96493122,0.141947408,0.973228346
2244,OK,,182.105263,8.13,130,123.6,130,50.8466908,0.854546769,0.580271229,0.003663341,0.01124559,0.971781487,0.325757965,0.950769231
2245,OK,,182.105263,8.13,133,123.6,133,52.020076,0.431599175,0.902309969,0.005656328,0.005644906,0.974357801,1.00202344,0.929323308
2246,OK,,182.105263,8.13,136,123.6,136,53.1934612,0.139723434,1.50073239,0.009331328,0.001811319,0.969160574,5.15167482,0.908823529
2247,OK,,182.105263,8.13,139,123.6,139,54.3668464,0.030575806,2.53592083,0.015611408,0.000391173,0.952792983,39.9092052,0.889208633
2248,OK,,182.105263,8.13,142,123.6,142,55.5402315,0.012904474,3.61808258,0.0220563,0.000162859,0.9346242,135.43192,0.870422535
2249,OK,,182.105263,8.13,145,123.6,145,56.7136167,0.005937358,4.80426246,0.028983569,7.39E-05,0.915184393,392.377161,0.852413793
2250,OK,,182.105263,8.13,148,123.6,148,57.8870019,0.003155127,5.98569182,0.035731907,3.87E-05,0.896542458,923.478921,0.835135135
2251,OK,,182.105263,8.13,151,123.6,151,59.0603871,0.001823801,7.17840043,0.042396047,2.20E-05,0.878425717,1922.93973,0.818543046
2252,OK,,182.105263,8.13,154,123.6,154,60.2337722,0.001119315,8.38876217,0.049008087,1.33E-05,0.860711339,3674.57407,0.802597403
2253,OK,,182.105263,8.13,157,123.6,157,61.4071574,0.000545103,9.64975112,0.055734092,6.40E-06,0.842847371,8711.85829,0.787261146
2254,OK,,182.105263,8.13,160,123.6,160,62.5805426,0.000496044,10.7907112,0.0616926,5.75E-06,0.827562901,10733.7371,0.7725
2255,OK,,182.105263,8.61904737,121,123.6,121,47.3265353,2.52365537,0.205233029,0.001314973,0.033485527,0.942339147,0.039269895,1.0214876
2256,OK,,182.105263,8.61904737,124,123.6,124,48.4999205,1.97176289,0.273974757,0.001745762,0.026080548,0.953696055,0.066937309,0.996774194
2257,OK,,182.105263,8.61904737,127,123.6,127,49.6733057,1.44064686,0.378326281,0.002396576,0.018985153,0.963381274,0.126234227,0.973228346
2258,OK,,182.105263,8.61904737,130,123.6,130,50.8466908,0.941519418,0.546931809,0.003442871,0.012352191,0.970726684,0.278725528,0.950769231
2259,OK,,182.105263,8.61904737,133,123.6,133,52.020076,0.496517201,0.843955306,0.005275912,0.006476875,0.974231631,0.814576671,0.929323308
2260,OK,,182.105263,8.61904737,136,123.6,136,53.1934612,0.180829704,1.37502976,0.008528431,0.00233933,0.970750926,3.64567257,0.908823529
2261,OK,,182.105263,8.61904737,139,123.6,139,54.3668464,0.044796284,2.26836686,0.013940001,0.000572649,0.957452689,24.3429972,0.889208633
2262,OK,,182.105263,8.61904737,142,123.6,142,55.5402315,0.015106803,3.42770076,0.020846271,0.000190327,0.938012366,109.528848,0.870422535
2263,OK,,182.105263,8.61904737,145,123.6,145,56.7136167,0.007036921,4.5838731,0.027597825,8.74E-05,0.91905101,315.606199,0.852413793
2264,OK,,182.105263,8.61904737,148,123.6,148,57.8870019,0.003605289,5.77140606,0.034383986,4.42E-05,0.900236475,778.567564,0.835135135
2265,OK,,182.105263,8.61904737,151,123.6,151,59.0603871,0.002021061,7.00894455,0.041299091,2.44E-05,0.881291574,1693.25777,0.818543046
2266,OK,,182.105263,8.61904737,154,123.6,154,60.2337722,0.001259169,8.17944071,0.047698507,1.50E-05,0.864184168,3181.90419,0.802597403
2267,OK,,182.105263,8.61904737,157,123.6,157,61.4071574,0.000820561,9.36434699,0.054026273,9.63E-06,0.847490619,5608.74925,0.787261146
2268,OK,,182.105263,8.61904737,160,123.6,160,62.5805426,0.000546815,10.5946344,0.060459793,6.33E-06,0.83069528,9552.39524,0.7725
2269,OK,,182.105263,9.10809474,121,123.6,121,47.3265353,2.62110726,0.198886885,0.001270349,0.034661871,0.940414101,0.036649759,1.0214876
2270,OK,,182.105263,9.10809474,124,123.6,124,48.4999205,2.06804903,0.263964248,0.001676833,0.027263672,0.951917173,0.061504315,0.996774194
2271,OK,,182.105263,9.10809474,127,123.6,127,49.6733057,1.53143091,0.362128664,0.002287119,0.020117455,0.961879735,0.113688264,0.973228346
2272,OK,,182.105263,9.10809474,130,123.6,130,50.8466908,1.02944956,0.517095873,0.003245606,0.013464168,0.969584148,0.241055052,0.950769231
2273,OK,,182.105263,9.10809474,133,123.6,133,52.020076,0.578127126,0.781375008,0.004871264,0.007519739,0.973865818,0.647796993,0.929323308
2274,OK,,182.105263,9.10809474,136,123.6,136,53.1934612,0.229713642,1.26100566,0.007801394,0.00296509,0.971975516,2.6310817,0.908823529
2275,OK,,182.105263,9.10809474,139,123.6,139,54.3668464,0.057630825,2.10101633,0.012881897,0.000735606,0.960294788,17.5119566,0.889208633
2276,OK,,182.105263,9.10809474,142,123.6,142,55.5402315,0.018977544,3.20652963,0.019464809,0.00023892,0.941924852,81.470021,0.870422535
2277,OK,,182.105263,9.10809474,145,123.6,145,56.7136167,0.00830663,4.37013301,0.026256893,0.000103099,0.922797383,254.676205,0.852413793
2278,OK,,182.105263,9.10809474,148,123.6,148,57.8870019,0.004204834,5.56115479,0.033064533,5.14E-05,0.903858216,642.680636,0.835135135
2279,OK,,182.105263,9.10809474,151,123.6,151,59.0603871,0.00284496,6.69043995,0.039368153,3.43E-05,0.886670487,1147.09865,0.818543046
2280,OK,,182.105263,9.10809474,154,123.6,154,60.2337722,0.001407988,7.96266783,0.046346778,1.67E-05,0.867780557,2767.90055,0.802597403
2281,OK,,182.105263,9.10809474,157,123.6,157,61.4071574,0.000912923,9.16351597,0.052767342,1.07E-05,0.850759597,4929.15892,0.787261146
2282,OK,,182.105263,9.10809474,160,123.6,160,62.5805426,0.000618903,10.344971,0.05893661,7.16E-06,0.834683602,8234.84111,0.7725
2283,OK,,182.105263,9.59714211,121,123.6,121,47.3265353,2.72004475,0.192819466,0.00122777,0.035849246,0.938451776,0.034248153,1.0214876
2284,OK,,182.105263,9.59714211,124,123.6,124,48.4999205,2.17004519,0.254056729,0.001608953,0.028511276,0.950018435,0.056432155,0.996774194
2285,OK,,182.105263,9.59714211,127,123.6,127,49.6733057,1.63173594,0.345735592,0.002177034,0.021363753,0.960190458,0.101903149,0.973228346
2286,OK,,182.105263,9.59714211,130,123.6,130,50.8466908,1.11781425,0.490353261,0.003068813,0.01457494,0.968372229,0.210554099,0.950769231
2287,OK,,182.105263,9.59714211,133,123.6,133,52.020076,0.656266335,0.73069248,0.004542626,0.008511885,0.973338009,0.53368038,0.929323308
2288,OK,,182.105263,9.59714211,136,123.6,136,53.1934612,0.282939985,1.16357719,0.007180084,0.003643672,0.972806485,1.97056231,0.908823529
2289,OK,,182.105263,9.59714211,139,123.6,139,54.3668464,0.076343754,1.93017969,0.011807324,0.000972904,0.963092885,12.1361703,0.889208633
2290,OK,,182.105263,9.59714211,142,123.6,142,55.5402315,0.022460127,3.00353559,0.018193578,0.000282407,0.945517049,64.4233241,0.870422535
2291,OK,,182.105263,9.59714211,145,123.6,145,56.7136167,0.009918045,4.23518467,0.025371319,0.000122752,0.925148439,206.686961,0.852413793
2292,OK,,182.105263,9.59714211,148,123.6,148,57.8870019,0.004851303,5.35593937,0.03178005,5.93E-05,0.907392152,536.012248,0.835135135
2293,OK,,182.105263,9.59714211,151,123.6,151,59.0603871,0.002773937,6.54281064,0.038416769,3.34E-05,0.889171323,1149.40148,0.818543046
2294,OK,,182.105263,9.59714211,154,123.6,154,60.2337722,0.001506371,7.86674375,0.045684486,1.79E-05,0.869371453,2553.4574,0.802597403
2295,OK,,182.105263,9.59714211,157,123.6,157,61.4071574,0.001028319,8.94014302,0.051387545,1.20E-05,0.85439529,4265.95794,0.787261146
2296,OK,,182.105263,9.59714211,160,123.6,160,62.5805426,0.000676831,10.1663692,0.057808097,7.82E-06,0.837536626,7393.77293,0.7725
2297,OK,,182.105263,10.0861895,121,123.6,121,47.3265353,2.82194524,0.186926469,0.001186545,0.03706537,0.936423157,0.032012234,1.0214876
2298,OK,,182.105263,10.0861895,124,123.6,124,48.4999205,2.26746244,0.245302864,0.001548775,0.02969278,0.948190321,0.05215998,0.996774194
2299,OK,,182.105263,10.0861895,127,123.6,127,49.6733057,1.73000604,0.33100009,0.002077985,0.022575136,0.958508778,0.092047522,0.973228346
2300,OK,,182.105263,10.0861895,130,123.6,130,50.8466908,1.21645998,0.463516261,0.002892376,0.01580954,0.966959969,0.182951302,0.950769231
2301,OK,,182.105263,10.0861895,133,123.6,133,52.020076,0.732501374,0.687918682,0.004264748,0.009473979,0.972694772,0.450153832,0.929323308
2302,OK,,182.105263,10.0861895,136,123.6,136,53.1934612,0.343965832,1.07363757,0.006607812,0.004418668,0.973350044,1.49543085,0.908823529
2303,OK,,182.105263,10.0861895,139,123.6,139,54.3668464,0.100962185,1.77357738,0.010823983,0.001284424,0.965520539,8.42710951,0.889208633
2304,OK,,182.105263,10.0861895,142,123.6,142,55.5402315,0.027891746,2.80073984,0.016928797,0.000350246,0.949070584,48.3340783,0.870422535
2305,OK,,182.105263,10.0861895,145,123.6,145,56.7136167,0.011791428,3.94173134,0.023585681,0.000146003,0.930289708,161.542054,0.852413793
2306,OK,,182.105263,10.0861895,148,123.6,148,57.8870019,0.005474912,5.13774317,0.030424571,6.68E-05,0.911150726,455.218319,0.835135135
2307,OK,,182.105263,10.0861895,151,123.6,151,59.0603871,0.003072017,6.33924129,0.037147678,3.70E-05,0.892613076,1004.71125,0.818543046
2308,OK,,182.105263,10.0861895,154,123.6,154,60.2337722,0.001824301,7.52311802,0.043623886,2.16E-05,0.875071043,2015.0129,0.802597403
2309,OK,,182.105263,10.0861895,157,123.6,157,61.4071574,0.000847448,8.74288648,0.050158158,9.92E-06,0.857610508,5057.94806,0.787261146
2310,OK,,182.105263,10.0861895,160,123.6,160,62.5805426,0.000758178,9.9428675,0.056437306,8.75E-06,0.841106752,6450.35159,0.7725
2311,OK,,182.105263,10.5752368,121,123.6,121,47.3265353,2.921943,0.180751366,0.001143791,0.038249457,0.934440703,0.029903455,1.0214876
2312,OK,,182.105263,10.5752368,124,123.6,124,48.4999205,2.36826691,0.236829553,0.001490707,0.030908651,0.946286583,0.048229427,0.996774194
2313,OK,,182.105263,10.5752368,127,123.6,127,49.6733057,1.82614027,0.317817073,0.00198927,0.023753078,0.956838843,0.083747868,0.973228346
2314,OK,,182.105263,10.5752368,130,123.6,130,50.8466908,1.30580132,0.441849022,0.002749136,0.016918244,0.965629025,0.162495337,0.950769231
2315,OK,,182.105263,10.5752368,133,123.6,133,52.020076,0.822263415,0.643721259,0.003979508,0.010602573,0.971818867,0.375334141,0.929323308
2316,OK,,182.105263,10.5752368,136,123.6,136,53.1934612,0.408177778,0.996228606,0.006115179,0.005230303,0.973598139,1.16918255,0.908823529
2317,OK,,182.105263,10.5752368,139,123.6,139,54.3668464,0.134501042,1.62047255,0.009866254,0.001707889,0.967719783,5.77687021,0.889208633
2318,OK,,182.105263,10.5752368,142,123.6,142,55.5402315,0.034828177,2.6045481,0.015708843,0.000436763,0.952478119,35.9665159,0.870422535
2319,OK,,182.105263,10.5752368,145,123.6,145,56.7136167,0.013807235,3.75102487,0.022396882,0.000170753,0.933616787,131.165578,0.852413793
2320,OK,,182.105263,10.5752368,148,123.6,148,57.8870019,0.006401577,4.97701277,0.029398797,7.80E-05,0.913911341,376.962483,0.835135135
2321,OK,,182.105263,10.5752368,151,123.6,151,59.0603871,0.003545141,6.11389217,0.03575824,4.26E-05,0.896420636,838.980126,0.818543046
2322,OK,,182.105263,10.5752368,154,123.6,154,60.2337722,0.00206352,7.32306605,0.042381183,2.45E-05,0.878388331,1732.56702,0.802597403
2323,OK,,182.105263,10.5752368,157,123.6,157,61.4071574,0.001291035,8.52002364,0.048790269,1.51E-05,0.86123255,3232.88559,0.787261146
2324,OK,,182.105263,10.5752368,160,123.6,160,62.5805426,0.000837163,9.74831505,0.055229762,9.65E-06,0.844214323,5722.72868,0.7725
2325,OK,,182.105263,11.0642842,121,123.6,121,47.3265353,3.02385764,0.175531571,0.001107313,0.039448972,0.932397561,0.028069494,1.0214876
2326,OK,,182.105263,11.0642842,124,123.6,124,48.4999205,2.46627365,0.229156526,0.001438013,0.032081406,0.944424029,0.044823883,0.996774194
2327,OK,,182.105263,11.0642842,127,123.6,127,49.6733057,1.92392634,0.305430446,0.001906014,0.024943151,0.955119621,0.076414319,0.973228346
2328,OK,,182.105263,11.0642842,130,123.6,130,50.8466908,1.3978732,0.421557016,0.002615219,0.018054374,0.964217333,0.144852399,0.950769231
2329,OK,,182.105263,11.0642842,133,123.6,133,52.020076,0.904799466,0.608337163,0.003750147,0.011632732,0.970912449,0.322378858,0.929323308
2330,OK,,182.105263,11.0642842,136,123.6,136,53.1934612,0.478325732,0.925708719,0.00566713,0.006113001,0.973605131,0.927061732,0.908823529
2331,OK,,182.105263,11.0642842,139,123.6,139,54.3668464,0.172417735,1.49289563,0.009067388,0.002185012,0.969368954,4.14981084,0.889208633
2332,OK,,182.105263,11.0642842,142,123.6,142,55.5402315,0.044746097,2.41120177,0.014511019,0.000560355,0.955780741,25.8961264,0.870422535
2333,Errors,,182.105263,11.0642842,145,123.6,145,56.7136167,0.009027413,5.72311326,0.033777861,0.000110165,0.898928317,306.611202,0.852413793
2334,OK,,182.105263,11.0642842,148,123.6,148,57.8870019,0.007328032,4.78366475,0.028194179,8.91E-05,0.917235431,316.28869,0.835135135
2335,OK,,182.105263,11.0642842,151,123.6,151,59.0603871,0.003883373,5.91952529,0.034551565,4.66E-05,0.899705895,740.906598,0.818543046
2336,OK,,182.105263,11.0642842,154,123.6,154,60.2337722,0.002335568,7.11439918,0.041094298,2.77E-05,0.881848098,1485.89332,0.802597403
2337,OK,,182.105263,11.0642842,157,123.6,157,61.4071574,0.001448324,8.31063589,0.047502143,1.69E-05,0.864639815,2808.66977,0.787261146
2338,OK,,182.105263,11.0642842,160,123.6,160,62.5805426,0.000928198,9.54786403,0.053991366,1.07E-05,0.847415957,5051.41812,0.7725
2339,OK,,182.105263,11.5533316,121,123.6,121,47.3265353,3.12305813,0.170746024,0.001073796,0.040607166,0.930402593,0.026443504,1.0214876
2340,OK,,182.105263,11.5533316,124,123.6,124,48.4999205,2.56683413,0.22176079,0.001387361,0.033278088,0.942503103,0.041689924,0.996774194
2341,OK,,182.105263,11.5533316,127,123.6,127,49.6733057,2.0234762,0.293756735,0.001827675,0.026147473,0.953350539,0.069898717,0.973228346
2342,OK,,182.105263,11.5533316,130,123.6,130,50.8466908,1.49197886,0.402663807,0.002490709,0.019208915,0.962738132,0.129664233,0.950769231
2343,OK,,182.105263,11.5533316,133,123.6,133,52.020076,0.997548645,0.572973249,0.003522121,0.012785539,0.969809312,0.275476898,0.929323308
2344,OK,,182.105263,11.5533316,136,123.6,136,53.1934612,0.552295785,0.862999575,0.005269005,0.007039264,0.973393434,0.748516438,0.908823529
2345,OK,,182.105263,11.5533316,139,123.6,139,54.3668464,0.217029682,1.37737699,0.008345049,0.002744524,0.970673181,3.04061828,0.889208633
2346,OK,,182.105263,11.5533316,142,123.6,142,55.5402315,0.057382206,2.23569647,0.013424821,0.000717548,0.958713196,18.7093071,0.870422535
2347,OK,,182.105263,11.5533316,145,123.6,145,56.7136167,0.019783329,3.32856398,0.019791873,0.000244052,0.940960434,81.0970633,0.852413793
2348,OK,,182.105263,11.5533316,148,123.6,148,57.8870019,0.009044544,4.51081756,0.026549948,0.000110026,0.921919223,241.305762,0.835135135
2349,OK,,182.105263,11.5533316,151,123.6,151,59.0603871,0.004676957,5.69543762,0.033179306,5.61E-05,0.903486671,591.410639,0.818543046
2350,OK,,182.105263,11.5533316,154,123.6,154,60.2337722,0.002660421,6.89779669,0.039767352,3.15E-05,0.885438735,1263.69499,0.802597403
2351,OK,,182.105263,11.5533316,157,123.6,157,61.4071574,0.001626141,8.10170226,0.04622093,1.90E-05,0.86803935,2436.64223,0.787261146
2352,OK,,182.105263,11.5533316,160,123.6,160,62.5805426,0.00104973,9.30803927,0.052546735,1.21E-05,0.851246272,4350.93805,0.7725
2353,OK,,182.105263,12.0423789,121,123.6,121,47.3265353,3.22641245,0.166007779,0.001040762,0.041807934,0.928318855,0.024893886,1.0214876
2354,OK,,182.105263,12.0423789,124,123.6,124,48.4999205,2.66870514,0.214730738,0.001339282,0.034482583,0.940547616,0.038839368,0.996774194
2355,OK,,182.105263,12.0423789,127,123.6,127,49.6733057,2.12001321,0.283294021,0.00175731,0.02730627,0.951617731,0.064355559,0.973228346
2356,OK,,182.105263,12.0423789,130,123.6,130,50.8466908,1.58703003,0.385246325,0.002375995,0.020367745,0.961211313,0.116654783,0.950769231
2357,OK,,182.105263,12.0423789,133,123.6,133,52.020076,1.07967235,0.545326767,0.003342672,0.013797809,0.968762077,0.242261067,0.929323308
2358,OK,,182.105263,12.0423789,136,123.6,136,53.1934612,0.626912323,0.808965367,0.004925691,0.007968509,0.9730065,0.618144617,0.908823529
2359,OK,,182.105263,12.0423789,139,123.6,139,54.3668464,0.268976075,1.27145813,0.007684061,0.00339386,0.971665927,2.26410649,0.889208633
2360,OK,,182.105263,12.0423789,142,123.6,142,55.5402315,0.076379403,2.05197642,0.012294296,0.000953608,0.961679025,12.8924061,0.870422535
2361,OK,,182.105263,12.0423789,145,123.6,145,56.7136167,0.023778411,3.13637578,0.018609587,0.000292973,0.94427874,63.5199,0.852413793
2362,OK,,182.105263,12.0423789,148,123.6,148,57.8870019,0.010639419,4.29727044,0.025241923,0.000129276,0.925580705,195.256462,0.835135135
2363,OK,,182.105263,12.0423789,151,123.6,151,59.0603871,0.005468787,5.4653083,0.031778119,6.55E-05,0.907369773,484.938056,0.818543046
2364,OK,,182.105263,12.0423789,154,123.6,154,60.2337722,0.003070395,6.66167103,0.038335102,3.63E-05,0.889352083,1056.63131,0.802597403
2365,OK,,182.105263,12.0423789,157,123.6,157,61.4071574,0.001832254,7.88795504,0.044917665,2.14E-05,0.871516813,2103.78358,0.787261146
2366,OK,,182.105263,12.0423789,160,123.6,160,62.5805426,0.001155789,9.08787724,0.051211616,1.33E-05,0.854762636,3855.18824,0.7725
2367,OK,,182.105263,12.5314263,121,123.6,121,47.3265353,3.32903029,0.161556002,0.001009725,0.042992091,0.926244626,0.023486302,1.0214876
2368,OK,,182.105263,12.5314263,124,123.6,124,48.4999205,2.76813447,0.208296437,0.001295207,0.035649521,0.93863019,0.03633169,0.996774194
2369,OK,,182.105263,12.5314263,127,123.6,127,49.6733057,2.21863932,0.273361171,0.001690637,0.028483526,0.949832199,0.059354907,0.973228346
2370,OK,,182.105263,12.5314263,130,123.6,130,50.8466908,1.68485341,0.368846939,0.002268193,0.021553858,0.959609951,0.105233737,0.950769231
2371,OK,,182.105263,12.5314263,133,123.6,133,52.020076,1.17190885,0.517201742,0.003161255,0.014930586,0.96752964,0.211730149,0.929323308
2372,OK,,182.105263,12.5314263,136,123.6,136,53.1934612,0.707170047,0.758590961,0.004606377,0.0089634,0.972444715,0.51390952,0.908823529
2373,OK,,182.105263,12.5314263,139,123.6,139,54.3668464,0.328732358,1.17382265,0.007076037,0.004138007,0.97236266,1.71001094,0.889208633
2374,OK,,182.105263,12.5314263,142,123.6,142,55.5402315,0.097931333,1.90496716,0.011387133,0.001220686,0.96393788,9.32847151,0.870422535
2375,OK,,182.105263,12.5314263,145,123.6,145,56.7136167,0.028629272,2.93742426,0.017392326,0.000352293,0.94770121,49.3689135,0.852413793
2376,OK,,182.105263,12.5314263,148,123.6,148,57.8870019,0.012488537,4.09799468,0.024021873,0.000151564,0.928991257,158.493275,0.835135135
2377,OK,,182.105263,12.5314263,151,123.6,151,59.0603871,0.006079737,5.28483845,0.03066485,7.28E-05,0.910415111,421.429886,0.818543046
2378,OK,,182.105263,12.5314263,154,123.6,154,60.2337722,0.003369616,6.51073188,0.037376862,3.97E-05,0.891853004,940.500429,0.802597403
2379,OK,,182.105263,12.5314263,157,123.6,157,61.4071574,0.002076672,7.66627167,0.043574851,2.42E-05,0.87512289,1802.55003,0.787261146
2380,OK,,182.105263,12.5314263,160,123.6,160,62.5805426,0.001316009,8.87570614,0.049924904,1.51E-05,0.858150444,3304.12121,0.7725
2381,OK,,182.105263,13.0204737,121,123.6,121,47.3265353,3.43290646,0.157280873,0.000979969,0.044183003,0.924140077,0.022179779,1.0214876
2382,OK,,182.105263,13.0204737,124,123.6,124,48.4999205,2.86984434,0.202086639,0.001252774,0.036836189,0.936661113,0.034009325,0.996774194
2383,OK,,182.105263,13.0204737,127,123.6,127,49.6733057,2.31741435,0.264055838,0.001628207,0.029654918,0.948031037,0.054905116,0.973228346
2384,OK,,182.105263,13.0204737,130,123.6,130,50.8466908,1.78072117,0.354081159,0.002171021,0.022707969,0.958014921,0.095606144,0.950769231
2385,OK,,182.105263,13.0204737,133,123.6,133,52.020076,1.26292155,0.492285507,0.003000386,0.016041013,0.966259045,0.187044668,0.929323308
2386,OK,,182.105263,13.0204737,136,123.6,136,53.1934612,0.790930423,0.71284351,0.004316709,0.009996232,0.971730098,0.431833569,0.908823529
2387,OK,,182.105263,13.0204737,139,123.6,139,54.3668464,0.393172159,1.08809145,0.006542371,0.004936936,0.972754285,1.32518869,0.889208633
2388,OK,,182.105263,13.0204737,142,123.6,142,55.5402315,0.129995143,1.74513455,0.010407788,0.001617426,0.966238353,6.43478454,0.870422535
2389,OK,,182.105263,13.0204737,145,123.6,145,56.7136167,0.035969346,2.74761768,0.016233654,0.000442028,0.950918541,36.7254066,0.852413793
2390,OK,,182.105263,13.0204737,148,123.6,148,57.8870019,0.014760298,3.88808731,0.02274508,0.000178922,0.93257817,127.122914,0.835135135
2391,OK,,182.105263,13.0204737,151,123.6,151,59.0603871,0.007233792,5.06426406,0.029327597,8.65E-05,0.914130298,339.131916,0.818543046
2392,OK,,182.105263,13.0204737,154,123.6,154,60.2337722,0.003948077,6.25719783,0.035867013,4.65E-05,0.896052569,770.534041,0.802597403
2393,OK,,182.105263,13.0204737,157,123.6,157,61.4071574,0.002295044,7.45628021,0.04230144,2.67E-05,0.878538992,1585.05523,0.787261146
2394,OK,,182.105263,13.0204737,160,123.6,160,62.5805426,0.001491798,8.64543881,0.048541319,1.71E-05,0.861827171,2836.92109,0.7725
2395,OK,,182.105263,13.5095211,121,123.6,121,47.3265353,3.5317279,0.153445182,0.000953135,0.045304937,0.922133048,0.021038208,1.0214876
2396,OK,,182.105263,13.5095211,124,123.6,124,48.4999205,2.97052874,0.196291112,0.001213154,0.03800237,0.934704638,0.03192312,0.996774194
2397,OK,,182.105263,13.5095211,127,123.6,127,49.6733057,2.41293052,0.255661789,0.001571756,0.030778636,0.946277135,0.051066462,0.973228346
2398,OK,,182.105263,13.5095211,130,123.6,130,50.8466908,1.87599496,0.340546644,0.00208193,0.023847341,0.956407358,0.087302389,0.950769231
2399,OK,,182.105263,13.5095211,133,123.6,133,52.020076,1.35773422,0.468761412,0.002848844,0.017191555,0.96488864,0.165711851,0.929323308
2400,OK,,182.105263,13.5095211,136,123.6,136,53.1934612,0.873783234,0.673173586,0.004065253,0.011011755,0.97091829,0.369173909,0.908823529
2401,OK,,182.105263,13.5095211,139,123.6,139,54.3668464,0.456833671,1.01759375,0.006102548,0.005722135,0.972880027,1.06648089,0.889208633
2402,OK,,182.105263,13.5095211,142,123.6,142,55.5402315,0.166395644,1.61139891,0.009587466,0.002066376,0.967990869,4.63974911,0.870422535
2403,OK,,182.105263,13.5095211,145,123.6,145,56.7136167,0.045795289,2.5451275,0.015005513,0.000562016,0.954315684,26.6994467,0.852413793
2404,OK,,182.105263,13.5095211,148,123.6,148,57.8870019,0.01757014,3.67959976,0.021481525,0.000212727,0.93613126,100.981859,0.835135135
2405,OK,,182.105263,13.5095211,151,123.6,151,59.0603871,0.008551412,4.84711965,0.028010524,1.02E-04,0.917784639,274.332355,0.818543046
2406,OK,,182.105263,13.5095211,154,123.6,154,60.2337722,0.00453719,6.05314283,0.034625677,5.34E-05,0.899430506,648.043968,0.802597403
2407,OK,,182.105263,13.5095211,157,123.6,157,61.4071574,0.002664038,7.24568721,0.041026349,3.09E-05,0.881962436,1325.81831,0.787261146
2408,OK,,182.105263,13.5095211,160,123.6,160,62.5805426,0.001646003,8.43465718,0.047271155,1.89E-05,0.865192872,2506.44317,0.7725
2409,OK,,182.105263,13.9985684,121,123.6,121,47.3265353,3.62627676,0.149969501,0.000928703,0.046368496,0.92020869,0.020028744,1.0214876
2410,OK,,182.105263,13.9985684,124,123.6,124,48.4999205,3.06712037,0.1910571,0.001177243,0.039111571,0.932820973,0.030099609,0.996774194
2411,OK,,182.105263,13.9985684,127,123.6,127,49.6733057,2.51587944,0.247117722,0.001514689,0.031985553,0.94437662,0.047355409,0.973228346
2412,OK,,182.105263,13.9985684,130,123.6,130,50.8466908,1.97309136,0.327753931,0.001997862,0.025001855,0.95474936,0.079908554,0.950769231
2413,OK,,182.105263,13.9985684,133,123.6,133,52.020076,1.45409545,0.447065354,0.002709216,0.018353996,0.963453325,0.147609041,0.929323308
2414,OK,,182.105263,13.9985684,136,123.6,136,53.1934612,0.95955465,0.636746329,0.003834645,0.012057527,0.969990654,0.31802913,0.908823529
2415,OK,,182.105263,13.9985684,139,123.6,139,54.3668464,0.533639043,0.94540568,0.005654785,0.00666622,0.972795098,0.848274537,0.889208633
2416,OK,,182.105263,13.9985684,142,123.6,142,55.5402315,0.208795077,1.49144487,0.008850939,0.002586624,0.969387237,3.42181174,0.870422535
2417,OK,,182.105263,13.9985684,145,123.6,145,56.7136167,0.057866786,2.36767649,0.013928882,0.000709154,0.95723173,19.6415496,0.852413793
2418,OK,,182.105263,13.9985684,148,123.6,148,57.8870019,0.021256251,3.48055298,0.020271965,0.000256959,0.939506122,78.8917716,0.835135135
2419,OK,,182.105263,13.9985684,151,123.6,151,59.0603871,0.010061358,4.63067955,0.02670737,0.000119998,0.921423798,222.56501,0.818543046
2420,OK,,182.105263,13.9985684,154,123.6,154,60.2337722,0.005208681,5.83826897,0.033332651,6.13E-05,0.902986689,544.011701,0.802597403
2421,OK,,182.105263,13.9985684,157,123.6,157,61.4071574,0.002999877,7.03938581,0.039782509,3.48E-05,0.885316533,1142.93028,0.787261146
2422,OK,,182.105263,13.9985684,160,123.6,160,62.5805426,0.00185506,8.23880344,0.046086944,2.12E-05,0.868319159,2170.53887,0.7725
2423,OK,,182.105263,14.4876158,121,123.6,121,47.3265353,3.73032524,0.146273436,0.00090303,0.047538036,0.918088264,0.018995939,1.0214876
2424,OK,,182.105263,14.4876158,124,123.6,124,48.4999205,3.17453641,0.185484595,0.001139429,0.040343287,0.930721103,0.028243345,0.996774194
2425,OK,,182.105263,14.4876158,127,123.6,127,49.6733057,2.61647243,0.239320384,0.001462524,0.033155834,0.942508501,0.044110595,0.973228346
2426,OK,,182.105263,14.4876158,130,123.6,130,50.8466908,2.07428625,0.315361689,0.001916688,0.026198783,0.953002882,0.073159425,0.950769231
2427,OK,,182.105263,14.4876158,133,123.6,133,52.020076,1.54374638,0.428754879,0.002590843,0.019426844,0.962081923,0.133364089,0.929323308
2428,Errors,,182.105263,14.4876158,136,123.6,136,53.1934612,1.01336013,0.614830671,0.003690442,0.01271367,0.969391148,0.290273533,0.908823529
2429,OK,,182.105263,14.4876158,139,123.6,139,54.3668464,0.60468906,0.888782471,0.005302036,0.007534118,0.972529738,0.703736775,0.889208633
2430,OK,,182.105263,14.4876158,142,123.6,142,55.5402315,0.253020407,1.39190091,0.008241265,0.003129274,0.970383247,2.63360311,0.870422535
2431,OK,,182.105263,14.4876158,145,123.6,145,56.7136167,0.075874176,2.19200233,0.012864262,0.000928293,0.960011781,13.8579717,0.852413793
2432,OK,,182.105263,14.4876158,148,123.6,148,57.8870019,0.025357851,3.27034139,0.019010475,0.00030623,0.943066679,62.079044,0.835135135
2433,OK,,182.105263,14.4876158,151,123.6,151,59.0603871,0.011512361,4.44449421,0.025581151,0.000137143,0.924551687,186.529483,0.818543046
2434,OK,,182.105263,14.4876158,154,123.6,154,60.2337722,0.006002088,5.62182865,0.032035514,7.05E-05,0.906566856,454.224507,0.802597403
2435,OK,,182.105263,14.4876158,157,123.6,157,61.4071574,0.003428474,6.81199804,0.038427182,3.97E-05,0.889012506,966.976944,0.787261146
2436,OK,,182.105263,14.4876158,160,123.6,160,62.5805426,0.002098934,8.01142771,0.044734903,2.40E-05,0.871948591,1863.95196,0.7725
2437,OK,,182.105263,14.9766632,121,123.6,121,47.3265353,3.84163745,0.142480809,0.000876898,0.048785644,0.915816397,0.017974506,1.0214876
2438,OK,,182.105263,14.9766632,124,123.6,124,48.4999205,3.2721604,0.180749055,0.001106995,0.041449727,0.928805874,0.026706932,0.996774194
2439,OK,,182.105263,14.9766632,127,123.6,127,49.6733057,2.71148865,0.232437809,0.001416254,0.034251366,0.940734235,0.041348835,0.973228346
2440,OK,,182.105263,14.9766632,130,123.6,130,50.8466908,2.15234908,0.306681217,0.00185856,0.027107608,0.951638342,0.068562317,0.950769231
2441,OK,,182.105263,14.9766632,133,123.6,133,52.020076,1.64080984,0.410455815,0.002473165,0.020583565,0.960567807,0.120152401,0.929323308
2442,OK,,182.105263,14.9766632,136,123.6,136,53.1934612,1.13687472,0.573166173,0.003432612,0.014201398,0.967852423,0.241709422,0.908823529
2443,OK,,182.105263,14.9766632,139,123.6,139,54.3668464,0.683029331,0.83447893,0.004964842,0.008487025,0.972087617,0.584992107,0.889208633
2444,OK,,182.105263,14.9766632,142,123.6,142,55.5402315,0.316783738,1.2822727,0.007571767,0.003907991,0.971209043,1.93750888,0.870422535
2445,OK,,182.105263,14.9766632,145,123.6,145,56.7136167,0.097830493,2.0306647,0.011890844,0.001195005,0.962469415,9.95045191,0.852413793
2446,OK,,182.105263,14.9766632,148,123.6,148,57.8870019,0.029886085,3.08213387,0.017879027,0.000360464,0.946239745,49.6000309,0.835135135
2447,OK,,182.105263,14.9766632,151,123.6,151,59.0603871,0.013524223,4.23364721,0.024319372,0.000160924,0.928087647,151.123434,0.818543046
2448,OK,,182.105263,14.9766632,154,123.6,154,60.2337722,0.006859357,5.4214701,0.030833228,8.05E-05,0.909878972,382.967409,0.802597403
2449,OK,,182.105263,14.9766632,157,123.6,157,61.4071574,0.003924858,6.58811071,0.037095948,4.54E-05,0.892650371,816.264542,0.787261146
2450,OK,,182.105263,14.9766632,160,123.6,160,62.5805426,0.002235208,7.80617274,0.043507907,2.55E-05,0.875226266,1704.08045,0.7725
2451,OK,,182.105263,15.4657105,121,123.6,121,47.3265353,3.94233167,0.139261536,0.000854467,0.049899254,0.913756771,0.017123835,1.0214876
2452,OK,,182.105263,15.4657105,124,123.6,124,48.4999205,3.37594411,0.175935593,0.001074256,0.042621969,0.926765247,0.025204283,0.996774194
2453,OK,,182.105263,15.4657105,127,123.6,127,49.6733057,2.81659566,0.225187036,0.00136798,0.035460611,0.938764239,0.038577445,0.973228346
2454,OK,,182.105263,15.4657105,130,123.6,130,50.8466908,2.26761969,0.294208813,0.001777702,0.028460021,0.949616613,0.06246314,0.950769231
2455,OK,,182.105263,15.4657105,133,123.6,133,52.020076,1.73694266,0.393893243,0.002366573,0.021721621,0.959038201,0.108950129,0.929323308
2456,OK,,182.105263,15.4657105,136,123.6,136,53.1934612,1.22734173,0.545554123,0.003258147,0.015285754,0.966670793,0.213149226,0.908823529
2457,OK,,182.105263,15.4657105,139,123.6,139,54.3668464,0.761895373,0.790930966,0.004692086,0.009439792,0.971437991,0.497054005,0.889208633
2458,OK,,182.105263,15.4657105,142,123.6,142,55.5402315,0.376298986,1.19503534,0.007038945,0.004631345,0.971708178,1.51984911,0.870422535
2459,OK,,182.105263,15.4657105,145,123.6,145,56.7136167,0.124894045,1.88442435,0.011009467,0.001522993,0.964570794,7.22883383,0.852413793
2460,OK,,182.105263,15.4657105,148,123.6,148,57.8870019,0.037766097,2.87803414,0.016660829,0.00045492,0.949629448,36.6236103,0.835135135
2461,OK,,182.105263,15.4657105,151,123.6,151,59.0603871,0.016336049,3.9937764,0.022897775,0.000194162,0.932101487,117.931449,0.818543046
2462,OK,,182.105263,15.4657105,154,123.6,154,60.2337722,0.007922281,5.20988845,0.029572661,9.29E-05,0.913374,318.381924,0.802597403
2463,OK,,182.105263,15.4657105,157,123.6,157,61.4071574,0.004535136,6.394472,0.035935483,5.25E-05,0.89579379,685.084959,0.787261146
2464,OK,,182.105263,15.4657105,160,123.6,160,62.5805426,0.002634808,7.59997701,0.042278985,3.01E-05,0.878514767,1406.38701,0.7725
2465,OK,,182.105263,15.9547579,121,123.6,121,47.3265353,4.04989423,0.135947251,0.000831573,0.051086306,0.911554027,0.016277808,1.0214876
2466,OK,,182.105263,15.9547579,124,123.6,124,48.4999205,3.47950112,0.171380051,0.001043284,0.04378396,0.924723976,0.023827988,0.996774194
2467,OK,,182.105263,15.9547579,127,123.6,127,49.6733057,2.91825794,0.218610465,0.001324084,0.036620951,0.936850017,0.036156464,0.973228346
2468,OK,,182.105263,15.9547579,130,123.6,130,50.8466908,2.35744946,0.285414524,0.001719567,0.029497962,0.948022891,0.058294438,0.950769231
2469,OK,,182.105263,15.9547579,133,123.6,133,52.020076,1.82416418,0.380081242,0.002277096,0.022745053,0.957627024,0.100113902,0.929323308
2470,OK,,182.105263,15.9547579,136,123.6,136,53.1934612,1.31894913,0.523118875,0.003114791,0.016375463,0.965370405,0.190210886,0.908823529
2471,OK,,182.105263,15.9547579,139,123.6,139,54.3668464,0.847288019,0.7452907,0.00440946,0.010468023,0.970706803,0.421231383,0.889208633
2472,OK,,182.105263,15.9547579,142,123.6,142,55.5402315,0.43743796,1.11992599,0.006579826,0.00537107,0.971959714,1.22504926,0.870422535
2473,OK,,182.105263,15.9547579,145,123.6,145,56.7136167,0.163599654,1.72862579,0.010076493,0.001991248,0.96663543,5.06039081,0.852413793
2474,OK,,182.105263,15.9547579,148,123.6,148,57.8870019,0.047260913,2.6814936,0.01549091,0.000568543,0.95286067,27.2467029,0.835135135
2475,OK,,182.105263,15.9547579,151,123.6,151,59.0603871,0.018358743,3.82744003,0.021898041,0.000217939,0.934883617,100.477683,0.818543046
2476,OK,,182.105263,15.9547579,154,123.6,154,60.2337722,0.009287279,4.97952471,0.028212251,0.000108771,0.917175833,259.371781,0.802597403
2477,OK,,182.105263,15.9547579,157,123.6,157,61.4071574,0.005037845,6.18000988,0.034665031,5.82E-05,0.899278065,595.552722,0.787261146
2478,OK,,182.105263,15.9547579,160,123.6,160,62.5805426,0.00298071,7.38068562,0.040985424,3.40E-05,0.882013386,1206.28895,0.7725
2479,OK,,182.105263,16.4438053,121,123.6,121,47.3265353,4.14975587,0.133014327,0.000811157,0.052174953,0.909505943,0.015546875,1.0214876
2480,OK,,182.105263,16.4438053,124,123.6,124,48.4999205,3.58128893,0.167138744,0.001014402,0.044916991,0.922712705,0.022583916,0.996774194
2481,OK,,182.105263,16.4438053,127,123.6,127,49.6733057,3.0213309,0.212314028,0.001282125,0.037790048,0.934901757,0.03392758,0.973228346
2482,OK,,182.105263,16.4438053,130,123.6,130,50.8466908,2.46698188,0.275136578,0.001652769,0.030764594,0.946070857,0.053723098,0.950769231
2483,OK,,182.105263,16.4438053,133,123.6,133,52.020076,1.9310176,0.364147252,0.002175349,0.023998175,0.955879248,0.09064642,0.929323308
2484,OK,,182.105263,16.4438053,136,123.6,136,53.1934612,1.41137178,0.499808262,0.002967685,0.017470223,0.964071147,0.169871038,0.908823529
2485,OK,,182.105263,16.4438053,139,123.6,139,54.3668464,0.926323987,0.708066308,0.004177937,0.011413123,0.96993774,0.3660643,0.889208633
2486,OK,,182.105263,16.4438053,142,123.6,142,55.5402315,0.501839356,1.05240817,0.006167326,0.00614681,0.972015826,1.00333762,0.870422535
2487,OK,,182.105263,16.4438053,145,123.6,145,56.7136167,0.203030019,1.60800527,0.0093514,0.002466403,0.968067011,3.79151279,0.852413793
2488,OK,,182.105263,16.4438053,148,123.6,148,57.8870019,0.059360629,2.49964626,0.014409826,0.000713111,0.955793066,20.2069973,0.835135135
2489,OK,,182.105263,16.4438053,151,123.6,151,59.0603871,0.022109499,3.62118209,0.020676545,0.000262152,0.938312433,78.8724085,0.818543046
2490,OK,,182.105263,16.4438053,154,123.6,154,60.2337722,0.010564316,4.80073788,0.02714383,0.000123583,0.920122848,219.641216,0.802597403
2491,OK,,182.105263,16.4438053,157,123.6,157,61.4071574,0.005708888,5.98057772,0.033478038,6.59E-05,0.902514839,508.233361,0.787261146
2492,OK,,182.105263,16.4438053,160,123.6,160,62.5805426,0.003179209,7.16793469,0.039730624,3.62E-05,0.885409848,1097.49234,0.7725
2493,OK,,182.105263,16.9328526,121,123.6,121,47.3265353,4.25119922,0.130155634,0.00079131,0.053274689,0.907422869,0.014853399,1.0214876
2494,OK,,182.105263,16.9328526,124,123.6,124,48.4999205,3.68303525,0.163104121,0.000986939,0.046041944,0.920698027,0.021435656,0.996774194
2495,OK,,182.105263,16.9328526,127,123.6,127,49.6733057,3.12069817,0.206602575,0.001243942,0.038907679,0.933016321,0.031971631,0.973228346
2496,OK,,182.105263,16.9328526,130,123.6,130,50.8466908,2.56573318,0.266573405,0.001596662,0.031894539,0.94429713,0.050060677,0.950769231
2497,OK,,182.105263,16.9328526,133,123.6,133,52.020076,2.02659627,0.353143195,0.002103169,0.025105215,0.954253441,0.083774193,0.929323308
2498,OK,,182.105263,16.9328526,136,123.6,136,53.1934612,1.50392232,0.478506189,0.002833264,0.018559859,0.962731726,0.152655453,0.908823529
2499,OK,,182.105263,16.9328526,139,123.6,139,54.3668464,1.01551702,0.670303317,0.003944405,0.012475688,0.968991758,0.316167307,0.889208633
2500,OK,,182.105263,16.9328526,142,123.6,142,55.5402315,0.581648126,0.980483811,0.005731069,0.007105223,0.971873867,0.806599437,0.870422535
2501,OK,,182.105263,16.9328526,145,123.6,145,56.7136167,0.252694279,1.48763302,0.008631047,0.003063254,0.969313766,2.8176072,0.852413793
2502,OK,,182.105263,16.9328526,148,123.6,148,57.8870019,0.07505414,2.32916169,0.013398165,0.000900325,0.958467087,14.8814786,0.835135135
2503,OK,,182.105263,16.9328526,151,123.6,151,59.0603871,0.025289706,3.42490693,0.019516195,0.0002995,0.941581882,65.1626018,0.818543046
2504,OK,,182.105263,16.9328526,154,123.6,154,60.2337722,0.012340749,4.58682243,0.025884179,0.000144201,0.923644776,179.500773,0.802597403
2505,OK,,182.105263,16.9328526,157,123.6,157,61.4071574,0.00635713,5.76690298,0.032224549,7.33E-05,0.905983922,439.688348,0.787261146
2506,OK,,182.105263,16.9328526,160,123.6,160,62.5805426,0.003815393,6.94818861,0.038442268,4.34E-05,0.888911094,885.764632,0.7725
2507,OK,,182.105263,17.4219,121,123.6,121,47.3265353,4.36035092,0.127180065,0.00077086,0.054457105,0.905179389,0.014155366,1.0214876
2508,OK,,182.105263,17.4219,124,123.6,124,48.4999205,3.78579952,0.159211268,0.000960498,0.047172189,0.918659438,0.020361521,0.996774194
2509,OK,,182.105263,17.4219,127,123.6,127,49.6733057,3.22226835,0.201049366,0.001206932,0.040044672,0.931083352,0.030139628,0.973228346
2510,OK,,182.105263,17.4219,130,123.6,130,50.8466908,2.66975493,0.258048923,0.001541098,0.033080184,0.942418989,0.046586737,0.950769231
2511,OK,,182.105263,17.4219,133,123.6,133,52.020076,2.1236302,0.340747986,0.002023563,0.026225972,0.952626402,0.077158741,0.929323308
2512,OK,,182.105263,17.4219,136,123.6,136,53.1934612,1.59931667,0.458339503,0.002706282,0.019677311,0.961317498,0.137533137,0.908823529
2513,OK,,182.105263,17.4219,139,123.6,139,54.3668464,1.10281708,0.637291974,0.003740003,0.013509498,0.967993195,0.276842493,0.889208633
2514,OK,,182.105263,17.4219,142,123.6,142,55.5402315,0.656510965,0.922807299,0.005380002,0.00799893,0.971564428,0.672590227,0.870422535
2515,OK,,182.105263,17.4219,145,123.6,145,56.7136167,0.3037613,1.38816015,0.008034511,0.00367453,0.97016728,2.18654148,0.852413793
2516,OK,,182.105263,17.4219,148,123.6,148,57.8870019,0.097143757,2.15610549,0.012376107,0.00116351,0.96107504,10.6368696,0.835135135
2517,OK,,182.105263,17.4219,151,123.6,151,59.0603871,0.031976378,3.19913484,0.018194169,0.000378233,0.945291398,48.103036,0.818543046
2518,OK,,182.105263,17.4219,154,123.6,154,60.2337722,0.01455085,4.37027362,0.02461476,0.000169837,0.927203223,144.93202,0.802597403
2519,OK,,182.105263,17.4219,157,123.6,157,61.4071574,0.007501976,5.55604178,0.030987563,8.64E-05,0.909399099,358.672504,0.787261146
2520,OK,,182.105263,17.4219,160,123.6,160,62.5805426,0.004259474,6.73966927,0.037217719,4.84E-05,0.892236014,769.031659,0.7725
2521,OK,,187.368421,8.13,121,123.6,121,47.3265353,2.42529845,0.226239684,0.001454054,0.032289064,0.943973542,0.045032396,1.0214876
2522,OK,,187.368421,8.13,124,123.6,124,48.4999205,1.88067454,0.299893962,0.001916693,0.024955579,0.955039751,0.07680417,0.996774194
2523,OK,,187.368421,8.13,127,123.6,127,49.6733057,1.35254292,0.412766918,0.002622461,0.017879719,0.964461599,0.146672356,0.973228346
2524,OK,,187.368421,8.13,130,123.6,130,50.8466908,0.862930953,0.597040681,0.003769,0.011354011,0.971286792,0.331953144,0.950769231
2525,OK,,187.368421,8.13,133,123.6,133,52.020076,0.440325345,0.919764277,0.005765413,0.005758032,0.973854525,1.00128187,0.929323308
2526,OK,,187.368421,8.13,136,123.6,136,53.1934612,0.149921412,1.52113135,0.009457537,0.00194313,0.968585373,4.86716732,0.908823529
2527,OK,,187.368421,8.13,139,123.6,139,54.3668464,0.037904684,2.55058097,0.015700916,0.000484866,0.952388527,32.3819635,0.889208633
2528,OK,,187.368421,8.13,142,123.6,142,55.5402315,0.016023028,3.62432075,0.02209389,0.000202204,0.934455733,109.265323,0.870422535
2529,OK,,187.368421,8.13,145,123.6,145,56.7136167,0.007442774,4.80727382,0.029001461,9.26E-05,0.915104751,313.215014,0.852413793
2530,OK,,187.368421,8.13,148,123.6,148,57.8870019,0.003961506,5.98730488,0.035741357,4.86E-05,0.896500662,735.706967,0.835135135
2531,OK,,187.368421,8.13,151,123.6,151,59.0603871,0.002300131,7.17935327,0.04240155,2.78E-05,0.878401518,1524.93249,0.818543046
2532,OK,,187.368421,8.13,154,123.6,154,60.2337722,0.001416185,8.38935603,0.049011468,1.69E-05,0.860696551,2904.50189,0.802597403
2533,OK,,187.368421,8.13,157,123.6,157,61.4071574,0.00089673,9.65045452,0.055738037,1.05E-05,0.84283019,5296.15793,0.787261146
2534,OK,,187.368421,8.13,160,123.6,160,62.5805426,0.000628575,10.7909763,0.061694067,7.28E-06,0.827556547,8470.81353,0.7725
2535,OK,,187.368421,8.61904737,121,123.6,121,47.3265353,2.53037276,0.218666214,0.00140098,0.033570094,0.941913369,0.041732967,1.0214876
2536,OK,,187.368421,8.61904737,124,123.6,124,48.4999205,1.97909102,0.288630167,0.001839056,0.026173606,0.953242785,0.070263759,0.996774194
2537,OK,,187.368421,8.61904737,127,123.6,127,49.6733057,1.44838656,0.393805686,0.002494505,0.019084178,0.962913838,0.13071065,0.973228346
2538,OK,,187.368421,8.61904737,130,123.6,130,50.8466908,0.949883415,0.563660741,0.003547982,0.012459834,0.970233183,0.284753535,0.950769231
2539,OK,,187.368421,8.61904737,133,123.6,133,52.020076,0.505091031,0.861104786,0.005382818,0.006587593,0.973737143,0.817114504,0.929323308
2540,OK,,187.368421,8.61904737,136,123.6,136,53.1934612,0.190792275,1.39495776,0.008651471,0.002467727,0.970189004,3.5058467,0.908823529
2541,OK,,187.368421,8.61904737,139,123.6,139,54.3668464,0.053470416,2.28571793,0.014045845,0.000683419,0.956973992,20.5523306,0.889208633
2542,OK,,187.368421,8.61904737,142,123.6,142,55.5402315,0.019002249,3.43549297,0.020893143,0.000239387,0.93780193,87.2778459,0.870422535
2543,OK,,187.368421,8.61904737,145,123.6,145,56.7136167,0.008788529,4.58737693,0.027618616,0.000109206,0.918958343,252.902696,0.852413793
2544,OK,,187.368421,8.61904737,148,123.6,148,57.8870019,0.004572069,5.77333997,0.034395301,5.60E-05,0.900186366,614.149799,0.835135135
2545,OK,,187.368421,8.61904737,151,123.6,151,59.0603871,0.002549172,7.01000098,0.041305182,3.08E-05,0.881264744,1342.67716,0.818543046
2546,OK,,187.368421,8.61904737,154,123.6,154,60.2337722,0.001868707,8.18066003,0.047705441,2.22E-05,0.864153806,2144.36052,0.802597403
2547,OK,,187.368421,8.61904737,157,123.6,157,61.4071574,0.001040364,9.36478668,0.054028739,1.22E-05,0.84747988,4423.97986,0.787261146
2548,OK,,187.368421,8.61904737,160,123.6,160,62.5805426,0.000695257,10.5949314,0.060461434,8.05E-06,0.830688163,7513.11528,0.7725
2549,OK,,187.368421,9.10809474,121,123.6,121,47.3265353,2.62773076,0.212132215,0.001354891,0.03474482,0.939994277,0.038995491,1.0214876
2550,OK,,187.368421,9.10809474,124,123.6,124,48.4999205,2.07528897,0.278443154,0.001768726,0.027355135,0.951469361,0.064657909,0.996774194
2551,OK,,187.368421,9.10809474,127,123.6,127,49.6733057,1.53912433,0.377515376,0.002384176,0.020215401,0.961415097,0.117938607,0.973228346
2552,OK,,187.368421,9.10809474,130,123.6,130,50.8466908,1.03779357,0.533784688,0.003350171,0.013571038,0.969091828,0.246861805,0.950769231
2553,OK,,187.368421,9.10809474,133,123.6,133,52.020076,0.586601808,0.798326034,0.004976665,0.007628686,0.973377051,0.65236205,0.929323308
2554,OK,,187.368421,9.10809474,136,123.6,136,53.1934612,0.239356798,1.28029464,0.007920232,0.003088974,0.971431612,2.564033,0.908823529
2555,OK,,187.368421,9.10809474,139,123.6,139,54.3668464,0.067041009,2.11983972,0.012996522,0.000855561,0.959775472,15.1906353,0.889208633
2556,OK,,187.368421,9.10809474,142,123.6,142,55.5402315,0.023142601,3.21486115,0.019514868,0.000291333,0.941699851,66.9847459,0.870422535
2557,OK,,187.368421,9.10809474,145,123.6,145,56.7136167,0.010326973,4.37417441,0.026280841,0.00012817,0.922690499,205.046678,0.852413793
2558,OK,,187.368421,9.10809474,148,123.6,148,57.8870019,0.005273164,5.56329183,0.03307702,6.45E-05,0.903802843,512.678988,0.835135135
2559,OK,,187.368421,9.10809474,151,123.6,151,59.0603871,0.003095004,6.69094014,0.039371036,3.73E-05,0.886657784,1054.5069,0.818543046
2560,OK,,187.368421,9.10809474,154,123.6,154,60.2337722,0.001798438,7.96344888,0.046351215,2.14E-05,0.867761108,2167.19912,0.802597403
2561,OK,,187.368421,9.10809474,157,123.6,157,61.4071574,0.00115647,9.16400317,0.05277007,1.36E-05,0.850747697,3891.3195,0.787261146
2562,OK,,187.368421,9.10809474,160,123.6,160,62.5805426,0.000786117,10.3453055,0.058938457,9.09E-06,0.834675585,6483.44562,0.7725
2563,OK,,187.368421,9.59714211,121,123.6,121,47.3265353,2.72657459,0.205877381,0.001310859,0.035930591,0.93803789,0.036483102,1.0214876
2564,OK,,187.368421,9.59714211,124,123.6,124,48.4999205,2.17720278,0.268370819,0.001699524,0.028601213,0.949575719,0.059421399,0.996774194
2565,OK,,187.368421,9.59714211,127,123.6,127,49.6733057,1.63982442,0.36191226,0.002278774,0.021466184,0.959701964,0.106156452,0.973228346
2566,OK,,187.368421,9.59714211,130,123.6,130,50.8466908,1.1261341,0.506993589,0.003172782,0.014680989,0.967881338,0.216114979,0.950769231
2567,OK,,187.368421,9.59714211,133,123.6,133,52.020076,0.664669297,0.747499918,0.004646861,0.008619439,0.97285338,0.539114161,0.929323308
2568,OK,,187.368421,9.59714211,136,123.6,136,53.1934612,0.292262698,1.1822251,0.007294714,0.003763039,0.972280657,1.93851645,0.908823529
2569,OK,,187.368421,9.59714211,139,123.6,139,54.3668464,0.086526354,1.95054812,0.011931142,0.001102449,0.962530943,10.8223947,0.889208633
2570,OK,,187.368421,9.59714211,142,123.6,142,55.5402315,0.02777045,3.01415803,0.018257307,0.000349141,0.94523018,52.2920047,0.870422535
2571,OK,,187.368421,9.59714211,145,123.6,145,56.7136167,0.011537607,4.23842437,0.025390469,0.000142793,0.925062759,177.813362,0.852413793
2572,OK,,187.368421,9.59714211,148,123.6,148,57.8870019,0.006074377,5.35838597,0.031794326,7.42E-05,0.907328758,428.28838,0.835135135
2573,OK,,187.368421,9.59714211,151,123.6,151,59.0603871,0.003394868,6.54405273,0.038423916,4.09E-05,0.889139778,939.358351,0.818543046
2574,OK,,187.368421,9.59714211,154,123.6,154,60.2337722,0.001906115,7.8675434,0.045689019,2.26E-05,0.869351541,2018.16906,0.802597403
2575,OK,,187.368421,9.59714211,157,123.6,157,61.4071574,0.001301418,8.94068933,0.051390601,1.52E-05,0.854381946,3370.9751,0.787261146
2576,OK,,187.368421,9.59714211,160,123.6,160,62.5805426,0.000859668,10.166735,0.057810114,9.93E-06,0.83752786,5821.46207,0.7725
2577,OK,,187.368421,10.0861895,121,123.6,121,47.3265353,2.82838107,0.199796262,0.001268184,0.037145114,0.936015233,0.034141351,1.0214876
2578,OK,,187.368421,10.0861895,124,123.6,124,48.4999205,2.27453636,0.259449504,0.001638016,0.029781206,0.947752783,0.055001684,0.996774194
2579,OK,,187.368421,10.0861895,127,123.6,127,49.6733057,1.73804579,0.347079142,0.002178813,0.022676417,0.95802323,0.096082772,0.973228346
2580,OK,,187.368421,10.0861895,130,123.6,130,50.8466908,1.22476266,0.480122098,0.002995835,0.015914823,0.966470094,0.188241809,0.950769231
2581,OK,,187.368421,10.0861895,133,123.6,133,52.020076,0.740849206,0.704615725,0.004368024,0.009580368,0.972213325,0.455934895,0.929323308
2582,OK,,187.368421,10.0861895,136,123.6,136,53.1934612,0.352996434,1.09170106,0.006718594,0.004533874,0.972840694,1.48186611,0.908823529
2583,OK,,187.368421,10.0861895,139,123.6,139,54.3668464,0.111373102,1.79440246,0.010950347,0.001416584,0.964945998,7.73010979,0.889208633
2584,OK,,187.368421,10.0861895,142,123.6,142,55.5402315,0.034533874,2.81402633,0.017008391,0.000433598,0.948711769,39.2262021,0.870422535
2585,OK,,187.368421,10.0861895,145,123.6,145,56.7136167,0.014587925,3.94732531,0.02361874,0.00018062,0.930141764,130.764465,0.852413793
2586,OK,,187.368421,10.0861895,148,123.6,148,57.8870019,0.007079318,5.14095256,0.030443274,8.64E-05,0.911067568,352.277859,0.835135135
2587,OK,,187.368421,10.0861895,151,123.6,151,59.0603871,0.003859243,6.34081604,0.037156727,4.64E-05,0.892573083,799.972165,0.818543046
2588,OK,,187.368421,10.0861895,154,123.6,154,60.2337722,0.002308688,7.52408698,0.043629377,2.74E-05,0.875046915,1592.45648,0.802597403
2589,OK,,187.368421,10.0861895,157,123.6,157,61.4071574,0.001446305,8.74408443,0.050164852,1.69E-05,0.857581248,2964.08218,0.787261146
2590,OK,,187.368421,10.0861895,160,123.6,160,62.5805426,0.000961242,9.94327372,0.056439544,1.11E-05,0.841097016,5087.92091,0.7725
2591,OK,,187.368421,10.5752368,121,123.6,121,47.3265353,2.92864701,0.194157323,0.001228569,0.038332086,0.934015784,0.032050675,1.0214876
2592,OK,,187.368421,10.5752368,124,123.6,124,48.4999205,2.37525555,0.250805515,0.001578605,0.030995548,0.945854322,0.050930048,0.996774194
2593,OK,,187.368421,10.5752368,127,123.6,127,49.6733057,1.83411459,0.333765147,0.002088982,0.023853026,0.956357248,0.087577243,0.973228346
2594,OK,,187.368421,10.5752368,130,123.6,130,50.8466908,1.31406964,0.458386002,0.002851873,0.017022586,0.96514118,0.167534671,0.950769231
2595,OK,,187.368421,10.5752368,133,123.6,133,52.020076,0.830588562,0.660372782,0.004082228,0.010708166,0.971338732,0.381225685,0.929323308
2596,OK,,187.368421,10.5752368,136,123.6,136,53.1934612,0.41696995,1.01381507,0.006222778,0.005342044,0.973102239,1.16486817,0.908823529
2597,OK,,187.368421,10.5752368,139,123.6,139,54.3668464,0.144892661,1.64125896,0.009992149,0.001839471,0.967146308,5.43207778,0.889208633
2598,OK,,187.368421,10.5752368,142,123.6,142,55.5402315,0.042011554,2.61891726,0.015794791,0.000526774,0.952090066,29.9840138,0.870422535
2599,OK,,187.368421,10.5752368,145,123.6,145,56.7136167,0.017107809,3.75762718,0.022435841,0.000211557,0.933442175,106.050822,0.852413793
2600,OK,,187.368421,10.5752368,148,123.6,148,57.8870019,0.00793644,4.98008306,0.029416654,9.67E-05,0.913831787,304.253413,0.835135135
2601,OK,,187.368421,10.5752368,151,123.6,151,59.0603871,0.004543053,6.11588836,0.035769697,5.46E-05,0.896369941,654.914324,0.818543046
2602,OK,,187.368421,10.5752368,154,123.6,154,60.2337722,0.002598441,7.3241361,0.042387239,3.08E-05,0.878361685,1376.10701,0.802597403
2603,OK,,187.368421,10.5752368,157,123.6,157,61.4071574,0.001630911,8.52070353,0.048794063,1.91E-05,0.861215943,2559.37752,0.787261146
2604,OK,,187.368421,10.5752368,160,123.6,160,62.5805426,0.001060727,9.74876227,0.055232223,1.22E-05,0.844203604,4516.79839,0.7725
2605,OK,,187.368421,11.0642842,121,123.6,121,47.3265353,3.03046408,0.188742306,0.001190599,0.039529964,0.931978828,0.030118894,1.0214876
2606,OK,,187.368421,11.0642842,124,123.6,124,48.4999205,2.47317668,0.242961174,0.001524572,0.032166795,0.943997066,0.047395825,0.996774194
2607,OK,,187.368421,11.0642842,127,123.6,127,49.6733057,1.93183075,0.321238552,0.00200456,0.025041713,0.954642252,0.080048826,0.973228346
2608,OK,,187.368421,11.0642842,130,123.6,130,50.8466908,1.40610468,0.438020186,0.002717207,0.018157742,0.963731664,0.149644541,0.950769231
2609,OK,,187.368421,11.0642842,133,123.6,133,52.020076,0.913097307,0.624933937,0.003852253,0.011737503,0.970433891,0.32820035,0.929323308
2610,OK,,187.368421,11.0642842,136,123.6,136,53.1934612,0.486930243,0.942919692,0.005772175,0.006221922,0.973119818,0.927715742,0.908823529
2611,OK,,187.368421,11.0642842,139,123.6,139,54.3668464,0.182587693,1.51323856,0.009190349,0.002313439,0.968807713,3.97259247,0.889208633
2612,OK,,187.368421,11.0642842,142,123.6,142,55.5402315,0.053356956,2.42842635,0.014613885,0.000668078,0.955315575,21.8745036,0.870422535
2613,Errors,,187.368421,11.0642842,145,123.6,145,56.7136167,0.011158091,5.72737558,0.033802571,0.000136161,0.898815593,248.254014,0.852413793
2614,OK,,187.368421,11.0642842,148,123.6,148,57.8870019,0.009146372,4.78730209,0.028215301,0.000111256,0.917141184,253.60748,0.835135135
2615,OK,,187.368421,11.0642842,151,123.6,151,59.0603871,0.005049997,5.92185897,0.03456494,6.06E-05,0.899646628,569.979069,0.818543046
2616,OK,,187.368421,11.0642842,154,123.6,154,60.2337722,0.002938315,7.11560491,0.041101113,3.48E-05,0.881818074,1181.2956,0.802597403
2617,OK,,187.368421,11.0642842,157,123.6,157,61.4071574,0.001828531,8.31139646,0.047506382,2.14E-05,0.864621237,2224.87565,0.787261146
2618,OK,,187.368421,11.0642842,160,123.6,160,62.5805426,0.001174721,9.54835718,0.053994076,1.35E-05,0.847404137,3991.56224,0.7725
2619,OK,,187.368421,11.5533316,121,123.6,121,47.3265353,3.12956946,0.183766451,0.00115563,0.040686577,0.929989891,0.028403224,1.0214876
2620,OK,,187.368421,11.5533316,124,123.6,124,48.4999205,2.5736506,0.235392195,0.001472575,0.033361964,0.942081497,0.04413934,0.996774194
2621,OK,,187.368421,11.5533316,127,123.6,127,49.6733057,2.03130747,0.309418437,0.00192502,0.026244617,0.952877589,0.073349125,0.973228346
2622,OK,,187.368421,11.5533316,130,123.6,130,50.8466908,1.50027213,0.419250386,0.002593168,0.019312541,0.962248821,0.134273763,0.950769231
2623,OK,,187.368421,11.5533316,133,123.6,133,52.020076,1.00583891,0.589554719,0.003623855,0.012889704,0.969331194,0.281143383,0.929323308
2624,OK,,187.368421,11.5533316,136,123.6,136,53.1934612,0.560762643,0.879935087,0.005372112,0.007146,0.972915887,0.751764932,0.908823529
2625,OK,,187.368421,11.5533316,139,123.6,139,54.3668464,0.226875385,1.39707124,0.008463839,0.002868485,0.970129836,2.95063012,0.889208633
2626,OK,,187.368421,11.5533316,142,123.6,142,55.5402315,0.066805497,2.25454616,0.013537205,0.000835233,0.958204141,16.2077004,0.870422535
2627,OK,,187.368421,11.5533316,145,123.6,145,56.7136167,0.024757909,3.33851487,0.019850427,0.000305391,0.940697262,65.0001236,0.852413793
2628,OK,,187.368421,11.5533316,148,123.6,148,57.8870019,0.011252376,4.51523402,0.026575581,0.000136879,0.921804788,194.154311,0.835135135
2629,OK,,187.368421,11.5533316,151,123.6,151,59.0603871,0.00585788,5.6977999,0.033192829,7.03E-05,0.903426678,472.387538,0.818543046
2630,OK,,187.368421,11.5533316,154,123.6,154,60.2337722,0.003333828,6.89914377,0.039774957,3.94E-05,0.885405191,1008.64352,0.802597403
2631,OK,,187.368421,11.5533316,157,123.6,157,61.4071574,0.002050824,8.1025518,0.04622566,2.39E-05,0.8680186,1932.27602,0.787261146
2632,OK,,187.368421,11.5533316,160,123.6,160,62.5805426,0.001327609,9.30859514,0.052549787,1.53E-05,0.851232949,3440.4685,0.7725
2633,OK,,187.368421,12.0423789,121,123.6,121,47.3265353,3.23282807,0.178836699,0.001121144,0.041885758,0.927912222,0.026766712,1.0214876
2634,OK,,187.368421,12.0423789,124,123.6,124,48.4999205,2.67543442,0.228187666,0.001423151,0.034564949,0.940131405,0.041173233,0.996774194
2635,OK,,187.368421,12.0423789,127,123.6,127,49.6733057,2.12776792,0.298802468,0.001853418,0.027401977,0.951149408,0.067638117,0.973228346
2636,OK,,187.368421,12.0423789,130,123.6,130,50.8466908,1.59527383,0.401733837,0.002477549,0.020470239,0.960724924,0.121031769,0.950769231
2637,OK,,187.368421,12.0423789,133,123.6,133,52.020076,1.08793712,0.561857113,0.003443815,0.013901188,0.968285432,0.247735276,0.929323308
2638,OK,,187.368421,12.0423789,136,123.6,136,53.1934612,0.635279143,0.82570066,0.005027322,0.008073546,0.972534598,0.622690615,0.908823529
2639,OK,,187.368421,12.0423789,139,123.6,139,54.3668464,0.278468894,1.29044641,0.007798347,0.003512995,0.971142058,2.21985706,0.889208633
2640,OK,,187.368421,12.0423789,142,123.6,142,55.5402315,0.086561781,2.0723445,0.012415535,0.001080526,0.961128965,11.4902678,0.870422535
2641,OK,,187.368421,12.0423789,145,123.6,145,56.7136167,0.029047276,3.14691534,0.018671511,0.000357854,0.943999999,52.1762664,0.852413793
2642,OK,,187.368421,12.0423789,148,123.6,148,57.8870019,0.013214582,4.3024217,0.025271781,0.000160558,0.925447231,157.399755,0.835135135
2643,OK,,187.368421,12.0423789,151,123.6,151,59.0603871,0.006838292,5.46804782,0.031793783,8.19E-05,0.907300199,388.020386,0.818543046
2644,OK,,187.368421,12.0423789,154,123.6,154,60.2337722,0.00385161,6.66323376,0.038343915,4.55E-05,0.889313169,842.522391,0.802597403
2645,OK,,187.368421,12.0423789,157,123.6,157,61.4071574,0.002308586,7.8889079,0.044922964,2.69E-05,0.871493539,1669.92027,0.787261146
2646,OK,,187.368421,12.0423789,160,123.6,160,62.5805426,0.001485111,9.08853602,0.051215229,1.71E-05,0.854746847,3000.53248,0.7725
2647,OK,,187.368421,12.5314263,121,123.6,121,47.3265353,3.33535196,0.174196939,0.001088686,0.04306837,0.92584395,0.025278095,1.0214876
2648,OK,,187.368421,12.5314263,124,123.6,124,48.4999205,2.7747773,0.221580352,0.001377749,0.035730409,0.938219329,0.038559555,0.996774194
2649,OK,,187.368421,12.5314263,127,123.6,127,49.6733057,2.22629541,0.288672238,0.001785242,0.028577531,0.949369835,0.062470126,0.973228346
2650,OK,,187.368421,12.5314263,130,123.6,130,50.8466908,1.69302242,0.385184707,0.002368536,0.021654908,0.959127977,0.109376418,0.950769231
2651,OK,,187.368421,12.5314263,133,123.6,133,52.020076,1.18016152,0.533707747,0.003261971,0.015033315,0.967053696,0.216982831,0.929323308
2652,OK,,187.368421,12.5314263,136,123.6,136,53.1934612,0.715471797,0.775195972,0.004706958,0.009067168,0.971976485,0.519121075,0.908823529
2653,OK,,187.368421,12.5314263,139,123.6,139,54.3668464,0.337891731,1.19214383,0.007186064,0.004252554,0.971857195,1.68982313,0.889208633
2654,OK,,187.368421,12.5314263,142,123.6,142,55.5402315,0.108509593,1.92612708,0.011512854,0.001352268,0.963366435,8.51373432,0.870422535
2655,OK,,187.368421,12.5314263,145,123.6,145,56.7136167,0.035636275,2.95144069,0.017474556,0.000438459,0.947330515,39.8544897,0.852413793
2656,OK,,187.368421,12.5314263,148,123.6,148,57.8870019,0.015624705,4.10426814,0.024058184,0.000189614,0.928828706,126.879598,0.835135135
2657,OK,,187.368421,12.5314263,151,123.6,151,59.0603871,0.00773587,5.28815133,0.030683764,9.26E-05,0.910330977,331.422455,0.818543046
2658,OK,,187.368421,12.5314263,154,123.6,154,60.2337722,0.002133633,6.50825944,0.037362945,2.52E-05,0.891914572,1484.73246,0.802597403
2659,OK,,187.368421,12.5314263,157,123.6,157,61.4071574,0.002587605,7.66729373,0.043580528,3.01E-05,0.875097926,1446.8309,0.787261146
2660,OK,,187.368421,12.5314263,160,123.6,160,62.5805426,0.00171463,8.87650355,0.049929272,1.97E-05,0.858131333,2536.21168,0.7725
2661,OK,,187.368421,13.0204737,121,123.6,121,47.3265353,3.43913502,0.169735535,0.001057528,0.044257758,0.923745304,0.023894743,1.0214876
2662,OK,,187.368421,13.0204737,124,123.6,124,48.4999205,2.87640036,0.215196854,0.00133399,0.036915602,0.936255623,0.036136216,0.996774194
2663,OK,,187.368421,13.0204737,127,123.6,127,49.6733057,2.32499052,0.279206949,0.001721547,0.029747467,0.947573502,0.057872043,0.973228346
2664,OK,,187.368421,13.0204737,130,123.6,130,50.8466908,1.78882968,0.370297787,0.002270334,0.02280777,0.957536519,0.099542141,0.950769231
2665,OK,,187.368421,13.0204737,133,123.6,133,52.020076,1.27115569,0.508754293,0.003100597,0.016143021,0.965784172,0.192070428,0.929323308
2666,OK,,187.368421,13.0204737,136,123.6,136,53.1934612,0.799192265,0.729368563,0.004416546,0.01009904,0.971264122,0.437323388,0.908823529
2667,OK,,187.368421,13.0204737,139,123.6,139,54.3668464,0.402053822,1.10585703,0.006648817,0.0050476,0.972264147,1.31722356,0.889208633
2668,OK,,187.368421,13.0204737,142,123.6,142,55.5402315,0.140600853,1.76634932,0.010533611,0.001749032,0.965665426,6.0225379,0.870422535
2669,OK,,187.368421,13.0204737,145,123.6,145,56.7136167,0.042852332,2.76138602,0.016314305,0.000526545,0.950554408,30.983686,0.852413793
2670,OK,,187.368421,13.0204737,148,123.6,148,57.8870019,0.018269709,3.89510739,0.022785658,0.000221448,0.932396272,102.893894,0.835135135
2671,OK,,187.368421,13.0204737,151,123.6,151,59.0603871,0.00901102,5.06781918,0.029347869,0.000107721,0.914040011,272.442543,0.818543046
2672,OK,,187.368421,13.0204737,154,123.6,154,60.2337722,0.004976339,6.25925475,0.035878582,5.87E-05,0.896001348,611.52702,0.802597403
2673,OK,,187.368421,13.0204737,157,123.6,157,61.4071574,0.002945079,7.45758054,0.042308654,3.42E-05,0.878507231,1235.42789,0.787261146
2674,OK,,187.368421,13.0204737,160,123.6,160,62.5805426,0.001881343,8.64621806,0.048545584,2.16E-05,0.861808494,2249.72953,0.7725
2675,OK,,187.368421,13.5095211,121,123.6,121,47.3265353,3.53786728,0.16572142,0.001029348,0.045378245,0.921743929,0.022683744,1.0214876
2676,OK,,187.368421,13.5095211,124,123.6,124,48.4999205,2.97700257,0.209236844,0.00129311,0.038080381,0.934304234,0.033957378,0.996774194
2677,OK,,187.368421,13.5095211,127,123.6,127,49.6733057,2.42042688,0.270653158,0.00166384,0.030869754,0.945824422,0.053898708,0.973228346
2678,OK,,187.368421,13.5095211,130,123.6,130,50.8466908,1.88399381,0.356543835,0.002179617,0.023945305,0.955935428,0.091024819,0.950769231
2679,OK,,187.368421,13.5095211,133,123.6,133,52.020076,1.36595186,0.485197079,0.002948576,0.017292859,0.964414721,0.1705083,0.929323308
2680,OK,,187.368421,13.5095211,136,123.6,136,53.1934612,0.882020236,0.689648824,0.004164528,0.011113799,0.970453717,0.374716892,0.908823529
2681,OK,,187.368421,13.5095211,139,123.6,139,54.3668464,0.465496116,1.03492074,0.00620612,0.005829671,0.972401988,1.06457451,0.889208633
2682,OK,,187.368421,13.5095211,142,123.6,142,55.5402315,0.176801544,1.63221392,0.00971068,0.002195168,0.967428737,4.42366151,0.870422535
2683,OK,,187.368421,13.5095211,145,123.6,145,56.7136167,0.054263601,2.56206702,0.015104593,0.000665836,0.953867682,22.6851457,0.852413793
2684,OK,,187.368421,13.5095211,148,123.6,148,57.8870019,0.021787129,3.68803525,0.021530216,0.000263762,0.935912688,81.6273522,0.835135135
2685,OK,,187.368421,13.5095211,151,123.6,151,59.0603871,0.0106473,4.85131221,0.028034396,0.000127125,0.917678164,220.527071,0.818543046
2686,OK,,187.368421,13.5095211,154,123.6,154,60.2337722,0.00566836,6.05540561,0.034638387,6.68E-05,0.899374159,518.922151,0.802597403
2687,OK,,187.368421,13.5095211,157,123.6,157,61.4071574,0.003340764,7.24704093,0.04103385,3.88E-05,0.881929371,1057.4584,0.787261146
2688,OK,,187.368421,13.5095211,160,123.6,160,62.5805426,0.002103115,8.43557159,0.047276154,2.41E-05,0.865170956,1961.89113,0.7725
2689,OK,,187.368421,13.9985684,121,123.6,121,47.3265353,3.63233055,0.162074485,0.001003625,0.046440424,0.919824999,0.021611022,1.0214876
2690,OK,,187.368421,13.9985684,124,123.6,124,48.4999205,3.07351482,0.203844004,0.001255981,0.039188239,0.93242548,0.032049945,0.996774194
2691,OK,,187.368421,13.9985684,127,123.6,127,49.6733057,2.52329553,0.261948446,0.001605517,0.032075224,0.943928757,0.050054726,0.973228346
2692,OK,,187.368421,13.9985684,130,123.6,130,50.8466908,1.98103227,0.343635094,0.002094562,0.025098624,0.954280852,0.083453244,0.950769231
2693,OK,,187.368421,13.9985684,133,123.6,133,52.020076,1.4622951,0.463464857,0.002808451,0.018454579,0.962980447,0.15218178,0.929323308
2694,OK,,187.368421,13.9985684,136,123.6,136,53.1934612,0.967779154,0.653196436,0.003933507,0.012158956,0.969526789,0.323507,0.908823529
2695,OK,,187.368421,13.9985684,139,123.6,139,54.3668464,0.542134431,0.962398382,0.005756117,0.006771247,0.972326281,0.850082226,0.889208633
2696,OK,,187.368421,13.9985684,142,123.6,142,55.5402315,0.218856789,1.51157131,0.008969816,0.002710755,0.9688437,3.30897302,0.870422535
2697,OK,,187.368421,13.9985684,145,123.6,145,56.7136167,0.067431664,2.38680949,0.014040611,0.000826223,0.956725716,16.9937302,0.852413793
2698,OK,,187.368421,13.9985684,148,123.6,148,57.8870019,0.026058776,3.49015975,0.020327322,0.000314987,0.939257201,64.5337915,0.835135135
2699,OK,,187.368421,13.9985684,151,123.6,151,59.0603871,0.012436991,4.6354317,0.026734395,0.000148325,0.921303112,180.24207,0.818543046
2700,OK,,187.368421,13.9985684,154,123.6,154,60.2337722,0.006506443,5.84086499,0.033347214,7.65E-05,0.902922045,435.704648,0.802597403
2701,OK,,187.368421,13.9985684,157,123.6,157,61.4071574,0.003764368,7.04091509,0.039790972,4.37E-05,0.88527918,911.023018,0.787261146
2702,OK,,187.368421,13.9985684,160,123.6,160,62.5805426,0.002335416,8.23976435,0.04609219,2.67E-05,0.868296128,1724.30663,0.7725
2703,OK,,187.368421,14.4876158,121,123.6,121,47.3265353,3.73629057,0.158201453,0.000976631,0.047608539,0.917710181,0.020513772,1.0214876
2704,OK,,187.368421,14.4876158,124,123.6,124,48.4999205,3.18084757,0.198104818,0.001216906,0.040418548,0.930330764,0.030107614,0.996774194
2705,OK,,187.368421,14.4876158,127,123.6,127,49.6733057,2.62380693,0.253987807,0.001552086,0.033244063,0.942065568,0.046687609,0.973228346
2706,OK,,187.368421,14.4876158,130,123.6,130,50.8466908,2.08216593,0.331120249,0.002012364,0.026294312,0.95253799,0.07653228,0.950769231
2707,OK,,187.368421,14.4876158,133,123.6,133,52.020076,1.55200115,0.445264509,0.002690466,0.019527627,0.961605868,0.137777405,0.929323308
2708,Errors,,187.368421,14.4876158,136,123.6,136,53.1934612,1.02139128,0.630893959,0.003786668,0.012812458,0.968938189,0.295545813,0.908823529
2709,OK,,187.368421,14.4876158,139,123.6,139,54.3668464,0.613059197,0.905524527,0.005401628,0.007637189,0.972067835,0.707279531,0.889208633
2710,OK,,187.368421,14.4876158,142,123.6,142,55.5402315,0.262753217,1.41136937,0.008356029,0.003249048,0.969857479,2.57183891,0.870422535
2711,OK,,187.368421,14.4876158,145,123.6,145,56.7136167,0.086529681,2.21331693,0.012988499,0.001058449,0.95944807,12.2712586,0.852413793
2712,OK,,187.368421,14.4876158,148,123.6,148,57.8870019,0.030908654,3.28144498,0.019074375,0.000373225,0.942778974,51.1068573,0.835135135
2713,OK,,187.368421,14.4876158,151,123.6,151,59.0603871,0.014278116,4.45002675,0.025612568,0.000170082,0.924411182,150.589904,0.818543046
2714,OK,,187.368421,14.4876158,154,123.6,154,60.2337722,0.007494758,5.62481456,0.032052244,8.81E-05,0.906492502,363.959991,0.802597403
2715,OK,,187.368421,14.4876158,157,123.6,157,61.4071574,0.004299801,6.81374104,0.038436817,4.98E-05,0.888969932,771.23041,0.787261146
2716,OK,,187.368421,14.4876158,160,123.6,160,62.5805426,0.002638239,8.01250654,0.044740787,3.02E-05,0.871922734,1483.13478,0.7725
2717,OK,,187.368421,14.9766632,121,123.6,121,47.3265353,3.84751262,0.154228405,0.000949163,0.048854697,0.915444032,0.019428279,1.0214876
2718,OK,,187.368421,14.9766632,124,123.6,124,48.4999205,3.27839211,0.193210314,0.001183267,0.041523668,0.928420451,0.028496201,0.996774194
2719,OK,,187.368421,14.9766632,127,123.6,127,49.6733057,2.71874158,0.246941991,0.001504559,0.034338186,0.940296231,0.043815924,0.973228346
2720,OK,,187.368421,14.9766632,130,123.6,130,50.8466908,2.16015821,0.322298579,0.001953109,0.027201877,0.951177614,0.071800512,0.950769231
2721,OK,,187.368421,14.9766632,133,123.6,133,52.020076,1.64902948,0.426895047,0.002572084,0.020683423,0.960093781,0.124354877,0.929323308
2722,OK,,187.368421,14.9766632,136,123.6,136,53.1934612,1.14508681,0.589591164,0.003530797,0.01430174,0.967389263,0.246878813,0.908823529
2723,OK,,187.368421,14.9766632,139,123.6,139,54.3668464,0.691314312,0.851050533,0.005063175,0.00858862,0.971630415,0.589521424,0.889208633
2724,OK,,187.368421,14.9766632,142,123.6,142,55.5402315,0.326273816,1.30125552,0.007683408,0.004024345,0.970696389,1.90923172,0.870422535
2725,OK,,187.368421,14.9766632,145,123.6,145,56.7136167,0.109240528,2.05348856,0.012023649,0.001334096,0.961865788,9.01258352,0.852413793
2726,OK,,187.368421,14.9766632,148,123.6,148,57.8870019,0.037113811,3.0965919,0.017962106,0.00044758,0.945865123,40.1316123,0.835135135
2727,OK,,187.368421,14.9766632,151,123.6,151,59.0603871,0.016722933,4.24004581,0.024355659,0.000198974,0.927925146,122.406489,0.818543046
2728,OK,,187.368421,14.9766632,154,123.6,154,60.2337722,0.008535182,5.4248224,0.030851986,1.00E-04,0.909795496,307.970833,0.802597403
2729,OK,,187.368421,14.9766632,157,123.6,157,61.4071574,0.004911774,6.59008493,0.037106849,5.69E-05,0.89260215,652.456733,0.787261146
2730,OK,,187.368421,14.9766632,160,123.6,160,62.5805426,0.002916668,7.80753594,0.043515332,3.33E-05,0.875193594,1306.17193,0.7725
2731,OK,,187.368421,15.4657105,121,123.6,121,47.3265353,3.9481232,0.150841801,0.000925485,0.049966976,0.913389709,0.018521941,1.0214876
2732,OK,,187.368421,15.4657105,124,123.6,124,48.4999205,3.38209436,0.188233833,0.001149304,0.042694562,0.926384865,0.026919209,0.996774194
2733,OK,,187.368421,15.4657105,127,123.6,127,49.6733057,2.82376395,0.239521815,0.001454995,0.035545965,0.938331349,0.040932787,0.973228346
2734,OK,,187.368421,15.4657105,130,123.6,130,50.8466908,2.27536309,0.309694566,0.001871181,0.028552972,0.949159766,0.065533655,0.950769231
2735,OK,,187.368421,15.4657105,133,123.6,133,52.020076,1.7450965,0.410200725,0.002464425,0.021820194,0.958567972,0.112942397,0.929323308
2736,OK,,187.368421,15.4657105,136,123.6,136,53.1934612,1.23554669,0.561964719,0.003355981,0.015385541,0.966208038,0.21812566,0.908823529
2737,OK,,187.368421,15.4657105,139,123.6,139,54.3668464,0.770256505,0.80765477,0.004791048,0.009541875,0.97097659,0.502107629,0.889208633
2738,OK,,187.368421,15.4657105,142,123.6,142,55.5402315,0.38547438,1.2133886,0.007146643,0.004743454,0.971212526,1.5066328,0.870422535
2739,OK,,187.368421,15.4657105,145,123.6,145,56.7136167,0.136517475,1.90767501,0.01114451,0.001664373,0.963955879,6.69592304,0.852413793
2740,OK,,187.368421,15.4657105,148,123.6,148,57.8870019,0.045073786,2.89265211,0.016744709,0.000542874,0.949250682,30.8445606,0.835135135
2741,OK,,187.368421,15.4657105,151,123.6,151,59.0603871,0.020211109,4.00152795,0.022941683,0.000240202,0.931904628,95.5100459,0.818543046
2742,OK,,187.368421,15.4657105,154,123.6,154,60.2337722,0.009864887,5.2137744,0.029594377,0.000115656,0.913277235,255.882392,0.802597403
2743,OK,,187.368421,15.4657105,157,123.6,157,61.4071574,0.005629157,6.39666047,0.035947551,6.51E-05,0.895740335,552.135365,0.787261146
2744,OK,,187.368421,15.4657105,160,123.6,160,62.5805426,0.003307942,7.60132356,0.042286311,3.77E-05,0.878482493,1120.40801,0.7725
2745,OK,,187.368421,15.9547579,121,123.6,121,47.3265353,4.05560066,0.147357264,0.000901334,0.051152675,0.91119236,0.017620467,1.0214876
2746,OK,,187.368421,15.9547579,124,123.6,124,48.4999205,3.48557046,0.183516415,0.001117121,0.043855225,0.9243486,0.025472935,0.996774194
2747,OK,,187.368421,15.9547579,127,123.6,127,49.6733057,2.9253417,0.232776079,0.00140982,0.036704868,0.936422235,0.038409608,0.973228346
2748,OK,,187.368421,15.9547579,130,123.6,130,50.8466908,2.36510764,0.300729731,0.001811751,0.02958946,0.947571074,0.061229605,0.950769231
2749,OK,,187.368421,15.9547579,133,123.6,133,52.020076,1.83226286,0.396278278,0.002374013,0.022842513,0.957159979,0.103929598,0.929323308
2750,OK,,187.368421,15.9547579,136,123.6,136,53.1934612,1.32725074,0.539722647,0.003213488,0.016475939,0.964902201,0.195041276,0.908823529
2751,OK,,187.368421,15.9547579,139,123.6,139,54.3668464,0.855613599,0.76194326,0.004507751,0.010569223,0.970247366,0.42649781,0.889208633
2752,OK,,187.368421,15.9547579,142,123.6,142,55.5402315,0.44635068,1.13775372,0.0066842,0.005479589,0.971478254,1.21983606,0.870422535
2753,OK,,187.368421,15.9547579,145,123.6,145,56.7136167,0.175205405,1.751841,0.010211093,0.002132047,0.966021451,4.78933787,0.852413793
2754,OK,,187.368421,15.9547579,148,123.6,148,57.8870019,0.055990188,2.69895522,0.01559096,0.000673447,0.952408221,23.1509979,0.835135135
2755,OK,,187.368421,15.9547579,151,123.6,151,59.0603871,0.023108801,3.8369419,0.021951778,0.000274304,0.934642306,80.0270851,0.818543046
2756,OK,,187.368421,15.9547579,154,123.6,154,60.2337722,0.011555717,4.98406245,0.02823758,0.000135334,0.917062837,208.651575,0.802597403
2757,OK,,187.368421,15.9547579,157,123.6,157,61.4071574,0.006289307,6.1825133,0.034678819,7.27E-05,0.899216918,477.248432,0.787261146
2758,OK,,187.368421,15.9547579,160,123.6,160,62.5805426,0.003738846,7.3822022,0.040993665,4.26E-05,0.881977037,961.892347,0.7725
2759,OK,,187.368421,16.4438053,121,123.6,121,47.3265353,4.15539712,0.144293922,0.000879912,0.052240233,0.909148409,0.01684357,1.0214876
2760,OK,,187.368421,16.4438053,124,123.6,124,48.4999205,3.58727869,0.179115873,0.001087052,0.044986962,0.922342253,0.024163717,0.996774194
2761,OK,,187.368421,16.4438053,127,123.6,127,49.6733057,3.02832933,0.226308884,0.001366577,0.037872527,0.93447913,0.036083597,0.973228346
2762,OK,,187.368421,16.4438053,130,123.6,130,50.8466908,2.47456686,0.290305254,0.001743806,0.030854729,0.945623362,0.056516646,0.950769231
2763,OK,,187.368421,16.4438053,133,123.6,133,52.020076,1.93906904,0.38024964,0.002271427,0.024094557,0.955414931,0.094271378,0.929323308
2764,OK,,187.368421,16.4438053,136,123.6,136,53.1934612,1.41965559,0.516376297,0.003065902,0.017570011,0.96360395,0.174496307,0.908823529
2765,OK,,187.368421,16.4438053,139,123.6,139,54.3668464,0.934613168,0.724645944,0.004275546,0.011513458,0.969480313,0.371352002,0.889208633
2766,OK,,187.368421,16.4438053,142,123.6,142,55.5402315,0.510536481,1.06980455,0.006268937,0.00625232,0.971546013,1.00265766,0.870422535
2767,OK,,187.368421,16.4438053,145,123.6,145,56.7136167,0.214433186,1.63081516,0.009483391,0.002604378,0.967463751,3.64132706,0.852413793
2768,OK,,187.368421,16.4438053,148,123.6,148,57.8870019,0.069322401,2.51957329,0.014523824,0.000832631,0.955276736,17.4432866,0.835135135
2769,OK,,187.368421,16.4438053,151,123.6,151,59.0603871,0.027187443,3.63133985,0.020733915,0.000322331,0.938054465,64.3248655,0.818543046
2770,OK,,187.368421,16.4438053,154,123.6,154,60.2337722,0.013090178,4.80579057,0.027171992,0.000153124,0.919997029,177.451474,0.802597403
2771,OK,,187.368421,16.4438053,157,123.6,157,61.4071574,0.007125611,5.98341172,0.033493625,8.22E-05,0.902445617,407.38551,0.787261146
2772,OK,,187.368421,16.4438053,160,123.6,160,62.5805426,0.004215227,7.17000715,0.039741872,4.80E-05,0.885360176,828.000002,0.7725
2773,OK,,187.368421,16.9328526,121,123.6,121,47.3265353,4.25677558,0.141305395,0.000859067,0.053338889,0.90706945,0.016105835,1.0214876
2774,OK,,187.368421,16.9328526,124,123.6,124,48.4999205,3.68894612,0.174923403,0.001058418,0.046110641,0.920332456,0.022953878,0.996774194
2775,OK,,187.368421,16.9328526,127,123.6,127,49.6733057,3.12761224,0.22042861,0.00132713,0.038988755,0.932598791,0.034038791,0.973228346
2776,OK,,187.368421,16.9328526,130,123.6,130,50.8466908,2.57324197,0.281589577,0.001686524,0.031983325,0.943854133,0.052731337,0.950769231
2777,OK,,187.368421,16.9328526,133,123.6,133,52.020076,2.03464564,0.369241338,0.002198932,0.025201095,0.953789245,0.087255436,0.929323308
2778,OK,,187.368421,16.9328526,136,123.6,136,53.1934612,1.51218267,0.495027179,0.002930935,0.018658896,0.962265854,0.15707978,0.908823529
2779,OK,,187.368421,16.9328526,139,123.6,139,54.3668464,1.02379409,0.686858588,0.004041618,0.012575419,0.968535003,0.321390292,0.889208633
2780,OK,,187.368421,16.9328526,142,123.6,142,55.5402315,0.59018164,0.997552802,0.005830534,0.007208318,0.971412895,0.808861961,0.870422535
2781,OK,,187.368421,16.9328526,145,123.6,145,56.7136167,0.263797392,1.50984261,0.008759311,0.003197193,0.968726382,2.73968806,0.852413793
2782,OK,,187.368421,16.9328526,148,123.6,148,57.8870019,0.085858506,2.35077416,0.013521605,0.001029727,0.957907085,13.131257,0.835135135
2783,OK,,187.368421,16.9328526,151,123.6,151,59.0603871,0.031838886,3.43800769,0.01959008,0.000377016,0.941249173,51.9609202,0.818543046
2784,OK,,187.368421,16.9328526,154,123.6,154,60.2337722,0.015256575,4.59265519,0.025916648,0.000178263,0.923499532,145.384409,0.802597403
2785,OK,,187.368421,16.9328526,157,123.6,157,61.4071574,0.008156028,5.77050148,0.032244318,9.40E-05,0.905896027,342.931578,0.787261146
2786,OK,,187.368421,16.9328526,160,123.6,160,62.5805426,0.0047803,6.95011882,0.038452732,5.44E-05,0.888864832,707.176763,0.7725
2787,OK,,187.368421,17.4219,121,123.6,121,47.3265353,4.36585886,0.13819292,0.000837582,0.054520178,0.904830308,0.015362789,1.0214876
2788,OK,,187.368421,17.4219,124,123.6,124,48.4999205,3.79163186,0.170873434,0.001030816,0.047239627,0.918298726,0.021820999,0.996774194
2789,OK,,187.368421,17.4219,127,123.6,127,49.6733057,3.22909749,0.214705463,0.001288856,0.040124347,0.930670953,0.032121549,0.973228346
2790,OK,,187.368421,17.4219,130,123.6,130,50.8466908,2.67718562,0.272908775,0.001629767,0.033167597,0.941980602,0.049137327,0.950769231
2791,OK,,187.368421,17.4219,133,123.6,133,52.020076,2.13161995,0.356726741,0.002118349,0.026320678,0.952165647,0.080482315,0.929323308
2792,OK,,187.368421,17.4219,136,123.6,136,53.1934612,1.60756775,0.474841795,0.002803578,0.019775764,0.960852152,0.14176836,0.908823529
2793,OK,,187.368421,17.4219,139,123.6,139,54.3668464,1.11108101,0.653820835,0.003836809,0.013608628,0.967537167,0.281939455,0.889208633
2794,OK,,187.368421,17.4219,142,123.6,142,55.5402315,0.664920726,0.939628637,0.005477789,0.008100126,0.971110143,0.676259676,0.870422535
2795,OK,,187.368421,17.4219,145,123.6,145,56.7136167,0.314550737,1.40974218,0.00815889,0.003804288,0.969596492,2.1446561,0.852413793
2796,OK,,187.368421,17.4219,148,123.6,148,57.8870019,0.108772447,2.17936684,0.01250875,0.001302512,0.960472313,9.60355672,0.835135135
2797,OK,,187.368421,17.4219,151,123.6,151,59.0603871,0.038682214,3.21254895,0.018269726,0.000457498,0.94495073,39.9340055,0.818543046
2798,OK,,187.368421,17.4219,154,123.6,154,60.2337722,0.01785508,4.37688333,0.024651507,0.000208391,0.927038632,118.294448,0.802597403
2799,OK,,187.368421,17.4219,157,123.6,157,61.4071574,0.009334167,5.55970688,0.031007672,0.000107492,0.909309577,288.465505,0.787261146
2800,OK,,187.368421,17.4219,160,123.6,160,62.5805426,0.005393846,6.74193847,0.037230006,6.13E-05,0.892181626,607.510161,0.7725
2801,OK,,192.631579,8.13,121,123.6,121,47.3265353,2.43507582,0.245792313,0.001579616,0.032412799,0.943353805,0.048734332,1.0214876
2802,OK,,192.631579,8.13,124,123.6,124,48.4999205,1.89226799,0.323079721,0.002064718,0.025103526,0.954322653,0.082248142,0.996774194
2803,OK,,192.631579,8.13,127,123.6,127,49.6733057,1.36477695,0.437235194,0.002777691,0.018036993,0.963722726,0.153999655,0.973228346
2804,OK,,192.631579,8.13,130,123.6,130,50.8466908,0.875778965,0.622738339,0.00393089,0.011520086,0.970528715,0.341220546,0.950769231
2805,OK,,192.631579,8.13,133,123.6,133,52.020076,0.454597159,0.948311087,0.005943797,0.005942968,0.973031407,1.00013959,0.929323308
2806,OK,,192.631579,8.13,136,123.6,136,53.1934612,0.16432,1.54993273,0.009635703,0.002129143,0.967773243,4.5256256,0.908823529
2807,OK,,192.631579,8.13,139,123.6,139,54.3668464,0.047333273,2.56944121,0.015816054,0.000605362,0.951868194,26.126585,0.889208633
2808,OK,,192.631579,8.13,142,123.6,142,55.5402315,0.019801854,3.63187968,0.022139435,0.000249873,0.934251597,88.602721,0.870422535
2809,OK,,192.631579,8.13,145,123.6,145,56.7136167,0.009262245,4.8109134,0.029023085,0.000115224,0.915008495,251.883579,0.852413793
2810,OK,,192.631579,8.13,148,123.6,148,57.8870019,0.004955992,5.98929421,0.035753011,6.08E-05,0.896449116,588.280171,0.835135135
2811,OK,,192.631579,8.13,151,123.6,151,59.0603871,0.002889161,7.18053155,0.042408355,3.49E-05,0.878371594,1214.24405,0.818543046
2812,OK,,192.631579,8.13,154,123.6,154,60.2337722,0.001783175,8.39009015,0.049015647,2.12E-05,0.86067827,2306.94656,0.802597403
2813,OK,,192.631579,8.13,157,123.6,157,61.4071574,0.001133227,9.65092761,0.05574069,1.33E-05,0.842818635,4191.09866,0.787261146
2814,OK,,192.631579,8.13,160,123.6,160,62.5805426,0.000799217,10.7913176,0.061695956,9.26E-06,0.827548365,6662.42338,0.7725
2815,OK,,192.631579,8.61904737,121,123.6,121,47.3265353,2.53997524,0.2378689,0.001523912,0.033690943,0.941304722,0.045232103,1.0214876
2816,OK,,192.631579,8.61904737,124,123.6,124,48.4999205,1.99048938,0.311425548,0.00198415,0.026318297,0.952537759,0.07539052,0.996774194
2817,OK,,192.631579,8.61904737,127,123.6,127,49.6733057,1.460441,0.417914556,0.002647008,0.019238345,0.962185815,0.137590212,0.973228346
2818,OK,,192.631579,8.61904737,130,123.6,130,50.8466908,0.96258898,0.589073267,0.003707631,0.012623284,0.969483516,0.293713682,0.950769231
2819,OK,,192.631579,8.61904737,133,123.6,133,52.020076,0.519243054,0.889411802,0.005559251,0.006770261,0.972920938,0.821128013,0.929323308
2820,OK,,192.631579,8.61904737,136,123.6,136,53.1934612,0.205522444,1.42442227,0.008833362,0.002657475,0.969358175,3.32396831,0.908823529
2821,OK,,192.631579,8.61904737,139,123.6,139,54.3668464,0.063725027,2.30623045,0.01417096,0.000814322,0.956408075,17.4021496,0.889208633
2822,OK,,192.631579,8.61904737,142,123.6,142,55.5402315,0.023496027,3.44448205,0.020947212,0.000295973,0.937559171,70.7741326,0.870422535
2823,OK,,192.631579,8.61904737,145,123.6,145,56.7136167,0.010920326,4.59164127,0.027643919,0.000135691,0.918845564,203.727341,0.852413793
2824,OK,,192.631579,8.61904737,148,123.6,148,57.8870019,0.005709479,5.77561521,0.034408612,6.99E-05,0.900127412,492.003133,0.835135135
2825,OK,,192.631579,8.61904737,151,123.6,151,59.0603871,0.003196878,7.01129663,0.041312652,3.86E-05,0.88123184,1070.84963,0.818543046
2826,OK,,192.631579,8.61904737,154,123.6,154,60.2337722,0.00200255,8.18092777,0.047706964,2.38E-05,0.864147138,2001.10819,0.802597403
2827,OK,,192.631579,8.61904737,157,123.6,157,61.4071574,0.001446921,9.36559996,0.054033299,1.70E-05,0.847460015,3181.21783,0.787261146
2828,OK,,192.631579,8.61904737,160,123.6,160,62.5805426,0.000879542,10.5953,0.060463472,1.02E-05,0.830679327,5939.15831,0.7725
2829,OK,,192.631579,9.10809474,121,123.6,121,47.3265353,2.63717374,0.231015782,0.001475408,0.03486304,0.939395743,0.042320124,1.0214876
2830,OK,,192.631579,9.10809474,124,123.6,124,48.4999205,2.08649826,0.300860229,0.001910981,0.02749669,0.950776033,0.069498598,0.996774194
2831,OK,,192.631579,9.10809474,127,123.6,127,49.6733057,1.5510044,0.401275317,0.002534032,0.020366588,0.960697608,0.124421032,0.973228346
2832,OK,,192.631579,9.10809474,130,123.6,130,50.8466908,1.05035547,0.558909657,0.003507572,0.013731864,0.968350642,0.255433064,0.950769231
2833,OK,,192.631579,9.10809474,133,123.6,133,52.020076,0.600630986,0.826387106,0.005151122,0.007808958,0.972567935,0.659642675,0.929323308
2834,OK,,192.631579,9.10809474,136,123.6,136,53.1934612,0.254225782,1.31003668,0.008103442,0.003279902,0.970592956,2.47063537,0.908823529
2835,OK,,192.631579,9.10809474,139,123.6,139,54.3668464,0.078928717,2.14361892,0.013141305,0.001007036,0.959119431,13.049486,0.889208633
2836,OK,,192.631579,9.10809474,142,123.6,142,55.5402315,0.028651702,3.22588122,0.019581076,0.000360647,0.941402244,54.294342,0.870422535
2837,OK,,192.631579,9.10809474,145,123.6,145,56.7136167,0.012849476,4.3792203,0.026310741,0.00015947,0.92255705,164.988976,0.852413793
2838,OK,,192.631579,9.10809474,148,123.6,148,57.8870019,0.006576032,5.56589805,0.033092248,8.05E-05,0.903735314,411.30433,0.835135135
2839,OK,,192.631579,9.10809474,151,123.6,151,59.0603871,0.003875485,6.69250139,0.039380034,4.68E-05,0.886618134,842.34528,0.818543046
2840,OK,,192.631579,9.10809474,154,123.6,154,60.2337722,0.002295743,7.96444369,0.046356865,2.73E-05,0.867736336,1697.96109,0.802597403
2841,OK,,192.631579,9.10809474,157,123.6,157,61.4071574,0.001444089,9.16457852,0.052773292,1.69E-05,0.850733644,3116.49362,0.787261146
2842,OK,,192.631579,9.10809474,160,123.6,160,62.5805426,0.000993472,10.3457202,0.058940748,1.15E-05,0.834665644,5130.45045,0.7725
2843,OK,,192.631579,9.59714211,121,123.6,121,47.3265353,2.73586001,0.224445705,0.001428999,0.036046228,0.937449346,0.03964352,1.0214876
2844,OK,,192.631579,9.59714211,124,123.6,124,48.4999205,2.18821827,0.290400101,0.001838896,0.028739575,0.948894383,0.063984801,0.996774194
2845,OK,,192.631579,9.59714211,127,123.6,127,49.6733057,1.65104588,0.384354779,0.002419904,0.021608235,0.959024256,0.111989899,0.973228346
2846,OK,,192.631579,9.59714211,130,123.6,130,50.8466908,1.13855031,0.53182696,0.003327919,0.014839188,0.967148752,0.224265566,0.950769231
2847,OK,,192.631579,9.59714211,133,123.6,133,52.020076,0.678571018,0.775305836,0.004819281,0.008797295,0.97205162,0.547814016,0.929323308
2848,OK,,192.631579,9.59714211,136,123.6,136,53.1934612,0.307137825,1.21197926,0.007477587,0.003953408,0.971441657,1.89142785,0.908823529
2849,OK,,192.631579,9.59714211,139,123.6,139,54.3668464,0.099530974,1.97656145,0.012089253,0.001267823,0.961813264,9.53544179,0.889208633
2850,OK,,192.631579,9.59714211,142,123.6,142,55.5402315,0.034656813,3.02793307,0.018339943,0.000435662,0.944858172,42.0967208,0.870422535
2851,OK,,192.631579,9.59714211,145,123.6,145,56.7136167,0.01427151,4.24389313,0.025422795,0.000176619,0.924918126,143.94122,0.852413793
2852,OK,,192.631579,9.59714211,148,123.6,148,57.8870019,0.007568769,5.36137529,0.031811769,9.25E-05,0.907251302,343.924484,0.835135135
2853,OK,,192.631579,9.59714211,151,123.6,151,59.0603871,0.004247479,6.54575828,0.038433729,5.12E-05,0.889096464,751.001118,0.818543046
2854,OK,,192.631579,9.59714211,154,123.6,154,60.2337722,0.002389333,7.86851002,0.045694499,2.84E-05,0.869327471,1610.22246,0.802597403
2855,OK,,192.631579,9.59714211,157,123.6,157,61.4071574,0.001639286,8.94136521,0.051394382,1.92E-05,0.854365438,2676.40564,0.787261146
2856,OK,,192.631579,9.59714211,160,123.6,160,62.5805426,0.001085582,10.1671869,0.057812607,1.25E-05,0.837517029,4610.21075,0.7725
2857,OK,,192.631579,10.0861895,121,123.6,121,47.3265353,2.83750902,0.218049505,0.001383961,0.037258181,0.935436674,0.037145164,1.0214876
2858,OK,,192.631579,10.0861895,124,123.6,124,48.4999205,2.28536776,0.281110438,0.001774645,0.029916553,0.947082837,0.059319824,0.996774194
2859,OK,,192.631579,10.0861895,127,123.6,127,49.6733057,1.74909272,0.36917238,0.002317337,0.022815529,0.957356067,0.101568402,0.973228346
2860,OK,,192.631579,10.0861895,130,123.6,130,50.8466908,1.23702668,0.504650828,0.003148636,0.016070275,0.965746493,0.195929169,0.950769231
2861,OK,,192.631579,10.0861895,133,123.6,133,52.020076,0.754621969,0.732163497,0.004538391,0.009755819,0.971419006,0.465198353,0.929323308
2862,OK,,192.631579,10.0861895,136,123.6,136,53.1934612,0.367808596,1.1213291,0.006900272,0.004722749,0.972005249,1.46107125,0.908823529
2863,OK,,192.631579,10.0861895,139,123.6,139,54.3668464,0.125543322,1.82274728,0.011122312,0.001596379,0.964163995,6.96721306,0.889208633
2864,OK,,192.631579,10.0861895,142,123.6,142,55.5402315,0.041622072,2.8282051,0.017093322,0.000522524,0.948328858,32.7129817,0.870422535
2865,OK,,192.631579,10.0861895,145,123.6,145,56.7136167,0.018072046,3.95429478,0.023659925,0.000223744,0.929957441,105.745326,0.852413793
2866,OK,,192.631579,10.0861895,148,123.6,148,57.8870019,0.008807091,5.14440874,0.030463415,0.000107506,0.910978015,283.364506,0.835135135
2867,OK,,192.631579,10.0861895,151,123.6,151,59.0603871,0.004822862,6.34274364,0.037167804,5.80E-05,0.89252413,640.338,0.818543046
2868,OK,,192.631579,10.0861895,154,123.6,154,60.2337722,0.00288345,7.52523673,0.043635892,3.42E-05,0.875018285,1275.23376,0.802597403
2869,OK,,192.631579,10.0861895,157,123.6,157,61.4071574,0.001818704,8.74482938,0.050169014,2.13E-05,0.857563052,2357.36699,0.787261146
2870,OK,,192.631579,10.0861895,160,123.6,160,62.5805426,0.001525709,9.94440289,0.056445766,1.76E-05,0.841069953,3205.92542,0.7725
2871,OK,,192.631579,10.5752368,121,123.6,121,47.3265353,2.9376237,0.212107925,0.001342076,0.038442691,0.933446816,0.034911079,1.0214876
2872,OK,,192.631579,10.5752368,124,123.6,124,48.4999205,2.38590282,0.272098031,0.001712503,0.031127891,0.945195769,0.055015068,0.996774194
2873,OK,,192.631579,10.5752368,127,123.6,127,49.6733057,1.8449921,0.355519363,0.00222498,0.023989312,0.955700322,0.092748808,0.973228346
2874,OK,,192.631579,10.5752368,130,123.6,130,50.8466908,1.32618384,0.482614883,0.003002378,0.0171754,0.964426422,0.174806858,0.950769231
2875,OK,,192.631579,10.5752368,133,123.6,133,52.020076,0.844231641,0.687660925,0.004250539,0.010881134,0.970551897,0.390633859,0.929323308
2876,OK,,192.631579,10.5752368,136,123.6,136,53.1934612,0.43167837,1.04323541,0.006402753,0.005528892,0.972272649,1.15805358,0.908823529
2877,OK,,192.631579,10.5752368,139,123.6,139,54.3668464,0.159784126,1.67104639,0.01017253,0.002027939,0.966324504,5.01619251,0.889208633
2878,OK,,192.631579,10.5752368,142,123.6,142,55.5402315,0.051942268,2.638782,0.015913597,0.000651169,0.9515536,24.4385054,0.870422535
2879,OK,,192.631579,10.5752368,145,123.6,145,56.7136167,0.021123143,3.76565924,0.022483234,0.000261192,0.93322975,86.0794041,0.852413793
2880,OK,,192.631579,10.5752368,148,123.6,148,57.8870019,0.009874056,4.98395899,0.029439196,0.000120285,0.913731358,244.745064,0.835135135
2881,OK,,192.631579,10.5752368,151,123.6,151,59.0603871,0.005560357,6.11792335,0.035781376,6.68E-05,0.89631826,535.278135,0.818543046
2882,OK,,192.631579,10.5752368,154,123.6,154,60.2337722,0.003256321,7.32545211,0.042394687,3.86E-05,0.878328915,1098.29593,0.802597403
2883,OK,,192.631579,10.5752368,157,123.6,157,61.4071574,0.002050289,8.52154245,0.048798746,2.40E-05,0.861195452,2036.07806,0.787261146
2884,OK,,192.631579,10.5752368,160,123.6,160,62.5805426,0.00133734,9.74931561,0.055235268,1.54E-05,0.844190342,3582.76826,0.7725
2885,OK,,192.631579,11.0642842,121,123.6,121,47.3265353,3.03929157,0.206394396,0.001301874,0.039638151,0.93141932,0.032843959,1.0214876
2886,OK,,192.631579,11.0642842,124,123.6,124,48.4999205,2.4832894,0.263184492,0.001651363,0.032291845,0.94337158,0.051138701,0.996774194
2887,OK,,192.631579,11.0642842,127,123.6,127,49.6733057,1.94253773,0.342651512,0.002138029,0.025175173,0.953995628,0.084926107,0.973228346
2888,OK,,192.631579,11.0642842,130,123.6,130,50.8466908,1.41806581,0.461942699,0.002865385,0.018307886,0.963025942,0.15651097,0.950769231
2889,OK,,192.631579,11.0642842,133,123.6,133,52.020076,0.926135854,0.651012719,0.004012671,0.011902063,0.969681925,0.337140797,0.929323308
2890,OK,,192.631579,11.0642842,136,123.6,136,53.1934612,0.501518668,0.972099813,0.005950247,0.006406507,0.972297,0.928781706,0.908823529
2891,OK,,192.631579,11.0642842,139,123.6,139,54.3668464,0.197571899,1.5432114,0.009371487,0.002502567,0.967980793,3.74474971,0.889208633
2892,OK,,192.631579,11.0642842,142,123.6,142,55.5402315,0.063737438,2.44919075,0.014737877,0.000797893,0.954754813,18.4709855,0.870422535
2893,Errors,,192.631579,11.0642842,145,123.6,145,56.7136167,0.013718552,5.73249766,0.033832265,0.000167398,0.898680131,202.106358,0.852413793
2894,OK,,192.631579,11.0642842,148,123.6,148,57.8870019,0.011351354,4.79171285,0.028240913,0.000138071,0.917026896,204.538508,0.835135135
2895,OK,,192.631579,11.0642842,151,123.6,151,59.0603871,0.006300548,5.92436054,0.034579278,7.57E-05,0.899583098,457.047908,0.818543046
2896,OK,,192.631579,11.0642842,154,123.6,154,60.2337722,0.003678645,7.11708586,0.041109484,4.36E-05,0.881781196,943.76379,0.802597403
2897,OK,,192.631579,11.0642842,157,123.6,157,61.4071574,0.002301457,8.3123425,0.047511656,2.69E-05,0.86459813,1767.89758,0.787261146
2898,OK,,192.631579,11.0642842,160,123.6,160,62.5805426,0.001479885,9.54896763,0.053997431,1.70E-05,0.847389506,3168.68435,0.7725
2899,OK,,192.631579,11.5533316,121,123.6,121,47.3265353,3.13825521,0.201134981,0.001264781,0.040792474,0.929439369,0.031005263,1.0214876
2900,OK,,192.631579,11.5533316,124,123.6,124,48.4999205,2.58359898,0.255286702,0.001596928,0.033484338,0.941466179,0.047691796,0.996774194
2901,OK,,192.631579,11.5533316,127,123.6,127,49.6733057,2.04184382,0.330489962,0.002055974,0.026375269,0.952241274,0.077950809,0.973228346
2902,OK,,192.631579,11.5533316,130,123.6,130,50.8466908,1.51197506,0.442656291,0.002737732,0.019458715,0.961558337,0.140694364,0.950769231
2903,OK,,192.631579,11.5533316,133,123.6,133,52.020076,1.01874333,0.615365004,0.00378219,0.013051777,0.968586968,0.289783552,0.929323308
2904,OK,,192.631579,11.5533316,136,123.6,136,53.1934612,0.575222579,0.908857991,0.005548176,0.007328206,0.97210032,0.757098841,0.908823529
2905,OK,,192.631579,11.5533316,139,123.6,139,54.3668464,0.242031111,1.42738702,0.008646667,0.003059211,0.969293453,2.82643746,0.889208633
2906,OK,,192.631579,11.5533316,142,123.6,142,55.5402315,0.078661051,2.27826116,0.013678578,0.000983234,0.957563695,13.9118246,0.870422535
2907,OK,,192.631579,11.5533316,145,123.6,145,56.7136167,0.030458301,3.34991763,0.019917519,0.000375665,0.940395691,53.0193605,0.852413793
2908,OK,,192.631579,11.5533316,148,123.6,148,57.8870019,0.013886117,4.52050245,0.026606158,0.000168908,0.921668277,157.518322,0.835135135
2909,OK,,192.631579,11.5533316,151,123.6,151,59.0603871,0.00729677,5.70067822,0.033209306,8.75E-05,0.90335358,379.433067,0.818543046
2910,OK,,192.631579,11.5533316,154,123.6,154,60.2337722,0.004180266,6.90083697,0.039784516,4.94E-05,0.885363028,804.614689,0.802597403
2911,OK,,192.631579,11.5533316,157,123.6,157,61.4071574,0.002573027,8.10359641,0.046231476,3.00E-05,0.867993085,1540.3236,0.787261146
2912,OK,,192.631579,11.5533316,160,123.6,160,62.5805426,0.001670727,9.30928152,0.052553556,1.92E-05,0.851216499,2734.11046,0.7725
2913,OK,,192.631579,12.0423789,121,123.6,121,47.3265353,3.24136905,0.195915564,0.001228145,0.041989334,0.92737088,0.029248966,1.0214876
2914,OK,,192.631579,12.0423789,124,123.6,124,48.4999205,2.68522041,0.247757255,0.001545103,0.034684689,0.939526135,0.044547122,0.996774194
2915,OK,,192.631579,12.0423789,127,123.6,127,49.6733057,2.13813906,0.319543413,0.001981937,0.027529929,0.950523074,0.071992095,0.973228346
2916,OK,,192.631579,12.0423789,130,123.6,130,50.8466908,1.60682305,0.424832105,0.002619804,0.020613774,0.960043513,0.12708999,0.950769231
2917,OK,,192.631579,12.0423789,133,123.6,133,52.020076,1.10070687,0.587397852,0.003600067,0.014060851,0.967548976,0.256034799,0.929323308
2918,OK,,192.631579,12.0423789,136,123.6,136,53.1934612,0.649607061,0.854359291,0.005201335,0.00825334,0.971726481,0.630209726,0.908823529
2919,OK,,192.631579,12.0423789,139,123.6,139,54.3668464,0.293662945,1.3208387,0.007981243,0.00370359,0.970303563,2.15500176,0.889208633
2920,OK,,192.631579,12.0423789,142,123.6,142,55.5402315,0.099907694,2.09904064,0.012574419,0.001246802,0.960408009,10.0853353,0.870422535
2921,OK,,192.631579,12.0423789,145,123.6,145,56.7136167,0.036258881,3.16134104,0.018756262,0.000446639,0.94361848,41.9942424,0.852413793
2922,OK,,192.631579,12.0423789,148,123.6,148,57.8870019,0.016319094,4.30863184,0.025307775,0.000198267,0.92528632,127.64522,0.835135135
2923,OK,,192.631579,12.0423789,151,123.6,151,59.0603871,0.008504334,5.47138052,0.031812839,0.000101898,0.907215561,312.201732,0.818543046
2924,OK,,192.631579,12.0423789,154,123.6,154,60.2337722,0.004815245,6.6651614,0.038354786,5.69E-05,0.889265168,674.118071,0.802597403
2925,OK,,192.631579,12.0423789,157,123.6,157,61.4071574,0.002893675,7.89007831,0.044929472,3.37E-05,0.871464951,1332.47619,0.787261146
2926,OK,,192.631579,12.0423789,160,123.6,160,62.5805426,0.001870418,9.08930679,0.051219457,2.15E-05,0.854728373,2382.63454,0.7725
2927,OK,,192.631579,12.5314263,121,123.6,121,47.3265353,3.34375079,0.190991406,0.001193582,0.043169683,0.925311621,0.027648622,1.0214876
2928,OK,,192.631579,12.5314263,124,123.6,124,48.4999205,2.78440771,0.240838646,0.0014974,0.035847638,0.937623684,0.04177123,0.996774194
2929,OK,,192.631579,12.5314263,127,123.6,127,49.6733057,2.23650134,0.309082609,0.00191134,0.028702801,0.948753482,0.066590723,0.973228346
2930,OK,,192.631579,12.5314263,130,123.6,130,50.8466908,1.70441529,0.407970084,0.002508462,0.021795783,0.958455794,0.115089319,0.950769231
2931,OK,,192.631579,12.5314263,133,123.6,133,52.020076,1.1932528,0.559891328,0.003421716,0.015196208,0.966298701,0.225169076,0.929323308
2932,OK,,192.631579,12.5314263,136,123.6,136,53.1934612,0.72966682,0.803588566,0.004878916,0.009244522,0.971175867,0.527762891,0.908823529
2933,OK,,192.631579,12.5314263,139,123.6,139,54.3668464,0.353038297,1.22244096,0.007367984,0.004441888,0.971021323,1.6587504,0.889208633
2934,OK,,192.631579,12.5314263,142,123.6,142,55.5402315,0.122606622,1.95432564,0.01168037,0.001527539,0.962604905,7.64653004,0.870422535
2935,OK,,192.631579,12.5314263,145,123.6,145,56.7136167,0.042919687,2.96601002,0.017560023,0.000528,0.946945198,33.2576335,0.852413793
2936,OK,,192.631579,12.5314263,148,123.6,148,57.8870019,0.019052142,4.11112425,0.024097866,0.000231193,0.928651057,104.232491,0.835135135
2937,OK,,192.631579,12.5314263,151,123.6,151,59.0603871,0.009611233,5.29190276,0.030705182,0.000115022,0.910235705,266.949977,0.818543046
2938,OK,,192.631579,12.5314263,154,123.6,154,60.2337722,0.005272441,6.51453826,0.037398287,6.22E-05,0.89175822,601.438758,0.802597403
2939,OK,,192.631579,12.5314263,157,123.6,157,61.4071574,0.003276308,7.66867142,0.043588181,3.81E-05,0.875064275,1142.91144,0.787261146
2940,OK,,192.631579,12.5314263,160,123.6,160,62.5805426,0.002091769,8.87725798,0.049933405,2.40E-05,0.858113251,2079.12778,0.7725
2941,OK,,192.631579,13.0204737,121,123.6,121,47.3265353,3.44739474,0.186251677,0.001160368,0.044356863,0.923221795,0.026159841,1.0214876
2942,OK,,192.631579,13.0204737,124,123.6,124,48.4999205,2.88587583,0.234145131,0.00145136,0.037030342,0.935669565,0.039193813,0.996774194
2943,OK,,192.631579,13.0204737,127,123.6,127,49.6733057,2.33503328,0.299290825,0.001845261,0.029870105,0.946967006,0.061776195,0.973228346
2944,OK,,192.631579,13.0204737,130,123.6,130,50.8466908,1.80006775,0.392773365,0.002407961,0.022946039,0.956873474,0.104940153,0.950769231
2945,OK,,192.631579,13.0204737,133,123.6,133,52.020076,1.28409917,0.534642056,0.0032581,0.016303306,0.965037705,0.199842935,0.929323308
2946,OK,,192.631579,13.0204737,136,123.6,136,53.1934612,0.813253275,0.757492881,0.004586438,0.010273935,0.970471067,0.446414929,0.908823529
2947,OK,,192.631579,13.0204737,139,123.6,139,54.3668464,0.417102425,1.13595802,0.006829147,0.005235018,0.971433685,1.30451274,0.889208633
2948,OK,,192.631579,13.0204737,142,123.6,142,55.5402315,0.155477012,1.79610629,0.010710069,0.00193354,0.964861808,5.53909789,0.870422535
2949,OK,,192.631579,13.0204737,145,123.6,145,56.7136167,0.052983017,2.78165086,0.016432998,0.000650901,0.95001846,25.246527,0.852413793
2950,OK,,192.631579,13.0204737,148,123.6,148,57.8870019,0.022528075,3.90362565,0.022834892,0.000273042,0.932175556,83.631288,0.835135135
2951,OK,,192.631579,13.0204737,151,123.6,151,59.0603871,0.011190115,5.07217818,0.029372725,0.000133766,0.91392931,219.583273,0.818543046
2952,OK,,192.631579,13.0204737,154,123.6,154,60.2337722,0.006170249,6.26164303,0.035892015,7.27E-05,0.895941877,493.395076,0.802597403
2953,OK,,192.631579,13.0204737,157,123.6,157,61.4071574,0.003232099,7.45815469,0.042311839,3.76E-05,0.878493207,1125.80891,0.787261146
2954,OK,,192.631579,13.0204737,160,123.6,160,62.5805426,0.002362903,8.64718138,0.048550856,2.71E-05,0.861785406,1791.44473,0.7725
2955,OK,,192.631579,13.5095211,121,123.6,121,47.3265353,3.54599812,0.181979736,0.001130275,0.045475304,0.921228591,0.024854691,1.0214876
2956,OK,,192.631579,13.5095211,124,123.6,124,48.4999205,2.98632441,0.227877743,0.001408228,0.038192676,0.933727682,0.036871688,0.996774194
2957,OK,,192.631579,13.5095211,127,123.6,127,49.6733057,2.4303151,0.290427799,0.001785291,0.030989905,0.945227263,0.057608797,0.973228346
2958,OK,,192.631579,13.5095211,130,123.6,130,50.8466908,1.89512499,0.378805434,0.002315541,0.024081581,0.955278694,0.096154046,0.950769231
2959,OK,,192.631579,13.5095211,133,123.6,133,52.020076,1.3787435,0.510780901,0.003103798,0.017450487,0.963677016,0.177863121,0.929323308
2960,OK,,192.631579,13.5095211,136,123.6,136,53.1934612,0.895947138,0.717504683,0.004332357,0.011286259,0.96966823,0.383861215,0.908823529
2961,OK,,192.631579,13.5095211,139,123.6,139,54.3668464,0.4804215,1.06477507,0.006384548,0.006014873,0.97157833,1.06146002,0.889208633
2962,OK,,192.631579,13.5095211,142,123.6,142,55.5402315,0.192092196,1.6627999,0.009891703,0.002384325,0.96660273,4.14863828,0.870422535
2963,OK,,192.631579,13.5095211,145,123.6,145,56.7136167,0.064905738,2.58335491,0.015229093,0.000796261,0.953304677,19.12576,0.852413793
2964,OK,,192.631579,13.5095211,148,123.6,148,57.8870019,0.02682117,3.69810513,0.021588338,0.000324676,0.935651767,66.4919742,0.835135135
2965,OK,,192.631579,13.5095211,151,123.6,151,59.0603871,0.013163675,4.85634589,0.028063058,0.000157162,0.917550328,178.561553,0.818543046
2966,OK,,192.631579,13.5095211,154,123.6,154,60.2337722,0.007060903,6.05819123,0.034654033,8.31E-05,0.899304794,416.779557,0.802597403
2967,OK,,192.631579,13.5095211,157,123.6,157,61.4071574,0.004130246,7.24862021,0.041042601,4.80E-05,0.881890796,855.523395,0.787261146
2968,OK,,192.631579,13.5095211,160,123.6,160,62.5805426,0.00263881,8.4366432,0.047282011,3.02E-05,0.865145273,1563.8233,0.7725
2969,OK,,192.631579,13.9985684,121,123.6,121,47.3265353,3.64034128,0.178092494,0.001102758,0.046535578,0.919317276,0.023697085,1.0214876
2970,OK,,192.631579,13.9985684,124,123.6,124,48.4999205,3.08269146,0.222194397,0.001368966,0.039298232,0.931857912,0.034835303,0.996774194
2971,OK,,192.631579,13.9985684,127,123.6,127,49.6733057,2.53302384,0.281403118,0.001724649,0.032192813,0.943341259,0.053572498,0.973228346
2972,OK,,192.631579,13.9985684,130,123.6,130,50.8466908,1.99200318,0.365575974,0.002228142,0.025232267,0.953633577,0.088305271,0.950769231
2973,OK,,192.631579,13.9985684,133,123.6,133,52.020076,1.47493197,0.488738919,0.002961366,0.018609529,0.962251672,0.159131701,0.929323308
2974,OK,,192.631579,13.9985684,136,123.6,136,53.1934612,0.981569274,0.680778485,0.004099248,0.01232895,0.968749021,0.332489604,0.908823529
2975,OK,,192.631579,13.9985684,139,123.6,139,54.3668464,0.556929353,0.991991546,0.005932563,0.006954073,0.971509826,0.853106243,0.889208633
2976,OK,,192.631579,13.9985684,142,123.6,142,55.5402315,0.234300085,1.5424625,0.009152247,0.002901188,0.96800945,3.15465488,0.870422535
2977,OK,,192.631579,13.9985684,145,123.6,145,56.7136167,0.079490047,2.41093032,0.014181448,0.000973752,0.956087788,14.5637229,0.852413793
2978,OK,,192.631579,13.9985684,148,123.6,148,57.8870019,0.032071708,3.50218777,0.020396627,0.000387626,0.938945543,52.6193507,0.835135135
2979,OK,,192.631579,13.9985684,151,123.6,151,59.0603871,0.015373757,4.64130632,0.026767801,0.000183339,0.921153919,146.001412,0.818543046
2980,OK,,192.631579,13.9985684,154,123.6,154,60.2337722,0.008094329,5.84404138,0.033365033,9.52E-05,0.902842949,350.428434,0.802597403
2981,OK,,192.631579,13.9985684,157,123.6,157,61.4071574,0.00453744,7.04246154,0.03979953,5.26E-05,0.885241407,755.979333,0.787261146
2982,OK,,192.631579,13.9985684,160,123.6,160,62.5805426,0.002926144,8.24094605,0.046098642,3.35E-05,0.868267806,1376.41139,0.7725
2983,OK,,192.631579,14.4876158,121,123.6,121,47.3265353,3.74417437,0.173965512,0.001073893,0.047701691,0.917210507,0.022512685,1.0214876
2984,OK,,192.631579,14.4876158,124,123.6,124,48.4999205,3.18987009,0.216146867,0.001327657,0.04052611,0.929772731,0.032760532,0.996774194
2985,OK,,192.631579,14.4876158,127,123.6,127,49.6733057,2.6333807,0.273133277,0.001668979,0.033359191,0.941487406,0.050030569,0.973228346
2986,OK,,192.631579,14.4876158,130,123.6,130,50.8466908,2.09297376,0.352734801,0.002143578,0.026425293,0.95190034,0.081118404,0.950769231
2987,OK,,192.631579,14.4876158,133,123.6,133,52.020076,1.56439924,0.47006078,0.002840072,0.019678937,0.960890868,0.1443204,0.929323308
2988,Errors,,192.631579,14.4876158,136,123.6,136,53.1934612,1.03486361,0.657840236,0.003948067,0.012978108,0.968178347,0.304209759,0.908823529
2989,OK,,192.631579,14.4876158,139,123.6,139,54.3668464,0.627718841,0.934846905,0.005576029,0.007817631,0.971258849,0.713263283,0.889208633
2990,OK,,192.631579,14.4876158,142,123.6,142,55.5402315,0.278260081,1.44238757,0.008538849,0.003439789,0.969019797,2.48237559,0.870422535
2991,OK,,192.631579,14.4876158,145,123.6,145,56.7136167,0.100143407,2.24054894,0.013147203,0.001224663,0.95872786,10.7353621,0.852413793
2992,OK,,192.631579,14.4876158,148,123.6,148,57.8870019,0.038503336,3.29663705,0.019161796,0.000464867,0.942385332,41.2199661,0.835135135
2993,OK,,192.631579,14.4876158,151,123.6,151,59.0603871,0.017629075,4.4567299,0.02565063,0.000209986,0.924240947,122.154266,0.818543046
2994,OK,,192.631579,14.4876158,154,123.6,154,60.2337722,0.009301957,5.62842965,0.032072499,0.000109297,0.906402482,293.444101,0.802597403
2995,OK,,192.631579,14.4876158,157,123.6,157,61.4071574,0.00536351,6.81586888,0.038448579,6.22E-05,0.888917959,618.478262,0.787261146
2996,OK,,192.631579,14.4876158,160,123.6,160,62.5805426,0.003288404,8.01380714,0.04474788,3.76E-05,0.871891562,1190.09983,0.7725
2997,OK,,192.631579,14.9766632,121,123.6,121,47.3265353,3.85526567,0.169730893,0.001044517,0.048945798,0.914952647,0.021340286,1.0214876
2998,OK,,192.631579,14.9766632,124,123.6,124,48.4999205,3.28727649,0.210975971,0.001291995,0.041629053,0.927870965,0.031035891,0.996774194
2999,OK,,192.631579,14.9766632,127,123.6,127,49.6733057,2.72816969,0.265795996,0.001619335,0.034451007,0.939726869,0.047004005,0.973228346
3000,OK,,192.631579,14.9766632,130,123.6,130,50.8466908,2.17082657,0.343634055,0.00208226,0.027330616,0.950548195,0.076187803,0.950769231
3001,OK,,192.631579,14.9766632,133,123.6,133,52.020076,1.66127414,0.451384239,0.002719424,0.020832121,0.959387634,0.13053996,0.929323308
3002,OK,,192.631579,14.9766632,136,123.6,136,53.1934612,1.15859779,0.616614452,0.003692314,0.01446676,0.966627247,0.255227414,0.908823529
3003,OK,,192.631579,14.9766632,139,123.6,139,54.3668464,0.705839408,0.880103568,0.005235546,0.008766658,0.970828858,0.597211223,0.889208633
3004,OK,,192.631579,14.9766632,142,123.6,142,55.5402315,0.341905676,1.33252358,0.007867271,0.004215911,0.969851958,1.86609032,0.870422535
3005,OK,,192.631579,14.9766632,145,123.6,145,56.7136167,0.123674329,2.08236093,0.012191621,0.001509961,0.961102194,8.07412791,0.852413793
3006,OK,,192.631579,14.9766632,148,123.6,148,57.8870019,0.044670946,3.11170885,0.018048963,0.000538641,0.945473428,33.5083052,0.835135135
3007,OK,,192.631579,14.9766632,151,123.6,151,59.0603871,0.02067139,4.24794418,0.024400449,0.000245936,0.927724558,99.2147609,0.818543046
3008,OK,,192.631579,14.9766632,154,123.6,154,60.2337722,0.010611243,5.42897531,0.030875223,0.000124541,0.909692082,247.912966,0.802597403
3009,OK,,192.631579,14.9766632,157,123.6,157,61.4071574,0.00611963,6.59250112,0.03712019,7.09E-05,0.892543133,523.878186,0.787261146
3010,OK,,192.631579,14.9766632,160,123.6,160,62.5805426,0.003690644,7.80908421,0.043523765,4.22E-05,0.875156486,1032.46475,0.7725
3011,OK,,192.631579,15.4657105,121,123.6,121,47.3265353,3.95576075,0.166113216,0.001019133,0.05005626,0.912905647,0.020359752,1.0214876
3012,OK,,192.631579,15.4657105,124,123.6,124,48.4999205,3.39083736,0.205716637,0.001255979,0.042797729,0.925844126,0.029346865,0.996774194
3013,OK,,192.631579,15.4657105,127,123.6,127,49.6733057,2.8330386,0.258068781,0.001567568,0.035656366,0.937771257,0.043963213,0.973228346
3014,OK,,192.631579,15.4657105,130,123.6,130,50.8466908,2.28585786,0.330682659,0.001997859,0.028678905,0.948540594,0.069663004,0.950769231
3015,OK,,192.631579,15.4657105,133,123.6,133,52.020076,1.75718776,0.43438292,0.00260951,0.021966311,0.957870675,0.118795991,0.929323308
3016,OK,,192.631579,15.4657105,136,123.6,136,53.1934612,1.24914493,0.589162294,0.003518102,0.015550852,0.965441105,0.226232132,0.908823529
3017,OK,,192.631579,15.4657105,139,123.6,139,54.3668464,0.784787932,0.836720273,0.004963017,0.009719217,0.970174687,0.510639612,0.889208633
3018,OK,,192.631579,15.4657105,142,123.6,142,55.5402315,0.40101249,1.24446896,0.007328997,0.004933217,0.970373162,1.48564237,0.870422535
3019,OK,,192.631579,15.4657105,145,123.6,145,56.7136167,0.151688677,1.93802234,0.011320743,0.001848812,0.963153275,6.12325269,0.852413793
3020,OK,,192.631579,15.4657105,148,123.6,148,57.8870019,0.054470133,2.91144811,0.016852551,0.000655931,0.948763658,25.6925561,0.835135135
3021,OK,,192.631579,15.4657105,151,123.6,151,59.0603871,0.024820925,4.01074928,0.022993914,0.000294963,0.931670441,77.955219,0.818543046
3022,OK,,192.631579,15.4657105,154,123.6,154,60.2337722,0.012217857,5.21848124,0.02962068,0.000143236,0.913160028,206.795757,0.802597403
3023,OK,,192.631579,15.4657105,157,123.6,157,61.4071574,0.006874838,6.39915232,0.035961292,7.95E-05,0.895679471,452.274387,0.787261146
3024,OK,,192.631579,15.4657105,160,123.6,160,62.5805426,0.004133183,7.60297437,0.042295291,4.72E-05,0.878442927,896.908125,0.7725
3025,OK,,192.631579,15.9547579,121,123.6,121,47.3265353,4.06311921,0.162390608,0.00099324,0.051240098,0.910715843,0.019384045,1.0214876
3026,OK,,192.631579,15.9547579,124,123.6,124,48.4999205,3.49391739,0.200207062,0.001218658,0.043953208,0.923832361,0.027726258,0.996774194
3027,OK,,192.631579,15.9547579,127,123.6,127,49.6733057,2.93446957,0.251029372,0.001520284,0.036812966,0.93587101,0.041297511,0.973228346
3028,OK,,192.631579,15.9547579,130,123.6,130,50.8466908,2.37545538,0.32142362,0.001936295,0.02971305,0.94696058,0.065166501,0.950769231
3029,OK,,192.631579,15.9547579,133,123.6,133,52.020076,1.84420787,0.42016778,0.002516941,0.022986205,0.95647112,0.109497906,0.929323308
3030,OK,,192.631579,15.9547579,136,123.6,136,53.1934612,1.34081175,0.566845557,0.003374691,0.016640003,0.964137372,0.202805937,0.908823529
3031,OK,,192.631579,15.9547579,139,123.6,139,54.3668464,0.870010731,0.790739916,0.004677697,0.01074415,0.969452879,0.435371533,0.889208633
3032,OK,,192.631579,15.9547579,142,123.6,142,55.5402315,0.461764958,1.16858621,0.006864685,0.005667183,0.970645582,1.21130468,0.870422535
3033,OK,,192.631579,15.9547579,145,123.6,145,56.7136167,0.190904244,1.78324366,0.010393133,0.002322406,0.965190936,4.47515792,0.852413793
3034,OK,,192.631579,15.9547579,148,123.6,148,57.8870019,0.067535154,2.72204919,0.015723266,0.000812136,0.951809832,19.3603739,0.835135135
3035,OK,,192.631579,15.9547579,151,123.6,151,59.0603871,0.028386771,3.84749978,0.022011485,0.000336922,0.934374176,65.3310419,0.818543046
3036,OK,,192.631579,15.9547579,154,123.6,154,60.2337722,0.014362135,4.98967635,0.028268916,0.000168192,0.916923043,168.074971,0.802597403
3037,OK,,192.631579,15.9547579,157,123.6,157,61.4071574,0.007827897,6.18559108,0.034695769,9.04E-05,0.899141741,383.642049,0.787261146
3038,OK,,192.631579,15.9547579,160,123.6,160,62.5805426,0.004666535,7.38405795,0.04100375,5.32E-05,0.881932559,770.874,0.7725
3039,OK,,192.631579,16.4438053,121,123.6,121,47.3265353,4.16280804,0.159111937,0.000970227,0.052325969,0.908678716,0.018541987,1.0214876
3040,OK,,192.631579,16.4438053,124,123.6,124,48.4999205,3.59549499,0.195545185,0.0011867,0.045082917,0.921834095,0.026322607,0.996774194
3041,OK,,192.631579,16.4438053,127,123.6,127,49.6733057,3.03731207,0.244271777,0.001474963,0.037978358,0.933936673,0.038836944,0.973228346
3042,OK,,192.631579,16.4438053,130,123.6,130,50.8466908,2.48475025,0.310670257,0.001866015,0.030975703,0.945022568,0.060241252,0.950769231
3043,OK,,192.631579,16.4438053,133,123.6,133,52.020076,1.9508516,0.403814037,0.002412012,0.024235549,0.954735444,0.099523708,0.929323308
3044,OK,,192.631579,16.4438053,136,123.6,136,53.1934612,1.43305862,0.543183021,0.003224794,0.0177314,0.962848034,0.181869103,0.908823529
3045,OK,,192.631579,16.4438053,139,123.6,139,54.3668464,0.948874867,0.753171499,0.004443459,0.011686011,0.968693303,0.380237459,0.889208633
3046,OK,,192.631579,16.4438053,142,123.6,142,55.5402315,0.525814621,1.10036453,0.006447408,0.006437585,0.970720699,1.00152596,0.870422535
3047,OK,,192.631579,16.4438053,145,123.6,145,56.7136167,0.230349744,1.6626532,0.009667593,0.002796865,0.966621721,3.45658217,0.852413793
3048,OK,,192.631579,16.4438053,148,123.6,148,57.8870019,0.081566504,2.54406574,0.014663922,0.000979475,0.95464211,14.9712052,0.835135135
3049,OK,,192.631579,16.4438053,151,123.6,151,59.0603871,0.033484579,3.64393642,0.020805053,0.000396944,0.93773456,52.4130518,0.818543046
3050,OK,,192.631579,16.4438053,154,123.6,154,60.2337722,0.016189715,4.81199082,0.027206549,0.00018937,0.919842634,143.668641,0.802597403
3051,OK,,192.631579,16.4438053,157,123.6,157,61.4071574,0.008848011,5.9868572,0.033512574,0.000102086,0.90236146,328.277288,0.787261146
3052,OK,,192.631579,16.4438053,160,123.6,160,62.5805426,0.005435538,7.17244827,0.039755122,6.19E-05,0.885301669,642.336668,0.7725
3053,OK,,192.631579,16.9328526,121,123.6,121,47.3265353,4.26408052,0.155911389,0.000947821,0.053422969,0.906606476,0.017741823,1.0214876
3054,OK,,192.631579,16.9328526,124,123.6,124,48.4999205,3.69703516,0.191098101,0.001156228,0.046204629,0.919832172,0.025024077,0.996774194
3055,OK,,192.631579,16.9328526,127,123.6,127,49.6733057,3.13645671,0.238114877,0.001433534,0.039092436,0.932064687,0.036670364,0.973228346
3056,OK,,192.631579,16.9328526,130,123.6,130,50.8466908,2.58327387,0.30165146,0.001806567,0.032101907,0.94326228,0.056275994,0.950769231
3057,OK,,192.631579,16.9328526,133,123.6,133,52.020076,2.04638425,0.392717639,0.002338569,0.025340866,0.953112297,0.092284504,0.929323308
3058,OK,,192.631579,16.9328526,136,123.6,136,53.1934612,1.52542606,0.52151438,0.003087506,0.018817613,0.961518946,0.164075327,0.908823529
3059,OK,,192.631579,16.9328526,139,123.6,139,54.3668464,1.03791921,0.715110731,0.004207492,0.012745543,0.967755534,0.330114781,0.889208633
3060,OK,,192.631579,16.9328526,142,123.6,142,55.5402315,0.605322143,1.02783725,0.006006984,0.007391152,0.97059502,0.812726274,0.870422535
3061,OK,,192.631579,16.9328526,145,123.6,145,56.7136167,0.279772814,1.54179824,0.00894383,0.00338981,0.96788124,2.63844543,0.852413793
3062,OK,,192.631579,16.9328526,148,123.6,148,57.8870019,0.099592853,2.37824757,0.013678497,0.001194146,0.957195219,11.454624,0.835135135
3063,OK,,192.631579,16.9328526,151,123.6,151,59.0603871,0.03944622,3.45322513,0.019675896,0.000467033,0.940862708,42.1296015,0.818543046
3064,OK,,192.631579,16.9328526,154,123.6,154,60.2337722,0.018816673,4.59977674,0.025956289,0.000219846,0.923322196,118.0656,0.802597403
3065,OK,,192.631579,16.9328526,157,123.6,157,61.4071574,0.009973005,5.77413615,0.032264285,0.000114969,0.905807248,280.635674,0.787261146
3066,OK,,192.631579,16.9328526,160,123.6,160,62.5805426,0.005955113,6.95246891,0.038465473,6.77E-05,0.888808506,567.866024,0.7725
3067,OK,,192.631579,17.4219,121,123.6,121,47.3265353,4.37305358,0.152578405,0.00092473,0.054602547,0.904374323,0.016935655,1.0214876
3068,OK,,192.631579,17.4219,124,123.6,124,48.4999205,3.7995958,0.186797846,0.001126826,0.047331689,0.917806182,0.023807001,0.996774194
3069,OK,,192.631579,17.4219,127,123.6,127,49.6733057,3.2378044,0.232116501,0.001393297,0.040225901,0.930145158,0.034636814,0.973228346
3070,OK,,192.631579,17.4219,130,123.6,130,50.8466908,2.68706312,0.292661712,0.001747621,0.033283755,0.941397861,0.052506719,0.950769231
3071,OK,,192.631579,17.4219,133,123.6,133,52.020076,2.14319825,0.379882251,0.002255691,0.026457871,0.951497947,0.085255958,0.929323308
3072,OK,,192.631579,17.4219,136,123.6,136,53.1934612,1.62063195,0.500970375,0.002957608,0.019931585,0.960115355,0.148387993,0.908823529
3073,OK,,192.631579,17.4219,139,123.6,139,54.3668464,1.12506797,0.681796422,0.004000633,0.013776337,0.966765326,0.290398914,0.889208633
3074,OK,,192.631579,17.4219,142,123.6,142,55.5402315,0.679920459,0.969631305,0.005652177,0.008280543,0.970299876,0.682585336,0.870422535
3075,OK,,192.631579,17.4219,145,123.6,145,56.7136167,0.330491442,1.44162821,0.008342622,0.003995904,0.968753189,2.08779339,0.852413793
3076,OK,,192.631579,17.4219,148,123.6,148,57.8870019,0.123384854,2.20859661,0.012675402,0.001477096,0.959714938,8.5812987,0.835135135
3077,OK,,192.631579,17.4219,151,123.6,151,59.0603871,0.047040884,3.22926933,0.018363899,0.000556273,0.944526097,33.012403,0.818543046
3078,OK,,192.631579,17.4219,154,123.6,154,60.2337722,0.022025166,4.38522508,0.024697882,0.000257042,0.926830911,96.0849708,0.802597403
3079,OK,,192.631579,17.4219,157,123.6,157,61.4071574,0.011575775,5.56419097,0.031032275,0.000133301,0.909200051,232.79892,0.787261146
3080,OK,,192.631579,17.4219,160,123.6,160,62.5805426,0.00671092,6.74457315,0.037244272,7.62E-05,0.89211848,488.47949,0.7725
3081,OK,,197.894737,8.13,121,123.6,121,47.3265353,2.44628145,0.268201114,0.0017235,0.032554549,0.942643539,0.052941903,1.0214876
3082,OK,,197.894737,8.13,124,123.6,124,48.4999205,1.9057046,0.349951577,0.002236249,0.025274907,0.953491549,0.088477036,0.996774194
3083,OK,,197.894737,8.13,127,123.6,127,49.6733057,1.38106689,0.469815314,0.002984344,0.018246287,0.962738896,0.163558997,0.973228346
3084,OK,,197.894737,8.13,130,123.6,130,50.8466908,0.894122678,0.659428038,0.00416198,0.01175705,0.969446375,0.353998695,0.950769231
3085,OK,,197.894737,8.13,133,123.6,133,52.020076,0.474095121,0.987311291,0.006187449,0.006195454,0.971906877,0.998707903,0.929323308
3086,OK,,197.894737,8.13,136,123.6,136,53.1934612,0.181779068,1.58485591,0.009851694,0.002354552,0.966788494,4.184106,0.908823529
3087,OK,,197.894737,8.13,139,123.6,139,54.3668464,0.056864527,2.58850679,0.015932432,0.000727126,0.951342197,21.9115202,0.889208633
3088,OK,,197.894737,8.13,142,123.6,142,55.5402315,0.02434133,3.64096017,0.022194146,0.000307128,0.93400637,72.2634143,0.870422535
3089,OK,,197.894737,8.13,145,123.6,145,56.7136167,0.011466874,4.81532344,0.029049286,0.000142644,0.914891862,203.648465,0.852413793
3090,OK,,197.894737,8.13,148,123.6,148,57.8870019,0.006167342,5.99171735,0.035767206,7.56E-05,0.89638633,472.932327,0.835135135
3091,OK,,197.894737,8.13,151,123.6,151,59.0603871,0.003601524,7.18195655,0.042416585,4.35E-05,0.878335405,974.274341,0.818543046
3092,OK,,197.894737,8.13,154,123.6,154,60.2337722,0.002234521,8.39099302,0.049020787,2.66E-05,0.860655788,1841.17971,0.802597403
3093,OK,,197.894737,8.13,157,123.6,157,61.4071574,0.001424489,9.65151025,0.055743958,1.67E-05,0.842804403,3334.36963,0.787261146
3094,OK,,197.894737,8.13,160,123.6,160,62.5805426,0.001011137,10.7917416,0.061698302,1.17E-05,0.827538205,5266.29419,0.7725
3095,OK,,197.894737,8.61904737,121,123.6,121,47.3265353,2.55094613,0.259808073,0.001664344,0.033828956,0.940609339,0.0491988,1.0214876
3096,OK,,197.894737,8.61904737,124,123.6,124,48.4999205,2.00367196,0.337789129,0.002151929,0.026485555,0.951722373,0.081249145,0.996774194
3097,OK,,197.894737,8.61904737,127,123.6,127,49.6733057,1.47645711,0.449946714,0.002849593,0.019443065,0.96121853,0.146560876,0.973228346
3098,OK,,197.894737,8.61904737,130,123.6,130,50.8466908,0.980657322,0.625211881,0.003934619,0.012855581,0.968417429,0.306063146,0.950769231
3099,OK,,197.894737,8.61904737,133,123.6,133,52.020076,0.53863385,0.928197397,0.005800942,0.007020381,0.971802593,0.826300141,0.929323308
3100,OK,,197.894737,8.61904737,136,123.6,136,53.1934612,0.223724774,1.46083203,0.00905808,0.002891798,0.968331506,3.1323352,0.908823529
3101,OK,,197.894737,8.61904737,139,123.6,139,54.3668464,0.075822154,2.33042857,0.014318533,0.000968679,0.955740476,14.7815021,0.889208633
3102,OK,,197.894737,8.61904737,142,123.6,142,55.5402315,0.028630268,3.45475227,0.021008982,0.000360612,0.937281815,58.2592979,0.870422535
3103,OK,,197.894737,8.61904737,145,123.6,145,56.7136167,0.013492244,4.59678601,0.027674445,0.00016764,0.9187095,165.082572,0.852413793
3104,OK,,197.894737,8.61904737,148,123.6,148,57.8870019,0.007095387,5.77838753,0.034424832,8.69E-05,0.900055578,396.099415,0.835135135
3105,OK,,197.894737,8.61904737,151,123.6,151,59.0603871,0.003989146,7.01288147,0.04132179,4.81E-05,0.881191591,858.374839,0.818543046
3106,OK,,197.894737,8.61904737,154,123.6,154,60.2337722,0.002507076,8.18193702,0.047712703,2.98E-05,0.864122007,1598.61045,0.802597403
3107,OK,,197.894737,8.61904737,157,123.6,157,61.4071574,0.001927171,9.36656066,0.054038686,2.26E-05,0.847436549,2388.71963,0.787261146
3108,OK,,197.894737,8.61904737,160,123.6,160,62.5805426,0.001107256,10.5957556,0.06046599,1.28E-05,0.830668409,4717.94943,0.7725
3109,OK,,197.894737,9.10809474,121,123.6,121,47.3265353,2.64793352,0.252532575,0.001612712,0.034997691,0.938713745,0.046080528,1.0214876
3110,OK,,197.894737,9.10809474,124,123.6,124,48.4999205,2.09872041,0.325302851,0.002066067,0.027650964,0.950020057,0.074719521,0.996774194
3111,OK,,197.894737,9.10809474,127,123.6,127,49.6733057,1.56674984,0.432765853,0.002732609,0.020566856,0.959746676,0.132864688,0.973228346
3112,OK,,197.894737,9.10809474,130,123.6,130,50.8466908,1.06814115,0.594482605,0.003730383,0.013959431,0.96730124,0.267230286,0.950769231
3113,OK,,197.894737,9.10809474,133,123.6,133,52.020076,0.619858472,0.864845734,0.005390169,0.008055864,0.971459015,0.669098763,0.929323308
3114,OK,,197.894737,9.10809474,136,123.6,136,53.1934612,0.272921306,1.34743278,0.00833375,0.003519806,0.969538472,2.36767298,0.908823529
3115,OK,,197.894737,9.10809474,139,123.6,139,54.3668464,0.092392095,2.17054993,0.013305253,0.001178504,0.958376434,11.2899535,0.889208633
3116,OK,,197.894737,9.10809474,142,123.6,142,55.5402315,0.03550451,3.23958914,0.019663427,0.000446846,0.941032049,44.0049269,0.870422535
3117,OK,,197.894737,9.10809474,145,123.6,145,56.7136167,0.015856565,4.38523553,0.026346383,0.000196778,0.922397965,133.888699,0.852413793
3118,OK,,197.894737,9.10809474,148,123.6,148,57.8870019,0.008145022,5.5690366,0.033110585,9.97E-05,0.903653991,332.267815,0.835135135
3119,OK,,197.894737,9.10809474,151,123.6,151,59.0603871,0.004828616,6.69440801,0.039391023,5.82E-05,0.886569713,676.273397,0.818543046
3120,OK,,197.894737,9.10809474,154,123.6,154,60.2337722,0.002827217,7.96550684,0.046362904,3.36E-05,0.867709862,1378.96336,0.802597403
3121,OK,,197.894737,9.10809474,157,123.6,157,61.4071574,0.001712134,9.16511472,0.052776295,2.01E-05,0.850720547,2628.74924,0.787261146
3122,OK,,197.894737,9.10809474,160,123.6,160,62.5805426,0.001249446,10.3462323,0.058943576,1.44E-05,0.834653371,4079.59031,0.7725
3123,OK,,197.894737,9.59714211,121,123.6,121,47.3265353,2.74641271,0.245548197,0.001563245,0.036177593,0.936780479,0.043210312,1.0214876
3124,OK,,197.894737,9.59714211,124,123.6,124,48.4999205,2.20019796,0.314357608,0.001990444,0.02888998,0.948153408,0.068897388,0.996774194
3125,OK,,197.894737,9.59714211,127,123.6,127,49.6733057,1.66650072,0.415263835,0.002614242,0.021803772,0.958090879,0.119898615,0.973228346
3126,OK,,197.894737,9.59714211,130,123.6,130,50.8466908,1.15605233,0.566832269,0.003546559,0.015062054,0.966116092,0.23546315,0.950769231
3127,OK,,197.894737,9.59714211,133,123.6,133,52.020076,0.697600099,0.813367324,0.005055244,0.009040591,0.970954148,0.559171845,0.929323308
3128,OK,,197.894737,9.59714211,136,123.6,136,53.1934612,0.326103732,1.249916,0.0077107,0.004195969,0.970371927,1.83764461,0.908823529
3129,OK,,197.894737,9.59714211,139,123.6,139,54.3668464,0.114571985,2.00664815,0.012272088,0.001458988,0.960983204,8.41136914,0.889208633
3130,OK,,197.894737,9.59714211,142,123.6,142,55.5402315,0.042089513,3.04280096,0.018429128,0.000529021,0.944456651,34.8362774,0.870422535
3131,OK,,197.894737,9.59714211,145,123.6,145,56.7136167,0.017627769,4.25060682,0.025462477,0.000218141,0.924740568,116.724672,0.852413793
3132,OK,,197.894737,9.59714211,148,123.6,148,57.8870019,0.009381269,5.36500095,0.031832924,0.000114643,0.907157357,277.670748,0.835135135
3133,OK,,197.894737,9.59714211,151,123.6,151,59.0603871,0.005289198,6.54784211,0.038445719,6.37E-05,0.889043543,603.289528,0.818543046
3134,OK,,197.894737,9.59714211,154,123.6,154,60.2337722,0.002987112,7.86970581,0.045701278,3.55E-05,0.869297694,1288.19072,0.802597403
3135,OK,,197.894737,9.59714211,157,123.6,157,61.4071574,0.002054083,8.94219497,0.051399024,2.41E-05,0.85434517,2136.147,0.787261146
3136,OK,,197.894737,9.59714211,160,123.6,160,62.5805426,0.001364991,10.1677458,0.05781569,1.58E-05,0.837503633,3666.73061,0.7725
3137,OK,,197.894737,10.0861895,121,123.6,121,47.3265353,2.84785598,0.238740408,0.001515183,0.037386296,0.93478085,0.040527759,1.0214876
3138,OK,,197.894737,10.0861895,124,123.6,124,48.4999205,2.29712299,0.304618859,0.001922904,0.030063377,0.94635575,0.063961673,0.996774194
3139,OK,,197.894737,10.0861895,127,123.6,127,49.6733057,1.76426682,0.399519709,0.002507581,0.023006514,0.956439651,0.108994381,0.973228346
3140,OK,,197.894737,10.0861895,130,123.6,130,50.8466908,1.25422165,0.539041697,0.003362831,0.016288102,0.964731956,0.206459336,0.950769231
3141,OK,,197.894737,10.0861895,133,123.6,133,52.020076,0.773433915,0.769790393,0.004771042,0.00999531,0.970334063,0.477328071,0.929323308
3142,OK,,197.894737,10.0861895,136,123.6,136,53.1934612,0.386904021,1.15952467,0.007134435,0.004966079,0.970928218,1.43663348,0.908823529
3143,OK,,197.894737,10.0861895,139,123.6,139,54.3668464,0.141970134,1.85560593,0.011321624,0.001804683,0.963257459,6.27347054,0.889208633
3144,OK,,197.894737,10.0861895,142,123.6,142,55.5402315,0.052196425,2.84935733,0.01722001,0.000655142,0.947757622,26.2843971,0.870422535
3145,OK,,197.894737,10.0861895,145,123.6,145,56.7136167,0.02218488,3.96252188,0.02370854,0.000274643,0.929739858,86.3250084,0.852413793
3146,OK,,197.894737,10.0861895,148,123.6,148,57.8870019,0.010885067,5.14856544,0.030487637,0.000132866,0.91087031,229.460983,0.835135135
3147,OK,,197.894737,10.0861895,151,123.6,151,59.0603871,0.005998191,6.34509474,0.037181314,7.22E-05,0.892464421,515.063763,0.818543046
3148,OK,,197.894737,10.0861895,154,123.6,154,60.2337722,0.003620278,7.52671067,0.043644244,4.30E-05,0.874981581,1015.89591,0.802597403
3149,OK,,197.894737,10.0861895,157,123.6,157,61.4071574,0.002278565,8.74574928,0.050174154,2.67E-05,0.857540583,1881.81034,0.787261146
3150,OK,,197.894737,10.0861895,160,123.6,160,62.5805426,0.001522957,9.94439738,0.056445735,1.76E-05,0.841070085,3211.718,0.7725
3151,OK,,197.894737,10.5752368,121,123.6,121,47.3265353,2.9477747,0.232406788,0.001470415,0.038567718,0.932803416,0.038125537,1.0214876
3152,OK,,197.894737,10.5752368,124,123.6,124,48.4999205,2.39743252,0.295155215,0.001857477,0.031271139,0.944482636,0.059399096,0.996774194
3153,OK,,197.894737,10.5752368,127,123.6,127,49.6733057,1.8598977,0.385329414,0.002411308,0.024175971,0.954800127,0.099739864,0.973228346
3154,OK,,197.894737,10.5752368,130,123.6,130,50.8466908,1.34325473,0.516757286,0.003214423,0.017390617,0.963419212,0.184836603,0.950769231
3155,OK,,197.894737,10.5752368,133,123.6,133,52.020076,0.862788502,0.724777284,0.004479423,0.01111625,0.969481671,0.402961679,0.929323308
3156,OK,,197.894737,10.5752368,136,123.6,136,53.1934612,0.450787686,1.08145852,0.006636527,0.005771484,0.971194839,1.1498821,0.908823529
3157,OK,,197.894737,10.5752368,139,123.6,139,54.3668464,0.177275804,1.70603498,0.010384364,0.002249176,0.965359205,4.61696402,0.889208633
3158,OK,,197.894737,10.5752368,142,123.6,142,55.5402315,0.062273097,2.65944708,0.016037173,0.000780526,0.95099552,20.5466223,0.870422535
3159,OK,,197.894737,10.5752368,145,123.6,145,56.7136167,0.025934024,3.77528268,0.022540014,0.00032065,0.932975237,70.2947207,0.852413793
3160,OK,,197.894737,10.5752368,148,123.6,148,57.8870019,0.012209381,4.98863048,0.029466365,0.000148727,0.913610315,198.123219,0.835135135
3161,OK,,197.894737,10.5752368,151,123.6,151,59.0603871,0.006909334,6.12062181,0.035796864,8.31E-05,0.896249729,430.967653,0.818543046
3162,OK,,197.894737,10.5752368,154,123.6,154,60.2337722,0.004076765,7.32709332,0.042403975,4.83E-05,0.878288047,877.470406,0.802597403
3163,OK,,197.894737,10.5752368,157,123.6,157,61.4071574,0.002565055,8.52257219,0.048804492,3.00E-05,0.8611703,1627.67614,0.787261146
3164,OK,,197.894737,10.5752368,160,123.6,160,62.5805426,0.0021833,9.75100788,0.05524458,2.52E-05,0.844149782,2194.96079,0.7725
3165,OK,,197.894737,11.0642842,121,123.6,121,47.3265353,3.04925042,0.226308838,0.001427395,0.039760159,0.930788104,0.035900126,1.0214876
3166,OK,,197.894737,11.0642842,124,123.6,124,48.4999205,2.49496467,0.286532578,0.001797724,0.032436155,0.942649447,0.055423469,0.996774194
3167,OK,,197.894737,11.0642842,127,123.6,127,49.6733057,1.95717592,0.37192652,0.002320474,0.025357543,0.953111588,0.091510212,0.973228346
3168,OK,,197.894737,11.0642842,130,123.6,130,50.8466908,1.43485996,0.495531309,0.003073397,0.018518578,0.962035066,0.165962896,0.950769231
3169,OK,,197.894737,11.0642842,133,123.6,133,52.020076,0.944913884,0.688571149,0.004243656,0.012138912,0.96859895,0.349591156,0.929323308
3170,OK,,197.894737,11.0642842,136,123.6,136,53.1934612,0.520565525,1.01019773,0.006182689,0.006647346,0.971222718,0.930098851,0.908823529
3171,OK,,197.894737,11.0642842,139,123.6,139,54.3668464,0.216185213,1.58044345,0.009596449,0.002737349,0.966953598,3.50574533,0.889208633
3172,OK,,197.894737,11.0642842,142,123.6,142,55.5402315,0.075994235,2.47370837,0.014884259,0.000951107,0.95409269,15.6494136,0.870422535
3173,Errors,,197.894737,11.0642842,145,123.6,145,56.7136167,0.016801182,5.73866432,0.033868014,0.000205002,0.898517043,165.20835,0.852413793
3174,OK,,197.894737,11.0642842,148,123.6,148,57.8870019,0.014016343,4.79704379,0.028271868,0.000170478,0.916888767,165.838468,0.835135135
3175,OK,,197.894737,11.0642842,151,123.6,151,59.0603871,0.007822604,5.92740523,0.034596728,9.39E-05,0.899505775,368.315416,0.818543046
3176,OK,,197.894737,11.0642842,154,123.6,154,60.2337722,0.004583477,7.11889587,0.041119715,5.43E-05,0.881736124,757.654649,0.802597403
3177,OK,,197.894737,11.0642842,157,123.6,157,61.4071574,0.002869439,8.31347869,0.04751799,3.35E-05,0.864570378,1418.16008,0.787261146
3178,OK,,197.894737,11.0642842,160,123.6,160,62.5805426,0.001855397,9.54971881,0.05400156,2.14E-05,0.847371502,2527.58732,0.7725
3179,OK,,197.894737,11.5533316,121,123.6,121,47.3265353,3.14803298,0.220687129,0.001387641,0.040911641,0.928819634,0.033917993,1.0214876
3180,OK,,197.894737,11.5533316,124,123.6,124,48.4999205,2.5950515,0.278189117,0.001740063,0.033625154,0.940757828,0.051748838,0.996774194
3181,OK,,197.894737,11.5533316,127,123.6,127,49.6733057,2.05548995,0.357780693,0.002225551,0.026544402,0.951417152,0.083842591,0.973228346
3182,OK,,197.894737,11.5533316,130,123.6,130,50.8466908,1.52849028,0.47568674,0.002941703,0.019664882,0.960583924,0.149591702,0.950769231
3183,OK,,197.894737,11.5533316,133,123.6,133,52.020076,1.03724512,0.652370592,0.004009158,0.013284008,0.96751993,0.301803372,0.929323308
3184,OK,,197.894737,11.5533316,136,123.6,136,53.1934612,0.594150204,0.946717146,0.005778589,0.007566553,0.971032768,0.763701647,0.908823529
3185,OK,,197.894737,11.5533316,139,123.6,139,54.3668464,0.261335365,1.46600098,0.008879489,0.003301981,0.968228131,2.68914008,0.889208633
3186,OK,,197.894737,11.5533316,142,123.6,142,55.5402315,0.093175891,2.30729556,0.013851633,0.001164341,0.956779592,11.8965388,0.870422535
3187,OK,,197.894737,11.5533316,145,123.6,145,56.7136167,0.037754534,3.36451262,0.020003387,0.000465591,0.940009695,42.9634353,0.852413793
3188,OK,,197.894737,11.5533316,148,123.6,148,57.8870019,0.017113485,4.52695835,0.026643626,0.000208153,0.921500999,128.000191,0.835135135
3189,OK,,197.894737,11.5533316,151,123.6,151,59.0603871,0.009097636,5.70428063,0.033229928,0.000109121,0.903262092,304.523766,0.818543046
3190,OK,,197.894737,11.5533316,154,123.6,154,60.2337722,0.005203995,6.90288483,0.039796077,6.16E-05,0.885312034,646.530812,0.802597403
3191,OK,,197.894737,11.5533316,157,123.6,157,61.4071574,0.003052456,8.10455546,0.046236816,3.56E-05,0.867969659,1298.55617,0.787261146
3192,OK,,197.894737,11.5533316,160,123.6,160,62.5805426,0.002092847,9.31012593,0.052558192,2.41E-05,0.85119626,2182.85927,0.7725
3193,OK,,197.894737,12.0423789,121,123.6,121,47.3265353,3.25096649,0.215106961,0.001348366,0.042105679,0.926762578,0.032023378,1.0214876
3194,OK,,197.894737,12.0423789,124,123.6,124,48.4999205,2.69645471,0.270223083,0.001685085,0.034822094,0.938831285,0.048391257,0.996774194
3195,OK,,197.894737,12.0423789,127,123.6,127,49.6733057,2.15154073,0.346345,0.002147985,0.027695193,0.949713721,0.077558046,0.973228346
3196,OK,,197.894737,12.0423789,130,123.6,130,50.8466908,1.6230607,0.457307143,0.002819772,0.020815467,0.959085482,0.135465235,0.950769231
3197,OK,,197.894737,12.0423789,133,123.6,133,52.020076,1.11895918,0.623904145,0.00382336,0.014288927,0.966496333,0.267575054,0.929323308
3198,OK,,197.894737,12.0423789,136,123.6,136,53.1934612,0.668377616,0.891904002,0.005429256,0.008488731,0.970667793,0.639583994,0.908823529
3199,OK,,197.894737,12.0423789,139,123.6,139,54.3668464,0.313337788,1.36019374,0.008218022,0.003950226,0.969217793,2.08039289,0.889208633
3200,OK,,197.894737,12.0423789,142,123.6,142,55.5402315,0.115373764,2.12997775,0.012758509,0.001439387,0.959572522,8.86384628,0.870422535
3201,OK,,197.894737,12.0423789,145,123.6,145,56.7136167,0.043958543,3.17674302,0.01884674,0.000541405,0.943211141,34.8107744,0.852413793
3202,OK,,197.894737,12.0423789,148,123.6,148,57.8870019,0.020084544,4.31616409,0.025351431,0.000243997,0.925091152,103.900458,0.835135135
3203,OK,,197.894737,12.0423789,151,123.6,151,59.0603871,0.010525859,5.47542433,0.03183596,0.000126115,0.907112864,252.435054,0.818543046
3204,OK,,197.894737,12.0423789,154,123.6,154,60.2337722,0.005985866,6.6675031,0.038367991,7.07E-05,0.889206857,542.482911,0.802597403
3205,OK,,197.894737,12.0423789,157,123.6,157,61.4071574,0.003609096,7.89150943,0.044937431,4.21E-05,0.871429995,1068.54589,0.787261146
3206,OK,,197.894737,12.0423789,160,123.6,160,62.5805426,0.00234052,9.09024719,0.051224615,2.69E-05,0.854705835,1904.28092,0.7725
3207,OK,,197.894737,12.5314263,121,123.6,121,47.3265353,3.35316893,0.209824094,0.001311195,0.043283252,0.924714687,0.030293355,1.0214876
3208,OK,,197.894737,12.5314263,124,123.6,124,48.4999205,2.79543528,0.262890886,0.001634392,0.03598182,0.936941625,0.045422704,0.996774194
3209,OK,,197.894737,12.5314263,127,123.6,127,49.6733057,2.24966035,0.335398666,0.0020739,0.028864244,0.947958788,0.071850151,0.973228346
3210,OK,,197.894737,12.5314263,130,123.6,130,50.8466908,1.72037282,0.439884581,0.002704415,0.021992996,0.957514297,0.122967107,0.950769231
3211,OK,,197.894737,12.5314263,133,123.6,133,52.020076,1.21076929,0.594925636,0.003635417,0.015414033,0.965288499,0.235851113,0.929323308
3212,OK,,197.894737,12.5314263,136,123.6,136,53.1934612,0.74824928,0.840756762,0.005103975,0.009476546,0.970127794,0.538590243,0.908823529
3213,OK,,197.894737,12.5314263,139,123.6,139,54.3668464,0.372920236,1.26221002,0.007606726,0.004690249,0.969924129,1.62181723,0.889208633
3214,OK,,197.894737,12.5314263,142,123.6,142,55.5402315,0.13943201,1.98798173,0.011880267,0.001736608,0.961695987,6.84107716,0.870422535
3215,OK,,197.894737,12.5314263,145,123.6,145,56.7136167,0.053670184,2.9875147,0.017686159,0.00066012,0.94637646,26.7923594,0.852413793
3216,OK,,197.894737,12.5314263,148,123.6,148,57.8870019,0.023418026,4.11985758,0.02414841,0.000284149,0.928424768,84.9848956,0.835135135
3217,OK,,197.894737,12.5314263,151,123.6,151,59.0603871,0.011935009,5.29655118,0.030731721,0.000142826,0.910117653,215.169078,0.818543046
3218,OK,,197.894737,12.5314263,154,123.6,154,60.2337722,0.006555455,6.51710478,0.037412733,7.73E-05,0.89169431,483.925008,0.802597403
3219,OK,,197.894737,12.5314263,157,123.6,157,61.4071574,0.003956033,7.67003113,0.043595734,4.60E-05,0.875031063,946.712133,0.787261146
3220,OK,,197.894737,12.5314263,160,123.6,160,62.5805426,0.002611515,8.87829768,0.049939102,3.00E-05,0.858088332,1665.54311,0.7725
3221,OK,,197.894737,13.0204737,121,123.6,121,47.3265353,3.45663716,0.204732833,0.001275432,0.044467721,0.922636002,0.028682191,1.0214876
3222,OK,,197.894737,13.0204737,124,123.6,124,48.4999205,2.89669901,0.25578844,0.001585407,0.037161349,0.935000152,0.042662782,0.996774194
3223,OK,,197.894737,13.0204737,127,123.6,127,49.6733057,2.34795629,0.325134682,0.002004434,0.030027845,0.94618657,0.066752496,0.973228346
3224,OK,,197.894737,13.0204737,130,123.6,130,50.8466908,1.81575462,0.424146279,0.002600036,0.023138943,0.955947951,0.112366242,0.950769231
3225,OK,,197.894737,13.0204737,133,123.6,133,52.020076,1.30148852,0.569421753,0.003469662,0.016518519,0.964034842,0.210046821,0.929323308
3226,OK,,197.894737,13.0204737,136,123.6,136,53.1934612,0.831624827,0.794238929,0.004808365,0.010502303,0.969434894,0.457839152,0.908823529
3227,OK,,197.894737,13.0204737,139,123.6,139,54.3668464,0.437057225,1.17587257,0.007068215,0.005483371,0.970332475,1.28902732,0.889208633
3228,OK,,197.894737,13.0204737,142,123.6,142,55.5402315,0.173449813,1.83205745,0.010923215,0.002156317,0.963890909,5.06568088,0.870422535
3229,OK,,197.894737,13.0204737,145,123.6,145,56.7136167,0.063174837,2.80203797,0.016552393,0.00077596,0.949479279,21.3314906,0.852413793
3230,OK,,197.894737,13.0204737,148,123.6,148,57.8870019,0.027624577,3.91382048,0.022893814,0.000334781,0.931911398,68.3844508,0.835135135
3231,OK,,197.894737,13.0204737,151,123.6,151,59.0603871,0.013813617,5.07742616,0.029402648,0.000165119,0.913796031,178.069441,0.818543046
3232,OK,,197.894737,13.0204737,154,123.6,154,60.2337722,0.007655558,6.26461422,0.035908727,9.03E-05,0.89586789,397.863786,0.802597403
3233,OK,,197.894737,13.0204737,157,123.6,157,61.4071574,0.004587854,7.46086674,0.042326886,5.33E-05,0.878426963,793.422555,0.787261146
3234,OK,,197.894737,13.0204737,160,123.6,160,62.5805426,0.002948986,8.64835379,0.048557272,3.38E-05,0.861757306,1435.61638,0.7725
3235,OK,,197.894737,13.5095211,121,123.6,121,47.3265353,3.55507891,0.200137528,0.00124298,0.045583666,0.920653046,0.027268091,1.0214876
3236,OK,,197.894737,13.5095211,124,123.6,124,48.4999205,2.9969553,0.249136353,0.001539496,0.038320691,0.933070165,0.040174014,0.996774194
3237,OK,,197.894737,13.5095211,127,123.6,127,49.6733057,2.4430158,0.315826885,0.001941264,0.031144162,0.944460256,0.062331549,0.973228346
3238,OK,,197.894737,13.5095211,130,123.6,130,50.8466908,1.91054759,0.409649556,0.002503837,0.0242703,0.954368768,0.10316465,0.950769231
3239,OK,,197.894737,13.5095211,133,123.6,133,52.020076,1.39585848,0.545011551,0.003311442,0.017661267,0.962689981,0.187497443,0.929323308
3240,OK,,197.894737,13.5095211,136,123.6,136,53.1934612,0.914095741,0.753804508,0.004551016,0.011510859,0.968644638,0.395367174,0.908823529
3241,OK,,197.894737,13.5095211,139,123.6,139,54.3668464,0.500352429,1.10464163,0.006622763,0.006262022,0.970478441,1.0576077,0.889208633
3242,OK,,197.894737,13.5095211,142,123.6,142,55.5402315,0.211003173,1.70062757,0.010115538,0.002618117,0.965581153,3.86366904,0.870422535
3243,OK,,197.894737,13.5095211,145,123.6,145,56.7136167,0.077717534,2.60898283,0.015378953,0.000953207,0.952626891,16.1339144,0.852413793
3244,OK,,197.894737,13.5095211,148,123.6,148,57.8870019,0.032641039,3.70974693,0.021655528,0.000395084,0.935350116,54.8124565,0.835135135
3245,OK,,197.894737,13.5095211,151,123.6,151,59.0603871,0.016243153,4.86250599,0.028098131,0.000193917,0.917393885,144.897734,0.818543046
3246,OK,,197.894737,13.5095211,154,123.6,154,60.2337722,0.008749523,6.06156912,0.034673005,0.000103029,0.899220679,336.537239,0.802597403
3247,OK,,197.894737,13.5095211,157,123.6,157,61.4071574,0.005194765,7.25074967,0.0410544,6.03E-05,0.881838783,680.416567,0.787261146
3248,OK,,197.894737,13.5095211,160,123.6,160,62.5805426,0.003291118,8.43794808,0.047289144,3.77E-05,0.865113998,1254.07295,0.7725
3249,OK,,197.894737,13.9985684,121,123.6,121,47.3265353,3.6492732,0.195952474,0.001213278,0.046641638,0.918751169,0.026012757,1.0214876
3250,OK,,197.894737,13.9985684,124,123.6,124,48.4999205,3.09313713,0.243082435,0.001497559,0.039423388,0.931211855,0.037986564,0.996774194
3251,OK,,197.894737,13.9985684,127,123.6,127,49.6733057,2.54549268,0.306338288,0.001877321,0.032343464,0.942588259,0.058043292,0.973228346
3252,OK,,197.894737,13.9985684,130,123.6,130,50.8466908,2.00716242,0.395893121,0.002412689,0.025416838,0.952739195,0.094924811,0.950769231
3253,OK,,197.894737,13.9985684,133,123.6,133,52.020076,1.4917705,0.522416368,0.003165086,0.018815883,0.961280586,0.168213544,0.929323308
3254,OK,,197.894737,13.9985684,136,123.6,136,53.1934612,0.999483223,0.716608679,0.004314508,0.012549645,0.967738668,0.343795218,0.908823529
3255,OK,,197.894737,13.9985684,139,123.6,139,54.3668464,0.576776728,1.03169068,0.006169213,0.007199171,0.970414554,0.856933816,0.889208633
3256,OK,,197.894737,13.9985684,142,123.6,142,55.5402315,0.253877678,1.58162343,0.009383465,0.003142441,0.966951864,2.98604309,0.870422535
3257,OK,,197.894737,13.9985684,145,123.6,145,56.7136167,0.093988802,2.43993268,0.01435076,0.001151049,0.955320757,12.4675511,0.852413793
3258,OK,,197.894737,13.9985684,148,123.6,148,57.8870019,0.03956816,3.51718334,0.020483023,0.000478164,0.938556992,42.8368472,0.835135135
3259,OK,,197.894737,13.9985684,151,123.6,151,59.0603871,0.018934522,4.64842917,0.026808305,0.000225789,0.920973026,118.731929,0.818543046
3260,OK,,197.894737,13.9985684,154,123.6,154,60.2337722,0.010020337,5.84789413,0.033386645,0.000117863,0.90274701,283.26576,0.802597403
3261,OK,,197.894737,13.9985684,157,123.6,157,61.4071574,0.005841499,7.04507018,0.039813966,6.78E-05,0.88517769,587.440618,0.787261146
3262,OK,,197.894737,13.9985684,160,123.6,160,62.5805426,0.00364888,8.24239182,0.046106535,4.18E-05,0.868233154,1103.98768,0.7725
3263,OK,,197.894737,14.4876158,121,123.6,121,47.3265353,3.75294759,0.191508024,0.001182117,0.047805318,0.916654461,0.024727728,1.0214876
3264,OK,,197.894737,14.4876158,124,123.6,124,48.4999205,3.20011519,0.236633627,0.001453399,0.040648202,0.929139084,0.035755559,0.996774194
3265,OK,,197.894737,14.4876158,127,123.6,127,49.6733057,2.6456294,0.297627985,0.001818512,0.033506425,0.940747705,0.054273533,0.973228346
3266,OK,,197.894737,14.4876158,130,123.6,130,50.8466908,2.10714622,0.381078223,0.002315613,0.026596968,0.951064181,0.087063034,0.950769231
3267,OK,,197.894737,14.4876158,133,123.6,133,52.020076,1.58097866,0.503219732,0.003040097,0.019881164,0.95993473,0.152913437,0.929323308
3268,Errors,,197.894737,14.4876158,136,123.6,136,53.1934612,1.05254595,0.693206972,0.00415986,0.013195392,0.967181062,0.315250944,0.908823529
3269,OK,,197.894737,14.4876158,139,123.6,139,54.3668464,0.647436114,0.974285537,0.00581055,0.008060168,0.970170761,0.72089683,0.889208633
3270,OK,,197.894737,14.4876158,142,123.6,142,55.5402315,0.298339717,1.48255257,0.008775528,0.003686612,0.967935094,2.38037773,0.870422535
3271,OK,,197.894737,14.4876158,145,123.6,145,56.7136167,0.115900503,2.27206836,0.01333086,0.001416941,0.957894259,9.40819588,0.852413793
3272,OK,,197.894737,14.4876158,148,123.6,148,57.8870019,0.046480265,3.31259374,0.019253609,0.000561093,0.941971878,34.3144615,0.835135135
3273,OK,,197.894737,14.4876158,151,123.6,151,59.0603871,0.021663788,4.46480082,0.025696457,0.000258025,0.924035977,99.5888802,0.818543046
3274,OK,,197.894737,14.4876158,154,123.6,154,60.2337722,0.011502436,5.63283145,0.032097161,0.000135147,0.906292871,237.49848,0.802597403
3275,OK,,197.894737,14.4876158,157,123.6,157,61.4071574,0.006657954,6.81845827,0.038462893,7.72E-05,0.888854711,498.430265,0.787261146
3276,OK,,197.894737,14.4876158,160,123.6,160,62.5805426,0.004116344,8.01546335,0.044756912,4.71E-05,0.871851867,950.934935,0.7725
3277,OK,,197.894737,14.9766632,121,123.6,121,47.3265353,3.86387554,0.186946608,0.001150399,0.049046934,0.914406958,0.023455059,1.0214876
3278,OK,,197.894737,14.9766632,124,123.6,124,48.4999205,3.29734426,0.231107978,0.00141519,0.041748432,0.927248288,0.033898043,0.996774194
3279,OK,,197.894737,14.9766632,127,123.6,127,49.6733057,2.74021591,0.289885603,0.001765964,0.034595098,0.938999399,0.051046642,0.973228346
3280,OK,,197.894737,14.9766632,130,123.6,130,50.8466908,2.18479927,0.371577766,0.002251386,0.02749915,0.949723827,0.081871113,0.950769231
3281,OK,,197.894737,14.9766632,133,123.6,133,52.020076,1.67758085,0.483997468,0.002915607,0.021030041,0.958447229,0.13864011,0.929323308
3282,OK,,197.894737,14.9766632,136,123.6,136,53.1934612,1.17601667,0.651453866,0.003900507,0.014679385,0.965644827,0.265713258,0.908823529
3283,OK,,197.894737,14.9766632,139,123.6,139,54.3668464,0.725391438,0.919211388,0.005467523,0.009006157,0.969749895,0.60708721,0.889208633
3284,OK,,197.894737,14.9766632,142,123.6,142,55.5402315,0.363040987,1.3748,0.008115809,0.004474741,0.968710231,1.81369339,0.870422535
3285,OK,,197.894737,14.9766632,145,123.6,145,56.7136167,0.140911092,2.11684009,0.012392173,0.001719855,0.960190316,7.20535884,0.852413793
3286,OK,,197.894737,14.9766632,148,123.6,148,57.8870019,0.055800614,3.13397211,0.018176867,0.000672705,0.944896564,27.0205632,0.835135135
3287,OK,,197.894737,14.9766632,151,123.6,151,59.0603871,0.025342758,4.25728864,0.024453437,0.000301487,0.927487245,81.1093716,0.818543046
3288,OK,,197.894737,14.9766632,154,123.6,154,60.2337722,0.013099746,5.43395327,0.030903076,0.00015374,0.909568124,201.008114,0.802597403
3289,OK,,197.894737,14.9766632,157,123.6,157,61.4071574,0.007589294,6.59544102,0.037136422,8.79E-05,0.892471324,422.625045,0.787261146
3290,OK,,197.894737,14.9766632,160,123.6,160,62.5805426,0.004596028,7.81089534,0.04353363,5.25E-05,0.875113078,829.277667,0.7725
3291,OK,,197.894737,15.4657105,121,123.6,121,47.3265353,3.9642277,0.183043024,0.00112294,0.05015521,0.912369019,0.022389292,1.0214876
3292,OK,,197.894737,15.4657105,124,123.6,124,48.4999205,3.40072372,0.225485712,0.00137659,0.042914345,0.925232673,0.032077629,0.996774194
3293,OK,,197.894737,15.4657105,127,123.6,127,49.6733057,2.84486279,0.281714157,0.001711068,0.035797058,0.9370572,0.047799111,0.973228346
3294,OK,,197.894737,15.4657105,130,123.6,130,50.8466908,2.29955352,0.358072047,0.002163148,0.028843172,0.947732576,0.074996881,0.950769231
3295,OK,,197.894737,15.4657105,133,123.6,133,52.020076,1.77322748,0.466461899,0.002801938,0.022160039,0.956945673,0.126441034,0.929323308
3296,OK,,197.894737,15.4657105,136,123.6,136,53.1934612,1.26606001,0.622993787,0.003719729,0.015756365,0.964487105,0.236077846,0.908823529
3297,OK,,197.894737,15.4657105,139,123.6,139,54.3668464,0.804288939,0.875725773,0.005193749,0.009957055,0.969098544,0.521614917,0.889208633
3298,OK,,197.894737,15.4657105,142,123.6,142,55.5402315,0.422256793,1.28696315,0.00757826,0.00519249,0.969225552,1.45946555,0.870422535
3299,OK,,197.894737,15.4657105,145,123.6,145,56.7136167,0.169981968,1.9746148,0.0115332,0.002071069,0.962185505,5.56871831,0.852413793
3300,OK,,197.894737,15.4657105,148,123.6,148,57.8870019,0.067317236,2.93714682,0.016999979,0.000810445,0.948097777,20.9761019,0.835135135
3301,OK,,197.894737,15.4657105,151,123.6,151,59.0603871,0.030388924,4.02188732,0.023056998,0.000361095,0.931387577,63.8530374,0.818543046
3302,OK,,197.894737,15.4657105,154,123.6,154,60.2337722,0.015056203,5.22415901,0.029652408,0.000176503,0.913018644,167.999579,0.802597403
3303,OK,,197.894737,15.4657105,157,123.6,157,61.4071574,0.008515806,6.40243491,0.035979392,9.85E-05,0.895599292,365.316953,0.787261146
3304,OK,,197.894737,15.4657105,160,123.6,160,62.5805426,0.005139762,7.60498794,0.042306246,5.86E-05,0.878394667,721.455627,0.7725
3305,OK,,197.894737,15.9547579,121,123.6,121,47.3265353,4.07143893,0.179025854,0.00109493,0.051336808,0.91018855,0.021328355,1.0214876
3306,OK,,197.894737,15.9547579,124,123.6,124,48.4999205,3.50388781,0.22014405,0.001339929,0.044070206,0.923215712,0.03040443,0.996774194
3307,OK,,197.894737,15.9547579,127,123.6,127,49.6733057,2.94608175,0.274250565,0.001660794,0.036950431,0.93516976,0.044946545,0.973228346
3308,OK,,197.894737,15.9547579,130,123.6,130,50.8466908,2.3889364,0.348383555,0.002098527,0.029873989,0.946165229,0.070245972,0.950769231
3309,OK,,197.894737,15.9547579,133,123.6,133,52.020076,1.86000394,0.451759212,0.002705916,0.023176123,0.955560174,0.116754487,0.929323308
3310,OK,,197.894737,15.9547579,136,123.6,136,53.1934612,1.35759445,0.600412017,0.003574154,0.016842927,0.963190843,0.212205021,0.908823529
3311,OK,,197.894737,15.9547579,139,123.6,139,54.3668464,0.889295944,0.829313482,0.004905295,0.010978319,0.96838865,0.446816637,0.889208633
3312,OK,,197.894737,15.9547579,142,123.6,142,55.5402315,0.482411254,1.20988399,0.007106378,0.005918282,0.969530281,1.20075016,0.870422535
3313,OK,,197.894737,15.9547579,145,123.6,145,56.7136167,0.211038127,1.82351773,0.010626549,0.00256638,0.964125796,4.14067611,0.852413793
3314,OK,,197.894737,15.9547579,148,123.6,148,57.8870019,0.080107065,2.74719739,0.015867319,0.000963096,0.951158216,16.4753206,0.835135135
3315,OK,,197.894737,15.9547579,151,123.6,151,59.0603871,0.034524099,3.85977668,0.022080908,0.000409721,0.93406239,53.8925973,0.818543046
3316,OK,,197.894737,15.9547579,154,123.6,154,60.2337722,0.017585024,4.99612336,0.0283049,0.000205923,0.916762504,137.453742,0.802597403
3317,OK,,197.894737,15.9547579,157,123.6,157,61.4071574,0.009685381,6.18930678,0.034716233,0.000111894,0.899050983,310.259382,0.787261146
3318,OK,,197.894737,15.9547579,160,123.6,160,62.5805426,0.005798672,7.38632269,0.041016056,6.61E-05,0.88187828,620.566456,0.7725
3319,OK,,197.894737,16.4438053,121,123.6,121,47.3265353,4.17099567,0.17548296,0.001069999,0.052420663,0.908159797,0.020411771,1.0214876
3320,OK,,197.894737,16.4438053,124,123.6,124,48.4999205,3.60529903,0.215149313,0.00130559,0.045197376,0.92122774,0.028886413,0.996774194
3321,OK,,197.894737,16.4438053,127,123.6,127,49.6733057,3.04871692,0.267078192,0.001612557,0.038112674,0.933247947,0.042310266,0.973228346
3322,OK,,197.894737,16.4438053,130,123.6,130,50.8466908,2.49798045,0.337128354,0.002024765,0.0311328,0.944242019,0.065036405,0.950769231
3323,OK,,197.894737,16.4438053,133,123.6,133,52.020076,1.96636558,0.434840994,0.002597086,0.024421097,0.953840772,0.106346015,0.929323308
3324,OK,,197.894737,16.4438053,136,123.6,136,53.1934612,1.44958976,0.576246039,0.003420732,0.017930342,0.961915699,0.190778961,0.908823529
3325,OK,,197.894737,16.4438053,139,123.6,139,54.3668464,0.967943725,0.791312037,0.004667925,0.011916583,0.967641019,0.391716711,0.889208633
3326,OK,,197.894737,16.4438053,142,123.6,142,55.5402315,0.546406888,1.14155399,0.006687904,0.006687122,0.969608321,1.00011688,0.870422535
3327,OK,,197.894737,16.4438053,145,123.6,145,56.7136167,0.251148986,1.70425804,0.009908247,0.003048229,0.965521384,3.25049276,0.852413793
3328,OK,,197.894737,16.4438053,148,123.6,148,57.8870019,0.096456116,2.5738501,0.014834261,0.001157958,0.953870366,12.8107106,0.835135135
3329,OK,,197.894737,16.4438053,151,123.6,151,59.0603871,0.040715542,3.65840098,0.020886734,0.000482601,0.937367215,43.2795383,0.818543046
3330,OK,,197.894737,16.4438053,154,123.6,154,60.2337722,0.019887126,4.81938704,0.02724777,0.000232603,0.919658458,117.142736,0.802597403
3331,OK,,197.894737,16.4438053,157,123.6,157,61.4071574,0.010939791,5.99104158,0.033535586,0.000126216,0.902259254,265.700017,0.787261146
3332,OK,,197.894737,16.4438053,160,123.6,160,62.5805426,0.006522949,7.17462353,0.039766929,7.43E-05,0.885249533,535.424721,0.7725
3333,OK,,197.894737,16.9328526,121,123.6,121,47.3265353,4.27213845,0.17202294,0.001045713,0.053515688,0.90609578,0.019540315,1.0214876
3334,OK,,197.894737,16.9328526,124,123.6,124,48.4999205,3.70667816,0.210380037,0.001272815,0.046316634,0.919235781,0.027480735,0.996774194
3335,OK,,197.894737,16.9328526,127,123.6,127,49.6733057,3.14766811,0.260534237,0.001568396,0.039223814,0.931387648,0.039985804,0.973228346
3336,OK,,197.894737,16.9328526,130,123.6,130,50.8466908,2.59627693,0.327655087,0.001962141,0.032255542,0.942495136,0.060831122,0.950769231
3337,OK,,197.894737,16.9328526,133,123.6,133,52.020076,2.06173963,0.423427176,0.002521198,0.025523608,0.952226775,0.098779073,0.929323308
3338,OK,,197.894737,16.9328526,136,123.6,136,53.1934612,1.54170764,0.554078003,0.00327996,0.019012632,0.96060069,0.172514789,0.908823529
3339,OK,,197.894737,16.9328526,139,123.6,139,54.3668464,1.05674822,0.752771235,0.00442856,0.012972181,0.96671649,0.341389031,0.889208633
3340,OK,,197.894737,16.9328526,142,123.6,142,55.5402315,0.625808202,1.06881396,0.006245678,0.007638374,0.969488385,0.817671148,0.870422535
3341,OK,,197.894737,16.9328526,145,123.6,145,56.7136167,0.301096152,1.58445123,0.009190061,0.003646731,0.96675318,2.52008208,0.852413793
3342,OK,,197.894737,16.9328526,148,123.6,148,57.8870019,0.115508513,2.41008432,0.013860274,0.001384576,0.956370295,10.0104827,0.835135135
3343,OK,,197.894737,16.9328526,151,123.6,151,59.0603871,0.047562707,3.46946105,0.019767446,0.000563047,0.940450378,35.10799,0.818543046
3344,OK,,197.894737,16.9328526,154,123.6,154,60.2337722,0.023098312,4.60834163,0.026003962,0.000269851,0.923108918,96.3642796,0.802597403
3345,OK,,197.894737,16.9328526,157,123.6,157,61.4071574,0.012491127,5.77917337,0.032291956,0.000143991,0.905684211,224.26362,0.787261146
3346,OK,,197.894737,16.9328526,160,123.6,160,62.5805426,0.007382771,6.95532481,0.038480956,8.40E-05,0.888740057,458.249533,0.7725
3347,OK,,197.894737,17.4219,121,123.6,121,47.3265353,4.38097647,0.168419802,0.001020689,0.054693227,0.903872188,0.018662068,1.0214876
3348,OK,,197.894737,17.4219,124,123.6,124,48.4999205,3.80908164,0.205765387,0.00124117,0.047441307,0.917219513,0.026162222,0.996774194
3349,OK,,197.894737,17.4219,127,123.6,127,49.6733057,3.24882472,0.254153582,0.001525471,0.040354389,0.929479662,0.037801863,0.973228346
3350,OK,,197.894737,17.4219,130,123.6,130,50.8466908,2.69983118,0.318195142,0.001899942,0.033433842,0.940644587,0.056826901,0.950769231
3351,OK,,197.894737,17.4219,133,123.6,133,52.020076,2.15758973,0.408663802,0.002426375,0.026628315,0.950668017,0.091120126,0.929323308
3352,OK,,197.894737,17.4219,136,123.6,136,53.1934612,1.636661,0.533028662,0.00314656,0.020122665,0.959211346,0.156368971,0.908823529
3353,OK,,197.894737,17.4219,139,123.6,139,54.3668464,1.14365564,0.718973895,0.0042183,0.013999076,0.965739607,0.301327048,0.889208633
3354,OK,,197.894737,17.4219,142,123.6,142,55.5402315,0.700258904,1.01031247,0.005888583,0.008525014,0.96920122,0.690741772,0.870422535
3355,OK,,197.894737,17.4219,145,123.6,145,56.7136167,0.352083905,1.48481932,0.008591438,0.004255277,0.967610896,2.01900807,0.852413793
3356,OK,,197.894737,17.4219,148,123.6,148,57.8870019,0.140865621,2.24356402,0.012874727,0.001685827,0.958808894,7.63703826,0.835135135
3357,OK,,197.894737,17.4219,151,123.6,151,59.0603871,0.058642668,3.25247708,0.018494594,0.000693322,0.943936708,26.6753293,0.818543046
3358,OK,,197.894737,17.4219,154,123.6,154,60.2337722,0.027013713,4.39520405,0.024753355,0.000315232,0.92658242,78.5241694,0.802597403
3359,OK,,197.894737,17.4219,157,123.6,157,61.4071574,0.014271718,5.56958391,0.031061863,0.000164338,0.909068326,189.011946,0.787261146
3360,OK,,197.894737,17.4219,160,123.6,160,62.5805426,0.008433969,6.74801994,0.037262935,9.58E-05,0.892035869,388.890128,0.7725
3361,OK,,203.157895,8.13,121,123.6,121,47.3265353,2.45914842,0.293932198,0.001888689,0.032717236,0.94182797,0.057727636,1.0214876
3362,OK,,203.157895,8.13,124,123.6,124,48.4999205,1.92027231,0.379085486,0.002422184,0.02546061,0.952590483,0.09513456,0.996774194
3363,OK,,203.157895,8.13,127,123.6,127,49.6733057,1.39907302,0.50582778,0.003212717,0.01847747,0.961651419,0.173872131,0.973228346
3364,OK,,203.157895,8.13,130,123.6,130,50.8466908,0.91508208,0.701349354,0.004425953,0.01202759,0.968209702,0.367983404,0.950769231
3365,OK,,203.157895,8.13,133,123.6,133,52.020076,0.497023711,1.0331734,0.00647389,0.006492113,0.970584489,0.997192977,0.929323308
3366,OK,,203.157895,8.13,136,123.6,136,53.1934612,0.203252042,1.62780796,0.010117274,0.00263157,0.965577348,3.84457781,0.908823529
3367,OK,,203.157895,8.13,139,123.6,139,54.3668464,0.068177541,2.61113644,0.016070547,0.000871593,0.95071787,18.4381393,0.889208633
3368,OK,,203.157895,8.13,142,123.6,142,55.5402315,0.029830757,3.65194088,0.022260302,0.000376352,0.933709826,59.147587,0.870422535
3369,OK,,203.157895,8.13,145,123.6,145,56.7136167,0.014122888,4.8206364,0.029080851,0.000175675,0.91475135,165.537432,0.852413793
3370,OK,,203.157895,8.13,148,123.6,148,57.8870019,0.007635951,5.99465511,0.035784415,9.36E-05,0.89631021,382.168401,0.835135135
3371,OK,,203.157895,8.13,151,123.6,151,59.0603871,0.004482214,7.18371826,0.04242676,5.42E-05,0.878290664,783.044259,0.818543046
3372,OK,,203.157895,8.13,154,123.6,154,60.2337722,0.002786979,8.39209816,0.049027079,3.32E-05,0.860628268,1476.41039,0.802597403
3373,OK,,203.157895,8.13,157,123.6,157,61.4071574,0.001782138,9.65222569,0.05574797,2.09E-05,0.842786928,2665.41883,0.787261146
3374,OK,,203.157895,8.13,160,123.6,160,62.5805426,0.001262491,10.7922444,0.061701085,1.46E-05,0.827526154,4218.0172,0.7725
3375,OK,,203.157895,8.61904737,121,123.6,121,47.3265353,2.56352842,0.284969617,0.001825377,0.033987165,0.93981182,0.053707828,1.0214876
3376,OK,,203.157895,8.61904737,124,123.6,124,48.4999205,2.01791175,0.366266977,0.002333129,0.026666126,0.950841595,0.087494129,0.996774194
3377,OK,,203.157895,8.61904737,127,123.6,127,49.6733057,1.49406313,0.485158644,0.003072238,0.019667955,0.960155223,0.156205251,0.973228346
3378,OK,,203.157895,8.61904737,130,123.6,130,50.8466908,1.00126921,0.666437765,0.004193495,0.013120373,0.967201268,0.319617055,0.950769231
3379,OK,,203.157895,8.61904737,133,123.6,133,52.020076,0.561504108,0.973942536,0.006085923,0.007315136,0.970483576,0.831963117,0.929323308
3380,OK,,203.157895,8.61904737,136,123.6,136,53.1934612,0.246343525,1.50607578,0.009337246,0.00318274,0.967055738,2.93371333,0.908823529
3381,OK,,203.157895,8.61904737,139,123.6,139,54.3668464,0.090686965,2.36016289,0.014499838,0.001158251,0.954920139,12.518732,0.889208633
3382,OK,,203.157895,8.61904737,142,123.6,142,55.5402315,0.034787858,3.46706952,0.021083059,0.000438118,0.936949176,48.1219262,0.870422535
3383,OK,,203.157895,8.61904737,145,123.6,145,56.7136167,0.016590688,4.60298399,0.027711219,0.000206126,0.918545581,134.438375,0.852413793
3384,OK,,203.157895,8.61904737,148,123.6,148,57.8870019,0.008198252,5.78059366,0.034437739,0.000100416,0.899998415,342.949953,0.835135135
3385,OK,,203.157895,8.61904737,151,123.6,151,59.0603871,0.004955424,7.01481439,0.041332934,5.98E-05,0.881142502,691.19555,0.818543046
3386,OK,,203.157895,8.61904737,154,123.6,154,60.2337722,0.003123753,8.18317061,0.047719718,3.72E-05,0.864091289,1283.22312,0.802597403
3387,OK,,203.157895,8.61904737,157,123.6,157,61.4071574,0.002059115,9.3668246,0.054040166,2.42E-05,0.847430102,2235.72174,0.787261146
3388,OK,,203.157895,8.61904737,160,123.6,160,62.5805426,0.001387308,10.5963158,0.060469086,1.61E-05,0.830654982,3765.76317,0.7725
3389,OK,,203.157895,9.10809474,121,123.6,121,47.3265353,2.66023688,0.277136121,0.001769689,0.035151587,0.93793391,0.050344504,1.0214876
3390,OK,,203.157895,9.10809474,124,123.6,124,48.4999205,2.11336975,0.354599459,0.002251917,0.027835775,0.949113954,0.0809001,0.996774194
3391,OK,,203.157895,9.10809474,127,123.6,127,49.6733057,1.58332918,0.465924134,0.002941658,0.020777593,0.958745381,0.141578374,0.973228346
3392,OK,,203.157895,9.10809474,130,123.6,130,50.8466908,1.0883964,0.634994834,0.003984067,0.014218399,0.966106128,0.280205035,0.950769231
3393,OK,,203.157895,9.10809474,133,123.6,133,52.020076,0.642571218,0.910275448,0.005672469,0.008347284,0.970149089,0.67955864,0.929323308
3394,OK,,203.157895,9.10809474,136,123.6,136,53.1934612,0.296377443,1.39435129,0.008622625,0.00382055,0.968215478,2.25690672,0.908823529
3395,OK,,203.157895,9.10809474,139,123.6,139,54.3668464,0.108941376,2.20365367,0.013506739,0.00138915,0.957463138,9.72302615,0.889208633
3396,OK,,203.157895,9.10809474,142,123.6,142,55.5402315,0.042486908,3.25355628,0.019747327,0.000534652,0.940654853,36.934913,0.870422535
3397,OK,,203.157895,9.10809474,145,123.6,145,56.7136167,0.019440719,4.3924051,0.026388864,0.000241241,0.92220835,109.388048,0.852413793
3398,OK,,203.157895,9.10809474,148,123.6,148,57.8870019,0.010083098,5.57291345,0.033133237,0.000123357,0.903553538,268.595816,0.835135135
3399,OK,,203.157895,9.10809474,151,123.6,151,59.0603871,0.005988535,6.69672829,0.039404395,7.22E-05,0.886510787,545.482789,0.818543046
3400,OK,,203.157895,9.10809474,154,123.6,154,60.2337722,0.00351953,7.96689174,0.04637077,4.19E-05,0.867675376,1107.91449,0.802597403
3401,OK,,203.157895,9.10809474,157,123.6,157,61.4071574,0.002307101,9.16630489,0.052782961,2.71E-05,0.850691477,1951.10109,0.787261146
3402,OK,,203.157895,9.10809474,160,123.6,160,62.5805426,0.001557298,10.3468481,0.058946977,1.80E-05,0.834638611,3273.32925,0.7725
3403,OK,,203.157895,9.59714211,121,123.6,121,47.3265353,2.75847046,0.269660363,0.001716614,0.036327627,0.936016216,0.047253684,1.0214876
3404,OK,,203.157895,9.59714211,124,123.6,124,48.4999205,2.21452787,0.343015143,0.002171692,0.029069796,0.947267068,0.074706123,0.996774194
3405,OK,,203.157895,9.59714211,127,123.6,127,49.6733057,1.68270287,0.447667434,0.002817934,0.022008634,0.957112371,0.128037679,0.973228346
3406,OK,,203.157895,9.59714211,130,123.6,130,50.8466908,1.17594809,0.606625141,0.00379504,0.015315213,0.964942198,0.247795464,0.950769231
3407,OK,,203.157895,9.59714211,133,123.6,133,52.020076,0.720094274,0.858359508,0.005334098,0.009327953,0.969656834,0.57184009,0.929323308
3408,OK,,203.157895,9.59714211,136,123.6,136,53.1934612,0.350090975,1.2978966,0.008005448,0.00450249,0.969018982,1.77800466,0.908823529
3409,OK,,203.157895,9.59714211,139,123.6,139,54.3668464,0.133009579,2.04352902,0.012496164,0.00169317,0.959965701,7.38033584,0.889208633
3410,OK,,203.157895,9.59714211,142,123.6,142,55.5402315,0.051499225,3.06162352,0.018542022,0.000647175,0.94394833,28.6507286,0.870422535
3411,OK,,203.157895,9.59714211,145,123.6,145,56.7136167,0.02163351,4.2586197,0.025509837,0.000267692,0.92452865,95.2956108,0.852413793
3412,OK,,203.157895,9.59714211,148,123.6,148,57.8870019,0.011572539,5.36938429,0.0318585,0.000141415,0.907043781,225.283614,0.835135135
3413,OK,,203.157895,9.59714211,151,123.6,151,59.0603871,0.006554514,6.55037321,0.038460282,7.90E-05,0.888979263,487.023267,0.818543046
3414,OK,,203.157895,9.59714211,154,123.6,154,60.2337722,0.003717457,7.87116679,0.04570956,4.42E-05,0.869261314,1035.30941,0.802597403
3415,OK,,203.157895,9.59714211,157,123.6,157,61.4071574,0.002562377,8.94321176,0.051404712,3.00E-05,0.854320335,1712.60869,0.787261146
3416,OK,,203.157895,9.59714211,160,123.6,160,62.5805426,0.00170667,10.1684293,0.057819459,1.97E-05,0.837487251,2932.85208,0.7725
3417,OK,,203.157895,10.0861895,121,123.6,121,47.3265353,2.85967013,0.262365213,0.001664989,0.037532514,0.934032033,0.04436125,1.0214876
3418,OK,,203.157895,10.0861895,124,123.6,124,48.4999205,2.31115827,0.332686934,0.002099889,0.03023859,0.945487638,0.069444021,0.996774194
3419,OK,,203.157895,10.0861895,127,123.6,127,49.6733057,1.78011098,0.431207052,0.002706185,0.02320581,0.955482769,0.116616689,0.973228346
3420,OK,,203.157895,10.0861895,130,123.6,130,50.8466908,1.27371982,0.578039004,0.003605658,0.016534927,0.963581527,0.218063125,0.950769231
3421,OK,,203.157895,10.0861895,133,123.6,133,52.020076,0.795674988,0.814275998,0.005046028,0.010278227,0.969051353,0.490943414,0.929323308
3422,OK,,203.157895,10.0861895,136,123.6,136,53.1934612,0.411222309,1.20816716,0.007432561,0.0052757,0.969556607,1.40882937,0.908823529
3423,OK,,203.157895,10.0861895,139,123.6,139,54.3668464,0.161166094,1.89400366,0.011554481,0.002047933,0.962198106,5.64202092,0.889208633
3424,OK,,203.157895,10.0861895,142,123.6,142,55.5402315,0.062567472,2.87010286,0.017344246,0.000785158,0.947197369,22.0901416,0.870422535
3425,OK,,203.157895,10.0861895,145,123.6,145,56.7136167,0.027083002,3.97231983,0.023766435,0.000335249,0.92948073,70.891852,0.852413793
3426,OK,,203.157895,10.0861895,148,123.6,148,57.8870019,0.013427725,5.15365168,0.030517276,0.000163895,0.910738521,186.200162,0.835135135
3427,OK,,203.157895,10.0861895,151,123.6,151,59.0603871,0.007426807,6.34795251,0.037197735,8.94E-05,0.892391844,416.181066,0.818543046
3428,OK,,203.157895,10.0861895,154,123.6,154,60.2337722,0.004498683,7.52846782,0.043654202,5.34E-05,0.874937826,817.733427,0.802597403
3429,OK,,203.157895,10.0861895,157,123.6,157,61.4071574,0.002840135,8.74687265,0.05018043,3.32E-05,0.857513144,1509.93019,0.787261146
3430,OK,,203.157895,10.0861895,160,123.6,160,62.5805426,0.001903411,9.94515845,0.056449928,2.20E-05,0.841051844,2569.96741,0.7725
3431,OK,,203.157895,10.5752368,121,123.6,121,47.3265353,2.95935775,0.255569269,0.001616838,0.038710321,0.93206925,0.041767627,1.0214876
3432,OK,,203.157895,10.5752368,124,123.6,124,48.4999205,2.41117409,0.322635665,0.002030235,0.031441782,0.943632696,0.064571238,0.996774194
3433,OK,,203.157895,10.5752368,127,123.6,127,49.6733057,1.87540474,0.416342275,0.002605116,0.024370045,0.95386361,0.106898272,0.973228346
3434,OK,,203.157895,10.5752368,130,123.6,130,50.8466908,1.36223744,0.554723317,0.003450159,0.017629766,0.962299203,0.195700789,0.950769231
3435,OK,,203.157895,10.5752368,133,123.6,133,52.020076,0.884708402,0.768620111,0.004749715,0.011393755,0.968217491,0.416870043,0.929323308
3436,OK,,203.157895,10.5752368,136,123.6,136,53.1934612,0.475248396,1.13038557,0.006935683,0.006081749,0.9698152,1.14040919,0.908823529
3437,OK,,203.157895,10.5752368,139,123.6,139,54.3668464,0.198274281,1.74803813,0.010638604,0.00251457,0.964200381,4.23078516,0.889208633
3438,OK,,203.157895,10.5752368,142,123.6,142,55.5402315,0.074473529,2.68385196,0.016183093,0.000933227,0.950336442,17.3409976,0.870422535
3439,OK,,203.157895,10.5752368,145,123.6,145,56.7136167,0.03171487,3.78684638,0.022608238,0.000392082,0.93266941,57.661985,0.852413793
3440,OK,,203.157895,10.5752368,148,123.6,148,57.8870019,0.015032941,4.99427862,0.029499213,0.000183113,0.913463966,161.09858,0.835135135
3441,OK,,203.157895,10.5752368,151,123.6,151,59.0603871,0.00853428,6.12387231,0.035815519,0.000102593,0.896167179,349.102671,0.818543046
3442,OK,,203.157895,10.5752368,154,123.6,154,60.2337722,0.004812184,7.32856444,0.042412301,5.70E-05,0.878251414,743.527285,0.802597403
3443,OK,,203.157895,10.5752368,157,123.6,157,61.4071574,0.003194489,8.52383131,0.04881152,3.73E-05,0.861139545,1307.16607,0.787261146
3444,OK,,203.157895,10.5752368,160,123.6,160,62.5805426,0.00209439,9.75083003,0.055243602,2.41E-05,0.844154045,2288.09599,0.7725
3445,OK,,203.157895,11.0642842,121,123.6,121,47.3265353,3.06060735,0.249018938,0.001570517,0.039899236,0.930068274,0.039362074,1.0214876
3446,OK,,203.157895,11.0642842,124,123.6,124,48.4999205,2.50843064,0.313461664,0.001966506,0.032602515,0.941816558,0.060317609,0.996774194
3447,OK,,203.157895,11.0642842,127,123.6,127,49.6733057,1.97235192,0.402277021,0.002509585,0.025546502,0.952195069,0.098235942,0.973228346
3448,OK,,203.157895,11.0642842,130,123.6,130,50.8466908,1.45347235,0.532756367,0.003303876,0.018751918,0.960936913,0.176188696,0.950769231
3449,OK,,203.157895,11.0642842,133,123.6,133,52.020076,0.966517279,0.731780575,0.004509327,0.012411183,0.96735303,0.363327689,0.929323308
3450,OK,,203.157895,11.0642842,136,123.6,136,53.1934612,0.545031451,1.05913488,0.00648118,0.006956444,0.969842791,0.931679994,0.908823529
3451,OK,,203.157895,11.0642842,139,123.6,139,54.3668464,0.239005196,1.62608997,0.009872179,0.003024962,0.965694255,3.26357116,0.889208633
3452,OK,,203.157895,11.0642842,142,123.6,142,55.5402315,0.091027373,2.50377954,0.015063768,0.001138927,0.953280589,13.2262846,0.870422535
3453,Errors,,203.157895,11.0642842,145,123.6,145,56.7136167,0.020434198,5.74593198,0.033910143,0.000249314,0.898324838,136.013975,0.852413793
3454,OK,,203.157895,11.0642842,148,123.6,148,57.8870019,0.017221501,4.80345526,0.028309095,0.00020945,0.916722639,135.159424,0.835135135
3455,OK,,203.157895,11.0642842,151,123.6,151,59.0603871,0.009661372,5.93108345,0.034617809,0.000116008,0.899412362,298.408796,0.818543046
3456,OK,,203.157895,11.0642842,154,123.6,154,60.2337722,0.005684525,7.1210984,0.041132164,6.73E-05,0.881681279,611.099913,0.802597403
3457,OK,,203.157895,11.0642842,157,123.6,157,61.4071574,0.003570588,8.31488127,0.047525808,4.17E-05,0.864536119,1139.88085,0.787261146
3458,OK,,203.157895,11.0642842,160,123.6,160,62.5805426,0.002297525,9.55060325,0.054006421,2.65E-05,0.847350304,2041.38681,0.7725
3459,OK,,203.157895,11.5533316,121,123.6,121,47.3265353,3.15917768,0.242972655,0.001527657,0.041047412,0.92811326,0.037216881,1.0214876
3460,OK,,203.157895,11.5533316,124,123.6,124,48.4999205,2.60824483,0.304572739,0.001904927,0.033787295,0.939941807,0.056379987,0.996774194
3461,OK,,203.157895,11.5533316,127,123.6,127,49.6733057,2.07106769,0.388934368,0.002419096,0.026737365,0.950476377,0.09047623,0.973228346
3462,OK,,203.157895,11.5533316,130,123.6,130,50.8466908,1.54603191,0.510769953,0.003158304,0.019883716,0.959548953,0.158838694,0.950769231
3463,OK,,203.157895,11.5533316,133,123.6,133,52.020076,1.05848176,0.694846074,0.004269609,0.013550359,0.96629517,0.315091916,0.929323308
3464,OK,,203.157895,11.5533316,136,123.6,136,53.1934612,0.618513004,0.995447666,0.006075084,0.007873086,0.969658664,0.771626826,0.908823529
3465,OK,,203.157895,11.5533316,139,123.6,139,54.3668464,0.284933049,1.51320291,0.009164014,0.0035985,0.966925873,2.54662076,0.889208633
3466,OK,,203.157895,11.5533316,142,123.6,142,55.5402315,0.109285641,2.33952025,0.014043667,0.001365232,0.955909332,10.2866532,0.870422535
3467,OK,,203.157895,11.5533316,145,123.6,145,56.7136167,0.045011527,3.3790291,0.020088786,0.000555009,0.939625776,36.1954391,0.852413793
3468,OK,,203.157895,11.5533316,148,123.6,148,57.8870019,0.020948123,4.53462901,0.026688142,0.000254776,0.921302244,104.751412,0.835135135
3469,OK,,203.157895,11.5533316,151,123.6,151,59.0603871,0.011155822,5.70839777,0.033253495,0.000133803,0.903157533,248.526351,0.818543046
3470,OK,,203.157895,11.5533316,154,123.6,154,60.2337722,0.006446993,6.9053713,0.039810115,7.63E-05,0.885250117,522.073715,0.802597403
3471,OK,,203.157895,11.5533316,157,123.6,157,61.4071574,0.003994547,8.10644002,0.046247308,4.66E-05,0.867923628,992.540821,0.787261146
3472,OK,,203.157895,11.5533316,160,123.6,160,62.5805426,0.002609323,9.3111591,0.052563865,3.00E-05,0.851171498,1751.00007,0.7725
3473,OK,,203.157895,12.0423789,121,123.6,121,47.3265353,3.26189787,0.236965729,0.001485279,0.042238142,0.926069729,0.035164391,1.0214876
3474,OK,,203.157895,12.0423789,124,123.6,124,48.4999205,2.70938188,0.296074197,0.001846135,0.03498013,0.938031732,0.05277667,0.996774194
3475,OK,,203.157895,12.0423789,127,123.6,127,49.6733057,2.16680701,0.37687553,0.0023371,0.027883345,0.94879176,0.083817068,0.973228346
3476,OK,,203.157895,12.0423789,130,123.6,130,50.8466908,1.64024242,0.491670239,0.00303132,0.021028748,0.958071752,0.144151251,0.950769231
3477,OK,,203.157895,12.0423789,133,123.6,133,52.020076,1.13985537,0.665698387,0.004078933,0.014549841,0.965291213,0.280342138,0.929323308
3478,OK,,203.157895,12.0423789,136,123.6,136,53.1934612,0.692562353,0.940278008,0.005722838,0.008791765,0.969303739,0.650931632,0.908823529
3479,OK,,203.157895,12.0423789,139,123.6,139,54.3668464,0.337579276,1.40868321,0.008509678,0.004253851,0.967880011,2.00046443,0.889208633
3480,OK,,203.157895,12.0423789,142,123.6,142,55.5402315,0.133093272,2.16542239,0.012969377,0.001659893,0.958615303,7.81338045,0.870422535
3481,OK,,203.157895,12.0423789,145,123.6,145,56.7136167,0.05378434,3.19639798,0.018962189,0.0006623,0.942691323,28.6308082,0.852413793
3482,OK,,203.157895,12.0423789,148,123.6,148,57.8870019,0.024552763,4.32510213,0.025403232,0.000298255,0.924859558,85.1729187,0.835135135
3483,OK,,203.157895,12.0423789,151,123.6,151,59.0603871,0.012960805,5.48029512,0.031863809,0.000155283,0.906989165,205.198554,0.818543046
3484,OK,,203.157895,12.0423789,154,123.6,154,60.2337722,0.007386494,6.67030489,0.038383791,8.73E-05,0.889137088,439.809339,0.802597403
3485,OK,,203.157895,12.0423789,157,123.6,157,61.4071574,0.00448414,7.89325987,0.044947165,5.23E-05,0.87138724,860.227357,0.787261146
3486,OK,,203.157895,12.0423789,160,123.6,160,62.5805426,0.002915412,9.09139721,0.051230923,3.35E-05,0.854678271,1528.97819,0.7725
3487,OK,,203.157895,12.5314263,121,123.6,121,47.3265353,3.36390424,0.231290599,0.001445239,0.043412653,0.924034269,0.033290723,1.0214876
3488,OK,,203.157895,12.5314263,124,123.6,124,48.4999205,2.80811159,0.288240123,0.00179184,0.036135993,0.936157592,0.049586031,0.996774194
3489,OK,,203.157895,12.5314263,127,123.6,127,49.6733057,2.26461906,0.365313834,0.002258659,0.029047666,0.947055408,0.077756995,0.973228346
3490,OK,,203.157895,12.5314263,130,123.6,130,50.8466908,1.73719576,0.473529819,0.002910952,0.022200772,0.956521741,0.131119386,0.950769231
3491,OK,,203.157895,12.5314263,133,123.6,133,52.020076,1.23128903,0.635966569,0.003885696,0.015669016,0.964105097,0.247985936,0.929323308
3492,OK,,203.157895,12.5314263,136,123.6,136,53.1934612,0.772192446,0.888647211,0.005393881,0.009775259,0.968777372,0.551789096,0.908823529
3493,OK,,203.157895,12.5314263,139,123.6,139,54.3668464,0.397579216,1.31153429,0.007902747,0.00499802,0.968563313,1.58117576,0.889208633
3494,OK,,203.157895,12.5314263,142,123.6,142,55.5402315,0.158782742,2.02668924,0.012110116,0.001976891,0.96065065,6.12583907,0.870422535
3495,OK,,203.157895,12.5314263,145,123.6,145,56.7136167,0.063752024,3.00768181,0.017804435,0.000783973,0.945843097,22.710514,0.852413793
3496,OK,,203.157895,12.5314263,148,123.6,148,57.8870019,0.028543266,4.13010989,0.024207743,0.000346305,0.92815912,69.9029221,0.835135135
3497,OK,,203.157895,12.5314263,151,123.6,151,59.0603871,0.014616589,5.30191533,0.030762344,0.000174908,0.909981424,175.877548,0.818543046
3498,OK,,203.157895,12.5314263,154,123.6,154,60.2337722,0.008106763,6.52020799,0.0374302,9.56E-05,0.891617036,391.514877,0.802597403
3499,OK,,203.157895,12.5314263,157,123.6,157,61.4071574,0.00506241,7.67224433,0.043608027,5.89E-05,0.874977005,740.033695,0.787261146
3500,OK,,203.157895,12.5314263,160,123.6,160,62.5805426,0.00324816,8.87957124,0.049946079,3.73E-05,0.858057808,1339.29548,0.7725
3501,OK,,203.157895,13.0204737,121,123.6,121,47.3265353,3.46718172,0.225817726,0.001406689,0.044594148,0.921967678,0.031544247,1.0214876
3502,OK,,203.157895,13.0204737,124,123.6,124,48.4999205,2.909114,0.280614889,0.001739144,0.037311556,0.934232286,0.046611411,0.996774194
3503,OK,,203.157895,13.0204737,127,123.6,127,49.6733057,2.36261749,0.354454609,0.002184983,0.030206705,0.945301162,0.072334363,0.973228346
3504,OK,,203.157895,13.0204737,130,123.6,130,50.8466908,1.83223657,0.457109243,0.002801805,0.023341498,0.95497552,0.120035337,0.950769231
3505,OK,,203.157895,13.0204737,133,123.6,133,52.020076,1.32149985,0.609445487,0.003713065,0.016766002,0.962880767,0.221463954,0.929323308
3506,OK,,203.157895,13.0204737,136,123.6,136,53.1934612,0.855279817,0.841552598,0.00509404,0.010796109,0.968100733,0.47184037,0.908823529
3507,OK,,203.157895,13.0204737,139,123.6,139,54.3668464,0.461928078,1.22562033,0.007366095,0.005792643,0.968959972,1.27162935,0.889208633
3508,OK,,203.157895,13.0204737,142,123.6,142,55.5402315,0.194693946,1.87455221,0.011175094,0.002419447,0.962743293,4.61886303,0.870422535
3509,OK,,203.157895,13.0204737,145,123.6,145,56.7136167,0.075977292,2.82764721,0.016702349,0.000932986,0.948801987,17.9020417,0.852413793
3510,OK,,203.157895,13.0204737,148,123.6,148,57.8870019,0.03357403,3.9257215,0.022962592,0.000406837,0.93160303,56.4416992,0.835135135
3511,OK,,203.157895,13.0204737,151,123.6,151,59.0603871,0.016966966,5.08373402,0.029438614,0.0002028,0.913635835,145.160516,0.818543046
3512,OK,,203.157895,13.0204737,154,123.6,154,60.2337722,0.009457939,6.26821967,0.035929006,0.000111499,0.89577811,322.235958,0.802597403
3513,OK,,203.157895,13.0204737,157,123.6,157,61.4071574,0.005686896,7.46306526,0.042339083,6.61E-05,0.878373263,640.283715,0.787261146
3514,OK,,203.157895,13.0204737,160,123.6,160,62.5805426,0.0036669,8.64978991,0.048565131,4.21E-05,0.861722886,1154.74941,0.7725
3515,OK,,203.157895,13.5095211,121,123.6,121,47.3265353,3.56544708,0.220869535,0.001371646,0.045707345,0.919995905,0.030009322,1.0214876
3516,OK,,203.157895,13.5095211,124,123.6,124,48.4999205,3.00913644,0.273494939,0.001689883,0.038467308,0.932316768,0.043930372,0.996774194
3517,OK,,203.157895,13.5095211,127,123.6,127,49.6733057,2.45739841,0.344589426,0.00211786,0.031318755,0.943591678,0.067622754,0.973228346
3518,OK,,203.157895,13.5095211,130,123.6,130,50.8466908,1.92670138,0.441955944,0.002701019,0.024467844,0.953415704,0.110390577,0.950769231
3519,OK,,203.157895,13.5095211,133,123.6,133,52.020076,1.41475955,0.582814374,0.003540703,0.017893883,0.961599942,0.197872276,0.929323308
3520,OK,,203.157895,13.5095211,136,123.6,136,53.1934612,0.937440784,0.800497869,0.004832208,0.011799538,0.967327964,0.409525199,0.908823529
3521,OK,,203.157895,13.5095211,139,123.6,139,54.3668464,0.52527539,1.15449331,0.006920558,0.006570808,0.969103069,1.05322781,0.889208633
3522,OK,,203.157895,13.5095211,142,123.6,142,55.5402315,0.233466411,1.74556074,0.01038135,0.002895607,0.964367683,3.58520655,0.870422535
3523,OK,,203.157895,13.5095211,145,123.6,145,56.7136167,0.092812549,2.63917791,0.01555549,0.001138025,0.951828315,13.6688428,0.852413793
3524,OK,,203.157895,13.5095211,148,123.6,148,57.8870019,0.039694543,3.72385645,0.021736955,0.000480396,0.934984524,45.2479539,0.835135135
3525,OK,,203.157895,13.5095211,151,123.6,151,59.0603871,0.019873935,4.8697689,0.028139482,0.000237247,0.917209435,118.608408,0.818543046
3526,OK,,203.157895,13.5095211,154,123.6,154,60.2337722,0.010801275,6.06567341,0.034696056,0.000127184,0.899118477,272.801743,0.802597403
3527,OK,,203.157895,13.5095211,157,123.6,157,61.4071574,0.006432928,7.25322648,0.041068123,7.47E-05,0.881778286,549.650736,0.787261146
3528,OK,,203.157895,13.5095211,160,123.6,160,62.5805426,0.004088474,8.43954312,0.047297863,4.68E-05,0.865075769,1009.6973,0.7725
3529,OK,,203.157895,13.9985684,121,123.6,121,47.3265353,3.65947682,0.21635529,0.001339518,0.046762754,0.918104461,0.028644966,1.0214876
3530,OK,,203.157895,13.9985684,124,123.6,124,48.4999205,3.10510792,0.267020195,0.001644906,0.039566754,0.930471471,0.041572934,0.996774194
3531,OK,,203.157895,13.9985684,127,123.6,127,49.6733057,2.55987626,0.335102506,0.002053407,0.032517159,0.941719627,0.06314841,0.973228346
3532,OK,,203.157895,13.9985684,130,123.6,130,50.8466908,2.02299289,0.427552636,0.002605368,0.025609467,0.951805211,0.101734573,0.950769231
3533,OK,,203.157895,13.9985684,133,123.6,133,52.020076,1.51029806,0.559471832,0.00338919,0.01904278,0.960212094,0.177977713,0.929323308
3534,OK,,203.157895,13.9985684,136,123.6,136,53.1934612,1.02249363,0.762632342,0.004590937,0.012832906,0.966440876,0.357747299,0.908823529
3535,OK,,203.157895,13.9985684,139,123.6,139,54.3668464,0.601645065,1.08143273,0.006465647,0.007506013,0.969042203,0.861395737,0.889208633
3536,OK,,203.157895,13.9985684,142,123.6,142,55.5402315,0.277969674,1.6298144,0.009667922,0.00343908,0.965650412,2.81119409,0.870422535
3537,OK,,203.157895,13.9985684,145,123.6,145,56.7136167,0.110690756,2.47334212,0.014545763,0.001355169,0.95443717,10.7335442,0.852413793
3538,OK,,203.157895,13.9985684,148,123.6,148,57.8870019,0.047317423,3.53268461,0.020572325,0.000571728,0.938155339,35.9826947,0.835135135
3539,OK,,203.157895,13.9985684,151,123.6,151,59.0603871,0.023124231,4.65681014,0.02685596,0.000275729,0.920760181,97.4000122,0.818543046
3540,OK,,203.157895,13.9985684,154,123.6,154,60.2337722,0.012340941,5.85253623,0.033412685,0.000145153,0.902631415,230.189137,0.802597403
3541,OK,,203.157895,13.9985684,157,123.6,157,61.4071574,0.007248594,7.04788492,0.039829542,8.41E-05,0.885108938,473.603838,0.787261146
3542,OK,,203.157895,13.9985684,160,123.6,160,62.5805426,0.004529183,8.24415278,0.046116149,5.18E-05,0.868190948,889.613015,0.7725
3543,OK,,203.157895,14.4876158,121,123.6,121,47.3265353,3.76297484,0.211557992,0.001305795,0.047923714,0.916018935,0.027247361,1.0214876
3544,OK,,203.157895,14.4876158,124,123.6,124,48.4999205,3.21186128,0.260121847,0.001597543,0.040788122,0.928412602,0.039166875,0.996774194
3545,OK,,203.157895,14.4876158,127,123.6,127,49.6733057,2.65973312,0.325832296,0.001990662,0.03367587,0.939895979,0.059112411,0.973228346
3546,OK,,203.157895,14.4876158,130,123.6,130,50.8466908,2.12337114,0.413526292,0.002512524,0.026793391,0.950106931,0.093774014,0.950769231
3547,OK,,203.157895,14.4876158,133,123.6,133,52.020076,1.59916476,0.539591973,0.003259458,0.020102841,0.958885936,0.162139154,0.929323308
3548,Errors,,203.157895,14.4876158,136,123.6,136,53.1934612,1.07521962,0.738556878,0.004431368,0.013473796,0.965902266,0.32888784,0.908823529
3549,OK,,203.157895,14.4876158,139,123.6,139,54.3668464,0.672164994,1.02374831,0.006104596,0.008364094,0.968806112,0.729857416,0.889208633
3550,OK,,203.157895,14.4876158,142,123.6,142,55.5402315,0.323003041,1.53188614,0.009066154,0.003989522,0.966602783,2.27249158,0.870422535
3551,OK,,203.157895,14.4876158,145,123.6,145,56.7136167,0.134331633,2.30893667,0.01354564,0.001641706,0.956919194,8.25095367,0.852413793
3552,OK,,203.157895,14.4876158,148,123.6,148,57.8870019,0.056948861,3.33353462,0.019374087,0.000687334,0.941429278,28.1873094,0.835135135
3553,OK,,203.157895,14.4876158,151,123.6,151,59.0603871,0.02645088,4.47437677,0.025750827,0.000315014,0.923792784,81.7449323,0.818543046
3554,OK,,203.157895,14.4876158,154,123.6,154,60.2337722,0.014144198,5.63811598,0.032126767,0.000166178,0.906161278,193.32736,0.802597403
3555,OK,,203.157895,14.4876158,157,123.6,157,61.4071574,0.008227883,6.82159875,0.038480252,9.54E-05,0.888778004,403.52003,0.787261146
3556,OK,,203.157895,14.4876158,160,123.6,160,62.5805426,0.005104441,8.01743995,0.044767691,5.84E-05,0.871804493,767.054685,0.7725
3557,OK,,203.157895,14.9766632,121,123.6,121,47.3265353,3.87371487,0.206620645,0.001271385,0.049162472,0.913783346,0.025860889,1.0214876
3558,OK,,203.157895,14.9766632,124,123.6,124,48.4999205,3.3088931,0.254201577,0.001556489,0.041885315,0.92653401,0.037160737,0.996774194
3559,OK,,203.157895,14.9766632,127,123.6,127,49.6733057,2.7540635,0.317577488,0.00193449,0.034760653,0.938163145,0.055651728,0.973228346
3560,OK,,203.157895,14.9766632,130,123.6,130,50.8466908,2.20076964,0.403516562,0.002444656,0.027691669,0.948781599,0.088281269,0.950769231
3561,OK,,203.157895,14.9766632,133,123.6,133,52.020076,1.6954087,0.5196529,0.003130044,0.021246282,0.957419101,0.147321972,0.929323308
3562,OK,,203.157895,14.9766632,136,123.6,136,53.1934612,1.19831606,0.69605468,0.004166967,0.014951379,0.96438715,0.27870116,0.908823529
3563,OK,,203.157895,14.9766632,139,123.6,139,54.3668464,0.74991287,0.968258863,0.005758379,0.009306278,0.9683967,0.61876281,0.889208633
3564,OK,,203.157895,14.9766632,142,123.6,142,55.5402315,0.387798256,1.42432122,0.008406856,0.004777666,0.96737285,1.7596157,0.870422535
3565,OK,,203.157895,14.9766632,145,123.6,145,56.7136167,0.160693514,2.15641133,0.012622292,0.001960581,0.959143765,6.438035,0.852413793
3566,OK,,203.157895,14.9766632,148,123.6,148,57.8870019,0.066366111,3.15510681,0.018298271,0.000799922,0.944348942,22.8750739,0.835135135
3567,OK,,203.157895,14.9766632,151,123.6,151,59.0603871,0.030853643,4.26831244,0.024515943,0.00036701,0.927207282,66.7991028,0.818543046
3568,OK,,203.157895,14.9766632,154,123.6,154,60.2337722,0.016090897,5.43993671,0.030936553,0.000188835,0.909419128,163.828591,0.802597403
3569,OK,,203.157895,14.9766632,157,123.6,157,61.4071574,0.009365792,6.59899472,0.037156044,0.000108436,0.892384523,342.653471,0.787261146
3570,OK,,203.157895,14.9766632,160,123.6,160,62.5805426,0.005693846,7.81309142,0.043545592,6.50E-05,0.875060443,669.583212,0.7725
3571,OK,,203.157895,15.4657105,121,123.6,121,47.3265353,3.97389083,0.202364592,0.001241398,0.050268099,0.911756578,0.024695539,1.0214876
3572,OK,,203.157895,15.4657105,124,123.6,124,48.4999205,3.41206834,0.24817074,0.001514973,0.043048108,0.924531029,0.035192563,0.996774194
3573,OK,,203.157895,15.4657105,127,123.6,127,49.6733057,2.85844297,0.308871043,0.001875851,0.035958566,0.9362371,0.052167011,0.973228346
3574,OK,,203.157895,15.4657105,130,123.6,130,50.8466908,2.31516776,0.3892983,0.002351557,0.029030345,0.946811365,0.081003411,0.950769231
3575,OK,,203.157895,15.4657105,133,123.6,133,52.020076,1.79071015,0.50142665,0.003011633,0.02237106,0.955937458,0.134621837,0.929323308
3576,OK,,203.157895,15.4657105,136,123.6,136,53.1934612,1.28801397,0.666903331,0.003981354,0.016022903,0.963248917,0.248478947,0.908823529
3577,OK,,203.157895,15.4657105,139,123.6,139,54.3668464,0.828696154,0.924544464,0.005482449,0.010254483,0.967751659,0.53463926,0.889208633
3578,OK,,203.157895,15.4657105,142,123.6,142,55.5402315,0.447320259,1.33709656,0.00787225,0.005498107,0.967871635,1.43181097,0.870422535
3579,OK,,203.157895,15.4657105,145,123.6,145,56.7136167,0.191649183,2.01795611,0.011784779,0.002334122,0.961039246,5.04891244,0.852413793
3580,OK,,203.157895,15.4657105,148,123.6,148,57.8870019,0.078871939,2.96026025,0.017132555,0.000949353,0.947498884,18.0465656,0.835135135
3581,OK,,203.157895,15.4657105,151,123.6,151,59.0603871,0.036978676,4.03506923,0.023131653,0.000439345,0.931052807,52.650361,0.818543046
3582,OK,,203.157895,15.4657105,154,123.6,154,60.2337722,0.018473728,5.23099536,0.029690608,0.000216553,0.912848409,137.105474,0.802597403
3583,OK,,203.157895,15.4657105,157,123.6,157,61.4071574,0.010500078,6.40640423,0.036001279,0.000121433,0.895502339,296.471099,0.787261146
3584,OK,,203.157895,15.4657105,160,123.6,160,62.5805426,0.00636268,7.60743427,0.042319554,7.26E-05,0.878336035,582.986427,0.7725
3585,OK,,203.157895,15.9547579,121,123.6,121,47.3265353,4.08093402,0.198011271,0.001210972,0.051447143,0.909586762,0.023538181,1.0214876
3586,OK,,203.157895,15.9547579,124,123.6,124,48.4999205,3.51503463,0.24243337,0.001475491,0.044200957,0.922526306,0.033381438,0.996774194
3587,OK,,203.157895,15.9547579,127,123.6,127,49.6733057,2.95941524,0.300913899,0.001822107,0.037108198,0.934364563,0.049102557,0.973228346
3588,OK,,203.157895,15.9547579,130,123.6,130,50.8466908,2.40458479,0.379677832,0.002286807,0.030060699,0.945242009,0.076072975,0.950769231
3589,OK,,203.157895,15.9547579,133,123.6,133,52.020076,1.87718022,0.486110934,0.002911361,0.023382506,0.954569633,0.124510204,0.929323308
3590,OK,,203.157895,15.9547579,136,123.6,136,53.1934612,1.37928114,0.643786673,0.003831838,0.017104956,0.961967735,0.224019144,0.908823529
3591,OK,,203.157895,15.9547579,139,123.6,139,54.3668464,0.913404316,0.877534048,0.005189738,0.011270813,0.967058263,0.460458201,0.889208633
3592,OK,,203.157895,15.9547579,142,123.6,142,55.5402315,0.508203332,1.26147451,0.007408221,0.00623169,0.96813701,1.18879807,0.870422535
3593,OK,,203.157895,15.9547579,145,123.6,145,56.7136167,0.233293385,1.86803513,0.010884492,0.002835848,0.96294843,3.83817842,0.852413793
3594,OK,,203.157895,15.9547579,148,123.6,148,57.8870019,0.094485724,2.77595967,0.016032047,0.001135665,0.950412955,14.1168755,0.835135135
3595,OK,,203.157895,15.9547579,151,123.6,151,59.0603871,0.041942554,3.87461629,0.022164816,0.000497693,0.93368552,44.5350741,0.818543046
3596,OK,,203.157895,15.9547579,154,123.6,154,60.2337722,0.021500119,5.00395503,0.028348611,0.000251752,0.916567484,112.605399,0.802597403
3597,OK,,203.157895,15.9547579,157,123.6,157,61.4071574,0.011929255,6.19379541,0.034740953,0.000137812,0.898941346,252.089421,0.787261146
3598,OK,,203.157895,15.9547579,160,123.6,160,62.5805426,0.007168988,7.38906387,0.041030952,8.17E-05,0.88181258,502.142486,0.7725
3599,OK,,203.157895,16.4438053,121,123.6,121,47.3265353,4.18034024,0.194167239,0.001183855,0.052528702,0.907567553,0.022537296,1.0214876
3600,OK,,203.157895,16.4438053,124,123.6,124,48.4999205,3.61625602,0.237058844,0.001438444,0.045325244,0.920550079,0.031736046,0.996774194
3601,OK,,203.157895,16.4438053,127,123.6,127,49.6733057,3.06180793,0.293256384,0.001770469,0.038266776,0.932457398,0.04626649,0.973228346
3602,OK,,203.157895,16.4438053,130,123.6,130,50.8466908,2.51330376,0.367772241,0.002208598,0.031314653,0.943337984,0.070529212,0.950769231
3603,OK,,203.157895,16.4438053,133,123.6,133,52.020076,1.98318153,0.468471758,0.002797652,0.024622093,0.952871017,0.113623648,0.929323308
3604,OK,,203.157895,16.4438053,136,123.6,136,53.1934612,1.47090816,0.618883739,0.003673352,0.018186713,0.960713369,0.201980005,0.908823529
3605,OK,,203.157895,16.4438053,139,123.6,139,54.3668464,0.991751589,0.83893119,0.0049481,0.012204225,0.966327221,0.405441536,0.889208633
3606,OK,,203.157895,16.4438053,142,123.6,142,55.5402315,0.572205505,1.19315727,0.006989118,0.006999479,0.968214703,0.998519608,0.870422535
3607,OK,,203.157895,16.4438053,145,123.6,145,56.7136167,0.274395432,1.75075795,0.010177145,0.00332894,0.964291585,3.05717284,0.852413793
3608,OK,,203.157895,16.4438053,148,123.6,148,57.8870019,0.112620741,2.60618487,0.015019152,0.001351614,0.953032537,11.1120147,0.835135135
3609,OK,,203.157895,16.4438053,151,123.6,151,59.0603871,0.049335569,3.67564417,0.020984097,0.000584682,0.936929304,35.8897311,0.818543046
3610,OK,,203.157895,16.4438053,154,123.6,154,60.2337722,0.024318727,4.82825192,0.027297174,0.000284413,0.91943771,95.9771003,0.802597403
3611,OK,,203.157895,16.4438053,157,123.6,157,61.4071574,0.013457289,5.99607756,0.033563281,0.000155254,0.902136248,216.182619,0.787261146
3612,OK,,203.157895,16.4438053,160,123.6,160,62.5805426,0.008068973,7.1777162,0.039783714,9.19E-05,0.88517541,433.031137,0.7725
3613,OK,,203.157895,16.9328526,121,123.6,121,47.3265353,4.28133462,0.190410351,0.001157422,0.053621471,0.905512945,0.021585042,1.0214876
3614,OK,,203.157895,16.9328526,124,123.6,124,48.4999205,3.71744749,0.231914157,0.001403003,0.046441673,0.91856973,0.030210002,0.996774194
3615,OK,,203.157895,16.9328526,127,123.6,127,49.6733057,3.16053235,0.286258752,0.001723116,0.039374492,0.930610797,0.043762246,0.973228346
3616,OK,,203.157895,16.9328526,130,123.6,130,50.8466908,2.61132098,0.357740252,0.002142102,0.032433198,0.941607582,0.066046597,0.950769231
3617,OK,,203.157895,16.9328526,133,123.6,133,52.020076,2.07833303,0.456612587,0.002718512,0.025720965,0.951269859,0.105692466,0.929323308
3618,OK,,203.157895,16.9328526,136,123.6,136,53.1934612,1.56266235,0.595987955,0.003527595,0.01926345,0.959418879,0.183123741,0.908823529
3619,OK,,203.157895,16.9328526,139,123.6,139,54.3668464,1.08021131,0.799700387,0.004703964,0.013254374,0.965421726,0.354898988,0.889208633
3620,OK,,203.157895,16.9328526,142,123.6,142,55.5402315,0.651518586,1.12024038,0.006545159,0.007948376,0.968099539,0.823458707,0.870422535
3621,OK,,203.157895,16.9328526,145,123.6,145,56.7136167,0.325158677,1.6325833,0.009467847,0.003936412,0.965480213,2.40519695,0.852413793
3622,OK,,203.157895,16.9328526,148,123.6,148,57.8870019,0.133846651,2.44676679,0.014069674,0.001603853,0.955419812,8.77242261,0.835135135
3623,OK,,203.157895,16.9328526,151,123.6,151,59.0603871,0.058311884,3.49096328,0.019888679,0.000690161,0.939904302,28.8174274,0.818543046
3624,OK,,203.157895,16.9328526,154,123.6,154,60.2337722,0.028183347,4.61851362,0.026060577,0.000329228,0.922855621,79.1566941,0.802597403
3625,OK,,203.157895,16.9328526,157,123.6,157,61.4071574,0.015344039,5.78488031,0.032323305,0.000176869,0.905544816,182.752772,0.787261146
3626,OK,,203.157895,16.9328526,160,123.6,160,62.5805426,0.009108307,6.95877657,0.03849967,1.04E-04,0.888657327,371.62755,0.7725
3627,OK,,203.157895,17.4219,121,123.6,121,47.3265353,4.39001721,0.186496282,0.001130175,0.054796667,0.903299207,0.020624882,1.0214876
3628,OK,,203.157895,17.4219,124,123.6,124,48.4999205,3.81966728,0.226932011,0.001368755,0.047563589,0.916564826,0.028777379,0.996774194
3629,OK,,203.157895,17.4219,127,123.6,127,49.6733057,3.26146367,0.279427371,0.001677036,0.040501683,0.92871642,0.041406572,0.973228346
3630,OK,,203.157895,17.4219,130,123.6,130,50.8466908,2.71459387,0.34771739,0.002076028,0.033607285,0.939773637,0.061773147,0.950769231
3631,OK,,203.157895,17.4219,133,123.6,133,52.020076,2.17491252,0.443307657,0.002631785,0.026833353,0.949669044,0.098078861,0.929323308
3632,OK,,203.157895,17.4219,136,123.6,136,53.1934612,1.65724774,0.574202308,0.003389184,0.020367908,0.958050294,0.166398249,0.908823529
3633,OK,,203.157895,17.4219,139,123.6,139,54.3668464,1.16677165,0.765208494,0.004488925,0.014275862,0.964464002,0.314441618,0.889208633
3634,OK,,203.157895,17.4219,142,123.6,142,55.5402315,0.725804182,1.06140828,0.006185427,0.008831809,0.9678213,0.700357858,0.870422535
3635,OK,,203.157895,17.4219,145,123.6,145,56.7136167,0.376665041,1.53398853,0.008874614,0.004550299,0.966310497,1.9503366,0.852413793
3636,OK,,203.157895,17.4219,148,123.6,148,57.8870019,0.161092588,2.28402468,0.013105313,0.001927183,0.957760513,6.80024189,0.835135135
3637,OK,,203.157895,17.4219,151,123.6,151,59.0603871,0.069722579,3.27464088,0.018619393,0.000824153,0.943373831,22.5921554,0.818543046
3638,OK,,203.157895,17.4219,154,123.6,154,60.2337722,0.032825531,4.40682987,0.024817979,0.000383013,0.926292921,64.7967434,0.802597403
3639,OK,,203.157895,17.4219,157,123.6,157,61.4071574,0.017507713,5.57605716,0.031097377,0.000201589,0.908910213,154.261323,0.787261146
3640,OK,,203.157895,17.4219,160,123.6,160,62.5805426,0.01040884,6.75197048,0.037284325,0.000118251,0.891941184,315.297631,0.7725
3641,OK,,208.421053,8.13,121,123.6,121,47.3265353,2.47341173,0.322455612,0.002071771,0.032897478,0.940923896,0.062976578,1.0214876
3642,OK,,208.421053,8.13,124,123.6,124,48.4999205,1.93732859,0.413196206,0.002639836,0.025677897,0.951535492,0.102805751,0.996774194
3643,OK,,208.421053,8.13,127,123.6,127,49.6733057,1.41927305,0.546228004,0.00346885,0.018736623,0.960431442,0.185137419,0.973228346
3644,OK,,208.421053,8.13,130,123.6,130,50.8466908,0.938712707,0.748613329,0.004723481,0.012332337,0.966815421,0.383015894,0.950769231
3645,OK,,208.421053,8.13,133,123.6,133,52.020076,0.522986052,1.08510354,0.006798126,0.006827698,0.969087135,0.995668901,0.929323308
3646,OK,,208.421053,8.13,136,123.6,136,53.1934612,0.225968006,1.67324625,0.010398147,0.002924367,0.964296095,3.55569113,0.908823529
3647,OK,,208.421053,8.13,139,123.6,139,54.3668464,0.08067618,2.6361377,0.016223113,0.001031126,0.950028114,15.7333992,0.889208633
3648,OK,,208.421053,8.13,142,123.6,142,55.5402315,0.035988561,3.66425857,0.022334507,0.000453986,0.933377175,49.1964351,0.870422535
3649,OK,,208.421053,8.13,145,123.6,145,56.7136167,0.017308034,4.82700781,0.029118703,0.000215283,0.914582844,135.258057,0.852413793
3650,OK,,208.421053,8.13,148,123.6,148,57.8870019,0.009394117,5.99817208,0.035805018,0.000115191,0.896219082,310.832329,0.835135135
3651,OK,,208.421053,8.13,151,123.6,151,59.0603871,0.005546608,7.18584745,0.042439057,6.70E-05,0.878236591,632.973886,0.818543046
3652,OK,,208.421053,8.13,154,123.6,154,60.2337722,0.003460096,8.39344465,0.049034745,4.12E-05,0.860594739,1189.39437,0.802597403
3653,OK,,208.421053,8.13,157,123.6,157,61.4071574,0.00221656,9.65309472,0.055752844,2.60E-05,0.842765702,2143.22873,0.787261146
3654,OK,,208.421053,8.13,160,123.6,160,62.5805426,0.00157564,10.7928708,0.061704551,1.83E-05,0.82751114,3379.92009,0.7725
3655,OK,,208.421053,8.61904737,121,123.6,121,47.3265353,2.57747408,0.312857526,0.002003827,0.034162423,0.938927885,0.058655869,1.0214876
3656,OK,,208.421053,8.61904737,124,123.6,124,48.4999205,2.03458913,0.399619644,0.002545304,0.026877476,0.949810046,0.094700278,0.996774194
3657,OK,,208.421053,8.61904737,127,123.6,127,49.6733057,1.51381189,0.524655943,0.003321918,0.019920026,0.958962509,0.166762721,0.973228346
3658,OK,,208.421053,8.61904737,130,123.6,130,50.8466908,1.0244695,0.712840626,0.004484795,0.013418156,0.965832386,0.334233317,0.950769231
3659,OK,,208.421053,8.61904737,133,123.6,133,52.020076,0.587413968,1.02576736,0.006408676,0.007648741,0.968989255,0.837873325,0.929323308
3660,OK,,208.421053,8.61904737,136,123.6,136,53.1934612,0.270350089,1.55409541,0.009633451,0.003491249,0.965701696,2.75931344,0.908823529
3661,OK,,208.421053,8.61904737,139,123.6,139,54.3668464,0.10564528,2.39008421,0.014682248,0.001348905,0.954094643,10.8845676,0.889208633
3662,OK,,208.421053,8.61904737,142,123.6,142,55.5402315,0.042115248,3.48172676,0.021171202,0.000530324,0.936553343,39.9212736,0.870422535
3663,OK,,208.421053,8.61904737,145,123.6,145,56.7136167,0.019189023,4.60818157,0.027742056,0.000238396,0.91840812,116.369505,0.852413793
3664,OK,,208.421053,8.61904737,148,123.6,148,57.8870019,0.01080069,5.78579949,0.034468195,0.000132286,0.899863527,260.558689,0.835135135
3665,OK,,208.421053,8.61904737,151,123.6,151,59.0603871,0.006127359,7.0171587,0.041346449,7.39E-05,0.881082966,559.190441,0.818543046
3666,OK,,208.421053,8.61904737,154,123.6,154,60.2337722,0.003875214,8.18467383,0.047728266,4.61E-05,0.864053856,1034.58671,0.802597403
3667,OK,,208.421053,8.61904737,157,123.6,157,61.4071574,0.002561274,9.36782912,0.054045799,3.01E-05,0.847405567,1797.59293,0.787261146
3668,OK,,208.421053,8.61904737,160,123.6,160,62.5805426,0.001730244,10.5970018,0.060472878,2.00E-05,0.83063854,3019.59292,0.7725
3669,OK,,208.421053,9.10809474,121,123.6,121,47.3265353,2.67392588,0.30451053,0.001944315,0.035322725,0.937066249,0.055044308,1.0214876
3670,OK,,208.421053,9.10809474,124,123.6,124,48.4999205,2.12969178,0.387241178,0.002458945,0.028041561,0.94810439,0.087689315,0.996774194
3671,OK,,208.421053,9.10809474,127,123.6,127,49.6733057,1.6033344,0.505934013,0.003193842,0.021031691,0.957537185,0.151858571,0.973228346
3672,OK,,208.421053,9.10809474,130,123.6,130,50.8466908,1.11115651,0.680516907,0.004269042,0.014509144,0.964763225,0.294231164,0.950769231
3673,OK,,208.421053,9.10809474,133,123.6,133,52.020076,0.668297034,0.961731733,0.005992117,0.008677046,0.968665391,0.690571055,0.929323308
3674,OK,,208.421053,9.10809474,136,123.6,136,53.1934612,0.321854271,1.44531159,0.008936286,0.004146888,0.966778513,2.15493792,0.908823529
3675,OK,,208.421053,9.10809474,139,123.6,139,54.3668464,0.126018675,2.23781355,0.013714609,0.001606374,0.956520704,8.53761744,0.889208633
3676,OK,,208.421053,9.10809474,142,123.6,142,55.5402315,0.051030347,3.27064601,0.019849975,0.000642057,0.940193329,30.9162348,0.870422535
3677,OK,,208.421053,9.10809474,145,123.6,145,56.7136167,0.023757026,4.40103922,0.02644002,0.000294778,0.921980002,89.6946805,0.852413793
3678,OK,,208.421053,9.10809474,148,123.6,148,57.8870019,0.01239491,5.57753792,0.033160255,0.000151634,0.903433713,218.686813,0.835135135
3679,OK,,208.421053,9.10809474,151,123.6,151,59.0603871,0.007392727,6.6995372,0.039420583,8.92E-05,0.886439452,442.065487,0.818543046
3680,OK,,208.421053,9.10809474,154,123.6,154,60.2337722,0.004361668,7.96857635,0.046380338,5.19E-05,0.867633427,894.199851,0.802597403
3681,OK,,208.421053,9.10809474,157,123.6,157,61.4071574,0.002837871,9.16736665,0.052788907,3.33E-05,0.850665543,1586.37808,0.787261146
3682,OK,,208.421053,9.10809474,160,123.6,160,62.5805426,0.00194869,10.3476311,0.058951301,2.25E-05,0.834619846,2616.0952,0.7725
3683,OK,,208.421053,9.59714211,121,123.6,121,47.3265353,2.77181752,0.296350755,0.001886354,0.036493619,0.935170233,0.051689966,1.0214876
3684,OK,,208.421053,9.59714211,124,123.6,124,48.4999205,2.23048673,0.374930267,0.002373502,0.029269932,0.946279974,0.08109011,0.996774194
3685,OK,,208.421053,9.59714211,127,123.6,127,49.6733057,1.70172049,0.485701782,0.003056967,0.022248927,0.955963827,0.137398398,0.973228346
3686,OK,,208.421053,9.59714211,130,123.6,130,50.8466908,1.19826641,0.65126321,0.0040737,0.01559896,0.963625369,0.26115205,0.950769231
3687,OK,,208.421053,9.59714211,133,123.6,133,52.020076,0.745557332,0.909289838,0.005649657,0.009652935,0.968188298,0.585278639,0.929323308
3688,OK,,208.421053,9.59714211,136,123.6,136,53.1934612,0.376247417,1.35021603,0.008326747,0.004836401,0.96754369,1.72168227,0.908823529
3689,OK,,208.421053,9.59714211,139,123.6,139,54.3668464,0.151960969,2.08143757,0.012726428,0.001933703,0.958919844,6.58137682,0.889208633
3690,OK,,208.421053,9.59714211,142,123.6,142,55.5402315,0.060995149,3.08061852,0.018655938,0.000766367,0.943435352,24.3433396,0.870422535
3691,OK,,208.421053,9.59714211,145,123.6,145,56.7136167,0.026422009,4.26819837,0.025566448,0.000326915,0.924275322,78.205273,0.852413793
3692,OK,,208.421053,9.59714211,148,123.6,148,57.8870019,0.014208618,5.3746574,0.031889266,0.000173619,0.906907149,183.673703,0.835135135
3693,OK,,208.421053,9.59714211,151,123.6,151,59.0603871,0.008085433,6.55343563,0.038477902,9.74E-05,0.888901489,395.000871,0.818543046
3694,OK,,208.421053,9.59714211,154,123.6,154,60.2337722,0.004607225,7.87294667,0.04571965,5.47E-05,0.869216992,835.563682,0.802597403
3695,OK,,208.421053,9.59714211,157,123.6,157,61.4071574,0.003173461,8.94443417,0.051411551,3.72E-05,0.854290477,1383.0268,0.787261146
3696,OK,,208.421053,9.59714211,160,123.6,160,62.5805426,0.002164178,10.1693446,0.057824507,2.50E-05,0.837465316,2313.06594,0.7725
3697,OK,,208.421053,10.0861895,121,123.6,121,47.3265353,2.87274649,0.288514044,0.001830773,0.037694274,0.933203212,0.048569006,1.0214876
3698,OK,,208.421053,10.0861895,124,123.6,124,48.4999205,2.32678422,0.363936005,0.002296894,0.030433544,0.944521142,0.075472449,0.996774194
3699,OK,,208.421053,10.0861895,127,123.6,127,49.6733057,1.79870841,0.468400691,0.002939247,0.023439578,0.954359609,0.125396773,0.973228346
3700,OK,,208.421053,10.0861895,130,123.6,130,50.8466908,1.29555166,0.621703676,0.003877474,0.016811067,0.96229341,0.230650093,0.950769231
3701,OK,,208.421053,10.0861895,133,123.6,133,52.020076,0.820831552,0.864592914,0.005356964,0.010597932,0.9676005,0.505472603,0.929323308
3702,OK,,208.421053,10.0861895,136,123.6,136,53.1934612,0.437808461,1.26134578,0.007758381,0.005613858,0.968057084,1.38200528,0.908823529
3703,OK,,208.421053,10.0861895,139,123.6,139,54.3668464,0.182879055,1.93743605,0.011817801,0.00232286,0.960999851,5.08760731,0.889208633
3704,OK,,208.421053,10.0861895,142,123.6,142,55.5402315,0.073337164,2.89164579,0.01747324,0.000920117,0.946615582,18.9902473,0.870422535
3705,OK,,208.421053,10.0861895,145,123.6,145,56.7136167,0.032915955,3.98398776,0.023835374,0.000407408,0.929172147,58.5049293,0.852413793
3706,OK,,208.421053,10.0861895,148,123.6,148,57.8870019,0.016460937,5.1597192,0.030552631,0.000200906,0.910581306,152.074134,0.835135135
3707,OK,,208.421053,10.0861895,151,123.6,151,59.0603871,0.008954828,6.35100912,0.037215299,0.000107765,0.892314218,345.338051,0.818543046
3708,OK,,208.421053,10.0861895,154,123.6,154,60.2337722,0.005564085,7.53059904,0.043666279,6.60E-05,0.874884756,661.350811,0.802597403
3709,OK,,208.421053,10.0861895,157,123.6,157,61.4071574,0.003524,8.74824066,0.050188073,4.12E-05,0.85747973,1217.11461,0.787261146
3710,OK,,208.421053,10.0861895,160,123.6,160,62.5805426,0.002368445,9.94608871,0.056455054,2.73E-05,0.841029548,2065.56993,0.7725
3711,OK,,208.421053,10.5752368,121,123.6,121,47.3265353,2.97217809,0.281205898,0.001778876,0.03886808,0.931256663,0.045767016,1.0214876
3712,OK,,208.421053,10.5752368,124,123.6,124,48.4999205,2.42646857,0.353221578,0.002222478,0.031631599,0.942686707,0.070261329,0.996774194
3713,OK,,208.421053,10.5752368,127,123.6,127,49.6733057,1.89360657,0.452744408,0.002832552,0.024597692,0.952764348,0.115155202,0.973228346
3714,OK,,208.421053,10.5752368,130,123.6,130,50.8466908,1.3836359,0.597520856,0.003715825,0.017899134,0.961036663,0.20759805,0.950769231
3715,OK,,208.421053,10.5752368,133,123.6,133,52.020076,0.909468142,0.81814289,0.005054933,0.011706925,0.966789533,0.431789945,0.929323308
3716,OK,,208.421053,10.5752368,136,123.6,136,53.1934612,0.502034666,1.18396414,0.007263171,0.006421172,0.968304397,1.13112871,0.908823529
3717,OK,,208.421053,10.5752368,139,123.6,139,54.3668464,0.221936478,1.7953694,0.010925013,0.002813371,0.962894558,3.88324658,0.889208633
3718,OK,,208.421053,10.5752368,142,123.6,142,55.5402315,0.088934326,2.71277827,0.016356019,0.001114127,0.949555259,14.6805657,0.870422535
3719,OK,,208.421053,10.5752368,145,123.6,145,56.7136167,0.038242932,3.79990476,0.022685273,0.000472729,0.932324053,47.9879453,0.852413793
3720,OK,,208.421053,10.5752368,148,123.6,148,57.8870019,0.018391752,5.00099746,0.029538286,0.000224012,0.913289874,131.860443,0.835135135
3721,OK,,208.421053,10.5752368,151,123.6,151,59.0603871,0.010514168,6.12783283,0.035838249,0.000126389,0.896066597,283.554462,0.818543046
3722,OK,,208.421053,10.5752368,154,123.6,154,60.2337722,0.006229813,7.33140025,0.042428349,7.38E-05,0.878180798,574.565558,0.802597403
3723,OK,,208.421053,10.5752368,157,123.6,157,61.4071574,0.003959698,8.52536204,0.048820062,4.63E-05,0.861102157,1054.75597,0.787261146
3724,OK,,208.421053,10.5752368,160,123.6,160,62.5805426,0.002605293,9.75185204,0.055249226,3.00E-05,0.84412955,1839.6002,0.7725
3725,OK,,208.421053,11.0642842,121,123.6,121,47.3265353,3.07317751,0.274155067,0.001728903,0.040053098,0.929271548,0.043165273,1.0214876
3726,OK,,208.421053,11.0642842,124,123.6,124,48.4999205,2.52341557,0.343428282,0.002154291,0.032787537,0.940889721,0.065704555,0.996774194
3727,OK,,208.421053,11.0642842,127,123.6,127,49.6733057,1.99016515,0.437901684,0.00273151,0.025768153,0.951119282,0.106003337,0.973228346
3728,OK,,208.421053,11.0642842,130,123.6,130,50.8466908,1.47443443,0.574680765,0.003563384,0.019014511,0.959700127,0.187403427,0.950769231
3729,OK,,208.421053,11.0642842,133,123.6,133,52.020076,0.990887912,0.780524703,0.004808938,0.012718054,0.96594752,0.378118989,0.929323308
3730,OK,,208.421053,11.0642842,136,123.6,136,53.1934612,0.57185152,1.11278068,0.006808283,0.007294945,0.968330089,0.933287774,0.908823529
3731,OK,,208.421053,11.0642842,139,123.6,139,54.3668464,0.263358915,1.67480428,0.010166353,0.003331626,0.964350274,3.05146872,0.889208633
3732,OK,,208.421053,11.0642842,142,123.6,142,55.5402315,0.106115716,2.5339611,0.015243902,0.001327328,0.952465506,11.4846527,0.870422535
3733,Errors,,208.421053,11.0642842,145,123.6,145,56.7136167,0.024811185,5.75468793,0.033960897,0.000302692,0.898093272,112.196307,0.852413793
3734,OK,,208.421053,11.0642842,148,123.6,148,57.8870019,0.020155586,4.80932448,0.028343173,0.000245121,0.916570561,115.629339,0.835135135
3735,OK,,208.421053,11.0642842,151,123.6,151,59.0603871,0.011874917,5.93551136,0.034643186,0.000142581,0.89929991,242.971719,0.818543046
3736,OK,,208.421053,11.0642842,154,123.6,154,60.2337722,0.00701709,7.12376404,0.041147231,8.31E-05,0.8816149,495.24365,0.802597403
3737,OK,,208.421053,11.0642842,157,123.6,157,61.4071574,0.004422004,8.31658444,0.047535302,5.16E-05,0.864494518,920.605174,0.787261146
3738,OK,,208.421053,11.0642842,160,123.6,160,62.5805426,0.002876233,9.55176091,0.054012783,3.31E-05,0.847322558,1630.86095,0.7725
3739,OK,,208.421053,11.5533316,121,123.6,121,47.3265353,3.17151383,0.267640628,0.001682617,0.041197628,0.927331371,0.040842575,1.0214876
3740,OK,,208.421053,11.5533316,124,123.6,124,48.4999205,2.62292391,0.333927457,0.002088324,0.033967597,0.939033893,0.061479892,0.996774194
3741,OK,,208.421053,11.5533316,127,123.6,127,49.6733057,2.08849956,0.423796016,0.00263563,0.026953155,0.949423628,0.097785591,0.973228346
3742,OK,,208.421053,11.5533316,130,123.6,130,50.8466908,1.56726114,0.553228283,0.003420371,0.020148352,0.958296412,0.169759362,0.950769231
3743,OK,,208.421053,11.5533316,133,123.6,133,52.020076,1.08240418,0.742693314,0.004562912,0.013850132,0.964915517,0.329449017,0.929323308
3744,OK,,208.421053,11.5533316,136,123.6,136,53.1934612,0.645232138,1.04889119,0.006400148,0.008208932,0.968151662,0.779656678,0.908823529
3745,OK,,208.421053,11.5533316,139,123.6,139,54.3668464,0.310857388,1.56505867,0.009476494,0.003923944,0.96549522,2.41504333,0.889208633
3746,OK,,208.421053,11.5533316,142,123.6,142,55.5402315,0.126524315,2.37400309,0.014249114,0.001580063,0.954978088,9.01806473,0.870422535
3747,OK,,208.421053,11.5533316,145,123.6,145,56.7136167,0.054014091,3.39703731,0.020194715,0.000665901,0.939149509,30.3269092,0.852413793
3748,OK,,208.421053,11.5533316,148,123.6,148,57.8870019,0.025561115,4.54385664,0.026741691,0.000310854,0.921063147,86.0266338,0.835135135
3749,OK,,208.421053,11.5533316,151,123.6,151,59.0603871,0.013693195,5.71347346,0.033282549,0.000164228,0.90302863,202.660302,0.818543046
3750,OK,,208.421053,11.5533316,154,123.6,154,60.2337722,0.007950242,6.90837838,0.03982709,9.40E-05,0.885175237,423.550889,0.802597403
3751,OK,,208.421053,11.5533316,157,123.6,157,61.4071574,0.004950528,8.10835236,0.046257955,5.77E-05,0.867876918,801.072491,0.787261146
3752,OK,,208.421053,11.5533316,160,123.6,160,62.5805426,0.003238156,9.31241702,0.052570772,3.73E-05,0.851141348,1411.16571,0.7725
3753,OK,,208.421053,12.0423789,121,123.6,121,47.3265353,3.27399879,0.261163106,0.001636816,0.04238471,0.925302753,0.038618081,1.0214876
3754,OK,,208.421053,12.0423789,124,123.6,124,48.4999205,2.72410163,0.325509996,0.002029484,0.035159981,0.937121307,0.057721416,0.996774194
3755,OK,,208.421053,12.0423789,127,123.6,127,49.6733057,2.18388275,0.411024671,0.002548586,0.028093664,0.947760525,0.09071746,0.973228346
3756,OK,,208.421053,12.0423789,130,123.6,130,50.8466908,1.66046288,0.532110676,0.003280222,0.021279566,0.956878736,0.154148925,0.950769231
3757,OK,,208.421053,12.0423789,133,123.6,133,52.020076,1.16337468,0.712738983,0.004366506,0.014843253,0.963934815,0.294174472,0.929323308
3758,OK,,208.421053,12.0423789,136,123.6,136,53.1934612,0.719085898,0.993329936,0.006044706,0.009123779,0.967807776,0.662522227,0.908823529
3759,OK,,208.421053,12.0423789,139,123.6,139,54.3668464,0.364313826,1.46215933,0.008831224,0.004588374,0.966404651,1.92469587,0.889208633
3760,OK,,208.421053,12.0423789,142,123.6,142,55.5402315,0.153602525,2.20644733,0.013213386,0.00191493,0.957507382,6.90019422,0.870422535
3761,OK,,208.421053,12.0423789,145,123.6,145,56.7136167,0.063637838,3.21610833,0.019077949,0.000783491,0.94217004,24.3499293,0.852413793
3762,OK,,208.421053,12.0423789,148,123.6,148,57.8870019,0.029864168,4.33572684,0.025464804,0.000362739,0.924584261,70.2013765,0.835135135
3763,OK,,208.421053,12.0423789,151,123.6,151,59.0603871,0.015887944,5.48615049,0.031897287,0.000190343,0.906840461,167.57833,0.818543046
3764,OK,,208.421053,12.0423789,154,123.6,154,60.2337722,0.009123704,6.67377998,0.038403388,0.000107796,0.889050554,356.259869,0.802597403
3765,OK,,208.421053,12.0423789,157,123.6,157,61.4071574,0.005543792,7.8953796,0.044958953,6.46E-05,0.871335464,695.997277,0.787261146
3766,OK,,208.421053,12.0423789,160,123.6,160,62.5805426,0.003615058,9.09279679,0.051238599,4.15E-05,0.854644727,1233.26505,0.7725
3767,OK,,208.421053,12.5314263,121,123.6,121,47.3265353,3.37578027,0.255038095,0.001593504,0.043555741,0.923281551,0.03658539,1.0214876
3768,OK,,208.421053,12.5314263,124,123.6,124,48.4999205,2.82254548,0.317104009,0.001971088,0.036311448,0.935264853,0.054282826,0.996774194
3769,OK,,208.421053,12.5314263,127,123.6,127,49.6733057,2.28134378,0.39876069,0.002465188,0.029252616,0.946045377,0.084272395,0.973228346
3770,OK,,208.421053,12.5314263,130,123.6,130,50.8466908,1.75698905,0.513115554,0.003153897,0.022445059,0.955353936,0.140516338,0.950769231
3771,OK,,208.421053,12.5314263,133,123.6,133,52.020076,1.25375517,0.680900364,0.004159639,0.015947953,0.962809444,0.260825879,0.929323308
3772,OK,,208.421053,12.5314263,136,123.6,136,53.1934612,0.798438803,0.941144308,0.005711572,0.010102388,0.96729705,0.5653685,0.908823529
3773,OK,,208.421053,12.5314263,139,123.6,139,54.3668464,0.42486786,1.36611843,0.008230228,0.005338272,0.967057381,1.54174017,0.889208633
3774,OK,,208.421053,12.5314263,142,123.6,142,55.5402315,0.180702487,2.07053549,0.012370411,0.002248861,0.959466536,5.50074563,0.870422535
3775,OK,,208.421053,12.5314263,145,123.6,145,56.7136167,0.075670069,3.03152193,0.017944234,0.000930324,0.945212593,19.2881555,0.852413793
3776,OK,,208.421053,12.5314263,148,123.6,148,57.8870019,0.034649527,4.14232459,0.024278427,0.000420343,0.927842625,57.7586526,0.835135135
3777,OK,,208.421053,12.5314263,151,123.6,151,59.0603871,0.017892147,5.30846766,0.03079975,0.000214092,0.90981502,143.862538,0.818543046
3778,OK,,208.421053,12.5314263,154,123.6,154,60.2337722,0.009976173,6.52394753,0.037451247,0.000117646,0.891523916,318.339484,0.802597403
3779,OK,,208.421053,12.5314263,157,123.6,157,61.4071574,0.006251647,7.67462328,0.043621241,7.28E-05,0.874918898,599.45293,0.787261146
3780,OK,,208.421053,12.5314263,160,123.6,160,62.5805426,0.004024006,8.88112325,0.049954582,4.62E-05,0.85802061,1081.27235,0.7725
3781,OK,,208.421053,13.0204737,121,123.6,121,47.3265353,3.47883746,0.249124498,0.001551757,0.044733838,0.921228927,0.034688656,1.0214876
3782,OK,,208.421053,13.0204737,124,123.6,124,48.4999205,2.92327995,0.308942713,0.001914534,0.037482859,0.933356125,0.051077591,0.996774194
3783,OK,,208.421053,13.0204737,127,123.6,127,49.6733057,2.37900372,0.387224242,0.002386735,0.030406489,0.944311579,0.078494252,0.973228346
3784,OK,,208.421053,13.0204737,130,123.6,130,50.8466908,1.85162445,0.495883849,0.003039092,0.0235796,0.953831641,0.128886498,0.950769231
3785,OK,,208.421053,13.0204737,133,123.6,133,52.020076,1.3435263,0.653499489,0.003980906,0.017038186,0.961610479,0.233646128,0.929323308
3786,OK,,208.421053,13.0204737,136,123.6,136,53.1934612,0.881188877,0.89337463,0.005406837,0.011117604,0.966639443,0.486331147,0.908823529
3787,OK,,208.421053,13.0204737,139,123.6,139,54.3668464,0.489525903,1.28082255,0.007696526,0.006135481,0.967436985,1.25442915,0.889208633
3788,OK,,208.421053,13.0204737,142,123.6,142,55.5402315,0.21865078,1.92247309,0.011459056,0.002715922,0.961449137,4.21921412,0.870422535
3789,OK,,208.421053,13.0204737,145,123.6,145,56.7136167,0.089844989,2.85538726,0.016864756,0.001102991,0.94806834,15.2900155,0.852413793
3790,OK,,208.421053,13.0204737,148,123.6,148,57.8870019,0.040632598,3.93984114,0.023044185,0.000492306,0.931237176,46.80865,0.835135135
3791,OK,,208.421053,13.0204737,151,123.6,151,59.0603871,0.020319449,5.09044023,0.029476849,0.000242857,0.913465523,121.375499,0.818543046
3792,OK,,208.421053,13.0204737,154,123.6,154,60.2337722,0.011617676,6.27253997,0.035953305,0.000136955,0.895670528,262.519606,0.802597403
3793,OK,,208.421053,13.0204737,157,123.6,157,61.4071574,0.007017128,7.46572625,0.042353846,8.16E-05,0.878308267,519.098771,0.787261146
3794,OK,,208.421053,13.0204737,160,123.6,160,62.5805426,0.004538232,8.65153293,0.04857467,5.20E-05,0.86168111,933.237254,0.7725
3795,OK,,208.421053,13.5095211,121,123.6,121,47.3265353,3.5769019,0.243774372,0.001513778,0.045843927,0.919269893,0.033020257,1.0214876
3796,OK,,208.421053,13.5095211,124,123.6,124,48.4999205,3.02303355,0.301284929,0.001861427,0.038634495,0.931457239,0.048180432,0.996774194
3797,OK,,208.421053,13.5095211,127,123.6,127,49.6733057,2.47383796,0.377465409,0.002319673,0.031518198,0.94259888,0.073597893,0.973228346
3798,OK,,208.421053,13.5095211,130,123.6,130,50.8466908,1.94569936,0.479950448,0.002932867,0.024700013,0.952294834,0.118739509,0.950769231
3799,OK,,208.421053,13.5095211,133,123.6,133,52.020076,1.43706887,0.627433745,0.003811233,0.018168226,0.960313349,0.209774658,0.929323308
3800,OK,,208.421053,13.5095211,136,123.6,136,53.1934612,0.962985563,0.851590883,0.0051398,0.012115121,0.965887227,0.424246713,0.908823529
3801,OK,,208.421053,13.5095211,139,123.6,139,54.3668464,0.55298531,1.20991941,0.007251543,0.006913779,0.967573901,1.0488538,0.889208633
3802,OK,,208.421053,13.5095211,142,123.6,142,55.5402315,0.258889331,1.79641403,0.010682094,0.003209374,0.962994332,3.32840445,0.870422535
3803,OK,,208.421053,13.5095211,145,123.6,145,56.7136167,0.108208943,2.66997581,0.015735517,0.001326427,0.951013797,11.8630895,0.852413793
3804,OK,,208.421053,13.5095211,148,123.6,148,57.8870019,0.04782584,3.74012191,0.021830814,0.000578717,0.934563069,37.7227745,0.835135135
3805,OK,,208.421053,13.5095211,151,123.6,151,59.0603871,0.024282121,4.8785869,0.028189685,0.000289847,0.916985491,97.2571884,0.818543046
3806,OK,,208.421053,13.5095211,154,123.6,154,60.2337722,0.013256744,6.07058529,0.034723643,0.00015609,0.898996164,222.458816,0.802597403
3807,OK,,208.421053,13.5095211,157,123.6,157,61.4071574,0.007928474,7.25621817,0.041084699,9.21E-05,0.881705212,446.162073,0.787261146
3808,OK,,208.421053,13.5095211,160,123.6,160,62.5805426,0.005037212,8.44144099,0.047308237,5.77E-05,0.865030282,819.718338,0.7725
3809,OK,,208.421053,13.9985684,121,123.6,121,47.3265353,3.67074697,0.238890676,0.001478933,0.046896474,0.917390157,0.031536127,1.0214876
3810,OK,,208.421053,13.9985684,124,123.6,124,48.4999205,3.11875977,0.294319518,0.001812917,0.039730173,0.929627116,0.045630744,0.996774194
3811,OK,,208.421053,13.9985684,127,123.6,127,49.6733057,2.57569052,0.366727749,0.00224697,0.032708018,0.940764597,0.06869782,0.973228346
3812,OK,,208.421053,13.9985684,130,123.6,130,50.8466908,2.04160653,0.464778151,0.002831873,0.025835811,0.950707025,0.109610369,0.950769231
3813,OK,,208.421053,13.9985684,133,123.6,133,52.020076,1.53215755,0.603191124,0.003653528,0.019310274,0.95895145,0.189201275,0.929323308
3814,OK,,208.421053,13.9985684,136,123.6,136,53.1934612,1.04764181,0.812931706,0.004892956,0.013142197,0.965022515,0.372308823,0.908823529
3815,OK,,208.421053,13.9985684,139,123.6,139,54.3668464,0.629330932,1.13681032,0.006795557,0.007847277,0.96751437,0.865976487,0.889208633
3816,OK,,208.421053,13.9985684,142,123.6,142,55.5402315,0.304396255,1.68267507,0.009979845,0.003764154,0.964222848,2.65128502,0.870422535
3817,OK,,208.421053,13.9985684,145,123.6,145,56.7136167,0.128207269,2.5083809,0.014750232,0.001569107,0.953510491,9.40040188,0.852413793
3818,OK,,208.421053,13.9985684,148,123.6,148,57.8870019,0.0567221,3.55149728,0.020680692,0.000685245,0.937667883,30.1800187,0.835135135
3819,OK,,208.421053,13.9985684,151,123.6,151,59.0603871,0.028276953,4.66711748,0.026914565,0.000337137,0.920498414,79.8327573,0.818543046
3820,OK,,208.421053,13.9985684,154,123.6,154,60.2337722,0.015128494,5.8581124,0.033443964,0.000177931,0.902492561,187.960025,0.802597403
3821,OK,,208.421053,13.9985684,157,123.6,157,61.4071574,0.008898693,7.05118577,0.039847808,0.00010324,0.885028313,385.970924,0.787261146
3822,OK,,208.421053,13.9985684,160,123.6,160,62.5805426,0.005596489,8.24628783,0.046127804,6.41E-05,0.868139777,720.15042,0.7725
3823,OK,,208.421053,14.4876158,121,123.6,121,47.3265353,3.7740476,0.233698502,0.00144235,0.048054402,0.915317146,0.030014931,1.0214876
3824,OK,,208.421053,14.4876158,124,123.6,124,48.4999205,3.22524792,0.286890588,0.001761793,0.040947507,0.927584654,0.043025651,0.996774194
3825,OK,,208.421053,14.4876158,127,123.6,127,49.6733057,2.67523879,0.356840152,0.002179888,0.033862053,0.93895959,0.064375539,0.973228346
3826,OK,,208.421053,14.4876158,130,123.6,130,50.8466908,2.14159785,0.44997767,0.002733681,0.027013901,0.949031579,0.101195327,0.950769231
3827,OK,,208.421053,14.4876158,133,123.6,133,52.020076,1.62061485,0.582492114,0.003518123,0.020364105,0.957648909,0.172760992,0.929323308
3828,Errors,,208.421053,14.4876158,136,123.6,136,53.1934612,1.10001109,0.788142482,0.004728146,0.013777928,0.964504029,0.343168155,0.908823529
3829,OK,,208.421053,14.4876158,139,123.6,139,54.3668464,0.69971735,1.07885847,0.006432109,0.008702386,0.967285654,0.739120123,0.889208633
3830,OK,,208.421053,14.4876158,142,123.6,142,55.5402315,0.350260592,1.58640876,0.009387246,0.004323966,0.965130334,2.17098063,0.870422535
3831,OK,,208.421053,14.4876158,145,123.6,145,56.7136167,0.15477409,2.34982822,0.0137838,0.001890818,0.955837725,7.28986187,0.852413793
3832,OK,,208.421053,14.4876158,148,123.6,148,57.8870019,0.067318759,3.35427805,0.019493413,0.000812336,0.940891794,23.996738,0.835135135
3833,OK,,208.421053,14.4876158,151,123.6,151,59.0603871,0.032119886,4.48571686,0.02581521,0.000382489,0.923504789,67.4926068,0.818543046
3834,OK,,208.421053,14.4876158,154,123.6,154,60.2337722,0.017314645,5.64445809,0.032162298,0.000203416,0.906003351,158.111252,0.802597403
3835,OK,,208.421053,14.4876158,157,123.6,157,61.4071574,0.010120127,6.82538399,0.038501175,0.000117289,0.888685547,328.259912,0.787261146
3836,OK,,208.421053,14.4876158,160,123.6,160,62.5805426,0.006301945,8.01983545,0.044780755,7.21E-05,0.871747079,621.492261,0.7725
3837,OK,,208.421053,14.9766632,121,123.6,121,47.3265353,3.88458728,0.228360342,0.001405057,0.049290089,0.913094259,0.028505871,1.0214876
3838,OK,,208.421053,14.9766632,124,123.6,124,48.4999205,3.32204809,0.280506865,0.001717414,0.042041161,0.925720395,0.040850767,0.996774194
3839,OK,,208.421053,14.9766632,127,123.6,127,49.6733057,2.76928842,0.348023651,0.002119745,0.034942574,0.937243716,0.060663676,0.973228346
3840,OK,,208.421053,14.9766632,130,123.6,130,50.8466908,2.21870815,0.439391309,0.002661696,0.027907773,0.947723256,0.095374728,0.950769231
3841,OK,,208.421053,14.9766632,133,123.6,133,52.020076,1.71642745,0.561689999,0.0033828,0.021501038,0.956206956,0.157331923,0.929323308
3842,OK,,208.421053,14.9766632,136,123.6,136,53.1934612,1.2226188,0.744662247,0.004457279,0.015247545,0.963016487,0.292327635,0.908823529
3843,OK,,208.421053,14.9766632,139,123.6,139,54.3668464,0.7772415,1.02292112,0.006082426,0.009640429,0.966888596,0.630929045,0.889208633
3844,OK,,208.421053,14.9766632,142,123.6,142,55.5402315,0.415920616,1.48057338,0.008737353,0.005121422,0.965853689,1.7060404,0.870422535
3845,OK,,208.421053,14.9766632,145,123.6,145,56.7136167,0.183503472,2.20203853,0.012887559,0.002237929,0.95793705,5.75869929,0.852413793
3846,OK,,208.421053,14.9766632,148,123.6,148,57.8870019,0.078718638,3.17981616,0.018440189,0.000948593,0.943708696,19.4395116,0.835135135
3847,OK,,208.421053,14.9766632,151,123.6,151,59.0603871,0.037381679,4.2813709,0.024589982,0.00044461,0.926875647,55.3069054,0.818543046
3848,OK,,208.421053,14.9766632,154,123.6,154,60.2337722,0.019665332,5.44708694,0.030976557,0.000230768,0.909241077,134.232512,0.802597403
3849,OK,,208.421053,14.9766632,157,123.6,157,61.4071574,0.0115076,6.60327918,0.037179699,0.000133229,0.892279873,279.066521,0.787261146
3850,OK,,208.421053,14.9766632,160,123.6,160,62.5805426,0.00702244,7.81574915,0.043560068,8.02E-05,0.874996744,543.096014,0.7725
3851,OK,,208.421053,15.4657105,121,123.6,121,47.3265353,3.9846016,0.223780896,0.001372682,0.050393178,0.91107774,0.027239431,1.0214876
3852,OK,,208.421053,15.4657105,124,123.6,124,48.4999205,3.42498422,0.273997677,0.001672498,0.043200326,0.923732207,0.038714939,0.996774194
3853,OK,,208.421053,15.4657105,127,123.6,127,49.6733057,2.8733714,0.33872403,0.002056961,0.036136012,0.935335581,0.056922747,0.973228346
3854,OK,,208.421053,15.4657105,130,123.6,130,50.8466908,2.3330854,0.425130966,0.002567714,0.029244993,0.94575426,0.087800122,0.950769231
3855,OK,,208.421053,15.4657105,133,123.6,133,52.020076,1.81131377,0.542633141,0.003258703,0.022619571,0.954749261,0.144065628,0.929323308
3856,OK,,208.421053,15.4657105,136,123.6,136,53.1934612,1.31188365,0.714644351,0.004265727,0.016312447,0.961902686,0.261501349,0.908823529
3857,OK,,208.421053,15.4657105,139,123.6,139,54.3668464,0.855871665,0.978900091,0.005803791,0.010585324,0.966252011,0.548286613,0.889208633
3858,OK,,208.421053,15.4657105,142,123.6,142,55.5402315,0.475812815,1.39408888,0.00820635,0.005845188,0.966332483,1.40394977,0.870422535
3859,OK,,208.421053,15.4657105,145,123.6,145,56.7136167,0.216271307,2.06720806,0.012070586,0.002632793,0.959736665,4.58470815,0.852413793
3860,OK,,208.421053,15.4657105,148,123.6,148,57.8870019,0.0938665,2.99025455,0.017304572,0.001129525,0.9467217,15.3202155,0.835135135
3861,OK,,208.421053,15.4657105,151,123.6,151,59.0603871,0.044521148,4.05015693,0.023217094,0.000528885,0.930669637,43.8982247,0.818543046
3862,OK,,208.421053,15.4657105,154,123.6,154,60.2337722,0.022032312,5.23811388,0.029730384,0.000258251,0.912671148,115.122001,0.802597403
3863,OK,,208.421053,15.4657105,157,123.6,157,61.4071574,0.012882938,6.41117089,0.036027561,0.000148984,0.895385911,241.821649,0.787261146
3864,OK,,208.421053,15.4657105,160,123.6,160,62.5805426,0.007621537,7.6099525,0.042333253,8.70E-05,0.878275679,486.862127,0.7725
3865,OK,,208.421053,15.9547579,121,123.6,121,47.3265353,4.09146101,0.219059933,0.001339609,0.051569422,0.908919575,0.025976812,1.0214876
3866,OK,,208.421053,15.9547579,124,123.6,124,48.4999205,3.52772334,0.267805825,0.001629782,0.044349725,0.921741538,0.036748403,0.996774194
3867,OK,,208.421053,15.9547579,127,123.6,127,49.6733057,2.97406847,0.330216313,0.001999356,0.037281487,0.933479668,0.053628646,0.973228346
3868,OK,,208.421053,15.9547579,130,123.6,130,50.8466908,2.42188095,0.414267351,0.002494869,0.030266941,0.944221576,0.082428837,0.950769231
3869,OK,,208.421053,15.9547579,133,123.6,133,52.020076,1.89741724,0.52658392,0.003153357,0.023625493,0.953402583,0.133472645,0.929323308
3870,OK,,208.421053,15.9547579,136,123.6,136,53.1934612,1.40284581,0.690917275,0.004111756,0.017389431,0.960638713,0.236451444,0.908823529
3871,OK,,208.421053,15.9547579,139,123.6,139,54.3668464,0.940234427,0.931198391,0.005506193,0.011596016,0.965577683,0.474834857,0.889208633
3872,OK,,208.421053,15.9547579,142,123.6,142,55.5402315,0.536897802,1.31887038,0.007743918,0.006580011,0.966586956,1.17688523,0.870422535
3873,OK,,208.421053,15.9547579,145,123.6,145,56.7136167,0.259785051,1.92102654,0.011191443,0.003156321,0.961546949,3.54572401,0.852413793
3874,OK,,208.421053,15.9547579,148,123.6,148,57.8870019,0.111520161,2.81003437,0.016227164,0.001339991,0.949530042,12.1099073,0.835135135
3875,OK,,208.421053,15.9547579,151,123.6,151,59.0603871,0.050457612,3.8916495,0.022261119,0.000598641,0.933252941,37.1860636,0.818543046
3876,OK,,208.421053,15.9547579,154,123.6,154,60.2337722,0.026221312,5.0133992,0.028401319,0.000307008,0.916332311,92.5100773,0.802597403
3877,OK,,208.421053,15.9547579,157,123.6,157,61.4071574,0.014620135,6.19917822,0.034770596,0.00016889,0.898809868,205.876881,0.787261146
3878,OK,,208.421053,15.9547579,160,123.6,160,62.5805426,0.008824735,7.39237604,0.04104895,0.000100581,0.881733196,408.11836,0.7725
3879,OK,,208.421053,16.4438053,121,123.6,121,47.3265353,4.19070338,0.21488812,0.001310106,0.052648472,0.906910754,0.024884025,1.0214876
3880,OK,,208.421053,16.4438053,124,123.6,124,48.4999205,3.62872657,0.261994867,0.001589628,0.045470711,0.919778808,0.034959373,0.996774194
3881,OK,,208.421053,16.4438053,127,123.6,127,49.6733057,3.07619115,0.32201861,0.001943939,0.038436001,0.931588814,0.050575992,0.973228346
3882,OK,,208.421053,16.4438053,130,123.6,130,50.8466908,2.5302345,0.40163066,0.002411673,0.03151546,0.942339116,0.076523494,0.950769231
3883,OK,,208.421053,16.4438053,133,123.6,133,52.020076,2.0029838,0.508074896,0.003033782,0.02485862,0.951729046,0.122041431,0.929323308
3884,OK,,208.421053,16.4438053,136,123.6,136,53.1934612,1.49340674,0.663881734,0.003939885,0.018457054,0.95944448,0.213462272,0.908823529
3885,OK,,208.421053,16.4438053,139,123.6,139,54.3668464,1.01823466,0.89190101,0.005259659,0.012523885,0.9648658,0.419970236,0.889208633
3886,OK,,208.421053,16.4438053,142,123.6,142,55.5402315,0.600961749,1.25067636,0.00732475,0.007347292,0.966661318,0.996931955,0.870422535
3887,OK,,208.421053,16.4438053,145,123.6,145,56.7136167,0.302144398,1.80626411,0.010498023,0.003663704,0.962823593,2.86541263,0.852413793
3888,OK,,208.421053,16.4438053,148,123.6,148,57.8870019,0.131589558,2.64412892,0.015236071,0.001578718,0.952049365,9.65091118,0.835135135
3889,OK,,208.421053,16.4438053,151,123.6,151,59.0603871,0.059093745,3.69516404,0.021094303,0.000700204,0.936433573,30.1259265,0.818543046
3890,OK,,208.421053,16.4438053,154,123.6,154,60.2337722,0.029564909,4.83874626,0.027355656,0.000345736,0.919176386,79.1228708,0.802597403
3891,OK,,208.421053,16.4438053,157,123.6,157,61.4071574,0.016474558,6.00211327,0.033596472,0.000190054,0.901988822,176.773406,0.787261146
3892,OK,,208.421053,16.4438053,160,123.6,160,62.5805426,0.009985556,7.18155014,0.039804523,0.000113691,0.88508352,350.111728,0.7725
3893,OK,,208.421053,16.9328526,121,123.6,121,47.3265353,4.29153622,0.210808081,0.001281328,0.053738775,0.904866387,0.023843641,1.0214876
3894,OK,,208.421053,16.9328526,124,123.6,124,48.4999205,3.72937727,0.25576867,0.001547199,0.046580126,0.917831908,0.033215853,0.996774194
3895,OK,,208.421053,16.9328526,127,123.6,127,49.6733057,3.17466424,0.314518149,0.001893054,0.039539933,0.929757395,0.047877015,0.973228346
3896,OK,,208.421053,16.9328526,130,123.6,130,50.8466908,2.62793558,0.390966153,0.002340812,0.032629282,0.940627371,0.071739597,0.950769231
3897,OK,,208.421053,16.9328526,133,123.6,133,52.020076,2.09827976,0.496504321,0.002955647,0.025958042,0.950119564,0.113862464,0.929323308
3898,OK,,208.421053,16.9328526,136,123.6,136,53.1934612,1.58473602,0.64013575,0.003788383,0.019527447,0.958173961,0.194002987,0.908823529
3899,OK,,208.421053,16.9328526,139,123.6,139,54.3668464,1.1062888,0.851858574,0.005009961,0.01356772,0.963982693,0.369255901,0.889208633
3900,OK,,208.421053,16.9328526,142,123.6,142,55.5402315,0.680213307,1.17763597,0.00687929,0.00829401,0.966549486,0.829428712,0.870422535
3901,OK,,208.421053,16.9328526,145,123.6,145,56.7136167,0.353952766,1.69017973,0.009800147,0.004282717,0.963956936,2.2883015,0.852413793
3902,OK,,208.421053,16.9328526,148,123.6,148,57.8870019,0.154783375,2.48864722,0.014308691,0.001854022,0.954334643,7.71764857,0.835135135
3903,OK,,208.421053,16.9328526,151,123.6,151,59.0603871,0.068868813,3.51208093,0.020007728,0.000814955,0.939367994,24.5507283,0.818543046
3904,OK,,208.421053,16.9328526,154,123.6,154,60.2337722,0.034134956,4.63041907,0.026126836,0.00039871,0.922559158,65.528428,0.802597403
3905,OK,,208.421053,16.9328526,157,123.6,157,61.4071574,0.018757761,5.79170909,0.032360816,0.000216206,0.90537802,149.676098,0.787261146
3906,OK,,208.421053,16.9328526,160,123.6,160,62.5805426,0.011191024,6.96294285,0.038522256,0.000127282,0.888557472,302.653816,0.7725
3907,OK,,208.421053,17.4219,121,123.6,121,47.3265353,4.40004914,0.206554589,0.00125165,0.054911407,0.902663406,0.022793986,1.0214876
3908,OK,,208.421053,17.4219,124,123.6,124,48.4999205,3.83140048,0.250393246,0.001510152,0.047699069,0.915839167,0.031659993,0.996774194
3909,OK,,208.421053,17.4219,127,123.6,127,49.6733057,3.27534604,0.307187553,0.001843484,0.040663387,0.927878092,0.045335223,0.973228346
3910,OK,,208.421053,17.4219,130,123.6,130,50.8466908,2.73089129,0.380308702,0.002270382,0.033798647,0.938812144,0.067173747,0.950769231
3911,OK,,208.421053,17.4219,133,123.6,133,52.020076,2.19415106,0.481782734,0.002859858,0.027060909,0.948559595,0.105682262,0.929323308
3912,OK,,208.421053,17.4219,136,123.6,136,53.1934612,1.67889347,0.617493843,0.003644221,0.020625562,0.956829519,0.176684714,0.908823529
3913,OK,,208.421053,17.4219,139,123.6,139,54.3668464,1.1924404,0.816548722,0.004789345,0.014582935,0.963047533,0.328421203,0.889208633
3914,OK,,208.421053,17.4219,142,123.6,142,55.5402315,0.754336958,1.11847955,0.006516876,0.00917414,0.966280002,0.710352804,0.870422535
3915,OK,,208.421053,17.4219,145,123.6,145,56.7136167,0.406154568,1.59297574,0.009214223,0.004903878,0.964750435,1.87896653,0.852413793
3916,OK,,208.421053,17.4219,148,123.6,148,57.8870019,0.184064123,2.32997529,0.013367119,0.002201073,0.956569881,6.0730024,0.835135135
3917,OK,,208.421053,17.4219,151,123.6,151,59.0603871,0.082639664,3.30047966,0.018764865,0.000976611,0.942717624,19.2142634,0.818543046
3918,OK,,208.421053,17.4219,154,123.6,154,60.2337722,0.039746023,4.42067345,0.024894925,0.000463705,0.925948196,53.6870098,0.802597403
3919,OK,,208.421053,17.4219,157,123.6,157,61.4071574,0.021001458,5.58304601,0.031135719,0.000241802,0.908739507,128.765292,0.787261146
3920,OK,,208.421053,17.4219,160,123.6,160,62.5805426,0.01257503,6.75630373,0.037307787,0.000142855,0.891837327,261.158116,0.7725
3921,OK,,213.684211,8.13,121,123.6,121,47.3265353,2.48892574,0.353480109,0.002270866,0.033093407,0.939940546,0.068619903,1.0214876
3922,OK,,213.684211,8.13,124,123.6,124,48.4999205,1.95591795,0.450372867,0.002876994,0.025914545,0.950385675,0.111018493,0.996774194
3923,OK,,213.684211,8.13,127,123.6,127,49.6733057,1.44122534,0.590132643,0.003747123,0.019018016,0.959105641,0.197030146,0.973228346
3924,OK,,213.684211,8.13,130,123.6,130,50.8466908,0.964488207,0.800167168,0.005047908,0.012664416,0.965294588,0.398589851,0.950769231
3925,OK,,213.684211,8.13,133,123.6,133,52.020076,0.55133866,1.14181455,0.007152087,0.007193782,0.967451928,0.994204058,0.929323308
3926,OK,,213.684211,8.13,136,123.6,136,53.1934612,0.251461935,1.72424112,0.010713268,0.003252659,0.962858159,3.29369577,0.908823529
3927,OK,,213.684211,8.13,139,123.6,139,54.3668464,0.09504621,2.66488228,0.016398492,0.001214449,0.949235082,13.5028224,0.889208633
3928,OK,,213.684211,8.13,142,123.6,142,55.5402315,0.043346793,3.6789775,0.02242317,0.000546731,0.932979676,41.0131678,0.870422535
3929,OK,,213.684211,8.13,145,123.6,145,56.7136167,0.02033327,4.83305934,0.029154652,0.000252897,0.914422798,115.282781,0.852413793
3930,OK,,213.684211,8.13,148,123.6,148,57.8870019,0.011497871,6.00238036,0.035829669,0.000140981,0.896110041,254.144505,0.835135135
3931,OK,,213.684211,8.13,151,123.6,151,59.0603871,0.004208018,7.18316976,0.042423592,5.09E-05,0.878304594,834.001122,0.818543046
3932,OK,,213.684211,8.13,154,123.6,154,60.2337722,0.004276593,8.39507797,0.049044043,5.10E-05,0.860554067,962.509271,0.802597403
3933,OK,,213.684211,8.13,157,123.6,157,61.4071574,0.00275137,9.65416455,0.055758844,3.23E-05,0.842739571,1726.83134,0.787261146
3934,OK,,213.684211,8.13,160,123.6,160,62.5805426,0.00195759,10.7936349,0.06170878,2.27E-05,0.827492827,2720.66108,0.7725
3935,OK,,213.684211,8.61904737,121,123.6,121,47.3265353,2.59264386,0.343193355,0.002197903,0.034352953,0.937966361,0.063980017,1.0214876
3936,OK,,213.684211,8.61904737,124,123.6,124,48.4999205,2.05276491,0.43596884,0.002776489,0.027107654,0.948685818,0.102424524,0.996774194
3937,OK,,213.684211,8.61904737,127,123.6,127,49.6733057,1.5349955,0.567022839,0.003589665,0.020190189,0.95768314,0.177792545,0.973228346
3938,OK,,213.684211,8.61904737,130,123.6,130,50.8466908,1.04977236,0.763448703,0.004802392,0.013742613,0.964339448,0.349452649,0.950769231
3939,OK,,213.684211,8.61904737,133,123.6,133,52.020076,0.615734041,1.08241292,0.006761326,0.008012986,0.967355931,0.84379606,0.929323308
3940,OK,,213.684211,8.61904737,136,123.6,136,53.1934612,0.297477715,1.60835787,0.009968054,0.003839517,0.964171619,2.59617417,0.908823529
3941,OK,,213.684211,8.61904737,139,123.6,139,54.3668464,0.122939207,2.42467743,0.014893095,0.001569189,0.953140254,9.49095018,0.889208633
3942,OK,,213.684211,8.61904737,142,123.6,142,55.5402315,0.050702141,3.49890341,0.021274485,0.000638346,0.936089471,33.3274945,0.870422535
3943,OK,,213.684211,8.61904737,145,123.6,145,56.7136167,0.024704365,4.61921418,0.02780751,0.000306884,0.918116339,90.6123141,0.852413793
3944,OK,,213.684211,8.61904737,148,123.6,148,57.8870019,0.013234914,5.79066882,0.034496681,0.000162092,0.899737358,212.820993,0.835135135
3945,OK,,213.684211,8.61904737,151,123.6,151,59.0603871,0.007542099,7.01998871,0.041362765,9.10E-05,0.881011095,454.489129,0.818543046
3946,OK,,213.684211,8.61904737,154,123.6,154,60.2337722,0.004785449,8.18649465,0.04773862,5.70E-05,0.864008515,837.994806,0.802597403
3947,OK,,213.684211,8.61904737,157,123.6,157,61.4071574,0.003171642,9.3690501,0.054052645,3.72E-05,0.847375743,1451.85439,0.787261146
3948,OK,,213.684211,8.61904737,160,123.6,160,62.5805426,0.0021477,10.5978369,0.060477494,2.49E-05,0.830618525,2432.86678,0.7725
3949,OK,,213.684211,9.10809474,121,123.6,121,47.3265353,2.68879148,0.334237811,0.002133914,0.035508467,0.93612401,0.060095922,1.0214876
3950,OK,,213.684211,9.10809474,124,123.6,124,48.4999205,2.14747976,0.422814537,0.002684516,0.028265675,0.947004154,0.094974426,0.996774194
3951,OK,,213.684211,9.10809474,127,123.6,127,49.6733057,1.62406133,0.547387206,0.003455054,0.021294741,0.956285403,0.162249181,0.973228346
3952,OK,,213.684211,9.10809474,130,123.6,130,50.8466908,1.13597436,0.730154503,0.004579684,0.014825874,0.963298912,0.308898096,0.950769231
3953,OK,,213.684211,9.10809474,133,123.6,133,52.020076,0.696434501,1.0180116,0.006341606,0.009037337,0.967042607,0.701711845,0.929323308
3954,OK,,213.684211,9.10809474,136,123.6,136,53.1934612,0.349631565,1.50087327,0.00927815,0.00450232,0.965211799,2.06074864,0.908823529
3955,OK,,213.684211,9.10809474,139,123.6,139,54.3668464,0.145414608,2.27661134,0.013950646,0.001852917,0.955450314,7.52901873,0.889208633
3956,OK,,213.684211,9.10809474,142,123.6,142,55.5402315,0.061136878,3.29086242,0.019971389,0.000769066,0.939647365,25.9683559,0.870422535
3957,OK,,213.684211,9.10809474,145,123.6,145,56.7136167,0.028840172,4.41120728,0.02650026,0.000357815,0.921711086,74.0612565,0.852413793
3958,OK,,213.684211,9.10809474,148,123.6,148,57.8870019,0.015166242,5.58308159,0.033192643,0.000185527,0.903290071,178.909931,0.835135135
3959,OK,,213.684211,9.10809474,151,123.6,151,59.0603871,0.009083782,6.70291995,0.039440078,0.000109568,0.886353543,359.958774,0.818543046
3960,OK,,213.684211,9.10809474,154,123.6,154,60.2337722,0.005380914,7.97061523,0.046391919,6.40E-05,0.867582656,725.016017,0.802597403
3961,OK,,213.684211,9.10809474,157,123.6,157,61.4071574,0.003456246,9.16860365,0.052795834,4.05E-05,0.850635329,1302.73661,0.787261146
3962,OK,,213.684211,9.10809474,160,123.6,160,62.5805426,0.002417138,10.3485682,0.058956476,2.80E-05,0.834597386,2109.29129,0.7725
3963,OK,,213.684211,9.59714211,121,123.6,121,47.3265353,2.7864498,0.325611197,0.002072404,0.036675492,0.934242788,0.056506496,1.0214876
3964,OK,,213.684211,9.59714211,124,123.6,124,48.4999205,2.24787877,0.409711466,0.002593387,0.029487896,0.945204235,0.087947509,0.996774194
3965,OK,,213.684211,9.59714211,127,123.6,127,49.6733057,1.72250209,0.527263921,0.003318102,0.0225113,0.954708752,0.147397175,0.973228346
3966,OK,,213.684211,9.59714211,130,123.6,130,50.8466908,1.22259663,0.699925095,0.004377387,0.015907998,0.962189836,0.275168928,0.950769231
3967,OK,,213.684211,9.59714211,133,123.6,133,52.020076,0.773420678,0.965020988,0.005994842,0.010008177,0.966581332,0.59899435,0.929323308
3968,OK,,213.684211,9.59714211,136,123.6,136,53.1934612,0.404786516,1.40730119,0.008677188,0.005200339,0.965934014,1.6685813,0.908823529
3969,OK,,213.684211,9.59714211,139,123.6,139,54.3668464,0.173638351,2.12479884,0.012989745,0.002208617,0.957723551,5.88139217,0.889208633
3970,OK,,213.684211,9.59714211,142,123.6,142,55.5402315,0.072851874,3.10433588,0.018798154,0.000915132,0.942794841,20.5414746,0.870422535
3971,OK,,213.684211,9.59714211,145,123.6,145,56.7136167,0.031900455,4.27915716,0.025631211,0.000394658,0.923985493,64.9454408,0.852413793
3972,OK,,213.684211,9.59714211,148,123.6,148,57.8870019,0.017353175,5.38094765,0.031925966,0.000212031,0.906744163,150.572219,0.835135135
3973,OK,,213.684211,9.59714211,151,123.6,151,59.0603871,0.009928476,6.5571224,0.038499115,0.000119613,0.888807859,321.864297,0.818543046
3974,OK,,213.684211,9.59714211,154,123.6,154,60.2337722,0.005676095,7.87508482,0.045731771,6.74E-05,0.869163749,678.411051,0.802597403
3975,OK,,213.684211,9.59714211,157,123.6,157,61.4071574,0.003904377,8.9458963,0.05141973,4.57E-05,0.854254763,1124.31156,0.787261146
3976,OK,,213.684211,9.59714211,160,123.6,160,62.5805426,0.002634186,10.1702848,0.057829693,3.04E-05,0.837442781,1900.54072,0.7725
3977,OK,,213.684211,10.0861895,121,123.6,121,47.3265353,2.8869275,0.316871807,0.00201053,0.037869602,0.932304377,0.053090863,1.0214876
3978,OK,,213.684211,10.0861895,124,123.6,124,48.4999205,2.34381418,0.397992817,0.002511554,0.030645878,0.943467804,0.081954051,0.996774194
3979,OK,,213.684211,10.0861895,127,123.6,127,49.6733057,1.81902768,0.509037831,0.003193823,0.023694792,0.953132463,0.134790078,0.973228346
3980,OK,,213.684211,10.0861895,130,123.6,130,50.8466908,1.31934208,0.669285482,0.004173587,0.017111708,0.960889735,0.243902406,0.950769231
3981,OK,,213.684211,10.0861895,133,123.6,133,52.020076,0.848367141,0.919668091,0.005697188,0.010947508,0.966012444,0.520409614,0.929323308
3982,OK,,213.684211,10.0861895,136,123.6,136,53.1934612,0.466846032,1.31942766,0.008114116,0.005982795,0.966419299,1.35624182,0.908823529
3983,OK,,213.684211,10.0861895,139,123.6,139,54.3668464,0.206968798,1.98562261,0.01210986,0.002627611,0.959670432,4.60869503,0.889208633
3984,OK,,213.684211,10.0861895,142,123.6,142,55.5402315,0.086662624,2.91830106,0.017632822,0.001087025,0.94589573,16.2211673,0.870422535
3985,OK,,213.684211,10.0861895,145,123.6,145,56.7136167,0.039744447,3.99764711,0.023916072,0.000491862,0.928810896,48.6235172,0.852413793
3986,OK,,213.684211,10.0861895,148,123.6,148,57.8870019,0.020077692,5.16695401,0.030594787,0.000245032,0.910393844,124.860242,0.835135135
3987,OK,,213.684211,10.0861895,151,123.6,151,59.0603871,0.011225505,6.35555133,0.037241398,0.000135085,0.892198864,275.688311,0.818543046
3988,OK,,213.684211,10.0861895,154,123.6,154,60.2337722,0.006839854,7.53315107,0.04368074,8.12E-05,0.874821207,538.186307,0.802597403
3989,OK,,213.684211,10.0861895,157,123.6,157,61.4071574,0.004353054,8.7498991,0.050197339,5.09E-05,0.857439222,985.50734,0.787261146
3990,OK,,213.684211,10.0861895,160,123.6,160,62.5805426,0.002928385,9.94720882,0.056461225,3.38E-05,0.841002702,1670.80873,0.7725
3991,OK,,213.684211,10.5752368,121,123.6,121,47.3265353,2.98608327,0.309011832,0.001954594,0.039039097,0.930375315,0.050067604,1.0214876
3992,OK,,213.684211,10.5752368,124,123.6,124,48.4999205,2.44313785,0.386556792,0.002431958,0.031838348,0.941655685,0.076384555,0.996774194
3993,OK,,213.684211,10.5752368,127,123.6,127,49.6733057,1.91349126,0.492512073,0.003080954,0.024846199,0.951563454,0.124001033,0.973228346
3994,OK,,213.684211,10.5752368,130,123.6,130,50.8466908,1.40664961,0.64354881,0.004001462,0.018188581,0.959678823,0.21999857,0.950769231
3995,OK,,213.684211,10.5752368,133,123.6,133,52.020076,0.936571381,0.872352836,0.005388926,0.012049388,0.965226421,0.447236486,0.929323308
3996,OK,,213.684211,10.5752368,136,123.6,136,53.1934612,0.531324601,1.24255043,0.00762114,0.006791913,0.966652386,1.12209037,0.908823529
3997,OK,,213.684211,10.5752368,139,123.6,139,54.3668464,0.247789656,1.84708314,0.011237842,0.003139527,0.961467826,3.57947026,0.889208633
3998,OK,,213.684211,10.5752368,142,123.6,142,55.5402315,0.103365887,2.74164605,0.016528563,0.001294562,0.948775656,12.7676901,0.870422535
3999,OK,,213.684211,10.5752368,145,123.6,145,56.7136167,0.0460462,3.81551399,0.022777349,0.000569103,0.931911234,40.0232774,0.852413793
4000,OK,,213.684211,10.5752368,148,123.6,148,57.8870019,0.022304316,5.00882399,0.029583798,0.000271647,0.913087081,108.905288,0.835135135
4001,OK,,213.684211,10.5752368,151,123.6,151,59.0603871,0.012870302,6.13254598,0.035865298,0.000154705,0.895946901,231.829693,0.818543046
4002,OK,,213.684211,10.5752368,154,123.6,154,60.2337722,0.007663533,7.33426825,0.04244458,9.08E-05,0.878109381,467.264646,0.802597403
4003,OK,,213.684211,10.5752368,157,123.6,157,61.4071574,0.004841275,8.52712554,0.048829904,5.66E-05,0.861059082,862.876548,0.787261146
4004,OK,,213.684211,10.5752368,160,123.6,160,62.5805426,0.003224438,9.75309059,0.055256041,3.72E-05,0.844099865,1486.56599,0.7725
4005,OK,,213.684211,11.0642842,121,123.6,121,47.3265353,3.0868132,0.301421872,0.001900685,0.040219915,0.928407287,0.047257316,1.0214876
4006,OK,,213.684211,11.0642842,124,123.6,124,48.4999205,2.53974857,0.376090701,0.002358926,0.032989079,0.939879504,0.071506286,0.996774194
4007,OK,,213.684211,11.0642842,127,123.6,127,49.6733057,2.00962336,0.476816078,0.00297387,0.026010095,0.949944152,0.114335241,0.973228346
4008,OK,,213.684211,11.0642842,130,123.6,130,50.8466908,1.49696253,0.619737121,0.003842201,0.01929648,0.958370946,0.199114084,0.950769231
4009,OK,,213.684211,11.0642842,133,123.6,133,52.020076,1.01756643,0.83388474,0.005136813,0.013053649,0.964408911,0.393515482,0.929323308
4010,OK,,213.684211,11.0642842,136,123.6,136,53.1934612,0.601208218,1.17150011,0.007166195,0.007665057,0.966674319,0.93491731,0.908823529
4011,OK,,213.684211,11.0642842,139,123.6,139,54.3668464,0.290924836,1.72994376,0.010499216,0.00367839,0.962829027,2.85429642,0.889208633
4012,OK,,213.684211,11.0642842,142,123.6,142,55.5402315,0.123582403,2.56890005,0.015452387,0.001545291,0.951521944,9.99965987,0.870422535
4013,Errors,,213.684211,11.0642842,145,123.6,145,56.7136167,0.029931822,5.7649315,0.03402027,0.000365128,0.897822363,93.1736188,0.852413793
4014,OK,,213.684211,11.0642842,148,123.6,148,57.8870019,0.025604577,4.82022442,0.028406457,0.000311357,0.916288133,91.2343488,0.835135135
4015,OK,,213.684211,11.0642842,151,123.6,151,59.0603871,0.014525009,5.94081254,0.034673567,0.000174392,0.899165281,198.825314,0.818543046
4016,OK,,213.684211,11.0642842,154,123.6,154,60.2337722,0.008623362,7.1269772,0.041165392,0.000102101,0.881534888,403.184245,0.802597403
4017,OK,,213.684211,11.0642842,157,123.6,157,61.4071574,0.005452561,8.31864597,0.047546793,6.37E-05,0.864444164,746.80107,0.787261146
4018,OK,,213.684211,11.0642842,160,123.6,160,62.5805426,0.004546156,9.55510144,0.054031142,5.23E-05,0.847242494,1032.1839,0.7725
4019,OK,,213.684211,11.5533316,121,123.6,121,47.3265353,3.18489779,0.294403841,0.001850711,0.041360521,0.926483069,0.044745845,1.0214876
4020,OK,,213.684211,11.5533316,124,123.6,124,48.4999205,2.63892451,0.365924868,0.002288192,0.034164012,0.938044241,0.066976668,0.996774194
4021,OK,,213.684211,11.5533316,127,123.6,127,49.6733057,2.10753943,0.46187343,0.002872082,0.027188681,0.948273769,0.105635218,0.973228346
4022,OK,,213.684211,11.5533316,130,123.6,130,50.8466908,1.5893064,0.597318556,0.003692436,0.020422928,0.956995727,0.180798573,0.950769231
4023,OK,,213.684211,11.5533316,133,123.6,133,52.020076,1.10858826,0.795063953,0.004883841,0.014177924,0.963405432,0.344467984,0.929323308
4024,OK,,213.684211,11.5533316,136,123.6,136,53.1934612,0.674501976,1.10743646,0.006756116,0.008576439,0.966500799,0.787753076,0.908823529
4025,OK,,213.684211,11.5533316,139,123.6,139,54.3668464,0.339132387,1.62161623,0.009817189,0.004278526,0.963934847,2.29452596,0.889208633
4026,OK,,213.684211,11.5533316,142,123.6,142,55.5402315,0.146161501,2.41328365,0.014483092,0.001824614,0.953917276,7.93762125,0.870422535
4027,OK,,213.684211,11.5533316,145,123.6,145,56.7136167,0.064590659,3.41819405,0.020319149,0.000796133,0.938589973,25.5222967,0.852413793
4028,OK,,213.684211,11.5533316,148,123.6,148,57.8870019,0.030999199,4.55473476,0.026804814,0.000376949,0.920781284,71.10989,0.835135135
4029,OK,,213.684211,11.5533316,151,123.6,151,59.0603871,0.016716711,5.71952161,0.033317168,0.000200479,0.90287503,166.187437,0.818543046
4030,OK,,213.684211,11.5533316,154,123.6,154,60.2337722,0.009757403,6.9119934,0.039847498,0.000115402,0.885085218,345.29348,0.802597403
4031,OK,,213.684211,11.5533316,157,123.6,157,61.4071574,0.006089682,8.11063112,0.046270642,7.10E-05,0.867821258,651.413292,0.787261146
4032,OK,,213.684211,11.5533316,160,123.6,160,62.5805426,0.004000934,9.31394289,0.052579151,4.60E-05,0.851104777,1142.32445,0.7725
4033,OK,,213.684211,12.0423789,121,123.6,121,47.3265353,3.28712957,0.287419806,0.001801223,0.042543673,0.924470504,0.042338219,1.0214876
4034,OK,,213.684211,12.0423789,124,123.6,124,48.4999205,2.73943974,0.356182317,0.002220498,0.035347278,0.936172636,0.062819484,0.996774194
4035,OK,,213.684211,12.0423789,127,123.6,127,49.6733057,2.20253287,0.448322304,0.002779517,0.028323214,0.94663421,0.098135638,0.973228346
4036,OK,,213.684211,12.0423789,130,123.6,130,50.8466908,1.68261499,0.576414251,0.003552826,0.021554116,0.955571755,0.164832848,0.950769231
4037,OK,,213.684211,12.0423789,133,123.6,133,52.020076,1.18911577,0.764223208,0.004681145,0.015164076,0.962450286,0.308699645,0.929323308
4038,OK,,213.684211,12.0423789,136,123.6,136,53.1934612,0.748159099,1.05148148,0.006397389,0.009487317,0.966168011,0.674309642,0.908823529
4039,OK,,213.684211,12.0423789,139,123.6,139,54.3668464,0.393498793,1.52053676,0.009182117,0.004953165,0.964794067,1.85378773,0.889208633
4040,OK,,213.684211,12.0423789,142,123.6,142,55.5402315,0.175588452,2.25042599,0.013474893,0.002188107,0.956319692,6.15824077,0.870422535
4041,OK,,213.684211,12.0423789,145,123.6,145,56.7136167,0.075578497,3.23999369,0.019218211,0.000930292,0.94153834,20.6582536,0.852413793
4042,OK,,213.684211,12.0423789,148,123.6,148,57.8870019,0.036546675,4.34909423,0.025542265,0.000443852,0.924237899,57.5467828,0.835135135
4043,OK,,213.684211,12.0423789,151,123.6,151,59.0603871,0.019380096,5.49313609,0.031937224,0.000232165,0.906663054,137.562732,0.818543046
4044,OK,,213.684211,12.0423789,154,123.6,154,60.2337722,0.011208174,6.67794972,0.038426901,0.000132419,0.888946721,290.191942,0.802597403
4045,OK,,213.684211,12.0423789,157,123.6,157,61.4071574,0.006823318,7.89793916,0.044973186,7.95E-05,0.871272946,565.673992,0.787261146
4046,OK,,213.684211,12.0423789,160,123.6,160,62.5805426,0.00446277,9.09449256,0.0512479,5.13E-05,0.854604084,999.200088,0.7725
4047,OK,,213.684211,12.5314263,121,123.6,121,47.3265353,3.38866921,0.280810959,0.001754388,0.043710957,0.922464636,0.040136119,1.0214876
4048,OK,,213.684211,12.5314263,124,123.6,124,48.4999205,2.8378753,0.34775948,0.002161425,0.036497686,0.934316701,0.059220872,0.996774194
4049,OK,,213.684211,12.5314263,127,123.6,127,49.6733057,2.29960978,0.435289806,0.002690698,0.0294763,0.944942267,0.091283449,0.973228346
4050,OK,,213.684211,12.5314263,130,123.6,130,50.8466908,1.77866813,0.556472728,0.003419919,0.022712404,0.95407487,0.150574928,0.950769231
4051,OK,,213.684211,12.5314263,133,123.6,133,52.020076,1.27958805,0.732567724,0.004474537,0.016268391,0.96131963,0.275044834,0.929323308
4052,OK,,213.684211,12.5314263,136,123.6,136,53.1934612,0.82721934,0.998710027,0.006059815,0.010460723,0.9656738,0.579292163,0.908823529
4053,OK,,213.684211,12.5314263,139,123.6,139,54.3668464,0.454694016,1.42577805,0.008588031,0.005709756,0.965411419,1.5040976,0.889208633
4054,OK,,213.684211,12.5314263,142,123.6,142,55.5402315,0.205269841,2.11967766,0.012662062,0.002553412,0.958139399,4.95887953,0.870422535
4055,OK,,213.684211,12.5314263,145,123.6,145,56.7136167,0.089366071,3.05891853,0.018104862,0.001098427,0.94448803,16.4825387,0.852413793
4056,OK,,213.684211,12.5314263,148,123.6,148,57.8870019,0.041797038,4.15662215,0.024361157,0.000506984,0.92747216,48.0511413,0.835135135
4057,OK,,213.684211,12.5314263,151,123.6,151,59.0603871,0.021159047,5.31500267,0.030837055,0.000253167,0.909649056,121.805161,0.818543046
4058,OK,,213.684211,12.5314263,154,123.6,154,60.2337722,0.012219934,6.52843591,0.037476509,0.0001441,0.89141215,260.073456,0.802597403
4059,OK,,213.684211,12.5314263,157,123.6,157,61.4071574,0.00768791,7.67749637,0.0436372,8.95E-05,0.874848721,487.653322,0.787261146
4060,OK,,213.684211,12.5314263,160,123.6,160,62.5805426,0.004963433,8.88300249,0.049964877,5.70E-05,0.85797557,876.815411,0.7725
4061,OK,,213.684211,13.0204737,121,123.6,121,47.3265353,3.49149058,0.274425617,0.001709213,0.044885408,0.920426962,0.038079483,1.0214876
4062,OK,,213.684211,13.0204737,124,123.6,124,48.4999205,2.9383231,0.339024655,0.002100749,0.037664666,0.932425709,0.055775071,0.996774194
4063,OK,,213.684211,13.0204737,127,123.6,127,49.6733057,2.39689962,0.423012914,0.002607025,0.030624534,0.943230826,0.085128647,0.973228346
4064,OK,,213.684211,13.0204737,130,123.6,130,50.8466908,1.87285567,0.538344955,0.003298872,0.023840134,0.952579006,0.138374727,0.950769231
4065,OK,,213.684211,13.0204737,133,123.6,133,52.020076,1.36855642,0.703560866,0.00428518,0.017347205,0.960166969,0.247024221,0.929323308
4066,OK,,213.684211,13.0204737,136,123.6,136,53.1934612,0.909605278,0.950211568,0.005749786,0.011469844,0.965036739,0.501295963,0.908823529
4067,OK,,213.684211,13.0204737,139,123.6,139,54.3668464,0.519728157,1.34123408,0.008058008,0.006510258,0.965770274,1.23774019,0.889208633
4068,OK,,213.684211,13.0204737,142,123.6,142,55.5402315,0.244858442,1.97489617,0.011769599,0.003039943,0.960033393,3.87165096,0.870422535
4069,OK,,213.684211,13.0204737,145,123.6,145,56.7136167,0.105406173,2.8865148,0.017046961,0.001293653,0.947245104,13.1773881,0.852413793
4070,OK,,213.684211,13.0204737,148,123.6,148,57.8870019,0.048905993,3.95639086,0.023139812,0.000592456,0.930808356,39.05742,0.835135135
4071,OK,,213.684211,13.0204737,151,123.6,151,59.0603871,0.025207735,5.1002186,0.029532598,0.000301254,0.91321719,98.0321317,0.818543046
4072,OK,,213.684211,13.0204737,154,123.6,154,60.2337722,0.014203769,6.27771315,0.035982399,0.000167433,0.895541709,214.906185,0.802597403
4073,OK,,213.684211,13.0204737,157,123.6,157,61.4071574,0.008620969,7.46893457,0.042371645,0.000100237,0.878229903,422.715457,0.787261146
4074,OK,,213.684211,13.0204737,160,123.6,160,62.5805426,0.005604343,8.65366559,0.048586341,6.43E-05,0.861629996,755.903654,0.7725
4075,OK,,213.684211,13.5095211,121,123.6,121,47.3265353,3.58934051,0.268646341,0.001668093,0.04599217,0.918481528,0.036269063,1.0214876
4076,OK,,213.684211,13.5095211,124,123.6,124,48.4999205,3.03780093,0.330815157,0.002043679,0.038812052,0.930543884,0.052655777,0.996774194
4077,OK,,213.684211,13.5095211,127,123.6,127,49.6733057,2.49131664,0.412419412,0.002534195,0.031730108,0.94154333,0.079867201,0.973228346
4078,OK,,213.684211,13.5095211,130,123.6,130,50.8466908,1.96650054,0.521551142,0.003186656,0.024954022,0.951067579,0.127701113,0.950769231
4079,OK,,213.684211,13.5095211,133,123.6,133,52.020076,1.46159368,0.676484049,0.00410854,0.018469541,0.958898989,0.222449488,0.929323308
4080,OK,,213.684211,13.5095211,136,123.6,136,53.1934612,0.991003344,0.907630089,0.005477056,0.012460901,0.964307015,0.439539316,0.908823529
4081,OK,,213.684211,13.5095211,139,123.6,139,54.3668464,0.583344555,1.27064458,0.007614041,0.007289125,0.965898535,1.04457547,0.889208633
4082,OK,,213.684211,13.5095211,142,123.6,142,55.5402315,0.286931581,1.85250661,0.011013713,0.003555118,0.961479487,3.09798814,0.870422535
4083,OK,,213.684211,13.5095211,145,123.6,145,56.7136167,0.126034313,2.70563241,0.015943903,0.001544415,0.950070779,10.3235881,0.852413793
4084,OK,,213.684211,13.5095211,148,123.6,148,57.8870019,0.057245804,3.75896516,0.021939537,0.000692583,0.934074821,31.6778481,0.835135135
4085,OK,,213.684211,13.5095211,151,123.6,151,59.0603871,0.029241034,4.88850656,0.028246157,0.000349008,0.91673357,80.932692,0.818543046
4086,OK,,213.684211,13.5095211,154,123.6,154,60.2337722,0.016195828,6.07646458,0.034756662,0.000190686,0.898849762,182.271618,0.802597403
4087,OK,,213.684211,13.5095211,157,123.6,157,61.4071574,0.009727878,7.25981769,0.041104642,0.00011298,0.881617292,363.821811,0.787261146
4088,OK,,213.684211,13.5095211,160,123.6,160,62.5805426,0.006221691,8.44381043,0.047321189,7.13E-05,0.864973492,663.856661,0.7725
4089,OK,,213.684211,13.9985684,121,123.6,121,47.3265353,3.682988,0.263367383,0.001630336,0.047041647,0.916614319,0.034657288,1.0214876
4090,OK,,213.684211,13.9985684,124,123.6,124,48.4999205,3.13326963,0.323334543,0.001991456,0.039903768,0.928729694,0.049906453,0.996774194
4091,OK,,213.684211,13.9985684,127,123.6,127,49.6733057,2.59282522,0.40099356,0.00245665,0.032914683,0.939729826,0.074636896,0.973228346
4092,OK,,213.684211,13.9985684,130,123.6,130,50.8466908,2.061984,0.505531095,0.003079779,0.026083418,0.949504775,0.118074217,0.950769231
4093,OK,,213.684211,13.9985684,133,123.6,133,52.020076,1.55617949,0.651235253,0.003943931,0.019603971,0.957566099,0.201180219,0.929323308
4094,OK,,213.684211,13.9985684,136,123.6,136,53.1934612,1.07521366,0.868078543,0.005223971,0.013480955,0.963467461,0.387507486,0.908823529
4095,OK,,213.684211,13.9985684,139,123.6,139,54.3668464,0.659691984,1.19753866,0.007157213,0.008221103,0.965838912,0.87059033,0.889208633
4096,OK,,213.684211,13.9985684,142,123.6,142,55.5402315,0.333206425,1.74030345,0.010319785,0.004118179,0.962666524,2.50590985,0.870422535
4097,OK,,213.684211,13.9985684,145,123.6,145,56.7136167,0.14819227,2.54835738,0.014983462,0.001813022,0.952453224,8.26435613,0.852413793
4098,OK,,213.684211,13.9985684,148,123.6,148,57.8870019,0.06774953,3.57355601,0.020807742,0.000818297,0.937096318,25.4280897,0.835135135
4099,OK,,213.684211,13.9985684,151,123.6,151,59.0603871,0.03412542,4.67881656,0.02698108,0.000406823,0.920201302,66.3214356,0.818543046
4100,OK,,213.684211,13.9985684,154,123.6,154,60.2337722,0.018449542,5.86475576,0.033481227,0.000216978,0.902327132,154.306822,0.802597403
4101,OK,,213.684211,13.9985684,157,123.6,157,61.4071574,0.010908149,7.05520548,0.039870052,0.000126549,0.88493013,315.055858,0.787261146
4102,OK,,213.684211,13.9985684,160,123.6,160,62.5805426,0.006884648,8.24886467,0.046141872,7.88E-05,0.868078016,585.597621,0.7725
4103,OK,,213.684211,14.4876158,121,123.6,121,47.3265353,3.78607648,0.257750782,0.001590674,0.048196311,0.914554758,0.033004052,1.0214876
4104,OK,,213.684211,14.4876158,124,123.6,124,48.4999205,3.23947899,0.315347866,0.001936373,0.041116856,0.926704481,0.047094379,0.996774194
4105,OK,,213.684211,14.4876158,127,123.6,127,49.6733057,2.69205029,0.39045932,0.002385007,0.034063789,0.937944343,0.070015913,0.973228346
4106,OK,,213.684211,14.4876158,130,123.6,130,50.8466908,2.16154864,0.489876923,0.002975698,0.027255093,0.947854511,0.109179506,0.950769231
4107,OK,,213.684211,14.4876158,133,123.6,133,52.020076,1.64418129,0.629624844,0.003802228,0.020650899,0.956289834,0.184119242,0.929323308
4108,Errors,,213.684211,14.4876158,136,123.6,136,53.1934612,1.12721524,0.842553588,0.0050537,0.014111326,0.962969719,0.358130737,0.908823529
4109,OK,,213.684211,14.4876158,139,123.6,139,54.3668464,0.729953832,1.13933724,0.006791396,0.009073227,0.965617077,0.748509483,0.889208633
4110,OK,,213.684211,14.4876158,142,123.6,142,55.5402315,0.380004898,1.6459054,0.009737506,0.00468853,0.963523553,2.07687842,0.870422535
4111,OK,,213.684211,14.4876158,145,123.6,145,56.7136167,0.177166728,2.39462067,0.014044611,0.002163476,0.954653088,6.49168682,0.852413793
4112,OK,,213.684211,14.4876158,148,123.6,148,57.8870019,0.079830414,3.37930572,0.019637365,0.000963092,0.940243301,20.3899123,0.835135135
4113,OK,,213.684211,14.4876158,151,123.6,151,59.0603871,0.038835344,4.49915024,0.025891471,0.000462402,0.923163633,55.9934368,0.818543046
4114,OK,,213.684211,14.4876158,154,123.6,154,60.2337722,0.02109113,5.65201249,0.032204619,0.000247766,0.905815236,129.980146,0.802597403
4115,OK,,213.684211,14.4876158,157,123.6,157,61.4071574,0.012389718,6.82992406,0.03852627,0.000143587,0.888574654,268.313662,0.787261146
4116,OK,,213.684211,14.4876158,160,123.6,160,62.5805426,0.007743879,8.0227199,0.044796485,8.85E-05,0.871677946,505.958856,0.7725
4117,OK,,213.684211,14.9766632,121,123.6,121,47.3265353,3.89639595,0.251972099,0.001550218,0.049428635,0.912345833,0.031362758,1.0214876
4118,OK,,213.684211,14.9766632,124,123.6,124,48.4999205,3.33603753,0.308480734,0.001888516,0.042206806,0.92485517,0.044744353,0.996774194
4119,OK,,213.684211,14.9766632,127,123.6,127,49.6733057,2.78580695,0.38105667,0.002320699,0.035139831,0.936246167,0.066041842,0.973228346
4120,OK,,213.684211,14.9766632,130,123.6,130,50.8466908,2.23834497,0.478662411,0.002899228,0.028144166,0.946564716,0.103013467,0.950769231
4121,OK,,213.684211,14.9766632,133,123.6,133,52.020076,1.73951281,0.607860164,0.003660329,0.021780606,0.954875634,0.168054496,0.929323308
4122,OK,,213.684211,14.9766632,136,123.6,136,53.1934612,1.24925329,0.797933401,0.004775343,0.015571813,0.961514317,0.306665836,0.908823529
4123,OK,,213.684211,14.9766632,139,123.6,139,54.3668464,0.807247272,1.08293798,0.00643809,0.010006915,0.965232759,0.643364131,0.889208633
4124,OK,,213.684211,14.9766632,142,123.6,142,55.5402315,0.446635462,1.54201102,0.009098186,0.005496453,0.964194487,1.65528305,0.870422535
4125,OK,,213.684211,14.9766632,145,123.6,145,56.7136167,0.208254445,2.25154826,0.013175315,0.002538611,0.956627652,5.18997065,0.852413793
4126,OK,,213.684211,14.9766632,148,123.6,148,57.8870019,0.092888928,3.20816164,0.018602965,0.001119059,0.942974235,16.6237505,0.835135135
4127,OK,,213.684211,14.9766632,151,123.6,151,59.0603871,0.045009646,4.29662961,0.024676487,0.000535261,0.926488134,46.1017965,0.818543046
4128,OK,,213.684211,14.9766632,154,123.6,154,60.2337722,0.023684013,5.45512582,0.031021531,0.000277906,0.909040898,111.625918,0.802597403
4129,OK,,213.684211,14.9766632,157,123.6,157,61.4071574,0.014058553,6.60838209,0.037207873,0.000162755,0.892155232,228.612724,0.787261146
4130,OK,,213.684211,14.9766632,160,123.6,160,62.5805426,0.008622434,7.81894979,0.043577501,9.85E-05,0.874920033,442.507504,0.7725
4131,OK,,213.684211,15.4657105,121,123.6,121,47.3265353,3.9962209,0.247013808,0.001515081,0.050528809,0.91034132,0.029984496,1.0214876
4132,OK,,213.684211,15.4657105,124,123.6,124,48.4999205,3.43872421,0.301472496,0.001840045,0.043362174,0.922882416,0.042434339,0.996774194
4133,OK,,213.684211,15.4657105,127,123.6,127,49.6733057,2.88956885,0.371114669,0.002253428,0.036328427,0.934357429,0.062029323,0.973228346
4134,OK,,213.684211,15.4657105,130,123.6,130,50.8466908,2.35219126,0.463339814,0.002798151,0.029473714,0.944627054,0.094937179,0.950769231
4135,OK,,213.684211,15.4657105,133,123.6,133,52.020076,1.83393701,0.587878715,0.003529917,0.022892218,0.953444595,0.15419723,0.929323308
4136,OK,,213.684211,15.4657105,136,123.6,136,53.1934612,1.33803631,0.766951361,0.0045772,0.016629383,0.960427699,0.275247735,0.908823529
4137,OK,,213.684211,15.4657105,139,123.6,139,54.3668464,0.885701125,1.0385639,0.006156389,0.010948083,0.964605911,0.562325781,0.889208633
4138,OK,,213.684211,15.4657105,142,123.6,142,55.5402315,0.507004228,1.45647942,0.008571962,0.00622472,0.964647543,1.37708391,0.870422535
4139,OK,,213.684211,15.4657105,145,123.6,145,56.7136167,0.242647631,2.11996883,0.012376659,0.002952439,0.958341284,4.19201238,0.852413793
4140,OK,,213.684211,15.4657105,148,123.6,148,57.8870019,0.110022583,3.02257225,0.017489879,0.001323544,0.945884314,13.2144327,0.835135135
4141,OK,,213.684211,15.4657105,151,123.6,151,59.0603871,0.053473288,4.06806446,0.023318493,0.000635128,0.930214854,36.7146635,0.818543046
4142,OK,,213.684211,15.4657105,154,123.6,154,60.2337722,0.027386443,5.24882416,0.029790226,0.000320979,0.912404447,92.8106177,0.802597403
4143,OK,,213.684211,15.4657105,157,123.6,157,61.4071574,0.015733906,6.41687394,0.036059005,0.000181945,0.895246611,198.186596,0.787261146
4144,OK,,213.684211,15.4657105,160,123.6,160,62.5805426,0.009616795,7.61394382,0.042354966,0.000109711,0.878180017,386.061065,0.7725
4145,OK,,213.684211,15.9547579,121,123.6,121,47.3265353,4.10288404,0.241900195,0.001479176,0.051702053,0.908195599,0.028609618,1.0214876
4146,OK,,213.684211,15.9547579,124,123.6,124,48.4999205,3.54112552,0.294604916,0.00179272,0.044506781,0.920912645,0.040279708,0.996774194
4147,OK,,213.684211,15.9547579,127,123.6,127,49.6733057,2.98996618,0.362007274,0.00219162,0.037469384,0.932519622,0.058490952,0.973228346
4148,OK,,213.684211,15.9547579,130,123.6,130,50.8466908,2.44066335,0.451829045,0.002720757,0.03049075,0.943113458,0.089232225,0.950769231
4149,OK,,213.684211,15.9547579,133,123.6,133,52.020076,1.91963473,0.571017654,0.003418965,0.023892045,0.952121324,0.143100562,0.929323308
4150,OK,,213.684211,15.9547579,136,123.6,136,53.1934612,1.42862889,0.74248472,0.004417932,0.017700398,0.959184577,0.249595068,0.908823529
4151,OK,,213.684211,15.9547579,139,123.6,139,54.3668464,0.969688863,0.990111623,0.005853478,0.011952651,0.963952287,0.489722208,0.889208633
4152,OK,,213.684211,15.9547579,142,123.6,142,55.5402315,0.568348519,1.38177922,0.008111723,0.006961361,0.964888016,1.16524961,0.870422535
4153,OK,,213.684211,15.9547579,145,123.6,145,56.7136167,0.288000439,1.97746576,0.011518256,0.003497299,0.960054281,3.29347172,0.852413793
4154,OK,,213.684211,15.9547579,148,123.6,148,57.8870019,0.129848873,2.846698,0.016437061,0.001559698,0.948580048,10.5386166,0.835135135
4155,OK,,213.684211,15.9547579,151,123.6,151,59.0603871,0.060411205,3.91156028,0.022373678,0.000716604,0.932747283,31.2218116,0.818543046
4156,OK,,213.684211,15.9547579,154,123.6,154,60.2337722,0.031760155,5.02447898,0.028463152,0.000371822,0.916056409,76.5505525,0.802597403
4157,OK,,213.684211,15.9547579,157,123.6,157,61.4071574,0.01782469,6.20558858,0.034805897,0.000205897,0.898653292,169.044947,0.787261146
4158,OK,,213.684211,15.9547579,160,123.6,160,62.5805426,0.010814137,7.39635565,0.041070575,0.000123251,0.881637815,333.226631,0.7725
4159,OK,,213.684211,16.4438053,121,123.6,121,47.3265353,4.20195197,0.237379413,0.001447125,0.052778421,0.906197837,0.027418879,1.0214876
4160,OK,,213.684211,16.4438053,124,123.6,124,48.4999205,3.64190206,0.288340445,0.001749331,0.045624325,0.918963939,0.038342071,0.996774194
4161,OK,,213.684211,16.4438053,127,123.6,127,49.6733057,3.09179583,0.353223323,0.002132104,0.038619492,0.930646469,0.055207972,0.973228346
4162,OK,,213.684211,16.4438053,130,123.6,130,50.8466908,2.54862907,0.438416401,0.002632257,0.031733483,0.941253886,0.082948886,0.950769231
4163,OK,,213.684211,16.4438053,133,123.6,133,52.020076,2.02471658,0.551538826,0.003292864,0.025118002,0.950475747,0.131095758,0.929323308
4164,OK,,213.684211,16.4438053,136,123.6,136,53.1934612,1.5193385,0.715746109,0.004246995,0.018768362,0.957981967,0.226284811,0.908823529
4165,OK,,213.684211,16.4438053,139,123.6,139,54.3668464,1.04731061,0.95005679,0.005601604,0.012874477,0.963261297,0.435093716,0.889208633
4166,OK,,213.684211,16.4438053,142,123.6,142,55.5402315,0.63251416,1.31378823,0.00769288,0.007728494,0.964956891,0.995391862,0.870422535
4167,OK,,213.684211,16.4438053,145,123.6,145,56.7136167,0.331600172,1.86518422,0.010838519,0.004018682,0.961265309,2.69703297,0.852413793
4168,OK,,213.684211,16.4438053,148,123.6,148,57.8870019,0.152097137,2.68515093,0.015470531,0.001824068,0.950986439,8.48133248,0.835135135
4169,OK,,213.684211,16.4438053,151,123.6,151,59.0603871,0.070419955,3.71782053,0.021222202,0.000834238,0.935858184,25.4390231,0.818543046
4170,OK,,213.684211,16.4438053,154,123.6,154,60.2337722,0.035740587,4.85109994,0.027424494,0.00041791,0.918868762,65.6230292,0.802597403
4171,OK,,213.684211,16.4438053,157,123.6,157,61.4071574,0.020073298,6.00931216,0.033636059,0.000231555,0.901812986,145.261634,0.787261146
4172,OK,,213.684211,16.4438053,160,123.6,160,62.5805426,0.012224124,7.18602818,0.039828827,0.000139173,0.884976192,286.182554,0.7725
4173,OK,,213.684211,16.9328526,121,123.6,121,47.3265353,4.30261257,0.232954794,0.001415841,0.053866086,0.90416439,0.026284451,1.0214876
4174,OK,,213.684211,16.9328526,124,123.6,124,48.4999205,3.74234649,0.281701581,0.001703933,0.046730572,0.917029801,0.03646292,0.996774194
4175,OK,,213.684211,16.9328526,127,123.6,127,49.6733057,3.18999748,0.345179812,0.002077404,0.039719338,0.928831447,0.052302072,0.973228346
4176,OK,,213.684211,16.9328526,130,123.6,130,50.8466908,2.64599467,0.427080688,0.00255675,0.032842275,0.93956194,0.077849346,0.950769231
4177,OK,,213.684211,16.9328526,133,123.6,133,52.020076,2.11959441,0.539131691,0.003208978,0.02621118,0.948890384,0.122427827,0.929323308
4178,OK,,213.684211,16.9328526,136,123.6,136,53.1934612,1.60984736,0.690358832,0.004084972,0.019827509,0.956757727,0.206025492,0.908823529
4179,OK,,213.684211,16.9328526,139,123.6,139,54.3668464,1.13491464,0.909113605,0.005345746,0.013911335,0.962403038,0.384272683,0.889208633
4180,OK,,213.684211,16.9328526,142,123.6,142,55.5402315,0.711725392,1.24066671,0.007246091,0.008673155,0.964847246,0.835461951,0.870422535
4181,OK,,213.684211,16.9328526,145,123.6,145,56.7136167,0.384517092,1.75131697,0.010152749,0.004649909,0.962340013,2.18342969,0.852413793
4182,OK,,213.684211,16.9328526,148,123.6,148,57.8870019,0.177433619,2.53395517,0.014567202,0.00212445,0.953160663,6.85692741,0.835135135
4183,OK,,213.684211,16.9328526,151,123.6,151,59.0603871,0.081648433,3.53764473,0.020151822,0.000965958,0.93871877,20.8620006,0.818543046
4184,OK,,213.684211,16.9328526,154,123.6,154,60.2337722,0.041216561,4.64458494,0.026205669,0.000481365,0.922206408,54.4403139,0.802597403
4185,OK,,213.684211,16.9328526,157,123.6,157,61.4071574,0.022154932,5.79850475,0.032398143,0.000255347,0.905212032,126.878964,0.787261146
4186,OK,,213.684211,16.9328526,160,123.6,160,62.5805426,0.013684857,6.96793152,0.0385493,0.000155639,0.888437906,247.684754,0.7725
4187,OK,,213.684211,17.4219,121,123.6,121,47.3265353,4.41094402,0.228338281,0.001383557,0.055035967,0.901972915,0.025139134,1.0214876
4188,OK,,213.684211,17.4219,124,123.6,124,48.4999205,3.84415421,0.275895059,0.001663824,0.047846265,0.915050391,0.034774366,0.996774194
4189,OK,,213.684211,17.4219,127,123.6,127,49.6733057,3.29041051,0.337311523,0.002024072,0.040838764,0.926968379,0.049562517,0.973228346
4190,OK,,213.684211,17.4219,130,123.6,130,50.8466908,2.7486014,0.415725039,0.002481538,0.034006464,0.937767308,0.072972531,0.950769231
4191,OK,,213.684211,17.4219,133,123.6,133,52.020076,2.21507104,0.523620442,0.003107803,0.027308168,0.947353182,0.113804886,0.929323308
4192,OK,,213.684211,17.4219,136,123.6,136,53.1934612,1.70352151,0.666749911,0.003934314,0.020918461,0.955440549,0.188078555,0.908823529
4193,OK,,213.684211,17.4219,139,123.6,139,54.3668464,1.22061301,0.87289681,0.005118959,0.014919622,0.961492896,0.343102479,0.889208633
4194,OK,,213.684211,17.4219,142,123.6,142,55.5402315,0.785691792,1.18119532,0.006880973,0.009549911,0.964586264,0.720527451,0.870422535
4195,OK,,213.684211,17.4219,145,123.6,145,56.7136167,0.437474463,1.65562401,0.009574777,0.005278983,0.963093546,1.81375406,0.852413793
4196,OK,,213.684211,17.4219,148,123.6,148,57.8870019,0.209201609,2.38025839,0.013653527,0.002500523,0.955266987,5.46026811,0.835135135
4197,OK,,213.684211,17.4219,151,123.6,151,59.0603871,0.097409036,3.33002363,0.018931169,0.001150845,0.941967318,16.4498061,0.818543046
4198,OK,,213.684211,17.4219,154,123.6,154,60.2337722,0.047785145,4.43675469,0.024984301,0.000557415,0.925547751,44.8217236,0.802597403
4199,OK,,213.684211,17.4219,157,123.6,157,61.4071574,0.025955467,5.59295595,0.031190083,0.000298815,0.908497451,104.379416,0.787261146
4200,OK,,213.684211,17.4219,160,123.6,160,62.5805426,0.015353415,6.76186161,0.037337878,0.00017441,0.891704118,214.081249,0.7725
4201,OK,,218.947368,8.13,121,123.6,121,47.3265353,2.50549046,0.386605708,0.0024834,0.03330247,0.9388906,0.074571049,1.0214876
4202,OK,,218.947368,8.13,124,123.6,124,48.4999205,1.97574781,0.490030306,0.003129913,0.026166789,0.949159131,0.119613938,0.996774194
4203,OK,,218.947368,8.13,127,123.6,127,49.6733057,1.46448826,0.636658446,0.00404192,0.019315939,0.957700687,0.20925309,0.973228346
4204,OK,,218.947368,8.13,130,123.6,130,50.8466908,0.992192708,0.855579063,0.00539649,0.013020966,0.963659941,0.414446231,0.950769231
4205,OK,,218.947368,8.13,133,123.6,133,52.020076,0.581711778,1.2025668,0.007531125,0.007585496,0.965700193,0.992832289,0.929323308
4206,OK,,218.947368,8.13,136,123.6,136,53.1934612,0.278818827,1.77896228,0.011051299,0.003604572,0.961315149,3.06591143,0.908823529
4207,OK,,218.947368,8.13,139,123.6,139,54.3668464,0.110880359,2.69655552,0.016591702,0.001416332,0.948361252,11.7145574,0.889208633
4208,OK,,218.947368,8.13,142,123.6,142,55.5402315,0.05203762,3.69636205,0.02252788,0.000656238,0.93251019,34.3288161,0.870422535
4209,OK,,218.947368,8.13,145,123.6,145,56.7136167,0.025601679,4.84359801,0.029217255,0.000318391,0.914144081,91.7652373,0.852413793
4210,OK,,218.947368,8.13,148,123.6,148,57.8870019,0.014094246,6.00757405,0.035860091,0.000172809,0.895975468,207.513325,0.835135135
4211,OK,,218.947368,8.13,151,123.6,151,59.0603871,0.008380071,7.19151544,0.042471791,0.000101293,0.878092646,419.298296,0.818543046
4212,OK,,218.947368,8.13,154,123.6,154,60.2337722,0.005237182,8.39699952,0.049054982,6.24E-05,0.860506218,786.157543,0.802597403
4213,OK,,218.947368,8.13,157,123.6,157,61.4071574,0.003396066,9.65545421,0.055766077,3.99E-05,0.842708071,1399.21429,0.787261146
4214,OK,,218.947368,8.13,160,123.6,160,62.5805426,0.002421459,10.7945628,0.061713915,2.81E-05,0.827470587,2199.67612,0.7725
4215,OK,,218.947368,8.61904737,121,123.6,121,47.3265353,2.60884779,0.375597162,0.002405165,0.034556343,0.936939289,0.069601263,1.0214876
4216,OK,,218.947368,8.61904737,124,123.6,124,48.4999205,2.07216026,0.474756965,0.003023123,0.027353091,0.947486157,0.110522167,0.996774194
4217,OK,,218.947368,8.61904737,127,123.6,127,49.6733057,1.55800719,0.613045775,0.003880433,0.020483407,0.956293366,0.18944274,0.973228346
4218,OK,,218.947368,8.61904737,130,123.6,130,50.8466908,1.07698298,0.817872347,0.005143817,0.014091166,0.96273395,0.365038414,0.950769231
4219,OK,,218.947368,8.61904737,133,123.6,133,52.020076,0.646097435,1.14314534,0.007139274,0.008403057,0.965604764,0.849604392,0.929323308
4220,OK,,218.947368,8.61904737,136,123.6,136,53.1934612,0.326114722,1.66563933,0.010321145,0.004206758,0.962556412,2.45346791,0.908823529
4221,OK,,218.947368,8.61904737,139,123.6,139,54.3668464,0.142170816,2.46314654,0.015127512,0.00181398,0.952078932,8.33940211,0.889208633
4222,OK,,218.947368,8.61904737,142,123.6,142,55.5402315,0.060558999,3.5186204,0.021393029,0.000762301,0.935556995,28.0637536,0.870422535
4223,OK,,218.947368,8.61904737,145,123.6,145,56.7136167,0.029859045,4.62952534,0.027868679,0.000370881,0.917843639,75.1418203,0.852413793
4224,OK,,218.947368,8.61904737,148,123.6,148,57.8870019,0.016140506,5.79648106,0.034530682,0.000197668,0.899586757,174.690735,0.835135135
4225,OK,,218.947368,8.61904737,151,123.6,151,59.0603871,0.009242285,7.02338972,0.041382372,0.000111522,0.880924722,371.069963,0.818543046
4226,OK,,218.947368,8.61904737,154,123.6,154,60.2337722,0.005874677,8.18867354,0.047751011,6.99E-05,0.863954258,682.812298,0.802597403
4227,OK,,218.947368,8.61904737,157,123.6,157,61.4071574,0.00437332,9.37145395,0.054066124,5.13E-05,0.847317028,1053.20657,0.787261146
4228,OK,,218.947368,8.61904737,160,123.6,160,62.5805426,0.00265542,10.5988525,0.060483108,3.07E-05,0.830594183,1967.89995,0.7725
4229,OK,,218.947368,9.10809474,121,123.6,121,47.3265353,2.70467736,0.366005311,0.002336484,0.035706834,0.935117104,0.065435209,1.0214876
4230,OK,,218.947368,9.10809474,124,123.6,124,48.4999205,2.16646812,0.460788398,0.00292525,0.028504738,0.945829674,0.102623303,0.996774194
4231,OK,,218.947368,9.10809474,127,123.6,127,49.6733057,1.64659668,0.592457086,0.003738975,0.021580495,0.954924406,0.173257155,0.973228346
4232,OK,,218.947368,9.10809474,130,123.6,130,50.8466908,1.16267564,0.783558953,0.004913787,0.015166292,0.961723476,0.323993975,0.950769231
4233,OK,,218.947368,9.10809474,133,123.6,133,52.020076,0.72662538,1.07839847,0.006716457,0.009423475,0.965301399,0.712736799,0.929323308
4234,OK,,218.947368,9.10809474,136,123.6,136,53.1934612,0.379410069,1.5604377,0.009644507,0.004882929,0.963532214,1.97514796,0.908823529
4235,OK,,218.947368,9.10809474,139,123.6,139,54.3668464,0.166741053,2.31927066,0.014210108,0.002123784,0.954273388,6.69093947,0.889208633
4236,OK,,218.947368,9.10809474,142,123.6,142,55.5402315,0.072476521,3.31354545,0.020107598,0.000911514,0.939034788,22.0595601,0.870422535
4237,OK,,218.947368,9.10809474,145,123.6,145,56.7136167,0.03482845,4.42318592,0.026571222,0.000432062,0.921394285,61.4986257,0.852413793
4238,OK,,218.947368,9.10809474,148,123.6,148,57.8870019,0.01840667,5.58956361,0.033230512,0.000225153,0.903122115,147.590585,0.835135135
4239,OK,,218.947368,9.10809474,151,123.6,151,59.0603871,0.011256724,6.70726665,0.039465128,0.000135773,0.886243154,290.670253,0.818543046
4240,OK,,218.947368,9.10809474,154,123.6,154,60.2337722,0.006609689,7.97307326,0.04640588,7.86E-05,0.867521448,590.422565,0.802597403
4241,OK,,218.947368,9.10809474,157,123.6,157,61.4071574,0.004351252,9.17039402,0.052805861,5.10E-05,0.850591598,1034.99055,0.787261146
4242,OK,,218.947368,9.10809474,160,123.6,160,62.5805426,0.002985047,10.3497042,0.05896275,3.45E-05,0.834570158,1708.19518,0.7725
4243,OK,,218.947368,9.59714211,121,123.6,121,47.3265353,2.80202476,0.356756677,0.002270399,0.036868966,0.933255595,0.061580229,1.0214876
4244,OK,,218.947368,9.59714211,124,123.6,124,48.4999205,2.26645101,0.446852799,0.002828137,0.029720483,0.9440555,0.095157837,0.996774194
4245,OK,,218.947368,9.59714211,127,123.6,127,49.6733057,1.74468099,0.571620487,0.003596716,0.022791075,0.953369291,0.157812473,0.973228346
4246,OK,,218.947368,9.59714211,130,123.6,130,50.8466908,1.24878387,0.752300993,0.004704144,0.016240291,0.960644738,0.289658825,0.950769231
4247,OK,,218.947368,9.59714211,133,123.6,133,52.020076,0.803338521,1.02486128,0.006365339,0.010389178,0.96485588,0.612689314,0.929323308
4248,OK,,218.947368,9.59714211,136,123.6,136,53.1934612,0.435350536,1.46843652,0.00905235,0.005589647,0.96421013,1.61948513,0.908823529
4249,OK,,218.947368,9.59714211,139,123.6,139,54.3668464,0.197739223,2.1730077,0.013282414,0.002513995,0.956393518,5.28338899,0.889208633
4250,OK,,218.947368,9.59714211,142,123.6,142,55.5402315,0.085921577,3.13047955,0.018954895,0.001079037,0.942088806,17.5664951,0.870422535
4251,OK,,218.947368,9.59714211,145,123.6,145,56.7136167,0.038418591,4.29219569,0.02570826,0.000475238,0.923640661,54.095495,0.852413793
4252,OK,,218.947368,9.59714211,148,123.6,148,57.8870019,0.021092351,5.38842736,0.031969604,0.0002577,0.906550356,124.057283,0.835135135
4253,OK,,218.947368,9.59714211,151,123.6,151,59.0603871,0.012137124,6.56154053,0.038524534,0.000146216,0.888695656,263.477712,0.818543046
4254,OK,,218.947368,9.59714211,154,123.6,154,60.2337722,0.00697356,7.87768026,0.045746485,8.28E-05,0.86909912,552.38,0.802597403
4255,OK,,218.947368,9.59714211,157,123.6,157,61.4071574,0.004841417,8.94777076,0.051430216,5.67E-05,0.854208979,906.904927,0.787261146
4256,OK,,218.947368,9.59714211,160,123.6,160,62.5805426,0.003251034,10.1715187,0.057836498,3.76E-05,0.837413207,1540.13188,0.7725
4257,OK,,218.947368,10.0861895,121,123.6,121,47.3265353,2.90234583,0.347703807,0.002205932,0.038060116,0.931327117,0.057959151,1.0214876
4258,OK,,218.947368,10.0861895,124,123.6,124,48.4999205,2.36200584,0.434372739,0.002740803,0.030872537,0.942342615,0.088778028,0.996774194
4259,OK,,218.947368,10.0861895,127,123.6,127,49.6733057,1.84071975,0.552420364,0.003465522,0.023967022,0.951822411,0.144595453,0.973228346
4260,OK,,218.947368,10.0861895,130,123.6,130,50.8466908,1.34495699,0.720516203,0.004492305,0.01743509,0.959378415,0.257658836,0.950769231
4261,OK,,218.947368,10.0861895,133,123.6,133,52.020076,0.877952485,0.978842901,0.006062602,0.011322684,0.964306177,0.535438628,0.929323308
4262,OK,,218.947368,10.0861895,136,123.6,136,53.1934612,0.497958525,1.38165967,0.008495122,0.006377629,0.964664488,1.33201879,0.908823529
4263,OK,,218.947368,10.0861895,139,123.6,139,54.3668464,0.23279617,2.0372848,0.012422884,0.002954029,0.958245123,4.2054041,0.889208633
4264,OK,,218.947368,10.0861895,142,123.6,142,55.5402315,0.101606583,2.94819381,0.017811754,0.001274106,0.945088446,13.9798086,0.870422535
4265,OK,,218.947368,10.0861895,145,123.6,145,56.7136167,0.047736207,4.01363338,0.02401051,0.000590676,0.928388105,40.6492002,0.852413793
4266,OK,,218.947368,10.0861895,148,123.6,148,57.8870019,0.024363748,5.17552767,0.030644741,0.000297316,0.910171692,103.071135,0.835135135
4267,OK,,218.947368,10.0861895,151,123.6,151,59.0603871,0.013706457,6.36051416,0.037269913,0.000164933,0.892072827,225.970229,0.818543046
4268,OK,,218.947368,10.0861895,154,123.6,154,60.2337722,0.008398315,7.5362686,0.043698405,9.97E-05,0.874743576,438.505584,0.802597403
4269,OK,,218.947368,10.0861895,157,123.6,157,61.4071574,0.005355943,8.75190528,0.050208548,6.27E-05,0.85739022,801.16642,0.787261146
4270,OK,,218.947368,10.0861895,160,123.6,160,62.5805426,0.003616778,9.9485859,0.056468812,4.17E-05,0.840969697,1352.99643,0.7725
4271,OK,,218.947368,10.5752368,121,123.6,121,47.3265353,3.0010099,0.338860313,0.002143184,0.039222573,0.929429226,0.054641599,1.0214876
4272,OK,,218.947368,10.5752368,124,123.6,124,48.4999205,2.46095102,0.422179482,0.002655762,0.032059134,0.940553913,0.082839479,0.996774194
4273,OK,,218.947368,10.5752368,127,123.6,127,49.6733057,1.93472591,0.53497943,0.003346149,0.025111362,0.950281035,0.133252373,0.973228346
4274,OK,,218.947368,10.5752368,130,123.6,130,50.8466908,1.43205509,0.694360252,0.004316684,0.018507806,0.958179868,0.233235875,0.950769231
4275,OK,,218.947368,10.5752368,133,123.6,133,52.020076,0.965707313,0.930628262,0.005747837,0.012417128,0.963546082,0.462895801,0.929323308
4276,OK,,218.947368,10.5752368,136,123.6,136,53.1934612,0.56272916,1.30536623,0.008004803,0.00718895,0.964881108,1.11348696,0.908823529
4277,OK,,218.947368,10.5752368,139,123.6,139,54.3668464,0.275573825,1.90265926,0.011573922,0.00348968,0.959934533,3.31661427,0.889208633
4278,OK,,218.947368,10.5752368,142,123.6,142,55.5402315,0.120259562,2.77543881,0.016730504,0.001505653,0.947863048,11.1117932,0.870422535
4279,OK,,218.947368,10.5752368,145,123.6,145,56.7136167,0.055142081,3.83370886,0.022884666,0.000681405,0.931430031,33.584525,0.852413793
4280,OK,,218.947368,10.5752368,148,123.6,148,57.8870019,0.027106108,5.0184293,0.029639652,0.000330099,0.912838198,89.790137,0.835135135
4281,OK,,218.947368,10.5752368,151,123.6,151,59.0603871,0.015768226,6.13834291,0.035898565,0.000189529,0.895799682,189.409042,0.818543046
4282,OK,,218.947368,10.5752368,154,123.6,154,60.2337722,0.009385306,7.33771246,0.042464071,0.000111241,0.878023615,381.730109,0.802597403
4283,OK,,218.947368,10.5752368,157,123.6,157,61.4071574,0.006004703,8.52945287,0.048842893,7.02E-05,0.861002236,695.891328,0.787261146
4284,OK,,218.947368,10.5752368,160,123.6,160,62.5805426,0.0041681,9.75497831,0.055266428,4.80E-05,0.844054621,1150.24137,0.7725
4285,OK,,218.947368,11.0642842,121,123.6,121,47.3265353,3.10145472,0.330699968,0.002085105,0.040398937,0.927479274,0.051612857,1.0214876
4286,OK,,218.947368,11.0642842,124,123.6,124,48.4999205,2.55720927,0.411008209,0.002577643,0.033204392,0.938799539,0.077629571,0.996774194
4287,OK,,218.947368,11.0642842,127,123.6,127,49.6733057,2.0304091,0.518385281,0.003232697,0.026268338,0.948688851,0.123064397,0.973228346
4288,OK,,218.947368,11.0642842,130,123.6,130,50.8466908,1.52185845,0.669528996,0.004150227,0.019607796,0.956902064,0.211662092,0.950769231
4289,OK,,218.947368,11.0642842,133,123.6,133,52.020076,1.04625902,0.89127297,0.005489314,0.013414189,0.962754149,0.409217004,0.929323308
4290,OK,,218.947368,11.0642842,136,123.6,136,53.1934612,0.632708352,1.23450665,0.007550087,0.008061722,0.964897659,0.936535327,0.908823529
4291,OK,,218.947368,11.0642842,139,123.6,139,54.3668464,0.32004714,1.78819627,0.010850746,0.004044332,0.961221893,2.68295112,0.889208633
4292,OK,,218.947368,11.0642842,142,123.6,142,55.5402315,0.14305422,2.60784983,0.015684752,0.001788105,0.950470065,8.77171831,0.870422535
4293,Errors,,218.947368,11.0642842,145,123.6,145,56.7136167,0.03593532,5.77694119,0.034089876,0.000438313,0.897504747,77.7751436,0.852413793
4294,OK,,218.947368,11.0642842,148,123.6,148,57.8870019,0.030942193,4.83090156,0.028468443,0.000376226,0.916011478,75.6684016,0.835135135
4295,OK,,218.947368,11.0642842,151,123.6,151,59.0603871,0.017617574,5.94699882,0.034709019,0.000211511,0.899008173,164.100688,0.818543046
4296,OK,,218.947368,11.0642842,154,123.6,154,60.2337722,0.010624078,7.13097941,0.041188012,0.000125785,0.881435228,327.448649,0.802597403
4297,OK,,218.947368,11.0642842,157,123.6,157,61.4071574,0.006693686,8.32112872,0.047560632,7.82E-05,0.864383522,608.521727,0.787261146
4298,OK,,218.947368,11.0642842,160,123.6,160,62.5805426,0.004398114,9.5548053,0.054029514,5.06E-05,0.847249592,1066.89251,0.7725
4299,OK,,218.947368,11.5533316,121,123.6,121,47.3265353,3.19927298,0.323149097,0.002031222,0.041535381,0.925571943,0.048903409,1.0214876
4300,OK,,218.947368,11.5533316,124,123.6,124,48.4999205,2.65603662,0.400144972,0.002501897,0.034373935,0.936985843,0.072784709,0.996774194
4301,OK,,218.947368,11.5533316,127,123.6,127,49.6733057,2.12788471,0.502561407,0.003124681,0.027440161,0.947045076,0.11387254,0.973228346
4302,OK,,218.947368,11.5533316,130,123.6,130,50.8466908,1.61347688,0.645659142,0.003990639,0.0207237,0.955569655,0.192564019,0.950769231
4303,OK,,218.947368,11.5533316,133,123.6,133,52.020076,1.13675932,0.851408574,0.005229002,0.014530217,0.961780758,0.359870856,0.929323308
4304,OK,,218.947368,11.5533316,136,123.6,136,53.1934612,0.705932525,1.17030337,0.007138212,0.008970611,0.964728073,0.795733111,0.908823529
4305,OK,,218.947368,11.5533316,139,123.6,139,54.3668464,0.369484051,1.6823275,0.01018277,0.004658721,0.962259875,2.18574353,0.889208633
4306,OK,,218.947368,11.5533316,142,123.6,142,55.5402315,0.167791486,2.45655034,0.014740747,0.002093769,0.952748814,7.04029201,0.870422535
4307,OK,,218.947368,11.5533316,145,123.6,145,56.7136167,0.076511903,3.44204057,0.020459384,0.000942861,0.9379593,21.6992597,0.852413793
4308,OK,,218.947368,11.5533316,148,123.6,148,57.8870019,0.037368879,4.56747639,0.026878745,0.000454351,0.920451136,59.1586074,0.835135135
4309,OK,,218.947368,11.5533316,151,123.6,151,59.0603871,0.020299233,5.72668799,0.033358187,0.000243428,0.902693032,137.035223,0.818543046
4310,OK,,218.947368,11.5533316,154,123.6,154,60.2337722,0.011927657,6.91633474,0.039872005,0.000141064,0.884977113,282.651637,0.802597403
4311,OK,,218.947368,11.5533316,157,123.6,157,61.4071574,0.007466697,8.1133857,0.046285978,8.71E-05,0.867753976,531.468145,0.787261146
4312,OK,,218.947368,11.5533316,160,123.6,160,62.5805426,0.004927453,9.31579631,0.052589327,5.67E-05,0.851060355,927.725492,0.7725
4313,OK,,218.947368,12.0423789,121,123.6,121,47.3265353,3.30123658,0.315628563,0.001977822,0.042714362,0.92357638,0.046303442,1.0214876
4314,OK,,218.947368,12.0423789,124,123.6,124,48.4999205,2.75621222,0.38972294,0.002429331,0.035551961,0.935135251,0.068331831,0.996774194
4315,OK,,218.947368,12.0423789,127,123.6,127,49.6733057,2.22246837,0.48819042,0.003026301,0.028568399,0.945430272,0.105931775,0.973228346
4316,OK,,218.947368,12.0423789,130,123.6,130,50.8466908,1.70628595,0.623755403,0.003844035,0.021847229,0.954175162,0.175950693,0.950769231
4317,OK,,218.947368,12.0423789,133,123.6,133,52.020076,1.2168197,0.819633111,0.005019659,0.015509003,0.96085256,0.323660952,0.929323308
4318,OK,,218.947368,12.0423789,136,123.6,136,53.1934612,0.779400295,1.1139692,0.006776225,0.009877508,0.964405973,0.686025767,0.908823529
4319,OK,,218.947368,12.0423789,139,123.6,139,54.3668464,0.42481114,1.58316931,0.009558443,0.005344093,0.963066086,1.78859968,0.889208633
4320,OK,,218.947368,12.0423789,142,123.6,142,55.5402315,0.199839101,2.29893467,0.013763253,0.00248916,0.955009662,5.52927629,0.870422535
4321,OK,,218.947368,12.0423789,145,123.6,145,56.7136167,0.089470222,3.2677818,0.019381365,0.001100997,0.940803422,17.6034625,0.852413793
4322,OK,,218.947368,12.0423789,148,123.6,148,57.8870019,0.043451995,4.36290733,0.025622302,0.000527648,0.923879987,48.5594245,0.835135135
4323,OK,,218.947368,12.0423789,151,123.6,151,59.0603871,0.023474725,5.50132686,0.03198405,0.000281196,0.906455039,113.743084,0.818543046
4324,OK,,218.947368,12.0423789,154,123.6,154,60.2337722,0.013649871,6.68283405,0.038454443,0.000161259,0.888825095,238.463534,0.802597403
4325,OK,,218.947368,12.0423789,157,123.6,157,61.4071574,0.008361378,7.90101589,0.044990295,9.74E-05,0.871197795,461.807558,0.787261146
4326,OK,,218.947368,12.0423789,160,123.6,160,62.5805426,0.005487548,9.09654254,0.051259143,6.31E-05,0.854554951,812.796306,0.7725
4327,OK,,218.947368,12.5314263,121,123.6,121,47.3265353,3.40251995,0.308507028,0.001927248,0.043877668,0.92158676,0.043923207,1.0214876
4328,OK,,218.947368,12.5314263,124,123.6,124,48.4999205,2.8540403,0.380085018,0.00236209,0.036693948,0.933316895,0.064372737,0.996774194
4329,OK,,218.947368,12.5314263,127,123.6,127,49.6733057,2.31914126,0.474349602,0.002931773,0.029715305,0.943762735,0.09866205,0.973228346
4330,OK,,218.947368,12.5314263,130,123.6,130,50.8466908,1.80184002,0.602815337,0.003704175,0.02299791,0.952707731,0.16106574,0.950769231
4331,OK,,218.947368,12.5314263,133,123.6,133,52.020076,1.30677381,0.786940772,0.004805813,0.016605264,0.959751797,0.289415042,0.929323308
4332,OK,,218.947368,12.5314263,136,123.6,136,53.1934612,0.85816511,1.06060638,0.006434113,0.010845572,0.963928433,0.593247962,0.908823529
4333,OK,,218.947368,12.5314263,139,123.6,139,54.3668464,0.486699715,1.48979709,0.008971829,0.006107915,0.963645182,1.46888576,0.889208633
4334,OK,,218.947368,12.5314263,142,123.6,142,55.5402315,0.231201026,2.17154777,0.012969805,0.002874561,0.956738589,4.51192463,0.870422535
4335,OK,,218.947368,12.5314263,145,123.6,145,56.7136167,0.104728908,3.08964931,0.018285006,0.001286885,0.943675286,14.2087308,0.852413793
4336,OK,,218.947368,12.5314263,148,123.6,148,57.8870019,0.050152905,4.17333684,0.024457865,0.000608244,0.927039066,40.2106356,0.835135135
4337,OK,,218.947368,12.5314263,151,123.6,151,59.0603871,0.02641118,5.32550887,0.030897026,0.000315978,0.909382239,97.7821129,0.818543046
4338,OK,,218.947368,12.5314263,154,123.6,154,60.2337722,0.014904139,6.53380535,0.037506729,0.000175744,0.891278443,213.417001,0.802597403
4339,OK,,218.947368,12.5314263,157,123.6,157,61.4071574,0.00940896,7.68093916,0.043656323,0.000109513,0.874764629,398.640495,0.787261146
4340,OK,,218.947368,12.5314263,160,123.6,160,62.5805426,0.006095626,8.88526734,0.049977285,7.00E-05,0.857921287,714.148314,0.7725
4341,OK,,218.947368,13.0204737,121,123.6,121,47.3265353,3.5050913,0.301621503,0.001878432,0.045048247,0.919564938,0.041698238,1.0214876
4342,OK,,218.947368,13.0204737,124,123.6,124,48.4999205,2.95427864,0.370931055,0.002298219,0.037857383,0.931438863,0.060707288,0.996774194
4343,OK,,218.947368,13.0204737,127,123.6,127,49.6733057,2.41604168,0.461293602,0.002842599,0.030857595,0.942074818,0.092119907,0.973228346
4344,OK,,218.947368,13.0204737,130,123.6,130,50.8466908,1.89555543,0.583742928,0.003576542,0.024118451,0.95123973,0.148290694,0.950769231
4345,OK,,218.947368,13.0204737,133,123.6,133,52.020076,1.39553771,0.757524525,0.004613063,0.017679978,0.958610936,0.26092017,0.929323308
4346,OK,,218.947368,13.0204737,136,123.6,136,53.1934612,0.940175688,1.01135666,0.006118593,0.011848354,0.963312552,0.516408682,0.908823529
4347,OK,,218.947368,13.0204737,139,123.6,139,54.3668464,0.552153862,1.40609283,0.008445947,0.006912144,0.963980867,1.22189981,0.889208633
4348,OK,,218.947368,13.0204737,142,123.6,142,55.5402315,0.273065139,2.03131777,0.012103715,0.00338832,0.958509663,3.57218741,0.870422535
4349,OK,,218.947368,13.0204737,145,123.6,145,56.7136167,0.122658166,2.92102446,0.017248924,0.0015049,0.946332419,11.4618396,0.852413793
4350,OK,,218.947368,13.0204737,148,123.6,148,57.8870019,0.058455291,3.97549281,0.023250174,0.000708013,0.930313404,32.8386188,0.835135135
4351,OK,,218.947368,13.0204737,151,123.6,151,59.0603871,0.030481805,5.11076869,0.029592743,0.000364249,0.912949258,81.2431829,0.818543046
4352,OK,,218.947368,13.0204737,154,123.6,154,60.2337722,0.017290487,6.28388776,0.036017125,0.000203808,0.895387952,176.721068,0.802597403
4353,OK,,218.947368,13.0204737,157,123.6,157,61.4071574,0.010632224,7.47295788,0.042393965,0.000123617,0.878131631,342.944868,0.787261146
4354,OK,,218.947368,13.0204737,160,123.6,160,62.5805426,0.00686086,8.65617914,0.048600096,7.87E-05,0.861569752,617.653709,0.7725
4355,OK,,218.947368,13.5095211,121,123.6,121,47.3265353,3.60271337,0.295386373,0.00183397,0.046151468,0.917633951,0.039738066,1.0214876
4356,OK,,218.947368,13.5095211,124,123.6,124,48.4999205,3.05345743,0.362123311,0.002236866,0.039000189,0.929575539,0.057355259,0.996774194
4357,OK,,218.947368,13.5095211,127,123.6,127,49.6733057,2.50980199,0.449386487,0.002761019,0.031954067,0.940426987,0.086405884,0.973228346
4358,OK,,218.947368,13.5095211,130,123.6,130,50.8466908,1.98874715,0.566042462,0.003458005,0.025225455,0.949755047,0.13708396,0.950769231
4359,OK,,218.947368,13.5095211,133,123.6,133,52.020076,1.48781118,0.728919647,0.004426263,0.018791338,0.957387013,0.235548064,0.929323308
4360,OK,,218.947368,13.5095211,136,123.6,136,53.1934612,1.02115944,0.967946016,0.005839916,0.012832655,0.962606204,0.455082453,0.908823529
4361,OK,,218.947368,13.5095211,139,123.6,139,54.3668464,0.615960694,1.33588383,0.008003331,0.007691889,0.964098625,1.04048965,0.889208633
4362,OK,,218.947368,13.5095211,142,123.6,142,55.5402315,0.316567056,1.91178592,0.011364046,0.003920107,0.95987858,2.89891227,0.870422535
4363,OK,,218.947368,13.5095211,145,123.6,145,56.7136167,0.145930245,2.74543073,0.01617644,0.001787553,0.949018223,9.04949035,0.852413793
4364,OK,,218.947368,13.5095211,148,123.6,148,57.8870019,0.068278995,3.7810354,0.022066864,0.000825899,0.933502958,26.7186099,0.835135135
4365,OK,,218.947368,13.5095211,151,123.6,151,59.0603871,0.035542943,4.90111269,0.028317917,0.000424176,0.916413422,66.7598146,0.818543046
4366,OK,,218.947368,13.5095211,154,123.6,154,60.2337722,0.01969115,6.08345656,0.034795928,0.000231825,0.898675652,150.095876,0.802597403
4367,OK,,218.947368,13.5095211,157,123.6,157,61.4071574,0.011704,7.26377071,0.041126544,0.000135926,0.881520738,302.565286,0.787261146
4368,OK,,218.947368,13.5095211,160,123.6,160,62.5805426,0.007628155,8.44662393,0.047336567,8.74E-05,0.86490606,541.645388,0.7725
4369,OK,,218.947368,13.9985684,121,123.6,121,47.3265353,3.69615144,0.289688459,0.001793121,0.047197683,0.915780019,0.037991708,1.0214876
4370,OK,,218.947368,13.9985684,124,123.6,124,48.4999205,3.1486518,0.354093853,0.00218069,0.040087693,0.927778322,0.054398005,0.996774194
4371,OK,,218.947368,13.9985684,127,123.6,127,49.6733057,2.61103331,0.437405836,0.002679414,0.033134143,0.938630234,0.080865659,0.973228346
4372,OK,,218.947368,13.9985684,130,123.6,130,50.8466908,2.08378394,0.549128745,0.003344919,0.026348093,0.948218603,0.126951086,0.950769231
4373,OK,,218.947368,13.9985684,133,123.6,133,52.020076,1.58186925,0.7026149,0.004254398,0.019917759,0.956084567,0.213598209,0.929323308
4374,OK,,218.947368,13.9985684,136,123.6,136,53.1934612,1.10492177,0.927497991,0.005580503,0.013845559,0.961791925,0.403053645,0.908823529
4375,OK,,218.947368,13.9985684,139,123.6,139,54.3668464,0.692333518,1.26282823,0.007545879,0.008622527,0.96403761,0.87513543,0.889208633
4376,OK,,218.947368,13.9985684,142,123.6,142,55.5402315,0.364175776,1.80225061,0.010685065,0.004498307,0.960993566,2.37535253,0.870422535
4377,OK,,218.947368,13.9985684,145,123.6,145,56.7136167,0.1704565,2.59289297,0.015243223,0.002084542,0.951275379,7.31250629,0.852413793
4378,OK,,218.947368,13.9985684,148,123.6,148,57.8870019,0.080396708,3.59885478,0.020953432,0.000970827,0.936440801,21.5830715,0.835135135
4379,OK,,218.947368,13.9985684,151,123.6,151,59.0603871,0.041053937,4.69267613,0.027059872,0.000489359,0.919849322,55.2965794,0.818543046
4380,OK,,218.947368,13.9985684,154,123.6,154,60.2337722,0.022534094,5.87292642,0.033527055,0.000264996,0.902123671,126.519212,0.802597403
4381,OK,,218.947368,13.9985684,157,123.6,157,61.4071574,0.013310951,7.06001203,0.039896649,0.000154418,0.884812727,258.367331,0.787261146
4382,OK,,218.947368,13.9985684,160,123.6,160,62.5805426,0.008434123,8.25196425,0.046158793,9.65E-05,0.868003727,478.202777,0.7725
4383,OK,,218.947368,14.4876158,121,123.6,121,47.3265353,3.79901306,0.283618031,0.001750164,0.048348855,0.913734841,0.036198673,1.0214876
4384,OK,,218.947368,14.4876158,124,123.6,124,48.4999205,3.25456483,0.34551435,0.002121403,0.041296275,0.925771442,0.051370334,0.996774194
4385,OK,,218.947368,14.4876158,127,123.6,127,49.6733057,2.7099021,0.426158808,0.002602771,0.034277866,0.936866273,0.075931541,0.973228346
4386,OK,,218.947368,14.4876158,130,123.6,130,50.8466908,2.18289831,0.532573712,0.003234616,0.027512992,0.946594911,0.117566851,0.950769231
4387,OK,,218.947368,14.4876158,133,123.6,133,52.020076,1.66939184,0.680045673,0.004106059,0.020957415,0.954835946,0.195923931,0.929323308
4388,Errors,,218.947368,14.4876158,136,123.6,136,53.1934612,1.15655416,0.901234292,0.005404675,0.014470499,0.961315011,0.373496077,0.908823529
4389,OK,,218.947368,14.4876158,139,123.6,139,54.3668464,0.762484338,1.20440429,0.00717779,0.009471728,0.963821911,0.757812108,0.889208633
4390,OK,,218.947368,14.4876158,142,123.6,142,55.5402315,0.411958765,1.70982156,0.010113641,0.00507972,0.961797417,1.99098373,0.870422535
4391,OK,,218.947368,14.4876158,145,123.6,145,56.7136167,0.201663892,2.44362273,0.014329851,0.0024615,0.953357116,5.82159396,0.852413793
4392,OK,,218.947368,14.4876158,148,123.6,148,57.8870019,0.094286724,3.40822334,0.019803663,0.001137194,0.939494015,17.4145057,0.835135135
4393,OK,,218.947368,14.4876158,151,123.6,151,59.0603871,0.046605517,4.51469342,0.025979702,0.000554841,0.922768895,46.8236993,0.818543046
4394,OK,,218.947368,14.4876158,154,123.6,154,60.2337722,0.025557252,5.66094643,0.032254665,0.000300207,0.905592768,107.441452,0.802597403
4395,OK,,218.947368,14.4876158,157,123.6,157,61.4071574,0.015101508,6.83534871,0.038556253,0.000175006,0.888442154,220.314241,0.787261146
4396,OK,,218.947368,14.4876158,160,123.6,160,62.5805426,0.009476278,8.0261854,0.044815383,0.000108341,0.871594886,413.649279,0.7725
4397,OK,,218.947368,14.9766632,121,123.6,121,47.3265353,3.90909677,0.277367691,0.001706322,0.049577578,0.911540863,0.034417212,1.0214876
4398,OK,,218.947368,14.9766632,124,123.6,124,48.4999205,3.35086771,0.338135739,0.002069868,0.042382309,0.923937949,0.048838024,0.996774194
4399,OK,,218.947368,14.9766632,127,123.6,127,49.6733057,2.80333702,0.41611248,0.002533913,0.035349031,0.935187533,0.071682666,0.973228346
4400,OK,,218.947368,14.9766632,130,123.6,130,50.8466908,2.25936682,0.520703303,0.003153448,0.028397035,0.945324463,0.111048485,0.950769231
4401,OK,,218.947368,14.9766632,133,123.6,133,52.020076,1.7642155,0.657264854,0.003957211,0.022079488,0.953451042,0.179225687,0.929323308
4402,OK,,218.947368,14.9766632,136,123.6,136,53.1934612,1.2779718,0.855372601,0.005118174,0.015921085,0.959894612,0.321471453,0.908823529
4403,OK,,218.947368,14.9766632,139,123.6,139,54.3668464,0.839550443,1.14754985,0.006820835,0.010400996,0.963450146,0.655786749,0.889208633
4404,OK,,218.947368,14.9766632,142,123.6,142,55.5402315,0.479611844,1.60797211,0.009485433,0.005898616,0.962413121,1.60807768,0.870422535
4405,OK,,218.947368,14.9766632,145,123.6,145,56.7136167,0.234910724,2.30486907,0.013485123,0.002862129,0.95521746,4.71157086,0.852413793
4406,OK,,218.947368,14.9766632,148,123.6,148,57.8870019,0.10911866,3.24062667,0.018789364,0.001314191,0.942133031,14.2972822,0.835135135
4407,OK,,218.947368,14.9766632,151,123.6,151,59.0603871,0.053917952,4.31444946,0.024777503,0.000641096,0.926035578,38.6486643,0.818543046
4408,OK,,218.947368,14.9766632,154,123.6,154,60.2337722,0.028898477,5.46555673,0.031079884,0.000339061,0.908781154,91.6646939,0.802597403
4409,OK,,218.947368,14.9766632,157,123.6,157,61.4071574,0.017128673,6.61452353,0.037241779,0.000198287,0.892005224,187.817668,0.787261146
4410,OK,,218.947368,14.9766632,160,123.6,160,62.5805426,0.010604189,7.82291411,0.043599093,0.000121108,0.874825018,360.000571,0.7725
4411,OK,,218.947368,15.4657105,121,123.6,121,47.3265353,4.00871879,0.27200344,0.001668224,0.050674628,0.909549216,0.032920301,1.0214876
4412,OK,,218.947368,15.4657105,124,123.6,124,48.4999205,3.45329107,0.330600711,0.002017643,0.043533669,0.921981485,0.046346731,0.996774194
4413,OK,,218.947368,15.4657105,127,123.6,127,49.6733057,2.90675376,0.405479926,0.002461827,0.036532441,0.933319644,0.067387433,0.973228346
4414,OK,,218.947368,15.4657105,130,123.6,130,50.8466908,2.37252237,0.503998907,0.003043305,0.029716919,0.943427562,0.102409841,0.950769231
4415,OK,,218.947368,15.4657105,133,123.6,133,52.020076,1.85815206,0.636307716,0.003820128,0.023183789,0.952048133,0.164775807,0.929323308
4416,OK,,218.947368,15.4657105,136,123.6,136,53.1934612,1.36611398,0.823108383,0.004911486,0.016969298,0.958844145,0.289433634,0.908823529
4417,OK,,218.947368,15.4657105,139,123.6,139,54.3668464,0.91781819,1.1028031,0.006535881,0.011338206,0.962833576,0.576447531,0.889208633
4418,OK,,218.947368,15.4657105,142,123.6,142,55.5402315,0.540497543,1.52347412,0.008964398,0.006631768,0.96283826,1.35173581,0.870422535
4419,OK,,218.947368,15.4657105,145,123.6,145,56.7136167,0.271131878,2.17694594,0.012707081,0.003297278,0.956834391,3.85380942,0.852413793
4420,OK,,218.947368,15.4657105,148,123.6,148,57.8870019,0.128134327,3.05880188,0.017697574,0.001540911,0.944945565,11.4851393,0.835135135
4421,OK,,218.947368,15.4657105,151,123.6,151,59.0603871,0.0637293,4.08858018,0.023434647,0.000756802,0.929693832,30.9653511,0.818543046
4422,OK,,218.947368,15.4657105,154,123.6,154,60.2337722,0.033036391,5.26012619,0.02985337,0.000387159,0.91212301,77.108837,0.802597403
4423,OK,,218.947368,15.4657105,157,123.6,157,61.4071574,0.019177938,6.42376335,0.03609699,0.000221758,0.895078334,162.776819,0.787261146
4424,OK,,218.947368,15.4657105,160,123.6,160,62.5805426,0.011752908,7.61821691,0.04237821,0.000134075,0.878077602,316.078849,0.7725
4425,OK,,218.947368,15.9547579,121,123.6,121,47.3265353,4.11517109,0.266468019,0.001629277,0.051844652,0.907416863,0.031426125,1.0214876
4426,OK,,218.947368,15.9547579,124,123.6,124,48.4999205,3.55553415,0.323416476,0.001967864,0.044675541,0.920021506,0.044047898,0.996774194
4427,OK,,218.947368,15.9547579,127,123.6,127,49.6733057,3.00683146,0.39573308,0.002395544,0.037668593,0.931501145,0.063595249,0.973228346
4428,OK,,218.947368,15.9547579,130,123.6,130,50.8466908,2.46063622,0.491771403,0.002960905,0.03072857,0.941935108,0.096356733,0.950769231
4429,OK,,218.947368,15.9547579,133,123.6,133,52.020076,1.9434233,0.618593351,0.003703273,0.024177196,0.950749464,0.153172129,0.929323308
4430,OK,,218.947368,15.9547579,136,123.6,136,53.1934612,1.45619297,0.797614093,0.004745148,0.018032509,0.957629998,0.263144056,0.908823529
4431,OK,,218.947368,15.9547579,139,123.6,139,54.3668464,1.001418,1.0535744,0.006227442,0.012336385,0.962201368,0.504802776,0.889208633
4432,OK,,218.947368,15.9547579,142,123.6,142,55.5402315,0.602140403,1.44937073,0.008506748,0.007370598,0.963062611,1.15414612,0.870422535
4433,OK,,218.947368,15.9547579,145,123.6,145,56.7136167,0.318325136,2.03812405,0.011869376,0.003863371,0.958450028,3.07228481,0.852413793
4434,OK,,218.947368,15.9547579,148,123.6,148,57.8870019,0.150247763,2.88750261,0.01667061,0.001804047,0.947522755,9.24067262,0.835135135
4435,OK,,218.947368,15.9547579,151,123.6,151,59.0603871,0.071871255,3.9344845,0.022503256,0.000852367,0.932165095,26.4008846,0.818543046
4436,OK,,218.947368,15.9547579,154,123.6,154,60.2337722,0.038256866,5.03747484,0.028535673,0.000447828,0.915732794,63.7201945,0.802597403
4437,OK,,218.947368,15.9547579,157,123.6,157,61.4071574,0.021656698,6.2132541,0.034848109,0.000250145,0.898466057,139.31172,0.787261146
4438,OK,,218.947368,15.9547579,160,123.6,160,62.5805426,0.013192636,7.4011136,0.041096428,0.000150353,0.881523778,273.33248,0.7725
4439,OK,,218.947368,16.4438053,121,123.6,121,47.3265353,4.21405211,0.261573333,0.001594495,0.052918146,0.905430951,0.03013135,1.0214876
4440,OK,,218.947368,16.4438053,124,123.6,124,48.4999205,3.65575961,0.316049849,0.001917273,0.045785809,0.918106887,0.041874839,0.996774194
4441,OK,,218.947368,16.4438053,127,123.6,127,49.6733057,3.10834948,0.386325661,0.002331671,0.038814023,0.929646817,0.060072906,0.973228346
4442,OK,,218.947368,16.4438053,130,123.6,130,50.8466908,2.56817433,0.477503232,0.002866584,0.031964977,0.940100771,0.089678889,0.950769231
4443,OK,,218.947368,16.4438053,133,123.6,133,52.020076,2.04799183,0.598087478,0.003570255,0.025395558,0.949133498,0.140585817,0.929323308
4444,OK,,218.947368,16.4438053,136,123.6,136,53.1934612,1.54638695,0.769843762,0.004567225,0.019092753,0.956456477,0.239212487,0.908823529
4445,OK,,218.947368,16.4438053,139,123.6,139,54.3668464,1.07864683,1.01273324,0.005969993,0.013251896,0.961532069,0.450501036,0.889208633
4446,OK,,218.947368,16.4438053,142,123.6,142,55.5402315,0.666438352,1.38164397,0.008088523,0.008137852,0.963124347,0.993938371,0.870422535
4447,OK,,218.947368,16.4438053,145,123.6,145,56.7136167,0.363328776,1.92865047,0.01120515,0.004400619,0.959586791,2.54626697,0.852413793
4448,OK,,218.947368,16.4438053,148,123.6,148,57.8870019,0.174728947,2.73042203,0.015729208,0.002094619,0.949813414,7.50934245,0.835135135
4449,OK,,218.947368,16.4438053,151,123.6,151,59.0603871,0.083697025,3.74437941,0.021372108,0.000991288,0.935183689,21.5599311,0.818543046
4450,OK,,218.947368,16.4438053,154,123.6,154,60.2337722,0.042961191,4.86554385,0.027504974,0.000502274,0.918509088,54.7608556,0.802597403
4451,OK,,218.947368,16.4438053,157,123.6,157,61.4071574,0.024319223,6.01780566,0.033682763,0.000280513,0.901605527,120.07567,0.787261146
4452,OK,,218.947368,16.4438053,160,123.6,160,62.5805426,0.014775661,7.19113228,0.039856528,0.000168215,0.88485386,236.938246,0.7725
4453,OK,,218.947368,16.9328526,121,123.6,121,47.3265353,4.31452913,0.256781465,0.001560536,0.054002995,0.903409143,0.028897204,1.0214876
4454,OK,,218.947368,16.9328526,124,123.6,124,48.4999205,3.75629446,0.30959153,0.001872467,0.046892288,0.916167162,0.039931237,0.996774194
4455,OK,,218.947368,16.9328526,127,123.6,127,49.6733057,3.20626347,0.377706645,0.002272929,0.039909542,0.927849172,0.056952012,0.973228346
4456,OK,,218.947368,16.9328526,130,123.6,130,50.8466908,2.66517347,0.465434353,0.002786023,0.033068315,0.938430451,0.08425052,0.950769231
4457,OK,,218.947368,16.9328526,133,123.6,133,52.020076,2.14220468,0.584350092,0.003477634,0.026479484,0.94758649,0.13133315,0.929323308
4458,OK,,218.947368,16.9328526,136,123.6,136,53.1934612,1.63673297,0.744130362,0.004402414,0.020148458,0.955241429,0.218498824,0.908823529
4459,OK,,218.947368,16.9328526,139,123.6,139,54.3668464,1.16577862,0.970845018,0.005707651,0.014281404,0.960699879,0.399656196,0.889208633
4460,OK,,218.947368,16.9328526,142,123.6,142,55.5402315,0.745629566,1.30848191,0.007640577,0.009080585,0.963015792,0.841419012,0.870422535
4461,OK,,218.947368,16.9328526,145,123.6,145,56.7136167,0.417487097,1.81726604,0.010532956,0.005045538,0.960595827,2.08757846,0.852413793
4462,OK,,218.947368,16.9328526,148,123.6,148,57.8870019,0.202604585,2.58430528,0.014854398,0.002424712,0.951856034,6.12625378,0.835135135
4463,OK,,218.947368,16.9328526,151,123.6,151,59.0603871,0.096449076,3.56725126,0.020318676,0.001140755,0.937966876,17.8115999,0.818543046
4464,OK,,218.947368,16.9328526,154,123.6,154,60.2337722,0.049469238,4.66109337,0.02629753,0.000577663,0.921795325,45.5240369,0.802597403
4465,OK,,218.947368,16.9328526,157,123.6,157,61.4071574,0.02762274,5.80944249,0.032458218,0.000318335,0.904944872,101.9623,0.787261146
4466,OK,,218.947368,16.9328526,160,123.6,160,62.5805426,0.016655631,6.97387426,0.038581514,0.000189416,0.888295473,203.68714,0.7725
4467,OK,,218.947368,17.4219,121,123.6,121,47.3265353,4.42266779,0.251779256,0.001525478,0.055169946,0.901229891,0.027650534,1.0214876
4468,OK,,218.947368,17.4219,124,123.6,124,48.4999205,3.85787164,0.303323816,0.001829079,0.048004504,0.914202015,0.038102237,0.996774194
4469,OK,,218.947368,17.4219,127,123.6,127,49.6733057,3.3063924,0.369269975,0.00221562,0.041024713,0.926003266,0.05400697,0.973228346
4470,OK,,218.947368,17.4219,130,123.6,130,50.8466908,2.76740685,0.453331745,0.002705702,0.034226982,0.936657852,0.079051724,0.950769231
4471,OK,,218.947368,17.4219,133,123.6,133,52.020076,2.23749654,0.568468945,0.003373519,0.027573005,0.94605995,0.122348629,0.929323308
4472,OK,,218.947368,17.4219,136,123.6,136,53.1934612,1.72989842,0.719503601,0.004244908,0.02123186,0.953952949,0.199931035,0.908823529
4473,OK,,218.947368,17.4219,139,123.6,139,54.3668464,1.25099888,0.933671462,0.00547434,0.015282364,0.959816129,0.358212889,0.889208633
4474,OK,,218.947368,17.4219,142,123.6,142,55.5402315,0.819449182,1.24871645,0.007272812,0.009953987,0.962762747,0.7306431,0.870422535
4475,OK,,218.947368,17.4219,145,123.6,145,56.7136167,0.471326327,1.7233367,0.009964323,0.005683925,0.961302714,1.75307077,0.852413793
4476,OK,,218.947368,17.4219,148,123.6,148,57.8870019,0.23631197,2.43448775,0.013962315,0.002823168,0.953861841,4.94562011,0.835135135
4477,OK,,218.947368,17.4219,151,123.6,151,59.0603871,0.114276783,3.36376504,0.019121066,0.001349719,0.941110413,14.1667043,0.818543046
4478,OK,,218.947368,17.4219,154,123.6,154,60.2337722,0.057167651,4.45552319,0.025088602,0.000666751,0.925080388,37.6281556,0.802597403
4479,OK,,218.947368,17.4219,157,123.6,157,61.4071574,0.031434625,5.60391638,0.031250207,0.000361859,0.908229737,86.3601946,0.787261146
4480,OK,,218.947368,17.4219,160,123.6,160,62.5805426,0.018672089,6.76850029,0.03737382,0.000212097,0.891545006,176.21122,0.7725
4481,OK,,224.210526,8.13,121,123.6,121,47.3265353,2.52307007,0.421760818,0.002708904,0.033524188,0.937776326,0.080804452,1.0214876
4482,OK,,224.210526,8.13,124,123.6,124,48.4999205,1.99671371,0.531959619,0.003397248,0.026433264,0.94786232,0.128521697,0.996774194
4483,OK,,224.210526,8.13,127,123.6,127,49.6733057,1.4895678,0.686817354,0.004359636,0.019636815,0.956186021,0.222013381,0.973228346
4484,OK,,224.210526,8.13,130,123.6,130,50.8466908,1.02107507,0.913346641,0.005759756,0.013392253,0.961955799,0.430081179,0.950769231
4485,OK,,224.210526,8.13,133,123.6,133,52.020076,0.613314439,1.26577819,0.007925346,0.007992565,0.963877549,0.991589858,0.929323308
4486,OK,,224.210526,8.13,136,123.6,136,53.1934612,0.307357944,1.83604804,0.01140381,0.003971289,0.959705461,2.87156377,0.908823529
4487,OK,,224.210526,8.13,139,123.6,139,54.3668464,0.129087573,2.73297557,0.01681382,0.001648317,0.947356462,10.2005991,0.889208633
4488,OK,,224.210526,8.13,142,123.6,142,55.5402315,0.06198044,3.716251,0.02264766,0.000781476,0.93197307,28.9806224,0.870422535
4489,OK,,224.210526,8.13,145,123.6,145,56.7136167,0.030895719,4.85418793,0.029280158,0.000384191,0.913864008,76.2124579,0.852413793
4490,OK,,224.210526,8.13,148,123.6,148,57.8870019,0.017136416,6.0136595,0.035895736,0.000210097,0.895817788,170.853552,0.835135135
4491,OK,,224.210526,8.13,151,123.6,151,59.0603871,0.010219761,7.19519552,0.042493044,0.000123525,0.877999186,344.002854,0.818543046
4492,OK,,224.210526,8.13,154,123.6,154,60.2337722,0.00644815,8.39942193,0.049068773,7.68E-05,0.860445897,638.710052,0.802597403
4493,OK,,224.210526,8.13,157,123.6,157,61.4071574,0.004173771,9.65700993,0.055774802,4.90E-05,0.842670071,1138.69048,0.787261146
4494,OK,,224.210526,8.13,160,123.6,160,62.5805426,0.002982344,10.7956848,0.061720124,3.46E-05,0.827443695,1786.18348,0.7725
4495,OK,,224.210526,8.61904737,121,123.6,121,47.3265353,2.62605007,0.40999736,0.002625148,0.034772119,0.935848939,0.075495776,1.0214876
4496,OK,,224.210526,8.61904737,124,123.6,124,48.4999205,2.09268896,0.515811539,0.003284099,0.027612661,0.946216396,0.118934543,0.996774194
4497,OK,,224.210526,8.61904737,127,123.6,127,49.6733057,1.58254648,0.662123745,0.004190404,0.020795792,0.954811338,0.201502514,0.973228346
4498,OK,,224.210526,8.61904737,130,123.6,130,50.8466908,1.10536686,0.874642424,0.005499832,0.014454346,0.96105923,0.380496768,0.950769231
4499,OK,,224.210526,8.61904737,133,123.6,133,52.020076,0.677692184,1.20634048,0.007532389,0.008808448,0.963782585,0.855132381,0.929323308
4500,OK,,224.210526,8.61904737,136,123.6,136,53.1934612,0.356070869,1.72555923,0.010690359,0.004590472,0.960866805,2.3288147,0.908823529
4501,OK,,224.210526,8.61904737,139,123.6,139,54.3668464,0.163244074,2.50529942,0.01538431,0.002082003,0.950915978,7.38918778,0.889208633
4502,OK,,224.210526,8.61904737,142,123.6,142,55.5402315,0.071821303,3.54114872,0.021528458,0.000903872,0.934948596,23.8180264,0.870422535
4503,OK,,224.210526,8.61904737,145,123.6,145,56.7136167,0.035968082,4.64174554,0.027941168,0.00044671,0.917520449,62.5487747,0.852413793
4504,OK,,224.210526,8.61904737,148,123.6,148,57.8870019,0.019616282,5.80343387,0.034571354,0.000240219,0.899406603,143.916226,0.835135135
4505,OK,,224.210526,8.61904737,151,123.6,151,59.0603871,0.011272636,7.02745119,0.041405786,0.000136016,0.880821576,304.41885,0.818543046
4506,OK,,224.210526,8.61904737,154,123.6,154,60.2337722,0.007478975,8.19188276,0.047769259,8.90E-05,0.863874344,536.564342,0.802597403
4507,OK,,224.210526,8.61904737,157,123.6,157,61.4071574,0.004800205,9.37230789,0.054070912,5.63E-05,0.847296171,959.636712,0.787261146
4508,OK,,224.210526,8.61904737,160,123.6,160,62.5805426,0.003268011,10.600078,0.060489881,3.78E-05,0.830564812,1599.21197,0.7725
4509,OK,,224.210526,9.10809474,121,123.6,121,47.3265353,2.72154614,0.399738306,0.002551541,0.035917336,0.934047899,0.071039252,1.0214876
4510,OK,,224.210526,9.10809474,124,123.6,124,48.4999205,2.18657149,0.50099202,0.003180054,0.028757639,0.944586229,0.110581188,0.996774194
4511,OK,,224.210526,9.10809474,127,123.6,127,49.6733057,1.67064593,0.640554585,0.004041876,0.021885162,0.953471981,0.184685668,0.973228346
4512,OK,,224.210526,9.10809474,130,123.6,130,50.8466908,1.19054424,0.839297966,0.005262371,0.015521206,0.960079168,0.339043919,0.950769231
4513,OK,,224.210526,9.10809474,133,123.6,133,52.020076,0.758050739,1.1412543,0.007106478,0.009824911,0.963488999,0.723312118,0.929323308
4514,OK,,224.210526,9.10809474,136,123.6,136,53.1934612,0.410487778,1.62260067,0.010026695,0.005279668,0.961779354,1.89911469,0.908823529
4515,OK,,224.210526,9.10809474,139,123.6,139,54.3668464,0.189934044,2.36566352,0.014492199,0.002418103,0.952993456,5.99321067,0.889208633
4516,OK,,224.210526,9.10809474,142,123.6,142,55.5402315,0.085663935,3.33992459,0.020265977,0.001077095,0.938322394,18.8154002,0.870422535
4517,OK,,224.210526,9.10809474,145,123.6,145,56.7136167,0.041834048,4.43719954,0.026654233,0.000518901,0.921023665,51.3667309,0.852413793
4518,OK,,224.210526,9.10809474,148,123.6,148,57.8870019,0.022377453,5.59750661,0.033276913,0.000273704,0.902916304,121.5798,0.835135135
4519,OK,,224.210526,9.10809474,151,123.6,151,59.0603871,0.013534602,6.71182326,0.039491387,0.000163241,0.886127433,241.921346,0.818543046
4520,OK,,224.210526,9.10809474,154,123.6,154,60.2337722,0.008083089,7.97602064,0.04642262,9.61E-05,0.867448054,482.986359,0.802597403
4521,OK,,224.210526,9.10809474,157,123.6,157,61.4071574,0.005306397,9.1723047,0.052816561,6.22E-05,0.850544929,848.879996,0.787261146
4522,OK,,224.210526,9.10809474,160,123.6,160,62.5805426,0.003670741,10.3510759,0.058970325,4.24E-05,0.834537282,1389.29967,0.7725
4523,OK,,224.210526,9.59714211,121,123.6,121,47.3265353,2.81868042,0.390063196,0.002482088,0.037075731,0.932199904,0.066946435,1.0214876
4524,OK,,224.210526,9.59714211,124,123.6,124,48.4999205,2.28611913,0.486185648,0.003076675,0.029966607,0.942838983,0.102670132,0.996774194
4525,OK,,224.210526,9.59714211,127,123.6,127,49.6733057,1.76809991,0.618456921,0.003890818,0.023086225,0.951954942,0.1685342,0.973228346
4526,OK,,224.210526,9.59714211,130,123.6,130,50.8466908,1.27613153,0.806997656,0.00504526,0.016586941,0.959031175,0.3041706,0.950769231
4527,OK,,224.210526,9.59714211,133,123.6,133,52.020076,0.834493408,1.08717566,0.006751,0.010785455,0.963059088,0.625935619,0.929323308
4528,OK,,224.210526,9.59714211,136,123.6,136,53.1934612,0.467215079,1.53217299,0.009443317,0.005995024,0.962412898,1.57519248,0.908823529
4529,OK,,224.210526,9.59714211,139,123.6,139,54.3668464,0.223108358,2.22375333,0.013590386,0.002835134,0.954993496,4.79356001,0.889208633
4530,OK,,224.210526,9.59714211,142,123.6,142,55.5402315,0.100943244,3.16052775,0.019135013,0.00126732,0.941277324,15.0988035,0.870422535
4531,OK,,224.210526,9.59714211,145,123.6,145,56.7136167,0.046108822,4.3075788,0.025799155,0.000570284,0.923233822,45.2391416,0.852413793
4532,OK,,224.210526,9.59714211,148,123.6,148,57.8870019,0.025529605,5.39730346,0.032021385,0.000311888,0.906320367,102.66962,0.835135135
4533,OK,,224.210526,9.59714211,151,123.6,151,59.0603871,0.014768323,6.56680391,0.038554815,0.000177905,0.888561986,216.715882,0.818543046
4534,OK,,224.210526,9.59714211,154,123.6,154,60.2337722,0.008381318,7.88049632,0.045762448,9.95E-05,0.869028996,459.772205,0.802597403
4535,OK,,224.210526,9.59714211,157,123.6,157,61.4071574,0.005933867,8.9499561,0.051442441,6.95E-05,0.854155601,740.130288,0.787261146
4536,OK,,224.210526,9.59714211,160,123.6,160,62.5805426,0.003995264,10.1730075,0.057844709,4.61E-05,0.837377524,1253.43341,0.7725
4537,OK,,224.210526,10.0861895,121,123.6,121,47.3265353,2.91867784,0.380362818,0.00241287,0.038261792,0.930291946,0.06306212,1.0214876
4538,OK,,224.210526,10.0861895,124,123.6,124,48.4999205,2.3812769,0.472911178,0.002983594,0.031112466,0.941150665,0.095897068,0.996774194
4539,OK,,224.210526,10.0861895,127,123.6,127,49.6733057,1.86363179,0.598242657,0.003752418,0.024254307,0.950438683,0.154711405,0.973228346
4540,OK,,224.210526,10.0861895,130,123.6,130,50.8466908,1.37172319,0.774049415,0.004825234,0.017772657,0.957799169,0.27149761,0.950769231
4541,OK,,224.210526,10.0861895,133,123.6,133,52.020076,0.908776317,1.04049467,0.006443163,0.011713101,0.962528486,0.550081742,0.929323308
4542,OK,,224.210526,10.0861895,136,123.6,136,53.1934612,0.530605571,1.44696092,0.008894755,0.006791422,0.962823128,1.30970431,0.908823529
4543,OK,,224.210526,10.0861895,139,123.6,139,54.3668464,0.259963046,2.09162624,0.012752032,0.003297023,0.956745895,3.86774133,0.889208633
4544,OK,,224.210526,10.0861895,142,123.6,142,55.5402315,0.118588858,2.98216381,0.018015051,0.001486573,0.944171053,12.1185079,0.870422535
4545,OK,,224.210526,10.0861895,145,123.6,145,56.7136167,0.057001403,4.03216695,0.024119984,0.000705198,0.927897944,34.2031401,0.852413793
4546,OK,,224.210526,10.0861895,148,123.6,148,57.8870019,0.029415725,5.18563344,0.030703618,0.000358933,0.909909842,85.5413406,0.835135135
4547,OK,,224.210526,10.0861895,151,123.6,151,59.0603871,0.016721945,6.36654626,0.037304571,0.000201208,0.891919635,185.403248,0.818543046
4548,OK,,224.210526,10.0861895,154,123.6,154,60.2337722,0.010249489,7.53997167,0.043719388,0.000121615,0.874651365,359.491077,0.802597403
4549,OK,,224.210526,10.0861895,157,123.6,157,61.4071574,0.006556289,8.75430645,0.050221963,7.67E-05,0.85733157,654.675159,0.787261146
4550,OK,,224.210526,10.0861895,160,123.6,160,62.5805426,0.004441055,9.95023479,0.056477896,5.12E-05,0.840930177,1102.06835,0.7725
4551,OK,,224.210526,10.5752368,121,123.6,121,47.3265353,3.01722887,0.371293,0.00234806,0.039421809,0.928401227,0.059562455,1.0214876
4552,OK,,224.210526,10.5752368,124,123.6,124,48.4999205,2.47982513,0.459923762,0.002892838,0.032292899,0.939386521,0.089581239,0.996774194
4553,OK,,224.210526,10.5752368,127,123.6,127,49.6733057,1.95716112,0.579847701,0.003626256,0.025391274,0.948926113,0.142815037,0.973228346
4554,OK,,224.210526,10.5752368,130,123.6,130,50.8466908,1.45830955,0.746869536,0.004642331,0.018837363,0.956630824,0.246442701,0.950769231
4555,OK,,224.210526,10.5752368,133,123.6,133,52.020076,0.996080469,0.991378101,0.006121843,0.012800037,0.961794393,0.478267598,0.929323308
4556,OK,,224.210526,10.5752368,136,123.6,136,53.1934612,0.595671364,1.37125744,0.008407083,0.007604906,0.963023109,1.10548152,0.908823529
4557,OK,,224.210526,10.5752368,139,123.6,139,54.3668464,0.304804158,1.96112794,0.011927365,0.003857653,0.958321436,3.09187125,0.889208633
4558,OK,,224.210526,10.5752368,142,123.6,142,55.5402315,0.139681418,2.81428867,0.016962612,0.001748166,0.946813868,9.70308985,0.870422535
4559,OK,,224.210526,10.5752368,145,123.6,145,56.7136167,0.06597556,3.85537951,0.023012468,0.000815111,0.930856903,28.2323241,0.852413793
4560,OK,,224.210526,10.5752368,148,123.6,148,57.8870019,0.032726312,5.02967171,0.029705021,0.000398501,0.912546895,74.5419689,0.835135135
4561,OK,,224.210526,10.5752368,151,123.6,151,59.0603871,0.019059069,6.14492582,0.035936342,0.00022907,0.895632501,156.879006,0.818543046
4562,OK,,224.210526,10.5752368,154,123.6,154,60.2337722,0.011445834,7.34183431,0.042487396,0.000135659,0.877920976,313.19302,0.802597403
4563,OK,,224.210526,10.5752368,157,123.6,157,61.4071574,0.007347342,8.53213868,0.048857882,8.59E-05,0.860936634,568.913632,0.787261146
4564,OK,,224.210526,10.5752368,160,123.6,160,62.5805426,0.004875439,9.75639328,0.055274214,5.62E-05,0.844020708,983.512657,0.7725
4565,OK,,224.210526,11.0642842,121,123.6,121,47.3265353,3.11736679,0.362518674,0.002285487,0.040593376,0.926470733,0.056301963,1.0214876
4566,OK,,224.210526,11.0642842,124,123.6,124,48.4999205,2.57572157,0.44802863,0.002809477,0.03343251,0.937654533,0.08403427,0.996774194
4567,OK,,224.210526,11.0642842,127,123.6,127,49.6733057,2.05237587,0.562316345,0.003506154,0.026541025,0.947362226,0.132103179,0.973228346
4568,OK,,224.210526,11.0642842,130,123.6,130,50.8466908,1.5475916,0.720995209,0.004468507,0.019929261,0.955383787,0.224218386,0.950769231
4569,OK,,224.210526,11.0642842,133,123.6,133,52.020076,1.07618901,0.951135956,0.005856877,0.013789846,0.961028028,0.424723911,0.929323308
4570,OK,,224.210526,11.0642842,136,123.6,136,53.1934612,0.66575233,1.30060097,0.007952628,0.008477306,0.963033928,0.938107913,0.908823529
4571,OK,,224.210526,11.0642842,139,123.6,139,54.3668464,0.350778388,1.84966692,0.011221555,0.004430046,0.959525971,2.53305594,0.889208633
4572,OK,,224.210526,11.0642842,142,123.6,142,55.5402315,0.164407879,2.6505638,0.015939507,0.002054178,0.94931653,7.75955675,0.870422535
4573,Errors,,224.210526,11.0642842,145,123.6,145,56.7136167,0.042934336,5.79094235,0.034171017,0.000523614,0.897134462,65.2599427,0.852413793
4574,OK,,224.210526,11.0642842,148,123.6,148,57.8870019,0.037226729,4.84347287,0.028541421,0.000452587,0.915685742,63.062804,0.835135135
4575,OK,,224.210526,11.0642842,151,123.6,151,59.0603871,0.02144751,5.95466011,0.034752922,0.000257473,0.898813606,134.976789,0.818543046
4576,OK,,224.210526,11.0642842,154,123.6,154,60.2337722,0.012848957,7.13543002,0.041213166,0.00015212,0.881324401,270.925051,0.802597403
4577,OK,,224.210526,11.0642842,157,123.6,157,61.4071574,0.008182275,8.32410649,0.047577231,9.55E-05,0.864310789,498.001253,0.787261146
4578,OK,,224.210526,11.0642842,160,123.6,160,62.5805426,0.005354728,9.55671892,0.054040031,6.17E-05,0.847203727,876.479203,0.7725
4579,OK,,224.210526,11.5533316,121,123.6,121,47.3265353,3.214895,0.354387534,0.00222735,0.041725295,0.924581791,0.053381283,1.0214876
4580,OK,,224.210526,11.5533316,124,123.6,124,48.4999205,2.67418407,0.436435448,0.002728479,0.034596403,0.93586341,0.078865984,0.996774194
4581,OK,,224.210526,11.5533316,127,123.6,127,49.6733057,2.14939148,0.545572118,0.003391627,0.027705779,0.94574624,0.122415864,0.973228346
4582,OK,,224.210526,11.5533316,130,123.6,130,50.8466908,1.63887327,0.69645142,0.004303866,0.021039422,0.954071255,0.204561973,0.950769231
4583,OK,,224.210526,11.5533316,133,123.6,133,52.020076,1.16616278,0.910217947,0.005589128,0.014897509,0.960085012,0.375171975,0.929323308
4584,OK,,224.210526,11.5533316,136,123.6,136,53.1934612,0.738913359,1.23627092,0.007538989,0.009383709,0.962867912,0.803412469,0.908823529
4585,OK,,224.210526,11.5533316,139,123.6,139,54.3668464,0.401438663,1.74624488,0.010567505,0.005058516,0.960496448,2.08905248,0.889208633
4586,OK,,224.210526,11.5533316,142,123.6,142,55.5402315,0.191346734,2.50366805,0.015021256,0.00238663,0.951476349,6.29391901,0.870422535
4587,OK,,224.210526,11.5533316,145,123.6,145,56.7136167,0.090465903,3.46995326,0.020623505,0.001114524,0.937221088,18.5043107,0.852413793
4588,OK,,224.210526,11.5533316,148,123.6,148,57.8870019,0.044858996,4.58245928,0.026965674,0.000545344,0.920062914,49.4471318,0.835135135
4589,OK,,224.210526,11.5533316,151,123.6,151,59.0603871,0.024613491,5.7353181,0.03340758,0.000295141,0.90247386,113.191936,0.818543046
4590,OK,,224.210526,11.5533316,154,123.6,154,60.2337722,0.014510383,6.92150119,0.03990117,0.000171601,0.884848461,232.522804,0.802597403
4591,OK,,224.210526,11.5533316,157,123.6,157,61.4071574,0.009122145,8.11669726,0.046304414,0.000106397,0.86767309,435.205648,0.787261146
4592,OK,,224.210526,11.5533316,160,123.6,160,62.5805426,0.006029268,9.3180004,0.052601429,6.94E-05,0.851007529,758.377909,0.7725
4593,OK,,224.210526,12.0423789,121,123.6,121,47.3265353,3.31656667,0.34628295,0.002169695,0.042899743,0.922604738,0.050575933,1.0214876
4594,OK,,224.210526,12.0423789,124,123.6,124,48.4999205,2.77400374,0.425301321,0.002650801,0.035768932,0.934034839,0.074109043,0.996774194
4595,OK,,224.210526,12.0423789,127,123.6,127,49.6733057,2.24354676,0.530344083,0.003287164,0.028827432,0.944157313,0.11402903,0.973228346
4596,OK,,224.210526,12.0423789,130,123.6,130,50.8466908,1.73116792,0.673518409,0.004150046,0.022155046,0.952707122,0.187318309,0.950769231
4597,OK,,224.210526,12.0423789,133,123.6,133,52.020076,1.24575139,0.877498455,0.005373046,0.015868821,0.95918403,0.338591356,0.929323308
4598,OK,,224.210526,12.0423789,136,123.6,136,53.1934612,0.812196843,1.17956768,0.007173758,0.010286618,0.962556215,0.697387416,0.908823529
4599,OK,,224.210526,12.0423789,139,123.6,139,54.3668464,0.45771722,1.64898951,0.009953761,0.005754412,0.961250157,1.72976178,0.889208633
4600,OK,,224.210526,12.0423789,142,123.6,142,55.5402315,0.225734214,2.35073266,0.01407107,0.002810321,0.953610801,5.00692681,0.870422535
4601,OK,,224.210526,12.0423789,145,123.6,145,56.7136167,0.105040699,3.29892794,0.019564201,0.001292226,0.939979694,15.1399278,0.852413793
4602,OK,,224.210526,12.0423789,148,123.6,148,57.8870019,0.051999394,4.38000515,0.025721363,0.000631342,0.923436965,40.7408035,0.835135135
4603,OK,,224.210526,12.0423789,151,123.6,151,59.0603871,0.028399636,5.5111785,0.032040367,0.000340159,0.906204845,94.192401,0.818543046
4604,OK,,224.210526,12.0423789,154,123.6,154,60.2337722,0.016299764,6.68813486,0.038484332,0.000192556,0.888693097,199.860686,0.802597403
4605,OK,,224.210526,12.0423789,157,123.6,157,61.4071574,0.010201813,7.90469749,0.045010768,0.000118862,0.87110787,378.68084,0.787261146
4606,OK,,224.210526,12.0423789,160,123.6,160,62.5805426,0.006714767,9.09899748,0.051272608,7.72E-05,0.854496112,664.434987,0.7725
4607,OK,,224.210526,12.5314263,121,123.6,121,47.3265353,3.41757169,0.338604591,0.002115061,0.044058732,0.920632764,0.048005487,1.0214876
4608,OK,,224.210526,12.5314263,124,123.6,124,48.4999205,2.87159288,0.415185284,0.002579932,0.036906918,0.932231267,0.069903751,0.996774194
4609,OK,,224.210526,12.5314263,127,123.6,127,49.6733057,2.3398151,0.515693848,0.003186881,0.02996809,0.942514216,0.106342473,0.973228346
4610,OK,,224.210526,12.5314263,130,123.6,130,50.8466908,1.82628699,0.651707921,0.004003981,0.023298847,0.951265365,0.171853204,0.950769231
4611,OK,,224.210526,12.5314263,133,123.6,133,52.020076,1.3351685,0.84373161,0.005151697,0.016956738,0.958114246,0.303814166,0.929323308
4612,OK,,224.210526,12.5314263,136,123.6,136,53.1934612,0.890668736,1.12561847,0.006827095,0.011249301,0.962095206,0.606890651,0.908823529
4613,OK,,224.210526,12.5314263,139,123.6,139,54.3668464,0.520295401,1.55699626,0.009374526,0.006525328,0.961791205,1.43663672,0.889208633
4614,OK,,224.210526,12.5314263,142,123.6,142,55.5402315,0.258901566,2.22695697,0.013298435,0.003217275,0.955242201,4.13344687,0.870422535
4615,OK,,224.210526,12.5314263,145,123.6,145,56.7136167,0.122190057,3.12457736,0.018489713,0.001500952,0.942751536,12.3186556,0.852413793
4616,OK,,224.210526,12.5314263,148,123.6,148,57.8870019,0.060175334,4.19338522,0.024573848,0.000729658,0.926519591,33.6785762,0.835135135
4617,OK,,224.210526,12.5314263,151,123.6,151,59.0603871,0.031834495,5.3363575,0.030958949,0.000380824,0.909106725,81.2946155,0.818543046
4618,OK,,224.210526,12.5314263,154,123.6,154,60.2337722,0.018092027,6.54018235,0.037542618,0.000213322,0.891119647,175.990393,0.802597403
4619,OK,,224.210526,12.5314263,157,123.6,157,61.4071574,0.011470562,7.68506318,0.043679229,0.000133504,0.874663898,327.17645,0.787261146
4620,OK,,224.210526,12.5314263,160,123.6,160,62.5805426,0.007470372,8.8880174,0.04999235,8.58E-05,0.857855375,582.915853,0.7725
4621,OK,,224.210526,13.0204737,121,123.6,121,47.3265353,3.51988563,0.331204086,0.002062469,0.045225277,0.918627263,0.045604333,1.0214876
4622,OK,,224.210526,13.0204737,124,123.6,124,48.4999205,2.97139044,0.405149601,0.002509953,0.038063933,0.930380504,0.065940465,0.996774194
4623,OK,,224.210526,13.0204737,127,123.6,127,49.6733057,2.43630831,0.50182315,0.003091948,0.031104158,0.940850897,0.099406271,0.973228346
4624,OK,,224.210526,13.0204737,130,123.6,130,50.8466908,1.9195258,0.631681932,0.003869666,0.024412082,0.949825491,0.158514382,0.950769231
4625,OK,,224.210526,13.0204737,133,123.6,133,52.020076,1.42337145,0.81319297,0.004951186,0.018022902,0.957005745,0.27471638,0.929323308
4626,OK,,224.210526,13.0204737,136,123.6,136,53.1934612,0.972303515,1.0756166,0.006506033,0.012245668,0.961500529,0.531292633,0.908823529
4627,OK,,224.210526,13.0204737,139,123.6,139,54.3668464,0.586173866,1.4741403,0.00885279,0.007333255,0.962103482,1.20721153,0.889208633
4628,OK,,224.210526,13.0204737,142,123.6,142,55.5402315,0.302785565,2.09076708,0.012455634,0.003754991,0.956904165,3.31708783,0.870422535
4629,OK,,224.210526,13.0204737,145,123.6,145,56.7136167,0.142462139,2.96063886,0.017480708,0.001747228,0.945284727,10.0048236,0.852413793
4630,OK,,224.210526,13.0204737,148,123.6,148,57.8870019,0.069561051,3.99770822,0.023378508,0.000842354,0.92973778,27.7537925,0.835135135
4631,OK,,224.210526,13.0204737,151,123.6,151,59.0603871,0.036683967,5.12317528,0.029663466,0.000438313,0.912634178,67.6763802,0.818543046
4632,OK,,224.210526,13.0204737,154,123.6,154,60.2337722,0.020987956,6.29128411,0.03605872,0.000247374,0.895203773,145.765769,0.802597403
4633,OK,,224.210526,13.0204737,157,123.6,157,61.4071574,0.012835143,7.47736459,0.042418411,0.000149224,0.878023995,284.259548,0.787261146
4634,OK,,224.210526,13.0204737,160,123.6,160,62.5805426,0.008382394,8.65922283,0.048616752,9.61E-05,0.861496803,505.726768,0.7725
4635,OK,,224.210526,13.5095211,121,123.6,121,47.3265353,3.61778564,0.325524479,0.002020892,0.04633091,0.916678665,0.043618662,1.0214876
4636,OK,,224.210526,13.5095211,124,123.6,124,48.4999205,3.0702503,0.395703781,0.002444031,0.039201854,0.928536912,0.062344786,0.996774194
4637,OK,,224.210526,13.5095211,127,123.6,127,49.6733057,2.52980571,0.489389942,0.003006414,0.03219624,0.93921895,0.0933778,0.973228346
4638,OK,,224.210526,13.5095211,130,123.6,130,50.8466908,2.0122448,0.61303567,0.003744529,0.0255119,0.948368705,0.1467758,0.950769231
4639,OK,,224.210526,13.5095211,133,123.6,133,52.020076,1.51533389,0.783965536,0.00475969,0.019128806,0.955799768,0.248823136,0.929323308
4640,OK,,224.210526,13.5095211,136,123.6,136,53.1934612,1.05287017,1.03137123,0.006221333,0.013223111,0.960817714,0.470489352,0.908823529
4641,OK,,224.210526,13.5095211,139,123.6,139,54.3668464,0.650179017,1.40432756,0.008411572,0.008113901,0.962210304,1.03668658,0.889208633
4642,OK,,224.210526,13.5095211,142,123.6,142,55.5402315,0.347894302,1.97444907,0.011734237,0.004305487,0.958186286,2.72541433,0.870422535
4643,OK,,224.210526,13.5095211,145,123.6,145,56.7136167,0.167746524,2.78907029,0.016431355,0.00205395,0.947864076,7.99988108,0.852413793
4644,OK,,224.210526,13.5095211,148,123.6,148,57.8870019,0.081020111,3.80652206,0.022213879,0.000979784,0.932842572,22.6722227,0.835135135
4645,OK,,224.210526,13.5095211,151,123.6,151,59.0603871,0.04266732,4.91536406,0.028399036,0.000509134,0.916051492,55.7791384,0.818543046
4646,OK,,224.210526,13.5095211,154,123.6,154,60.2337722,0.023826755,6.09172934,0.034842386,0.000280492,0.898469648,124.218609,0.802597403
4647,OK,,224.210526,13.5095211,157,123.6,157,61.4071574,0.014453887,7.26927157,0.04115702,0.000167854,0.881386376,245.195014,0.787261146
4648,OK,,224.210526,13.5095211,160,123.6,160,62.5805426,0.009313812,8.44999593,0.047354998,0.000106703,0.864825241,443.801684,0.7725
4649,OK,,224.210526,13.9985684,121,123.6,121,47.3265353,3.71106121,0.31950139,0.001977468,0.047374322,0.914835038,0.041741337,1.0214876
4650,OK,,224.210526,13.9985684,124,123.6,124,48.4999205,3.16515077,0.387086358,0.002383623,0.040284849,0.926757877,0.059169215,0.996774194
4651,OK,,224.210526,13.9985684,127,123.6,127,49.6733057,2.63053212,0.476399205,0.002917912,0.03336899,0.937452697,0.087443828,0.973228346
4652,OK,,224.210526,13.9985684,130,123.6,130,50.8466908,2.10681525,0.59518891,0.003624955,0.026627478,0.946859784,0.136135875,0.950769231
4653,OK,,224.210526,13.9985684,133,123.6,133,52.020076,1.6088467,0.756569802,0.004580317,0.020246943,0.954528777,0.226222636,0.929323308
4654,OK,,224.210526,13.9985684,136,123.6,136,53.1934612,1.1361691,0.989995836,0.005955363,0.014228608,0.960029581,0.41854852,0.908823529
4655,OK,,224.210526,13.9985684,139,123.6,139,54.3668464,0.726585641,1.33133907,0.007953551,0.009043223,0.962147433,0.879504,0.889208633
4656,OK,,224.210526,13.9985684,142,123.6,142,55.5402315,0.396818459,1.86754468,0.011069929,0.004898494,0.959230218,2.25986375,0.870422535
4657,OK,,224.210526,13.9985684,145,123.6,145,56.7136167,0.194257217,2.64050192,0.015520831,0.002374549,0.950016252,6.53632776,0.852413793
4658,OK,,224.210526,13.9985684,148,123.6,148,57.8870019,0.094701344,3.627469,0.021118188,0.001143261,0.935699376,18.4718922,0.835135135
4659,OK,,224.210526,13.9985684,151,123.6,151,59.0603871,0.049193944,4.70895912,0.027152432,0.0005863,0.919435796,46.3114901,0.818543046
4660,OK,,224.210526,13.9985684,154,123.6,154,60.2337722,0.027068764,5.88199748,0.033577931,0.000318297,0.901897789,105.492609,0.802597403
4661,OK,,224.210526,13.9985684,157,123.6,157,61.4071574,0.016172076,7.06573541,0.039928318,0.0001876,0.884672931,212.837184,0.787261146
4662,OK,,224.210526,13.9985684,160,123.6,160,62.5805426,0.010283903,8.25566457,0.046178993,0.000117692,0.86791504,392.372052,0.7725
4663,OK,,224.210526,14.4876158,121,123.6,121,47.3265353,3.81367252,0.312930192,0.001930864,0.048521622,0.91280573,0.039793882,1.0214876
4664,OK,,224.210526,14.4876158,124,123.6,124,48.4999205,3.27074569,0.377870442,0.002319825,0.041488601,0.924770678,0.055914749,0.996774194
4665,OK,,224.210526,14.4876158,127,123.6,127,49.6733057,2.72902413,0.464398378,0.002835974,0.034507012,0.935711496,0.082185454,0.973228346
4666,OK,,224.210526,14.4876158,130,123.6,130,50.8466908,2.2056031,0.577980463,0.003509891,0.027787028,0.945255364,0.126314,0.950769231
4667,OK,,224.210526,14.4876158,133,123.6,133,52.020076,1.69587655,0.733014666,0.004425141,0.021279104,0.95330858,0.207957124,0.929323308
4668,Errors,,224.210526,14.4876158,136,123.6,136,53.1934612,1.18743375,0.962996287,0.00577394,0.014848099,0.959573414,0.388867269,0.908823529
4669,OK,,224.210526,14.4876158,139,123.6,139,54.3668464,0.796632658,1.27270705,0.007583231,0.00988952,0.96193747,0.766794646,0.889208633
4670,OK,,224.210526,14.4876158,142,123.6,142,55.5402315,0.445571343,1.77705537,0.010509138,0.00549071,0.959981681,1.91398533,0.870422535
4671,OK,,224.210526,14.4876158,145,123.6,145,56.7136167,0.228191753,2.4966867,0.014638639,0.002783921,0.951953717,5.25828156,0.852413793
4672,OK,,224.210526,14.4876158,148,123.6,148,57.8870019,0.110653621,3.44096274,0.019991904,0.001334193,0.938645702,14.98427,0.835135135
4673,OK,,224.210526,14.4876158,151,123.6,151,59.0603871,0.055656356,4.53279838,0.026082464,0.000662483,0.922309098,39.370794,0.818543046
4674,OK,,224.210526,14.4876158,154,123.6,154,60.2337722,0.030821421,5.67147676,0.032313651,0.000362008,0.905330548,89.2622522,0.802597403
4675,OK,,224.210526,14.4876158,157,123.6,157,61.4071574,0.018323483,6.84179393,0.038591877,0.000212332,0.888284726,181.752623,0.787261146
4676,OK,,224.210526,14.4876158,160,123.6,160,62.5805426,0.011296384,8.02982636,0.044835237,0.000129147,0.871507622,347.165681,0.7725
4677,OK,,224.210526,14.9766632,121,123.6,121,47.3265353,3.92288165,0.304930849,0.001875721,0.049739152,0.910667188,0.037711154,1.0214876
4678,OK,,224.210526,14.9766632,124,123.6,124,48.4999205,3.36677255,0.369939629,0.002264323,0.042570418,0.922954262,0.053190066,0.996774194
4679,OK,,224.210526,14.9766632,127,123.6,127,49.6733057,2.8221176,0.453668926,0.002762283,0.035572999,0.934053382,0.077651114,0.973228346
4680,OK,,224.210526,14.9766632,130,123.6,130,50.8466908,2.28172988,0.565426327,0.003423812,0.028665814,0.944005084,0.119438853,0.950769231
4681,OK,,224.210526,14.9766632,133,123.6,133,52.020076,1.7904327,0.709698376,0.004272194,0.022396386,0.951939111,0.19075372,0.929323308
4682,OK,,224.210526,14.9766632,136,123.6,136,53.1934612,1.30821063,0.915852377,0.005479021,0.016288436,0.958189165,0.336374878,0.908823529
4683,OK,,224.210526,14.9766632,139,123.6,139,54.3668464,0.873476184,1.21540692,0.007222639,0.010814354,0.961577998,0.667875215,0.889208633
4684,OK,,224.210526,14.9766632,142,123.6,142,55.5402315,0.514243352,1.67724364,0.009891946,0.006320429,0.96054235,1.56507517,0.870422535
4685,OK,,224.210526,14.9766632,145,123.6,145,56.7136167,0.263189498,2.36143521,0.013813677,0.003204988,0.953721437,4.31005556,0.852413793
4686,OK,,224.210526,14.9766632,148,123.6,148,57.8870019,0.126829484,3.27605433,0.018992731,0.001526998,0.941215062,12.4379572,0.835135135
4687,OK,,224.210526,14.9766632,151,123.6,151,59.0603871,0.064183934,4.33498514,0.024893901,0.000763019,0.925514049,32.6255527,0.818543046
4688,OK,,224.210526,14.9766632,154,123.6,154,60.2337722,0.034847511,5.47745704,0.031146453,0.000408816,0.908484819,76.1869811,0.802597403
4689,OK,,224.210526,14.9766632,157,123.6,157,61.4071574,0.020791673,6.62185097,0.037282231,0.000240675,0.891826248,154.906736,0.787261146
4690,OK,,224.210526,14.9766632,160,123.6,160,62.5805426,0.012829348,7.82736533,0.043623336,0.000146516,0.874718333,297.738041,0.7725
4691,OK,,224.210526,15.4657105,121,123.6,121,47.3265353,4.02228711,0.299133355,0.001834456,0.050832857,0.908689271,0.036087992,1.0214876
4692,OK,,224.210526,15.4657105,124,123.6,124,48.4999205,3.46891318,0.361838954,0.00220807,0.04371748,0.921015291,0.05050771,0.996774194
4693,OK,,224.210526,15.4657105,127,123.6,127,49.6733057,2.92516702,0.442301494,0.002685073,0.03675089,0.932207683,0.073061431,0.973228346
4694,OK,,224.210526,15.4657105,130,123.6,130,50.8466908,2.39426737,0.547485475,0.003305437,0.029976829,0.942144655,0.110266415,0.950769231
4695,OK,,224.210526,15.4657105,133,123.6,133,52.020076,1.88386313,0.687728552,0.004128171,0.02349308,0.950565399,0.175718579,0.929323308
4696,OK,,224.210526,15.4657105,136,123.6,136,53.1934612,1.3959669,0.882815821,0.005266777,0.017330308,0.957160473,0.303905576,0.908823529
4697,OK,,224.210526,15.4657105,139,123.6,139,54.3668464,0.951559239,1.1702903,0.006934397,0.011747547,0.960971627,0.590284691,0.889208633
4698,OK,,224.210526,15.4657105,142,123.6,142,55.5402315,0.575653326,1.59379392,0.009376138,0.007058471,0.960939175,1.32835256,0.870422535
4699,OK,,224.210526,15.4657105,145,123.6,145,56.7136167,0.301286175,2.23726348,0.01305675,0.003661938,0.955239151,3.56552969,0.852413793
4700,OK,,224.210526,15.4657105,148,123.6,148,57.8870019,0.148452252,3.09944454,0.017930513,0.001784583,0.943892468,10.0474527,0.835135135
4701,OK,,224.210526,15.4657105,151,123.6,151,59.0603871,0.075763782,4.11265347,0.023570925,0.000899519,0.929082462,26.2039326,0.818543046
4702,OK,,224.210526,15.4657105,154,123.6,154,60.2337722,0.039688212,5.27343234,0.029927706,0.000465057,0.911791668,64.3527254,0.802597403
4703,OK,,224.210526,15.4657105,157,123.6,157,61.4071574,0.023160334,6.4317297,0.03614091,0.000267788,0.894883751,134.960995,0.787261146
4704,OK,,224.210526,15.4657105,160,123.6,160,62.5805426,0.014280418,7.62327295,0.042405714,0.000162901,0.877956421,260.315924,0.7725
4705,OK,,224.210526,15.9547579,121,123.6,121,47.3265353,4.12851358,0.293146168,0.001792244,0.051999423,0.906571235,0.03446661,1.0214876
4706,OK,,224.210526,15.9547579,124,123.6,124,48.4999205,3.57088432,0.354110709,0.002154417,0.044855226,0.919072135,0.04803045,0.996774194
4707,OK,,224.210526,15.9547579,127,123.6,127,49.6733057,3.02490339,0.431871768,0.002614009,0.037881912,0.930409802,0.069004134,0.973228346
4708,OK,,224.210526,15.9547579,130,123.6,130,50.8466908,2.48200359,0.534502445,0.003217752,0.030982795,0.940674487,0.103856081,0.950769231
4709,OK,,224.210526,15.9547579,133,123.6,133,52.020076,1.96869161,0.669128314,0.004005172,0.024479804,0.949292271,0.163611275,0.929323308
4710,OK,,224.210526,15.9547579,136,123.6,136,53.1934612,1.4857447,0.85671871,0.005095833,0.018388186,0.95596332,0.277125402,0.908823529
4711,OK,,224.210526,15.9547579,139,123.6,139,54.3668464,1.03476985,1.12028263,0.006620371,0.012739252,0.960360907,0.519682839,0.889208633
4712,OK,,224.210526,15.9547579,142,123.6,142,55.5402315,0.637602861,1.52030353,0.008921123,0.007799512,0.961146968,1.1438053,0.870422535
4713,OK,,224.210526,15.9547579,145,123.6,145,56.7136167,0.350474516,2.10243206,0.012241479,0.00425102,0.956749248,2.8796567,0.852413793
4714,OK,,224.210526,15.9547579,148,123.6,148,57.8870019,0.172747268,2.93250906,0.016928142,0.002073347,0.946356587,8.16464585,0.835135135
4715,OK,,224.210526,15.9547579,151,123.6,151,59.0603871,0.085420742,3.96158831,0.022656436,0.001012811,0.93147676,22.3698538,0.818543046
4716,OK,,224.210526,15.9547579,154,123.6,154,60.2337722,0.045881676,5.05272732,0.028620779,0.000537009,0.915352985,53.2966258,0.802597403
4717,OK,,224.210526,15.9547579,157,123.6,157,61.4071574,0.026150729,6.22224391,0.03489761,0.000302029,0.898246476,115.543886,0.787261146
4718,OK,,224.210526,15.9547579,160,123.6,160,62.5805426,0.016024397,7.40677827,0.041127207,0.000182617,0.88138801,225.209995,0.7725
4719,OK,,224.210526,16.4438053,121,123.6,121,47.3265353,4.2271942,0.287850569,0.001754529,0.053069829,0.904598029,0.033060771,1.0214876
4720,OK,,224.210526,16.4438053,124,123.6,124,48.4999205,3.67116515,0.34685452,0.002103941,0.045965231,0.917154098,0.045772446,0.996774194
4721,OK,,224.210526,16.4438053,127,123.6,127,49.6733057,3.12608759,0.421796502,0.002545472,0.039022338,0.928575639,0.065231141,0.973228346
4722,OK,,224.210526,16.4438053,130,123.6,130,50.8466908,2.58909076,0.519332068,0.003117285,0.032212521,0.938866763,0.096772463,0.950769231
4723,OK,,224.210526,16.4438053,133,123.6,133,52.020076,2.07272491,0.647551556,0.003864932,0.02569023,0.94770718,0.150443659,0.929323308
4724,OK,,224.210526,16.4438053,136,123.6,136,53.1934612,1.57541203,0.827894575,0.004910736,0.019440482,0.954819511,0.252603594,0.908823529
4725,OK,,224.210526,16.4438053,139,123.6,139,54.3668464,1.11160287,1.07864931,0.006357269,0.013648345,0.959713459,0.465790451,0.889208633
4726,OK,,224.210526,16.4438053,142,123.6,142,55.5402315,0.702043002,1.45286075,0.008503586,0.008566931,0.96120103,0.992605923,0.870422535
4727,OK,,224.210526,16.4438053,145,123.6,145,56.7136167,0.396832767,1.99566779,0.011592142,0.00480344,0.957814354,2.41329987,0.852413793
4728,OK,,224.210526,16.4438053,148,123.6,148,57.8870019,0.19939595,2.77976406,0.016011067,0.002389243,0.948534906,6.70131346,0.835135135
4729,OK,,224.210526,16.4438053,151,123.6,151,59.0603871,0.098422332,3.77383524,0.021538338,0.001165381,0.934435622,18.4817973,0.818543046
4730,OK,,224.210526,16.4438053,154,123.6,154,60.2337722,0.051437747,4.88250013,0.027599443,0.000601286,0.918086852,45.9007069,0.802597403
4731,OK,,224.210526,16.4438053,157,123.6,157,61.4071574,0.029366552,6.02790228,0.033738279,0.000338702,0.901358912,99.6106027,0.787261146
4732,OK,,224.210526,16.4438053,160,123.6,160,62.5805426,0.017935694,7.19745362,0.039890834,0.000204179,0.884702353,195.371583,0.7725
4733,OK,,224.210526,16.9328526,121,123.6,121,47.3265353,4.32730185,0.28231996,0.001715602,0.054149671,0.902599635,0.031682593,1.0214876
4734,OK,,224.210526,16.9328526,124,123.6,124,48.4999205,3.77145247,0.339901006,0.002055588,0.047067937,0.915229686,0.043672794,0.996774194
4735,OK,,224.210526,16.9328526,127,123.6,127,49.6733057,3.22369227,0.412558674,0.002482387,0.040113214,0.926796679,0.061884514,0.973228346
4736,OK,,224.210526,16.9328526,130,123.6,130,50.8466908,2.6857015,0.506486139,0.003031364,0.033310076,0.937219363,0.091004418,0.950769231
4737,OK,,224.210526,16.9328526,133,123.6,133,52.020076,2.16657818,0.633094668,0.003767156,0.026768454,0.946180916,0.140731161,0.929323308
4738,OK,,224.210526,16.9328526,136,123.6,136,53.1934612,1.66523854,0.801141684,0.004738868,0.020488392,0.953633771,0.231295234,0.908823529
4739,OK,,224.210526,16.9328526,139,123.6,139,54.3668464,1.19825549,1.03580218,0.00608832,0.014670351,0.95890772,0.415008468,0.889208633
4740,OK,,224.210526,16.9328526,142,123.6,142,55.5402315,0.78122363,1.37967699,0.008054547,0.00950777,0.961093057,0.847154223,0.870422535
4741,OK,,224.210526,16.9328526,145,123.6,145,56.7136167,0.452194008,1.88668917,0.010933027,0.005461489,0.95875976,2.00183993,0.852413793
4742,OK,,224.210526,16.9328526,148,123.6,148,57.8870019,0.229151384,2.63740737,0.015157198,0.002741086,0.950480096,5.52963298,0.835135135
4743,OK,,224.210526,16.9328526,151,123.6,151,59.0603871,0.112926472,3.60021184,0.020504398,0.001335245,0.937129801,15.3562823,0.818543046
4744,OK,,224.210526,16.9328526,154,123.6,154,60.2337722,0.058982715,4.68012386,0.026403414,0.000688637,0.921321438,38.34158,0.802597403
4745,OK,,224.210526,16.9328526,157,123.6,157,61.4071574,0.033278159,5.82075552,0.032520351,0.000383473,0.904668545,84.8048799,0.787261146
4746,OK,,224.210526,16.9328526,160,123.6,160,62.5805426,0.020182449,6.98092931,0.038619758,0.00022951,0.888126381,168.270394,0.7725
4747,OK,,224.210526,17.4219,121,123.6,121,47.3265353,4.43523809,0.276912798,0.001677625,0.055313534,0.900433217,0.03032937,1.0214876
4748,OK,,224.210526,17.4219,124,123.6,124,48.4999205,3.87278694,0.333147732,0.002008733,0.048176468,0.913279555,0.041695311,0.996774194
4749,OK,,224.210526,17.4219,127,123.6,127,49.6733057,3.32351642,0.403512258,0.002420815,0.041223825,0.924969184,0.058723686,0.973228346
4750,OK,,224.210526,17.4219,130,123.6,130,50.8466908,2.78753812,0.493589723,0.002945612,0.034462875,0.935470179,0.085472024,0.950769231
4751,OK,,224.210526,17.4219,133,123.6,133,52.020076,2.26115682,0.615786754,0.003653786,0.027852182,0.944695514,0.1311849,0.929323308
4752,OK,,224.210526,17.4219,136,123.6,136,53.1934612,1.75787568,0.77545781,0.004574235,0.021563936,0.952375096,0.212124291,0.908823529
4753,OK,,224.210526,17.4219,139,123.6,139,54.3668464,1.28298916,0.997654892,0.00584834,0.015663816,0.958050831,0.373366274,0.889208633
4754,OK,,224.210526,17.4219,142,123.6,142,55.5402315,0.854903902,1.31963233,0.007684178,0.010377836,0.960847548,0.740441231,0.870422535
4755,OK,,224.210526,17.4219,145,123.6,145,56.7136167,0.506875238,1.79444368,0.010373225,0.006108625,0.95942211,1.69812768,0.852413793
4756,OK,,224.210526,17.4219,148,123.6,148,57.8870019,0.26508426,2.49204134,0.014289923,0.003165242,0.952370558,4.51463777,0.835135135
4757,OK,,224.210526,17.4219,151,123.6,151,59.0603871,0.132710336,3.40063855,0.019328546,0.001566916,0.940173963,12.3354088,0.818543046
4758,OK,,224.210526,17.4219,154,123.6,154,60.2337722,0.067973073,4.47713803,0.025208706,0.000792623,0.924542148,31.8041667,0.802597403
4759,OK,,224.210526,17.4219,157,123.6,157,61.4071574,0.037685086,5.61641972,0.031318789,0.000433763,0.907924336,72.2024841,0.787261146
4760,OK,,224.210526,17.4219,160,123.6,160,62.5805426,0.022597007,6.7763517,0.037416326,0.000256662,0.891356827,145.780262,0.7725
4761,OK,,229.473684,8.13,121,123.6,121,47.3265353,2.54169196,0.459000152,0.002947719,0.03375888,0.93659599,0.087316838,1.0214876
4762,OK,,229.473684,8.13,124,123.6,124,48.4999205,2.01886088,0.576251228,0.003679564,0.026714509,0.946492446,0.137736536,0.996774194
4763,OK,,229.473684,8.13,127,123.6,127,49.6733057,1.51587817,0.739437777,0.00469283,0.019973091,0.954597023,0.234957605,0.973228346
4764,OK,,229.473684,8.13,130,123.6,130,50.8466908,1.05164017,0.974479653,0.006144035,0.013784705,0.960152376,0.445713883,0.950769231
4765,OK,,229.473684,8.13,133,123.6,133,52.020076,0.646608134,1.33237174,0.008340484,0.008420862,0.961957382,0.990454816,0.929323308
4766,OK,,229.473684,8.13,136,123.6,136,53.1934612,0.337698299,1.89673656,0.011778425,0.004360699,0.957994182,2.70104073,0.908823529
4767,OK,,229.473684,8.13,139,123.6,139,54.3668464,0.148915152,2.77263676,0.017055645,0.00190076,0.946262252,8.97306498,0.889208633
4768,OK,,229.473684,8.13,142,123.6,142,55.5402315,0.073243506,3.73878084,0.022783326,0.000923285,0.93136463,24.6763633,0.870422535
4769,OK,,229.473684,8.13,145,123.6,145,56.7136167,0.037107982,4.86661462,0.029353967,0.000461387,0.913535357,63.6211474,0.852413793
4770,OK,,229.473684,8.13,148,123.6,148,57.8870019,0.020735328,6.02085863,0.035937903,0.000254203,0.895631251,141.374865,0.835135135
4771,OK,,229.473684,8.13,151,123.6,151,59.0603871,0.012438809,7.19963445,0.042518679,0.000150341,0.877886454,282.815778,0.818543046
4772,OK,,229.473684,8.13,154,123.6,154,60.2337722,0.007938915,8.40240405,0.049085749,9.46E-05,0.860371638,518.966954,0.802597403
4773,OK,,229.473684,8.13,157,123.6,157,61.4071574,0.005450206,9.65956332,0.055789121,6.40E-05,0.842607703,872.253611,0.787261146
4774,OK,,229.473684,8.13,160,123.6,160,62.5805426,0.003657785,10.797036,0.061727601,4.24E-05,0.827411311,1456.54332,0.7725
4775,OK,,229.473684,8.61904737,121,123.6,121,47.3265353,2.64433058,0.446553681,0.002858864,0.035001256,0.934690248,0.081678893,1.0214876
4776,OK,,229.473684,8.61904737,124,123.6,124,48.4999205,2.11436019,0.559150932,0.003559523,0.027886445,0.944875969,0.127643467,0.996774194
4777,OK,,229.473684,8.61904737,127,123.6,127,49.6733057,1.6083089,0.713647806,0.004515717,0.021123417,0.953255442,0.213777776,0.973228346
4778,OK,,229.473684,8.61904737,130,123.6,130,50.8466908,1.13543657,0.934784129,0.005876846,0.014838647,0.959285046,0.39604997,0.950769231
4779,OK,,229.473684,8.61904737,133,123.6,133,52.020076,0.710992496,1.27294684,0.007946549,0.009235174,0.961862045,0.860465549,0.929323308
4780,OK,,229.473684,8.61904737,136,123.6,136,53.1934612,0.38778791,1.78900117,0.01108112,0.00499625,0.959077882,2.21788746,0.908823529
4781,OK,,229.473684,8.61904737,139,123.6,139,54.3668464,0.186167953,2.551154,0.01566358,0.002373313,0.949650897,6.59987973,0.889208633
4782,OK,,229.473684,8.61904737,142,123.6,142,55.5402315,0.084681329,3.56687298,0.021683075,0.001065453,0.934253888,20.3510404,0.870422535
4783,OK,,229.473684,8.61904737,145,123.6,145,56.7136167,0.043116477,4.6560448,0.028025983,0.000535418,0.917142275,52.3441255,0.852413793
4784,OK,,229.473684,8.61904737,148,123.6,148,57.8870019,0.023627772,5.8114583,0.034618293,0.000289321,0.899198682,119.65352,0.835135135
4785,OK,,229.473684,8.61904737,151,123.6,151,59.0603871,0.013695685,7.0322982,0.041433728,0.000165245,0.880698481,250.741139,0.818543046
4786,OK,,229.473684,8.61904737,154,123.6,154,60.2337722,0.008779552,8.19448442,0.047784053,0.000104507,0.86380956,457.231651,0.802597403
4787,OK,,229.473684,8.61904737,157,123.6,157,61.4071574,0.005720429,9.37414871,0.054081233,6.71E-05,0.847251208,805.430546,0.787261146
4788,OK,,229.473684,8.61904737,160,123.6,160,62.5805426,0.004005426,10.6015531,0.060498035,4.64E-05,0.830529457,1304.98349,0.7725
4789,OK,,229.473684,9.10809474,121,123.6,121,47.3265353,2.73964061,0.435922283,0.002782169,0.036142975,0.932901006,0.076976765,1.0214876
4790,OK,,229.473684,9.10809474,124,123.6,124,48.4999205,2.20781077,0.543467196,0.003449181,0.02902461,0.943272526,0.118836416,0.996774194
4791,OK,,229.473684,9.10809474,127,123.6,127,49.6733057,1.69590077,0.691063081,0.004359857,0.022204787,0.951946749,0.196347602,0.973228346
4792,OK,,229.473684,9.10809474,130,123.6,130,50.8466908,1.22009854,0.89840833,0.005631899,0.015897159,0.958335403,0.354270775,0.950769231
4793,OK,,229.473684,9.10809474,133,123.6,133,52.020076,0.791196065,1.20755013,0.00751767,0.01024778,0.961577407,0.733590171,0.929323308
4794,OK,,229.473684,9.10809474,136,123.6,136,53.1934612,0.443325824,1.68828453,0.010430364,0.005698354,0.959927211,1.83041692,0.908823529
4795,OK,,229.473684,9.10809474,139,123.6,139,54.3668464,0.214942121,2.41568698,0.014796271,0.002735158,0.951613359,5.40965882,0.889208633
4796,OK,,229.473684,9.10809474,142,123.6,142,55.5402315,0.100734522,3.37007064,0.02044694,0.001266219,0.93750827,16.1480295,0.870422535
4797,OK,,229.473684,9.10809474,145,123.6,145,56.7136167,0.049936438,4.45340711,0.026750231,0.000619306,0.920595021,43.1938791,0.852413793
4798,OK,,229.473684,9.10809474,148,123.6,148,57.8870019,0.02699744,5.60674825,0.033330899,0.000330184,0.902676844,100.946419,0.835135135
4799,OK,,229.473684,9.10809474,151,123.6,151,59.0603871,0.016410443,6.71757602,0.039524538,0.000197916,0.885981335,199.703995,0.818543046
4800,OK,,229.473684,9.10809474,154,123.6,154,60.2337722,0.009844101,7.97954335,0.046442627,0.000117052,0.867360334,396.768486,0.802597403
4801,OK,,229.473684,9.10809474,157,123.6,157,61.4071574,0.006481861,9.1746561,0.052829729,7.60E-05,0.850487494,695.126335,0.787261146
4802,OK,,229.473684,9.10809474,160,123.6,160,62.5805426,0.004613803,10.3529624,0.058980743,5.34E-05,0.834492067,1105.54023,0.7725
4803,OK,,229.473684,9.59714211,121,123.6,121,47.3265353,2.83633781,0.425372812,0.002706457,0.03729478,0.931080723,0.07256932,1.0214876
4804,OK,,229.473684,9.59714211,124,123.6,124,48.4999205,2.30691547,0.527774639,0.0033394,0.030226639,0.941552685,0.110478714,0.996774194
4805,OK,,229.473684,9.59714211,127,123.6,127,49.6733057,1.79275251,0.667760528,0.004200315,0.023396625,0.95046609,0.179526551,0.973228346
4806,OK,,229.473684,9.59714211,130,123.6,130,50.8466908,1.3051618,0.865059428,0.005407229,0.016954508,0.957318339,0.31892575,0.950769231
4807,OK,,229.473684,9.59714211,133,123.6,133,52.020076,0.867380715,1.15295492,0.007157937,0.011203239,0.961162386,0.638916742,0.929323308
4808,OK,,229.473684,9.59714211,136,123.6,136,53.1934612,0.500825434,1.59940126,0.009855529,0.006422064,0.960517202,1.53463589,0.908823529
4809,OK,,229.473684,9.59714211,139,123.6,139,54.3668464,0.250039613,2.27762352,0.013917211,0.003175702,0.95350727,4.38240482,0.889208633
4810,OK,,229.473684,9.59714211,142,123.6,142,55.5402315,0.117394596,3.19343573,0.019332235,0.001473398,0.940388611,13.1208474,0.870422535
4811,OK,,229.473684,9.59714211,145,123.6,145,56.7136167,0.054977557,4.3253193,0.025903969,0.000679861,0.922764635,38.1018857,0.852413793
4812,OK,,229.473684,9.59714211,148,123.6,148,57.8870019,0.030732722,5.40771156,0.032082101,0.000375416,0.906050683,85.4574302,0.835135135
4813,OK,,229.473684,9.59714211,151,123.6,151,59.0603871,0.017893408,6.57305525,0.038590779,0.000215538,0.888403226,179.043562,0.818543046
4814,OK,,229.473684,9.59714211,154,123.6,154,60.2337722,0.010376818,7.8844881,0.045785076,0.000123226,0.868929595,371.553413,0.802597403
4815,OK,,229.473684,9.59714211,157,123.6,157,61.4071574,0.007241948,8.95257279,0.051457078,8.48E-05,0.854091687,606.630579,0.787261146
4816,OK,,229.473684,9.59714211,160,123.6,160,62.5805426,0.004879283,10.1747759,0.057854462,5.64E-05,0.83733514,1026.52781,0.7725
4817,OK,,229.473684,10.0861895,121,123.6,121,47.3265353,2.93600606,0.415013883,0.002632381,0.038475626,0.929193635,0.068416844,1.0214876
4818,OK,,229.473684,10.0861895,124,123.6,124,48.4999205,2.40171681,0.513787022,0.003241044,0.031366746,0.93988642,0.103327386,0.996774194
4819,OK,,229.473684,10.0861895,127,123.6,127,49.6733057,1.88777528,0.646527643,0.004054639,0.024556751,0.948980586,0.165113026,0.973228346
4820,OK,,229.473684,10.0861895,130,123.6,130,50.8466908,1.40016517,0.830934078,0.005178879,0.018130967,0.956121053,0.285637197,0.950769231
4821,OK,,229.473684,10.0861895,133,123.6,133,52.020076,0.941342327,1.10563082,0.006845067,0.012125071,0.960650324,0.564538301,0.929323308
4822,OK,,229.473684,10.0861895,136,123.6,136,53.1934612,0.564507382,1.51477174,0.009309569,0.007220561,0.960911001,1.2893138,0.908823529
4823,OK,,229.473684,10.0861895,139,123.6,139,54.3668464,0.289169783,2.15004782,0.013105765,0.003665369,0.955134098,3.57556508,0.889208633
4824,OK,,229.473684,10.0861895,142,123.6,142,55.5402315,0.13762864,3.0202494,0.018242926,0.001724619,0.943142512,10.5779483,0.870422535
4825,OK,,229.473684,10.0861895,145,123.6,145,56.7136167,0.06768404,4.05353586,0.024246189,0.00083719,0.927332797,28.9613854,0.852413793
4826,OK,,229.473684,10.0861895,148,123.6,148,57.8870019,0.035347854,5.19749982,0.030772749,0.00043127,0.909602372,71.3538257,0.835135135
4827,OK,,229.473684,10.0861895,151,123.6,151,59.0603871,0.020152553,6.37340876,0.037343998,0.000242471,0.891745354,154.013989,0.818543046
4828,OK,,229.473684,10.0861895,154,123.6,154,60.2337722,0.012456724,7.54438699,0.043744406,0.000147799,0.874541417,295.97314,0.802597403
4829,OK,,229.473684,10.0861895,157,123.6,157,61.4071574,0.007995911,8.75718627,0.050238052,9.36E-05,0.857261229,536.990142,0.787261146
4830,OK,,229.473684,10.0861895,160,123.6,160,62.5805426,0.00545202,9.95225714,0.056489038,6.29E-05,0.840881706,897.905474,0.7725
4831,OK,,229.473684,10.5752368,121,123.6,121,47.3265353,3.03424166,0.405313012,0.002562915,0.03963066,0.927322914,0.064670018,1.0214876
4832,OK,,229.473684,10.5752368,124,123.6,124,48.4999205,2.49992444,0.500118114,0.003145239,0.032541646,0.938143351,0.096652717,0.996774194
4833,OK,,229.473684,10.5752368,127,123.6,127,49.6733057,1.98082421,0.627171507,0.003921604,0.025686237,0.947497037,0.152673344,0.973228346
4834,OK,,229.473684,10.5752368,130,123.6,130,50.8466908,1.48622403,0.802698718,0.004988444,0.019187383,0.954983841,0.259985638,0.950769231
4835,OK,,229.473684,10.5752368,133,123.6,133,52.020076,1.02820267,1.05562602,0.006517226,0.0132045,0.959941837,0.493560975,0.929323308
4836,OK,,229.473684,10.5752368,136,123.6,136,53.1934612,0.629865679,1.4396529,0.008824472,0.008036106,0.961094493,1.09810292,0.908823529
4837,OK,,229.473684,10.5752368,139,123.6,139,54.3668464,0.335702089,2.02293209,0.012300829,0.004246167,0.956616314,2.89692549,0.889208633
4838,OK,,229.473684,10.5752368,142,123.6,142,55.5402315,0.160767279,2.85646697,0.017214543,0.002011253,0.945674799,8.55911223,0.870422535
4839,OK,,229.473684,10.5752368,145,123.6,145,56.7136167,0.077748333,3.87892904,0.023151331,0.000960347,0.930234085,24.1072574,0.852413793
4840,OK,,229.473684,10.5752368,148,123.6,148,57.8870019,0.039269007,5.04275944,0.029781114,0.000478111,0.912207779,62.2890733,0.835135135
4841,OK,,229.473684,10.5752368,151,123.6,151,59.0603871,0.023013999,6.15283715,0.03598174,0.000276585,0.895431584,130.093085,0.818543046
4842,OK,,229.473684,10.5752368,154,123.6,154,60.2337722,0.013868911,7.3466814,0.042514825,0.000164371,0.877800277,258.65237,0.802597403
4843,OK,,229.473684,10.5752368,157,123.6,157,61.4071574,0.008950782,8.5353462,0.048875782,0.000104618,0.860858288,467.183077,0.787261146
4844,OK,,229.473684,10.5752368,160,123.6,160,62.5805426,0.00604984,9.75874257,0.055287142,6.97E-05,0.843964402,792.793943,0.7725
4845,OK,,229.473684,11.0642842,121,123.6,121,47.3265353,3.13407052,0.395920377,0.002495793,0.040797357,0.925412015,0.061175361,1.0214876
4846,OK,,229.473684,11.0642842,124,123.6,124,48.4999205,2.59543279,0.487446545,0.003056263,0.033675219,0.936435373,0.090757026,0.996774194
4847,OK,,229.473684,11.0642842,127,123.6,127,49.6733057,2.07556576,0.608693385,0.003794751,0.026828638,0.945961737,0.141444035,0.973228346
4848,OK,,229.473684,11.0642842,130,123.6,130,50.8466908,1.57497396,0.775759701,0.004807067,0.020270972,0.953768207,0.237140446,0.950769231
4849,OK,,229.473684,11.0642842,133,123.6,133,52.020076,1.10786678,1.01449449,0.006245749,0.014186962,0.959201112,0.440245728,0.929323308
4850,OK,,229.473684,11.0642842,136,123.6,136,53.1934612,0.700053244,1.36920918,0.008370299,0.008908134,0.961099309,0.939624273,0.908823529
4851,OK,,229.473684,11.0642842,139,123.6,139,54.3668464,0.382917823,1.91395411,0.0116092,0.004832946,0.957752342,2.40209591,0.889208633
4852,OK,,229.473684,11.0642842,142,123.6,142,55.5402315,0.187684005,2.6971232,0.01621712,0.002343958,0.948059143,6.91869052,0.870422535
4853,Errors,,229.473684,11.0642842,145,123.6,145,56.7136167,0.051037497,5.80715227,0.03426495,0.000622344,0.896705763,55.0579203,0.852413793
4854,OK,,229.473684,11.0642842,148,123.6,148,57.8870019,0.044600164,4.85822236,0.028627036,0.000542156,0.915303568,52.8021864,0.835135135
4855,OK,,229.473684,11.0642842,151,123.6,151,59.0603871,0.025873112,5.96351296,0.034803651,0.000310577,0.898588777,112.061384,0.818543046
4856,OK,,229.473684,11.0642842,154,123.6,154,60.2337722,0.01558346,7.14090008,0.041244081,0.000184485,0.881188189,223.563172,0.802597403
4857,OK,,229.473684,11.0642842,157,123.6,157,61.4071574,0.009960006,8.32766266,0.047597052,0.00011629,0.864223927,409.297934,0.787261146
4858,OK,,229.473684,11.0642842,160,123.6,160,62.5805426,0.006556734,9.55912343,0.054053245,7.55E-05,0.847146097,715.98972,0.7725
4859,OK,,229.473684,11.5533316,121,123.6,121,47.3265353,3.23122737,0.387046368,0.002432353,0.04192372,0.923546617,0.058018538,1.0214876
4860,OK,,229.473684,11.5533316,124,123.6,124,48.4999205,2.69351747,0.475097476,0.00296981,0.034833236,0.934667626,0.085257944,0.996774194
4861,OK,,229.473684,11.5533316,127,123.6,127,49.6733057,2.17212101,0.591028095,0.003673669,0.027986256,0.944373561,0.131266886,0.973228346
4862,OK,,229.473684,11.5533316,130,123.6,130,50.8466908,1.66575495,0.750214085,0.004635298,0.021373266,0.952485226,0.216873649,0.950769231
4863,OK,,229.473684,11.5533316,133,123.6,133,52.020076,1.197314,0.972522794,0.005970511,0.015286175,0.958288473,0.390582414,0.929323308
4864,OK,,229.473684,11.5533316,136,123.6,136,53.1934612,0.773160474,1.30477103,0.007954974,0.00981211,0.960936336,0.8107302,0.908823529
4865,OK,,229.473684,11.5533316,139,123.6,139,54.3668464,0.43474748,1.8128708,0.010968379,0.005474731,0.958658292,2.00345535,0.889208633
4866,OK,,229.473684,11.5533316,142,123.6,142,55.5402315,0.216786644,2.55455554,0.015324114,0.002702628,0.950102077,5.67007989,0.870422535
4867,OK,,229.473684,11.5533316,145,123.6,145,56.7136167,0.105659699,3.5003459,0.020802175,0.001301337,0.936417287,15.9852278,0.852413793
4868,OK,,229.473684,11.5533316,148,123.6,148,57.8870019,0.053506195,4.59975673,0.027066021,0.000650362,0.919614719,41.6168689,0.835135135
4869,OK,,229.473684,11.5533316,151,123.6,151,59.0603871,0.029609168,5.7453113,0.033464772,0.000355012,0.902220071,94.263825,0.818543046
4870,OK,,229.473684,11.5533316,154,123.6,154,60.2337722,0.017576952,6.9276355,0.039935796,0.000207855,0.884695708,192.132842,0.802597403
4871,OK,,229.473684,11.5533316,157,123.6,157,61.4071574,0.011093152,8.12064006,0.046326364,0.000129381,0.867576785,358.061481,0.787261146
4872,OK,,229.473684,11.5533316,160,123.6,160,62.5805426,0.007347981,9.32063837,0.052615913,8.45E-05,0.850944304,622.460556,0.7725
4873,OK,,229.473684,12.0423789,121,123.6,121,47.3265353,3.33260546,0.378354457,0.002370396,0.043093575,0.921588177,0.055005789,1.0214876
4874,OK,,229.473684,12.0423789,124,123.6,124,48.4999205,2.7929685,0.463225827,0.00288682,0.036000045,0.932861862,0.080189347,0.996774194
4875,OK,,229.473684,12.0423789,127,123.6,127,49.6733057,2.26589584,0.575038822,0.003563675,0.029101848,0.942807618,0.12245527,0.973228346
4876,OK,,229.473684,12.0423789,130,123.6,130,50.8466908,1.7575268,0.726235025,0.004474112,0.022480808,0.951151948,0.199019197,0.950769231
4877,OK,,229.473684,12.0423789,133,123.6,133,52.020076,1.2764286,0.938854782,0.005747609,0.016249905,0.957414838,0.353701077,0.929323308
4878,OK,,229.473684,12.0423789,136,123.6,136,53.1934612,0.846270819,1.24772099,0.007586597,0.010711113,0.960634413,0.708292143,0.908823529
4879,OK,,229.473684,12.0423789,139,123.6,139,54.3668464,0.491947847,1.7174589,0.010364817,0.006180697,0.959361138,1.67696565,0.889208633
4880,OK,,229.473684,12.0423789,142,123.6,142,55.5402315,0.253226371,2.40572507,0.014397761,0.003150943,0.952125669,4.5693503,0.870422535
4881,OK,,229.473684,12.0423789,145,123.6,145,56.7136167,0.121955476,3.33276306,0.019762783,0.001499837,0.939084849,13.1766204,0.852413793
4882,OK,,229.473684,12.0423789,148,123.6,148,57.8870019,0.061855014,4.39971985,0.025835572,0.000750865,0.922926137,34.4077586,0.835135135
4883,OK,,229.473684,12.0423789,151,123.6,151,59.0603871,0.034149031,5.52267941,0.032106109,0.00040898,0.905912766,78.5029678,0.818543046
4884,OK,,229.473684,12.0423789,154,123.6,154,60.2337722,0.020063724,6.69566422,0.038526786,0.000237005,0.888505606,162.556904,0.802597403
4885,OK,,229.473684,12.0423789,157,123.6,157,61.4071574,0.012393552,7.90908184,0.045035147,0.000144392,0.87100078,311.893971,0.787261146
4886,OK,,229.473684,12.0423789,160,123.6,160,62.5805426,0.008209066,9.1019867,0.051289002,9.43E-05,0.854424468,543.675714,0.7725
4887,OK,,229.473684,12.5314263,121,123.6,121,47.3265353,3.43391208,0.371278892,0.002318911,0.044255177,0.919597094,0.052398648,1.0214876
4888,OK,,229.473684,12.5314263,124,123.6,124,48.4999205,2.89011673,0.452227766,0.002809774,0.037131513,0.931085567,0.075670882,0.996774194
4889,OK,,229.473684,12.5314263,127,123.6,127,49.6733057,2.3617161,0.559492142,0.003457057,0.030235658,0.941191588,0.114337082,0.973228346
4890,OK,,229.473684,12.5314263,130,123.6,130,50.8466908,1.8520412,0.703214774,0.004319716,0.023615566,0.949745875,0.182918182,0.950769231
4891,OK,,229.473684,12.5314263,133,123.6,133,52.020076,1.36530297,0.904001928,0.005518636,0.017329326,0.956376363,0.318456489,0.929323308
4892,OK,,229.473684,12.5314263,136,123.6,136,53.1934612,0.924461396,1.1932086,0.007235489,0.011668505,0.96018928,0.620087099,0.908823529
4893,OK,,229.473684,12.5314263,139,123.6,139,54.3668464,0.555203452,1.62682023,0.009792772,0.006958479,0.95986481,1.40731504,0.889208633
4894,OK,,229.473684,12.5314263,142,123.6,142,55.5402315,0.288425917,2.28601416,0.013648577,0.003582156,0.953647293,3.81015649,0.870422535
4895,OK,,229.473684,12.5314263,145,123.6,145,56.7136167,0.141785624,3.16377488,0.018719391,0.001741019,0.94171487,10.7519711,0.852413793
4896,OK,,229.473684,12.5314263,148,123.6,148,57.8870019,0.071003323,4.21504498,0.024699137,0.000860781,0.925958364,28.693875,0.835135135
4897,OK,,229.473684,12.5314263,151,123.6,151,59.0603871,0.038218175,5.3491272,0.031031831,0.000457136,0.908782423,67.8830902,0.818543046
4898,OK,,229.473684,12.5314263,154,123.6,154,60.2337722,0.021864554,6.54772884,0.037585088,0.000257786,0.890931729,145.799503,0.802597403
4899,OK,,229.473684,12.5314263,157,123.6,157,61.4071574,0.013903104,7.68992923,0.043706255,0.000161808,0.874545042,270.111049,0.787261146
4900,OK,,229.473684,12.5314263,160,123.6,160,62.5805426,0.009084785,8.89124688,0.050010042,0.000104294,0.857777972,479.511916,0.7725
4901,OK,,229.473684,13.0204737,121,123.6,121,47.3265353,3.53594041,0.363306984,0.002262144,0.045417275,0.917609701,0.049808007,1.0214876
4902,OK,,229.473684,13.0204737,124,123.6,124,48.4999205,2.98969081,0.441744848,0.002736342,0.038284677,0.929248633,0.071473568,0.996774194
4903,OK,,229.473684,13.0204737,127,123.6,127,49.6733057,2.45779427,0.544791045,0.003356228,0.031365343,0.939553342,0.107004359,0.973228346
4904,OK,,229.473684,13.0204737,130,123.6,130,50.8466908,1.94477427,0.682176913,0.004178322,0.024721073,0.948335848,0.169018616,0.950769231
4905,OK,,229.473684,13.0204737,133,123.6,133,52.020076,1.45300601,0.872462942,0.005311053,0.018387607,0.955296702,0.288838743,0.929323308
4906,OK,,229.473684,13.0204737,136,123.6,136,53.1934612,1.0057312,1.1424762,0.006908981,0.012658537,0.959615198,0.54579615,0.908823529
4907,OK,,229.473684,13.0204737,139,123.6,139,54.3668464,0.621497869,1.54479582,0.009275041,0.007769928,0.960154141,1.19370999,0.889208633
4908,OK,,229.473684,13.0204737,142,123.6,142,55.5402315,0.334246397,2.15369752,0.012828018,0.004142684,0.955204654,3.09654774,0.870422535
4909,OK,,229.473684,13.0204737,145,123.6,145,56.7136167,0.163980037,3.00368157,0.017732487,0.002010324,0.944146366,8.82070939,0.852413793
4910,OK,,229.473684,13.0204737,148,123.6,148,57.8870019,0.082247584,4.02308569,0.023525088,0.000995748,0.929080223,23.6255332,0.835135135
4911,OK,,229.473684,13.0204737,151,123.6,151,59.0603871,0.04392653,5.13766306,0.029746047,0.000524781,0.912266244,56.6827919,0.818543046
4912,OK,,229.473684,13.0204737,154,123.6,154,60.2337722,0.025296693,6.29990323,0.03610719,0.000298136,0.894989145,121.10971,0.802597403
4913,OK,,229.473684,13.0204737,157,123.6,157,61.4071574,0.015530419,7.4827562,0.04244832,0.000180551,0.877892302,235.103702,0.787261146
4914,OK,,229.473684,13.0204737,160,123.6,160,62.5805426,0.010196063,8.66285091,0.048636605,0.000116929,0.861409847,415.951412,0.7725
4915,OK,,229.473684,13.5095211,121,123.6,121,47.3265353,3.63312621,0.35619901,0.002211104,0.046513438,0.915706375,0.047536889,1.0214876
4916,OK,,229.473684,13.5095211,124,123.6,124,48.4999205,3.0882365,0.431670486,0.002665868,0.039417703,0.927424479,0.067631237,0.996774194
4917,OK,,229.473684,13.5095211,127,123.6,127,49.6733057,2.55078971,0.531353664,0.003263766,0.03245008,0.937951716,0.100578063,0.973228346
4918,OK,,229.473684,13.5095211,130,123.6,130,50.8466908,2.03713989,0.662823502,0.004047999,0.025815095,0.946899919,0.156807447,0.950769231
4919,OK,,229.473684,13.5095211,133,123.6,133,52.020076,1.54441685,0.842131795,0.00511189,0.019485017,0.954122546,0.26234979,0.929323308
4920,OK,,229.473684,13.5095211,136,123.6,136,53.1934612,1.08588983,1.09741424,0.00661833,0.01362918,0.958955405,0.485600024,0.908823529
4921,OK,,229.473684,13.5095211,139,123.6,139,54.3668464,0.685702794,1.47538223,0.008835201,0.008551431,0.960249947,1.03318395,0.889208633
4922,OK,,229.473684,13.5095211,142,123.6,142,55.5402315,0.381011825,2.04069305,0.012125425,0.004712395,0.956397285,2.57309158,0.870422535
4923,OK,,229.473684,13.5095211,145,123.6,145,56.7136167,0.191632476,2.83684975,0.016710375,0.002345371,0.946600439,7.12483265,0.852413793
4924,OK,,229.473684,13.5095211,148,123.6,148,57.8870019,0.09514345,3.8347736,0.022376816,0.001150279,0.932110544,19.453384,0.835135135
4925,OK,,229.473684,13.5095211,151,123.6,151,59.0603871,0.050947491,4.93192742,0.028493307,0.000607846,0.915630846,46.8758442,0.818543046
4926,OK,,229.473684,13.5095211,154,123.6,154,60.2337722,0.028702415,6.10148252,0.034897153,0.00033786,0.89822678,103.288809,0.802597403
4927,OK,,229.473684,13.5095211,157,123.6,157,61.4071574,0.017502682,7.27537037,0.041190808,0.000203249,0.88123741,202.661627,0.787261146
4928,OK,,229.473684,13.5095211,160,123.6,160,62.5805426,0.011319814,8.45400876,0.047376932,0.00012968,0.864729064,365.336816,0.7725
4929,OK,,229.473684,13.9985684,121,123.6,121,47.3265353,3.72609756,0.349567382,0.002163343,0.047552358,0.913882034,0.045493927,1.0214876
4930,OK,,229.473684,13.9985684,124,123.6,124,48.4999205,3.18284622,0.422471352,0.002601223,0.040496163,0.925663433,0.064233825,0.996774194
4931,OK,,229.473684,13.9985684,127,123.6,127,49.6733057,2.65111158,0.517553567,0.003169563,0.03361666,0.9362099,0.094285486,0.973228346
4932,OK,,229.473684,13.9985684,130,123.6,130,50.8466908,2.13123412,0.644023931,0.003921772,0.026923423,0.945419102,0.145663939,0.950769231
4933,OK,,229.473684,13.9985684,133,123.6,133,52.020076,1.63737707,0.813630389,0.004924875,0.020594706,0.952883432,0.239133069,0.929323308
4934,OK,,229.473684,13.9985684,136,123.6,136,53.1934612,1.16873262,1.05512601,0.006345854,0.014627305,0.958193008,0.433836189,0.908823529
4935,OK,,229.473684,13.9985684,139,123.6,139,54.3668464,0.762150028,1.40247444,0.008376655,0.009479457,0.960184844,0.883663972,0.889208633
4936,OK,,229.473684,13.9985684,142,123.6,142,55.5402315,0.431182716,1.93628213,0.011474921,0.005319255,0.957373875,2.1572421,0.870422535
4937,OK,,229.473684,13.9985684,145,123.6,145,56.7136167,0.220234136,2.69246382,0.015823729,0.002690779,0.948641999,5.88072329,0.852413793
4938,OK,,229.473684,13.9985684,148,123.6,148,57.8870019,0.110488839,3.6590494,0.02129999,0.001333464,0.934881094,15.9734315,0.835135135
4939,OK,,229.473684,13.9985684,151,123.6,151,59.0603871,0.058568056,4.72771075,0.027259014,0.000697903,0.918959576,39.0584548,0.818543046
4940,OK,,229.473684,13.9985684,154,123.6,154,60.2337722,0.032539932,5.89294189,0.03363931,0.000382593,0.901625258,87.924436,0.802597403
4941,OK,,229.473684,13.9985684,157,123.6,157,61.4071574,0.019558387,7.07250936,0.039965799,0.000226869,0.884507474,176.162624,0.787261146
4942,OK,,229.473684,13.9985684,160,123.6,160,62.5805426,0.012486986,8.26007163,0.046203051,0.000142899,0.867809414,323.326523,0.7725
4943,OK,,229.473684,14.4876158,121,123.6,121,47.3265353,3.82845862,0.342495547,0.002113089,0.048695783,0.911868593,0.043393685,1.0214876
4944,OK,,229.473684,14.4876158,124,123.6,124,48.4999205,3.28811733,0.412607609,0.002532802,0.041694946,0.923696268,0.06074602,0.996774194
4945,OK,,229.473684,14.4876158,127,123.6,127,49.6733057,2.74928051,0.504906294,0.003082949,0.034749568,0.934488217,0.088719069,0.973228346
4946,OK,,229.473684,14.4876158,130,123.6,130,50.8466908,2.22939651,0.625564206,0.003798278,0.028073947,0.943851593,0.135295488,0.950769231
4947,OK,,229.473684,14.4876158,133,123.6,133,52.020076,1.72390733,0.78907563,0.004762733,0.021619217,0.951692055,0.220300909,0.929323308
4948,Errors,,229.473684,14.4876158,136,123.6,136,53.1934612,1.21963288,1.02739729,0.00615883,0.01524136,0.957757399,0.404086665,0.908823529
4949,OK,,229.473684,14.4876158,139,123.6,139,54.3668464,0.832102864,1.34365358,0.008004181,0.010322912,0.959980087,0.775380213,0.889208633
4950,OK,,229.473684,14.4876158,142,123.6,142,55.5402315,0.480579571,1.84708059,0.010920882,0.005918212,0.958090557,1.84530074,0.870422535
4951,OK,,229.473684,14.4876158,145,123.6,145,56.7136167,0.256379184,2.55307017,0.014966634,0.003126163,0.950462525,4.78754048,0.852413793
4952,OK,,229.473684,14.4876158,148,123.6,148,57.8870019,0.128332774,3.47632705,0.020195196,0.001546854,0.937729374,13.0556613,0.835135135
4953,OK,,229.473684,14.4876158,151,123.6,151,59.0603871,0.066170067,4.55382961,0.026201822,0.000787478,0.921774985,33.2730945,0.818543046
4954,OK,,229.473684,14.4876158,154,123.6,154,60.2337722,0.037001854,5.68383996,0.032382899,0.000434551,0.905022687,74.5203392,0.802597403
4955,OK,,229.473684,14.4876158,157,123.6,157,61.4071574,0.02213143,6.84941131,0.038633977,0.000256441,0.888098667,150.654458,0.787261146
4956,OK,,229.473684,14.4876158,160,123.6,160,62.5805426,0.014004013,8.03524271,0.044864772,0.000160094,0.871377805,280.240077,0.7725
4957,OK,,229.473684,14.9766632,121,123.6,121,47.3265353,3.93802242,0.335205119,0.002061747,0.049916519,0.909707577,0.041303907,1.0214876
4958,OK,,229.473684,14.9766632,124,123.6,124,48.4999205,3.38386219,0.404112621,0.00247322,0.042772412,0.921897299,0.05782278,0.996774194
4959,OK,,229.473684,14.9766632,127,123.6,127,49.6733057,2.84202717,0.493482997,0.003004322,0.035810253,0.932851053,0.083895572,0.973228346
4960,OK,,229.473684,14.9766632,130,123.6,130,50.8466908,2.30513208,0.612227402,0.003706657,0.028946837,0.942624398,0.128050499,0.950769231
4961,OK,,229.473684,14.9766632,133,123.6,133,52.020076,1.81767772,0.764187373,0.004599414,0.022725373,0.95036791,0.202391151,0.929323308
4962,OK,,229.473684,14.9766632,136,123.6,136,53.1934612,1.33977422,0.97898158,0.005855529,0.01667143,0.956409007,0.351231338,0.908823529
4963,OK,,229.473684,14.9766632,139,123.6,139,54.3668464,0.908734684,1.28592948,0.007640046,0.011243389,0.959632307,0.679514518,0.889208633
4964,OK,,229.473684,14.9766632,142,123.6,142,55.5402315,0.550244207,1.74925395,0.010314347,0.006758339,0.958597613,1.52616596,0.870422535
4965,OK,,229.473684,14.9766632,145,123.6,145,56.7136167,0.293459647,2.42198454,0.014165241,0.003571592,0.952120067,3.96608585,0.852413793
4966,OK,,229.473684,14.9766632,148,123.6,148,57.8870019,0.147085598,3.31657336,0.019225271,0.001770217,0.940165169,10.8604016,0.835135135
4967,OK,,229.473684,14.9766632,151,123.6,151,59.0603871,0.0759889,4.35859931,0.02502773,0.000903162,0.924914339,27.7112168,0.818543046
4968,OK,,229.473684,14.9766632,154,123.6,154,60.2337722,0.041746638,5.49125789,0.031223648,0.000489693,0.908141159,63.7616733,0.802597403
4969,OK,,229.473684,14.9766632,157,123.6,157,61.4071574,0.024994245,6.63025775,0.03732864,0.000289301,0.891620907,129.030451,0.787261146
4970,OK,,229.473684,14.9766632,160,123.6,160,62.5805426,0.015533317,7.83277436,0.043652795,0.000177388,0.874588692,246.086824,0.7725
4971,OK,,229.473684,15.4657105,121,123.6,121,47.3265353,4.0365813,0.327714637,0.002009549,0.050999462,0.90778332,0.039403343,1.0214876
4972,OK,,229.473684,15.4657105,124,123.6,124,48.4999205,3.48570845,0.395423036,0.002412754,0.043914973,0.919976539,0.054941497,0.996774194
4973,OK,,229.473684,15.4657105,127,123.6,127,49.6733057,2.94470275,0.481367633,0.00292187,0.036982487,0.931027937,0.079006843,0.973228346
4974,OK,,229.473684,15.4657105,130,123.6,130,50.8466908,2.41715411,0.593255232,0.003581255,0.030250152,0.94079439,0.118388004,0.950769231
4975,OK,,229.473684,15.4657105,133,123.6,133,52.020076,1.91073825,0.741477315,0.004450053,0.02381605,0.949015538,0.186851017,0.929323308
4976,OK,,229.473684,15.4657105,136,123.6,136,53.1934612,1.42700099,0.944885496,0.005635985,0.01770517,0.955410187,0.318324271,0.908823529
4977,OK,,229.473684,15.4657105,139,123.6,139,54.3668464,0.986644228,1.24046535,0.007348609,0.012172641,0.95903552,0.603698786,0.889208633
4978,OK,,229.473684,15.4657105,142,123.6,142,55.5402315,0.61217492,1.6668454,0.009803683,0.007501157,0.958966316,1.30695618,0.870422535
4979,OK,,229.473684,15.4657105,145,123.6,145,56.7136167,0.333317516,2.30133547,0.013428043,0.004048851,0.953544613,3.31650681,0.852413793
4980,OK,,229.473684,15.4657105,148,123.6,148,57.8870019,0.170727252,3.14400192,0.018185823,0.002051518,0.942737937,8.86457068,0.835135135
4981,OK,,229.473684,15.4657105,151,123.6,151,59.0603871,0.089292449,4.13971563,0.0237241,0.00105988,0.928395185,22.3837573,0.818543046
4982,OK,,229.473684,15.4657105,154,123.6,154,60.2337722,0.047483955,5.28902674,0.030014817,0.000556328,0.911403346,53.9516127,0.802597403
4983,OK,,229.473684,15.4657105,157,123.6,157,61.4071574,0.027896941,6.44120476,0.036193145,0.000322527,0.894652318,112.217357,0.787261146
4984,OK,,229.473684,15.4657105,160,123.6,160,62.5805426,0.017302411,7.62931816,0.042438596,0.000197363,0.877811533,215.027744,0.7725
4985,OK,,229.473684,15.9547579,121,123.6,121,47.3265353,4.14257943,0.32127063,0.001964016,0.0521625,0.905679762,0.037651882,1.0214876
4986,OK,,229.473684,15.9547579,124,123.6,124,48.4999205,3.58732365,0.386982765,0.002354166,0.045047544,0.918055403,0.052259582,0.996774194
4987,OK,,229.473684,15.9547579,127,123.6,127,49.6733057,3.04409116,0.470241742,0.002845908,0.038108242,0.929251077,0.074679583,0.973228346
4988,OK,,229.473684,15.9547579,130,123.6,130,50.8466908,2.50451119,0.57951363,0.00348823,0.031250362,0.939346597,0.111622051,0.950769231
4989,OK,,229.473684,15.9547579,133,123.6,133,52.020076,1.99511323,0.721969704,0.004320748,0.024795913,0.94776857,0.174252421,0.929323308
4990,OK,,229.473684,15.9547579,136,123.6,136,53.1934612,1.51636887,0.917968057,0.005459109,0.018756352,0.954236162,0.29105386,0.908823529
4991,OK,,229.473684,15.9547579,139,123.6,139,54.3668464,1.06947564,1.1896987,0.007029078,0.013157938,0.958445735,0.534208149,0.889208633
4992,OK,,229.473684,15.9547579,142,123.6,142,55.5402315,0.674436623,1.59397899,0.00935133,0.00824441,0.959157253,1.13426301,0.870422535
4993,OK,,229.473684,15.9547579,145,123.6,145,56.7136167,0.384461416,2.17041541,0.012634691,0.004660325,0.954951263,2.71111825,0.852413793
4994,OK,,229.473684,15.9547579,148,123.6,148,57.8870019,0.197325448,2.98167343,0.017209386,0.002367273,0.945082682,7.26971075,0.835135135
4995,OK,,229.473684,15.9547579,151,123.6,151,59.0603871,0.099816608,3.99038514,0.022819157,0.001183191,0.930745429,19.2861195,0.818543046
4996,OK,,229.473684,15.9547579,154,123.6,154,60.2337722,0.054713316,5.0703939,0.028719347,0.000640276,0.914913062,44.8546602,0.802597403
4997,OK,,229.473684,15.9547579,157,123.6,157,61.4071574,0.031288344,6.23252114,0.034954197,0.000361333,0.89799545,96.7366774,0.787261146
4998,OK,,229.473684,15.9547579,160,123.6,160,62.5805426,0.0193772,7.41348523,0.041163648,0.000220813,0.881227261,186.418187,0.7725
4999,OK,,229.473684,16.4438053,121,123.6,121,47.3265353,4.24105617,0.315567163,0.001923301,0.053229739,0.903719482,0.036132075,1.0214876
5000,OK,,229.473684,16.4438053,124,123.6,124,48.4999205,3.68793082,0.380378864,0.002307048,0.046160374,0.916117188,0.04997897,0.996774194
5001,OK,,229.473684,16.4438053,127,123.6,127,49.6733057,3.14504868,0.459712872,0.00277396,0.03924486,0.927430609,0.070683391,0.973228346
5002,OK,,229.473684,16.4438053,130,123.6,130,50.8466908,2.6111434,0.563433029,0.003381533,0.032473301,0.937565722,0.104132728,0.950769231
5003,OK,,229.473684,16.4438053,133,123.6,133,52.020076,2.09859986,0.699299154,0.004173116,0.025998212,0.946215015,0.16051549,0.929323308
5004,OK,,229.473684,16.4438053,136,123.6,136,53.1934612,1.60550796,0.888086924,0.005266788,0.019800639,0.953122154,0.265990814,0.908823529
5005,OK,,229.473684,16.4438053,139,123.6,139,54.3668464,1.14592082,1.14728916,0.006760381,0.014060658,0.957819698,0.480801159,0.889208633
5006,OK,,229.473684,16.4438053,142,123.6,142,55.5402315,0.739029971,1.52684221,0.00893457,0.009012066,0.959203048,0.991400914,0.870422535
5007,OK,,229.473684,16.4438053,145,123.6,145,56.7136167,0.432101892,2.06621563,0.01199935,0.005226946,0.955948542,2.29567156,0.852413793
5008,OK,,229.473684,16.4438053,148,123.6,148,57.8870019,0.226177632,2.83333601,0.016316994,0.002708825,0.947146794,6.02364364,0.835135135
5009,OK,,229.473684,16.4438053,151,123.6,151,59.0603871,0.114746448,3.8064892,0.021722582,0.001358268,0.933606333,15.9928556,0.818543046
5010,OK,,229.473684,16.4438053,154,123.6,154,60.2337722,0.061181313,4.90199088,0.027708021,0.00071506,0.917601505,38.7492431,0.802597403
5011,OK,,229.473684,16.4438053,157,123.6,157,61.4071574,0.035270795,6.03971305,0.033803215,0.000406757,0.901070427,83.1042999,0.787261146
5012,OK,,229.473684,16.4438053,160,123.6,160,62.5805426,0.02166302,7.20490977,0.039931296,0.000246595,0.884523648,161.930629,0.7725
5013,OK,,229.473684,16.9328526,121,123.6,121,47.3265353,4.34113419,0.309977077,0.001883504,0.054308436,0.901722971,0.034681615,1.0214876
5014,OK,,229.473684,16.9328526,124,123.6,124,48.4999205,3.78796265,0.3729142,0.002255005,0.04725914,0.914208584,0.047715741,0.996774194
5015,OK,,229.473684,16.9328526,127,123.6,127,49.6733057,3.24234665,0.449861405,0.002706523,0.040331058,0.925670176,0.067107652,0.973228346
5016,OK,,229.473684,16.9328526,130,123.6,130,50.8466908,2.70736221,0.549802933,0.003290174,0.033564973,0.935941453,0.098024026,0.950769231
5017,OK,,229.473684,16.9328526,133,123.6,133,52.020076,2.19209176,0.684119154,0.004070125,0.027070658,0.944709598,0.150351909,0.929323308
5018,OK,,229.473684,16.9328526,136,123.6,136,53.1934612,1.69481136,0.860287316,0.005087791,0.02084067,0.951965926,0.244127998,0.908823529
5019,OK,,229.473684,16.9328526,139,123.6,139,54.3668464,1.23210036,1.10349526,0.00648486,0.015075179,0.957040075,0.430167995,0.889208633
5020,OK,,229.473684,16.9328526,142,123.6,142,55.5402315,0.818184371,1.45360544,0.008484221,0.00995076,0.959096501,0.852620418,0.870422535
5021,OK,,229.473684,16.9328526,145,123.6,145,56.7136167,0.488602785,1.95951624,0.011352533,0.005897265,0.956833664,1.92505058,0.852413793
5022,OK,,229.473684,16.9328526,148,123.6,148,57.8870019,0.257941351,2.69499636,0.015485474,0.003083847,0.948987897,5.0214802,0.835135135
5023,OK,,229.473684,16.9328526,151,123.6,151,59.0603871,0.131194182,3.63675362,0.020710256,0.001550731,0.936201776,13.3551553,0.818543046
5024,OK,,229.473684,16.9328526,154,123.6,154,60.2337722,0.069993024,4.70214854,0.026525943,0.000817024,0.920772992,32.4665378,0.802597403
5025,OK,,229.473684,16.9328526,157,123.6,157,61.4071574,0.039888676,5.8339791,0.032592971,0.000459594,0.904345551,70.9168985,0.787261146
5026,OK,,229.473684,16.9328526,160,123.6,160,62.5805426,0.024344991,6.98925606,0.038664892,0.000276826,0.88792681,139.672393,0.7725
5027,OK,,229.473684,17.4219,121,123.6,121,47.3265353,4.44885208,0.304133099,0.001842376,0.055468966,0.899570397,0.033214534,1.0214876
5028,OK,,229.473684,17.4219,124,123.6,124,48.4999205,3.88903238,0.365631277,0.002204369,0.048363657,0.912274832,0.045579049,0.996774194
5029,OK,,229.473684,17.4219,127,123.6,127,49.6733057,3.34186406,0.440201287,0.002640623,0.041437023,0.923861211,0.063726171,0.973228346
5030,OK,,229.473684,17.4219,130,123.6,130,50.8466908,2.80879752,0.536103625,0.0031989,0.034711792,0.934215952,0.092155997,0.950769231
5031,OK,,229.473684,17.4219,133,123.6,133,52.020076,2.28620576,0.665881605,0.003950411,0.028147475,0.943250999,0.140346912,0.929323308
5032,OK,,229.473684,17.4219,136,123.6,136,53.1934612,1.78691804,0.83354207,0.004915978,0.021908287,0.950737176,0.224388978,0.908823529
5033,OK,,229.473684,17.4219,139,123.6,139,54.3668464,1.31635209,1.06438354,0.006238231,0.016061151,0.95620979,0.38840501,0.889208633
5034,OK,,229.473684,17.4219,142,123.6,142,55.5402315,0.891735362,1.39330169,0.008111328,0.010817554,0.958857985,0.74983007,0.870422535
5035,OK,,229.473684,17.4219,145,123.6,145,56.7136167,0.544090478,1.86888349,0.010801105,0.006552638,0.957453358,1.64835984,0.852413793
5036,OK,,229.473684,17.4219,148,123.6,148,57.8870019,0.295941724,2.55376575,0.014641145,0.003531709,0.950771203,4.14562631,0.835135135
5037,OK,,229.473684,17.4219,151,123.6,151,59.0603871,0.153761373,3.44274786,0.019565431,0.001814777,0.939104543,10.7811752,0.818543046
5038,OK,,229.473684,17.4219,154,123.6,154,60.2337722,0.080377129,4.50195069,0.02534656,0.000937057,0.923924276,27.0490994,0.802597403
5039,OK,,229.473684,17.4219,157,123.6,157,61.4071574,0.045119383,5.63129117,0.031400354,0.000519266,0.907561092,60.470674,0.787261146
5040,OK,,229.473684,17.4219,160,123.6,160,62.5805426,0.027219968,6.78559946,0.037466388,0.000309146,0.891135181,121.192998,0.7725
5041,OK,,234.736842,8.13,121,123.6,121,47.3265353,2.5615224,0.498656224,0.003201967,0.034008609,0.935339052,0.094151654,1.0214876
5042,OK,,234.736842,8.13,124,123.6,124,48.4999205,2.04229741,0.623121268,0.003978224,0.027011853,0.945042824,0.14727698,0.996774194
5043,OK,,234.736842,8.13,127,123.6,127,49.6733057,1.54339049,0.794461941,0.00504112,0.020324349,0.952935437,0.248033521,0.973228346
5044,OK,,234.736842,8.13,130,123.6,130,50.8466908,1.08373123,1.03866453,0.006547331,0.014196235,0.958258921,0.461201897,0.950769231
5045,OK,,234.736842,8.13,133,123.6,133,52.020076,0.68105421,1.40127002,0.008769798,0.008863388,0.959970758,0.989440841,0.929323308
5046,OK,,234.736842,8.13,136,123.6,136,53.1934612,0.369496339,1.96034062,0.012170879,0.004768318,0.956200689,2.55244704,0.908823529
5047,OK,,234.736842,8.13,139,123.6,139,54.3668464,0.170483631,2.8157802,0.017318633,0.002175147,0.945071969,7.96205093,0.889208633
5048,OK,,234.736842,8.13,142,123.6,142,55.5402315,0.086336955,3.76497202,0.022941015,0.001088063,0.930657311,21.0842641,0.870422535
5049,OK,,234.736842,8.13,145,123.6,145,56.7136167,0.044307579,4.88101631,0.029439498,0.000550829,0.913154474,53.4458182,0.852413793
5050,OK,,234.736842,8.13,148,123.6,148,57.8870019,0.024968222,6.02932594,0.035987495,0.000306071,0.895411855,117.578729,0.835135135
5051,OK,,234.736842,8.13,151,123.6,151,59.0603871,0.015057033,7.20487189,0.042548924,0.000181977,0.877753444,233.815247,0.818543046
5052,OK,,234.736842,8.13,154,123.6,154,60.2337722,0.009558834,8.40564452,0.049104196,0.00011388,0.860290946,431.193199,0.802597403
5053,OK,,234.736842,8.13,157,123.6,157,61.4071574,0.006225917,9.66111506,0.055797824,7.31E-05,0.842569802,763.705917,0.787261146
5054,OK,,234.736842,8.13,160,123.6,160,62.5805426,0.00446781,10.7986564,0.061736568,5.18E-05,0.827372475,1192.65881,0.7725
5055,OK,,234.736842,8.61904737,121,123.6,121,47.3265353,2.66371563,0.485318724,0.003106638,0.035244053,0.933461549,0.088146456,1.0214876
5056,OK,,234.736842,8.61904737,124,123.6,124,48.4999205,2.13733136,0.605089918,0.00385138,0.028176392,0.943455139,0.136688186,0.996774194
5057,OK,,234.736842,8.61904737,127,123.6,127,49.6733057,1.63528059,0.767590241,0.00485618,0.021466059,0.951626517,0.226225991,0.973228346
5058,OK,,234.736842,8.61904737,130,123.6,130,50.8466908,1.16704932,0.998011818,0.006273045,0.015242173,0.957419822,0.411558416,0.950769231
5059,OK,,234.736842,8.61904737,133,123.6,133,52.020076,0.745416058,1.34179965,0.008374488,0.009675702,0.959876727,0.865517384,0.929323308
5060,OK,,234.736842,8.61904737,136,123.6,136,53.1934612,0.420905053,1.85524343,0.011488958,0.0054194,0.957209995,2.11996854,0.908823529
5061,OK,,234.736842,8.61904737,139,123.6,139,54.3668464,0.210925134,2.60067561,0.015965092,0.002687628,0.948284645,5.94021548,0.889208633
5062,OK,,234.736842,8.61904737,142,123.6,142,55.5402315,0.099161871,3.59583876,0.021857146,0.001247299,0.933471638,17.5235825,0.870422535
5063,OK,,234.736842,8.61904737,145,123.6,145,56.7136167,0.051364586,4.67254386,0.028123836,0.000637743,0.916705921,44.0990272,0.852413793
5064,OK,,234.736842,8.61904737,148,123.6,148,57.8870019,0.028448918,5.82110233,0.034674703,0.000348325,0.898948796,99.5471239,0.835135135
5065,OK,,234.736842,8.61904737,151,123.6,151,59.0603871,0.016563286,7.03803448,0.041466796,0.000199833,0.880552802,207.506755,0.818543046
5066,OK,,234.736842,8.61904737,154,123.6,154,60.2337722,0.010657291,8.19824063,0.047805412,0.000126855,0.863716025,376.851879,0.802597403
5067,OK,,234.736842,8.61904737,157,123.6,157,61.4071574,0.007165529,9.37703949,0.054097442,8.41E-05,0.847180599,643.205506,0.787261146
5068,OK,,234.736842,8.61904737,160,123.6,160,62.5805426,0.004880271,10.6033032,0.060507708,5.65E-05,0.830487512,1071.23785,0.7725
5069,OK,,234.736842,9.10809474,121,123.6,121,47.3265353,2.75848988,0.473615575,0.003022359,0.036377852,0.931706274,0.083082393,1.0214876
5070,OK,,234.736842,9.10809474,124,123.6,124,48.4999205,2.23034369,0.588529356,0.003734616,0.029307593,0.941878811,0.127428275,0.996774194
5071,OK,,234.736842,9.10809474,127,123.6,127,49.6733057,1.72244747,0.744155118,0.004693988,0.022540415,0.950343498,0.208247656,0.973228346
5072,OK,,234.736842,9.10809474,130,123.6,130,50.8466908,1.25121004,0.960632984,0.006020742,0.016292444,0.956499764,0.369541962,0.950769231
5073,OK,,234.736842,9.10809474,133,123.6,133,52.020076,0.825488076,1.27613928,0.007942901,0.010684694,0.959599687,0.743390528,0.929323308
5074,OK,,234.736842,9.10809474,136,123.6,136,53.1934612,0.477450732,1.75654218,0.01084967,0.006132877,0.95800249,1.7690995,0.908823529
5075,OK,,234.736842,9.10809474,139,123.6,139,54.3668464,0.241709125,2.46922865,0.015121621,0.003074172,0.950136196,4.91892519,0.889208633
5076,OK,,234.736842,9.10809474,142,123.6,142,55.5402315,0.116919184,3.40244516,0.020641242,0.001469202,0.936633963,14.0492919,0.870422535
5077,OK,,234.736842,9.10809474,145,123.6,145,56.7136167,0.05943536,4.47240821,0.026862762,0.000736978,0.920092496,36.449878,0.852413793
5078,OK,,234.736842,9.10809474,148,123.6,148,57.8870019,0.032391487,5.61753829,0.033393925,0.000396114,0.902397264,84.3037277,0.835135135
5079,OK,,234.736842,9.10809474,151,123.6,151,59.0603871,0.01978113,6.72431866,0.039563392,0.000238552,0.885810098,165.847762,0.818543046
5080,OK,,234.736842,9.10809474,154,123.6,154,60.2337722,0.011858968,7.98357386,0.046465518,0.000141005,0.867259968,329.530944,0.802597403
5081,OK,,234.736842,9.10809474,157,123.6,157,61.4071574,0.007885878,9.1774647,0.052845457,9.25E-05,0.850418893,571.549141,0.787261146
5082,OK,,234.736842,9.10809474,160,123.6,160,62.5805426,0.005476029,10.3546872,0.058990268,6.33E-05,0.834450728,931.632472,0.7725
5083,OK,,234.736842,9.59714211,121,123.6,121,47.3265353,2.85483061,0.462352942,0.002941384,0.037524028,0.929908591,0.078386693,1.0214876
5084,OK,,234.736842,9.59714211,124,123.6,124,48.4999205,2.32899739,0.571934466,0.003618286,0.030502509,0.940186874,0.118622583,0.996774194
5085,OK,,234.736842,9.59714211,127,123.6,127,49.6733057,1.81875963,0.719772932,0.004526708,0.02372375,0.948895437,0.190809123,0.973228346
5086,OK,,234.736842,9.59714211,130,123.6,130,50.8466908,1.3357606,0.926258165,0.005788606,0.017341477,0.95551296,0.33380123,0.950769231
5087,OK,,234.736842,9.59714211,133,123.6,133,52.020076,0.901440257,1.22107858,0.007579194,0.011635345,0.959198083,0.651394047,0.929323308
5088,OK,,234.736842,9.59714211,136,123.6,136,53.1934612,0.535594483,1.66894694,0.010281763,0.006863234,0.958556158,1.49809301,0.908823529
5089,OK,,234.736842,9.59714211,139,123.6,139,54.3668464,0.278855199,2.33526273,0.014266779,0.003539705,0.951917058,4.03049953,0.889208633
5090,OK,,234.736842,9.59714211,142,123.6,142,55.5402315,0.135871098,3.2303946,0.019553685,0.00170469,0.939390499,11.4705215,0.870422535
5091,OK,,234.736842,9.59714211,145,123.6,145,56.7136167,0.065059815,4.34548726,0.02602311,0.000804386,0.92223125,32.3515136,0.852413793
5092,OK,,234.736842,9.59714211,148,123.6,148,57.8870019,0.036822109,5.41989252,0.032153153,0.00044975,0.905735062,71.4911459,0.835135135
5093,OK,,234.736842,9.59714211,151,123.6,151,59.0603871,0.021575172,6.58042015,0.038633148,0.00025987,0.888216186,148.663191,0.818543046
5094,OK,,234.736842,9.59714211,154,123.6,154,60.2337722,0.012580947,7.88889721,0.045810069,0.000149394,0.868819802,306.638347,0.802597403
5095,OK,,234.736842,9.59714211,157,123.6,157,61.4071574,0.008801936,8.95569339,0.051474534,0.000103094,0.854015465,499.299236,0.787261146
5096,OK,,234.736842,9.59714211,160,123.6,160,62.5805426,0.005958996,10.1769358,0.057866374,6.88E-05,0.837283374,840.719846,0.7725
5097,OK,,234.736842,10.0861895,121,123.6,121,47.3265353,2.95415101,0.451298116,0.002862184,0.03869938,0.928043557,0.073959434,1.0214876
5098,OK,,234.736842,10.0861895,124,123.6,124,48.4999205,2.4233361,0.557021283,0.003513272,0.031635473,0.938549232,0.111054837,0.996774194
5099,OK,,234.736842,10.0861895,127,123.6,127,49.6733057,1.91326971,0.697514252,0.004373667,0.024875804,0.947440906,0.175820135,0.973228346
5100,OK,,234.736842,10.0861895,130,123.6,130,50.8466908,1.43017468,0.890953665,0.005551871,0.018508589,0.954350454,0.299961866,0.950769231
5101,OK,,234.736842,10.0861895,133,123.6,133,52.020076,0.97510628,1.17316277,0.007261575,0.012551639,0.958703077,0.578535984,0.929323308
5102,OK,,234.736842,10.0861895,136,123.6,136,53.1934612,0.599806093,1.58537642,0.009741281,0.007666779,0.958920092,1.27058333,0.908823529
5103,OK,,234.736842,10.0861895,139,123.6,139,54.3668464,0.319748642,2.21121383,0.013475975,0.004050574,0.953446583,3.32692979,0.889208633
5104,OK,,234.736842,10.0861895,142,123.6,142,55.5402315,0.158317244,3.06163308,0.018490472,0.001983082,0.942024903,9.32411012,0.870422535
5105,OK,,234.736842,10.0861895,145,123.6,145,56.7136167,0.079789117,4.07775011,0.02438918,0.000986694,0.926692398,24.7180887,0.852413793
5106,OK,,234.736842,10.0861895,148,123.6,148,57.8870019,0.042286416,5.21137942,0.030853601,0.000515859,0.909242737,59.8101795,0.835135135
5107,OK,,234.736842,10.0861895,151,123.6,151,59.0603871,0.024273275,6.38165174,0.037391354,0.000292029,0.891536014,128.039833,0.818543046
5108,OK,,234.736842,10.0861895,154,123.6,154,60.2337722,0.015073515,7.54962158,0.043774065,0.000178838,0.874411068,244.76907,0.802597403
5109,OK,,234.736842,10.0861895,157,123.6,157,61.4071574,0.009709489,8.76061412,0.050257202,0.000113601,0.857177502,442.401556,0.787261146
5110,OK,,234.736842,10.0861895,160,123.6,160,62.5805426,0.006613142,9.95457987,0.056501835,7.63E-05,0.840826036,740.43588,0.7725
5111,OK,,234.736842,10.5752368,121,123.6,121,47.3265353,3.05206123,0.440946259,0.002787908,0.039849263,0.926193467,0.069961348,1.0214876
5112,OK,,234.736842,10.5752368,124,123.6,124,48.4999205,2.52106484,0.542394324,0.003410641,0.032803065,0.93683579,0.103973228,0.996774194
5113,OK,,234.736842,10.5752368,127,123.6,127,49.6733057,2.00583394,0.677188346,0.00423366,0.025997687,0.945986637,0.162847561,0.973228346
5114,OK,,234.736842,10.5752368,130,123.6,130,50.8466908,1.51570834,0.861667415,0.005353885,0.01955667,0.953244238,0.273762597,0.950769231
5115,OK,,234.736842,10.5752368,133,123.6,133,52.020076,1.06154875,1.12232163,0.006927499,0.013623835,0.958018701,0.508483733,0.929323308
5116,OK,,234.736842,10.5752368,136,123.6,136,53.1934612,0.665467951,1.51086429,0.009258851,0.008484452,0.95908647,1.09127273,0.908823529
5117,OK,,234.736842,10.5752368,139,123.6,139,54.3668464,0.36800122,2.0875388,0.01269107,0.004651804,0.95483387,2.72820378,0.889208633
5118,OK,,234.736842,10.5752368,142,123.6,142,55.5402315,0.183615348,2.90217014,0.017487452,0.002296088,0.944440536,7.61619252,0.870422535
5119,OK,,234.736842,10.5752368,145,123.6,145,56.7136167,0.091196149,3.90582919,0.023309927,0.001126169,0.929522651,20.6984314,0.852413793
5120,OK,,234.736842,10.5752368,148,123.6,148,57.8870019,0.046868636,5.05796139,0.029869492,0.000570558,0.911813881,52.3513256,0.835135135
5121,OK,,234.736842,10.5752368,151,123.6,151,59.0603871,0.027673198,6.16215728,0.036035219,0.000332551,0.895194888,108.360014,0.818543046
5122,OK,,234.736842,10.5752368,154,123.6,154,60.2337722,0.016794043,7.35253279,0.042547936,0.000199028,0.877654569,213.778804,0.802597403
5123,OK,,234.736842,10.5752368,157,123.6,157,61.4071574,0.010859272,8.53916395,0.048897087,0.00012692,0.860765038,385.257774,0.787261146
5124,OK,,234.736842,10.5752368,160,123.6,160,62.5805426,0.00724562,9.76113462,0.055300304,8.35E-05,0.84390707,662.126783,0.7725
5125,OK,,234.736842,11.0642842,121,123.6,121,47.3265353,3.15157169,0.430916608,0.00271609,0.041010931,0.924302756,0.066228429,1.0214876
5126,OK,,234.736842,11.0642842,124,123.6,124,48.4999205,2.61618726,0.528950631,0.003316041,0.033930569,0.93515169,0.097730198,0.996774194
5127,OK,,234.736842,11.0642842,127,123.6,127,49.6733057,2.1000967,0.657752264,0.004099942,0.027132599,0.944480261,0.151107604,0.973228346
5128,OK,,234.736842,11.0642842,130,123.6,130,50.8466908,1.60392367,0.833658705,0.005164875,0.020631843,0.952060157,0.250335144,0.950769231
5129,OK,,234.736842,11.0642842,133,123.6,133,52.020076,1.14096273,1.08068931,0.00665186,0.014601332,0.957292411,0.45556531,0.929323308
5130,OK,,234.736842,11.0642842,136,123.6,136,53.1934612,0.735780354,1.44066978,0.00880514,0.009356265,0.959084254,0.94109558,0.908823529
5131,OK,,234.736842,11.0642842,139,123.6,139,54.3668464,0.416756388,1.98163977,0.012017167,0.005256607,0.95588495,2.286107,0.889208633
5132,OK,,234.736842,11.0642842,142,123.6,142,55.5402315,0.21286204,2.74748688,0.016517324,0.002657127,0.946699017,6.21623409,0.870422535
5133,Errors,,234.736842,11.0642842,145,123.6,145,56.7136167,0.060352547,5.8257865,0.03437292,0.000735802,0.896212949,46.7148772,0.852413793
5134,OK,,234.736842,11.0642842,148,123.6,148,57.8870019,0.053093241,4.87521151,0.028725641,0.000645296,0.914863362,44.5154638,0.835135135
5135,OK,,234.736842,11.0642842,151,123.6,151,59.0603871,0.031064658,5.97389797,0.034863156,0.00037286,0.898325038,93.5020749,0.818543046
5136,OK,,234.736842,11.0642842,154,123.6,154,60.2337722,0.018815597,7.1473656,0.041280621,0.000222736,0.881027189,185.334419,0.802597403
5137,OK,,234.736842,11.0642842,157,123.6,157,61.4071574,0.012134463,8.33201244,0.047621297,0.000141672,0.864117682,336.137174,0.787261146
5138,OK,,234.736842,11.0642842,160,123.6,160,62.5805426,0.007940256,9.56189105,0.054068455,9.14E-05,0.847079765,591.415312,0.7725
5139,OK,,234.736842,11.5533316,121,123.6,121,47.3265353,3.24852043,0.42162619,0.002649367,0.042133677,0.922450553,0.062880023,1.0214876
5140,OK,,234.736842,11.5533316,124,123.6,124,48.4999205,2.7138854,0.515828208,0.003223988,0.035082546,0.933407858,0.091897206,0.996774194
5141,OK,,234.736842,11.5533316,127,123.6,127,49.6733057,2.19617385,0.639130404,0.00397204,0.028282789,0.942920967,0.140440168,0.973228346
5142,OK,,234.736842,11.5533316,130,123.6,130,50.8466908,1.69387645,0.806456191,0.004981893,0.021722132,0.95082605,0.229346405,0.950769231
5143,OK,,234.736842,11.5533316,133,123.6,133,52.020076,1.2299049,1.0377069,0.006369356,0.015692298,0.95640891,0.405890549,0.929323308
5144,OK,,234.736842,11.5533316,136,123.6,136,53.1934612,0.808856582,1.37616912,0.008388364,0.010258031,0.95892304,0.817736224,0.908823529
5145,OK,,234.736842,11.5533316,139,123.6,139,54.3668464,0.469693299,1.88277089,0.01138877,0.005910828,0.956729802,1.92676384,0.889208633
5146,OK,,234.736842,11.5533316,142,123.6,142,55.5402315,0.244058804,2.60910793,0.015648677,0.003041044,0.948628829,5.14582323,0.870422535
5147,OK,,234.736842,11.5533316,145,123.6,145,56.7136167,0.122944942,3.53492209,0.021005399,0.001513736,0.935502843,13.8765283,0.852413793
5148,OK,,234.736842,11.5533316,148,123.6,148,57.8870019,0.063449781,4.6196474,0.027181399,0.000771083,0.919099331,35.250951,0.835135135
5149,OK,,234.736842,11.5533316,151,123.6,151,59.0603871,0.035530383,5.75715591,0.033532556,0.000425961,0.901919263,78.7221954,0.818543046
5150,OK,,234.736842,11.5533316,154,123.6,154,60.2337722,0.021199281,6.93488155,0.039976697,0.000250674,0.884515272,159.476603,0.802597403
5151,OK,,234.736842,11.5533316,157,123.6,157,61.4071574,0.013433504,8.12532169,0.046352427,0.00015667,0.867462434,295.859542,0.787261146
5152,OK,,234.736842,11.5533316,160,123.6,160,62.5805426,0.008934917,9.32381289,0.052633343,0.000102782,0.850868218,512.088841,0.7725
5153,OK,,234.736842,12.0423789,121,123.6,121,47.3265353,3.34960318,0.412343408,0.002583051,0.043298862,0.920510839,0.059656329,1.0214876
5154,OK,,234.736842,12.0423789,124,123.6,124,48.4999205,2.81296311,0.503209657,0.003135592,0.036243522,0.931625192,0.086514548,0.996774194
5155,OK,,234.736842,12.0423789,127,123.6,127,49.6733057,2.28945251,0.622148472,0.003855039,0.029390832,0.941384997,0.131164675,0.973228346
5156,OK,,234.736842,12.0423789,130,123.6,130,50.8466908,1.78512904,0.781438178,0.004813347,0.022821578,0.949523417,0.210912096,0.950769231
5157,OK,,234.736842,12.0423789,133,123.6,133,52.020076,1.30856733,1.00313405,0.006139859,0.016648659,0.955561361,0.36878998,0.929323308
5158,OK,,234.736842,12.0423789,136,123.6,136,53.1934612,0.881818569,1.31882184,0.008017101,0.011153375,0.958629494,0.718805003,0.908823529
5159,OK,,234.736842,12.0423789,139,123.6,139,54.3668464,0.527769208,1.78910988,0.010794783,0.006626193,0.957384339,1.62910766,0.889208633
5160,OK,,234.736842,12.0423789,142,123.6,142,55.5402315,0.282729583,2.46474001,0.014748224,0.003516086,0.950531903,4.19450061,0.870422535
5161,OK,,234.736842,12.0423789,145,123.6,145,56.7136167,0.141210723,3.37127983,0.019988791,0.001736015,0.938066187,11.5141816,0.852413793
5162,OK,,234.736842,12.0423789,148,123.6,148,57.8870019,0.072761404,4.42153644,0.025961941,0.00088308,0.922360846,29.3993048,0.835135135
5163,OK,,234.736842,12.0423789,151,123.6,151,59.0603871,0.040831624,5.53604705,0.032182515,0.000488953,0.905573279,65.8192849,0.818543046
5164,OK,,234.736842,12.0423789,154,123.6,154,60.2337722,0.024239707,6.70401778,0.038573885,0.000286313,0.888297591,134.726456,0.802597403
5165,OK,,234.736842,12.0423789,157,123.6,157,61.4071574,0.014993128,7.91428202,0.045064062,0.000174671,0.870873763,257.993842,0.787261146
5166,OK,,234.736842,12.0423789,160,123.6,160,62.5805426,0.009950022,9.10546932,0.051308102,0.000114341,0.854340998,448.729431,0.7725
5167,OK,,234.736842,12.5314263,121,123.6,121,47.3265353,3.45004375,0.403535784,0.002520115,0.044448989,0.918574653,0.0566968,1.0214876
5168,OK,,234.736842,12.5314263,124,123.6,124,48.4999205,2.90976046,0.491509601,0.003053451,0.037369509,0.929870605,0.081709699,0.996774194
5169,OK,,234.736842,12.5314263,127,123.6,127,49.6733057,2.38483498,0.605725854,0.003742174,0.030517858,0.939795413,0.122622422,0.973228346
5170,OK,,234.736842,12.5314263,130,123.6,130,50.8466908,1.87918818,0.757506963,0.004652413,0.023949071,0.948144213,0.194262758,0.950769231
5171,OK,,234.736842,12.5314263,133,123.6,133,52.020076,1.39691792,0.967233053,0.00590345,0.017719751,0.954553104,0.333156466,0.929323308
5172,OK,,234.736842,12.5314263,136,123.6,136,53.1934612,0.959753073,1.26379674,0.007661811,0.012105722,0.958198813,0.6329082,0.908823529
5173,OK,,234.736842,12.5314263,139,123.6,139,54.3668464,0.591572942,1.69956715,0.01022833,0.007409148,0.957857771,1.38050017,0.889208633
5174,OK,,234.736842,12.5314263,142,123.6,142,55.5402315,0.319561348,2.34829379,0.014017684,0.003966506,0.951965358,3.53401264,0.870422535
5175,OK,,234.736842,12.5314263,145,123.6,145,56.7136167,0.16303734,3.20628515,0.018968417,0.002001177,0.94059059,9.47862995,0.852413793
5176,OK,,234.736842,12.5314263,148,123.6,148,57.8870019,0.083583358,4.24020942,0.024844678,0.001013054,0.925306327,24.5245327,0.835135135
5177,OK,,234.736842,12.5314263,151,123.6,151,59.0603871,0.045606304,5.36390616,0.031116174,0.000545434,0.908407094,57.0484744,0.818543046
5178,OK,,234.736842,12.5314263,154,123.6,154,60.2337722,0.026301115,6.55660365,0.03763503,0.000310069,0.890710734,121.37629,0.802597403
5179,OK,,234.736842,12.5314263,157,123.6,157,61.4071574,0.016821494,7.69576716,0.043738679,0.000195763,0.874402448,223.426212,0.787261146
5180,OK,,234.736842,12.5314263,160,123.6,160,62.5805426,0.011008001,8.8950941,0.050031117,0.000126368,0.857685764,395.916141,0.7725
5181,OK,,234.736842,13.0204737,121,123.6,121,47.3265353,3.5517918,0.395003154,0.002459249,0.045606723,0.916605031,0.053922945,1.0214876
5182,OK,,234.736842,13.0204737,124,123.6,124,48.4999205,3.00886975,0.480096908,0.002973542,0.03851585,0.928062425,0.077203082,0.996774194
5183,OK,,234.736842,13.0204737,127,123.6,127,49.6733057,2.48048951,0.590177174,0.003635303,0.031640992,0.93818276,0.114892196,0.973228346
5184,OK,,234.736842,13.0204737,130,123.6,130,50.8466908,1.97141932,0.735464804,0.004503941,0.025046829,0.946763809,0.179820812,0.950769231
5185,OK,,234.736842,13.0204737,133,123.6,133,52.020076,1.48410269,0.934657004,0.005688529,0.018769858,0.953503342,0.303067211,0.929323308
5186,OK,,234.736842,13.0204737,136,123.6,136,53.1934612,1.04068231,1.21238263,0.007330108,0.013089655,0.957643949,0.55999248,0.908823529
5187,OK,,234.736842,13.0204737,139,123.6,139,54.3668464,0.658266789,1.61834121,0.009714364,0.008223839,0.958125068,1.18124442,0.889208633
5188,OK,,234.736842,13.0204737,142,123.6,142,55.5402315,0.367199315,2.21961233,0.013217905,0.004548269,0.953424543,2.90613964,0.870422535
5189,OK,,234.736842,13.0204737,145,123.6,145,56.7136167,0.187368756,3.05046642,0.01800608,0.002296055,0.942909034,7.8421824,0.852413793
5190,OK,,234.736842,13.0204737,148,123.6,148,57.8870019,0.096099777,4.05079485,0.023685109,0.001163155,0.928362249,20.3628095,0.835135135
5191,OK,,234.736842,13.0204737,151,123.6,151,59.0603871,0.052302984,5.15441901,0.029841547,0.000624757,0.911840706,47.7650311,0.818543046
5192,OK,,234.736842,13.0204737,154,123.6,154,60.2337722,0.030372895,6.31005756,0.03616429,0.00035793,0.894736288,101.037461,0.802597403
5193,OK,,234.736842,13.0204737,157,123.6,157,61.4071574,0.018781679,7.48926001,0.042484397,0.000218337,0.877733443,194.581798,0.787261146
5194,OK,,234.736842,13.0204737,160,123.6,160,62.5805426,0.012353148,8.66716596,0.048660218,0.000141661,0.861306426,343.498321,0.7725
5195,OK,,234.736842,13.5095211,121,123.6,121,47.3265353,3.64866296,0.387265762,0.00240371,0.046698189,0.914721653,0.051473298,1.0214876
5196,OK,,234.736842,13.5095211,124,123.6,124,48.4999205,3.10707295,0.469337334,0.002898136,0.039643594,0.926259461,0.073104776,0.996774194
5197,OK,,234.736842,13.5095211,127,123.6,127,49.6733057,2.57308988,0.575949365,0.003537184,0.032719615,0.936604999,0.108105908,0.973228346
5198,OK,,234.736842,13.5095211,130,123.6,130,50.8466908,2.06318133,0.714903783,0.004365339,0.026131941,0.945363502,0.167049934,0.950769231
5199,OK,,234.736842,13.5095211,133,123.6,133,52.020076,1.57497368,0.903245651,0.005481799,0.019858851,0.952360328,0.276038061,0.929323308
5200,OK,,234.736842,13.5095211,136,123.6,136,53.1934612,1.12045556,1.16654931,0.007033737,0.014053713,0.957005902,0.500489628,0.908823529
5201,OK,,234.736842,13.5095211,139,123.6,139,54.3668464,0.722685925,1.54935563,0.009276031,0.009006307,0.958209061,1.0299484,0.889208633
5202,OK,,234.736842,13.5095211,142,123.6,142,55.5402315,0.415291535,2.10926148,0.01253017,0.005133047,0.954545508,2.44107821,0.870422535
5203,OK,,234.736842,13.5095211,145,123.6,145,56.7136167,0.21740094,2.88839469,0.017011293,0.002659468,0.945237214,6.39650234,0.852413793
5204,OK,,234.736842,13.5095211,148,123.6,148,57.8870019,0.110854422,3.86620091,0.022558036,0.001339835,0.931296229,16.8364276,0.835135135
5205,OK,,234.736842,13.5095211,151,123.6,151,59.0603871,0.060644969,4.9513259,0.028603702,0.000723418,0.915138198,39.5396845,0.818543046
5206,OK,,234.736842,13.5095211,154,123.6,154,60.2337722,0.034399839,6.11287953,0.034961148,0.000404884,0.897942979,86.3486241,0.802597403
5207,OK,,234.736842,13.5095211,157,123.6,157,61.4071574,0.021130827,7.28262809,0.041231015,0.000245365,0.881060137,168.039455,0.787261146
5208,OK,,234.736842,13.5095211,160,123.6,160,62.5805426,0.013701551,8.4587732,0.047402972,0.000156959,0.864614872,302.008885,0.7725
5209,OK,,234.736842,13.9985684,121,123.6,121,47.3265353,3.7414151,0.380195593,0.002352658,0.047733616,0.91291121,0.049287241,1.0214876
5210,OK,,234.736842,13.9985684,124,123.6,124,48.4999205,3.20136744,0.459507555,0.002828925,0.040717182,0.924517918,0.069477432,0.996774194
5211,OK,,234.736842,13.9985684,127,123.6,127,49.6733057,2.67299722,0.561319917,0.003437113,0.033879834,0.934888224,0.101450123,0.973228346
5212,OK,,234.736842,13.9985684,130,123.6,130,50.8466908,2.15680392,0.695160565,0.004232479,0.02723302,0.943910519,0.155417181,0.950769231
5213,OK,,234.736842,13.9985684,133,123.6,133,52.020076,1.66739039,0.873656705,0.005287208,0.020960134,0.951152568,0.252250671,0.929323308
5214,OK,,234.736842,13.9985684,136,123.6,136,53.1934612,1.20286276,1.12338935,0.006754959,0.015044652,0.956268081,0.448994062,0.908823529
5215,OK,,234.736842,13.9985684,139,123.6,139,54.3668464,0.79919391,1.47656881,0.008817158,0.009933213,0.958140616,0.887644168,0.889208633
5216,OK,,234.736842,13.9985684,142,123.6,142,55.5402315,0.466672762,2.0072712,0.011892999,0.005753229,0.955456722,2.0671866,0.870422535
5217,OK,,234.736842,13.9985684,145,123.6,145,56.7136167,0.248152972,2.74831002,0.016149162,0.003030308,0.947165017,5.32921438,0.852413793
5218,OK,,234.736842,13.9985684,148,123.6,148,57.8870019,0.128508939,3.69509572,0.021507459,0.001550429,0.933947095,13.871939,0.835135135
5219,OK,,234.736842,13.9985684,151,123.6,151,59.0603871,0.069198332,4.74897514,0.027379864,0.000824415,0.918419541,33.2112599,0.818543046
5220,OK,,234.736842,13.9985684,154,123.6,154,60.2337722,0.038943173,5.9057508,0.033711141,0.000457828,0.901306298,73.6327739,0.802597403
5221,OK,,234.736842,13.9985684,157,123.6,157,61.4071574,0.023551017,7.08049619,0.040009989,0.000273162,0.884312391,146.469689,0.787261146
5222,OK,,234.736842,13.9985684,160,123.6,160,62.5805426,0.015101225,8.26530117,0.046231598,0.000172808,0.867684075,267.531452,0.7725
5223,OK,,234.736842,14.4876158,121,123.6,121,47.3265353,3.84353371,0.372638711,0.002298841,0.048873245,0.91091314,0.047036798,1.0214876
5224,OK,,234.736842,14.4876158,124,123.6,124,48.4999205,3.30630422,0.448974933,0.002755723,0.041910828,0.922571437,0.065752064,0.996774194
5225,OK,,234.736842,14.4876158,127,123.6,127,49.6733057,2.77071865,0.547777376,0.003344263,0.035006068,0.933193574,0.095533806,0.973228346
5226,OK,,234.736842,14.4876158,130,123.6,130,50.8466908,2.25448784,0.675743519,0.004102303,0.028376234,0.942371247,0.144568258,0.950769231
5227,OK,,234.736842,14.4876158,133,123.6,133,52.020076,1.75342674,0.848113661,0.005118124,0.021976999,0.949989685,0.232885468,0.929323308
5228,Errors,,234.736842,14.4876158,136,123.6,136,53.1934612,1.25360159,1.09533739,0.006564704,0.015655712,0.955841584,0.419316888,0.908823529
5229,OK,,234.736842,14.4876158,139,123.6,139,54.3668464,0.86910178,1.41765752,0.008443075,0.010774362,0.957938349,0.783626389,0.889208633
5230,OK,,234.736842,14.4876158,142,123.6,142,55.5402315,0.517259821,1.92045003,0.011352098,0.00636553,0.956109116,1.78337053,0.870422535
5231,OK,,234.736842,14.4876158,145,123.6,145,56.7136167,0.286568631,2.6134581,0.015317798,0.003492316,0.948865424,4.38614346,0.852413793
5232,OK,,234.736842,14.4876158,148,123.6,148,57.8870019,0.148428041,3.51652433,0.020426218,0.00178841,0.936687818,11.4214426,0.835135135
5233,OK,,234.736842,14.4876158,151,123.6,151,59.0603871,0.078080308,4.57765436,0.026337016,0.000929018,0.921169926,28.3492962,0.818543046
5234,OK,,234.736842,14.4876158,154,123.6,154,60.2337722,0.044187965,5.69821489,0.032463408,0.000518878,0.904664731,62.5645934,0.802597403
5235,OK,,234.736842,14.4876158,157,123.6,157,61.4071574,0.026607815,6.85836584,0.038683464,0.000308285,0.887879949,125.47944,0.787261146
5236,OK,,234.736842,14.4876158,160,123.6,160,62.5805426,0.016895597,8.04102706,0.044896313,0.000193141,0.871239169,232.45361,0.7725
5237,OK,,234.736842,14.9766632,121,123.6,121,47.3265353,3.95284396,0.364841019,0.002243816,0.050090046,0.908768201,0.044795651,1.0214876
5238,OK,,234.736842,14.9766632,124,123.6,124,48.4999205,3.40175965,0.439900911,0.002691942,0.042983812,0.920790374,0.06262687,0.996774194
5239,OK,,234.736842,14.9766632,127,123.6,127,49.6733057,2.86311252,0.53564823,0.003260587,0.036061322,0.931577722,0.090417845,0.973228346
5240,OK,,234.736842,14.9766632,130,123.6,130,50.8466908,2.32991392,0.661787426,0.004006084,0.029244152,0.94116232,0.136987542,0.950769231
5241,OK,,234.736842,14.9766632,133,123.6,133,52.020076,1.84646843,0.821767516,0.004945076,0.023072653,0.948707573,0.214326293,0.929323308
5242,OK,,234.736842,14.9766632,136,123.6,136,53.1934612,1.37311172,1.04565849,0.006253034,0.017075452,0.954528806,0.366200241,0.908823529
5243,OK,,234.736842,14.9766632,139,123.6,139,54.3668464,0.945546875,1.35955941,0.00807565,0.011690721,0.957600883,0.690774334,0.889208633
5244,OK,,234.736842,14.9766632,142,123.6,142,55.5402315,0.587878895,1.82453205,0.010755716,0.007215492,0.956564622,1.49064213,0.870422535
5245,OK,,234.736842,14.9766632,145,123.6,145,56.7136167,0.325448913,2.48597242,0.014536629,0.003958569,0.950427755,3.6721933,0.852413793
5246,OK,,234.736842,14.9766632,148,123.6,148,57.8870019,0.169040278,3.36049,0.019477246,0.002033628,0.93902724,9.5775867,0.835135135
5247,OK,,234.736842,14.9766632,151,123.6,151,59.0603871,0.089433712,4.38549373,0.025180126,0.001062701,0.924231322,23.6944631,0.818543046
5248,OK,,234.736842,14.9766632,154,123.6,154,60.2337722,0.049808228,5.50738409,0.031313841,0.000584172,0.907739593,53.6037907,0.802597403
5249,OK,,234.736842,14.9766632,157,123.6,157,61.4071574,0.030055923,6.64038308,0.037384533,0.000347857,0.891373591,107.470878,0.787261146
5250,OK,,234.736842,14.9766632,160,123.6,160,62.5805426,0.018761631,7.83923229,0.043687966,0.000214243,0.874433912,203.918278,0.7725
5251,OK,,234.736842,15.4657105,121,123.6,121,47.3265353,4.05179951,0.358143439,0.002195926,0.051176736,0.906818809,0.042908676,1.0214876
5252,OK,,234.736842,15.4657105,124,123.6,124,48.4999205,3.50330669,0.430612702,0.002627178,0.044121772,0.918888127,0.059543794,0.996774194
5253,OK,,234.736842,15.4657105,127,123.6,127,49.6733057,2.9654121,0.52278061,0.003172828,0.037227809,0.929777319,0.085227358,0.973228346
5254,OK,,234.736842,15.4657105,130,123.6,130,50.8466908,2.44141244,0.641767842,0.003873515,0.030539596,0.939363207,0.126835834,0.950769231
5255,OK,,234.736842,15.4657105,133,123.6,133,52.020076,1.93887743,0.797753963,0.004786958,0.024153859,0.947392784,0.198186071,0.929323308
5256,OK,,234.736842,15.4657105,136,123.6,136,53.1934612,1.45983047,1.01054582,0.006026396,0.01810124,0.953558647,0.332927263,0.908823529
5257,OK,,234.736842,15.4657105,139,123.6,139,54.3668464,1.02329819,1.31377832,0.00778115,0.012616146,0.957012837,0.61676123,0.889208633
5258,OK,,234.736842,15.4657105,142,123.6,142,55.5402315,0.650309987,1.74312392,0.01024991,0.007962755,0.956906303,1.28723166,0.870422535
5259,OK,,234.736842,15.4657105,145,123.6,145,56.7136167,0.366994869,2.36869975,0.013818258,0.004455151,0.951763002,3.10163609,0.852413793
5260,OK,,234.736842,15.4657105,148,123.6,148,57.8870019,0.194983624,3.19252259,0.018463765,0.002341948,0.941480711,7.88393376,0.835135135
5261,OK,,234.736842,15.4657105,151,123.6,151,59.0603871,0.104216586,4.16956918,0.023893046,0.001236692,0.927637017,19.320132,0.818543046
5262,OK,,234.736842,15.4657105,154,123.6,154,60.2337722,0.056470239,5.30700267,0.030115223,0.000661507,0.91095572,45.5251989,0.802597403
5263,OK,,234.736842,15.4657105,157,123.6,157,61.4071574,0.033448168,6.45230937,0.03625436,0.000386669,0.894381082,93.7606785,0.787261146
5264,OK,,234.736842,15.4657105,160,123.6,160,62.5805426,0.020839988,7.63639474,0.042477088,0.000237701,0.877641925,178.699822,0.7725
5265,OK,,234.736842,15.9547579,121,123.6,121,47.3265353,4.15755665,0.351217322,0.002146884,0.052336047,0.904730529,0.041021142,1.0214876
5266,OK,,234.736842,15.9547579,124,123.6,124,48.4999205,3.60470534,0.421739107,0.00256532,0.045250756,0.916980391,0.056691204,0.996774194
5267,OK,,234.736842,15.9547579,127,123.6,127,49.6733057,3.06457307,0.511199548,0.003093385,0.038349654,0.928014201,0.080662657,0.973228346
5268,OK,,234.736842,15.9547579,130,123.6,130,50.8466908,2.52838331,0.627253526,0.003775021,0.031533901,0.937938206,0.119713102,0.950769231
5269,OK,,234.736842,15.9547579,133,123.6,133,52.020076,2.02281024,0.777361616,0.004651444,0.025126942,0.946171323,0.185117797,0.929323308
5270,OK,,234.736842,15.9547579,136,123.6,136,53.1934612,1.54879059,0.98281236,0.005843555,0.019145665,0.952407629,0.305215576,0.908823529
5271,OK,,234.736842,15.9547579,139,123.6,139,54.3668464,1.10577424,1.26230032,0.007456353,0.013595256,0.956442672,0.54845257,0.889208633
5272,OK,,234.736842,15.9547579,142,123.6,142,55.5402315,0.712752023,1.67061776,0.009798633,0.008706556,0.957087507,1.12543158,0.870422535
5273,OK,,234.736842,15.9547579,145,123.6,145,56.7136167,0.419671727,2.24084569,0.013041884,0.00508382,0.95308856,2.56537114,0.852413793
5274,OK,,234.736842,15.9547579,148,123.6,148,57.8870019,0.223811171,3.03465338,0.017512365,0.002683714,0.94370991,6.52542114,0.835135135
5275,OK,,234.736842,15.9547579,151,123.6,151,59.0603871,0.116446974,4.02365171,0.023007101,0.001379906,0.929900583,16.6729496,0.818543046
5276,OK,,234.736842,15.9547579,154,123.6,154,60.2337722,0.064962449,5.09089597,0.028833721,0.000760076,0.914402532,37.9353299,0.802597403
5277,OK,,234.736842,15.9547579,157,123.6,157,61.4071574,0.037681911,6.24531075,0.035024613,0.000435121,0.897683056,80.4940483,0.787261146
5278,OK,,234.736842,15.9547579,160,123.6,160,62.5805426,0.02332788,7.42138817,0.041206586,0.000265815,0.881037847,155.019612,0.7725
5279,OK,,234.736842,16.4438053,121,123.6,121,47.3265353,4.25582052,0.345087996,0.002103026,0.053399966,0.902783745,0.039382538,1.0214876
5280,OK,,234.736842,16.4438053,124,123.6,124,48.4999205,3.70444389,0.413398028,0.002507052,0.046352456,0.915095904,0.054086718,0.996774194
5281,OK,,234.736842,16.4438053,127,123.6,127,49.6733057,3.16507671,0.499762712,0.003015245,0.039479729,0.926221149,0.076374519,0.973228346
5282,OK,,234.736842,16.4438053,130,123.6,130,50.8466908,2.63455146,0.610244454,0.003661943,0.03274987,0.936184718,0.11181549,0.950769231
5283,OK,,234.736842,16.4438053,133,123.6,133,52.020076,2.12581634,0.753729547,0.00449717,0.026321838,0.944645489,0.170853177,0.929323308
5284,OK,,234.736842,16.4438053,136,123.6,136,53.1934612,1.63740911,0.951889569,0.005644051,0.020181955,0.951322989,0.279658315,0.908823529
5285,OK,,234.736842,16.4438053,139,123.6,139,54.3668464,1.18185355,1.2191585,0.007182276,0.014491804,0.955836834,0.495609519,0.889208633
5286,OK,,234.736842,16.4438053,142,123.6,142,55.5402315,0.777500864,1.60379152,0.009382637,0.00947441,0.957124911,0.990313577,0.870422535
5287,OK,,234.736842,16.4438053,145,123.6,145,56.7136167,0.468552975,2.13912745,0.012420021,0.005664064,0.954020206,2.19277539,0.852413793
5288,OK,,234.736842,16.4438053,148,123.6,148,57.8870019,0.254702058,2.89039386,0.016642719,0.003048858,0.945668357,5.4586733,0.835135135
5289,OK,,234.736842,16.4438053,151,123.6,151,59.0603871,0.133378639,3.84376007,0.021932832,0.001578288,0.932659793,13.8965978,0.818543046
5290,OK,,234.736842,16.4438053,154,123.6,154,60.2337722,0.072229806,4.92409194,0.027831126,0.000844023,0.917051156,32.9743642,0.802597403
5291,OK,,234.736842,16.4438053,157,123.6,157,61.4071574,0.042140273,6.05345466,0.033878763,0.000485919,0.900734781,69.7209723,0.787261146
5292,OK,,234.736842,16.4438053,160,123.6,160,62.5805426,0.026056295,7.21369808,0.039978987,0.000296582,0.884313014,134.799058,0.7725
5293,OK,,234.736842,16.9328526,121,123.6,121,47.3265353,4.3556888,0.33907829,0.002060142,0.054475399,0.900800533,0.037817837,1.0214876
5294,OK,,234.736842,16.9328526,124,123.6,124,48.4999205,3.80421478,0.405411341,0.002451264,0.047447237,0.913203443,0.051662941,0.996774194
5295,OK,,234.736842,16.9328526,127,123.6,127,49.6733057,3.26204485,0.489251361,0.002943143,0.040560926,0.924480641,0.072561037,0.973228346
5296,OK,,234.736842,16.9328526,130,123.6,130,50.8466908,2.73034844,0.595770397,0.003564744,0.03383524,0.934585343,0.10535596,0.950769231
5297,OK,,234.736842,16.9328526,133,123.6,133,52.020076,2.21894685,0.737826403,0.00438892,0.027388438,0.94316092,0.160247193,0.929323308
5298,OK,,234.736842,16.9328526,136,123.6,136,53.1934612,1.72619711,0.923058654,0.005457964,0.021214116,0.950195838,0.25727984,0.908823529
5299,OK,,234.736842,16.9328526,139,123.6,139,54.3668464,1.26758096,1.17445973,0.006900386,0.015499025,0.955082171,0.445214205,0.889208633
5300,OK,,234.736842,16.9328526,142,123.6,142,55.5402315,0.856697818,1.5306393,0.008931737,0.010411713,0.957016075,0.85785468,0.870422535
5301,OK,,234.736842,16.9328526,145,123.6,145,56.7136167,0.526166307,2.03465283,0.011785149,0.006346249,0.954846485,1.85702583,0.852413793
5302,OK,,234.736842,16.9328526,148,123.6,148,57.8870019,0.288510236,2.75614357,0.015833909,0.003447392,0.947403498,4.59301073,0.835135135
5303,OK,,234.736842,16.9328526,151,123.6,151,59.0603871,0.151738354,3.67784903,0.020941714,0.001792901,0.935158105,11.6803515,0.818543046
5304,OK,,234.736842,16.9328526,154,123.6,154,60.2337722,0.082569264,4.72730564,0.026665879,0.00096361,0.920146544,27.6729027,0.802597403
5305,OK,,234.736842,16.9328526,157,123.6,157,61.4071574,0.047578064,5.84936083,0.032677436,0.000548116,0.903969844,59.6177177,0.787261146
5306,OK,,234.736842,16.9328526,160,123.6,160,62.5805426,0.029232094,6.99903222,0.038717881,0.000332368,0.8876925,116.490865,0.7725
5307,OK,,234.736842,17.4219,121,123.6,121,47.3265353,4.46318546,0.332791747,0.002015802,0.055632525,0.898661984,0.03623424,1.0214876
5308,OK,,234.736842,17.4219,124,123.6,124,48.4999205,3.90503851,0.397636254,0.002397085,0.048547976,0.911284911,0.04937559,0.996774194
5309,OK,,234.736842,17.4219,127,123.6,127,49.6733057,3.36123568,0.478937878,0.002872643,0.04166196,0.922691403,0.068951225,0.973228346
5310,OK,,234.736842,17.4219,130,123.6,130,50.8466908,2.83146508,0.581433434,0.003468891,0.034976978,0.93287865,0.099176399,0.950769231
5311,OK,,234.736842,17.4219,133,123.6,133,52.020076,2.31260036,0.718667488,0.004262871,0.028458331,0.941728885,0.149793445,0.929323308
5312,OK,,234.736842,17.4219,136,123.6,136,53.1934612,1.81777673,0.895258754,0.005278959,0.022273764,0.948996824,0.237003463,0.908823529
5313,OK,,234.736842,17.4219,139,123.6,139,54.3668464,1.35136813,1.13441832,0.006647268,0.016477643,0.954277531,0.403411355,0.889208633
5314,OK,,234.736842,17.4219,142,123.6,142,55.5402315,0.930143329,1.47012405,0.008556555,0.011275456,0.956783267,0.75886556,0.870422535
5315,OK,,234.736842,17.4219,145,123.6,145,56.7136167,0.582455899,1.94562368,0.011242005,0.007009737,0.955423764,1.60376982,0.852413793
5316,OK,,234.736842,17.4219,148,123.6,148,57.8870019,0.32858227,2.61905668,0.015012521,0.003918903,0.949079433,3.83079647,0.835135135
5317,OK,,234.736842,17.4219,151,123.6,151,59.0603871,0.176549054,3.48833096,0.019821792,0.002082875,0.937946902,9.51655539,0.818543046
5318,OK,,234.736842,17.4219,154,123.6,154,60.2337722,0.094466425,4.53013443,0.025503118,0.001101038,0.92322246,23.162796,0.802597403
5319,OK,,234.736842,17.4219,157,123.6,157,61.4071574,0.053698762,5.64845322,0.031494474,0.00061791,0.9071419,50.969333,0.787261146
5320,OK,,234.736842,17.4219,160,123.6,160,62.5805426,0.032641474,6.79644464,0.037525095,0.000370686,0.890875249,101.231616,0.7725
5321,OK,,240,8.13,121,123.6,121,47.3265353,2.58244925,0.540504772,0.003470199,0.034271929,0.934012621,0.101254837,1.0214876
5322,OK,,240,8.13,124,123.6,124,48.4999205,2.06668847,0.671900153,0.004288949,0.027321011,0.943534163,0.156983539,0.996774194
5323,OK,,240,8.13,127,123.6,127,49.6733057,1.57198237,0.851645037,0.005402941,0.02068898,0.951208655,0.261150688,0.973228346
5324,OK,,240,8.13,130,123.6,130,50.8466908,1.11610019,1.10340501,0.006953945,0.014610794,0.956349073,0.475945721,0.950769231
5325,OK,,240,8.13,133,123.6,133,52.020076,0.716508036,1.47218372,0.00921147,0.009318229,0.957926018,0.988542955,0.929323308
5326,OK,,240,8.13,136,123.6,136,53.1934612,0.402293783,2.02594353,0.012575497,0.005188214,0.954350831,2.4238586,0.908823529
5327,OK,,240,8.13,139,123.6,139,54.3668464,0.193933879,2.86268762,0.017604483,0.002473212,0.943777841,7.11806438,0.889208633
5328,OK,,240,8.13,142,123.6,142,55.5402315,0.100894204,3.79409124,0.023116303,0.001271166,0.929870918,18.1851244,0.870422535
5329,OK,,240,8.13,145,123.6,145,56.7136167,0.052670639,4.89774531,0.029538842,0.000654694,0.912712039,45.1185484,0.852413793
5330,OK,,240,8.13,148,123.6,148,57.8870019,0.02993111,6.03925351,0.036045636,0.000366875,0.895154621,98.2505355,0.835135135
5331,OK,,240,8.13,151,123.6,151,59.0603871,0.018148133,7.21105525,0.04258463,0.000219323,0.87759641,194.16427,0.818543046
5332,OK,,240,8.13,154,123.6,154,60.2337722,0.011566283,8.4096602,0.049127055,0.000137791,0.86019095,356.534003,0.802597403
5333,OK,,240,8.13,157,123.6,157,61.4071574,0.0075577,9.66377916,0.055812764,8.87E-05,0.84250473,629.312639,0.787261146
5334,OK,,240,8.13,160,123.6,160,62.5805426,0.005435319,10.8005918,0.061747278,6.30E-05,0.827326088,980.547591,0.7725
5335,OK,,240,8.61904737,121,123.6,121,47.3265353,2.68423425,0.526350526,0.003368832,0.035500842,0.932161001,0.094894415,1.0214876
5336,OK,,240,8.61904737,124,123.6,124,48.4999205,2.16126201,0.652947617,0.004155333,0.028478166,0.941974964,0.145912932,0.996774194
5337,OK,,240,8.61904737,127,123.6,127,49.6733057,1.66334637,0.823720664,0.005210325,0.021822208,0.949931517,0.238762501,0.973228346
5338,OK,,240,8.61904737,130,123.6,130,50.8466908,1.19897234,1.06185988,0.006672964,0.015649144,0.955536296,0.426410795,0.950769231
5339,OK,,240,8.61904737,133,123.6,133,52.020076,0.78093947,1.41285208,0.008815897,0.010129676,0.957827983,0.870304009,0.929323308
5340,OK,,240,8.61904737,136,123.6,136,53.1934612,0.454882697,1.92320666,0.01190721,0.005852973,0.955293577,2.03438648,0.908823529
5341,OK,,240,8.61904737,139,123.6,139,54.3668464,0.237426477,2.65368591,0.016287739,0.003023752,0.946822143,5.38659806,0.889208633
5342,OK,,240,8.61904737,142,123.6,142,55.5402315,0.115290337,3.62810087,0.022050989,0.001449721,0.932600367,15.2105097,0.870422535
5343,OK,,240,8.61904737,145,123.6,145,56.7136167,0.060848151,4.69151424,0.028236334,0.000755355,0.916204209,37.3815401,0.852413793
5344,OK,,240,8.61904737,148,123.6,148,57.8870019,0.034043275,5.83229306,0.034740155,0.000416777,0.898658833,83.3542045,0.835135135
5345,OK,,240,8.61904737,151,123.6,151,59.0603871,0.019940309,7.04478979,0.041505736,0.000240562,0.880381243,172.536705,0.818543046
5346,OK,,240,8.61904737,154,123.6,154,60.2337722,0.012907725,8.20274238,0.047831009,0.000153635,0.863603925,311.327889,0.802597403
5347,OK,,240,8.61904737,157,123.6,157,61.4071574,0.008502142,9.37971326,0.054112433,9.98E-05,0.847115291,542.251018,0.787261146
5348,OK,,240,8.61904737,160,123.6,160,62.5805426,0.005943862,10.6054308,0.060519467,6.88E-05,0.830436519,879.738625,0.7725
5349,OK,,240,9.10809474,121,123.6,121,47.3265353,2.77864766,0.513925456,0.003279156,0.036628838,0.930428604,0.08952388,1.0214876
5350,OK,,240,9.10809474,124,123.6,124,48.4999205,2.25384023,0.63551848,0.004032167,0.029602406,0.940425496,0.136210778,0.996774194
5351,OK,,240,9.10809474,127,123.6,127,49.6733057,1.74995613,0.799170842,0.005040104,0.02288783,0.948682156,0.220208905,0.973228346
5352,OK,,240,9.10809474,130,123.6,130,50.8466908,1.28266399,1.02354234,0.006413702,0.016691584,0.954643925,0.384247684,0.950769231
5353,OK,,240,9.10809474,133,123.6,133,52.020076,0.860887113,1.34694238,0.008381658,0.011135094,0.957558126,0.752724508,0.929323308
5354,OK,,240,9.10809474,136,123.6,136,53.1934612,0.512623893,1.82689633,0.011281661,0.00658014,0.95601865,1.71450178,0.908823529
5355,OK,,240,9.10809474,139,123.6,139,54.3668464,0.270033525,2.52588541,0.015465779,0.003432527,0.94857309,4.50565373,0.889208633
5356,OK,,240,9.10809474,142,123.6,142,55.5402315,0.135298743,3.43921011,0.020861846,0.001699559,0.935641088,12.2748568,0.870422535
5357,OK,,240,9.10809474,145,123.6,145,56.7136167,0.069804998,4.49315102,0.026985594,0.000865388,0.919543907,31.1832209,0.852413793
5358,OK,,240,9.10809474,148,123.6,148,57.8870019,0.038650262,5.63005808,0.033467051,0.000472598,0.902072863,70.815103,0.835135135
5359,OK,,240,9.10809474,151,123.6,151,59.0603871,0.023806769,6.73237144,0.039609793,0.000287079,0.885605589,137.975339,0.818543046
5360,OK,,240,9.10809474,154,123.6,154,60.2337722,0.014416313,7.98868955,0.046494572,0.000171404,0.867132581,271.256703,0.802597403
5361,OK,,240,9.10809474,157,123.6,157,61.4071574,0.009553403,9.18080042,0.052864137,0.000112008,0.850337416,471.967333,0.787261146
5362,OK,,240,9.10809474,160,123.6,160,62.5805426,0.006658627,10.3570529,0.059003332,7.70E-05,0.834394028,766.356536,0.7725
5363,OK,,240,9.59714211,121,123.6,121,47.3265353,2.874657,0.501999804,0.003193189,0.03776962,0.928651933,0.084543861,1.0214876
5364,OK,,240,9.59714211,124,123.6,124,48.4999205,2.35204654,0.618028458,0.003909301,0.030790204,0.93876124,0.126965743,0.996774194
5365,OK,,240,9.59714211,127,123.6,127,49.6733057,1.84573894,0.773729532,0.004865183,0.024062747,0.947266073,0.20218736,0.973228346
5366,OK,,240,9.59714211,130,123.6,130,50.8466908,1.36673319,0.988204276,0.006174486,0.017732697,0.953685531,0.348197813,0.950769231
5367,OK,,240,9.59714211,133,123.6,133,52.020076,0.936429508,1.29106153,0.008011755,0.012078642,0.957180166,0.663299321,0.929323308
5368,OK,,240,9.59714211,136,123.6,136,53.1934612,0.571562669,1.74089089,0.010722495,0.007318989,0.956527485,1.46502401,0.908823529
5369,OK,,240,9.59714211,139,123.6,139,54.3668464,0.309255655,2.39607195,0.014635433,0.003923288,0.950239387,3.73039988,0.889208633
5370,OK,,240,9.59714211,142,123.6,142,55.5402315,0.156346818,3.27135245,0.019799036,0.001960817,0.93828439,10.0973382,0.870422535
5371,OK,,240,9.59714211,145,123.6,145,56.7136167,0.076839306,4.36905023,0.026162289,0.000949814,0.921608076,27.5446363,0.852413793
5372,OK,,240,9.59714211,148,123.6,148,57.8870019,0.043892215,5.43403525,0.032235642,0.000536035,0.90536861,60.1372257,0.835135135
5373,OK,,240,9.59714211,151,123.6,151,59.0603871,0.025839946,6.58895129,0.038682224,0.000311215,0.887999528,124.294376,0.818543046
5374,OK,,240,9.59714211,154,123.6,154,60.2337722,0.015182911,7.89410214,0.045839572,0.000180283,0.868690192,254.263966,0.802597403
5375,OK,,240,9.59714211,157,123.6,157,61.4071574,0.010503749,8.9590977,0.051493577,0.000123022,0.853932313,418.570479,0.787261146
5376,OK,,240,9.59714211,160,123.6,160,62.5805426,0.007233513,10.1794853,0.057880435,8.35E-05,0.837222267,692.77204,0.7725
5377,OK,,240,10.0861895,121,123.6,121,47.3265353,2.97362313,0.490236165,0.003108734,0.03893932,0.926809362,0.079835346,1.0214876
5378,OK,,240,10.0861895,124,123.6,124,48.4999205,2.4461363,0.60261705,0.003800286,0.031918629,0.937139003,0.119061707,0.996774194
5379,OK,,240,10.0861895,127,123.6,127,49.6733057,1.93974511,0.750462595,0.004704857,0.025206793,0.945841984,0.186650368,0.973228346
5380,OK,,240,10.0861895,130,123.6,130,50.8466908,1.4606089,0.951822467,0.005929992,0.018891098,0.952554801,0.313904027,0.950769231
5381,OK,,240,10.0861895,133,123.6,133,52.020076,1.00981887,1.24259186,0.007689594,0.012989603,0.956701126,0.591980684,0.929323308
5382,OK,,240,10.0861895,136,123.6,136,53.1934612,0.636264453,1.65830036,0.010186969,0.008127011,0.956863781,1.25347059,0.908823529
5383,OK,,240,10.0861895,139,123.6,139,54.3668464,0.351595849,2.27491667,0.013861387,0.004451273,0.951689077,3.11402781,0.889208633
5384,OK,,240,10.0861895,142,123.6,142,55.5402315,0.181131099,3.10726783,0.018763373,0.002267859,0.940792488,8.27360746,0.870422535
5385,OK,,240,10.0861895,145,123.6,145,56.7136167,0.093430485,4.10503742,0.024550291,0.001155089,0.925970725,21.2540254,0.852413793
5386,OK,,240,10.0861895,148,123.6,148,57.8870019,0.050255906,5.22732123,0.030946459,0.000612989,0.908829669,50.4845382,0.835135135
5387,OK,,240,10.0861895,151,123.6,151,59.0603871,0.029099328,6.39130563,0.037446814,0.00035006,0.891290842,106.972626,0.818543046
5388,OK,,240,10.0861895,154,123.6,154,60.2337722,0.018162358,7.55580046,0.043809074,0.000215473,0.874257206,203.315407,0.802597403
5389,OK,,240,10.0861895,157,123.6,157,61.4071574,0.011743005,8.76468197,0.050279928,0.000137388,0.857078143,365.97034,0.787261146
5390,OK,,240,10.0861895,160,123.6,160,62.5805426,0.008020933,9.95739604,0.056517349,9.26E-05,0.84075854,610.661288,0.7725
5391,OK,,240,10.5752368,121,123.6,121,47.3265353,3.07119624,0.479209876,0.003029451,0.040083831,0.924980646,0.07557787,1.0214876
5392,OK,,240,10.5752368,124,123.6,124,48.4999205,2.54344685,0.587153392,0.003691549,0.033079598,0.935451436,0.111595955,0.996774194
5393,OK,,240,10.5752368,127,123.6,127,49.6733057,2.03183243,0.729182449,0.004557944,0.026321123,0.944416526,0.173166786,0.973228346
5394,OK,,240,10.5752368,130,123.6,130,50.8466908,1.54566118,0.921572974,0.005724988,0.019931387,0.951476997,0.287234822,0.950769231
5395,OK,,240,10.5752368,133,123.6,133,52.020076,1.09586698,1.1909614,0.007349547,0.014054825,0.956039503,0.522919843,0.929323308
5396,OK,,240,10.5752368,136,123.6,136,53.1934612,0.702208129,1.58435145,0.009706905,0.008946477,0.957014273,1.08499747,0.908823529
5397,OK,,240,10.5752368,139,123.6,139,54.3668464,0.401480278,2.15450546,0.013095398,0.005071727,0.952986316,2.58203908,0.889208633
5398,OK,,240,10.5752368,142,123.6,142,55.5402315,0.208363798,2.95167454,0.017782971,0.002604334,0.943103616,6.8282207,0.870422535
5399,OK,,240,10.5752368,145,123.6,145,56.7136167,0.106243921,3.93592975,0.02348736,0.00131162,0.928726576,17.9071426,0.852413793
5400,OK,,240,10.5752368,148,123.6,148,57.8870019,0.055609016,5.07544524,0.029971125,0.00067685,0.911360857,44.2802956,0.835135135
5401,OK,,240,10.5752368,151,123.6,151,59.0603871,0.033150622,6.17311415,0.036098086,0.000398334,0.894916625,90.6227715,0.818543046
5402,OK,,240,10.5752368,154,123.6,154,60.2337722,0.02027798,7.35950201,0.04258737,0.000240301,0.877481026,177.224959,0.802597403
5403,OK,,240,10.5752368,157,123.6,157,61.4071574,0.01310117,8.54364864,0.048922113,0.000153117,0.860655497,319.507901,0.787261146
5404,OK,,240,10.5752368,160,123.6,160,62.5805426,0.008786398,9.76421682,0.055317263,0.000101277,0.843833198,546.198818,0.7725
5405,OK,,240,11.0642842,121,123.6,121,47.3265353,3.17037515,0.468516914,0.002952722,0.041240233,0.923110956,0.071598091,1.0214876
5406,OK,,240,11.0642842,124,123.6,124,48.4999205,2.63817754,0.572925938,0.003591211,0.034200896,0.933791572,0.105003407,0.996774194
5407,OK,,240,11.0642842,127,123.6,127,49.6733057,2.12562384,0.708803274,0.004417423,0.027448592,0.942938625,0.160934402,0.973228346
5408,OK,,240,11.0642842,130,123.6,130,50.8466908,1.63338233,0.892575432,0.005528835,0.020998638,0.950322081,0.263294949,0.950769231
5409,OK,,240,11.0642842,133,123.6,133,52.020076,1.17471587,1.14819831,0.007065856,0.015023378,0.955345813,0.470324017,0.929323308
5410,OK,,240,11.0642842,136,123.6,136,53.1934612,0.772636674,1.51438874,0.009253515,0.00981791,0.957005516,0.942513765,0.908823529
5411,OK,,240,11.0642842,139,123.6,139,54.3668464,0.451511083,2.05115768,0.012435995,0.005691164,0.953967005,2.18514077,0.889208633
5412,OK,,240,11.0642842,142,123.6,142,55.5402315,0.239861866,2.80149454,0.016839144,0.002992622,0.94524048,5.62688586,0.870422535
5413,Errors,,240,11.0642842,145,123.6,145,56.7136167,0.071032558,5.84715124,0.034496696,0.000865838,0.895647921,39.8419671,0.852413793
5414,OK,,240,11.0642842,148,123.6,148,57.8870019,0.062869828,4.89476812,0.028839136,0.000763982,0.91435663,37.7484503,0.835135135
5415,OK,,240,11.0642842,151,123.6,151,59.0603871,0.037098318,5.98596751,0.034932308,0.000445231,0.898018517,78.4588934,0.818543046
5416,OK,,240,11.0642842,154,123.6,154,60.2337722,0.022619689,7.15497524,0.041323624,0.00026775,0.880837698,154.336798,0.802597403
5417,OK,,240,11.0642842,157,123.6,157,61.4071574,0.014573213,8.33689091,0.047648488,0.000170138,0.863998523,280.058383,0.787261146
5418,OK,,240,11.0642842,160,123.6,160,62.5805426,0.00965614,9.56532352,0.054087318,0.000111175,0.846997497,486.505866,0.7725
5419,OK,,240,11.5533316,121,123.6,121,47.3265353,3.2670078,0.458594097,0.002881313,0.042357976,0.921278795,0.068022915,1.0214876
5420,OK,,240,11.5533316,124,123.6,124,48.4999205,2.73548923,0.559030353,0.003493515,0.035346766,0.93207165,0.098835491,0.996774194
5421,OK,,240,11.5533316,127,123.6,127,49.6733057,2.22123605,0.689251177,0.004282832,0.028591468,0.941407418,0.149794053,0.973228346
5422,OK,,240,11.5533316,130,123.6,130,50.8466908,1.72312642,0.864955062,0.005342262,0.022084591,0.949100297,0.24189996,0.950769231
5423,OK,,240,11.5533316,133,123.6,133,52.020076,1.2631771,1.10425344,0.006776365,0.016106381,0.95449006,0.420725471,0.929323308
5424,OK,,240,11.5533316,136,123.6,136,53.1934612,0.845683062,1.44982787,0.00883527,0.010717429,0.956845994,0.824383357,0.908823529
5425,OK,,240,11.5533316,139,123.6,139,54.3668464,0.505723361,1.95483947,0.011822009,0.006359844,0.954741483,1.85885213,0.889208633
5426,OK,,240,11.5533316,142,123.6,142,55.5402315,0.272953821,2.66690636,0.015992432,0.003399216,0.947067916,4.70474084,0.870422535
5427,OK,,240,11.5533316,145,123.6,145,56.7136167,0.142065387,3.57316921,0.021230148,0.001748524,0.934491312,12.1417516,0.852413793
5428,OK,,240,11.5533316,148,123.6,148,57.8870019,0.074714789,4.64218136,0.027312093,0.000907793,0.918515453,30.0862664,0.835135135
5429,OK,,240,11.5533316,151,123.6,151,59.0603871,0.04236351,5.77082468,0.033610772,0.000507817,0.901572129,66.186781,0.818543046
5430,OK,,240,11.5533316,154,123.6,154,60.2337722,0.02544468,6.94337397,0.04002463,0.000300852,0.884303798,133.03772,0.802597403
5431,OK,,240,11.5533316,157,123.6,157,61.4071574,0.016200516,8.13085682,0.04638324,0.000188932,0.867327236,245.502571,0.787261146
5432,OK,,240,11.5533316,160,123.6,160,62.5805426,0.010811029,9.32756589,0.052653948,0.000124359,0.850778269,423.402153,0.7725
5433,OK,,240,12.0423789,121,123.6,121,47.3265353,3.36787025,0.448870497,0.002811534,0.043519326,0.91935305,0.064604258,1.0214876
5434,OK,,240,12.0423789,124,123.6,124,48.4999205,2.83418373,0.545645106,0.003399547,0.036501719,0.930312693,0.093133878,0.996774194
5435,OK,,240,12.0423789,127,123.6,127,49.6733057,2.31423051,0.67170045,0.004161413,0.029694511,0.93988862,0.140140809,0.973228346
5436,OK,,240,12.0423789,130,123.6,130,50.8466908,1.81387159,0.838921722,0.005166467,0.023176037,0.947827612,0.222922797,0.950769231
5437,OK,,240,12.0423789,133,123.6,133,52.020076,1.34140146,1.06880392,0.006540428,0.017055527,0.953667784,0.383478477,0.929323308
5438,OK,,240,12.0423789,136,123.6,136,53.1934612,0.918504017,1.39219799,0.008461178,0.011609155,0.956560413,0.728836728,0.908823529
5439,OK,,240,12.0423789,139,123.6,139,54.3668464,0.564629905,1.8628395,0.011237019,0.007083978,0.955350189,1.58625843,0.889208633
5440,OK,,240,12.0423789,142,123.6,142,55.5402315,0.313819404,2.52692843,0.015117393,0.003900423,0.948852431,3.87583428,0.870422535
5441,OK,,240,12.0423789,145,123.6,145,56.7136167,0.162379882,3.41362496,0.020237202,0.001995471,0.936946274,10.1415648,0.852413793
5442,OK,,240,12.0423789,148,123.6,148,57.8870019,0.085992658,4.44800355,0.026115226,0.001043408,0.921675056,25.0287878,0.835135135
5443,OK,,240,12.0423789,151,123.6,151,59.0603871,0.048572169,5.55153097,0.03227101,0.000581562,0.905180047,55.4902027,0.818543046
5444,OK,,240,12.0423789,154,123.6,154,60.2337722,0.02896,6.71346017,0.03862712,0.000342038,0.888062462,112.932146,0.802597403
5445,OK,,240,12.0423789,157,123.6,157,61.4071574,0.018061418,7.92041982,0.045098189,0.000210405,0.870723844,214.339484,0.787261146
5446,OK,,240,12.0423789,160,123.6,160,62.5805426,0.012005663,9.10958145,0.051330655,0.000137958,0.854242441,372.073694,0.7725
5447,OK,,240,12.5314263,121,123.6,121,47.3265353,3.46787825,0.439197577,0.002742509,0.044663118,0.917444288,0.061404326,1.0214876
5448,OK,,240,12.5314263,124,123.6,124,48.4999205,2.93061887,0.533220362,0.003312128,0.037622021,0.928580517,0.088036948,0.996774194
5449,OK,,240,12.5314263,127,123.6,127,49.6733057,2.40917395,0.654399446,0.004042245,0.030814675,0.938325558,0.131179217,0.973228346
5450,OK,,240,12.5314263,130,123.6,130,50.8466908,1.90735101,0.81383061,0.004997435,0.024294684,0.946482621,0.205700759,0.950769231
5451,OK,,240,12.5314263,133,123.6,133,52.020076,1.4292445,1.03188727,0.006296763,0.018118471,0.952688809,0.34753282,0.929323308
5452,OK,,240,12.5314263,136,123.6,136,53.1934612,0.996194449,1.33668416,0.008101819,0.01255656,0.956143508,0.645226003,0.908823529
5453,OK,,240,12.5314263,139,123.6,139,54.3668464,0.629151477,1.77473214,0.010678158,0.007874142,0.955784016,1.3561043,0.889208633
5454,OK,,240,12.5314263,142,123.6,142,55.5402315,0.352024191,2.4132284,0.014402374,0.00436676,0.95021172,3.29818305,0.870422535
5455,OK,,240,12.5314263,145,123.6,145,56.7136167,0.186212541,3.2526429,0.019239907,0.002284645,0.939364554,8.42139755,0.852413793
5456,OK,,240,12.5314263,148,123.6,148,57.8870019,0.097558431,4.26816439,0.025006332,0.00118213,0.924581984,21.1536172,0.835135135
5457,OK,,240,12.5314263,151,123.6,151,59.0603871,0.054177826,5.38105233,0.031214017,0.000647845,0.907971647,48.1813261,0.818543046
5458,OK,,240,12.5314263,154,123.6,154,60.2337722,0.031495314,6.56699402,0.037693498,0.00037127,0.890451999,101.525897,0.802597403
5459,OK,,240,12.5314263,157,123.6,157,61.4071574,0.020240632,7.70260678,0.043776665,0.00023554,0.874235387,185.856605,0.787261146
5460,OK,,240,12.5314263,160,123.6,160,62.5805426,0.013294738,8.89966851,0.050056176,0.000152613,0.857576127,327.994622,0.7725
5461,OK,,240,13.0204737,121,123.6,121,47.3265353,3.56933275,0.430077686,0.002677315,0.045816226,0.915493276,0.058435959,1.0214876
5462,OK,,240,13.0204737,124,123.6,124,48.4999205,3.02936943,0.521089962,0.003227011,0.038762751,0.926794532,0.083250318,0.996774194
5463,OK,,240,13.0204737,127,123.6,127,49.6733057,2.50440311,0.63799969,0.003929271,0.031931176,0.936738601,0.123054372,0.973228346
5464,OK,,240,13.0204737,130,123.6,130,50.8466908,1.99909399,0.790811705,0.004842025,0.025384817,0.945131027,0.190744925,0.950769231
5465,OK,,240,13.0204737,133,123.6,133,52.020076,1.51592599,0.998304141,0.006074669,0.019160567,0.95166808,0.317040125,0.929323308
5466,OK,,240,13.0204737,136,123.6,136,53.1934612,1.07679833,1.28461873,0.007765075,0.013534535,0.955607005,0.573723077,0.908823529
5467,OK,,240,13.0204737,139,123.6,139,54.3668464,0.696261764,1.69433867,0.010168122,0.008692217,0.956028341,1.16979607,0.889208633
5468,OK,,240,13.0204737,142,123.6,142,55.5402315,0.401390424,2.28800362,0.013622271,0.00496856,0.951577551,2.74169402,0.870422535
5469,OK,,240,13.0204737,145,123.6,145,56.7136167,0.213000914,3.10173874,0.018305825,0.002608905,0.94155302,7.01666909,0.852413793
5470,OK,,240,13.0204737,148,123.6,148,57.8870019,0.112153898,4.08290858,0.023870534,0.001357066,0.927530148,17.5898138,0.835135135
5471,OK,,240,13.0204737,151,123.6,151,59.0603871,0.06194702,5.17371058,0.029951487,0.000739825,0.911350774,40.4845692,0.818543046
5472,OK,,240,13.0204737,154,123.6,154,60.2337722,0.036293422,6.32190086,0.036230882,0.000427654,0.894441373,84.7199899,0.802597403
5473,OK,,240,13.0204737,157,123.6,157,61.4071574,0.022572989,7.49684412,0.042526466,0.000262393,0.877548198,162.071475,0.787261146
5474,OK,,240,13.0204737,160,123.6,160,62.5805426,0.015614465,8.67368993,0.048695916,0.00017905,0.861150063,271.968388,0.7725
5475,OK,,240,13.5095211,121,123.6,121,47.3265353,3.66593686,0.421806024,0.002617805,0.046903466,0.91362683,0.055812612,1.0214876
5476,OK,,240,13.5095211,124,123.6,124,48.4999205,3.12723074,0.509646387,0.003146635,0.039885149,0.92501272,0.07889239,0.996774194
5477,OK,,240,13.5095211,127,123.6,127,49.6733057,2.59662958,0.623023763,0.003825714,0.03300388,0.935183429,0.115917086,0.973228346
5478,OK,,240,13.5095211,130,123.6,130,50.8466908,2.09038385,0.769305977,0.004696714,0.026462574,0.943758585,0.177485175,0.950769231
5479,OK,,240,13.5095211,133,123.6,133,52.020076,1.60627188,0.965842033,0.005860532,0.020241299,0.95055536,0.289533394,0.929323308
5480,OK,,240,13.5095211,136,123.6,136,53.1934612,1.15602398,1.23768965,0.007461005,0.014489975,0.954999852,0.51490806,0.908823529
5481,OK,,240,13.5095211,139,123.6,139,54.3668464,0.760882045,1.62575495,0.009731104,0.009475431,0.956101243,1.02698278,0.889208633
5482,OK,,240,13.5095211,142,123.6,142,55.5402315,0.451088426,2.18086443,0.012952644,0.005571737,0.952611777,2.32470497,0.870422535
5483,OK,,240,13.5095211,145,123.6,145,56.7136167,0.244843013,2.94328724,0.017331649,0.002993633,0.943785453,5.78950416,0.852413793
5484,OK,,240,13.5095211,148,123.6,148,57.8870019,0.128767079,3.90203229,0.022764609,0.001555821,0.930367799,14.6318943,0.835135135
5485,OK,,240,13.5095211,151,123.6,151,59.0603871,0.071718208,4.97347638,0.028729742,0.000855335,0.91457566,33.5888847,0.818543046
5486,OK,,240,13.5095211,154,123.6,154,60.2337722,0.041037988,6.12615834,0.035035703,0.000482957,0.897612318,72.5442002,0.802597403
5487,OK,,240,13.5095211,157,123.6,157,61.4071574,0.025324727,7.29101753,0.04127749,0.000294042,0.88085522,140.379762,0.787261146
5488,OK,,240,13.5095211,160,123.6,160,62.5805426,0.016498698,8.46436864,0.047433554,0.000188993,0.864480764,250.981138,0.7725
5489,OK,,240,13.9985684,121,123.6,121,47.3265353,3.75843666,0.414231008,0.002562989,0.047934913,0.911832387,0.053468114,1.0214876
5490,OK,,240,13.9985684,124,123.6,124,48.4999205,3.22120868,0.499183295,0.003072795,0.040953779,0.923290761,0.075030812,0.996774194
5491,OK,,240,13.9985684,127,123.6,127,49.6733057,2.69611838,0.607556922,0.003719686,0.034157624,0.933491938,0.108897676,0.973228346
5492,OK,,240,13.9985684,130,123.6,130,50.8466908,2.18370641,0.748962269,0.004559271,0.027558424,0.942323313,0.165440181,0.950769231
5493,OK,,240,13.9985684,133,123.6,133,52.020076,1.69815885,0.935193083,0.005658513,0.02133432,0.949378161,0.265230527,0.929323308
5494,OK,,240,13.9985684,136,123.6,136,53.1934612,1.23801681,1.19370034,0.007176153,0.015473951,0.954285412,0.463756967,0.908823529
5495,OK,,240,13.9985684,139,123.6,139,54.3668464,0.837447412,1.55308236,0.009271831,0.010401117,0.956029641,0.891426476,0.889208633
5496,OK,,240,13.9985684,142,123.6,142,55.5402315,0.503599769,2.0811343,0.012327807,0.00620416,0.95346195,1.98702281,0.870422535
5497,OK,,240,13.9985684,145,123.6,145,56.7136167,0.277684965,2.80738286,0.016493277,0.003389071,0.945602696,4.86660749,0.852413793
5498,OK,,240,13.9985684,148,123.6,148,57.8870019,0.148359624,3.73480375,0.021735951,0.001789269,0.932918216,12.1479526,0.835135135
5499,OK,,240,13.9985684,151,123.6,151,59.0603871,0.081600027,4.77378298,0.027520833,0.000971947,0.917789516,28.3151517,0.818543046
5500,OK,,240,13.9985684,154,123.6,154,60.2337722,0.046369063,5.92060537,0.033794436,0.000545056,0.900936398,62.0017277,0.802597403
5501,OK,,240,13.9985684,157,123.6,157,61.4071574,0.028226587,7.08984916,0.040061736,0.000327366,0.88408394,122.376017,0.787261146
5502,OK,,240,13.9985684,160,123.6,160,62.5805426,0.018184969,8.27146991,0.04626527,0.000208085,0.867536225,222.338175,0.7725
5503,OK,,240,14.4876158,121,123.6,121,47.3265353,3.86028838,0.406140181,0.002505245,0.049070357,0.909851238,0.051054147,1.0214876
5504,OK,,240,14.4876158,124,123.6,124,48.4999205,3.32580022,0.487959963,0.002994633,0.042142081,0.92136564,0.0710604,0.996774194
5505,OK,,240,14.4876158,127,123.6,127,49.6733057,2.79344522,0.593224896,0.003621203,0.035277753,0.931821125,0.102648346,0.973228346
5506,OK,,240,14.4876158,130,123.6,130,50.8466908,2.2809077,0.728579568,0.004422319,0.028694212,0.940812524,0.154118859,0.950769231
5507,OK,,240,14.4876158,133,123.6,133,52.020076,1.78371301,0.908685194,0.005482608,0.022343656,0.948243094,0.245376497,0.929323308
5508,Errors,,240,14.4876158,136,123.6,136,53.1934612,1.28825605,1.16464879,0.006978593,0.016077876,0.953887098,0.43404941,0.908823529
5509,OK,,240,14.4876158,139,123.6,139,54.3668464,0.907262327,1.49398463,0.008895534,0.011239326,0.955832514,0.791465123,0.889208633
5510,OK,,240,14.4876158,142,123.6,142,55.5402315,0.555034224,1.99600775,0.011795971,0.006825546,0.954068575,1.72820911,0.870422535
5511,OK,,240,14.4876158,145,123.6,145,56.7136167,0.318397995,2.67712617,0.015687896,0.003877913,0.94718157,4.04544852,0.852413793
5512,OK,,240,14.4876158,148,123.6,148,57.8870019,0.170429581,3.56053471,0.020679089,0.002052675,0.93554746,10.074213,0.835135135
5513,OK,,240,14.4876158,151,123.6,151,59.0603871,0.091696352,4.60489131,0.026491548,0.001090756,0.920478211,24.2873373,0.818543046
5514,OK,,240,14.4876158,154,123.6,154,60.2337722,0.052525162,5.71489241,0.032556806,0.000616686,0.904249437,52.7931748,0.802597403
5515,OK,,240,14.4876158,157,123.6,157,61.4071574,0.031851057,6.86885437,0.038741427,0.000369001,0.887623761,104.990121,0.787261146
5516,OK,,240,14.4876158,160,123.6,160,62.5805426,0.020346799,8.04793086,0.044933957,0.000232579,0.871073702,193.198553,0.7725
5517,OK,,240,14.9766632,121,123.6,121,47.3265353,3.96933341,0.397811884,0.002446333,0.050282984,0.907723114,0.048651311,1.0214876
5518,OK,,240,14.9766632,124,123.6,124,48.4999205,3.42088937,0.478153186,0.002925667,0.043209607,0.919607238,0.067708719,0.996774194
5519,OK,,240,14.9766632,127,123.6,127,49.6733057,2.88548061,0.580378519,0.003532367,0.036327443,0.930226928,0.097236874,0.973228346
5520,OK,,240,14.9766632,130,123.6,130,50.8466908,2.35598341,0.713922438,0.004320968,0.029556612,0.939624275,0.146192954,0.950769231
5521,OK,,240,14.9766632,133,123.6,133,52.020076,1.87643459,0.881698359,0.005304717,0.023433707,0.946979452,0.226371214,0.929323308
5522,OK,,240,14.9766632,136,123.6,136,53.1934612,1.40716587,1.11376853,0.006658913,0.017487631,0.95260819,0.380778451,0.908823529
5523,OK,,240,14.9766632,139,123.6,139,54.3668464,0.983529629,1.43553036,0.008524895,0.012151627,0.955504868,0.701543532,0.889208633
5524,OK,,240,14.9766632,142,123.6,142,55.5402315,0.62656264,1.90190821,0.011209173,0.007684716,0.954474967,1.45863203,0.870422535
5525,OK,,240,14.9766632,145,123.6,145,56.7136167,0.358802044,2.55268821,0.014923696,0.004361555,0.948663294,3.42164597,0.852413793
5526,OK,,240,14.9766632,148,123.6,148,57.8870019,0.193253326,3.40892402,0.019755062,0.002323888,0.937772259,8.50086804,0.835135135
5527,OK,,240,14.9766632,151,123.6,151,59.0603871,0.10440887,4.41544934,0.02534984,0.001240307,0.923470562,20.4383583,0.818543046
5528,OK,,240,14.9766632,154,123.6,154,60.2337722,0.058977311,5.52572568,0.031416415,0.000691598,0.907282862,45.425862,0.802597403
5529,OK,,240,14.9766632,157,123.6,157,61.4071574,0.035939097,6.65215172,0.037449494,0.000415904,0.891086136,90.04359,0.787261146
5530,OK,,240,14.9766632,160,123.6,160,62.5805426,0.022543113,7.84679678,0.043729161,0.000257407,0.87425261,169.883337,0.7725
5531,OK,,240,15.4657105,121,123.6,121,47.3265353,4.06804868,0.390633606,0.002394889,0.051365905,0.905788956,0.046624092,1.0214876
5532,OK,,240,15.4657105,124,123.6,124,48.4999205,3.52215254,0.468297021,0.002856749,0.044343076,0.917722555,0.064423782,0.996774194
5533,OK,,240,15.4657105,127,123.6,127,49.6733057,2.98738627,0.56672278,0.003439041,0.037487902,0.928450322,0.091737354,0.973228346
5534,OK,,240,15.4657105,130,123.6,130,50.8466908,2.4669552,0.692848973,0.004181152,0.030844076,0.937856247,0.135557715,0.950769231
5535,OK,,240,15.4657105,133,123.6,133,52.020076,1.96834277,0.856682694,0.005139613,0.0245072,0.945693554,0.20971849,0.929323308
5536,OK,,240,15.4657105,136,123.6,136,53.1934612,1.49339298,1.07767202,0.006425358,0.018505645,0.95166577,0.347210701,0.908823529
5537,OK,,240,15.4657105,139,123.6,139,54.3668464,1.06114214,1.38947114,0.008227526,0.013073408,0.954924491,0.62933289,0.889208633
5538,OK,,240,15.4657105,142,123.6,142,55.5402315,0.689477154,1.82146656,0.010707995,0.008436162,0.954790543,1.26929703,0.870422535
5539,OK,,240,15.4657105,145,123.6,145,56.7136167,0.401939048,2.43859781,0.014222981,0.004876199,0.949914376,2.91681715,0.852413793
5540,OK,,240,15.4657105,148,123.6,148,57.8870019,0.221806198,3.24617636,0.018771016,0.002662804,0.940090479,7.04934119,0.835135135
5541,OK,,240,15.4657105,151,123.6,151,59.0603871,0.121438658,4.20401936,0.024087967,0.001440609,0.926762112,16.720686,0.818543046
5542,OK,,240,15.4657105,154,123.6,154,60.2337722,0.066779578,5.32762517,0.030230397,0.000782129,0.91044219,38.6514357,0.802597403
5543,OK,,240,15.4657105,157,123.6,157,61.4071574,0.039919504,6.46525455,0.036325716,0.000461427,0.894064889,78.7247818,0.787261146
5544,OK,,240,15.4657105,160,123.6,160,62.5805426,0.025012858,7.64474216,0.04252249,0.000285276,0.877441858,149.057471,0.7725
5545,OK,,240,15.9547579,121,123.6,121,47.3265353,4.17351706,0.383129843,0.002341718,0.052520877,0.903718984,0.044586432,1.0214876
5546,OK,,240,15.9547579,124,123.6,124,48.4999205,3.62325408,0.458829002,0.0027906,0.045467462,0.915833201,0.061375748,0.996774194
5547,OK,,240,15.9547579,127,123.6,127,49.6733057,3.08605744,0.55416191,0.003352906,0.038602679,0.926716789,0.086856815,0.973228346
5548,OK,,240,15.9547579,130,123.6,130,50.8466908,2.55353967,0.677561541,0.004077147,0.031832415,0.936454051,0.128081623,0.950769231
5549,OK,,240,15.9547579,133,123.6,133,52.020076,2.05198792,0.835714604,0.004999695,0.025475293,0.944488691,0.196256616,0.929323308
5550,OK,,240,15.9547579,136,123.6,136,53.1934612,1.58196553,1.0491629,0.006236771,0.01954353,0.950536619,0.319122056,0.908823529
5551,OK,,240,15.9547579,139,123.6,139,54.3668464,1.14327956,1.33731529,0.00789763,0.014046488,0.954373023,0.562249483,0.889208633
5552,OK,,240,15.9547579,142,123.6,142,55.5402315,0.752341203,1.74980405,0.010260585,0.009183373,0.954948959,1.11730025,0.870422535
5553,OK,,240,15.9547579,145,123.6,145,56.7136167,0.456462227,2.31443652,0.013467164,0.005525732,0.951142267,2.43717293,0.852413793
5554,OK,,240,15.9547579,148,123.6,148,57.8870019,0.252183793,3.09140759,0.01783682,0.003022359,0.942239341,5.90162107,0.835135135
5555,OK,,240,15.9547579,151,123.6,151,59.0603871,0.134853546,4.06047125,0.023215074,0.001597493,0.928965504,14.5321896,0.818543046
5556,OK,,240,15.9547579,154,123.6,154,60.2337722,0.076486695,5.11394871,0.028962308,0.000894728,0.913828485,32.3699641,0.802597403
5557,OK,,240,15.9547579,157,123.6,157,61.4071574,0.044878111,6.25970593,0.035103862,0.000518151,0.897331446,67.7483543,0.787261146
5558,OK,,240,15.9547579,160,123.6,160,62.5805426,0.027954554,7.43064338,0.041256868,0.000318509,0.880816023,129.531054,0.7725
5559,OK,,240,16.4438053,121,123.6,121,47.3265353,4.27155973,0.376557974,0.002294581,0.053581327,0.901786225,0.042824267,1.0214876
5560,OK,,240,16.4438053,124,123.6,124,48.4999205,3.72271089,0.449924276,0.002728251,0.046564799,0.913966144,0.058590421,0.996774194
5561,OK,,240,16.4438053,127,123.6,127,49.6733057,3.18619338,0.541989407,0.00326958,0.039727172,0.92494595,0.082300848,0.973228346
5562,OK,,240,16.4438053,130,123.6,130,50.8466908,2.65924021,0.659616887,0.003957604,0.033041305,0.934728159,0.119777474,0.950769231
5563,OK,,240,16.4438053,133,123.6,133,52.020076,2.15442392,0.810941857,0.004837667,0.026661646,0.942995743,0.181446683,0.929323308
5564,OK,,240,16.4438053,136,123.6,136,53.1934612,1.6700778,1.01722709,0.006030236,0.020571971,0.949480541,0.29312874,0.908823529
5565,OK,,240,16.4438053,139,123.6,139,54.3668464,1.21900815,1.29347145,0.00761832,0.014937002,0.953786549,0.510030048,0.889208633
5566,OK,,240,16.4438053,142,123.6,142,55.5402315,0.817243548,1.68328437,0.009845293,0.009951345,0.954978079,0.989342976,0.870422535
5567,OK,,240,16.4438053,145,123.6,145,56.7136167,0.506504263,2.21503981,0.012857805,0.006118549,0.952012511,2.10144685,0.852413793
5568,OK,,240,16.4438053,148,123.6,148,57.8870019,0.2851682,2.95133557,0.016990492,0.003411646,0.944089283,4.98014438,0.835135135
5569,OK,,240,16.4438053,151,123.6,151,59.0603871,0.153905346,3.88482054,0.022164407,0.001820508,0.931617009,12.1748463,0.818543046
5570,OK,,240,16.4438053,154,123.6,154,60.2337722,0.084829375,4.94929571,0.027971493,0.000991029,0.916423546,28.2246836,0.802597403
5571,OK,,240,16.4438053,157,123.6,157,61.4071574,0.050096066,6.06936931,0.033966249,0.000577577,0.900346057,58.8082169,0.787261146
5572,OK,,240,16.4438053,160,123.6,160,62.5805426,0.031179389,7.22394632,0.040034596,0.000354863,0.884067389,112.816915,0.7725
5573,OK,,240,16.9328526,121,123.6,121,47.3265353,4.37120951,0.370111156,0.002248468,0.054653345,0.899816865,0.041140542,1.0214876
5574,OK,,240,16.9328526,124,123.6,124,48.4999205,3.82220135,0.441376555,0.002668421,0.047655273,0.912091033,0.055994236,0.996774194
5575,OK,,240,16.9328526,127,123.6,127,49.6733057,3.28282852,0.530811824,0.003192738,0.040803275,0.923225558,0.07824711,0.973228346
5576,OK,,240,16.9328526,130,123.6,130,50.8466908,2.75467617,0.64442047,0.003855253,0.034121025,0.933150091,0.112987593,0.950769231
5577,OK,,240,16.9328526,133,123.6,133,52.020076,2.24719193,0.794313324,0.0047241,0.02772232,0.941532088,0.170407831,0.929323308
5578,OK,,240,16.9328526,136,123.6,136,53.1934612,1.7583626,0.98738925,0.005837184,0.021596384,0.948381779,0.270285245,0.908823529
5579,OK,,240,16.9328526,139,123.6,139,54.3668464,1.30429953,1.2479,0.007330218,0.015937069,0.953055958,0.459947729,0.889208633
5580,OK,,240,16.9328526,142,123.6,142,55.5402315,0.896458803,1.61016817,0.009393527,0.010886908,0.954868266,0.862827796,0.870422535
5581,OK,,240,16.9328526,145,123.6,145,56.7136167,0.565157,2.11264383,0.012233992,0.006811636,0.952783811,1.7960431,0.852413793
5582,OK,,240,16.9328526,148,123.6,148,57.8870019,0.320930626,2.82099417,0.016203307,0.003832514,0.945723138,4.22785309,0.835135135
5583,OK,,240,16.9328526,151,123.6,151,59.0603871,0.174243099,3.72286618,0.021195196,0.002057976,0.934014837,10.2990506,0.818543046
5584,OK,,240,16.9328526,154,123.6,154,60.2337722,0.096847465,4.75586725,0.026824728,0.001129954,0.919435318,23.7396739,0.802597403
5585,OK,,240,16.9328526,157,123.6,157,61.4071574,0.05642618,5.86706046,0.032774621,0.000649949,0.903537521,50.4264874,0.787261146
5586,OK,,240,16.9328526,160,123.6,160,62.5805426,0.034926182,7.01042267,0.038779615,0.000397071,0.887419499,97.6642242,0.7725
5587,OK,,240,17.4219,121,123.6,121,47.3265353,4.47847555,0.363363228,0.00220077,0.055806903,0.897692938,0.039435436,1.0214876
5588,OK,,240,17.4219,124,123.6,124,48.4999205,3.9227548,0.433060747,0.002610346,0.048751859,0.910189223,0.053543511,0.996774194
5589,OK,,240,17.4219,127,123.6,127,49.6733057,3.38168645,0.51983231,0.003117527,0.041899248,0.92145643,0.074405329,0.973228346
5590,OK,,240,17.4219,130,123.6,130,50.8466908,2.85528526,0.629068103,0.003752528,0.035255404,0.93147335,0.106438368,0.950769231
5591,OK,,240,17.4219,133,123.6,133,52.020076,2.34038185,0.774226823,0.004591639,0.028785189,0.940126795,0.15951393,0.929323308
5592,OK,,240,17.4219,136,123.6,136,53.1934612,1.8494277,0.958559815,0.005651115,0.022648188,0.947211792,0.249517335,0.908823529
5593,OK,,240,17.4219,139,123.6,139,54.3668464,1.38746232,1.20660921,0.007068714,0.016906391,0.952285782,0.418108988,0.889208633
5594,OK,,240,17.4219,142,123.6,142,55.5402315,0.969804306,1.54945234,0.009016087,0.011747613,0.954640869,0.76748248,0.870422535
5595,OK,,240,17.4219,145,123.6,145,56.7136167,0.622195267,2.02511179,0.011698477,0.007482527,0.953321491,1.56343929,0.852413793
5596,OK,,240,17.4219,148,123.6,148,57.8870019,0.362648708,2.6871996,0.015399964,0.004322522,0.947313763,3.56272692,0.835135135
5597,OK,,240,17.4219,151,123.6,151,59.0603871,0.201662812,3.53856689,0.020104241,0.002378084,0.936671094,8.45396704,0.818543046
5598,OK,,240,17.4219,154,123.6,154,60.2337722,0.110215658,4.56163859,0.025678091,0.001284241,0.92243796,19.9947654,0.802597403
5599,OK,,240,17.4219,157,123.6,157,61.4071574,0.063554688,5.66816883,0.031602587,0.000731196,0.906660335,43.2204296,0.787261146
5600,OK,,240,17.4219,160,123.6,160,62.5805426,0.039015012,6.80919424,0.037594107,0.000443016,0.890569673,84.859431,0.7725
5601,OK,,191.5,15.12,140.462884,123.6,140.462884,54.9390217,0.530885978,1.04568465,0.006193085,0.006567405,0.971303263,0.943003243,0.879947762
