Row/Case,Status,Description,HEATER2_output_T_SP,air2_SP_m3,air2_SP,acidgas_Fm,AIRFLOW,acidgas_Fv,H2S,SO2OUT,H2SOUT,B35_H2S,B35_SO2,acidgas_T,acidgas_P,Total_S,acidgas_CO2,acidgas_H2O,acidgas_H2S
1,OK,,180.0,50.68965517,2.94,135.0,123.6,2394.890899,52.8023328,0.016196478,2.85708955,0.018278433,0.000214446,83.6,1.6722,0.018492879,0.285675,0.323196,0.391128
2,OK,,180.0,50.68965517,2.94,136.111111,123.6,2414.601934,53.2369199,0.011134075,3.28795141,0.020952229,0.000146611,83.6,1.6722,0.02109884,0.285675,0.323196,0.391128
3,OK,,180.0,50.68965517,2.94,137.222222,123.6,2434.312968,53.671507,0.007958726,3.73080133,0.023679496,0.000104221,83.6,1.6722,0.023783717,0.285675,0.323196,0.391128
4,OK,,180.0,50.68965517,2.94,138.333333,123.6,2454.024002,54.1060941,0.005972411,4.13672121,0.026153154,7.78e-05,83.6,1.6722,0.026230931,0.285675,0.323196,0.391128
5,OK,,180.0,50.68965517,2.94,139.444444,123.6,2473.735036,54.5406812,0.004465047,4.58373262,0.028862828,5.78e-05,83.6,1.6722,0.028920656,0.285675,0.323196,0.391128
6,OK,,180.0,50.68965517,2.94,140.555556,123.6,2493.446088,54.9752683,0.003718583,5.02235902,0.03149749,4.79e-05,83.6,1.6722,0.031545386,0.285675,0.323196,0.391128
7,OK,,180.0,50.68965517,2.94,141.666667,123.6,2513.157123,55.4098554,0.002639336,5.4793644,0.034222732,3.38e-05,83.6,1.6722,0.034256539,0.285675,0.323196,0.391128
8,OK,,180.0,50.68965517,2.94,142.777778,123.6,2532.868157,55.8444425,0.002070731,5.93206705,0.036898258,2.64e-05,83.6,1.6722,0.036924636,0.285675,0.323196,0.391128
9,OK,,180.0,50.68965517,2.94,143.888889,123.6,2552.579191,56.2790296,0.001664138,6.3541838,0.039364124,2.11e-05,83.6,1.6722,0.039385206,0.285675,0.323196,0.391128
10,OK,,180.0,50.68965517,2.94,145.0,123.6,2572.290225,56.7136167,0.001294469,6.88093602,0.042419268,1.63e-05,83.6,1.6722,0.042435555,0.285675,0.323196,0.391128
11,OK,,180.0,55.79879793,3.23633028,135.0,123.6,2394.890899,52.8023328,0.016929557,2.8175696,0.017996801,0.000223953,83.6,1.6722,0.018220754,0.285675,0.323196,0.391128
12,OK,,180.0,55.79879793,3.23633028,136.111111,123.6,2414.601934,53.2369199,0.011634295,3.20281482,0.02037999,0.000153072,83.6,1.6722,0.020533063,0.285675,0.323196,0.391128
13,OK,,180.0,55.79879793,3.23633028,137.222222,123.6,2434.312968,53.671507,0.008358538,3.67132671,0.023258523,0.000109278,83.6,1.6722,0.023367801,0.285675,0.323196,0.391128
14,OK,,180.0,55.79879793,3.23633028,138.333333,123.6,2454.024002,54.1060941,0.006005769,4.10025992,0.025882183,7.81e-05,83.6,1.6722,0.025960331,0.285675,0.323196,0.391128
15,OK,,180.0,55.79879793,3.23633028,139.444444,123.6,2473.735036,54.5406812,0.004703783,4.5183301,0.028408879,6.09e-05,83.6,1.6722,0.02846975,0.285675,0.323196,0.391128
16,OK,,180.0,55.79879793,3.23633028,140.555556,123.6,2493.446088,54.9752683,0.003462768,4.95667293,0.031039357,4.46e-05,83.6,1.6722,0.031083921,0.285675,0.323196,0.391128
17,OK,,180.0,55.79879793,3.23633028,141.666667,123.6,2513.157123,55.4098554,0.002748749,5.42374508,0.033822252,3.52e-05,83.6,1.6722,0.033857426,0.285675,0.323196,0.391128
18,OK,,180.0,55.79879793,3.23633028,142.777778,123.6,2532.868157,55.8444425,0.002178445,5.83350046,0.036236349,2.77e-05,83.6,1.6722,0.036264078,0.285675,0.323196,0.391128
19,OK,,180.0,55.79879793,3.23633028,143.888889,123.6,2552.579191,56.2790296,0.001835811,6.28332408,0.038870678,2.32e-05,83.6,1.6722,0.038893917,0.285675,0.323196,0.391128
20,OK,,180.0,55.79879793,3.23633028,145.0,123.6,2572.290225,56.7136167,0.001432688,6.72158832,0.041412546,1.8e-05,83.6,1.6722,0.041430583,0.285675,0.323196,0.391128
21,OK,,180.0,60.90794052,3.53266055,135.0,123.6,2394.890899,52.8023328,0.018458142,2.70707428,0.017266923,0.000243976,83.6,1.6722,0.017510899,0.285675,0.323196,0.391128
22,OK,,180.0,60.90794052,3.53266055,136.111111,123.6,2414.601934,53.2369199,0.012958414,3.12965216,0.019884777,0.000170349,83.6,1.6722,0.020055126,0.285675,0.323196,0.391128
23,OK,,180.0,60.90794052,3.53266055,137.222222,123.6,2434.312968,53.671507,0.009173034,3.56673979,0.022563944,0.000119824,83.6,1.6722,0.022683768,0.285675,0.323196,0.391128
24,OK,,180.0,60.90794052,3.53266055,138.333333,123.6,2454.024002,54.1060941,0.006748438,3.99672508,0.025193385,8.77e-05,83.6,1.6722,0.025281124,0.285675,0.323196,0.391128
25,OK,,180.0,60.90794052,3.53266055,139.444444,123.6,2473.735036,54.5406812,0.004984242,4.44551433,0.027905942,6.44e-05,83.6,1.6722,0.027970369,0.285675,0.323196,0.391128
26,OK,,180.0,60.90794052,3.53266055,140.555556,123.6,2493.446088,54.9752683,0.003763024,4.89699527,0.030620522,4.84e-05,83.6,1.6722,0.030668911,0.285675,0.323196,0.391128
27,OK,,180.0,60.90794052,3.53266055,141.666667,123.6,2513.157123,55.4098554,0.002966835,5.31982673,0.033132329,3.79e-05,83.6,1.6722,0.033170271,0.285675,0.323196,0.391128
28,Errors,,180.0,60.90794052,3.53266055,142.777778,123.6,2532.868157,55.8444425,0.001659168,6.27827153,0.038872755,2.11e-05,83.6,1.6722,0.038893839,0.285675,0.323196,0.391128
29,OK,,180.0,60.90794052,3.53266055,143.888889,123.6,2552.579191,56.2790296,0.001876115,6.19878708,0.038294411,2.37e-05,83.6,1.6722,0.038318141,0.285675,0.323196,0.391128
30,OK,,180.0,60.90794052,3.53266055,145.0,123.6,2572.290225,56.7136167,0.001499614,6.65387447,0.040937111,1.89e-05,83.6,1.6722,0.040955976,0.285675,0.323196,0.391128
31,OK,,180.0,66.01708328,3.82899083,135.0,123.6,2394.890899,52.8023328,0.019059736,2.67898082,0.017050567,0.000251399,83.6,1.6722,0.017301966,0.285675,0.323196,0.391128
32,OK,,180.0,66.01708328,3.82899083,136.111111,123.6,2414.601934,53.2369199,0.013261458,3.10811586,0.019704578,0.00017395,83.6,1.6722,0.019878528,0.285675,0.323196,0.391128
33,OK,,180.0,66.01708328,3.82899083,137.222222,123.6,2434.312968,53.671507,0.009769747,3.50196444,0.022129213,0.00012762,83.6,1.6722,0.022256833,0.285675,0.323196,0.391128
34,OK,,180.0,66.01708328,3.82899083,138.333333,123.6,2454.024002,54.1060941,0.006981495,3.95608903,0.024891892,9.06e-05,83.6,1.6722,0.024982529,0.285675,0.323196,0.391128
35,Errors,,180.0,66.01708328,3.82899083,139.444444,123.6,2473.735036,54.5406812,0.019781814,3.3787112,0.020829111,0.000256504,83.6,1.6722,0.021085615,0.285675,0.323196,0.391128
36,OK,,180.0,66.01708328,3.82899083,140.555556,123.6,2493.446088,54.9752683,0.004119367,4.78267762,0.029865291,5.29e-05,83.6,1.6722,0.029918219,0.285675,0.323196,0.391128
37,OK,,180.0,66.01708328,3.82899083,141.666667,123.6,2513.157123,55.4098554,0.003134014,5.2455492,0.032620616,4e-05,83.6,1.6722,0.032660658,0.285675,0.323196,0.391128
38,OK,,180.0,66.01708328,3.82899083,142.777778,123.6,2532.868157,55.8444425,0.002474419,5.68018232,0.035184286,3.14e-05,83.6,1.6722,0.035215733,0.285675,0.323196,0.391128
39,OK,,180.0,66.01708328,3.82899083,143.888889,123.6,2552.579191,56.2790296,0.001963902,6.12922728,0.037811179,2.48e-05,83.6,1.6722,0.037836,0.285675,0.323196,0.391128
40,OK,,180.0,66.01708328,3.82899083,145.0,123.6,2572.290225,56.7136167,0.001578939,6.5754585,0.04039858,1.98e-05,83.6,1.6722,0.040418427,0.285675,0.323196,0.391128
41,OK,,180.0,71.12622586,4.1253211,135.0,123.6,2394.890899,52.8023328,0.021818063,2.55567943,0.016252614,0.000287892,83.6,1.6722,0.016540506,0.285675,0.323196,0.391128
42,OK,,180.0,71.12622586,4.1253211,136.111111,123.6,2414.601934,53.2369199,0.015288276,2.97674898,0.018857346,0.000200639,83.6,1.6722,0.019057985,0.285675,0.323196,0.391128
43,OK,,180.0,71.12622586,4.1253211,137.222222,123.6,2434.312968,53.671507,0.010614337,3.41310421,0.021536818,0.00013854,83.6,1.6722,0.021675357,0.285675,0.323196,0.391128
44,OK,,180.0,71.12622586,4.1253211,138.333333,123.6,2454.024002,54.1060941,0.007651025,3.85194409,0.024209947,9.93e-05,83.6,1.6722,0.024309263,0.285675,0.323196,0.391128
45,OK,,180.0,71.12622586,4.1253211,139.444444,123.6,2473.735036,54.5406812,0.005741113,4.2751686,0.026764638,7.41e-05,83.6,1.6722,0.026838754,0.285675,0.323196,0.391128
46,OK,,180.0,71.12622586,4.1253211,140.555556,123.6,2493.446088,54.9752683,0.004330398,4.71937064,0.029427409,5.56e-05,83.6,1.6722,0.029483007,0.285675,0.323196,0.391128
47,OK,,180.0,71.12622586,4.1253211,141.666667,123.6,2513.157123,55.4098554,0.003278836,5.18116108,0.032171019,4.19e-05,83.6,1.6722,0.032212871,0.285675,0.323196,0.391128
48,OK,,180.0,71.12622586,4.1253211,142.777778,123.6,2532.868157,55.8444425,0.002610173,5.60523851,0.034670808,3.31e-05,83.6,1.6722,0.034703954,0.285675,0.323196,0.391128
49,OK,,180.0,71.12622586,4.1253211,143.888889,123.6,2552.579191,56.2790296,0.002070151,6.05123743,0.037277867,2.61e-05,83.6,1.6722,0.037304011,0.285675,0.323196,0.391128
50,Errors,,180.0,71.12622586,4.1253211,145.0,123.6,2572.290225,56.7136167,0.001225743,7.14694191,0.0436509,1.54e-05,83.6,1.6722,0.043666277,0.285675,0.323196,0.391128
51,OK,,180.0,76.23536862,4.42165138,135.0,123.6,2394.890899,52.8023328,0.024076974,2.47112512,0.015691832,0.000317425,83.6,1.6722,0.016009257,0.285675,0.323196,0.391128
52,OK,,180.0,76.23536862,4.42165138,136.111111,123.6,2414.601934,53.2369199,0.016672771,2.8957564,0.018317366,0.000218624,83.6,1.6722,0.01853599,0.285675,0.323196,0.391128
53,OK,,180.0,76.23536862,4.42165138,137.222222,123.6,2434.312968,53.671507,0.011714094,3.30855446,0.020848144,0.000152772,83.6,1.6722,0.021000916,0.285675,0.323196,0.391128
54,OK,,180.0,76.23536862,4.42165138,138.333333,123.6,2454.024002,54.1060941,0.0080553,3.79374606,0.023798458,0.000104376,83.6,1.6722,0.023902834,0.285675,0.323196,0.391128
55,OK,,180.0,76.23536862,4.42165138,139.444444,123.6,2473.735036,54.5406812,0.006169979,4.18688511,0.026173616,7.96e-05,83.6,1.6722,0.026253196,0.285675,0.323196,0.391128
56,OK,,180.0,76.23536862,4.42165138,140.555556,123.6,2493.446088,54.9752683,0.004671699,4.62267994,0.028784886,5.99e-05,83.6,1.6722,0.028844819,0.285675,0.323196,0.391128
57,OK,,180.0,76.23536862,4.42165138,141.666667,123.6,2513.157123,55.4098554,0.003573482,5.06951609,0.031440645,4.56e-05,83.6,1.6722,0.031486238,0.285675,0.323196,0.391128
58,OK,,180.0,76.23536862,4.42165138,142.777778,123.6,2532.868157,55.8444425,0.002777737,5.51865588,0.034086659,3.52e-05,83.6,1.6722,0.034121903,0.285675,0.323196,0.391128
59,OK,,180.0,76.23536862,4.42165138,143.888889,123.6,2552.579191,56.2790296,0.002214265,5.95272806,0.036620758,2.79e-05,83.6,1.6722,0.036648699,0.285675,0.323196,0.391128
60,OK,,180.0,76.23536862,4.42165138,145.0,123.6,2572.290225,56.7136167,0.001773268,6.39984837,0.039213457,2.23e-05,83.6,1.6722,0.039235713,0.285675,0.323196,0.391128
61,OK,,180.0,81.34451121,4.71798165,135.0,123.6,2394.890899,52.8023328,0.028010544,2.34577024,0.014875623,0.000368975,83.6,1.6722,0.015244598,0.285675,0.323196,0.391128
62,OK,,180.0,81.34451121,4.71798165,136.111111,123.6,2414.601934,53.2369199,0.018551365,2.76367765,0.017458791,0.000243067,83.6,1.6722,0.017701858,0.285675,0.323196,0.391128
63,OK,,180.0,81.34451121,4.71798165,137.222222,123.6,2434.312968,53.671507,0.013082482,3.19329795,0.020094593,0.000170483,83.6,1.6722,0.020265076,0.285675,0.323196,0.391128
64,OK,,180.0,81.34451121,4.71798165,138.333333,123.6,2454.024002,54.1060941,0.009388769,3.6185375,0.022682081,0.000121685,83.6,1.6722,0.022803766,0.285675,0.323196,0.391128
65,OK,,180.0,81.34451121,4.71798165,139.444444,123.6,2473.735036,54.5406812,0.006842839,4.06529544,0.025381472,8.82e-05,83.6,1.6722,0.025469675,0.285675,0.323196,0.391128
66,OK,,180.0,81.34451121,4.71798165,140.555556,123.6,2493.446088,54.9752683,0.005157718,4.49662825,0.027963974,6.61e-05,83.6,1.6722,0.028030094,0.285675,0.323196,0.391128
67,OK,,180.0,81.34451121,4.71798165,141.666667,123.6,2513.157123,55.4098554,0.003951535,4.93739619,0.030582839,5.04e-05,83.6,1.6722,0.03063322,0.285675,0.323196,0.391128
68,OK,,180.0,81.34451121,4.71798165,142.777778,123.6,2532.868157,55.8444425,0.003089899,5.36944086,0.033126968,3.92e-05,83.6,1.6722,0.033166149,0.285675,0.323196,0.391128
69,OK,,180.0,81.34451121,4.71798165,143.888889,123.6,2552.579191,56.2790296,0.002413768,5.82756431,0.035801926,3.04e-05,83.6,1.6722,0.035832355,0.285675,0.323196,0.391128
70,OK,,180.0,81.34451121,4.71798165,145.0,123.6,2572.290225,56.7136167,0.001948398,6.26545809,0.038343279,2.44e-05,83.6,1.6722,0.038367717,0.285675,0.323196,0.391128
71,OK,,180.0,86.45365397,5.01431193,135.0,123.6,2394.890899,52.8023328,0.033683358,2.22278129,0.014076437,0.000443314,83.6,1.6722,0.014519751,0.285675,0.323196,0.391128
72,OK,,180.0,86.45365397,5.01431193,136.111111,123.6,2414.601934,53.2369199,0.021450611,2.63920437,0.016650028,0.000280825,83.6,1.6722,0.016930853,0.285675,0.323196,0.391128
73,OK,,180.0,86.45365397,5.01431193,137.222222,123.6,2434.312968,53.671507,0.014869191,3.07144272,0.019301906,0.000193614,83.6,1.6722,0.01949552,0.285675,0.323196,0.391128
74,OK,,180.0,86.45365397,5.01431193,138.333333,123.6,2454.024002,54.1060941,0.010452627,3.5008667,0.021915122,0.000135368,83.6,1.6722,0.02205049,0.285675,0.323196,0.391128
75,OK,,180.0,86.45365397,5.01431193,139.444444,123.6,2473.735036,54.5406812,0.007621341,3.9383408,0.024556924,9.82e-05,83.6,1.6722,0.024655088,0.285675,0.323196,0.391128
76,OK,,180.0,86.45365397,5.01431193,140.555556,123.6,2493.446088,54.9752683,0.005725521,4.36734994,0.02712529,7.33e-05,83.6,1.6722,0.027198635,0.285675,0.323196,0.391128
77,OK,,180.0,86.45365397,5.01431193,141.666667,123.6,2513.157123,55.4098554,0.004301997,4.82352436,0.029834348,5.48e-05,83.6,1.6722,0.029889141,0.285675,0.323196,0.391128
78,OK,,180.0,86.45365397,5.01431193,142.777778,123.6,2532.868157,55.8444425,0.003353063,5.25696776,0.032390786,4.25e-05,83.6,1.6722,0.032433272,0.285675,0.323196,0.391128
79,OK,,180.0,86.45365397,5.01431193,143.888889,123.6,2552.579191,56.2790296,0.00264376,5.69623619,0.034957175,3.33e-05,83.6,1.6722,0.034990492,0.285675,0.323196,0.391128
80,OK,,180.0,86.45365397,5.01431193,145.0,123.6,2572.290225,56.7136167,0.002078803,6.14249556,0.03754391,2.61e-05,83.6,1.6722,0.037569965,0.285675,0.323196,0.391128
81,OK,,180.0,91.56279655,5.3106422,135.0,123.6,2394.890899,52.8023328,0.040081074,2.11738961,0.013390048,0.000527038,83.6,1.6722,0.013917086,0.285675,0.323196,0.391128
82,OK,,180.0,91.56279655,5.3106422,136.111111,123.6,2414.601934,53.2369199,0.024209515,2.5212257,0.015884046,0.000316685,83.6,1.6722,0.016200731,0.285675,0.323196,0.391128
83,OK,,180.0,91.56279655,5.3106422,137.222222,123.6,2434.312968,53.671507,0.016700378,2.95841991,0.018566281,0.000217284,83.6,1.6722,0.018783565,0.285675,0.323196,0.391128
84,OK,,180.0,91.56279655,5.3106422,138.333333,123.6,2454.024002,54.1060941,0.011719795,3.37863028,0.021121926,0.000151662,83.6,1.6722,0.021273588,0.285675,0.323196,0.391128
85,OK,,180.0,91.56279655,5.3106422,139.444444,123.6,2473.735036,54.5406812,0.008452227,3.81850994,0.02377834,0.000108784,83.6,1.6722,0.023887124,0.285675,0.323196,0.391128
86,OK,,180.0,91.56279655,5.3106422,140.555556,123.6,2493.446088,54.9752683,0.00629818,4.24989506,0.026361113,8.06e-05,83.6,1.6722,0.026441734,0.285675,0.323196,0.391128
87,OK,,180.0,91.56279655,5.3106422,141.666667,123.6,2513.157123,55.4098554,0.004657496,4.72020773,0.029149347,5.92e-05,83.6,1.6722,0.02920859,0.285675,0.323196,0.391128
88,OK,,180.0,91.56279655,5.3106422,142.777778,123.6,2532.868157,55.8444425,0.003686777,5.12761636,0.031554153,4.67e-05,83.6,1.6722,0.031600835,0.285675,0.323196,0.391128
89,OK,,180.0,91.56279655,5.3106422,143.888889,123.6,2552.579191,56.2790296,0.002897273,5.56564531,0.034113537,3.65e-05,83.6,1.6722,0.034150023,0.285675,0.323196,0.391128
90,OK,,180.0,91.56279655,5.3106422,145.0,123.6,2572.290225,56.7136167,0.002131777,6.12526575,0.037344253,2.66e-05,83.6,1.6722,0.037370895,0.285675,0.323196,0.391128
91,OK,,180.0,96.67193931,5.60697248,135.0,123.6,2394.890899,52.8023328,0.047930539,2.00676112,0.012672608,0.000629666,83.6,1.6722,0.013302274,0.285675,0.323196,0.391128
92,OK,,180.0,96.67193931,5.60697248,136.111111,123.6,2414.601934,53.2369199,0.027621863,2.41145427,0.015171345,0.000361016,83.6,1.6722,0.015532361,0.285675,0.323196,0.391128
93,OK,,180.0,96.67193931,5.60697248,137.222222,123.6,2434.312968,53.671507,0.01734034,2.92191874,0.018288915,0.00022486,83.6,1.6722,0.018513776,0.285675,0.323196,0.391128
94,OK,,180.0,96.67193931,5.60697248,138.333333,123.6,2454.024002,54.1060941,0.013199912,3.24953258,0.020288244,0.000170684,83.6,1.6722,0.020458927,0.285675,0.323196,0.391128
95,OK,,180.0,96.67193931,5.60697248,139.444444,123.6,2473.735036,54.5406812,0.009516685,3.68058377,0.022890332,0.000122392,83.6,1.6722,0.023012725,0.285675,0.323196,0.391128
96,OK,,180.0,96.67193931,5.60697248,140.555556,123.6,2493.446088,54.9752683,0.00704101,4.11429637,0.025487772,9.01e-05,83.6,1.6722,0.025577835,0.285675,0.323196,0.391128
97,OK,,180.0,96.67193931,5.60697248,141.666667,123.6,2513.157123,55.4098554,0.005256832,4.55253567,0.028091676,6.69e-05,83.6,1.6722,0.028158553,0.285675,0.323196,0.391128
98,OK,,180.0,96.67193931,5.60697248,142.777778,123.6,2532.868157,55.8444425,0.004050505,5.00104443,0.030736387,5.13e-05,83.6,1.6722,0.030787637,0.285675,0.323196,0.391128
99,OK,,180.0,96.67193931,5.60697248,143.888889,123.6,2552.579191,56.2790296,0.003046855,5.49401334,0.033606631,3.83e-05,83.6,1.6722,0.033644918,0.285675,0.323196,0.391128
100,OK,,180.0,96.67193931,5.60697248,145.0,123.6,2572.290225,56.7136167,0.002492199,5.89566966,0.035939098,3.12e-05,83.6,1.6722,0.035970276,0.285675,0.323196,0.391128
101,OK,,180.0,101.7810819,5.90330275,135.0,123.6,2394.890899,52.8023328,0.058748003,1.88963079,0.011916363,0.000771028,83.6,1.6722,0.012687391,0.285675,0.323196,0.391128
102,OK,,180.0,101.7810819,5.90330275,136.111111,123.6,2414.601934,53.2369199,0.033134252,2.28426117,0.01435184,0.000432692,83.6,1.6722,0.014784532,0.285675,0.323196,0.391128
103,OK,,180.0,101.7810819,5.90330275,137.222222,123.6,2434.312968,53.671507,0.021316954,2.69776389,0.01688586,0.000276911,83.6,1.6722,0.017162771,0.285675,0.323196,0.391128
104,OK,,180.0,101.7810819,5.90330275,138.333333,123.6,2454.024002,54.1060941,0.01501917,3.12868673,0.019507759,0.000194056,83.6,1.6722,0.019701815,0.285675,0.323196,0.391128
105,OK,,180.0,101.7810819,5.90330275,139.444444,123.6,2473.735036,54.5406812,0.010706492,3.55201281,0.0220621,0.000137591,83.6,1.6722,0.022199691,0.285675,0.323196,0.391128
106,OK,,180.0,101.7810819,5.90330275,140.555556,123.6,2493.446088,54.9752683,0.007798326,3.99362267,0.024707909,9.97e-05,83.6,1.6722,0.024807584,0.285675,0.323196,0.391128
107,OK,,180.0,101.7810819,5.90330275,141.666667,123.6,2513.157123,55.4098554,0.005858097,4.43795273,0.027348729,7.45e-05,83.6,1.6722,0.0274232,0.285675,0.323196,0.391128
108,OK,,180.0,101.7810819,5.90330275,142.777778,123.6,2532.868157,55.8444425,0.004453671,4.87421465,0.029919086,5.63e-05,83.6,1.6722,0.029975397,0.285675,0.323196,0.391128
109,OK,,180.0,101.7810819,5.90330275,143.888889,123.6,2552.579191,56.2790296,0.00348211,5.30726146,0.032445678,4.38e-05,83.6,1.6722,0.032489457,0.285675,0.323196,0.391128
110,OK,,180.0,101.7810819,5.90330275,145.0,123.6,2572.290225,56.7136167,0.002608587,5.82725086,0.035477962,3.26e-05,83.6,1.6722,0.035510585,0.285675,0.323196,0.391128
111,OK,,180.0,106.8902247,6.19963303,135.0,123.6,2394.890899,52.8023328,0.070051556,1.794665,0.011301076,0.000918456,83.6,1.6722,0.012219531,0.285675,0.323196,0.391128
112,OK,,180.0,106.8902247,6.19963303,136.111111,123.6,2414.601934,53.2369199,0.039003795,2.18421934,0.013703759,0.000508883,83.6,1.6722,0.014212642,0.285675,0.323196,0.391128
113,OK,,180.0,106.8902247,6.19963303,137.222222,123.6,2434.312968,53.671507,0.024355651,2.57366588,0.016087567,0.000316129,83.6,1.6722,0.016403696,0.285675,0.323196,0.391128
114,OK,,180.0,106.8902247,6.19963303,138.333333,123.6,2454.024002,54.1060941,0.017072067,3.0026802,0.018697416,0.000220409,83.6,1.6722,0.018917825,0.285675,0.323196,0.391128
115,OK,,180.0,106.8902247,6.19963303,139.444444,123.6,2473.735036,54.5406812,0.011111328,3.51000363,0.021767539,0.000142672,83.6,1.6722,0.02191021,0.285675,0.323196,0.391128
116,OK,,180.0,106.8902247,6.19963303,140.555556,123.6,2493.446088,54.9752683,0.008683358,3.86570518,0.023885738,0.000110905,83.6,1.6722,0.023996643,0.285675,0.323196,0.391128
117,OK,,180.0,106.8902247,6.19963303,141.666667,123.6,2513.157123,55.4098554,0.006481449,4.30225872,0.026477542,8.23e-05,83.6,1.6722,0.026559865,0.285675,0.323196,0.391128
118,OK,,180.0,106.8902247,6.19963303,142.777778,123.6,2532.868157,55.8444425,0.004837044,4.76476194,0.029208759,6.11e-05,83.6,1.6722,0.029269872,0.285675,0.323196,0.391128
119,OK,,180.0,106.8902247,6.19963303,143.888889,123.6,2552.579191,56.2790296,0.003832822,5.17516594,0.031602209,4.82e-05,83.6,1.6722,0.031650375,0.285675,0.323196,0.391128
120,OK,,180.0,106.8902247,6.19963303,145.0,123.6,2572.290225,56.7136167,0.00300544,5.61643171,0.034160693,3.76e-05,83.6,1.6722,0.034198257,0.285675,0.323196,0.391128
121,OK,,180.0,111.9993672,6.4959633,135.0,123.6,2394.890899,52.8023328,0.084890001,1.69597676,0.01066419,0.00111182,83.6,1.6722,0.01177601,0.285675,0.323196,0.391128
122,OK,,180.0,111.9993672,6.4959633,136.111111,123.6,2414.601934,53.2369199,0.047478233,2.05870318,0.012898854,0.000618887,83.6,1.6722,0.013517741,0.285675,0.323196,0.391128
123,OK,,180.0,111.9993672,6.4959633,137.222222,123.6,2434.312968,53.671507,0.028028576,2.45563282,0.01532895,0.000363501,83.6,1.6722,0.015692451,0.285675,0.323196,0.391128
124,OK,,180.0,111.9993672,6.4959633,138.333333,123.6,2454.024002,54.1060941,0.018619002,2.87908881,0.017904054,0.000240194,83.6,1.6722,0.018144248,0.285675,0.323196,0.391128
125,OK,,180.0,111.9993672,6.4959633,139.444444,123.6,2473.735036,54.5406812,0.01336009,3.3074267,0.020488899,0.00017143,83.6,1.6722,0.020660328,0.285675,0.323196,0.391128
126,OK,,180.0,111.9993672,6.4959633,140.555556,123.6,2493.446088,54.9752683,0.009675202,3.74297233,0.023097251,0.00012348,83.6,1.6722,0.023220731,0.285675,0.323196,0.391128
127,OK,,180.0,111.9993672,6.4959633,141.666667,123.6,2513.157123,55.4098554,0.007233897,4.16720855,0.02561579,9.18e-05,83.6,1.6722,0.025707615,0.285675,0.323196,0.391128
128,OK,,180.0,111.9993672,6.4959633,142.777778,123.6,2532.868157,55.8444425,0.005397814,4.62035259,0.028289127,6.81e-05,83.6,1.6722,0.028357277,0.285675,0.323196,0.391128
129,OK,,180.0,111.9993672,6.4959633,143.888889,123.6,2552.579191,56.2790296,0.004141783,5.07043931,0.030921837,5.2e-05,83.6,1.6722,0.030973847,0.285675,0.323196,0.391128
130,OK,,180.0,111.9993672,6.4959633,145.0,123.6,2572.290225,56.7136167,0.003249509,5.50979784,0.033468627,4.06e-05,83.6,1.6722,0.033509212,0.285675,0.323196,0.391128
131,OK,,180.0,117.10851,6.79229358,135.0,123.6,2394.890899,52.8023328,0.102647557,1.60163938,0.01005628,0.001342885,83.6,1.6722,0.011399165,0.285675,0.323196,0.391128
132,OK,,180.0,117.10851,6.79229358,136.111111,123.6,2414.601934,53.2369199,0.057034526,1.95037838,0.012203009,0.000742747,83.6,1.6722,0.012945757,0.285675,0.323196,0.391128
133,OK,,180.0,117.10851,6.79229358,137.222222,123.6,2434.312968,53.671507,0.033783817,2.32257048,0.014479213,0.000437769,83.6,1.6722,0.014916981,0.285675,0.323196,0.391128
134,OK,,180.0,117.10851,6.79229358,138.333333,123.6,2454.024002,54.1060941,0.021103512,2.76724967,0.017185157,0.000272025,83.6,1.6722,0.017457182,0.285675,0.323196,0.391128
135,OK,,180.0,117.10851,6.79229358,139.444444,123.6,2473.735036,54.5406812,0.0151952,3.1837345,0.01969672,0.000194826,83.6,1.6722,0.019891546,0.285675,0.323196,0.391128
136,OK,,180.0,117.10851,6.79229358,140.555556,123.6,2493.446088,54.9752683,0.010889666,3.61360438,0.022270277,0.000138876,83.6,1.6722,0.022409153,0.285675,0.323196,0.391128
137,OK,,180.0,117.10851,6.79229358,141.666667,123.6,2513.157123,55.4098554,0.008010117,4.04487579,0.024831843,0.000101605,83.6,1.6722,0.024933449,0.285675,0.323196,0.391128
138,OK,,180.0,117.10851,6.79229358,142.777778,123.6,2532.868157,55.8444425,0.00602648,4.50882769,0.02757006,7.6e-05,83.6,1.6722,0.02764609,0.285675,0.323196,0.391128
139,OK,,180.0,117.10851,6.79229358,143.888889,123.6,2552.579191,56.2790296,0.004606569,4.92638996,0.03000719,5.78e-05,83.6,1.6722,0.030064996,0.285675,0.323196,0.391128
140,OK,,180.0,117.10851,6.79229358,145.0,123.6,2572.290225,56.7136167,0.003577536,5.37404904,0.032604305,4.47e-05,83.6,1.6722,0.032648957,0.285675,0.323196,0.391128
141,OK,,180.0,122.2176526,7.08862385,135.0,123.6,2394.890899,52.8023328,0.118565394,1.53237764,0.009606724,0.001549394,83.6,1.6722,0.011156119,0.285675,0.323196,0.391128
142,OK,,180.0,122.2176526,7.08862385,136.111111,123.6,2414.601934,53.2369199,0.066935351,1.86147403,0.011629814,0.000870827,83.6,1.6722,0.012500641,0.285675,0.323196,0.391128
143,OK,,180.0,122.2176526,7.08862385,137.222222,123.6,2434.312968,53.671507,0.0395552,2.22459363,0.013848797,0.000512097,83.6,1.6722,0.014360894,0.285675,0.323196,0.391128
144,OK,,180.0,122.2176526,7.08862385,138.333333,123.6,2454.024002,54.1060941,0.024254099,2.63505686,0.016342844,0.000312387,83.6,1.6722,0.016655231,0.285675,0.323196,0.391128
145,OK,,180.0,122.2176526,7.08862385,139.444444,123.6,2473.735036,54.5406812,0.017138108,3.06566613,0.018940976,0.000219563,83.6,1.6722,0.019160539,0.285675,0.323196,0.391128
146,OK,,180.0,122.2176526,7.08862385,140.555556,123.6,2493.446088,54.9752683,0.012204539,3.48512273,0.021450762,0.000155527,83.6,1.6722,0.021606289,0.285675,0.323196,0.391128
147,OK,,180.0,122.2176526,7.08862385,141.666667,123.6,2513.157123,55.4098554,0.008925382,3.91391182,0.023997334,0.000113132,83.6,1.6722,0.024110466,0.285675,0.323196,0.391128
148,OK,,180.0,122.2176526,7.08862385,142.777778,123.6,2532.868157,55.8444425,0.006123743,4.40243682,0.026883779,7.72e-05,83.6,1.6722,0.026960979,0.285675,0.323196,0.391128
149,OK,,180.0,122.2176526,7.08862385,143.888889,123.6,2552.579191,56.2790296,0.005268291,4.78842174,0.029131109,6.61e-05,83.6,1.6722,0.029197173,0.285675,0.323196,0.391128
150,OK,,180.0,122.2176526,7.08862385,145.0,123.6,2572.290225,56.7136167,0.003974067,5.22684205,0.031673703,4.96e-05,83.6,1.6722,0.03172327,0.285675,0.323196,0.391128
151,OK,,180.0,127.3267953,7.38495413,135.0,123.6,2394.890899,52.8023328,0.131656775,1.48373223,0.009280604,0.001715764,83.6,1.6722,0.010996368,0.285675,0.323196,0.391128
152,OK,,180.0,127.3267953,7.38495413,136.111111,123.6,2414.601934,53.2369199,0.083218561,1.74608362,0.010893693,0.001081519,83.6,1.6722,0.011975212,0.285675,0.323196,0.391128
153,OK,,180.0,127.3267953,7.38495413,137.222222,123.6,2434.312968,53.671507,0.048382499,2.09397789,0.013017849,0.000625766,83.6,1.6722,0.013643615,0.285675,0.323196,0.391128
154,OK,,180.0,127.3267953,7.38495413,138.333333,123.6,2454.024002,54.1060941,0.027765026,2.51937767,0.01560425,0.000357312,83.6,1.6722,0.015961562,0.285675,0.323196,0.391128
155,OK,,180.0,127.3267953,7.38495413,139.444444,123.6,2473.735036,54.5406812,0.018707365,2.93498803,0.018110101,0.000239486,83.6,1.6722,0.018349587,0.285675,0.323196,0.391128
156,OK,,180.0,127.3267953,7.38495413,140.555556,123.6,2493.446088,54.9752683,0.013492494,3.37233414,0.02072884,0.000171807,83.6,1.6722,0.020900647,0.285675,0.323196,0.391128
157,OK,,180.0,127.3267953,7.38495413,141.666667,123.6,2513.157123,55.4098554,0.009895262,3.7966469,0.023247841,0.000125331,83.6,1.6722,0.023373172,0.285675,0.323196,0.391128
158,OK,,180.0,127.3267953,7.38495413,142.777778,123.6,2532.868157,55.8444425,0.007312395,4.24070257,0.025865847,9.21e-05,83.6,1.6722,0.025957967,0.285675,0.323196,0.391128
159,OK,,180.0,127.3267953,7.38495413,143.888889,123.6,2552.579191,56.2790296,0.005687157,4.64916228,0.028249144,7.13e-05,83.6,1.6722,0.028320408,0.285675,0.323196,0.391128
160,OK,,180.0,127.3267953,7.38495413,145.0,123.6,2572.290225,56.7136167,0.004339297,5.10667016,0.030906306,5.41e-05,83.6,1.6722,0.030960389,0.285675,0.323196,0.391128
161,OK,,180.0,132.4359379,7.6812844,135.0,123.6,2394.890899,52.8023328,0.170718157,1.36030902,0.008502503,0.002225219,83.6,1.6722,0.010727722,0.285675,0.323196,0.391128
162,OK,,180.0,132.4359379,7.6812844,136.111111,123.6,2414.601934,53.2369199,0.0989508,1.65826018,0.010330612,0.001284583,83.6,1.6722,0.011615194,0.285675,0.323196,0.391128
163,OK,,180.0,132.4359379,7.6812844,137.222222,123.6,2434.312968,53.671507,0.055683767,2.00957215,0.012475417,0.000719577,83.6,1.6722,0.013194994,0.285675,0.323196,0.391128
164,OK,,180.0,132.4359379,7.6812844,138.333333,123.6,2454.024002,54.1060941,0.032454487,2.4042035,0.014870717,0.000417309,83.6,1.6722,0.015288026,0.285675,0.323196,0.391128
165,OK,,180.0,132.4359379,7.6812844,139.444444,123.6,2473.735036,54.5406812,0.021396121,2.81619732,0.01735398,0.000273688,83.6,1.6722,0.017627668,0.285675,0.323196,0.391128
166,OK,,180.0,132.4359379,7.6812844,140.555556,123.6,2493.446088,54.9752683,0.015172282,3.23874307,0.019882269,0.000193051,83.6,1.6722,0.02007532,0.285675,0.323196,0.391128
167,OK,,180.0,132.4359379,7.6812844,141.666667,123.6,2513.157123,55.4098554,0.01111824,3.66547794,0.022416131,0.000140716,83.6,1.6722,0.022556847,0.285675,0.323196,0.391128
168,OK,,180.0,132.4359379,7.6812844,142.777778,123.6,2532.868157,55.8444425,0.008199756,4.10089562,0.024982248,0.000103226,83.6,1.6722,0.025085473,0.285675,0.323196,0.391128
169,OK,,180.0,132.4359379,7.6812844,143.888889,123.6,2552.579191,56.2790296,0.006311575,4.55711739,0.027649474,7.9e-05,83.6,1.6722,0.027728488,0.285675,0.323196,0.391128
170,OK,,180.0,132.4359379,7.6812844,145.0,123.6,2572.290225,56.7136167,0.004768707,4.97691067,0.030083698,5.94e-05,83.6,1.6722,0.030143091,0.285675,0.323196,0.391128
171,OK,,180.0,137.5450807,7.97761468,135.0,123.6,2394.890899,52.8023328,0.197929199,1.29213766,0.008063932,0.0025765,83.6,1.6722,0.010640432,0.285675,0.323196,0.391128
172,OK,,180.0,137.5450807,7.97761468,136.111111,123.6,2414.601934,53.2369199,0.119891898,1.56333924,0.00972511,0.001554622,83.6,1.6722,0.011279732,0.285675,0.323196,0.391128
173,OK,,180.0,137.5450807,7.97761468,137.222222,123.6,2434.312968,53.671507,0.06756758,1.8991504,0.011773535,0.000872287,83.6,1.6722,0.012645822,0.285675,0.323196,0.391128
174,OK,,180.0,137.5450807,7.97761468,138.333333,123.6,2454.024002,54.1060941,0.03894587,2.28563719,0.014118274,0.00050034,83.6,1.6722,0.014618614,0.285675,0.323196,0.391128
175,OK,,180.0,137.5450807,7.97761468,139.444444,123.6,2473.735036,54.5406812,0.024517304,2.6986712,0.016605934,0.000313302,83.6,1.6722,0.016919236,0.285675,0.323196,0.391128
176,OK,,180.0,137.5450807,7.97761468,140.555556,123.6,2493.446088,54.9752683,0.017283794,3.09647905,0.018985249,0.000219753,83.6,1.6722,0.019205002,0.285675,0.323196,0.391128
177,OK,,180.0,137.5450807,7.97761468,141.666667,123.6,2513.157123,55.4098554,0.012277777,3.54844441,0.021671936,0.000155274,83.6,1.6722,0.02182721,0.285675,0.323196,0.391128
178,OK,,180.0,137.5450807,7.97761468,142.777778,123.6,2532.868157,55.8444425,0.008968271,3.99081831,0.024279576,0.000112815,83.6,1.6722,0.024392391,0.285675,0.323196,0.391128
179,OK,,180.0,137.5450807,7.97761468,143.888889,123.6,2552.579191,56.2790296,0.006872438,4.41761812,0.026773121,8.6e-05,83.6,1.6722,0.026859112,0.285675,0.323196,0.391128
180,OK,,180.0,137.5450807,7.97761468,145.0,123.6,2572.290225,56.7136167,0.005230736,4.83809291,0.029209074,6.51e-05,83.6,1.6722,0.029274176,0.285675,0.323196,0.391128
181,OK,,180.0,142.6542233,8.27394495,135.0,123.6,2394.890899,52.8023328,0.230993546,1.22134307,0.007610315,0.003002624,83.6,1.6722,0.010612939,0.285675,0.323196,0.391128
182,OK,,180.0,142.6542233,8.27394495,136.111111,123.6,2414.601934,53.2369199,0.141286848,1.48412705,0.009218515,0.001829845,83.6,1.6722,0.01104836,0.285675,0.323196,0.391128
183,OK,,180.0,142.6542233,8.27394495,137.222222,123.6,2434.312968,53.671507,0.080798222,1.80250346,0.011158394,0.001042017,83.6,1.6722,0.012200412,0.285675,0.323196,0.391128
184,OK,,180.0,142.6542233,8.27394495,138.333333,123.6,2454.024002,54.1060941,0.046649311,2.16534923,0.013357207,0.000598768,83.6,1.6722,0.013955974,0.285675,0.323196,0.391128
185,OK,,180.0,142.6542233,8.27394495,139.444444,123.6,2473.735036,54.5406812,0.028400245,2.57903009,0.015850079,0.000362688,83.6,1.6722,0.016212766,0.285675,0.323196,0.391128
186,OK,,180.0,142.6542233,8.27394495,140.555556,123.6,2493.446088,54.9752683,0.018752526,2.99787,0.018355133,0.000238235,83.6,1.6722,0.018593367,0.285675,0.323196,0.391128
187,OK,,180.0,142.6542233,8.27394495,141.666667,123.6,2513.157123,55.4098554,0.013751174,3.42319403,0.020880069,0.000173776,83.6,1.6722,0.021053845,0.285675,0.323196,0.391128
188,OK,,180.0,142.6542233,8.27394495,142.777778,123.6,2532.868157,55.8444425,0.009859085,3.88496874,0.023604043,0.000123926,83.6,1.6722,0.023727969,0.285675,0.323196,0.391128
189,OK,,180.0,142.6542233,8.27394495,143.888889,123.6,2552.579191,56.2790296,0.007568641,4.28529929,0.025938787,9.46e-05,83.6,1.6722,0.026033421,0.285675,0.323196,0.391128
190,OK,,180.0,142.6542233,8.27394495,145.0,123.6,2572.290225,56.7136167,0.005697256,4.7414994,0.02858759,7.09e-05,83.6,1.6722,0.028658445,0.285675,0.323196,0.391128
191,OK,,180.0,147.763366,8.57027523,135.0,123.6,2394.890899,52.8023328,0.26572035,1.15775374,0.007202798,0.003449029,83.6,1.6722,0.010651827,0.285675,0.323196,0.391128
192,OK,,180.0,147.763366,8.57027523,136.111111,123.6,2414.601934,53.2369199,0.162684922,1.41731094,0.008789582,0.002104193,83.6,1.6722,0.010893774,0.285675,0.323196,0.391128
193,OK,,180.0,147.763366,8.57027523,137.222222,123.6,2434.312968,53.671507,0.097069816,1.70728665,0.010553803,0.001250523,83.6,1.6722,0.011804326,0.285675,0.323196,0.391128
194,OK,,180.0,147.763366,8.57027523,138.333333,123.6,2454.024002,54.1060941,0.055144146,2.06168988,0.012700093,0.000707153,83.6,1.6722,0.013407246,0.285675,0.323196,0.391128
195,OK,,180.0,147.763366,8.57027523,139.444444,123.6,2473.735036,54.5406812,0.032871788,2.4588022,0.0150911,0.000419447,83.6,1.6722,0.015510547,0.285675,0.323196,0.391128
196,OK,,180.0,147.763366,8.57027523,140.555556,123.6,2493.446088,54.9752683,0.020306197,2.90306032,0.017743737,0.000257555,83.6,1.6722,0.018001292,0.285675,0.323196,0.391128
197,OK,,180.0,147.763366,8.57027523,141.666667,123.6,2513.157123,55.4098554,0.014856889,3.3043108,0.02012848,0.000187607,83.6,1.6722,0.020316086,0.285675,0.323196,0.391128
198,OK,,180.0,147.763366,8.57027523,142.777778,123.6,2532.868157,55.8444425,0.01119768,3.73185933,0.022646622,0.000140652,83.6,1.6722,0.022787274,0.285675,0.323196,0.391128
199,OK,,180.0,147.763366,8.57027523,143.888889,123.6,2552.579191,56.2790296,0.008388118,4.15837832,0.025138814,0.000104805,83.6,1.6722,0.025243619,0.285675,0.323196,0.391128
200,OK,,180.0,147.763366,8.57027523,145.0,123.6,2572.290225,56.7136167,0.006508325,4.58886494,0.027634847,8.09e-05,83.6,1.6722,0.027715735,0.285675,0.323196,0.391128
201,OK,,180.0,152.8725086,8.8666055,135.0,123.6,2394.890899,52.8023328,0.296764205,1.10834111,0.006884363,0.00384655,83.6,1.6722,0.010730912,0.285675,0.323196,0.391128
202,OK,,180.0,152.8725086,8.8666055,136.111111,123.6,2414.601934,53.2369199,0.192905815,1.33677645,0.008278104,0.002492003,83.6,1.6722,0.010770107,0.285675,0.323196,0.391128
203,OK,,180.0,152.8725086,8.8666055,137.222222,123.6,2434.312968,53.671507,0.116026218,1.61732049,0.009983117,0.001493036,83.6,1.6722,0.011476153,0.285675,0.323196,0.391128
204,OK,,180.0,152.8725086,8.8666055,138.333333,123.6,2454.024002,54.1060941,0.061321262,1.99963343,0.012293233,0.000784714,83.6,1.6722,0.013077947,0.285675,0.323196,0.391128
205,OK,,180.0,152.8725086,8.8666055,139.444444,123.6,2473.735036,54.5406812,0.039143361,2.33271104,0.014298295,0.000499044,83.6,1.6722,0.014797339,0.285675,0.323196,0.391128
206,OK,,180.0,152.8725086,8.8666055,140.555556,123.6,2493.446088,54.9752683,0.024621084,2.74943163,0.016790018,0.000312296,83.6,1.6722,0.017102315,0.285675,0.323196,0.391128
207,OK,,180.0,152.8725086,8.8666055,141.666667,123.6,2513.157123,55.4098554,0.017067576,3.17368181,0.019308001,0.000215357,83.6,1.6722,0.019523358,0.285675,0.323196,0.391128
208,OK,,180.0,152.8725086,8.8666055,142.777778,123.6,2532.868157,55.8444425,0.012395407,3.61403509,0.021903048,0.000155579,83.6,1.6722,0.022058626,0.285675,0.323196,0.391128
209,OK,,180.0,152.8725086,8.8666055,143.888889,123.6,2552.579191,56.2790296,0.009262987,4.03478693,0.024360575,0.00011565,83.6,1.6722,0.024476225,0.285675,0.323196,0.391128
210,OK,,180.0,152.8725086,8.8666055,145.0,123.6,2572.290225,56.7136167,0.006964693,4.47918765,0.026939228,8.65e-05,83.6,1.6722,0.027025723,0.285675,0.323196,0.391128
211,OK,,180.0,157.9816514,9.16293578,135.0,123.6,2394.890899,52.8023328,0.33318309,1.05671023,0.006553178,0.00431216,83.6,1.6722,0.010865337,0.285675,0.323196,0.391128
212,OK,,180.0,157.9816514,9.16293578,136.111111,123.6,2414.601934,53.2369199,0.222796386,1.26959915,0.007850018,0.002874248,83.6,1.6722,0.010724266,0.285675,0.323196,0.391128
213,OK,,180.0,157.9816514,9.16293578,137.222222,123.6,2434.312968,53.671507,0.137584449,1.53323745,0.009450183,0.001768363,83.6,1.6722,0.011218546,0.285675,0.323196,0.391128
214,OK,,180.0,157.9816514,9.16293578,138.333333,123.6,2454.024002,54.1060941,0.079193409,1.8554798,0.011397873,0.001013549,83.6,1.6722,0.012411422,0.285675,0.323196,0.391128
215,OK,,180.0,157.9816514,9.16293578,139.444444,123.6,2473.735036,54.5406812,0.046684888,2.21402387,0.013552367,0.000594634,83.6,1.6722,0.014147001,0.285675,0.323196,0.391128
216,OK,,180.0,157.9816514,9.16293578,140.555556,123.6,2493.446088,54.9752683,0.028609665,2.62715557,0.016022233,0.000362595,83.6,1.6722,0.016384828,0.285675,0.323196,0.391128
217,OK,,180.0,157.9816514,9.16293578,141.666667,123.6,2513.157123,55.4098554,0.018563527,3.04322601,0.018490686,0.000234058,83.6,1.6722,0.018724744,0.285675,0.323196,0.391128
218,OK,,180.0,157.9816514,9.16293578,142.777778,123.6,2532.868157,55.8444425,0.014053116,3.47282685,0.021020906,0.000176248,83.6,1.6722,0.021197154,0.285675,0.323196,0.391128
219,OK,,180.0,157.9816514,9.16293578,143.888889,123.6,2552.579191,56.2790296,0.010273801,3.91397855,0.023600933,0.000128176,83.6,1.6722,0.023729109,0.285675,0.323196,0.391128
220,OK,,180.0,157.9816514,9.16293578,145.0,123.6,2572.290225,56.7136167,0.00755823,4.37603517,0.026281489,9.38e-05,83.6,1.6722,0.026375263,0.285675,0.323196,0.391128
221,OK,,180.0,163.0907941,9.45926606,135.0,123.6,2394.890899,52.8023328,0.371970303,1.00798574,0.006240947,0.004806738,83.6,1.6722,0.011047686,0.285675,0.323196,0.391128
222,OK,,180.0,163.0907941,9.45926606,136.111111,123.6,2414.601934,53.2369199,0.256700108,1.20398264,0.007432773,0.003306903,83.6,1.6722,0.010739676,0.285675,0.323196,0.391128
223,OK,,180.0,163.0907941,9.45926606,137.222222,123.6,2434.312968,53.671507,0.159359822,1.462103,0.008998165,0.002045777,83.6,1.6722,0.011043941,0.285675,0.323196,0.391128
224,OK,,180.0,163.0907941,9.45926606,138.333333,123.6,2454.024002,54.1060941,0.093830582,1.76544231,0.0108292,0.001199621,83.6,1.6722,0.012028821,0.285675,0.323196,0.391128
225,OK,,180.0,163.0907941,9.45926606,139.444444,123.6,2473.735036,54.5406812,0.053910185,2.1226078,0.012974673,0.000686077,83.6,1.6722,0.01366075,0.285675,0.323196,0.391128
226,OK,,180.0,163.0907941,9.45926606,140.555556,123.6,2493.446088,54.9752683,0.033207486,2.51169579,0.015297614,0.000420517,83.6,1.6722,0.015718131,0.285675,0.323196,0.391128
227,OK,,180.0,163.0907941,9.45926606,141.666667,123.6,2513.157123,55.4098554,0.021951087,2.92995723,0.017778804,0.000276547,83.6,1.6722,0.018055351,0.285675,0.323196,0.391128
228,OK,,180.0,163.0907941,9.45926606,142.777778,123.6,2532.868157,55.8444425,0.014920422,3.36220776,0.020324741,0.000186992,83.6,1.6722,0.020511733,0.285675,0.323196,0.391128
229,OK,,180.0,163.0907941,9.45926606,143.888889,123.6,2552.579191,56.2790296,0.011477414,3.78682659,0.02280532,0.000143087,83.6,1.6722,0.022948406,0.285675,0.323196,0.391128
230,OK,,180.0,163.0907941,9.45926606,145.0,123.6,2572.290225,56.7136167,0.008529241,4.22413793,0.025341772,0.000105773,83.6,1.6722,0.025447545,0.285675,0.323196,0.391128
231,OK,,180.0,168.1999367,9.75559633,135.0,123.6,2394.890899,52.8023328,0.41138039,0.963877409,0.005958178,0.005307762,83.6,1.6722,0.01126594,0.285675,0.323196,0.391128
232,OK,,180.0,168.1999367,9.75559633,136.111111,123.6,2414.601934,53.2369199,0.290003649,1.14808637,0.007076562,0.003730611,83.6,1.6722,0.010807173,0.285675,0.323196,0.391128
233,OK,,180.0,168.1999367,9.75559633,137.222222,123.6,2434.312968,53.671507,0.192251232,1.37155046,0.008428539,0.002464669,83.6,1.6722,0.010893208,0.285675,0.323196,0.391128
234,OK,,180.0,168.1999367,9.75559633,138.333333,123.6,2454.024002,54.1060941,0.113032232,1.66922637,0.010224411,0.001443499,83.6,1.6722,0.011667909,0.285675,0.323196,0.391128
235,OK,,180.0,168.1999367,9.75559633,139.444444,123.6,2473.735036,54.5406812,0.062864252,2.03043488,0.012393727,0.000799278,83.6,1.6722,0.013193006,0.285675,0.323196,0.391128
236,OK,,180.0,168.1999367,9.75559633,140.555556,123.6,2493.446088,54.9752683,0.038929614,2.39051711,0.014540334,0.000492564,83.6,1.6722,0.015032898,0.285675,0.323196,0.391128
237,OK,,180.0,168.1999367,9.75559633,141.666667,123.6,2513.157123,55.4098554,0.024735934,2.80165374,0.016977942,0.000311374,83.6,1.6722,0.017289316,0.285675,0.323196,0.391128
238,OK,,180.0,168.1999367,9.75559633,142.777778,123.6,2532.868157,55.8444425,0.017262911,3.23023798,0.019502283,0.000216187,83.6,1.6722,0.019718469,0.285675,0.323196,0.391128
239,OK,,180.0,168.1999367,9.75559633,143.888889,123.6,2552.579191,56.2790296,0.012801712,3.65446121,0.021980651,0.00015948,83.6,1.6722,0.022140131,0.285675,0.323196,0.391128
240,OK,,180.0,168.1999367,9.75559633,145.0,123.6,2572.290225,56.7136167,0.009479079,4.09084643,0.024511788,0.000117468,83.6,1.6722,0.024629255,0.285675,0.323196,0.391128
241,OK,,180.0,173.3090793,10.0519266,135.0,123.6,2394.890899,52.8023328,0.455629478,0.91941608,0.005674088,0.005869055,83.6,1.6722,0.011543144,0.285675,0.323196,0.391128
242,OK,,180.0,173.3090793,10.0519266,136.111111,123.6,2414.601934,53.2369199,0.325679751,1.09529695,0.006740492,0.004183391,83.6,1.6722,0.010923882,0.285675,0.323196,0.391128
243,OK,,180.0,173.3090793,10.0519266,137.222222,123.6,2434.312968,53.671507,0.206419966,1.33912915,0.008213455,0.002641299,83.6,1.6722,0.010854754,0.285675,0.323196,0.391128
244,OK,,180.0,173.3090793,10.0519266,138.333333,123.6,2454.024002,54.1060941,0.135795777,1.57664685,0.009643418,0.00173215,83.6,1.6722,0.011375567,0.285675,0.323196,0.391128
245,OK,,180.0,173.3090793,10.0519266,139.444444,123.6,2473.735036,54.5406812,0.077866356,1.90794847,0.011630444,0.000989022,83.6,1.6722,0.012619466,0.285675,0.323196,0.391128
246,OK,,180.0,173.3090793,10.0519266,140.555556,123.6,2493.446088,54.9752683,0.045924043,2.2731521,0.013808031,0.000580557,83.6,1.6722,0.014388588,0.285675,0.323196,0.391128
247,OK,,180.0,173.3090793,10.0519266,141.666667,123.6,2513.157123,55.4098554,0.02851386,2.68696484,0.016261762,0.000358657,83.6,1.6722,0.016620418,0.285675,0.323196,0.391128
248,OK,,180.0,173.3090793,10.0519266,142.777778,123.6,2532.868157,55.8444425,0.018713198,3.09437867,0.018658591,0.000234176,83.6,1.6722,0.018892766,0.285675,0.323196,0.391128
249,OK,,180.0,173.3090793,10.0519266,143.888889,123.6,2552.579191,56.2790296,0.014322844,3.52994878,0.021204728,0.000178297,83.6,1.6722,0.021383025,0.285675,0.323196,0.391128
250,OK,,180.0,173.3090793,10.0519266,145.0,123.6,2572.290225,56.7136167,0.010510439,3.97187016,0.023768497,0.000130153,83.6,1.6722,0.02389865,0.285675,0.323196,0.391128
251,OK,,180.0,178.4182224,10.3482569,135.0,123.6,2394.890899,52.8023328,0.497282884,0.881925794,0.005433785,0.006395346,83.6,1.6722,0.011829131,0.285675,0.323196,0.391128
252,OK,,180.0,178.4182224,10.3482569,136.111111,123.6,2414.601934,53.2369199,0.364210412,1.04477385,0.006419322,0.004671189,83.6,1.6722,0.01109051,0.285675,0.323196,0.391128
253,OK,,180.0,178.4182224,10.3482569,137.222222,123.6,2434.312968,53.671507,0.249835803,1.24784935,0.007644693,0.003194329,83.6,1.6722,0.010839022,0.285675,0.323196,0.391128
254,OK,,180.0,178.4182224,10.3482569,138.333333,123.6,2454.024002,54.1060941,0.157317503,1.50404574,0.009185632,0.002004284,83.6,1.6722,0.011189915,0.285675,0.323196,0.391128
255,OK,,180.0,178.4182224,10.3482569,139.444444,123.6,2473.735036,54.5406812,0.093954168,1.805811,0.010992379,0.001192093,83.6,1.6722,0.012184472,0.285675,0.323196,0.391128
256,OK,,180.0,178.4182224,10.3482569,140.555556,123.6,2493.446088,54.9752683,0.053901519,2.16897933,0.013157153,0.000680787,83.6,1.6722,0.01383794,0.285675,0.323196,0.391128
257,OK,,180.0,178.4182224,10.3482569,141.666667,123.6,2513.157123,55.4098554,0.033476927,2.56240443,0.015487698,0.000420737,83.6,1.6722,0.015908435,0.285675,0.323196,0.391128
258,OK,,180.0,178.4182224,10.3482569,142.777778,123.6,2532.868157,55.8444425,0.021919254,2.98639929,0.017983468,0.000274075,83.6,1.6722,0.018257543,0.285675,0.323196,0.391128
259,OK,,180.0,178.4182224,10.3482569,143.888889,123.6,2552.579191,56.2790296,0.015147979,3.41262889,0.020473373,0.000188428,83.6,1.6722,0.0206618,0.285675,0.323196,0.391128
260,OK,,180.0,178.4182224,10.3482569,145.0,123.6,2572.290225,56.7136167,0.011733607,3.84153279,0.022959821,0.000145193,83.6,1.6722,0.023105014,0.285675,0.323196,0.391128
261,OK,,180.0,183.5273655,10.6445872,135.0,123.6,2394.890899,52.8023328,0.543599458,0.844025245,0.005191712,0.0069793,83.6,1.6722,0.012171012,0.285675,0.323196,0.391128
262,OK,,180.0,183.5273655,10.6445872,136.111111,123.6,2414.601934,53.2369199,0.405695848,0.996390134,0.006112239,0.005195088,83.6,1.6722,0.011307326,0.285675,0.323196,0.391128
263,OK,,180.0,183.5273655,10.6445872,137.222222,123.6,2434.312968,53.671507,0.282069488,1.19115433,0.007286011,0.003601436,83.6,1.6722,0.010887447,0.285675,0.323196,0.391128
264,OK,,180.0,183.5273655,10.6445872,138.333333,123.6,2454.024002,54.1060941,0.183224168,1.42945884,0.008717095,0.002331412,83.6,1.6722,0.011048507,0.285675,0.323196,0.391128
265,OK,,180.0,183.5273655,10.6445872,139.444444,123.6,2473.735036,54.5406812,0.11125102,1.71696452,0.010436648,0.001410037,83.6,1.6722,0.011846685,0.285675,0.323196,0.391128
266,OK,,180.0,183.5273655,10.6445872,140.555556,123.6,2493.446088,54.9752683,0.063861923,2.06372868,0.012501557,0.000805837,83.6,1.6722,0.013307394,0.285675,0.323196,0.391128
267,OK,,180.0,183.5273655,10.6445872,141.666667,123.6,2513.157123,55.4098554,0.038730891,2.4490605,0.014782921,0.000486362,83.6,1.6722,0.015269283,0.285675,0.323196,0.391128
268,OK,,180.0,183.5273655,10.6445872,142.777778,123.6,2532.868157,55.8444425,0.024880021,2.86190244,0.017211581,0.000310854,83.6,1.6722,0.017522436,0.285675,0.323196,0.391128
269,OK,,180.0,183.5273655,10.6445872,143.888889,123.6,2552.579191,56.2790296,0.018061705,3.28208754,0.019665413,0.000224501,83.6,1.6722,0.019889913,0.285675,0.323196,0.391128
270,OK,,180.0,183.5273655,10.6445872,145.0,123.6,2572.290225,56.7136167,0.012870008,3.72361203,0.022226531,0.000159137,83.6,1.6722,0.022385668,0.285675,0.323196,0.391128
271,OK,,180.0,188.6365069,10.9409174,135.0,123.6,2394.890899,52.8023328,0.590249443,0.809445951,0.004970774,0.007565484,83.6,1.6722,0.012536258,0.285675,0.323196,0.391128
272,OK,,180.0,188.6365069,10.9409174,136.111111,123.6,2414.601934,53.2369199,0.444599268,0.955897365,0.005854362,0.005684524,83.6,1.6722,0.011538886,0.285675,0.323196,0.391128
273,OK,,180.0,188.6365069,10.9409174,137.222222,123.6,2434.312968,53.671507,0.288220447,1.18303657,0.007224513,0.003676309,83.6,1.6722,0.010900822,0.285675,0.323196,0.391128
274,OK,,180.0,188.6365069,10.9409174,138.333333,123.6,2454.024002,54.1060941,0.210888116,1.36136438,0.008289293,0.002679929,83.6,1.6722,0.010969222,0.285675,0.323196,0.391128
275,OK,,180.0,188.6365069,10.9409174,139.444444,123.6,2473.735036,54.5406812,0.132469396,1.62718637,0.009876731,0.001677033,83.6,1.6722,0.011553764,0.285675,0.323196,0.391128
276,Errors,,180.0,188.6365069,10.9409174,140.555556,123.6,2493.446088,54.9752683,0.053695182,2.29477933,0.013773723,0.000676682,83.6,1.6722,0.014450405,0.285675,0.323196,0.391128
277,OK,,180.0,188.6365069,10.9409174,141.666667,123.6,2513.157123,55.4098554,0.044836068,2.34222277,0.01411894,0.000562544,83.6,1.6722,0.014681484,0.285675,0.323196,0.391128
278,OK,,180.0,188.6365069,10.9409174,142.777778,123.6,2532.868157,55.8444425,0.028652073,2.74275387,0.016473507,0.000357697,83.6,1.6722,0.016831204,0.285675,0.323196,0.391128
279,OK,,180.0,188.6365069,10.9409174,143.888889,123.6,2552.579191,56.2790296,0.019287447,3.15876011,0.018902253,0.000239558,83.6,1.6722,0.019141811,0.285675,0.323196,0.391128
280,OK,,180.0,188.6365069,10.9409174,145.0,123.6,2572.290225,56.7136167,0.014514213,3.59094285,0.021407986,0.000179337,83.6,1.6722,0.021587323,0.285675,0.323196,0.391128
281,OK,,180.0,193.74565,11.2372477,135.0,123.6,2394.890899,52.8023328,0.637560952,0.777489131,0.004766592,0.008158007,83.6,1.6722,0.012924599,0.285675,0.323196,0.391128
282,OK,,180.0,193.74565,11.2372477,136.111111,123.6,2414.601934,53.2369199,0.48641878,0.916583529,0.005603405,0.006206623,83.6,1.6722,0.011810028,0.285675,0.323196,0.391128
283,OK,,180.0,193.74565,11.2372477,137.222222,123.6,2434.312968,53.671507,0.355999083,1.08335804,0.006605851,0.004531917,83.6,1.6722,0.011137768,0.285675,0.323196,0.391128
284,OK,,180.0,193.74565,11.2372477,138.333333,123.6,2454.024002,54.1060941,0.24288122,1.29336478,0.00786331,0.003082274,83.6,1.6722,0.010945584,0.285675,0.323196,0.391128
285,OK,,180.0,193.74565,11.2372477,139.444444,123.6,2473.735036,54.5406812,0.150582085,1.56294353,0.009472585,0.00190418,83.6,1.6722,0.011376765,0.285675,0.323196,0.391128
286,OK,,180.0,193.74565,11.2372477,140.555556,123.6,2493.446088,54.9752683,0.090105417,1.86647199,0.011275176,0.001134722,83.6,1.6722,0.012409898,0.285675,0.323196,0.391128
287,OK,,180.0,193.74565,11.2372477,141.666667,123.6,2513.157123,55.4098554,0.053659665,2.21978387,0.013363287,0.000672651,83.6,1.6722,0.014035937,0.285675,0.323196,0.391128
288,OK,,180.0,193.74565,11.2372477,142.777778,123.6,2532.868157,55.8444425,0.033139331,2.62315924,0.015734627,0.00041338,83.6,1.6722,0.016148007,0.285675,0.323196,0.391128
289,OK,,180.0,193.74565,11.2372477,143.888889,123.6,2552.579191,56.2790296,0.022032268,3.0514558,0.018235934,0.000273433,83.6,1.6722,0.018509367,0.285675,0.323196,0.391128
290,OK,,180.0,193.74565,11.2372477,145.0,123.6,2572.290225,56.7136167,0.015264093,3.47045329,0.020663244,0.000188463,83.6,1.6722,0.020851708,0.285675,0.323196,0.391128
291,OK,,180.0,198.8547931,11.533578,135.0,123.6,2394.890899,52.8023328,0.685786391,0.747657464,0.004576064,0.008760069,83.6,1.6722,0.013336132,0.285675,0.323196,0.391128
292,OK,,180.0,198.8547931,11.533578,136.111111,123.6,2414.601934,53.2369199,0.538172391,0.872185005,0.005324315,0.006857972,83.6,1.6722,0.012182287,0.285675,0.323196,0.391128
293,OK,,180.0,198.8547931,11.533578,137.222222,123.6,2434.312968,53.671507,0.392890952,1.03838256,0.00632154,0.004994136,83.6,1.6722,0.011315676,0.285675,0.323196,0.391128
294,OK,,180.0,198.8547931,11.533578,138.333333,123.6,2454.024002,54.1060941,0.276295209,1.23181684,0.007477629,0.003501411,83.6,1.6722,0.010979041,0.285675,0.323196,0.391128
295,OK,,180.0,198.8547931,11.533578,139.444444,123.6,2473.735036,54.5406812,0.179210406,1.47569144,0.008930794,0.0022633,83.6,1.6722,0.011194093,0.285675,0.323196,0.391128
296,OK,,180.0,198.8547931,11.533578,140.555556,123.6,2493.446088,54.9752683,0.106691633,1.7751775,0.010708507,0.001342172,83.6,1.6722,0.012050678,0.285675,0.323196,0.391128
297,OK,,180.0,198.8547931,11.533578,141.666667,123.6,2513.157123,55.4098554,0.062948115,2.11849325,0.012736055,0.000788361,83.6,1.6722,0.013524415,0.285675,0.323196,0.391128
298,OK,,180.0,198.8547931,11.533578,142.777778,123.6,2532.868157,55.8444425,0.038338532,2.51181067,0.01504673,0.000477837,83.6,1.6722,0.015524568,0.285675,0.323196,0.391128
299,OK,,180.0,198.8547931,11.533578,143.888889,123.6,2552.579191,56.2790296,0.024602508,2.93707871,0.017525962,0.000304976,83.6,1.6722,0.017830938,0.285675,0.323196,0.391128
300,OK,,180.0,198.8547931,11.533578,145.0,123.6,2572.290225,56.7136167,0.017322534,3.34235994,0.019875566,0.00021372,83.6,1.6722,0.020089285,0.285675,0.323196,0.391128
301,OK,,180.0,203.9639362,11.8299083,135.0,123.6,2394.890899,52.8023328,0.737952725,0.717979932,0.004387061,0.009409616,83.6,1.6722,0.013796678,0.285675,0.323196,0.391128
302,OK,,180.0,203.9639362,11.8299083,136.111111,123.6,2414.601934,53.2369199,0.577555245,0.842119968,0.005132342,0.007348403,83.6,1.6722,0.012480745,0.285675,0.323196,0.391128
303,OK,,180.0,203.9639362,11.8299083,137.222222,123.6,2434.312968,53.671507,0.434946181,0.992194147,0.00603071,0.005520004,83.6,1.6722,0.011550714,0.285675,0.323196,0.391128
304,OK,,180.0,203.9639362,11.8299083,138.333333,123.6,2454.024002,54.1060941,0.311976443,1.17423041,0.00711702,0.003947877,83.6,1.6722,0.011064897,0.285675,0.323196,0.391128
305,OK,,180.0,203.9639362,11.8299083,139.444444,123.6,2473.735036,54.5406812,0.205057625,1.40930011,0.00851619,0.002586471,83.6,1.6722,0.011102661,0.285675,0.323196,0.391128
306,OK,,180.0,203.9639362,11.8299083,140.555556,123.6,2493.446088,54.9752683,0.125981425,1.68773886,0.0101665,0.001583065,83.6,1.6722,0.011749565,0.285675,0.323196,0.391128
307,OK,,180.0,203.9639362,11.8299083,141.666667,123.6,2513.157123,55.4098554,0.075475266,2.00961052,0.012065083,0.000944326,83.6,1.6722,0.013009409,0.285675,0.323196,0.391128
308,OK,,180.0,203.9639362,11.8299083,142.777778,123.6,2532.868157,55.8444425,0.044693217,2.39706456,0.014340347,0.000556566,83.6,1.6722,0.014896912,0.285675,0.323196,0.391128
309,OK,,180.0,203.9639362,11.8299083,143.888889,123.6,2552.579191,56.2790296,0.028901915,2.79974711,0.016689,0.00035813,83.6,1.6722,0.01704713,0.285675,0.323196,0.391128
310,OK,,180.0,203.9639362,11.8299083,145.0,123.6,2572.290225,56.7136167,0.019286199,3.22178344,0.019134044,0.000237766,83.6,1.6722,0.019371811,0.285675,0.323196,0.391128
311,OK,,180.0,209.0730776,12.1262385,135.0,123.6,2394.890899,52.8023328,0.785202265,0.693390309,0.004229702,0.009995057,83.6,1.6722,0.014224759,0.285675,0.323196,0.391128
312,OK,,180.0,209.0730776,12.1262385,136.111111,123.6,2414.601934,53.2369199,0.625461482,0.808233291,0.004917705,0.00794442,83.6,1.6722,0.012862125,0.285675,0.323196,0.391128
313,OK,,180.0,209.0730776,12.1262385,137.222222,123.6,2434.312968,53.671507,0.477059738,0.950700412,0.005769206,0.006044899,83.6,1.6722,0.011814105,0.285675,0.323196,0.391128
314,OK,,180.0,209.0730776,12.1262385,138.333333,123.6,2454.024002,54.1060941,0.346812013,1.12456817,0.006805335,0.004382379,83.6,1.6722,0.011187714,0.285675,0.323196,0.391128
315,OK,,180.0,209.0730776,12.1262385,139.444444,123.6,2473.735036,54.5406812,0.233393061,1.34597189,0.008121199,0.00294003,83.6,1.6722,0.011061229,0.285675,0.323196,0.391128
316,OK,,180.0,209.0730776,12.1262385,140.555556,123.6,2493.446088,54.9752683,0.15045315,1.5959185,0.00959969,0.001888302,83.6,1.6722,0.011487992,0.285675,0.323196,0.391128
317,OK,,180.0,209.0730776,12.1262385,141.666667,123.6,2513.157123,55.4098554,0.088590809,1.91822621,0.011500313,0.001107323,83.6,1.6722,0.012607636,0.285675,0.323196,0.391128
318,OK,,180.0,209.0730776,12.1262385,142.777778,123.6,2532.868157,55.8444425,0.052358,2.28644419,0.01366034,0.000651441,83.6,1.6722,0.014311781,0.285675,0.323196,0.391128
319,OK,,180.0,209.0730776,12.1262385,143.888889,123.6,2552.579191,56.2790296,0.033313954,2.67706429,0.015937135,0.000412469,83.6,1.6722,0.016349603,0.285675,0.323196,0.391128
320,OK,,180.0,209.0730776,12.1262385,145.0,123.6,2572.290225,56.7136167,0.022664513,3.08935868,0.018324625,0.000279201,83.6,1.6722,0.018603826,0.285675,0.323196,0.391128
321,OK,,180.0,214.1822207,12.4225688,135.0,123.6,2394.890899,52.8023328,0.834758012,0.669415948,0.00407659,0.010607386,83.6,1.6722,0.014683976,0.285675,0.323196,0.391128
322,OK,,180.0,214.1822207,12.4225688,136.111111,123.6,2414.601934,53.2369199,0.677852088,0.774348163,0.004703742,0.008594621,83.6,1.6722,0.013298362,0.285675,0.323196,0.391128
323,OK,,180.0,214.1822207,12.4225688,137.222222,123.6,2434.312968,53.671507,0.519933987,0.912458365,0.00552819,0.00657766,83.6,1.6722,0.01210585,0.285675,0.323196,0.391128
324,OK,,180.0,214.1822207,12.4225688,138.333333,123.6,2454.024002,54.1060941,0.387090861,1.07317405,0.006484129,0.004883873,83.6,1.6722,0.011368002,0.285675,0.323196,0.391128
325,OK,,180.0,214.1822207,12.4225688,139.444444,123.6,2473.735036,54.5406812,0.270486431,1.27380759,0.00767423,0.003402374,83.6,1.6722,0.011076604,0.285675,0.323196,0.391128
326,OK,,180.0,214.1822207,12.4225688,140.555556,123.6,2493.446088,54.9752683,0.175962946,1.51627365,0.009107324,0.002205753,83.6,1.6722,0.011313076,0.285675,0.323196,0.391128
327,OK,,180.0,214.1822207,12.4225688,141.666667,123.6,2513.157123,55.4098554,0.104792099,1.8256016,0.010929664,0.001308452,83.6,1.6722,0.012238115,0.285675,0.323196,0.391128
328,OK,,180.0,214.1822207,12.4225688,142.777778,123.6,2532.868157,55.8444425,0.062077393,2.17517224,0.012978199,0.000771665,83.6,1.6722,0.013749864,0.285675,0.323196,0.391128
329,OK,,180.0,214.1822207,12.4225688,143.888889,123.6,2552.579191,56.2790296,0.0384292,2.56591695,0.015255148,0.0004754,83.6,1.6722,0.015730547,0.285675,0.323196,0.391128
330,OK,,180.0,214.1822207,12.4225688,145.0,123.6,2572.290225,56.7136167,0.025256879,2.97811075,0.017641674,0.000310893,83.6,1.6722,0.017952566,0.285675,0.323196,0.391128
331,OK,,180.0,219.2913638,12.7188991,135.0,123.6,2394.890899,52.8023328,0.893267511,0.643023945,0.003909196,0.011329181,83.6,1.6722,0.015238376,0.285675,0.323196,0.391128
332,OK,,180.0,219.2913638,12.7188991,136.111111,123.6,2414.601934,53.2369199,0.720706001,0.74918318,0.004543363,0.009123352,83.6,1.6722,0.013666715,0.285675,0.323196,0.391128
333,OK,,180.0,219.2913638,12.7188991,137.222222,123.6,2434.312968,53.671507,0.567646521,0.873691784,0.00528476,0.007169326,83.6,1.6722,0.012454086,0.285675,0.323196,0.391128
334,OK,,180.0,219.2913638,12.7188991,138.333333,123.6,2454.024002,54.1060941,0.42787681,1.02675372,0.006193873,0.005390213,83.6,1.6722,0.011584086,0.285675,0.323196,0.391128
335,OK,,180.0,219.2913638,12.7188991,139.444444,123.6,2473.735036,54.5406812,0.288829769,1.24366583,0.007475417,0.003622739,83.6,1.6722,0.011098156,0.285675,0.323196,0.391128
336,OK,,180.0,219.2913638,12.7188991,140.555556,123.6,2493.446088,54.9752683,0.201758037,1.447599,0.008681971,0.002525982,83.6,1.6722,0.011207953,0.285675,0.323196,0.391128
337,OK,,180.0,219.2913638,12.7188991,141.666667,123.6,2513.157123,55.4098554,0.123801015,1.73608907,0.01037913,0.001544118,83.6,1.6722,0.011923248,0.285675,0.323196,0.391128
338,OK,,180.0,219.2913638,12.7188991,142.777778,123.6,2532.868157,55.8444425,0.070784878,2.09435267,0.012475165,0.000878552,83.6,1.6722,0.013353717,0.285675,0.323196,0.391128
339,OK,,180.0,219.2913638,12.7188991,143.888889,123.6,2552.579191,56.2790296,0.04461957,2.45170488,0.014557205,0.00055153,83.6,1.6722,0.015108735,0.285675,0.323196,0.391128
340,OK,,180.0,219.2913638,12.7188991,145.0,123.6,2572.290225,56.7136167,0.028983953,2.85362872,0.016882825,0.000356495,83.6,1.6722,0.01723932,0.285675,0.323196,0.391128
341,OK,,180.0,224.4005069,13.0152294,135.0,123.6,2394.890899,52.8023328,0.942645476,0.622632189,0.003778907,0.011935124,83.6,1.6722,0.015714031,0.285675,0.323196,0.391128
342,OK,,180.0,224.4005069,13.0152294,136.111111,123.6,2414.601934,53.2369199,0.769978041,0.722166707,0.004372248,0.009730342,83.6,1.6722,0.01410259,0.285675,0.323196,0.391128
343,OK,,180.0,224.4005069,13.0152294,137.222222,123.6,2434.312968,53.671507,0.611503458,0.841412178,0.005081215,0.007710787,83.6,1.6722,0.012792002,0.285675,0.323196,0.391128
344,OK,,180.0,224.4005069,13.0152294,138.333333,123.6,2454.024002,54.1060941,0.469475658,0.9841908,0.005927666,0.00590506,83.6,1.6722,0.011832726,0.285675,0.323196,0.391128
345,OK,,180.0,224.4005069,13.0152294,139.444444,123.6,2473.735036,54.5406812,0.340011393,1.16369473,0.006989287,0.00426483,83.6,1.6722,0.011254117,0.285675,0.323196,0.391128
346,OK,,180.0,224.4005069,13.0152294,140.555556,123.6,2493.446088,54.9752683,0.222065865,1.40047674,0.008386513,0.00277697,83.6,1.6722,0.011163484,0.285675,0.323196,0.391128
347,Errors,,180.0,224.4005069,13.0152294,141.666667,123.6,2513.157123,55.4098554,0.106008923,1.82570208,0.010895814,0.001322187,83.6,1.6722,0.012218001,0.285675,0.323196,0.391128
348,OK,,180.0,224.4005069,13.0152294,142.777778,123.6,2532.868157,55.8444425,0.087204907,1.97113978,0.011728882,0.00108193,83.6,1.6722,0.012810812,0.285675,0.323196,0.391128
349,OK,,180.0,224.4005069,13.0152294,143.888889,123.6,2552.579191,56.2790296,0.052705543,2.33281551,0.013833252,0.000650914,83.6,1.6722,0.014484166,0.285675,0.323196,0.391128
350,OK,,180.0,224.4005069,13.0152294,145.0,123.6,2572.290225,56.7136167,0.033344045,2.73598209,0.016165895,0.000409795,83.6,1.6722,0.01657569,0.285675,0.323196,0.391128
351,OK,,180.0,229.5096483,13.3115596,135.0,123.6,2394.890899,52.8023328,0.995032566,0.602367515,0.00364973,0.01257594,83.6,1.6722,0.016225669,0.285675,0.323196,0.391128
352,OK,,180.0,229.5096483,13.3115596,136.111111,123.6,2414.601934,53.2369199,0.820793358,0.69639162,0.004209171,0.010354408,83.6,1.6722,0.014563579,0.285675,0.323196,0.391128
353,OK,,180.0,229.5096483,13.3115596,137.222222,123.6,2434.312968,53.671507,0.657953315,0.80995378,0.004883242,0.008282755,83.6,1.6722,0.013165997,0.285675,0.323196,0.391128
354,OK,,180.0,229.5096483,13.3115596,138.333333,123.6,2454.024002,54.1060941,0.513167697,0.943723731,0.005674847,0.006444338,83.6,1.6722,0.012119185,0.285675,0.323196,0.391128
355,OK,,180.0,229.5096483,13.3115596,139.444444,123.6,2473.735036,54.5406812,0.377693302,1.11363124,0.006678189,0.004730505,83.6,1.6722,0.011408695,0.285675,0.323196,0.391128
356,OK,,180.0,229.5096483,13.3115596,140.555556,123.6,2493.446088,54.9752683,0.265504591,1.31097238,0.007839095,0.003315134,83.6,1.6722,0.011154228,0.285675,0.323196,0.391128
357,OK,,180.0,229.5096483,13.3115596,141.666667,123.6,2513.157123,55.4098554,0.170789288,1.56796465,0.009347186,0.002125159,83.6,1.6722,0.011472346,0.285675,0.323196,0.391128
358,OK,,180.0,229.5096483,13.3115596,142.777778,123.6,2532.868157,55.8444425,0.102869869,1.87803992,0.011159395,0.001274965,83.6,1.6722,0.01243436,0.285675,0.323196,0.391128
359,OK,,180.0,229.5096483,13.3115596,143.888889,123.6,2552.579191,56.2790296,0.061719336,2.22765588,0.01319198,0.000761549,83.6,1.6722,0.013953529,0.285675,0.323196,0.391128
360,OK,,180.0,229.5096483,13.3115596,145.0,123.6,2572.290225,56.7136167,0.038604241,2.61929574,0.015456389,0.000474055,83.6,1.6722,0.015930443,0.285675,0.323196,0.391128
361,OK,,180.0,234.6187914,13.6078899,135.0,123.6,2394.890899,52.8023328,1.04535221,0.584223336,0.003533806,0.013188831,83.6,1.6722,0.016722637,0.285675,0.323196,0.391128
362,OK,,180.0,234.6187914,13.6078899,136.111111,123.6,2414.601934,53.2369199,0.871253051,0.672699443,0.004059182,0.010971863,83.6,1.6722,0.015031045,0.285675,0.323196,0.391128
363,OK,,180.0,234.6187914,13.6078899,137.222222,123.6,2434.312968,53.671507,0.709907801,0.777538644,0.004680115,0.008921173,83.6,1.6722,0.013601288,0.285675,0.323196,0.391128
364,OK,,180.0,234.6187914,13.6078899,138.333333,123.6,2454.024002,54.1060941,0.560415127,0.9040053,0.00542729,0.007026057,83.6,1.6722,0.012453347,0.285675,0.323196,0.391128
365,OK,,180.0,234.6187914,13.6078899,139.444444,123.6,2473.735036,54.5406812,0.418052977,1.06558516,0.00638007,0.005228048,83.6,1.6722,0.011608118,0.285675,0.323196,0.391128
366,OK,,180.0,234.6187914,13.6078899,140.555556,123.6,2493.446088,54.9752683,0.295585278,1.25845919,0.007513584,0.00368581,83.6,1.6722,0.011199393,0.285675,0.323196,0.391128
367,OK,,180.0,234.6187914,13.6078899,141.666667,123.6,2513.157123,55.4098554,0.19622304,1.49693607,0.008910675,0.002438641,83.6,1.6722,0.011349316,0.285675,0.323196,0.391128
368,OK,,180.0,234.6187914,13.6078899,142.777778,123.6,2532.868157,55.8444425,0.115594768,1.8146812,0.010767182,0.001431223,83.6,1.6722,0.012198406,0.285675,0.323196,0.391128
369,OK,,180.0,234.6187914,13.6078899,143.888889,123.6,2552.579191,56.2790296,0.070625011,2.14295438,0.012672734,0.000870633,83.6,1.6722,0.013543367,0.285675,0.323196,0.391128
370,OK,,180.0,234.6187914,13.6078899,145.0,123.6,2572.290225,56.7136167,0.044457561,2.50920428,0.014787298,0.000545477,83.6,1.6722,0.015332776,0.285675,0.323196,0.391128
371,OK,,180.0,239.7279345,13.9042202,135.0,123.6,2394.890899,52.8023328,1.09935754,0.565888501,0.00341709,0.013845062,83.6,1.6722,0.017262152,0.285675,0.323196,0.391128
372,OK,,180.0,239.7279345,13.9042202,136.111111,123.6,2414.601934,53.2369199,0.926198099,0.648656597,0.003907538,0.011642614,83.6,1.6722,0.015550152,0.285675,0.323196,0.391128
373,OK,,180.0,239.7279345,13.9042202,137.222222,123.6,2434.312968,53.671507,0.757946217,0.750144238,0.004507787,0.009508786,83.6,1.6722,0.014016573,0.285675,0.323196,0.391128
374,Errors,,180.0,239.7279345,13.9042202,138.333333,123.6,2454.024002,54.1060941,0.834709016,0.801836938,0.004734891,0.010419849,83.6,1.6722,0.01515474,0.285675,0.323196,0.391128
375,OK,,180.0,239.7279345,13.9042202,139.444444,123.6,2473.735036,54.5406812,0.4573746,1.02353041,0.0061186,0.00571116,83.6,1.6722,0.01182976,0.285675,0.323196,0.391128
376,OK,,180.0,239.7279345,13.9042202,140.555556,123.6,2493.446088,54.9752683,0.330938581,1.20326368,0.007173046,0.004120786,83.6,1.6722,0.011293832,0.285675,0.323196,0.391128
377,OK,,180.0,239.7279345,13.9042202,141.666667,123.6,2513.157123,55.4098554,0.225510687,1.42620749,0.008477147,0.002798999,83.6,1.6722,0.011276146,0.285675,0.323196,0.391128
378,OK,,180.0,239.7279345,13.9042202,142.777778,123.6,2532.868157,55.8444425,0.144026684,1.695412,0.010046033,0.001781078,83.6,1.6722,0.011827111,0.285675,0.323196,0.391128
379,OK,,180.0,239.7279345,13.9042202,143.888889,123.6,2552.579191,56.2790296,0.08288857,2.04628418,0.012081586,0.001020231,83.6,1.6722,0.013101816,0.285675,0.323196,0.391128
380,OK,,180.0,239.7279345,13.9042202,145.0,123.6,2572.290225,56.7136167,0.051697769,2.39884279,0.014118316,0.000633766,83.6,1.6722,0.014752082,0.285675,0.323196,0.391128
381,OK,,180.0,244.8370776,14.2005505,135.0,123.6,2394.890899,52.8023328,1.1520412,0.54915327,0.003310403,0.014482596,83.6,1.6722,0.017792998,0.285675,0.323196,0.391128
382,OK,,180.0,244.8370776,14.2005505,136.111111,123.6,2414.601934,53.2369199,0.977349,0.62795627,0.003776494,0.012264063,83.6,1.6722,0.016040557,0.285675,0.323196,0.391128
383,OK,,180.0,244.8370776,14.2005505,137.222222,123.6,2434.312968,53.671507,0.807395295,0.724023303,0.004343634,0.010111817,83.6,1.6722,0.014455451,0.285675,0.323196,0.391128
384,OK,,180.0,244.8370776,14.2005505,138.333333,123.6,2454.024002,54.1060941,0.64791943,0.840014469,0.00502679,0.008097104,83.6,1.6722,0.013123893,0.285675,0.323196,0.391128
385,OK,,180.0,244.8370776,14.2005505,139.444444,123.6,2473.735036,54.5406812,0.500806372,0.981318804,0.005856971,0.006243619,83.6,1.6722,0.01210059,0.285675,0.323196,0.391128
386,OK,,180.0,244.8370776,14.2005505,140.555556,123.6,2493.446088,54.9752683,0.368123463,1.15165688,0.006854727,0.004577015,83.6,1.6722,0.011431741,0.285675,0.323196,0.391128
387,OK,,180.0,244.8370776,14.2005505,141.666667,123.6,2513.157123,55.4098554,0.254433758,1.36549088,0.008104104,0.003153886,83.6,1.6722,0.01125799,0.285675,0.323196,0.391128
388,OK,,180.0,244.8370776,14.2005505,142.777778,123.6,2532.868157,55.8444425,0.166713577,1.61828538,0.009575232,0.002059222,83.6,1.6722,0.011634454,0.285675,0.323196,0.391128
389,OK,,180.0,244.8370776,14.2005505,143.888889,123.6,2552.579191,56.2790296,0.102731542,1.9306863,0.011384075,0.001263673,83.6,1.6722,0.012647748,0.285675,0.323196,0.391128
390,OK,,180.0,244.8370776,14.2005505,145.0,123.6,2572.290225,56.7136167,0.061518906,2.29067467,0.013460811,0.000753378,83.6,1.6722,0.014214189,0.285675,0.323196,0.391128
391,OK,,180.0,249.946219,14.4968807,135.0,123.6,2394.890899,52.8023328,1.21125971,0.531354277,0.003197652,0.015198328,83.6,1.6722,0.018395981,0.285675,0.323196,0.391128
392,OK,,180.0,249.946219,14.4968807,136.111111,123.6,2414.601934,53.2369199,1.03122718,0.607522117,0.003647478,0.012917056,83.6,1.6722,0.016564533,0.285675,0.323196,0.391128
393,OK,,180.0,249.946219,14.4968807,137.222222,123.6,2434.312968,53.671507,0.857512486,0.699453913,0.004189308,0.010721124,83.6,1.6722,0.014910432,0.285675,0.323196,0.391128
394,OK,,180.0,249.946219,14.4968807,138.333333,123.6,2454.024002,54.1060941,0.68514149,0.816097864,0.004875589,0.008548837,83.6,1.6722,0.013424426,0.285675,0.323196,0.391128
395,OK,,180.0,249.946219,14.4968807,139.444444,123.6,2473.735036,54.5406812,0.544959123,0.942393711,0.00561572,0.006783345,83.6,1.6722,0.012399065,0.285675,0.323196,0.391128
396,OK,,180.0,249.946219,14.4968807,140.555556,123.6,2493.446088,54.9752683,0.408710519,1.10109321,0.00654374,0.005074162,83.6,1.6722,0.011617902,0.285675,0.323196,0.391128
397,OK,,180.0,249.946219,14.4968807,141.666667,123.6,2513.157123,55.4098554,0.28900266,1.3014816,0.007712689,0.003577461,83.6,1.6722,0.011290149,0.285675,0.323196,0.391128
398,OK,,180.0,249.946219,14.4968807,142.777778,123.6,2532.868157,55.8444425,0.193215373,1.54826146,0.00914546,0.002383307,83.6,1.6722,0.011528768,0.285675,0.323196,0.391128
399,OK,,180.0,249.946219,14.4968807,143.888889,123.6,2552.579191,56.2790296,0.12125515,1.83754175,0.010819921,0.001489944,83.6,1.6722,0.012309865,0.285675,0.323196,0.391128
400,OK,,180.0,249.946219,14.4968807,145.0,123.6,2572.290225,56.7136167,0.072518849,2.1841924,0.012818094,0.000887275,83.6,1.6722,0.013705369,0.285675,0.323196,0.391128
401,OK,,180.0,255.0553621,14.793211,135.0,123.6,2394.890899,52.8023328,1.26221549,0.517141384,0.003106839,0.015809942,83.6,1.6722,0.018916781,0.285675,0.323196,0.391128
402,OK,,180.0,255.0553621,14.793211,136.111111,123.6,2414.601934,53.2369199,1.08401225,0.588845438,0.003529403,0.013554153,83.6,1.6722,0.017083556,0.285675,0.323196,0.391128
403,OK,,180.0,255.0553621,14.793211,137.222222,123.6,2434.312968,53.671507,0.911090774,0.674995831,0.00403611,0.011370771,83.6,1.6722,0.015406881,0.285675,0.323196,0.391128
404,OK,,180.0,255.0553621,14.793211,138.333333,123.6,2454.024002,54.1060941,0.74629236,0.778796193,0.004645302,0.009295093,83.6,1.6722,0.013940395,0.285675,0.323196,0.391128
405,OK,,180.0,255.0553621,14.793211,139.444444,123.6,2473.735036,54.5406812,0.595142253,0.90204745,0.005366717,0.007395499,83.6,1.6722,0.012762216,0.285675,0.323196,0.391128
406,OK,,180.0,255.0553621,14.793211,140.555556,123.6,2493.446088,54.9752683,0.447384434,1.05797687,0.006277684,0.005546068,83.6,1.6722,0.011823752,0.285675,0.323196,0.391128
407,OK,,180.0,255.0553621,14.793211,141.666667,123.6,2513.157123,55.4098554,0.325879844,1.24732965,0.007378847,0.004027616,83.6,1.6722,0.011406462,0.285675,0.323196,0.391128
408,OK,,180.0,255.0553621,14.793211,142.777778,123.6,2532.868157,55.8444425,0.223163269,1.47318363,0.008689359,0.002749164,83.6,1.6722,0.011438522,0.285675,0.323196,0.391128
409,OK,,180.0,255.0553621,14.793211,143.888889,123.6,2552.579191,56.2790296,0.135964332,1.77525939,0.0104344,0.001667553,83.6,1.6722,0.012101954,0.285675,0.323196,0.391128
410,OK,,180.0,255.0553621,14.793211,145.0,123.6,2572.290225,56.7136167,0.086081439,2.07867716,0.012182615,0.001052197,83.6,1.6722,0.013234813,0.285675,0.323196,0.391128
411,OK,,180.0,260.1645052,15.0895413,135.0,123.6,2394.890899,52.8023328,1.31967466,0.501870749,0.003009954,0.01649889,83.6,1.6722,0.019508843,0.285675,0.323196,0.391128
412,OK,,180.0,260.1645052,15.0895413,136.111111,123.6,2414.601934,53.2369199,1.13651458,0.571428756,0.00341925,0.01418551,83.6,1.6722,0.01760476,0.285675,0.323196,0.391128
413,OK,,180.0,260.1645052,15.0895413,137.222222,123.6,2434.312968,53.671507,0.962545952,0.65322155,0.003899425,0.011992062,83.6,1.6722,0.015891487,0.285675,0.323196,0.391128
414,OK,,180.0,260.1645052,15.0895413,138.333333,123.6,2454.024002,54.1060941,0.792800397,0.753248006,0.004485574,0.009858115,83.6,1.6722,0.014343689,0.285675,0.323196,0.391128
415,OK,,180.0,260.1645052,15.0895413,139.444444,123.6,2473.735036,54.5406812,0.636965569,0.875953394,0.005201903,0.00790183,83.6,1.6722,0.013103733,0.285675,0.323196,0.391128
416,OK,,180.0,260.1645052,15.0895413,140.555556,123.6,2493.446088,54.9752683,0.492287716,1.0173557,0.006025786,0.006092202,83.6,1.6722,0.012117988,0.285675,0.323196,0.391128
417,Errors,,180.0,260.1645052,15.0895413,141.666667,123.6,2513.157123,55.4098554,0.19662702,1.53092521,0.009024422,0.002433459,83.6,1.6722,0.011457881,0.285675,0.323196,0.391128
418,OK,,180.0,260.1645052,15.0895413,142.777778,123.6,2532.868157,55.8444425,0.251519494,1.41161797,0.0083139,0.003094551,83.6,1.6722,0.011408451,0.285675,0.323196,0.391128
419,OK,,180.0,260.1645052,15.0895413,143.888889,123.6,2552.579191,56.2790296,0.164302108,1.67195795,0.009817207,0.002014333,83.6,1.6722,0.01183154,0.285675,0.323196,0.391128
420,OK,,180.0,260.1645052,15.0895413,145.0,123.6,2572.290225,56.7136167,0.099428482,1.99366563,0.011666742,0.001213774,83.6,1.6722,0.012880515,0.285675,0.323196,0.391128
421,OK,,180.0,265.2736483,15.3858716,135.0,123.6,2394.890899,52.8023328,1.36745097,0.490060827,0.002934147,0.017067215,83.6,1.6722,0.020001362,0.285675,0.323196,0.391128
422,OK,,180.0,265.2736483,15.3858716,136.111111,123.6,2414.601934,53.2369199,1.19142284,0.554263213,0.003310945,0.014843981,83.6,1.6722,0.018154926,0.285675,0.323196,0.391128
423,OK,,180.0,265.2736483,15.3858716,137.222222,123.6,2434.312968,53.671507,1.00852567,0.635150394,0.003785262,0.01254421,83.6,1.6722,0.016329472,0.285675,0.323196,0.391128
424,OK,,180.0,265.2736483,15.3858716,138.333333,123.6,2454.024002,54.1060941,0.84860132,0.728265231,0.004328709,0.010531594,83.6,1.6722,0.014860303,0.285675,0.323196,0.391128
425,OK,,180.0,265.2736483,15.3858716,139.444444,123.6,2473.735036,54.5406812,0.68514624,0.843277152,0.004999798,0.008485449,83.6,1.6722,0.013485247,0.285675,0.323196,0.391128
426,OK,,180.0,265.2736483,15.3858716,140.555556,123.6,2493.446088,54.9752683,0.536789442,0.976505845,0.005774732,0.006632432,83.6,1.6722,0.012407165,0.285675,0.323196,0.391128
427,OK,,180.0,265.2736483,15.3858716,141.666667,123.6,2513.157123,55.4098554,0.400191197,1.14567092,0.006756758,0.004931821,83.6,1.6722,0.011688579,0.285675,0.323196,0.391128
428,OK,,180.0,265.2736483,15.3858716,142.777778,123.6,2532.868157,55.8444425,0.285085541,1.34727776,0.007923212,0.00350277,83.6,1.6722,0.011425982,0.285675,0.323196,0.391128
429,OK,,180.0,265.2736483,15.3858716,143.888889,123.6,2552.579191,56.2790296,0.191486378,1.58995496,0.009322469,0.002344737,83.6,1.6722,0.011667206,0.285675,0.323196,0.391128
430,OK,,180.0,265.2736483,15.3858716,145.0,123.6,2572.290225,56.7136167,0.118001641,1.89503967,0.011075995,0.001439428,83.6,1.6722,0.012515423,0.285675,0.323196,0.391128
431,OK,,180.0,270.3827897,15.6822018,135.0,123.6,2394.890899,52.8023328,1.43404125,0.474065829,0.002833498,0.017862325,83.6,1.6722,0.020695823,0.285675,0.323196,0.391128
432,OK,,180.0,270.3827897,15.6822018,136.111111,123.6,2414.601934,53.2369199,1.24680164,0.537983973,0.003208276,0.015505789,83.6,1.6722,0.018714065,0.285675,0.323196,0.391128
433,OK,,180.0,270.3827897,15.6822018,137.222222,123.6,2434.312968,53.671507,1.07434497,0.61362358,0.003650101,0.01333513,83.6,1.6722,0.016985232,0.285675,0.323196,0.391128
434,OK,,180.0,270.3827897,15.6822018,138.333333,123.6,2454.024002,54.1060941,0.896026737,0.705828193,0.004188469,0.01110173,83.6,1.6722,0.015290199,0.285675,0.323196,0.391128
435,OK,,180.0,270.3827897,15.6822018,139.444444,123.6,2473.735036,54.5406812,0.733271813,0.813251811,0.004813998,0.00906644,83.6,1.6722,0.013880438,0.285675,0.323196,0.391128
436,OK,,180.0,270.3827897,15.6822018,140.555556,123.6,2493.446088,54.9752683,0.58272542,0.938123438,0.005538983,0.007188459,83.6,1.6722,0.012727443,0.285675,0.323196,0.391128
437,OK,,180.0,270.3827897,15.6822018,141.666667,123.6,2513.157123,55.4098554,0.440817797,1.09827832,0.006467272,0.005424353,83.6,1.6722,0.011891625,0.285675,0.323196,0.391128
438,OK,,180.0,270.3827897,15.6822018,142.777778,123.6,2532.868157,55.8444425,0.320756915,1.28710354,0.007558032,0.003935559,83.6,1.6722,0.011493591,0.285675,0.323196,0.391128
439,OK,,180.0,270.3827897,15.6822018,143.888889,123.6,2552.579191,56.2790296,0.215773972,1.52702055,0.008940383,0.002638979,83.6,1.6722,0.011579362,0.285675,0.323196,0.391128
440,OK,,180.0,270.3827897,15.6822018,145.0,123.6,2572.290225,56.7136167,0.136035518,1.81525051,0.010594837,0.001657648,83.6,1.6722,0.012252485,0.285675,0.323196,0.391128
441,OK,,180.0,275.4919328,15.9785321,135.0,123.6,2394.890899,52.8023328,1.48665933,0.462388745,0.002759004,0.018484888,83.6,1.6722,0.021243892,0.285675,0.323196,0.391128
442,OK,,180.0,275.4919328,15.9785321,136.111111,123.6,2414.601934,53.2369199,1.30285783,0.525273658,0.00312652,0.016171341,83.6,1.6722,0.019297861,0.285675,0.323196,0.391128
443,OK,,180.0,275.4919328,15.9785321,137.222222,123.6,2434.312968,53.671507,1.12172989,0.597355724,0.003547364,0.013899653,83.6,1.6722,0.017447017,0.285675,0.323196,0.391128
444,OK,,180.0,275.4919328,15.9785321,138.333333,123.6,2454.024002,54.1060941,0.949661756,0.681968438,0.00404022,0.011745549,83.6,1.6722,0.015785768,0.285675,0.323196,0.391128
445,OK,,180.0,275.4919328,15.9785321,139.444444,123.6,2473.735036,54.5406812,0.787017261,0.782191676,0.004622638,0.009713954,83.6,1.6722,0.014336592,0.285675,0.323196,0.391128
446,OK,,180.0,275.4919328,15.9785321,140.555556,123.6,2493.446088,54.9752683,0.626612692,0.904659777,0.005332919,0.00771769,83.6,1.6722,0.013050609,0.285675,0.323196,0.391128
447,OK,,180.0,275.4919328,15.9785321,141.666667,123.6,2513.157123,55.4098554,0.48230451,1.05457676,0.006200304,0.005925862,83.6,1.6722,0.012126165,0.285675,0.323196,0.391128
448,OK,,180.0,275.4919328,15.9785321,142.777778,123.6,2532.868157,55.8444425,0.357147089,1.23267626,0.007227515,0.004375864,83.6,1.6722,0.01160338,0.285675,0.323196,0.391128
449,OK,,180.0,275.4919328,15.9785321,143.888889,123.6,2552.579191,56.2790296,0.250085374,1.44902135,0.008471521,0.003054484,83.6,1.6722,0.011526005,0.285675,0.323196,0.391128
450,OK,,180.0,275.4919328,15.9785321,145.0,123.6,2572.290225,56.7136167,0.160616896,1.72308484,0.010043098,0.001954917,83.6,1.6722,0.011998015,0.285675,0.323196,0.391128
451,OK,,180.0,280.6010759,16.2748624,135.0,123.6,2394.890899,52.8023328,1.54444513,0.452602186,0.002695415,0.019164903,83.6,1.6722,0.021860318,0.285675,0.323196,0.391128
452,OK,,180.0,280.6010759,16.2748624,136.111111,123.6,2414.601934,53.2369199,1.36769647,0.508175441,0.003019576,0.016942341,83.6,1.6722,0.019961917,0.285675,0.323196,0.391128
453,OK,,180.0,280.6010759,16.2748624,137.222222,123.6,2434.312968,53.671507,1.17667535,0.579383647,0.00343486,0.014554037,83.6,1.6722,0.017988897,0.285675,0.323196,0.391128
454,OK,,180.0,280.6010759,16.2748624,138.333333,123.6,2454.024002,54.1060941,0.998580581,0.661810978,0.003914315,0.012329536,83.6,1.6722,0.016243852,0.285675,0.323196,0.391128
455,OK,,180.0,280.6010759,16.2748624,139.444444,123.6,2473.735036,54.5406812,0.833572362,0.757556116,0.004469749,0.010271518,83.6,1.6722,0.014741267,0.285675,0.323196,0.391128
456,OK,,180.0,280.6010759,16.2748624,140.555556,123.6,2493.446088,54.9752683,0.671840677,0.872887606,0.00513738,0.008261356,83.6,1.6722,0.013398736,0.285675,0.323196,0.391128
457,OK,,180.0,280.6010759,16.2748624,141.666667,123.6,2513.157123,55.4098554,0.524115832,1.01460662,0.00595595,0.006429628,83.6,1.6722,0.012385578,0.285675,0.323196,0.391128
458,OK,,180.0,280.6010759,16.2748624,142.777778,123.6,2532.868157,55.8444425,0.392031937,1.1860042,0.006943211,0.004796482,83.6,1.6722,0.011739693,0.285675,0.323196,0.391128
459,OK,,180.0,280.6010759,16.2748624,143.888889,123.6,2552.579191,56.2790296,0.27746311,1.39500235,0.008143564,0.003384576,83.6,1.6722,0.01152814,0.285675,0.323196,0.391128
460,OK,,180.0,280.6010759,16.2748624,145.0,123.6,2572.290225,56.7136167,0.177953289,1.66789659,0.009703934,0.002161788,83.6,1.6722,0.011865722,0.285675,0.323196,0.391128
461,OK,,180.0,285.710219,16.5711927,135.0,123.6,2394.890899,52.8023328,1.60273288,0.440787342,0.002620591,0.019851526,83.6,1.6722,0.022472118,0.285675,0.323196,0.391128
462,OK,,180.0,285.710219,16.5711927,136.111111,123.6,2414.601934,53.2369199,1.40845733,0.498409322,0.002956629,0.017420386,83.6,1.6722,0.020377015,0.285675,0.323196,0.391128
463,OK,,180.0,285.710219,16.5711927,137.222222,123.6,2434.312968,53.671507,1.23227133,0.562244827,0.003327707,0.015214552,83.6,1.6722,0.018542259,0.285675,0.323196,0.391128
464,OK,,180.0,285.710219,16.5711927,138.333333,123.6,2454.024002,54.1060941,1.05256243,0.640782836,0.003783718,0.012973398,83.6,1.6722,0.016757116,0.285675,0.323196,0.391128
465,OK,,180.0,285.710219,16.5711927,139.444444,123.6,2473.735036,54.5406812,0.881944947,0.733580099,0.004321286,0.010849807,83.6,1.6722,0.015171093,0.285675,0.323196,0.391128
466,OK,,180.0,285.710219,16.5711927,140.555556,123.6,2493.446088,54.9752683,0.720253905,0.841365143,0.004943983,0.008842273,83.6,1.6722,0.013786255,0.285675,0.323196,0.391128
467,OK,,180.0,285.710219,16.5711927,141.666667,123.6,2513.157123,55.4098554,0.570815877,0.973706338,0.005706967,0.006991454,83.6,1.6722,0.012698421,0.285675,0.323196,0.391128
468,OK,,180.0,285.710219,16.5711927,142.777778,123.6,2532.868157,55.8444425,0.43189054,1.13753859,0.006649376,0.005276477,83.6,1.6722,0.011925853,0.285675,0.323196,0.391128
469,OK,,180.0,285.710219,16.5711927,143.888889,123.6,2552.579191,56.2790296,0.31203469,1.3337379,0.007774528,0.003801189,83.6,1.6722,0.011575718,0.285675,0.323196,0.391128
470,OK,,180.0,285.710219,16.5711927,145.0,123.6,2572.290225,56.7136167,0.213733734,1.56773009,0.009111826,0.002595151,83.6,1.6722,0.011706977,0.285675,0.323196,0.391128
471,OK,,180.0,290.8193603,16.8675229,135.0,123.6,2394.890899,52.8023328,1.66238054,0.429317635,0.00254803,0.020551391,83.6,1.6722,0.023099421,0.285675,0.323196,0.391128
472,OK,,180.0,290.8193603,16.8675229,136.111111,123.6,2414.601934,53.2369199,1.47179056,0.483374315,0.002862557,0.018168321,83.6,1.6722,0.021030878,0.285675,0.323196,0.391128
473,OK,,180.0,290.8193603,16.8675229,137.222222,123.6,2434.312968,53.671507,1.28868938,0.54588369,0.003225455,0.015882183,83.6,1.6722,0.019107638,0.285675,0.323196,0.391128
474,OK,,180.0,290.8193603,16.8675229,138.333333,123.6,2454.024002,54.1060941,1.10720745,0.620883899,0.003660147,0.013622638,83.6,1.6722,0.017282785,0.285675,0.323196,0.391128
475,OK,,180.0,290.8193603,16.8675229,139.444444,123.6,2473.735036,54.5406812,0.927886097,0.71238845,0.004189621,0.011396425,83.6,1.6722,0.015586045,0.285675,0.323196,0.391128
476,OK,,180.0,290.8193603,16.8675229,140.555556,123.6,2493.446088,54.9752683,0.767589193,0.812968718,0.004769455,0.009407976,83.6,1.6722,0.014177431,0.285675,0.323196,0.391128
477,OK,,180.0,290.8193603,16.8675229,141.666667,123.6,2513.157123,55.4098554,0.610503366,0.942180009,0.005513486,0.007466351,83.6,1.6722,0.012979837,0.285675,0.323196,0.391128
478,OK,,180.0,290.8193603,16.8675229,142.777778,123.6,2532.868157,55.8444425,0.4722568,1.09320109,0.006380393,0.00576105,83.6,1.6722,0.012141442,0.285675,0.323196,0.391128
479,OK,,180.0,290.8193603,16.8675229,143.888889,123.6,2552.579191,56.2790296,0.345866394,1.28056239,0.007453425,0.004207586,83.6,1.6722,0.011661012,0.285675,0.323196,0.391128
480,OK,,180.0,290.8193603,16.8675229,145.0,123.6,2572.290225,56.7136167,0.237779793,1.51096754,0.008769091,0.002883681,83.6,1.6722,0.011652772,0.285675,0.323196,0.391128
481,OK,,180.0,295.9285034,17.1638532,135.0,123.6,2394.890899,52.8023328,1.71735026,0.419339574,0.002484575,0.021192701,83.6,1.6722,0.023677276,0.285675,0.323196,0.391128
482,OK,,180.0,295.9285034,17.1638532,136.111111,123.6,2414.601934,53.2369199,1.52801008,0.470888903,0.002783906,0.018828073,83.6,1.6722,0.021611979,0.285675,0.323196,0.391128
483,OK,,180.0,295.9285034,17.1638532,137.222222,123.6,2434.312968,53.671507,1.34277109,0.531135922,0.00313307,0.016519391,83.6,1.6722,0.019652461,0.285675,0.323196,0.391128
484,OK,,180.0,295.9285034,17.1638532,138.333333,123.6,2454.024002,54.1060941,1.16124191,0.602442097,0.003545558,0.014262299,83.6,1.6722,0.017807857,0.285675,0.323196,0.391128
485,OK,,180.0,295.9285034,17.1638532,139.444444,123.6,2473.735036,54.5406812,0.983098868,0.688269709,0.004041164,0.012053196,83.6,1.6722,0.01609436,0.285675,0.323196,0.391128
486,OK,,180.0,295.9285034,17.1638532,140.555556,123.6,2493.446088,54.9752683,0.814224192,0.787003066,0.004609711,0.009963424,83.6,1.6722,0.014573135,0.285675,0.323196,0.391128
487,OK,,180.0,295.9285034,17.1638532,141.666667,123.6,2513.157123,55.4098554,0.665370127,0.901535873,0.005267335,0.008123263,83.6,1.6722,0.013390598,0.285675,0.323196,0.391128
488,OK,,180.0,295.9285034,17.1638532,142.777778,123.6,2532.868157,55.8444425,0.518503337,1.04689111,0.006100748,0.006315264,83.6,1.6722,0.012416012,0.285675,0.323196,0.391128
489,OK,,180.0,295.9285034,17.1638532,143.888889,123.6,2552.579191,56.2790296,0.381493522,1.23018999,0.007149514,0.004634571,83.6,1.6722,0.011784085,0.285675,0.323196,0.391128
490,OK,,180.0,295.9285034,17.1638532,145.0,123.6,2572.290225,56.7136167,0.271461125,1.44004062,0.008345455,0.00328779,83.6,1.6722,0.011633244,0.285675,0.323196,0.391128
491,OK,,180.0,301.0376466,17.4601835,135.0,123.6,2394.890899,52.8023328,1.77704625,0.408930748,0.00241876,0.021888118,83.6,1.6722,0.024306878,0.285675,0.323196,0.391128
492,OK,,180.0,301.0376466,17.4601835,136.111111,123.6,2414.601934,53.2369199,1.58668613,0.45848464,0.00270598,0.019514786,83.6,1.6722,0.022220765,0.285675,0.323196,0.391128
493,OK,,180.0,301.0376466,17.4601835,137.222222,123.6,2434.312968,53.671507,1.39083292,0.518839284,0.00305544,0.017082083,83.6,1.6722,0.020137523,0.285675,0.323196,0.391128
494,OK,,180.0,301.0376466,17.4601835,138.333333,123.6,2454.024002,54.1060941,1.21630311,0.584758494,0.003435782,0.014911994,83.6,1.6722,0.018347777,0.285675,0.323196,0.391128
495,OK,,180.0,301.0376466,17.4601835,139.444444,123.6,2473.735036,54.5406812,1.0368292,0.666440488,0.003906594,0.012689762,83.6,1.6722,0.016596356,0.285675,0.323196,0.391128
496,OK,,180.0,301.0376466,17.4601835,140.555556,123.6,2493.446088,54.9752683,0.868312284,0.758797461,0.004437337,0.010606809,83.6,1.6722,0.015044146,0.285675,0.323196,0.391128
497,OK,,180.0,301.0376466,17.4601835,141.666667,123.6,2513.157123,55.4098554,0.707359134,0.873439495,0.005095079,0.008622483,83.6,1.6722,0.013717562,0.285675,0.323196,0.391128
498,OK,,180.0,301.0376466,17.4601835,142.777778,123.6,2532.868157,55.8444425,0.557016481,1.0120855,0.005888789,0.006774464,83.6,1.6722,0.012663253,0.285675,0.323196,0.391128
499,OK,,180.0,301.0376466,17.4601835,143.888889,123.6,2552.579191,56.2790296,0.424290744,1.17558403,0.00682193,0.005146763,83.6,1.6722,0.011968693,0.285675,0.323196,0.391128
500,OK,,180.0,301.0376466,17.4601835,145.0,123.6,2572.290225,56.7136167,0.305921721,1.37660727,0.007966232,0.00370017,83.6,1.6722,0.011666402,0.285675,0.323196,0.391128
501,OK,,180.0,306.1467897,17.7565138,135.0,123.6,2394.890899,52.8023328,1.83621216,0.399148426,0.002356861,0.02257448,83.6,1.6722,0.024931341,0.285675,0.323196,0.391128
502,OK,,180.0,306.1467897,17.7565138,136.111111,123.6,2414.601934,53.2369199,1.64308477,0.447211376,0.002634978,0.020171648,83.6,1.6722,0.022806626,0.285675,0.323196,0.391128
503,OK,,180.0,306.1467897,17.7565138,137.222222,123.6,2434.312968,53.671507,1.45653841,0.502508136,0.002954264,0.017853876,83.6,1.6722,0.02080814,0.285675,0.323196,0.391128
504,OK,,180.0,306.1467897,17.7565138,138.333333,123.6,2454.024002,54.1060941,1.27042681,0.568417323,0.003334229,0.015548054,83.6,1.6722,0.018882284,0.285675,0.323196,0.391128
505,OK,,180.0,306.1467897,17.7565138,139.444444,123.6,2473.735036,54.5406812,1.08960984,0.646400913,0.003782915,0.013312626,83.6,1.6722,0.017095541,0.285675,0.323196,0.391128
506,OK,,180.0,306.1467897,17.7565138,140.555556,123.6,2493.446088,54.9752683,0.920384541,0.733685886,0.004283552,0.011223663,83.6,1.6722,0.015507215,0.285675,0.323196,0.391128
507,OK,,180.0,306.1467897,17.7565138,141.666667,123.6,2513.157123,55.4098554,0.755832978,0.843012384,0.004909811,0.00919849,83.6,1.6722,0.014108301,0.285675,0.323196,0.391128
508,OK,,180.0,306.1467897,17.7565138,142.777778,123.6,2532.868157,55.8444425,0.603886552,0.972810053,0.00565149,0.0073328,83.6,1.6722,0.01298429,0.285675,0.323196,0.391128
509,OK,,180.0,306.1467897,17.7565138,143.888889,123.6,2552.579191,56.2790296,0.464940488,1.1291487,0.006542537,0.005631529,83.6,1.6722,0.012174067,0.285675,0.323196,0.391128
510,OK,,180.0,306.1467897,17.7565138,145.0,123.6,2572.290225,56.7136167,0.339683162,1.32150278,0.007636066,0.004102984,83.6,1.6722,0.01173905,0.285675,0.323196,0.391128
511,OK,,180.0,311.255931,18.052844,135.0,123.6,2394.890899,52.8023328,1.8951143,0.389845961,0.002297988,0.023254873,83.6,1.6722,0.025552861,0.285675,0.323196,0.391128
512,OK,,180.0,311.255931,18.052844,136.111111,123.6,2414.601934,53.2369199,1.69997746,0.436390361,0.002566857,0.020831767,83.6,1.6722,0.023398623,0.285675,0.323196,0.391128
513,OK,,180.0,311.255931,18.052844,137.222222,123.6,2434.312968,53.671507,1.51061898,0.490039373,0.002876122,0.01848378,83.6,1.6722,0.021359902,0.285675,0.323196,0.391128
514,OK,,180.0,311.255931,18.052844,138.333333,123.6,2454.024002,54.1060941,1.31532274,0.555846749,0.003254358,0.016062378,83.6,1.6722,0.019316736,0.285675,0.323196,0.391128
515,OK,,180.0,311.255931,18.052844,139.444444,123.6,2473.735036,54.5406812,1.14419072,0.626923627,0.003662889,0.013954706,83.6,1.6722,0.017617595,0.285675,0.323196,0.391128
516,OK,,180.0,311.255931,18.052844,140.555556,123.6,2493.446088,54.9752683,0.968363133,0.712211807,0.004151438,0.011789207,83.6,1.6722,0.015940645,0.285675,0.323196,0.391128
517,OK,,180.0,311.255931,18.052844,141.666667,123.6,2513.157123,55.4098554,0.801708693,0.816368955,0.004747072,0.009741142,83.6,1.6722,0.014488213,0.285675,0.323196,0.391128
518,OK,,180.0,311.255931,18.052844,142.777778,123.6,2532.868157,55.8444425,0.647952776,0.939084363,0.005447036,0.007855599,83.6,1.6722,0.013302635,0.285675,0.323196,0.391128
519,OK,,180.0,311.255931,18.052844,143.888889,123.6,2552.579191,56.2790296,0.505353397,1.08726398,0.006290215,0.006111929,83.6,1.6722,0.012402144,0.285675,0.323196,0.391128
520,OK,,180.0,311.255931,18.052844,145.0,123.6,2572.290225,56.7136167,0.376512766,1.26754871,0.007313419,0.004541441,83.6,1.6722,0.01185486,0.285675,0.323196,0.391128
521,OK,,180.0,316.3650741,18.3491743,135.0,123.6,2394.890899,52.8023328,1.95453765,0.38086609,0.002241226,0.023939361,83.6,1.6722,0.026180587,0.285675,0.323196,0.391128
522,OK,,180.0,316.3650741,18.3491743,136.111111,123.6,2414.601934,53.2369199,1.75859816,0.425730039,0.002499917,0.0215104,83.6,1.6722,0.024010317,0.285675,0.323196,0.391128
523,OK,,180.0,316.3650741,18.3491743,137.222222,123.6,2434.312968,53.671507,1.56713269,0.477594531,0.002798389,0.019140762,83.6,1.6722,0.02193915,0.285675,0.323196,0.391128
524,OK,,180.0,316.3650741,18.3491743,138.333333,123.6,2454.024002,54.1060941,1.38437117,0.536772368,0.00313814,0.016881267,83.6,1.6722,0.020019408,0.285675,0.323196,0.391128
525,OK,,180.0,316.3650741,18.3491743,139.444444,123.6,2473.735036,54.5406812,1.19958417,0.608322725,0.003548381,0.014604491,83.6,1.6722,0.018152872,0.285675,0.323196,0.391128
526,OK,,180.0,316.3650741,18.3491743,140.555556,123.6,2493.446088,54.9752683,1.02145435,0.689767876,0.004014107,0.012414229,83.6,1.6722,0.016428336,0.285675,0.323196,0.391128
527,OK,,180.0,316.3650741,18.3491743,141.666667,123.6,2513.157123,55.4098554,0.852721073,0.788608799,0.00457837,0.010343707,83.6,1.6722,0.014922077,0.285675,0.323196,0.391128
528,OK,,180.0,316.3650741,18.3491743,142.777778,123.6,2532.868157,55.8444425,0.696147207,0.904914465,0.005240655,0.008426338,83.6,1.6722,0.013666993,0.285675,0.323196,0.391128
529,OK,,180.0,316.3650741,18.3491743,143.888889,123.6,2552.579191,56.2790296,0.545576735,1.04912192,0.006060271,0.006588741,83.6,1.6722,0.012649011,0.285675,0.323196,0.391128
530,OK,,180.0,316.3650741,18.3491743,145.0,123.6,2572.290225,56.7136167,0.416253461,1.21517607,0.007000831,0.005013582,83.6,1.6722,0.012014413,0.285675,0.323196,0.391128
531,OK,,180.0,321.4742172,18.6455046,135.0,123.6,2394.890899,52.8023328,2.01112481,0.372734546,0.002189644,0.024587685,83.6,1.6722,0.026777329,0.285675,0.323196,0.391128
532,OK,,180.0,321.4742172,18.6455046,136.111111,123.6,2414.601934,53.2369199,1.81666601,0.41568299,0.002436791,0.022179884,83.6,1.6722,0.024616675,0.285675,0.323196,0.391128
533,OK,,180.0,321.4742172,18.6455046,137.222222,123.6,2434.312968,53.671507,1.62576003,0.465314219,0.002721857,0.019820353,83.6,1.6722,0.02254221,0.285675,0.323196,0.391128
534,OK,,180.0,321.4742172,18.6455046,138.333333,123.6,2454.024002,54.1060941,1.43770185,0.5232377,0.003053944,0.017501067,83.6,1.6722,0.020555011,0.285675,0.323196,0.391128
535,OK,,180.0,321.4742172,18.6455046,139.444444,123.6,2473.735036,54.5406812,1.25356765,0.591300086,0.003443426,0.015235119,83.6,1.6722,0.018678544,0.285675,0.323196,0.391128
536,OK,,180.0,321.4742172,18.6455046,140.555556,123.6,2493.446088,54.9752683,1.07500324,0.668492291,0.003884005,0.013042531,83.6,1.6722,0.016926536,0.285675,0.323196,0.391128
537,OK,,180.0,321.4742172,18.6455046,141.666667,123.6,2513.157123,55.4098554,0.902082282,0.76369746,0.004425946,0.010919938,83.6,1.6722,0.015345884,0.285675,0.323196,0.391128
538,OK,,180.0,321.4742172,18.6455046,142.777778,123.6,2532.868157,55.8444425,0.744201814,0.873514524,0.005050886,0.008993511,83.6,1.6722,0.014044397,0.285675,0.323196,0.391128
539,OK,,180.0,321.4742172,18.6455046,143.888889,123.6,2552.579191,56.2790296,0.595765393,1.00524349,0.005797919,0.007183165,83.6,1.6722,0.012981084,0.285675,0.323196,0.391128
540,OK,,180.0,321.4742172,18.6455046,145.0,123.6,2572.290225,56.7136167,0.454900994,1.16929921,0.006726422,0.005471257,83.6,1.6722,0.012197679,0.285675,0.323196,0.391128
541,OK,,180.0,326.5833603,18.9418349,135.0,123.6,2394.890899,52.8023328,2.07420925,0.363969688,0.002134489,0.025310023,83.6,1.6722,0.027444512,0.285675,0.323196,0.391128
542,OK,,180.0,326.5833603,18.9418349,136.111111,123.6,2414.601934,53.2369199,1.86670665,0.40756294,0.002385177,0.02275199,83.6,1.6722,0.025137167,0.285675,0.323196,0.391128
543,OK,,180.0,326.5833603,18.9418349,137.222222,123.6,2434.312968,53.671507,1.68180767,0.45419531,0.002652361,0.020466801,83.6,1.6722,0.023119162,0.285675,0.323196,0.391128
544,OK,,180.0,326.5833603,18.9418349,138.333333,123.6,2454.024002,54.1060941,1.49085073,0.510434705,0.002974275,0.018116437,83.6,1.6722,0.021090712,0.285675,0.323196,0.391128
545,OK,,180.0,326.5833603,18.9418349,139.444444,123.6,2473.735036,54.5406812,1.30385988,0.576402248,0.003351163,0.015819615,83.6,1.6722,0.019170778,0.285675,0.323196,0.391128
546,OK,,180.0,326.5833603,18.9418349,140.555556,123.6,2493.446088,54.9752683,1.12836535,0.64861498,0.00376241,0.013666351,83.6,1.6722,0.017428761,0.285675,0.323196,0.391128
547,OK,,180.0,326.5833603,18.9418349,141.666667,123.6,2513.157123,55.4098554,0.956106485,0.738106442,0.004271508,0.011558788,83.6,1.6722,0.015830297,0.285675,0.323196,0.391128
548,OK,,180.0,326.5833603,18.9418349,142.777778,123.6,2532.868157,55.8444425,0.760030524,0.865143184,0.004991801,0.009162261,83.6,1.6722,0.014154062,0.285675,0.323196,0.391128
549,OK,,180.0,326.5833603,18.9418349,143.888889,123.6,2552.579191,56.2790296,0.636341004,0.973143995,0.005604105,0.00766101,83.6,1.6722,0.013265115,0.285675,0.323196,0.391128
550,OK,,180.0,326.5833603,18.9418349,145.0,123.6,2572.290225,56.7136167,0.496440985,1.12434385,0.006458064,0.005962043,83.6,1.6722,0.012420107,0.285675,0.323196,0.391128
551,OK,,180.0,331.6925017,19.2381651,135.0,123.6,2394.890899,52.8023328,2.13160983,0.35641809,0.002086643,0.025962836,83.6,1.6722,0.028049479,0.285675,0.323196,0.391128
552,OK,,180.0,331.6925017,19.2381651,136.111111,123.6,2414.601934,53.2369199,1.9350801,0.396586883,0.002316974,0.023538018,83.6,1.6722,0.025854992,0.285675,0.323196,0.391128
553,OK,,180.0,331.6925017,19.2381651,137.222222,123.6,2434.312968,53.671507,1.74518924,0.442106259,0.002577407,0.021197437,83.6,1.6722,0.023774844,0.285675,0.323196,0.391128
554,OK,,180.0,331.6925017,19.2381651,138.333333,123.6,2454.024002,54.1060941,1.54905101,0.497029967,0.002891343,0.018789374,83.6,1.6722,0.021680717,0.285675,0.323196,0.391128
555,OK,,180.0,331.6925017,19.2381651,139.444444,123.6,2473.735036,54.5406812,1.364336,0.559191497,0.003245733,0.016522748,83.6,1.6722,0.019768481,0.285675,0.323196,0.391128
556,OK,,180.0,331.6925017,19.2381651,140.555556,123.6,2493.446088,54.9752683,1.17764854,0.631427473,0.003656785,0.01423964,83.6,1.6722,0.017896425,0.285675,0.323196,0.391128
557,OK,,180.0,331.6925017,19.2381651,141.666667,123.6,2513.157123,55.4098554,1.00735543,0.715534712,0.004134257,0.012157939,83.6,1.6722,0.016292195,0.285675,0.323196,0.391128
558,OK,,180.0,331.6925017,19.2381651,142.777778,123.6,2532.868157,55.8444425,0.840591618,0.817248346,0.004710673,0.010125544,83.6,1.6722,0.014836217,0.285675,0.323196,0.391128
559,OK,,180.0,331.6925017,19.2381651,143.888889,123.6,2552.579191,56.2790296,0.683992257,0.937985476,0.005393277,0.008221576,83.6,1.6722,0.013614852,0.285675,0.323196,0.391128
560,OK,,180.0,331.6925017,19.2381651,145.0,123.6,2572.290225,56.7136167,0.540249136,1.08116108,0.006200627,0.00647833,83.6,1.6722,0.012678958,0.285675,0.323196,0.391128
561,OK,,180.0,336.8016448,19.5344954,135.0,123.6,2394.890899,52.8023328,2.18781329,0.349341604,0.002041733,0.026599065,83.6,1.6722,0.028640799,0.285675,0.323196,0.391128
562,OK,,180.0,336.8016448,19.5344954,136.111111,123.6,2414.601934,53.2369199,1.98738359,0.388802271,0.002267669,0.024132113,83.6,1.6722,0.026399782,0.285675,0.323196,0.391128
563,OK,,180.0,336.8016448,19.5344954,137.222222,123.6,2434.312968,53.671507,1.79636498,0.433010182,0.002520161,0.021781567,83.6,1.6722,0.024301728,0.285675,0.323196,0.391128
564,OK,,180.0,336.8016448,19.5344954,138.333333,123.6,2454.024002,54.1060941,1.60733198,0.484285839,0.002812508,0.019460676,83.6,1.6722,0.022273184,0.285675,0.323196,0.391128
565,OK,,180.0,336.8016448,19.5344954,139.444444,123.6,2473.735036,54.5406812,1.42052193,0.544145661,0.003153209,0.017172548,83.6,1.6722,0.020325756,0.285675,0.323196,0.391128
566,OK,,180.0,336.8016448,19.5344954,140.555556,123.6,2493.446088,54.9752683,1.23686978,0.611703083,0.00353678,0.014928485,83.6,1.6722,0.018465265,0.285675,0.323196,0.391128
567,OK,,180.0,336.8016448,19.5344954,141.666667,123.6,2513.157123,55.4098554,1.05944249,0.694016675,0.004003492,0.012764907,83.6,1.6722,0.016768399,0.285675,0.323196,0.391128
568,OK,,180.0,336.8016448,19.5344954,142.777778,123.6,2532.868157,55.8444425,0.889930276,0.791344324,0.004554145,0.010702285,83.6,1.6722,0.01525643,0.285675,0.323196,0.391128
569,OK,,180.0,336.8016448,19.5344954,143.888889,123.6,2552.579191,56.2790296,0.729027957,0.907388652,0.005209233,0.008749247,83.6,1.6722,0.01395848,0.285675,0.323196,0.391128
570,OK,,180.0,336.8016448,19.5344954,145.0,123.6,2572.290225,56.7136167,0.58139971,1.04416391,0.005979303,0.006961447,83.6,1.6722,0.01294075,0.285675,0.323196,0.391128
571,OK,,180.0,341.9107879,19.8308257,135.0,123.6,2394.890899,52.8023328,2.24735936,0.342084583,0.001995917,0.027272391,83.6,1.6722,0.029268308,0.285675,0.323196,0.391128
572,OK,,180.0,341.9107879,19.8308257,136.111111,123.6,2414.601934,53.2369199,2.05057236,0.379594319,0.002210208,0.024851909,83.6,1.6722,0.027062117,0.285675,0.323196,0.391128
573,OK,,180.0,341.9107879,19.8308257,137.222222,123.6,2434.312968,53.671507,1.85519209,0.422845896,0.002456878,0.022453755,83.6,1.6722,0.024910633,0.285675,0.323196,0.391128
574,OK,,180.0,341.9107879,19.8308257,138.333333,123.6,2454.024002,54.1060941,1.66348259,0.472641998,0.002740332,0.020104748,83.6,1.6722,0.02284508,0.285675,0.323196,0.391128
575,OK,,180.0,341.9107879,19.8308257,139.444444,123.6,2473.735036,54.5406812,1.48179093,0.528520224,0.003057622,0.017880115,83.6,1.6722,0.020937737,0.285675,0.323196,0.391128
576,OK,,180.0,341.9107879,19.8308257,140.555556,123.6,2493.446088,54.9752683,1.29793434,0.592592185,0.003420706,0.015636901,83.6,1.6722,0.019057607,0.285675,0.323196,0.391128
577,OK,,180.0,341.9107879,19.8308257,141.666667,123.6,2513.157123,55.4098554,1.11364982,0.672939869,0.003875685,0.013395028,83.6,1.6722,0.017270713,0.285675,0.323196,0.391128
578,OK,,180.0,341.9107879,19.8308257,142.777778,123.6,2532.868157,55.8444425,0.942029513,0.765731992,0.004399782,0.011309916,83.6,1.6722,0.015709698,0.285675,0.323196,0.391128
579,OK,,180.0,341.9107879,19.8308257,143.888889,123.6,2552.579191,56.2790296,0.779748426,0.875240188,0.005016862,0.009342664,83.6,1.6722,0.014359526,0.285675,0.323196,0.391128
580,OK,,180.0,341.9107879,19.8308257,145.0,123.6,2572.290225,56.7136167,0.627146935,1.00612306,0.005752685,0.007497637,83.6,1.6722,0.013250322,0.285675,0.323196,0.391128
581,OK,,180.0,347.019931,20.127156,135.0,123.6,2394.890899,52.8023328,2.3060371,0.335236785,0.001952632,0.027932813,83.6,1.6722,0.029885445,0.285675,0.323196,0.391128
582,OK,,180.0,347.019931,20.127156,136.111111,123.6,2414.601934,53.2369199,2.10611611,0.371964341,0.00216213,0.025479453,83.6,1.6722,0.027641583,0.285675,0.323196,0.391128
583,OK,,180.0,347.019931,20.127156,137.222222,123.6,2434.312968,53.671507,1.91457696,0.413053736,0.002395948,0.023129766,83.6,1.6722,0.025525714,0.285675,0.323196,0.391128
584,OK,,180.0,347.019931,20.127156,138.333333,123.6,2454.024002,54.1060941,1.72147365,0.461133586,0.00266916,0.020767916,83.6,1.6722,0.023437077,0.285675,0.323196,0.391128
585,OK,,180.0,347.019931,20.127156,139.444444,123.6,2473.735036,54.5406812,1.53218417,0.516553115,0.002983499,0.01845715,83.6,1.6722,0.021440648,0.285675,0.323196,0.391128
586,OK,,180.0,347.019931,20.127156,140.555556,123.6,2493.446088,54.9752683,1.34411851,0.579242273,0.003338232,0.016167198,83.6,1.6722,0.01950543,0.285675,0.323196,0.391128
587,OK,,180.0,347.019931,20.127156,141.666667,123.6,2513.157123,55.4098554,1.16581174,0.653941424,0.003760213,0.013998729,83.6,1.6722,0.017758943,0.285675,0.323196,0.391128
588,OK,,180.0,347.019931,20.127156,142.777778,123.6,2532.868157,55.8444425,0.993073145,0.742336863,0.004258589,0.011902925,83.6,1.6722,0.016161514,0.285675,0.323196,0.391128
589,OK,,180.0,347.019931,20.127156,143.888889,123.6,2552.579191,56.2790296,0.826669158,0.847798744,0.004851977,0.009889155,83.6,1.6722,0.014741132,0.285675,0.323196,0.391128
590,OK,,180.0,347.019931,20.127156,145.0,123.6,2572.290225,56.7136167,0.671651167,0.972121917,0.005549747,0.008017386,83.6,1.6722,0.013567133,0.285675,0.323196,0.391128
591,OK,,180.0,352.1290724,20.4234862,135.0,123.6,2394.890899,52.8023328,2.36685032,0.3283928,0.001909503,0.028615505,83.6,1.6722,0.030525008,0.285675,0.323196,0.391128
592,OK,,180.0,352.1290724,20.4234862,136.111111,123.6,2414.601934,53.2369199,2.17734321,0.362363881,0.002102712,0.026287208,83.6,1.6722,0.028389921,0.285675,0.323196,0.391128
593,OK,,180.0,352.1290724,20.4234862,137.222222,123.6,2434.312968,53.671507,1.97223886,0.403998427,0.002339488,0.0237831,83.6,1.6722,0.026122588,0.285675,0.323196,0.391128
594,OK,,180.0,352.1290724,20.4234862,138.333333,123.6,2454.024002,54.1060941,1.7788325,0.450266315,0.002601931,0.021421253,83.6,1.6722,0.024023184,0.285675,0.323196,0.391128
595,OK,,180.0,352.1290724,20.4234862,139.444444,123.6,2473.735036,54.5406812,1.58943303,0.503461399,0.002903096,0.019112484,83.6,1.6722,0.02201558,0.285675,0.323196,0.391128
596,OK,,180.0,352.1290724,20.4234862,140.555556,123.6,2493.446088,54.9752683,1.4081769,0.561222807,0.003229083,0.016905563,83.6,1.6722,0.020134647,0.285675,0.323196,0.391128
597,OK,,180.0,352.1290724,20.4234862,141.666667,123.6,2513.157123,55.4098554,1.22020571,0.635218789,0.00364667,0.014626559,83.6,1.6722,0.018273229,0.285675,0.323196,0.391128
598,OK,,180.0,352.1290724,20.4234862,142.777778,123.6,2532.868157,55.8444425,1.04402236,0.720453327,0.004126477,0.012492794,83.6,1.6722,0.016619272,0.285675,0.323196,0.391128
599,OK,,180.0,352.1290724,20.4234862,143.888889,123.6,2552.579191,56.2790296,0.881665381,0.817628902,0.004671974,0.010528975,83.6,1.6722,0.015200948,0.285675,0.323196,0.391128
600,OK,,180.0,352.1290724,20.4234862,145.0,123.6,2572.290225,56.7136167,0.720095781,0.937789768,0.005345504,0.008581932,83.6,1.6722,0.013927436,0.285675,0.323196,0.391128
601,OK,,180.0,357.2382155,20.7198165,135.0,123.6,2394.890899,52.8023328,2.42692106,0.321902231,0.001868578,0.02928725,83.6,1.6722,0.031155828,0.285675,0.323196,0.391128
602,OK,,180.0,357.2382155,20.7198165,136.111111,123.6,2414.601934,53.2369199,2.22755718,0.356136108,0.002063118,0.026848037,83.6,1.6722,0.028911155,0.285675,0.323196,0.391128
603,OK,,180.0,357.2382155,20.7198165,137.222222,123.6,2434.312968,53.671507,2.03186076,0.395002917,0.002283558,0.024457039,83.6,1.6722,0.026740597,0.285675,0.323196,0.391128
604,OK,,180.0,357.2382155,20.7198165,138.333333,123.6,2454.024002,54.1060941,1.83654437,0.439822681,0.002537369,0.022076511,83.6,1.6722,0.02461388,0.285675,0.323196,0.391128
605,OK,,180.0,357.2382155,20.7198165,139.444444,123.6,2473.735036,54.5406812,1.64592663,0.49117596,0.002827603,0.019756791,83.6,1.6722,0.022584394,0.285675,0.323196,0.391128
606,OK,,180.0,357.2382155,20.7198165,140.555556,123.6,2493.446088,54.9752683,1.46146687,0.550002414,0.003159366,0.017515355,83.6,1.6722,0.02067472,0.285675,0.323196,0.391128
607,OK,,180.0,357.2382155,20.7198165,141.666667,123.6,2513.157123,55.4098554,1.27890083,0.616092382,0.003531161,0.01530273,83.6,1.6722,0.018833891,0.285675,0.323196,0.391128
608,OK,,180.0,357.2382155,20.7198165,142.777778,123.6,2532.868157,55.8444425,1.09967237,0.697966186,0.003991083,0.013134896,83.6,1.6722,0.01712598,0.285675,0.323196,0.391128
609,OK,,180.0,357.2382155,20.7198165,143.888889,123.6,2552.579191,56.2790296,0.929285621,0.793533817,0.004527188,0.011080016,83.6,1.6722,0.015607204,0.285675,0.323196,0.391128
610,OK,,180.0,357.2382155,20.7198165,145.0,123.6,2572.290225,56.7136167,0.762455755,0.910157174,0.005179994,0.00907318,83.6,1.6722,0.014253173,0.285675,0.323196,0.391128
611,OK,,180.0,362.3473586,21.0161468,135.0,123.6,2394.890899,52.8023328,2.48654273,0.315712901,0.001829533,0.029951204,83.6,1.6722,0.031780737,0.285675,0.323196,0.391128
612,OK,,180.0,362.3473586,21.0161468,136.111111,123.6,2414.601934,53.2369199,2.28248118,0.349488676,0.002021206,0.027461402,83.6,1.6722,0.029482608,0.285675,0.323196,0.391128
613,OK,,180.0,362.3473586,21.0161468,137.222222,123.6,2434.312968,53.671507,2.08965776,0.386637415,0.002231461,0.02510731,83.6,1.6722,0.02733877,0.285675,0.323196,0.391128
614,OK,,180.0,362.3473586,21.0161468,138.333333,123.6,2454.024002,54.1060941,1.89560851,0.42959857,0.002474272,0.022745046,83.6,1.6722,0.025219317,0.285675,0.323196,0.391128
615,OK,,180.0,362.3473586,21.0161468,139.444444,123.6,2473.735036,54.5406812,1.6974179,0.480595399,0.002762165,0.020340453,83.6,1.6722,0.023102618,0.285675,0.323196,0.391128
616,OK,,180.0,362.3473586,21.0161468,140.555556,123.6,2493.446088,54.9752683,1.51623952,0.536322719,0.003075771,0.018140271,83.6,1.6722,0.021216042,0.285675,0.323196,0.391128
617,OK,,180.0,362.3473586,21.0161468,141.666667,123.6,2513.157123,55.4098554,1.33114149,0.600182325,0.003434462,0.015900985,83.6,1.6722,0.019335446,0.285675,0.323196,0.391128
618,OK,,180.0,362.3473586,21.0161468,142.777778,123.6,2532.868157,55.8444425,1.14784253,0.679735041,0.003880882,0.013689271,83.6,1.6722,0.017570153,0.285675,0.323196,0.391128
619,OK,,180.0,362.3473586,21.0161468,143.888889,123.6,2552.579191,56.2790296,0.977172307,0.770791326,0.004390534,0.011632371,83.6,1.6722,0.016022905,0.285675,0.323196,0.391128
620,OK,,180.0,362.3473586,21.0161468,145.0,123.6,2572.290225,56.7136167,0.816338897,0.8770193,0.004983673,0.009698088,83.6,1.6722,0.014681761,0.285675,0.323196,0.391128
621,OK,,180.0,367.4565017,21.3124771,135.0,123.6,2394.890899,52.8023328,2.54698411,0.309664339,0.001791428,0.030622043,83.6,1.6722,0.032413471,0.285675,0.323196,0.391128
622,OK,,180.0,367.4565017,21.3124771,136.111111,123.6,2414.601934,53.2369199,2.34590702,0.34198479,0.001974452,0.028170657,83.6,1.6722,0.030145109,0.285675,0.323196,0.391128
623,OK,,180.0,367.4565017,21.3124771,137.222222,123.6,2434.312968,53.671507,2.15159083,0.377974484,0.002177804,0.025803016,83.6,1.6722,0.02798082,0.285675,0.323196,0.391128
624,OK,,180.0,367.4565017,21.3124771,138.333333,123.6,2454.024002,54.1060941,1.95215392,0.420286631,0.002416629,0.02338187,83.6,1.6722,0.025798499,0.285675,0.323196,0.391128
625,OK,,180.0,367.4565017,21.3124771,139.444444,123.6,2473.735036,54.5406812,1.75427348,0.469318275,0.002692915,0.020984417,83.6,1.6722,0.023677332,0.285675,0.323196,0.391128
626,OK,,180.0,367.4565017,21.3124771,140.555556,123.6,2493.446088,54.9752683,1.57088197,0.523349317,0.002996482,0.018761438,83.6,1.6722,0.02175792,0.285675,0.323196,0.391128
627,OK,,180.0,367.4565017,21.3124771,141.666667,123.6,2513.157123,55.4098554,1.38772829,0.583763083,0.00333508,0.016547803,83.6,1.6722,0.019882882,0.285675,0.323196,0.391128
628,OK,,180.0,367.4565017,21.3124771,142.777778,123.6,2532.868157,55.8444425,1.20526866,0.659047137,0.003756749,0.014348838,83.6,1.6722,0.018105587,0.285675,0.323196,0.391128
629,OK,,180.0,367.4565017,21.3124771,143.888889,123.6,2552.579191,56.2790296,1.02820177,0.747932839,0.004253618,0.012219657,83.6,1.6722,0.016473276,0.285675,0.323196,0.391128
630,OK,,180.0,367.4565017,21.3124771,145.0,123.6,2572.290225,56.7136167,0.854716879,0.855519845,0.004853966,0.010139405,83.6,1.6722,0.014993371,0.285675,0.323196,0.391128
631,OK,,180.0,372.5656431,21.6088073,135.0,123.6,2394.890899,52.8023328,2.60698222,0.303883375,0.001755001,0.031285476,83.6,1.6722,0.033040477,0.285675,0.323196,0.391128
632,OK,,180.0,372.5656431,21.6088073,136.111111,123.6,2414.601934,53.2369199,2.40908099,0.334814479,0.001929781,0.028874482,83.6,1.6722,0.030804264,0.285675,0.323196,0.391128
633,OK,,180.0,372.5656431,21.6088073,137.222222,123.6,2434.312968,53.671507,2.21791718,0.369027651,0.002122683,0.02654645,83.6,1.6722,0.028669133,0.285675,0.323196,0.391128
634,OK,,180.0,372.5656431,21.6088073,138.333333,123.6,2454.024002,54.1060941,2.01116059,0.410939285,0.002358966,0.024045025,83.6,1.6722,0.026403991,0.285675,0.323196,0.391128
635,OK,,180.0,372.5656431,21.6088073,139.444444,123.6,2473.735036,54.5406812,1.81572206,0.457614332,0.00262143,0.021679434,83.6,1.6722,0.024300864,0.285675,0.323196,0.391128
636,OK,,180.0,372.5656431,21.6088073,140.555556,123.6,2493.446088,54.9752683,1.62859923,0.51025183,0.002916728,0.019416254,83.6,1.6722,0.022332983,0.285675,0.323196,0.391128
637,OK,,180.0,372.5656431,21.6088073,141.666667,123.6,2513.157123,55.4098554,1.44065229,0.569520883,0.003248472,0.017149861,83.6,1.6722,0.020398333,0.285675,0.323196,0.391128
638,OK,,180.0,372.5656431,21.6088073,142.777778,123.6,2532.868157,55.8444425,1.25627523,0.641886303,0.0036531,0.014931393,83.6,1.6722,0.018584493,0.285675,0.323196,0.391128
639,OK,,180.0,372.5656431,21.6088073,143.888889,123.6,2552.579191,56.2790296,1.08302461,0.724789113,0.004115496,0.012849307,83.6,1.6722,0.016964803,0.285675,0.323196,0.391128
640,OK,,180.0,372.5656431,21.6088073,145.0,123.6,2572.290225,56.7136167,0.91555898,0.82266096,0.004660276,0.010841808,83.6,1.6722,0.015502084,0.285675,0.323196,0.391128
641,OK,,180.0,377.6747862,21.9051376,135.0,123.6,2394.890899,52.8023328,2.6674399,0.298269196,0.001719648,0.03195138,83.6,1.6722,0.033671028,0.285675,0.323196,0.391128
642,OK,,180.0,377.6747862,21.9051376,136.111111,123.6,2414.601934,53.2369199,2.46642442,0.328585264,0.001890698,0.029508502,83.6,1.6722,0.0313992,0.285675,0.323196,0.391128
643,OK,,180.0,377.6747862,21.9051376,137.222222,123.6,2434.312968,53.671507,2.25871084,0.364093779,0.002090864,0.026993972,83.6,1.6722,0.029084836,0.285675,0.323196,0.391128
644,OK,,180.0,377.6747862,21.9051376,138.333333,123.6,2454.024002,54.1060941,2.07038021,0.401964578,0.002303614,0.024707966,83.6,1.6722,0.027011581,0.285675,0.323196,0.391128
645,OK,,180.0,377.6747862,21.9051376,139.444444,123.6,2473.735036,54.5406812,1.8757018,0.446766324,0.002555063,0.022354675,83.6,1.6722,0.024909738,0.285675,0.323196,0.391128
646,OK,,180.0,377.6747862,21.9051376,140.555556,123.6,2493.446088,54.9752683,1.66487675,0.50280188,0.002869528,0.019820242,83.6,1.6722,0.02268977,0.285675,0.323196,0.391128
647,OK,,180.0,377.6747862,21.9051376,141.666667,123.6,2513.157123,55.4098554,1.49726744,0.554743542,0.003159062,0.0177925,83.6,1.6722,0.020951562,0.285675,0.323196,0.391128
648,OK,,180.0,377.6747862,21.9051376,142.777778,123.6,2532.868157,55.8444425,1.31363605,0.623486108,0.003542691,0.015585666,83.6,1.6722,0.019128357,0.285675,0.323196,0.391128
649,OK,,180.0,377.6747862,21.9051376,143.888889,123.6,2552.579191,56.2790296,1.13713582,0.703396262,0.003987702,0.013468375,83.6,1.6722,0.017456077,0.285675,0.323196,0.391128
650,OK,,180.0,377.6747862,21.9051376,145.0,123.6,2572.290225,56.7136167,0.965485661,0.797961433,0.004513304,0.011414479,83.6,1.6722,0.015927783,0.285675,0.323196,0.391128
651,OK,,180.0,382.7839293,22.2014679,135.0,123.6,2394.890899,52.8023328,2.72830774,0.292813629,0.001685324,0.032619504,83.6,1.6722,0.034304828,0.285675,0.323196,0.391128
652,OK,,180.0,382.7839293,22.2014679,136.111111,123.6,2414.601934,53.2369199,2.52672204,0.322235129,0.001851038,0.030174071,83.6,1.6722,0.032025109,0.285675,0.323196,0.391128
653,OK,,180.0,382.7839293,22.2014679,137.222222,123.6,2434.312968,53.671507,2.32629056,0.35562103,0.002038766,0.027747117,83.6,1.6722,0.029785883,0.285675,0.323196,0.391128
654,OK,,180.0,382.7839293,22.2014679,138.333333,123.6,2454.024002,54.1060941,2.1255622,0.394007397,0.002254279,0.025322073,83.6,1.6722,0.027576352,0.285675,0.323196,0.391128
655,OK,,180.0,382.7839293,22.2014679,139.444444,123.6,2473.735036,54.5406812,1.93498833,0.436543168,0.002492481,0.023019466,83.6,1.6722,0.025511947,0.285675,0.323196,0.391128
656,OK,,180.0,382.7839293,22.2014679,140.555556,123.6,2493.446088,54.9752683,1.74263293,0.486235914,0.002770377,0.020702292,83.6,1.6722,0.023472668,0.285675,0.323196,0.391128
657,OK,,180.0,382.7839293,22.2014679,141.666667,123.6,2513.157123,55.4098554,1.55201352,0.54121132,0.003077019,0.018411263,83.6,1.6722,0.021488282,0.285675,0.323196,0.391128
658,OK,,180.0,382.7839293,22.2014679,142.777778,123.6,2532.868157,55.8444425,1.33232295,0.618697645,0.003509978,0.015789307,83.6,1.6722,0.019299285,0.285675,0.323196,0.391128
659,OK,,180.0,382.7839293,22.2014679,143.888889,123.6,2552.579191,56.2790296,1.18971231,0.683874304,0.003870891,0.014067529,83.6,1.6722,0.01793842,0.285675,0.323196,0.391128
660,OK,,180.0,382.7839293,22.2014679,145.0,123.6,2572.290225,56.7136167,1.02215935,0.771537041,0.004357014,0.012063595,83.6,1.6722,0.016420609,0.285675,0.323196,0.391128
661,OK,,180.0,387.8930724,22.4977982,135.0,123.6,2394.890899,52.8023328,2.78860238,0.287590512,0.001652455,0.033278667,83.6,1.6722,0.034931122,0.285675,0.323196,0.391128
662,OK,,180.0,387.8930724,22.4977982,136.111111,123.6,2414.601934,53.2369199,2.58700691,0.316121003,0.001812862,0.030837049,83.6,1.6722,0.032649911,0.285675,0.323196,0.391128
663,OK,,180.0,387.8930724,22.4977982,137.222222,123.6,2434.312968,53.671507,2.38727417,0.348378541,0.001993904,0.028421863,83.6,1.6722,0.030415766,0.285675,0.323196,0.391128
664,OK,,180.0,387.8930724,22.4977982,138.333333,123.6,2454.024002,54.1060941,2.18838818,0.385188628,0.002200154,0.026021704,83.6,1.6722,0.028221858,0.285675,0.323196,0.391128
665,OK,,180.0,387.8930724,22.4977982,139.444444,123.6,2473.735036,54.5406812,1.98905998,0.427705351,0.002438017,0.023621927,83.6,1.6722,0.026059944,0.285675,0.323196,0.391128
666,OK,,180.0,387.8930724,22.4977982,140.555556,123.6,2493.446088,54.9752683,1.79990709,0.474999646,0.002701939,0.021344872,83.6,1.6722,0.024046811,0.285675,0.323196,0.391128
667,OK,,180.0,387.8930724,22.4977982,141.666667,123.6,2513.157123,55.4098554,1.60851964,0.527881879,0.002996379,0.019048199,83.6,1.6722,0.022044578,0.285675,0.323196,0.391128
668,OK,,180.0,387.8930724,22.4977982,142.777778,123.6,2532.868157,55.8444425,1.42265468,0.591448767,0.003349898,0.016821407,83.6,1.6722,0.020171305,0.285675,0.323196,0.391128
669,OK,,180.0,387.8930724,22.4977982,143.888889,123.6,2552.579191,56.2790296,1.24270828,0.665287805,0.003759722,0.01466953,83.6,1.6722,0.018429252,0.285675,0.323196,0.391128
670,OK,,180.0,387.8930724,22.4977982,145.0,123.6,2572.290225,56.7136167,1.06860169,0.751526019,0.004237381,0.012592036,83.6,1.6722,0.016829416,0.285675,0.323196,0.391128
671,OK,,180.0,393.0022138,22.7941284,135.0,123.6,2394.890899,52.8023328,2.84680248,0.282704393,0.001621649,0.033912038,83.6,1.6722,0.035533687,0.285675,0.323196,0.391128
672,OK,,180.0,393.0022138,22.7941284,136.111111,123.6,2414.601934,53.2369199,2.64949525,0.309984923,0.001774686,0.03152299,83.6,1.6722,0.033297676,0.285675,0.323196,0.391128
673,OK,,180.0,393.0022138,22.7941284,137.222222,123.6,2434.312968,53.671507,2.4389856,0.342581038,0.001957486,0.028988616,83.6,1.6722,0.030946102,0.285675,0.323196,0.391128
674,OK,,180.0,393.0022138,22.7941284,138.333333,123.6,2454.024002,54.1060941,2.24900346,0.377063964,0.00215018,0.02669371,83.6,1.6722,0.02884389,0.285675,0.323196,0.391128
675,OK,,180.0,393.0022138,22.7941284,139.444444,123.6,2473.735036,54.5406812,2.05138743,0.417787357,0.002377559,0.02431718,83.6,1.6722,0.026694739,0.285675,0.323196,0.391128
676,OK,,180.0,393.0022138,22.7941284,140.555556,123.6,2493.446088,54.9752683,1.859069,0.463878076,0.002634373,0.022007077,83.6,1.6722,0.02464145,0.285675,0.323196,0.391128
677,OK,,180.0,393.0022138,22.7941284,141.666667,123.6,2513.157123,55.4098554,1.66510563,0.515165651,0.002919478,0.019684023,83.6,1.6722,0.022603501,0.285675,0.323196,0.391128
678,OK,,180.0,393.0022138,22.7941284,142.777778,123.6,2532.868157,55.8444425,1.48141653,0.575413006,0.003253851,0.017485292,83.6,1.6722,0.020739143,0.285675,0.323196,0.391128
679,OK,,180.0,393.0022138,22.7941284,143.888889,123.6,2552.579191,56.2790296,1.29827,0.646804637,0.003649482,0.015299275,83.6,1.6722,0.018948757,0.285675,0.323196,0.391128
680,OK,,180.0,393.0022138,22.7941284,145.0,123.6,2572.290225,56.7136167,1.12236359,0.729419977,0.004106308,0.0132035,83.6,1.6722,0.017309808,0.285675,0.323196,0.391128
681,OK,,180.0,398.1113569,23.0904587,135.0,123.6,2394.890899,52.8023328,2.91225416,0.277320376,0.001588062,0.034624884,83.6,1.6722,0.036212946,0.285675,0.323196,0.391128
682,OK,,180.0,398.1113569,23.0904587,136.111111,123.6,2414.601934,53.2369199,2.70913274,0.30437889,0.001739667,0.032173688,83.6,1.6722,0.033913355,0.285675,0.323196,0.391128
683,OK,,180.0,398.1113569,23.0904587,137.222222,123.6,2434.312968,53.671507,2.50672111,0.33502369,0.001911082,0.029735518,83.6,1.6722,0.031646601,0.285675,0.323196,0.391128
684,OK,,180.0,398.1113569,23.0904587,138.333333,123.6,2454.024002,54.1060941,2.3119324,0.36894763,0.002100397,0.027389364,83.6,1.6722,0.029489762,0.285675,0.323196,0.391128
685,OK,,180.0,398.1113569,23.0904587,139.444444,123.6,2473.735036,54.5406812,2.10806154,0.409248802,0.002325143,0.024945006,83.6,1.6722,0.027270149,0.285675,0.323196,0.391128
686,OK,,180.0,398.1113569,23.0904587,140.555556,123.6,2493.446088,54.9752683,1.91473669,0.453945662,0.002573767,0.022626663,83.6,1.6722,0.02520043,0.285675,0.323196,0.391128
687,OK,,180.0,398.1113569,23.0904587,141.666667,123.6,2513.157123,55.4098554,1.7264274,0.501958874,0.002839968,0.02037079,83.6,1.6722,0.023210759,0.285675,0.323196,0.391128
688,OK,,180.0,398.1113569,23.0904587,142.777778,123.6,2532.868157,55.8444425,1.53614356,0.561342231,0.003169197,0.018100261,83.6,1.6722,0.021269459,0.285675,0.323196,0.391128
689,OK,,180.0,398.1113569,23.0904587,143.888889,123.6,2552.579191,56.2790296,1.35281405,0.629688512,0.003547269,0.015914981,83.6,1.6722,0.01946225,0.285675,0.323196,0.391128
690,OK,,180.0,398.1113569,23.0904587,145.0,123.6,2572.290225,56.7136167,1.17619485,0.708609969,0.003982897,0.013813569,83.6,1.6722,0.017796467,0.285675,0.323196,0.391128
691,OK,,180.0,403.2205,23.386789,135.0,123.6,2394.890899,52.8023328,2.9722613,0.272611402,0.001558463,0.035273459,83.6,1.6722,0.036831922,0.285675,0.323196,0.391128
692,OK,,180.0,403.2205,23.386789,136.111111,123.6,2414.601934,53.2369199,2.77185071,0.298655982,0.001704085,0.03285681,83.6,1.6722,0.034560895,0.285675,0.323196,0.391128
693,OK,,180.0,403.2205,23.386789,137.222222,123.6,2434.312968,53.671507,2.5667838,0.328678581,0.00187176,0.030392399,83.6,1.6722,0.032264159,0.285675,0.323196,0.391128
694,OK,,180.0,403.2205,23.386789,138.333333,123.6,2454.024002,54.1060941,2.36764033,0.362144037,0.002058262,0.028000254,83.6,1.6722,0.030058516,0.285675,0.323196,0.391128
695,OK,,180.0,403.2205,23.386789,139.444444,123.6,2473.735036,54.5406812,2.16997917,0.400216072,0.002270071,0.025630329,83.6,1.6722,0.0279004,0.285675,0.323196,0.391128
696,OK,,180.0,403.2205,23.386789,140.555556,123.6,2493.446088,54.9752683,1.97472135,0.443623236,0.002511128,0.023293351,83.6,1.6722,0.025804478,0.285675,0.323196,0.391128
697,OK,,180.0,403.2205,23.386789,141.666667,123.6,2513.157123,55.4098554,1.77762692,0.491639177,0.002777145,0.020941112,83.6,1.6722,0.023718257,0.285675,0.323196,0.391128
698,OK,,180.0,403.2205,23.386789,142.777778,123.6,2532.868157,55.8444425,1.59314218,0.547353238,0.003085257,0.018739126,83.6,1.6722,0.021824383,0.285675,0.323196,0.391128
699,OK,,180.0,403.2205,23.386789,143.888889,123.6,2552.579191,56.2790296,1.40677596,0.613657069,0.003451469,0.016521868,83.6,1.6722,0.019973338,0.285675,0.323196,0.391128
700,OK,,180.0,403.2205,23.386789,145.0,123.6,2572.290225,56.7136167,1.23065761,0.688754854,0.003865212,0.014428811,83.6,1.6722,0.018294024,0.285675,0.323196,0.391128
701,OK,,180.0,408.3296431,23.6831193,135.0,123.6,2394.890899,52.8023328,3.03209643,0.268068907,0.001529914,0.035917825,83.6,1.6722,0.03744774,0.285675,0.323196,0.391128
702,OK,,180.0,408.3296431,23.6831193,136.111111,123.6,2414.601934,53.2369199,2.82991424,0.29359247,0.001672394,0.033484949,83.6,1.6722,0.035157343,0.285675,0.323196,0.391128
703,OK,,180.0,408.3296431,23.6831193,137.222222,123.6,2434.312968,53.671507,2.62725591,0.322515264,0.001833601,0.03105161,83.6,1.6722,0.032885211,0.285675,0.323196,0.391128
704,OK,,180.0,408.3296431,23.6831193,138.333333,123.6,2454.024002,54.1060941,2.42603222,0.35522963,0.002015627,0.028639536,83.6,1.6722,0.030655163,0.285675,0.323196,0.391128
705,OK,,180.0,408.3296431,23.6831193,139.444444,123.6,2473.735036,54.5406812,2.2273082,0.392262643,0.002221308,0.026261051,83.6,1.6722,0.02848236,0.285675,0.323196,0.391128
706,OK,,180.0,408.3296431,23.6831193,140.555556,123.6,2493.446088,54.9752683,2.03075181,0.434458336,0.002455247,0.023912665,83.6,1.6722,0.026367912,0.285675,0.323196,0.391128
707,OK,,180.0,408.3296431,23.6831193,141.666667,123.6,2513.157123,55.4098554,1.84626114,0.478070798,0.002696029,0.021706883,83.6,1.6722,0.024402912,0.285675,0.323196,0.391128
708,OK,,180.0,408.3296431,23.6831193,142.777778,123.6,2532.868157,55.8444425,1.64927423,0.534258945,0.00300662,0.019365907,83.6,1.6722,0.022372527,0.285675,0.323196,0.391128
709,OK,,180.0,408.3296431,23.6831193,143.888889,123.6,2552.579191,56.2790296,1.4540704,0.600445997,0.003371829,0.017050375,83.6,1.6722,0.020422204,0.285675,0.323196,0.391128
710,OK,,180.0,408.3296431,23.6831193,145.0,123.6,2572.290225,56.7136167,1.27813303,0.67255691,0.003768401,0.014961869,83.6,1.6722,0.01873027,0.285675,0.323196,0.391128
711,OK,,180.0,413.4387845,23.9794495,135.0,123.6,2394.890899,52.8023328,3.09462543,0.263453382,0.001501028,0.036589613,83.6,1.6722,0.038090641,0.285675,0.323196,0.391128
712,OK,,180.0,413.4387845,23.9794495,136.111111,123.6,2414.601934,53.2369199,2.8879274,0.288704813,0.001641799,0.034109828,83.6,1.6722,0.035751627,0.285675,0.323196,0.391128
713,OK,,180.0,413.4387845,23.9794495,137.222222,123.6,2434.312968,53.671507,2.68601972,0.316766365,0.001797915,0.031688729,83.6,1.6722,0.033486644,0.285675,0.323196,0.391128
714,OK,,180.0,413.4387845,23.9794495,138.333333,123.6,2454.024002,54.1060941,2.48485948,0.348521072,0.001974284,0.029281078,83.6,1.6722,0.031255362,0.285675,0.323196,0.391128
715,OK,,180.0,413.4387845,23.9794495,139.444444,123.6,2473.735036,54.5406812,2.28721205,0.384243639,0.002172311,0.02691839,83.6,1.6722,0.0290907,0.285675,0.323196,0.391128
716,OK,,180.0,413.4387845,23.9794495,140.555556,123.6,2493.446088,54.9752683,2.09022489,0.425076686,0.002398296,0.024568612,83.6,1.6722,0.026966908,0.285675,0.323196,0.391128
717,OK,,180.0,413.4387845,23.9794495,141.666667,123.6,2513.157123,55.4098554,1.89465499,0.469247914,0.002642072,0.022240562,83.6,1.6722,0.024882635,0.285675,0.323196,0.391128
718,OK,,180.0,413.4387845,23.9794495,142.777778,123.6,2532.868157,55.8444425,1.70502503,0.521877274,0.002932219,0.01998591,83.6,1.6722,0.022918129,0.285675,0.323196,0.391128
719,OK,,180.0,413.4387845,23.9794495,143.888889,123.6,2552.579191,56.2790296,1.51910668,0.58270122,0.003266935,0.017779704,83.6,1.6722,0.021046639,0.285675,0.323196,0.391128
720,OK,,180.0,413.4387845,23.9794495,145.0,123.6,2572.290225,56.7136167,1.33555136,0.653688919,0.003656895,0.015606814,83.6,1.6722,0.019263709,0.285675,0.323196,0.391128
721,OK,,180.0,418.5479276,24.2757798,135.0,123.6,2394.890899,52.8023328,3.15210253,0.259388841,0.001475396,0.037202967,83.6,1.6722,0.038678363,0.285675,0.323196,0.391128
722,OK,,180.0,418.5479276,24.2757798,136.111111,123.6,2414.601934,53.2369199,2.95430039,0.283195955,0.00160776,0.034826896,83.6,1.6722,0.036434656,0.285675,0.323196,0.391128
723,OK,,180.0,418.5479276,24.2757798,137.222222,123.6,2434.312968,53.671507,2.74704928,0.310965718,0.001762056,0.032349604,83.6,1.6722,0.03411166,0.285675,0.323196,0.391128
724,OK,,180.0,418.5479276,24.2757798,138.333333,123.6,2454.024002,54.1060941,2.54389967,0.342020325,0.001934263,0.029923227,83.6,1.6722,0.031857491,0.285675,0.323196,0.391128
725,OK,,180.0,418.5479276,24.2757798,139.444444,123.6,2473.735036,54.5406812,2.3470082,0.376543513,0.002125285,0.027572596,83.6,1.6722,0.029697881,0.285675,0.323196,0.391128
726,OK,,180.0,418.5479276,24.2757798,140.555556,123.6,2493.446088,54.9752683,2.15015973,0.415997343,0.002343244,0.025227863,83.6,1.6722,0.027571106,0.285675,0.323196,0.391128
727,OK,,180.0,418.5479276,24.2757798,141.666667,123.6,2513.157123,55.4098554,1.95424622,0.458573145,0.002577791,0.022899303,83.6,1.6722,0.025477094,0.285675,0.323196,0.391128
728,OK,,180.0,418.5479276,24.2757798,142.777778,123.6,2532.868157,55.8444425,1.76626695,0.508762237,0.002853943,0.020666169,83.6,1.6722,0.023520112,0.285675,0.323196,0.391128
729,OK,,180.0,418.5479276,24.2757798,143.888889,123.6,2552.579191,56.2790296,1.5763398,0.568072921,0.003179859,0.018417729,83.6,1.6722,0.021597589,0.285675,0.323196,0.391128
730,OK,,180.0,418.5479276,24.2757798,145.0,123.6,2572.290225,56.7136167,1.3924737,0.636013668,0.003552417,0.016244127,83.6,1.6722,0.019796544,0.285675,0.323196,0.391128
731,OK,,180.0,423.6570707,24.5721101,135.0,123.6,2394.890899,52.8023328,3.21473418,0.25504854,0.001448258,0.037871083,83.6,1.6722,0.039319341,0.285675,0.323196,0.391128
732,OK,,180.0,423.6570707,24.5721101,136.111111,123.6,2414.601934,53.2369199,3.01161857,0.278698564,0.001579586,0.0354393,83.6,1.6722,0.037018886,0.285675,0.323196,0.391128
733,OK,,180.0,423.6570707,24.5721101,137.222222,123.6,2434.312968,53.671507,2.80654267,0.305532983,0.001728389,0.032990286,83.6,1.6722,0.034718675,0.285675,0.323196,0.391128
734,OK,,180.0,423.6570707,24.5721101,138.333333,123.6,2454.024002,54.1060941,2.60550196,0.335458382,0.001894005,0.030591399,83.6,1.6722,0.032485403,0.285675,0.323196,0.391128
735,OK,,180.0,423.6570707,24.5721101,139.444444,123.6,2473.735036,54.5406812,2.39839348,0.370300646,0.002086639,0.028129168,83.6,1.6722,0.030215808,0.285675,0.323196,0.391128
736,OK,,180.0,423.6570707,24.5721101,140.555556,123.6,2493.446088,54.9752683,2.2069248,0.407804998,0.002293352,0.025848514,83.6,1.6722,0.028141865,0.285675,0.323196,0.391128
737,OK,,180.0,423.6570707,24.5721101,141.666667,123.6,2513.157123,55.4098554,2.00742302,0.449569189,0.002523097,0.023482684,83.6,1.6722,0.02600578,0.285675,0.323196,0.391128
738,OK,,180.0,423.6570707,24.5721101,142.777778,123.6,2532.868157,55.8444425,1.81923374,0.498146635,0.002789906,0.021250581,83.6,1.6722,0.024040487,0.285675,0.323196,0.391128
739,OK,,180.0,423.6570707,24.5721101,143.888889,123.6,2552.579191,56.2790296,1.6262112,0.556095404,0.003107874,0.018969569,83.6,1.6722,0.022077444,0.285675,0.323196,0.391128
740,OK,,180.0,423.6570707,24.5721101,145.0,123.6,2572.290225,56.7136167,1.44481276,0.620726569,0.003461567,0.016826801,83.6,1.6722,0.020288368,0.285675,0.323196,0.391128
741,OK,,180.0,428.7662138,24.8684404,135.0,123.6,2394.890899,52.8023328,3.28070268,0.250590376,0.001420536,0.038574129,83.6,1.6722,0.039994665,0.285675,0.323196,0.391128
742,OK,,180.0,428.7662138,24.8684404,136.111111,123.6,2414.601934,53.2369199,3.07091671,0.274164363,0.001551294,0.036071909,83.6,1.6722,0.037623203,0.285675,0.323196,0.391128
743,OK,,180.0,428.7662138,24.8684404,137.222222,123.6,2434.312968,53.671507,2.86668847,0.300213816,0.001695477,0.033636205,83.6,1.6722,0.035331682,0.285675,0.323196,0.391128
744,OK,,180.0,428.7662138,24.8684404,138.333333,123.6,2454.024002,54.1060941,2.66587616,0.329272636,0.001856007,0.031243576,83.6,1.6722,0.033099582,0.285675,0.323196,0.391128
745,OK,,180.0,428.7662138,24.8684404,139.444444,123.6,2473.735036,54.5406812,2.46577121,0.362137738,0.002037264,0.028863934,83.6,1.6722,0.030901198,0.285675,0.323196,0.391128
746,OK,,180.0,428.7662138,24.8684404,140.555556,123.6,2493.446088,54.9752683,2.26790158,0.399274265,0.00224171,0.026514647,83.6,1.6722,0.028756357,0.285675,0.323196,0.391128
747,OK,,180.0,428.7662138,24.8684404,141.666667,123.6,2513.157123,55.4098554,2.07215132,0.438821525,0.002458769,0.024194725,83.6,1.6722,0.026653493,0.285675,0.323196,0.391128
748,OK,,180.0,428.7662138,24.8684404,142.777778,123.6,2532.868157,55.8444425,1.87627269,0.487079905,0.002723549,0.021878861,83.6,1.6722,0.02460241,0.285675,0.323196,0.391128
749,OK,,180.0,428.7662138,24.8684404,143.888889,123.6,2552.579191,56.2790296,1.68767266,0.54171321,0.00302266,0.01965115,83.6,1.6722,0.022673809,0.285675,0.323196,0.391128
750,OK,,180.0,428.7662138,24.8684404,145.0,123.6,2572.290225,56.7136167,1.49928118,0.605528147,0.003371491,0.017431853,83.6,1.6722,0.020803343,0.285675,0.323196,0.391128
751,OK,,180.0,433.8753552,25.1647706,135.0,123.6,2394.890899,52.8023328,3.34276255,0.246566767,0.001395376,0.039231108,83.6,1.6722,0.040626484,0.285675,0.323196,0.391128
752,OK,,180.0,433.8753552,25.1647706,136.111111,123.6,2414.601934,53.2369199,3.13363709,0.269483878,0.001522257,0.036740327,83.6,1.6722,0.038262584,0.285675,0.323196,0.391128
753,OK,,180.0,433.8753552,25.1647706,137.222222,123.6,2434.312968,53.671507,2.93048324,0.294721175,0.001661681,0.034320503,83.6,1.6722,0.035982184,0.285675,0.323196,0.391128
754,OK,,180.0,433.8753552,25.1647706,138.333333,123.6,2454.024002,54.1060941,2.72654167,0.323272497,0.001819176,0.031896647,83.6,1.6722,0.033715823,0.285675,0.323196,0.391128
755,OK,,180.0,433.8753552,25.1647706,139.444444,123.6,2473.735036,54.5406812,2.52589456,0.355234665,0.001995149,0.02951456,83.6,1.6722,0.031509709,0.285675,0.323196,0.391128
756,OK,,180.0,433.8753552,25.1647706,140.555556,123.6,2493.446088,54.9752683,2.32709214,0.391348085,0.002193628,0.027158298,83.6,1.6722,0.029351926,0.285675,0.323196,0.391128
757,OK,,180.0,433.8753552,25.1647706,141.666667,123.6,2513.157123,55.4098554,2.12715412,0.430224521,0.002406712,0.024794601,83.6,1.6722,0.027201313,0.285675,0.323196,0.391128
758,OK,,180.0,433.8753552,25.1647706,142.777778,123.6,2532.868157,55.8444425,1.93531419,0.476084856,0.002657791,0.022527557,83.6,1.6722,0.025185348,0.285675,0.323196,0.391128
759,OK,,180.0,433.8753552,25.1647706,143.888889,123.6,2552.579191,56.2790296,1.7449134,0.529051215,0.002947308,0.020282565,83.6,1.6722,0.023229873,0.285675,0.323196,0.391128
760,OK,,180.0,433.8753552,25.1647706,145.0,123.6,2572.290225,56.7136167,1.55454784,0.590836134,0.003284502,0.018043904,83.6,1.6722,0.021328406,0.285675,0.323196,0.391128
761,OK,,180.0,438.9844983,25.4611009,135.0,123.6,2394.890899,52.8023328,3.39589132,0.243307061,0.001374641,0.039786724,83.6,1.6722,0.041161365,0.285675,0.323196,0.391128
762,OK,,180.0,438.9844983,25.4611009,136.111111,123.6,2414.601934,53.2369199,3.19320544,0.265212945,0.001495634,0.03737122,83.6,1.6722,0.038866855,0.285675,0.323196,0.391128
763,OK,,180.0,438.9844983,25.4611009,137.222222,123.6,2434.312968,53.671507,2.98887295,0.289922506,0.001631919,0.03494205,83.6,1.6722,0.036573969,0.285675,0.323196,0.391128
764,OK,,180.0,438.9844983,25.4611009,138.333333,123.6,2454.024002,54.1060941,2.78646694,0.317561168,0.001784087,0.032539045,83.6,1.6722,0.034323132,0.285675,0.323196,0.391128
765,OK,,180.0,438.9844983,25.4611009,139.444444,123.6,2473.735036,54.5406812,2.58484307,0.348728812,0.0019554,0.03014966,83.6,1.6722,0.03210506,0.285675,0.323196,0.391128
766,OK,,180.0,438.9844983,25.4611009,140.555556,123.6,2493.446088,54.9752683,2.38319732,0.384164707,0.002149866,0.02776504,83.6,1.6722,0.029914907,0.285675,0.323196,0.391128
767,OK,,180.0,438.9844983,25.4611009,141.666667,123.6,2513.157123,55.4098554,2.1884666,0.420910002,0.002350787,0.025463253,83.6,1.6722,0.027814039,0.285675,0.323196,0.391128
768,OK,,180.0,438.9844983,25.4611009,142.777778,123.6,2532.868157,55.8444425,1.99570281,0.465307806,0.002593447,0.023189077,83.6,1.6722,0.025782524,0.285675,0.323196,0.391128
769,OK,,180.0,438.9844983,25.4611009,143.888889,123.6,2552.579191,56.2790296,1.80294272,0.516785222,0.002874387,0.020920646,83.6,1.6722,0.023795033,0.285675,0.323196,0.391128
770,OK,,180.0,438.9844983,25.4611009,145.0,123.6,2572.290225,56.7136167,1.61326109,0.575910366,0.003196467,0.018692778,83.6,1.6722,0.021889245,0.285675,0.323196,0.391128
771,OK,,180.0,444.0936414,25.7574312,135.0,123.6,2394.890899,52.8023328,3.46160145,0.239252159,0.001349452,0.040479419,83.6,1.6722,0.041828871,0.285675,0.323196,0.391128
772,OK,,180.0,444.0936414,25.7574312,136.111111,123.6,2414.601934,53.2369199,3.2552082,0.260878308,0.001468733,0.038026828,83.6,1.6722,0.039495561,0.285675,0.323196,0.391128
773,OK,,180.0,444.0936414,25.7574312,137.222222,123.6,2434.312968,53.671507,3.04995948,0.285029705,0.001601716,0.035591359,83.6,1.6722,0.037193075,0.285675,0.323196,0.391128
774,OK,,180.0,444.0936414,25.7574312,138.333333,123.6,2454.024002,54.1060941,2.84808221,0.311867508,0.001749207,0.033197971,83.6,1.6722,0.034947178,0.285675,0.323196,0.391128
775,OK,,180.0,444.0936414,25.7574312,139.444444,123.6,2473.735036,54.5406812,2.64423117,0.342398359,0.00191676,0.03078744,83.6,1.6722,0.0327042,0.285675,0.323196,0.391128
776,OK,,180.0,444.0936414,25.7574312,140.555556,123.6,2493.446088,54.9752683,2.44623126,0.376282268,0.002102314,0.028447158,83.6,1.6722,0.030549471,0.285675,0.323196,0.391128
777,OK,,180.0,444.0936414,25.7574312,141.666667,123.6,2513.157123,55.4098554,2.24680818,0.412450274,0.002299817,0.026096249,83.6,1.6722,0.028396066,0.285675,0.323196,0.391128
778,OK,,180.0,444.0936414,25.7574312,142.777778,123.6,2532.868157,55.8444425,2.05181073,0.455791343,0.002536337,0.023800227,83.6,1.6722,0.026336564,0.285675,0.323196,0.391128
779,OK,,180.0,444.0936414,25.7574312,143.888889,123.6,2552.579191,56.2790296,1.8604444,0.50518363,0.002805385,0.021550598,83.6,1.6722,0.024355982,0.285675,0.323196,0.391128
780,OK,,180.0,444.0936414,25.7574312,145.0,123.6,2572.290225,56.7136167,1.66922315,0.562428767,0.003116717,0.019308415,83.6,1.6722,0.022425131,0.285675,0.323196,0.391128
781,OK,,180.0,449.2027845,26.0537615,135.0,123.6,2394.890899,52.8023328,3.52301089,0.235618233,0.001326727,0.041122015,83.6,1.6722,0.042448742,0.285675,0.323196,0.391128
782,OK,,180.0,449.2027845,26.0537615,136.111111,123.6,2414.601934,53.2369199,3.31650409,0.256734754,0.001442994,0.038672093,83.6,1.6722,0.040115087,0.285675,0.323196,0.391128
783,OK,,180.0,449.2027845,26.0537615,137.222222,123.6,2434.312968,53.671507,3.11128302,0.280275197,0.001572384,0.036240793,83.6,1.6722,0.037813177,0.285675,0.323196,0.391128
784,OK,,180.0,449.2027845,26.0537615,138.333333,123.6,2454.024002,54.1060941,2.90684012,0.30665593,0.001717145,0.033822676,83.6,1.6722,0.035539821,0.285675,0.323196,0.391128
785,OK,,180.0,449.2027845,26.0537615,139.444444,123.6,2473.735036,54.5406812,2.708796,0.335695146,0.001876139,0.031480394,83.6,1.6722,0.033356533,0.285675,0.323196,0.391128
786,OK,,180.0,449.2027845,26.0537615,140.555556,123.6,2493.446088,54.9752683,2.50578675,0.369170008,0.002059218,0.029087902,83.6,1.6722,0.03114712,0.285675,0.323196,0.391128
787,OK,,180.0,449.2027845,26.0537615,141.666667,123.6,2513.157123,55.4098554,2.3056957,0.404234431,0.00225036,0.026733023,83.6,1.6722,0.028983384,0.285675,0.323196,0.391128
788,OK,,180.0,449.2027845,26.0537615,142.777778,123.6,2532.868157,55.8444425,2.11268843,0.445800753,0.00247675,0.024462575,83.6,1.6722,0.026939325,0.285675,0.323196,0.391128
789,OK,,180.0,449.2027845,26.0537615,143.888889,123.6,2552.579191,56.2790296,1.91800256,0.494076651,0.002739335,0.02217892,83.6,1.6722,0.024918255,0.285675,0.323196,0.391128
790,OK,,180.0,449.2027845,26.0537615,145.0,123.6,2572.290225,56.7136167,1.72661678,0.549211586,0.003038663,0.019937967,83.6,1.6722,0.02297663,0.285675,0.323196,0.391128
791,OK,,180.0,454.3119259,26.3500917,135.0,123.6,2394.890899,52.8023328,3.58024904,0.232363672,0.001306223,0.04171647,83.6,1.6722,0.043022693,0.285675,0.323196,0.391128
792,OK,,180.0,454.3119259,26.3500917,136.111111,123.6,2414.601934,53.2369199,3.37738476,0.252747332,0.001418217,0.039310489,83.6,1.6722,0.040728706,0.285675,0.323196,0.391128
793,OK,,180.0,454.3119259,26.3500917,137.222222,123.6,2434.312968,53.671507,3.1645107,0.276360864,0.00154788,0.036798566,83.6,1.6722,0.038346446,0.285675,0.323196,0.391128
794,OK,,180.0,454.3119259,26.3500917,138.333333,123.6,2454.024002,54.1060941,2.96886394,0.301294123,0.001684338,0.034481355,83.6,1.6722,0.036165692,0.285675,0.323196,0.391128
795,OK,,180.0,454.3119259,26.3500917,139.444444,123.6,2473.735036,54.5406812,2.76861335,0.329765951,0.001839986,0.032118176,83.6,1.6722,0.033958162,0.285675,0.323196,0.391128
796,OK,,180.0,454.3119259,26.3500917,140.555556,123.6,2493.446088,54.9752683,2.56629412,0.36219232,0.002017007,0.029736985,83.6,1.6722,0.031753992,0.285675,0.323196,0.391128
797,OK,,180.0,454.3119259,26.3500917,141.666667,123.6,2513.157123,55.4098554,2.36434079,0.396365936,0.002202993,0.02736489,83.6,1.6722,0.029567882,0.285675,0.323196,0.391128
798,OK,,180.0,454.3119259,26.3500917,142.777778,123.6,2532.868157,55.8444425,2.17436292,0.436090638,0.002418904,0.025131482,83.6,1.6722,0.027550385,0.285675,0.323196,0.391128
799,OK,,180.0,454.3119259,26.3500917,143.888889,123.6,2552.579191,56.2790296,1.96827489,0.484936197,0.002683975,0.022715085,83.6,1.6722,0.02539906,0.285675,0.323196,0.391128
800,OK,,180.0,454.3119259,26.3500917,145.0,123.6,2572.290225,56.7136167,1.78417955,0.53653691,0.002963815,0.020566276,83.6,1.6722,0.02353009,0.285675,0.323196,0.391128
801,OK,,180.0,459.421069,26.646422,135.0,123.6,2394.890899,52.8023328,3.64661371,0.228610771,0.001282961,0.042408684,83.6,1.6722,0.043691645,0.285675,0.323196,0.391128
802,OK,,180.0,459.421069,26.646422,136.111111,123.6,2414.601934,53.2369199,3.43754882,0.248931334,0.001394482,0.039938599,83.6,1.6722,0.041333081,0.285675,0.323196,0.391128
803,OK,,180.0,459.421069,26.646422,137.222222,123.6,2434.312968,53.671507,3.23295517,0.271293365,0.001516958,0.037521871,83.6,1.6722,0.039038829,0.285675,0.323196,0.391128
804,OK,,180.0,459.421069,26.646422,138.333333,123.6,2454.024002,54.1060941,3.02901048,0.296287499,0.001653623,0.035116811,83.6,1.6722,0.036770434,0.285675,0.323196,0.391128
805,OK,,180.0,459.421069,26.646422,139.444444,123.6,2473.735036,54.5406812,2.82609835,0.324289279,0.001806475,0.032727809,83.6,1.6722,0.034534283,0.285675,0.323196,0.391128
806,OK,,180.0,459.421069,26.646422,140.555556,123.6,2493.446088,54.9752683,2.62576097,0.35559676,0.001977056,0.030372139,83.6,1.6722,0.032349195,0.285675,0.323196,0.391128
807,OK,,180.0,459.421069,26.646422,141.666667,123.6,2513.157123,55.4098554,2.42382672,0.388671245,0.002156734,0.028003809,83.6,1.6722,0.030160543,0.285675,0.323196,0.391128
808,OK,,180.0,459.421069,26.646422,142.777778,123.6,2532.868157,55.8444425,2.22759942,0.428177746,0.002371221,0.025703992,83.6,1.6722,0.028075212,0.285675,0.323196,0.391128
809,OK,,180.0,459.421069,26.646422,143.888889,123.6,2552.579191,56.2790296,2.03317729,0.47323509,0.002615433,0.023429701,83.6,1.6722,0.026045134,0.285675,0.323196,0.391128
810,OK,,180.0,459.421069,26.646422,145.0,123.6,2572.290225,56.7136167,1.84639099,0.523439556,0.00288691,0.02124631,83.6,1.6722,0.02413322,0.285675,0.323196,0.391128
811,OK,,180.0,464.5302121,26.9427523,135.0,123.6,2394.890899,52.8023328,3.70249628,0.225627232,0.001264117,0.042983883,83.6,1.6722,0.044248,0.285675,0.323196,0.391128
812,OK,,180.0,464.5302121,26.9427523,136.111111,123.6,2414.601934,53.2369199,3.50236958,0.244896137,0.001369585,0.040615483,83.6,1.6722,0.041985069,0.285675,0.323196,0.391128
813,OK,,180.0,464.5302121,26.9427523,137.222222,123.6,2434.312968,53.671507,3.29448361,0.266952952,0.001490217,0.038166539,83.6,1.6722,0.039656756,0.285675,0.323196,0.391128
814,OK,,180.0,464.5302121,26.9427523,138.333333,123.6,2454.024002,54.1060941,3.09172093,0.291205632,0.00162258,0.035778258,83.6,1.6722,0.037400839,0.285675,0.323196,0.391128
815,OK,,180.0,464.5302121,26.9427523,139.444444,123.6,2473.735036,54.5406812,2.88598953,0.318735607,0.001772636,0.033361898,83.6,1.6722,0.035134534,0.285675,0.323196,0.391128
816,OK,,180.0,464.5302121,26.9427523,140.555556,123.6,2493.446088,54.9752683,2.66762497,0.351348514,0.001950325,0.030810435,83.6,1.6722,0.032760759,0.285675,0.323196,0.391128
817,OK,,180.0,464.5302121,26.9427523,141.666667,123.6,2513.157123,55.4098554,2.48358131,0.381223032,0.002111987,0.028643483,83.6,1.6722,0.03075547,0.285675,0.323196,0.391128
818,OK,,180.0,464.5302121,26.9427523,142.777778,123.6,2532.868157,55.8444425,2.29004942,0.419071531,0.002317056,0.026376936,83.6,1.6722,0.028693992,0.285675,0.323196,0.391128
819,OK,,180.0,464.5302121,26.9427523,143.888889,123.6,2552.579191,56.2790296,2.09224781,0.463173786,0.002555749,0.024068356,83.6,1.6722,0.026624105,0.285675,0.323196,0.391128
820,OK,,180.0,464.5302121,26.9427523,145.0,123.6,2572.290225,56.7136167,1.89511462,0.513845851,0.002829554,0.021772594,83.6,1.6722,0.024602148,0.285675,0.323196,0.391128
821,OK,,180.0,469.6393552,27.2390826,135.0,123.6,2394.890899,52.8023328,3.76930658,0.222053802,0.001242002,0.043675954,83.6,1.6722,0.044917956,0.285675,0.323196,0.391128
822,OK,,180.0,469.6393552,27.2390826,136.111111,123.6,2414.601934,53.2369199,3.5626101,0.241300604,0.001347237,0.041239707,83.6,1.6722,0.042586944,0.285675,0.323196,0.391128
823,OK,,180.0,469.6393552,27.2390826,137.222222,123.6,2434.312968,53.671507,3.35622635,0.262729806,0.001464215,0.038811097,83.6,1.6722,0.040275311,0.285675,0.323196,0.391128
824,OK,,180.0,469.6393552,27.2390826,138.333333,123.6,2454.024002,54.1060941,3.15023773,0.286661965,0.001594643,0.036391155,83.6,1.6722,0.037985799,0.285675,0.323196,0.391128
825,OK,,180.0,469.6393552,27.2390826,139.444444,123.6,2473.735036,54.5406812,2.94967722,0.312981515,0.001737777,0.034035376,83.6,1.6722,0.035773153,0.285675,0.323196,0.391128
826,OK,,180.0,469.6393552,27.2390826,140.555556,123.6,2493.446088,54.9752683,2.74678487,0.342841381,0.001899944,0.031658725,83.6,1.6722,0.033558669,0.285675,0.323196,0.391128
827,OK,,180.0,469.6393552,27.2390826,141.666667,123.6,2513.157123,55.4098554,2.54382661,0.373982972,0.002068528,0.029286228,83.6,1.6722,0.031354756,0.285675,0.323196,0.391128
828,OK,,180.0,469.6393552,27.2390826,142.777778,123.6,2532.868157,55.8444425,2.34414589,0.411617267,0.002272208,0.026954863,83.6,1.6722,0.029227071,0.285675,0.323196,0.391128
829,OK,,180.0,469.6393552,27.2390826,143.888889,123.6,2552.579191,56.2790296,2.14990239,0.453777804,0.002499918,0.024688988,83.6,1.6722,0.027188905,0.285675,0.323196,0.391128
830,OK,,180.0,469.6393552,27.2390826,145.0,123.6,2572.290225,56.7136167,1.95764407,0.501701232,0.002758294,0.022450674,83.6,1.6722,0.025208968,0.285675,0.323196,0.391128
831,OK,,180.0,474.7484966,27.5354128,135.0,123.6,2394.890899,52.8023328,3.83349605,0.218745101,0.001221443,0.044336597,83.6,1.6722,0.04555804,0.285675,0.323196,0.391128
832,OK,,180.0,474.7484966,27.5354128,136.111111,123.6,2414.601934,53.2369199,3.62023093,0.237984822,0.001326524,0.041832859,83.6,1.6722,0.043159383,0.285675,0.323196,0.391128
833,OK,,180.0,474.7484966,27.5354128,137.222222,123.6,2434.312968,53.671507,3.4171344,0.258700661,0.001439374,0.039443921,83.6,1.6722,0.040883295,0.285675,0.323196,0.391128
834,OK,,180.0,474.7484966,27.5354128,138.333333,123.6,2454.024002,54.1060941,3.21085291,0.28207711,0.001566556,0.037024584,83.6,1.6722,0.03859114,0.285675,0.323196,0.391128
835,OK,,180.0,474.7484966,27.5354128,139.444444,123.6,2473.735036,54.5406812,3.00422755,0.308323182,0.00170913,0.034605895,83.6,1.6722,0.036315025,0.285675,0.323196,0.391128
836,OK,,180.0,474.7484966,27.5354128,140.555556,123.6,2493.446088,54.9752683,2.80570983,0.33697418,0.001864395,0.032280842,83.6,1.6722,0.034145237,0.285675,0.323196,0.391128
837,OK,,180.0,474.7484966,27.5354128,141.666667,123.6,2513.157123,55.4098554,2.60309168,0.367134072,0.002027364,0.029915661,83.6,1.6722,0.031943025,0.285675,0.323196,0.391128
838,OK,,180.0,474.7484966,27.5354128,142.777778,123.6,2532.868157,55.8444425,2.40450222,0.403492912,0.002223778,0.027599795,83.6,1.6722,0.029823573,0.285675,0.323196,0.391128
839,OK,,180.0,474.7484966,27.5354128,143.888889,123.6,2552.579191,56.2790296,2.20501969,0.445190638,0.00244871,0.025279204,83.6,1.6722,0.027727915,0.285675,0.323196,0.391128
840,OK,,180.0,474.7484966,27.5354128,145.0,123.6,2572.290225,56.7136167,2.0161191,0.490922683,0.00269476,0.023081185,83.6,1.6722,0.025775945,0.285675,0.323196,0.391128
841,OK,,180.0,479.8576397,27.8317431,135.0,123.6,2394.890899,52.8023328,3.89594663,0.215626789,0.001202023,0.044976467,83.6,1.6722,0.04617849,0.285675,0.323196,0.391128
842,OK,,180.0,479.8576397,27.8317431,136.111111,123.6,2414.601934,53.2369199,3.68638685,0.234195599,0.001303226,0.042517074,83.6,1.6722,0.0438203,0.285675,0.323196,0.391128
843,OK,,180.0,479.8576397,27.8317431,137.222222,123.6,2434.312968,53.671507,3.47799557,0.254787767,0.001415267,0.040074382,83.6,1.6722,0.041489648,0.285675,0.323196,0.391128
844,OK,,180.0,479.8576397,27.8317431,138.333333,123.6,2454.024002,54.1060941,3.27274543,0.277520566,0.00153872,0.037670108,83.6,1.6722,0.039208828,0.285675,0.323196,0.391128
845,OK,,180.0,479.8576397,27.8317431,139.444444,123.6,2473.735036,54.5406812,3.07250656,0.302486156,0.001674014,0.035325076,83.6,1.6722,0.03699909,0.285675,0.323196,0.391128
846,OK,,180.0,479.8576397,27.8317431,140.555556,123.6,2493.446088,54.9752683,2.86841504,0.330882461,0.001827714,0.032942586,83.6,1.6722,0.0347703,0.285675,0.323196,0.391128
847,OK,,180.0,479.8576397,27.8317431,141.666667,123.6,2513.157123,55.4098554,2.66432936,0.360272166,0.001986261,0.030564908,83.6,1.6722,0.032551168,0.285675,0.323196,0.391128
848,OK,,180.0,479.8576397,27.8317431,142.777778,123.6,2532.868157,55.8444425,2.46527085,0.395607322,0.002176822,0.028247299,83.6,1.6722,0.03042412,0.285675,0.323196,0.391128
849,OK,,180.0,479.8576397,27.8317431,143.888889,123.6,2552.579191,56.2790296,2.26812067,0.435582169,0.002392035,0.025955862,83.6,1.6722,0.028347898,0.285675,0.323196,0.391128
850,OK,,180.0,479.8576397,27.8317431,145.0,123.6,2572.290225,56.7136167,2.07203263,0.481076095,0.002636551,0.023681448,83.6,1.6722,0.026317999,0.285675,0.323196,0.391128
851,OK,,180.0,484.9667828,28.1280734,135.0,123.6,2394.890899,52.8023328,3.96005816,0.212501505,0.001182621,0.045631717,83.6,1.6722,0.046814338,0.285675,0.323196,0.391128
852,OK,,180.0,484.9667828,28.1280734,136.111111,123.6,2414.601934,53.2369199,3.75019528,0.230670854,0.001281477,0.043173108,83.6,1.6722,0.044454585,0.285675,0.323196,0.391128
853,OK,,180.0,484.9667828,28.1280734,137.222222,123.6,2434.312968,53.671507,3.5377278,0.251071422,0.001392328,0.040690163,83.6,1.6722,0.042082491,0.285675,0.323196,0.391128
854,OK,,180.0,484.9667828,28.1280734,138.333333,123.6,2454.024002,54.1060941,3.3344364,0.273122325,0.001511847,0.038310927,83.6,1.6722,0.039822774,0.285675,0.323196,0.391128
855,OK,,180.0,484.9667828,28.1280734,139.444444,123.6,2473.735036,54.5406812,3.12710223,0.298118738,0.001647171,0.035892107,83.6,1.6722,0.037539278,0.285675,0.323196,0.391128
856,OK,,180.0,484.9667828,28.1280734,140.555556,123.6,2493.446088,54.9752683,2.92617093,0.325522757,0.0017952,0.033547667,83.6,1.6722,0.035342867,0.285675,0.323196,0.391128
857,OK,,180.0,484.9667828,28.1280734,141.666667,123.6,2513.157123,55.4098554,2.72476097,0.353751993,0.001947167,0.031202856,83.6,1.6722,0.033150023,0.285675,0.323196,0.391128
858,OK,,180.0,484.9667828,28.1280734,142.777778,123.6,2532.868157,55.8444425,2.52373582,0.38833576,0.002133391,0.028867073,83.6,1.6722,0.031000464,0.285675,0.323196,0.391128
859,OK,,180.0,484.9667828,28.1280734,143.888889,123.6,2552.579191,56.2790296,2.32705535,0.427034477,0.002341364,0.026584091,83.6,1.6722,0.028925455,0.285675,0.323196,0.391128
860,OK,,180.0,484.9667828,28.1280734,145.0,123.6,2572.290225,56.7136167,2.13158575,0.470936881,0.002576901,0.024319731,83.6,1.6722,0.026896633,0.285675,0.323196,0.391128
861,OK,,180.0,490.0759259,28.4244037,135.0,123.6,2394.890899,52.8023328,4.01722935,0.20984417,0.0011659,0.046209761,83.6,1.6722,0.047375661,0.285675,0.323196,0.391128
862,OK,,180.0,490.0759259,28.4244037,136.111111,123.6,2414.601934,53.2369199,3.81265491,0.227330529,0.001260825,0.043812099,83.6,1.6722,0.045072925,0.285675,0.323196,0.391128
863,OK,,180.0,490.0759259,28.4244037,137.222222,123.6,2434.312968,53.671507,3.60259512,0.247100097,0.001368036,0.041359264,83.6,1.6722,0.0427273,0.285675,0.323196,0.391128
864,OK,,180.0,490.0759259,28.4244037,138.333333,123.6,2454.024002,54.1060941,3.39691535,0.268795192,0.001485451,0.038957945,83.6,1.6722,0.040443396,0.285675,0.323196,0.391128
865,OK,,180.0,490.0759259,28.4244037,139.444444,123.6,2473.735036,54.5406812,3.18990639,0.293136141,0.001616994,0.036546483,83.6,1.6722,0.038163477,0.285675,0.323196,0.391128
866,OK,,180.0,490.0759259,28.4244037,140.555556,123.6,2493.446088,54.9752683,2.98644337,0.320072863,0.001762283,0.034178051,83.6,1.6722,0.035940334,0.285675,0.323196,0.391128
867,OK,,180.0,490.0759259,28.4244037,141.666667,123.6,2513.157123,55.4098554,2.78600502,0.347361484,0.001908906,0.03184739,83.6,1.6722,0.033756296,0.285675,0.323196,0.391128
868,OK,,180.0,490.0759259,28.4244037,142.777778,123.6,2532.868157,55.8444425,2.58295453,0.381218832,0.00209094,0.02949292,83.6,1.6722,0.03158386,0.285675,0.323196,0.391128
869,OK,,180.0,490.0759259,28.4244037,143.888889,123.6,2552.579191,56.2790296,2.38641852,0.418741662,0.002292242,0.027214811,83.6,1.6722,0.029507053,0.285675,0.323196,0.391128
870,OK,,180.0,490.0759259,28.4244037,145.0,123.6,2572.290225,56.7136167,2.18539997,0.462235915,0.002525313,0.024892615,83.6,1.6722,0.027417928,0.285675,0.323196,0.391128
871,OK,,180.0,495.1850672,28.7207339,135.0,123.6,2394.890899,52.8023328,4.07980781,0.206962399,0.001147973,0.046843737,83.6,1.6722,0.04799171,0.285675,0.323196,0.391128
872,OK,,180.0,495.1850672,28.7207339,136.111111,123.6,2414.601934,53.2369199,3.87007901,0.224387353,0.001242452,0.044394435,83.6,1.6722,0.045636887,0.285675,0.323196,0.391128
873,OK,,180.0,495.1850672,28.7207339,137.222222,123.6,2434.312968,53.671507,3.66246612,0.243588549,0.001346376,0.041971843,83.6,1.6722,0.043318219,0.285675,0.323196,0.391128
874,OK,,180.0,495.1850672,28.7207339,138.333333,123.6,2454.024002,54.1060941,3.453994,0.265014294,0.001462167,0.039544043,83.6,1.6722,0.041006211,0.285675,0.323196,0.391128
875,OK,,180.0,495.1850672,28.7207339,139.444444,123.6,2473.735036,54.5406812,3.25129061,0.288437215,0.001588478,0.037182989,83.6,1.6722,0.038771467,0.285675,0.323196,0.391128
876,OK,,180.0,495.1850672,28.7207339,140.555556,123.6,2493.446088,54.9752683,3.05029783,0.314444396,0.001728476,0.034845072,83.6,1.6722,0.036573547,0.285675,0.323196,0.391128
877,OK,,180.0,495.1850672,28.7207339,141.666667,123.6,2513.157123,55.4098554,2.84379227,0.341580554,0.00187412,0.032451846,83.6,1.6722,0.034325966,0.285675,0.323196,0.391128
878,OK,,180.0,495.1850672,28.7207339,142.777778,123.6,2532.868157,55.8444425,2.64424296,0.374083874,0.002048514,0.030139106,83.6,1.6722,0.032187619,0.285675,0.323196,0.391128
879,OK,,180.0,495.1850672,28.7207339,143.888889,123.6,2552.579191,56.2790296,2.44491887,0.41088638,0.002245665,0.027833802,83.6,1.6722,0.030079467,0.285675,0.323196,0.391128
880,OK,,180.0,495.1850672,28.7207339,145.0,123.6,2572.290225,56.7136167,2.24790018,0.452344861,0.002467357,0.025558859,83.6,1.6722,0.028026216,0.285675,0.323196,0.391128
881,OK,,180.0,500.2942103,29.0170642,135.0,123.6,2394.890899,52.8023328,4.14135152,0.204212395,0.001130835,0.047464038,83.6,1.6722,0.048594872,0.285675,0.323196,0.391128
882,OK,,180.0,500.2942103,29.0170642,136.111111,123.6,2414.601934,53.2369199,3.93209125,0.221249937,0.00122305,0.045023752,83.6,1.6722,0.046246802,0.285675,0.323196,0.391128
883,OK,,180.0,500.2942103,29.0170642,137.222222,123.6,2434.312968,53.671507,3.72500319,0.239998961,0.001324346,0.042610737,83.6,1.6722,0.043935083,0.285675,0.323196,0.391128
884,OK,,180.0,500.2942103,29.0170642,138.333333,123.6,2454.024002,54.1060941,3.51672332,0.260915496,0.001437188,0.040188897,83.6,1.6722,0.041626085,0.285675,0.323196,0.391128
885,OK,,180.0,500.2942103,29.0170642,139.444444,123.6,2473.735036,54.5406812,3.31039987,0.284076066,0.001561914,0.037792357,83.6,1.6722,0.03935427,0.285675,0.323196,0.391128
886,OK,,180.0,500.2942103,29.0170642,140.555556,123.6,2493.446088,54.9752683,3.10705489,0.309686968,0.001699576,0.035432461,83.6,1.6722,0.037132036,0.285675,0.323196,0.391128
887,OK,,180.0,500.2942103,29.0170642,141.666667,123.6,2513.157123,55.4098554,2.90594162,0.33814883,0.001852284,0.03310139,83.6,1.6722,0.034953674,0.285675,0.323196,0.391128
888,OK,,180.0,500.2942103,29.0170642,142.777778,123.6,2532.868157,55.8444425,2.70088456,0.367786914,0.002010814,0.030732183,83.6,1.6722,0.032742996,0.285675,0.323196,0.391128
889,OK,,180.0,500.2942103,29.0170642,143.888889,123.6,2552.579191,56.2790296,2.5098142,0.40239615,0.00219574,0.02852033,83.6,1.6722,0.03071607,0.285675,0.323196,0.391128
890,OK,,180.0,500.2942103,29.0170642,145.0,123.6,2572.290225,56.7136167,2.30673913,0.443467687,0.002415109,0.026182506,83.6,1.6722,0.028597615,0.285675,0.323196,0.391128
891,OK,,180.0,505.4033534,29.3133945,135.0,123.6,2394.890899,52.8023328,4.20403302,0.201470242,0.001113798,0.048094779,83.6,1.6722,0.049208577,0.285675,0.323196,0.391128
892,OK,,180.0,505.4033534,29.3133945,136.111111,123.6,2414.601934,53.2369199,3.99728587,0.218009908,0.001203141,0.045685401,83.6,1.6722,0.046888542,0.285675,0.323196,0.391128
893,OK,,180.0,505.4033534,29.3133945,137.222222,123.6,2434.312968,53.671507,3.78762395,0.236499339,0.001302888,0.043248668,83.6,1.6722,0.044551557,0.285675,0.323196,0.391128
894,OK,,180.0,505.4033534,29.3133945,138.333333,123.6,2454.024002,54.1060941,3.5773596,0.257084552,0.001413774,0.040809349,83.6,1.6722,0.042223123,0.285675,0.323196,0.391128
895,OK,,180.0,505.4033534,29.3133945,139.444444,123.6,2473.735036,54.5406812,3.35281655,0.281218827,0.001543748,0.038219848,83.6,1.6722,0.039763596,0.285675,0.323196,0.391128
896,OK,,180.0,505.4033534,29.3133945,140.555556,123.6,2493.446088,54.9752683,3.16927393,0.304552007,0.001668689,0.036077353,83.6,1.6722,0.037746042,0.285675,0.323196,0.391128
897,OK,,180.0,505.4033534,29.3133945,141.666667,123.6,2513.157123,55.4098554,2.96270013,0.332845991,0.001820319,0.033690606,83.6,1.6722,0.035510924,0.285675,0.323196,0.391128
898,OK,,180.0,505.4033534,29.3133945,142.777778,123.6,2532.868157,55.8444425,2.763014,0.361019686,0.001970655,0.031383259,83.6,1.6722,0.033353914,0.285675,0.323196,0.391128
899,OK,,180.0,505.4033534,29.3133945,143.888889,123.6,2552.579191,56.2790296,2.56407546,0.395703814,0.002155814,0.029088874,83.6,1.6722,0.031244687,0.285675,0.323196,0.391128
900,OK,,180.0,505.4033534,29.3133945,145.0,123.6,2572.290225,56.7136167,2.36937593,0.434305915,0.002361473,0.026845755,83.6,1.6722,0.029207228,0.285675,0.323196,0.391128
901,OK,,180.0,510.5124966,29.6097248,135.0,123.6,2394.890899,52.8023328,4.26033766,0.199118916,0.001098989,0.04865525,83.6,1.6722,0.049754238,0.285675,0.323196,0.391128
902,OK,,180.0,510.5124966,29.6097248,136.111111,123.6,2414.601934,53.2369199,4.05619984,0.215211694,0.001185747,0.046277434,83.6,1.6722,0.047463181,0.285675,0.323196,0.391128
903,OK,,180.0,510.5124966,29.6097248,137.222222,123.6,2434.312968,53.671507,3.84931987,0.233156303,0.001282363,0.043874322,83.6,1.6722,0.045156684,0.285675,0.323196,0.391128
904,OK,,180.0,510.5124966,29.6097248,138.333333,123.6,2454.024002,54.1060941,3.64159531,0.253106909,0.001389619,0.041466159,83.6,1.6722,0.042855778,0.285675,0.323196,0.391128
905,OK,,180.0,510.5124966,29.6097248,139.444444,123.6,2473.735036,54.5406812,3.43586898,0.27513822,0.001507849,0.03908359,83.6,1.6722,0.04059144,0.285675,0.323196,0.391128
906,OK,,180.0,510.5124966,29.6097248,140.555556,123.6,2493.446088,54.9752683,3.23302893,0.299440426,0.001638021,0.036736433,83.6,1.6722,0.038374454,0.285675,0.323196,0.391128
907,OK,,180.0,510.5124966,29.6097248,141.666667,123.6,2513.157123,55.4098554,3.02608135,0.327019889,0.001785573,0.034349384,83.6,1.6722,0.036134957,0.285675,0.323196,0.391128
908,OK,,180.0,510.5124966,29.6097248,142.777778,123.6,2532.868157,55.8444425,2.82360227,0.35471474,0.001933145,0.032015241,83.6,1.6722,0.033948386,0.285675,0.323196,0.391128
909,OK,,180.0,510.5124966,29.6097248,143.888889,123.6,2552.579191,56.2790296,2.62480087,0.388355873,0.00211242,0.029725706,83.6,1.6722,0.031838126,0.285675,0.323196,0.391128
910,OK,,180.0,510.5124966,29.6097248,145.0,123.6,2572.290225,56.7136167,2.42487128,0.426609081,0.002315979,0.027428866,83.6,1.6722,0.029744845,0.285675,0.323196,0.391128
911,OK,,180.0,515.6216379,29.906055,135.0,123.6,2394.890899,52.8023328,4.3322213,0.196060902,0.001080294,0.049379188,83.6,1.6722,0.050459482,0.285675,0.323196,0.391128
912,OK,,180.0,515.6216379,29.906055,136.111111,123.6,2414.601934,53.2369199,4.11994919,0.212219508,0.001167328,0.046918792,83.6,1.6722,0.04808612,0.285675,0.323196,0.391128
913,OK,,180.0,515.6216379,29.906055,137.222222,123.6,2434.312968,53.671507,3.91016687,0.229956154,0.001262689,0.044488554,83.6,1.6722,0.045751243,0.285675,0.323196,0.391128
914,OK,,180.0,515.6216379,29.906055,138.333333,123.6,2454.024002,54.1060941,3.70122994,0.249564061,0.001367936,0.042071221,83.6,1.6722,0.043439157,0.285675,0.323196,0.391128
915,OK,,180.0,515.6216379,29.906055,139.444444,123.6,2473.735036,54.5406812,3.50005514,0.270757795,0.001481424,0.039741165,83.6,1.6722,0.041222589,0.285675,0.323196,0.391128
916,OK,,180.0,515.6216379,29.906055,140.555556,123.6,2493.446088,54.9752683,3.29118613,0.29498482,0.00161105,0.037332817,83.6,1.6722,0.038943867,0.285675,0.323196,0.391128
917,OK,,180.0,515.6216379,29.906055,141.666667,123.6,2513.157123,55.4098554,3.08986707,0.321347118,0.00175177,0.03501007,83.6,1.6722,0.03676184,0.285675,0.323196,0.391128
918,OK,,180.0,515.6216379,29.906055,142.777778,123.6,2532.868157,55.8444425,2.88470803,0.348510683,0.001896298,0.032650537,83.6,1.6722,0.034546835,0.285675,0.323196,0.391128
919,OK,,180.0,515.6216379,29.906055,143.888889,123.6,2552.579191,56.2790296,2.68287213,0.381613392,0.002072457,0.030331485,83.6,1.6722,0.032403942,0.285675,0.323196,0.391128
920,OK,,180.0,515.6216379,29.906055,145.0,123.6,2572.290225,56.7136167,2.48493791,0.418490078,0.002268317,0.028059602,83.6,1.6722,0.03032792,0.285675,0.323196,0.391128
921,OK,,180.0,520.730781,30.2023853,135.0,123.6,2394.890899,52.8023328,4.39226527,0.193653261,0.001065267,0.049974835,83.6,1.6722,0.051040102,0.285675,0.323196,0.391128
922,OK,,180.0,520.730781,30.2023853,136.111111,123.6,2414.601934,53.2369199,4.18154371,0.209421655,0.001150042,0.04753488,83.6,1.6722,0.048684922,0.285675,0.323196,0.391128
923,OK,,180.0,520.730781,30.2023853,137.222222,123.6,2434.312968,53.671507,3.97286696,0.226730058,0.001242931,0.045120328,83.6,1.6722,0.046363259,0.285675,0.323196,0.391128
924,OK,,180.0,520.730781,30.2023853,138.333333,123.6,2454.024002,54.1060941,3.76413671,0.245896425,0.00134563,0.042709068,83.6,1.6722,0.044054698,0.285675,0.323196,0.391128
925,OK,,180.0,520.730781,30.2023853,139.444444,123.6,2473.735036,54.5406812,3.56190473,0.266686159,0.001456777,0.04037131,83.6,1.6722,0.041828087,0.285675,0.323196,0.391128
926,OK,,180.0,520.730781,30.2023853,140.555556,123.6,2493.446088,54.9752683,3.35181206,0.290445321,0.001583698,0.037953621,83.6,1.6722,0.039537319,0.285675,0.323196,0.391128
927,OK,,180.0,520.730781,30.2023853,141.666667,123.6,2513.157123,55.4098554,3.15243355,0.315978786,0.001719735,0.03565523,83.6,1.6722,0.037374964,0.285675,0.323196,0.391128
928,OK,,180.0,520.730781,30.2023853,142.777778,123.6,2532.868157,55.8444425,2.95315797,0.341703387,0.001856264,0.033362742,83.6,1.6722,0.035219006,0.285675,0.323196,0.391128
929,OK,,180.0,520.730781,30.2023853,143.888889,123.6,2552.579191,56.2790296,2.74372277,0.374743556,0.002031917,0.030965208,83.6,1.6722,0.032997125,0.285675,0.323196,0.391128
930,OK,,180.0,520.730781,30.2023853,145.0,123.6,2572.290225,56.7136167,2.54551329,0.410591287,0.002221992,0.028693637,83.6,1.6722,0.030915629,0.285675,0.323196,0.391128
931,OK,,180.0,525.8399241,30.4987156,135.0,123.6,2394.890899,52.8023328,4.4515819,0.191341846,0.001050813,0.050560024,83.6,1.6722,0.051610837,0.285675,0.323196,0.391128
932,OK,,180.0,525.8399241,30.4987156,136.111111,123.6,2414.601934,53.2369199,4.23905576,0.206912769,0.0011344,0.048104883,83.6,1.6722,0.049239283,0.285675,0.323196,0.391128
933,OK,,180.0,525.8399241,30.4987156,137.222222,123.6,2434.312968,53.671507,4.03102354,0.223860501,0.001225193,0.045700922,83.6,1.6722,0.046926115,0.285675,0.323196,0.391128
934,OK,,180.0,525.8399241,30.4987156,138.333333,123.6,2454.024002,54.1060941,3.83073397,0.24209517,0.001322648,0.043383301,83.6,1.6722,0.044705949,0.285675,0.323196,0.391128
935,OK,,180.0,525.8399241,30.4987156,139.444444,123.6,2473.735036,54.5406812,3.61769977,0.263183488,0.001435321,0.040934003,83.6,1.6722,0.042369324,0.285675,0.323196,0.391128
936,OK,,180.0,525.8399241,30.4987156,140.555556,123.6,2493.446088,54.9752683,3.41374292,0.285935855,0.001556584,0.038585643,83.6,1.6722,0.040142227,0.285675,0.323196,0.391128
937,OK,,180.0,525.8399241,30.4987156,141.666667,123.6,2513.157123,55.4098554,3.19735804,0.312455702,0.001697873,0.03610829,83.6,1.6722,0.037806163,0.285675,0.323196,0.391128
938,OK,,180.0,525.8399241,30.4987156,142.777778,123.6,2532.868157,55.8444425,3.00400818,0.337026503,0.001827959,0.033882588,83.6,1.6722,0.035710547,0.285675,0.323196,0.391128
939,OK,,180.0,525.8399241,30.4987156,143.888889,123.6,2552.579191,56.2790296,2.80215616,0.368411008,0.001994409,0.031570216,83.6,1.6722,0.033564624,0.285675,0.323196,0.391128
940,OK,,180.0,525.8399241,30.4987156,145.0,123.6,2572.290225,56.7136167,2.60364382,0.40332588,0.002179229,0.029298645,83.6,1.6722,0.031477874,0.285675,0.323196,0.391128
941,OK,,180.0,530.9490672,30.7950459,135.0,123.6,2394.890899,52.8023328,4.5156261,0.188863836,0.001035488,0.051193689,83.6,1.6722,0.052229177,0.285675,0.323196,0.391128
942,OK,,180.0,530.9490672,30.7950459,136.111111,123.6,2414.601934,53.2369199,4.30506027,0.204023586,0.001116711,0.048763278,83.6,1.6722,0.049879989,0.285675,0.323196,0.391128
943,OK,,180.0,530.9490672,30.7950459,137.222222,123.6,2434.312968,53.671507,4.09661139,0.22063284,0.001205543,0.046358929,83.6,1.6722,0.047564472,0.285675,0.323196,0.391128
944,OK,,180.0,530.9490672,30.7950459,138.333333,123.6,2454.024002,54.1060941,3.88996749,0.238868412,0.001302901,0.043977483,83.6,1.6722,0.045280384,0.285675,0.323196,0.391128
945,OK,,180.0,530.9490672,30.7950459,139.444444,123.6,2473.735036,54.5406812,3.68170947,0.259172645,0.00141115,0.041582871,83.6,1.6722,0.042994022,0.285675,0.323196,0.391128
946,OK,,180.0,530.9490672,30.7950459,140.555556,123.6,2493.446088,54.9752683,3.47653683,0.28148336,0.001529871,0.039225212,83.6,1.6722,0.040755083,0.285675,0.323196,0.391128
947,OK,,180.0,530.9490672,30.7950459,141.666667,123.6,2513.157123,55.4098554,3.26999054,0.30644413,0.001662502,0.036857114,83.6,1.6722,0.038519616,0.285675,0.323196,0.391128
948,OK,,180.0,530.9490672,30.7950459,142.777778,123.6,2532.868157,55.8444425,3.07142655,0.33074344,0.001791,0.03457898,83.6,1.6722,0.03636998,0.285675,0.323196,0.391128
949,OK,,180.0,530.9490672,30.7950459,143.888889,123.6,2552.579191,56.2790296,2.86273871,0.362019124,0.0019567,0.032196722,83.6,1.6722,0.034153422,0.285675,0.323196,0.391128
950,OK,,180.0,530.9490672,30.7950459,145.0,123.6,2572.290225,56.7136167,2.66359379,0.39605013,0.002136548,0.029921627,83.6,1.6722,0.032058175,0.285675,0.323196,0.391128
951,OK,,180.0,536.0582086,31.0913761,135.0,123.6,2394.890899,52.8023328,4.57917066,0.186468041,0.001020665,0.051819948,83.6,1.6722,0.052840613,0.285675,0.323196,0.391128
952,OK,,180.0,536.0582086,31.0913761,136.111111,123.6,2414.601934,53.2369199,4.37040936,0.201248733,0.001099708,0.049412567,83.6,1.6722,0.050512276,0.285675,0.323196,0.391128
953,OK,,180.0,536.0582086,31.0913761,137.222222,123.6,2434.312968,53.671507,4.16143781,0.217533054,0.001186658,0.047006572,83.6,1.6722,0.04819323,0.285675,0.323196,0.391128
954,OK,,180.0,536.0582086,31.0913761,138.333333,123.6,2454.024002,54.1060941,3.95476824,0.235376188,0.001281759,0.04462871,83.6,1.6722,0.045910469,0.285675,0.323196,0.391128
955,OK,,180.0,536.0582086,31.0913761,139.444444,123.6,2473.735036,54.5406812,3.74211332,0.255528468,0.001389062,0.042191265,83.6,1.6722,0.043580327,0.285675,0.323196,0.391128
956,OK,,180.0,536.0582086,31.0913761,140.555556,123.6,2493.446088,54.9752683,3.5362107,0.277406646,0.001505294,0.039829427,83.6,1.6722,0.041334721,0.285675,0.323196,0.391128
957,OK,,180.0,536.0582086,31.0913761,141.666667,123.6,2513.157123,55.4098554,3.33205356,0.301584295,0.001633516,0.037490409,83.6,1.6722,0.039123925,0.285675,0.323196,0.391128
958,OK,,180.0,536.0582086,31.0913761,142.777778,123.6,2532.868157,55.8444425,3.12636322,0.325931264,0.001762153,0.035139439,83.6,1.6722,0.036901592,0.285675,0.323196,0.391128
959,OK,,180.0,536.0582086,31.0913761,143.888889,123.6,2552.579191,56.2790296,2.95460005,0.352273401,0.00190091,0.03315639,83.6,1.6722,0.0350573,0.285675,0.323196,0.391128
960,OK,,180.0,536.0582086,31.0913761,145.0,123.6,2572.290225,56.7136167,2.72416711,0.388939165,0.002094887,0.030549269,83.6,1.6722,0.032644155,0.285675,0.323196,0.391128
961,OK,,180.0,541.1673517,31.3877064,135.0,123.6,2394.890899,52.8023328,4.64471525,0.184047725,0.001005748,0.052464576,83.6,1.6722,0.053470324,0.285675,0.323196,0.391128
962,OK,,180.0,541.1673517,31.3877064,136.111111,123.6,2414.601934,53.2369199,4.4299795,0.198823429,0.001084678,0.049998302,83.6,1.6722,0.05108298,0.285675,0.323196,0.391128
963,OK,,180.0,541.1673517,31.3877064,137.222222,123.6,2434.312968,53.671507,4.22196317,0.214752782,0.001169581,0.047606194,83.6,1.6722,0.048775775,0.285675,0.323196,0.391128
964,OK,,180.0,541.1673517,31.3877064,138.333333,123.6,2454.024002,54.1060941,4.01199472,0.232443391,0.001263742,0.045197187,83.6,1.6722,0.046460929,0.285675,0.323196,0.391128
965,OK,,180.0,541.1673517,31.3877064,139.444444,123.6,2473.735036,54.5406812,3.80292393,0.251957614,0.001367437,0.042801467,83.6,1.6722,0.044168904,0.285675,0.323196,0.391128
966,OK,,180.0,541.1673517,31.3877064,140.555556,123.6,2493.446088,54.9752683,3.59244391,0.273711594,0.001482867,0.040394684,83.6,1.6722,0.041877552,0.285675,0.323196,0.391128
967,OK,,180.0,541.1673517,31.3877064,141.666667,123.6,2513.157123,55.4098554,3.39274099,0.296987244,0.001606041,0.038106506,83.6,1.6722,0.039712547,0.285675,0.323196,0.391128
968,OK,,180.0,541.1673517,31.3877064,142.777778,123.6,2532.868157,55.8444425,3.18765247,0.320637106,0.001730761,0.035765307,83.6,1.6722,0.037496068,0.285675,0.323196,0.391128
969,OK,,180.0,541.1673517,31.3877064,143.888889,123.6,2552.579191,56.2790296,2.98362772,0.349885317,0.001885136,0.033440212,83.6,1.6722,0.035325348,0.285675,0.323196,0.391128
970,OK,,180.0,541.1673517,31.3877064,145.0,123.6,2572.290225,56.7136167,2.78553382,0.381973981,0.002054128,0.031182981,83.6,1.6722,0.033237109,0.285675,0.323196,0.391128
971,OK,,180.0,546.2764948,31.6840367,135.0,123.6,2394.890899,52.8023328,4.70274528,0.182012467,0.000992989,0.05302706,83.6,1.6722,0.054020049,0.285675,0.323196,0.391128
972,OK,,180.0,546.2764948,31.6840367,136.111111,123.6,2414.601934,53.2369199,4.49114546,0.196386232,0.001069619,0.050597648,83.6,1.6722,0.051667266,0.285675,0.323196,0.391128
973,OK,,180.0,546.2764948,31.6840367,137.222222,123.6,2434.312968,53.671507,4.28248103,0.212048706,0.001152963,0.048202584,83.6,1.6722,0.049355547,0.285675,0.323196,0.391128
974,OK,,180.0,546.2764948,31.6840367,138.333333,123.6,2454.024002,54.1060941,4.07077062,0.229497814,0.001245698,0.045779081,83.6,1.6722,0.047024779,0.285675,0.323196,0.391128
975,OK,,180.0,546.2764948,31.6840367,139.444444,123.6,2473.735036,54.5406812,3.86489727,0.24841348,0.00134601,0.043420886,83.6,1.6722,0.044766896,0.285675,0.323196,0.391128
976,OK,,180.0,546.2764948,31.6840367,140.555556,123.6,2493.446088,54.9752683,3.65812865,0.26941106,0.001457196,0.041057234,83.6,1.6722,0.04251443,0.285675,0.323196,0.391128
977,OK,,180.0,546.2764948,31.6840367,141.666667,123.6,2513.157123,55.4098554,3.45173299,0.29267666,0.001580191,0.038701616,83.6,1.6722,0.040281807,0.285675,0.323196,0.391128
978,OK,,180.0,546.2764948,31.6840367,142.777778,123.6,2532.868157,55.8444425,3.24625372,0.315766766,0.001701757,0.036360038,83.6,1.6722,0.038061795,0.285675,0.323196,0.391128
979,OK,,180.0,546.2764948,31.6840367,143.888889,123.6,2552.579191,56.2790296,3.04117596,0.344434072,0.001852823,0.034026958,83.6,1.6722,0.035879781,0.285675,0.323196,0.391128
980,OK,,180.0,546.2764948,31.6840367,145.0,123.6,2572.290225,56.7136167,2.84035101,0.376062849,0.00201916,0.031743783,83.6,1.6722,0.033762943,0.285675,0.323196,0.391128
981,OK,,180.0,551.3856379,31.980367,135.0,123.6,2394.890899,52.8023328,4.76488726,0.17984128,0.000979534,0.053632204,83.6,1.6722,0.054611738,0.285675,0.323196,0.391128
982,OK,,180.0,551.3856379,31.980367,136.111111,123.6,2414.601934,53.2369199,4.55535453,0.193855795,0.001054106,0.051228309,83.6,1.6722,0.052282415,0.285675,0.323196,0.391128
983,OK,,180.0,551.3856379,31.980367,137.222222,123.6,2434.312968,53.671507,4.34512196,0.209289343,0.001136107,0.048820651,83.6,1.6722,0.049956758,0.285675,0.323196,0.391128
984,OK,,180.0,551.3856379,31.980367,138.333333,123.6,2454.024002,54.1060941,4.13568942,0.226256368,0.001226107,0.046424977,83.6,1.6722,0.047651084,0.285675,0.323196,0.391128
985,OK,,180.0,551.3856379,31.980367,139.444444,123.6,2473.735036,54.5406812,3.927064,0.24493924,0.001325045,0.044041519,83.6,1.6722,0.045366564,0.285675,0.323196,0.391128
986,OK,,180.0,551.3856379,31.980367,140.555556,123.6,2493.446088,54.9752683,3.72130823,0.265407194,0.001433234,0.041692226,83.6,1.6722,0.043125459,0.285675,0.323196,0.391128
987,OK,,180.0,551.3856379,31.980367,141.666667,123.6,2513.157123,55.4098554,3.51529111,0.288096257,0.001552973,0.03934426,83.6,1.6722,0.040897233,0.285675,0.323196,0.391128
988,OK,,180.0,551.3856379,31.980367,142.777778,123.6,2532.868157,55.8444425,3.30949455,0.310593613,0.001671216,0.037002897,83.6,1.6722,0.038674113,0.285675,0.323196,0.391128
989,OK,,180.0,551.3856379,31.980367,143.888889,123.6,2552.579191,56.2790296,3.10536874,0.338429334,0.001817639,0.034683494,83.6,1.6722,0.036501133,0.285675,0.323196,0.391128
990,OK,,180.0,551.3856379,31.980367,145.0,123.6,2572.290225,56.7136167,2.90233961,0.369451222,0.001980545,0.032380228,83.6,1.6722,0.034360773,0.285675,0.323196,0.391128
991,OK,,180.0,556.4947793,32.2766972,135.0,123.6,2394.890899,52.8023328,4.82889284,0.177645864,0.000965983,0.05425394,83.6,1.6722,0.055219923,0.285675,0.323196,0.391128
992,OK,,180.0,556.4947793,32.2766972,136.111111,123.6,2414.601934,53.2369199,4.61890579,0.191420379,0.001039158,0.051849285,83.6,1.6722,0.052888443,0.285675,0.323196,0.391128
993,OK,,180.0,556.4947793,32.2766972,137.222222,123.6,2434.312968,53.671507,4.40843864,0.206567842,0.001119504,0.049443077,83.6,1.6722,0.050562581,0.285675,0.323196,0.391128
994,OK,,180.0,556.4947793,32.2766972,138.333333,123.6,2454.024002,54.1060941,4.19790013,0.223257776,0.001207895,0.047039644,83.6,1.6722,0.048247539,0.285675,0.323196,0.391128
995,OK,,180.0,556.4947793,32.2766972,139.444444,123.6,2473.735036,54.5406812,3.99070029,0.241468434,0.001304156,0.044674954,83.6,1.6722,0.04597911,0.285675,0.323196,0.391128
996,OK,,180.0,556.4947793,32.2766972,140.555556,123.6,2493.446088,54.9752683,3.7818159,0.261707461,0.001410989,0.042296392,83.6,1.6722,0.043707381,0.285675,0.323196,0.391128
997,OK,,180.0,556.4947793,32.2766972,141.666667,123.6,2513.157123,55.4098554,3.57575438,0.283903115,0.001527928,0.039951537,83.6,1.6722,0.041479466,0.285675,0.323196,0.391128
998,OK,,180.0,556.4947793,32.2766972,142.777778,123.6,2532.868157,55.8444425,3.36727592,0.306076123,0.001644302,0.037585326,83.6,1.6722,0.039229628,0.285675,0.323196,0.391128
999,OK,,180.0,556.4947793,32.2766972,143.888889,123.6,2552.579191,56.2790296,3.16769755,0.332815154,0.001784657,0.035317556,83.6,1.6722,0.037102213,0.285675,0.323196,0.391128
1000,OK,,180.0,556.4947793,32.2766972,145.0,123.6,2572.290225,56.7136167,2.96362077,0.363145446,0.00194368,0.033006592,83.6,1.6722,0.034950272,0.285675,0.323196,0.391128
1001,OK,,180.0,561.6039224,32.5730275,135.0,123.6,2394.890899,52.8023328,4.89136162,0.175564229,0.000953095,0.054857414,83.6,1.6722,0.055810509,0.285675,0.323196,0.391128
1002,OK,,180.0,561.6039224,32.5730275,136.111111,123.6,2414.601934,53.2369199,4.68094211,0.189111233,0.001024944,0.052452164,83.6,1.6722,0.053477107,0.285675,0.323196,0.391128
1003,OK,,180.0,561.6039224,32.5730275,137.222222,123.6,2434.312968,53.671507,4.47120084,0.203942664,0.001103476,0.050057448,83.6,1.6722,0.051160923,0.285675,0.323196,0.391128
1004,OK,,180.0,561.6039224,32.5730275,138.333333,123.6,2454.024002,54.1060941,4.25979252,0.220354067,0.001190254,0.047648758,83.6,1.6722,0.048839012,0.285675,0.323196,0.391128
1005,OK,,180.0,561.6039224,32.5730275,139.444444,123.6,2473.735036,54.5406812,4.05095319,0.238300288,0.001284974,0.045270569,83.6,1.6722,0.046555543,0.285675,0.323196,0.391128
1006,OK,,180.0,561.6039224,32.5730275,140.555556,123.6,2493.446088,54.9752683,3.84294406,0.258059702,0.001389091,0.042904899,83.6,1.6722,0.044293989,0.285675,0.323196,0.391128
1007,OK,,180.0,561.6039224,32.5730275,141.666667,123.6,2513.157123,55.4098554,3.64257196,0.279332538,0.001500914,0.040623549,83.6,1.6722,0.042124463,0.285675,0.323196,0.391128
1008,OK,,180.0,561.6039224,32.5730275,142.777778,123.6,2532.868157,55.8444425,3.43111627,0.301153106,0.001615277,0.038229689,83.6,1.6722,0.039844965,0.285675,0.323196,0.391128
1009,OK,,180.0,561.6039224,32.5730275,143.888889,123.6,2552.579191,56.2790296,3.22817823,0.327560311,0.001753706,0.035929787,83.6,1.6722,0.037683493,0.285675,0.323196,0.391128
1010,OK,,180.0,561.6039224,32.5730275,145.0,123.6,2572.290225,56.7136167,3.025068,0.357024908,0.001907917,0.033632484,83.6,1.6722,0.035540401,0.285675,0.323196,0.391128
1011,OK,,180.0,566.7130655,32.8693578,135.0,123.6,2394.890899,52.8023328,4.95246356,0.173587578,0.000940817,0.055443791,83.6,1.6722,0.056384607,0.285675,0.323196,0.391128
1012,OK,,180.0,566.7130655,32.8693578,136.111111,123.6,2414.601934,53.2369199,4.74144577,0.1869279,0.001011455,0.053036298,83.6,1.6722,0.054047753,0.285675,0.323196,0.391128
1013,Errors,,180.0,566.7130655,32.8693578,137.222222,123.6,2434.312968,53.671507,4.24048533,0.216472253,0.001169765,0.047593686,83.6,1.6722,0.048763451,0.285675,0.323196,0.391128
1014,OK,,180.0,566.7130655,32.8693578,138.333333,123.6,2454.024002,54.1060941,4.32498838,0.217349287,0.001172108,0.048289437,83.6,1.6722,0.049461545,0.285675,0.323196,0.391128
1015,OK,,180.0,566.7130655,32.8693578,139.444444,123.6,2473.735036,54.5406812,4.1135629,0.235075744,0.001265535,0.045888108,83.6,1.6722,0.047153643,0.285675,0.323196,0.391128
1016,OK,,180.0,566.7130655,32.8693578,140.555556,123.6,2493.446088,54.9752683,3.90664892,0.254340687,0.001366863,0.043537636,83.6,1.6722,0.044904499,0.285675,0.323196,0.391128
1017,OK,,180.0,566.7130655,32.8693578,141.666667,123.6,2513.157123,55.4098554,3.70572047,0.275183595,0.001476249,0.041253966,83.6,1.6722,0.042730215,0.285675,0.323196,0.391128
1018,OK,,180.0,566.7130655,32.8693578,142.777778,123.6,2532.868157,55.8444425,3.49084944,0.296735191,0.00158905,0.03882794,83.6,1.6722,0.04041699,0.285675,0.323196,0.391128
1019,OK,,180.0,566.7130655,32.8693578,143.888889,123.6,2552.579191,56.2790296,3.28591748,0.322733297,0.001725136,0.036510425,83.6,1.6722,0.038235561,0.285675,0.323196,0.391128
1020,OK,,180.0,566.7130655,32.8693578,145.0,123.6,2572.290225,56.7136167,3.08420679,0.351358626,0.001874684,0.034231285,83.6,1.6722,0.036105969,0.285675,0.323196,0.391128
1021,OK,,180.0,571.8222086,33.1656881,135.0,123.6,2394.890899,52.8023328,5.01792758,0.171480788,0.000927873,0.056074644,83.6,1.6722,0.057002517,0.285675,0.323196,0.391128
1022,OK,,180.0,571.8222086,33.1656881,136.111111,123.6,2414.601934,53.2369199,4.80554639,0.184630966,0.000997397,0.05365689,83.6,1.6722,0.054654287,0.285675,0.323196,0.391128
1023,OK,,180.0,571.8222086,33.1656881,137.222222,123.6,2434.312968,53.671507,4.59467039,0.198978478,0.001073121,0.051258087,83.6,1.6722,0.052331208,0.285675,0.323196,0.391128
1024,OK,,180.0,571.8222086,33.1656881,138.333333,123.6,2454.024002,54.1060941,4.38694131,0.214584021,0.001155331,0.048895368,83.6,1.6722,0.050050699,0.285675,0.323196,0.391128
1025,OK,,180.0,571.8222086,33.1656881,139.444444,123.6,2473.735036,54.5406812,4.17558741,0.231958152,0.001246748,0.046498537,83.6,1.6722,0.047745285,0.285675,0.323196,0.391128
1026,OK,,180.0,571.8222086,33.1656881,140.555556,123.6,2493.446088,54.9752683,3.96526891,0.251048055,0.001347023,0.044116149,83.6,1.6722,0.045463172,0.285675,0.323196,0.391128
1027,OK,,180.0,571.8222086,33.1656881,141.666667,123.6,2513.157123,55.4098554,3.76328097,0.27155255,0.001454467,0.041824726,83.6,1.6722,0.043279192,0.285675,0.323196,0.391128
1028,OK,,180.0,571.8222086,33.1656881,142.777778,123.6,2532.868157,55.8444425,3.55234154,0.292281854,0.001562728,0.03944365,83.6,1.6722,0.041006378,0.285675,0.323196,0.391128
1029,OK,,180.0,571.8222086,33.1656881,143.888889,123.6,2552.579191,56.2790296,3.35121178,0.317320148,0.00169352,0.037169611,83.6,1.6722,0.038863132,0.285675,0.323196,0.391128
1030,OK,,180.0,571.8222086,33.1656881,145.0,123.6,2572.290225,56.7136167,3.14713476,0.345446823,0.001840252,0.034868945,83.6,1.6722,0.036709197,0.285675,0.323196,0.391128
1031,OK,,180.0,576.93135,33.4620183,135.0,123.6,2394.890899,52.8023328,5.07407609,0.169774842,0.000917154,0.056606751,83.6,1.6722,0.057523904,0.285675,0.323196,0.391128
1032,OK,,180.0,576.93135,33.4620183,136.111111,123.6,2414.601934,53.2369199,4.86998012,0.182378957,0.000983622,0.054278296,83.6,1.6722,0.055261918,0.285675,0.323196,0.391128
1033,OK,,180.0,576.93135,33.4620183,137.222222,123.6,2434.312968,53.671507,4.65767218,0.196524439,0.001058166,0.051868545,83.6,1.6722,0.052926711,0.285675,0.323196,0.391128
1034,OK,,180.0,576.93135,33.4620183,138.333333,123.6,2454.024002,54.1060941,4.4457731,0.212050586,0.001139856,0.04946634,83.6,1.6722,0.050606195,0.285675,0.323196,0.391128
1035,OK,,180.0,576.93135,33.4620183,139.444444,123.6,2473.735036,54.5406812,4.23960093,0.228806506,0.001227826,0.047127099,83.6,1.6722,0.048354925,0.285675,0.323196,0.391128
1036,OK,,180.0,576.93135,33.4620183,140.555556,123.6,2493.446088,54.9752683,4.03298437,0.24725532,0.001324534,0.044787033,83.6,1.6722,0.046111567,0.285675,0.323196,0.391128
1037,OK,,180.0,576.93135,33.4620183,141.666667,123.6,2513.157123,55.4098554,3.82150562,0.267969975,0.001433003,0.042400097,83.6,1.6722,0.0438331,0.285675,0.323196,0.391128
1038,OK,,180.0,576.93135,33.4620183,142.777778,123.6,2532.868157,55.8444425,3.6140345,0.287942408,0.001537088,0.040058936,83.6,1.6722,0.041596024,0.285675,0.323196,0.391128
1039,OK,,180.0,576.93135,33.4620183,143.888889,123.6,2552.579191,56.2790296,3.41017524,0.312657481,0.001666015,0.037759633,83.6,1.6722,0.039425647,0.285675,0.323196,0.391128
1040,OK,,180.0,576.93135,33.4620183,145.0,123.6,2572.290225,56.7136167,3.20800322,0.339938304,0.001808071,0.035482361,83.6,1.6722,0.037290432,0.285675,0.323196,0.391128
1041,OK,,180.0,582.0404931,33.7583486,135.0,123.6,2394.890899,52.8023328,5.145898,0.167525543,0.000903503,0.057297741,83.6,1.6722,0.058201244,0.285675,0.323196,0.391128
1042,OK,,180.0,582.0404931,33.7583486,136.111111,123.6,2414.601934,53.2369199,4.93144574,0.180300181,0.00097083,0.054866691,83.6,1.6722,0.055837521,0.285675,0.323196,0.391128
1043,OK,,180.0,582.0404931,33.7583486,137.222222,123.6,2434.312968,53.671507,4.72343634,0.194004244,0.001042895,0.052505203,83.6,1.6722,0.053548098,0.285675,0.323196,0.391128
1044,OK,,180.0,582.0404931,33.7583486,138.333333,123.6,2454.024002,54.1060941,4.50860427,0.209373666,0.001123649,0.050076573,83.6,1.6722,0.051200221,0.285675,0.323196,0.391128
1045,OK,,180.0,582.0404931,33.7583486,139.444444,123.6,2473.735036,54.5406812,4.29993729,0.225939744,0.0012105,0.047715143,83.6,1.6722,0.048925642,0.285675,0.323196,0.391128
1046,OK,,180.0,582.0404931,33.7583486,140.555556,123.6,2493.446088,54.9752683,4.09339408,0.244029392,0.001305168,0.04537945,83.6,1.6722,0.046684618,0.285675,0.323196,0.391128
1047,OK,,180.0,582.0404931,33.7583486,141.666667,123.6,2513.157123,55.4098554,3.8855855,0.264067173,0.00140988,0.043034434,83.6,1.6722,0.044444314,0.285675,0.323196,0.391128
1048,OK,,180.0,582.0404931,33.7583486,142.777778,123.6,2532.868157,55.8444425,3.67635268,0.283676264,0.001511915,0.040678517,83.6,1.6722,0.042190432,0.285675,0.323196,0.391128
1049,OK,,180.0,582.0404931,33.7583486,143.888889,123.6,2552.579191,56.2790296,3.46614432,0.308391713,0.001640713,0.03831619,83.6,1.6722,0.039956903,0.285675,0.323196,0.391128
1050,OK,,180.0,582.0404931,33.7583486,145.0,123.6,2572.290225,56.7136167,3.26867088,0.33461684,0.001776981,0.036091476,83.6,1.6722,0.037868457,0.285675,0.323196,0.391128
1051,OK,,180.0,587.1496362,34.0546789,135.0,123.6,2394.890899,52.8023328,5.20927768,0.165640329,0.000891873,0.05789928,83.6,1.6722,0.058791153,0.285675,0.323196,0.391128
1052,OK,,180.0,587.1496362,34.0546789,136.111111,123.6,2414.601934,53.2369199,4.99655719,0.178125338,0.000957551,0.055489942,83.6,1.6722,0.056447492,0.285675,0.323196,0.391128
1053,OK,,180.0,587.1496362,34.0546789,137.222222,123.6,2434.312968,53.671507,4.7845125,0.191755266,0.001029135,0.053090738,83.6,1.6722,0.054119874,0.285675,0.323196,0.391128
1054,OK,,180.0,587.1496362,34.0546789,138.333333,123.6,2454.024002,54.1060941,4.57142949,0.206765071,0.001107855,0.050684077,83.6,1.6722,0.051791932,0.285675,0.323196,0.391128
1055,OK,,180.0,587.1496362,34.0546789,139.444444,123.6,2473.735036,54.5406812,4.36370021,0.222957245,0.001192595,0.04833611,83.6,1.6722,0.049528705,0.285675,0.323196,0.391128
1056,OK,,180.0,587.1496362,34.0546789,140.555556,123.6,2493.446088,54.9752683,4.15251348,0.240966642,0.001286731,0.045955972,83.6,1.6722,0.047242703,0.285675,0.323196,0.391128
1057,OK,,180.0,587.1496362,34.0546789,141.666667,123.6,2513.157123,55.4098554,3.94900608,0.260320868,0.001387659,0.043659235,83.6,1.6722,0.045046894,0.285675,0.323196,0.391128
1058,OK,,180.0,587.1496362,34.0546789,142.777778,123.6,2532.868157,55.8444425,3.73699985,0.279661512,0.001488157,0.041278115,83.6,1.6722,0.042766273,0.285675,0.323196,0.391128
1059,OK,,180.0,587.1496362,34.0546789,143.888889,123.6,2552.579191,56.2790296,3.53096161,0.303475461,0.001612,0.038962956,83.6,1.6722,0.040574957,0.285675,0.323196,0.391128
1060,OK,,180.0,587.1496362,34.0546789,145.0,123.6,2572.290225,56.7136167,3.32970403,0.329421657,0.001746648,0.036701965,83.6,1.6722,0.038448613,0.285675,0.323196,0.391128
1061,OK,,180.0,592.2587793,34.3510092,135.0,123.6,2394.890899,52.8023328,5.26977742,0.1638945,0.000881038,0.058469582,83.6,1.6722,0.05935062,0.285675,0.323196,0.391128
1062,OK,,180.0,592.2587793,34.3510092,136.111111,123.6,2414.601934,53.2369199,5.05945572,0.176084694,0.000945042,0.056088771,83.6,1.6722,0.057033813,0.285675,0.323196,0.391128
1063,OK,,180.0,592.2587793,34.3510092,137.222222,123.6,2434.312968,53.671507,4.84476512,0.189601148,0.001015933,0.053666255,83.6,1.6722,0.054682188,0.285675,0.323196,0.391128
1064,OK,,180.0,592.2587793,34.3510092,138.333333,123.6,2454.024002,54.1060941,4.6326054,0.204295766,0.001092864,0.051272949,83.6,1.6722,0.052365813,0.285675,0.323196,0.391128
1065,OK,,180.0,592.2587793,34.3510092,139.444444,123.6,2473.735036,54.5406812,4.42769145,0.220034689,0.001175071,0.048957666,83.6,1.6722,0.050132737,0.285675,0.323196,0.391128
1066,OK,,180.0,592.2587793,34.3510092,140.555556,123.6,2493.446088,54.9752683,4.21562108,0.237736284,0.001267453,0.046572213,83.6,1.6722,0.047839666,0.285675,0.323196,0.391128
1067,OK,,180.0,592.2587793,34.3510092,141.666667,123.6,2513.157123,55.4098554,4.00995715,0.256836906,0.001366915,0.044256618,83.6,1.6722,0.045623533,0.285675,0.323196,0.391128
1068,OK,,180.0,592.2587793,34.3510092,142.777778,123.6,2532.868157,55.8444425,3.7994284,0.275616978,0.001464315,0.041894528,83.6,1.6722,0.043358843,0.285675,0.323196,0.391128
1069,OK,,180.0,592.2587793,34.3510092,143.888889,123.6,2552.579191,56.2790296,3.5919655,0.299022427,0.001585851,0.039568051,83.6,1.6722,0.041153901,0.285675,0.323196,0.391128
1070,OK,,180.0,592.2587793,34.3510092,145.0,123.6,2572.290225,56.7136167,3.39028314,0.324416969,0.001717424,0.037305937,83.6,1.6722,0.039023361,0.285675,0.323196,0.391128
1071,OK,,180.0,597.3679207,34.6473394,135.0,123.6,2394.890899,52.8023328,5.33747055,0.161936043,0.00086908,0.059111113,83.6,1.6722,0.059980193,0.285675,0.323196,0.391128
1072,OK,,180.0,597.3679207,34.6473394,136.111111,123.6,2414.601934,53.2369199,5.12090944,0.174145573,0.00093312,0.056670571,83.6,1.6722,0.057603691,0.285675,0.323196,0.391128
1073,OK,,180.0,597.3679207,34.6473394,137.222222,123.6,2434.312968,53.671507,4.90786925,0.187364456,0.001002324,0.054268884,83.6,1.6722,0.055271208,0.285675,0.323196,0.391128
1074,OK,,180.0,597.3679207,34.6473394,138.333333,123.6,2454.024002,54.1060941,4.69823042,0.201672227,0.001077085,0.051905272,83.6,1.6722,0.052982357,0.285675,0.323196,0.391128
1075,OK,,180.0,597.3679207,34.6473394,139.444444,123.6,2473.735036,54.5406812,4.48606869,0.217480275,0.001159577,0.049519106,83.6,1.6722,0.050678684,0.285675,0.323196,0.391128
1076,OK,,180.0,597.3679207,34.6473394,140.555556,123.6,2493.446088,54.9752683,4.2777154,0.23464755,0.00124899,0.047175641,83.6,1.6722,0.048424631,0.285675,0.323196,0.391128
1077,OK,,180.0,597.3679207,34.6473394,141.666667,123.6,2513.157123,55.4098554,4.0710338,0.253435003,0.001346671,0.044853114,83.6,1.6722,0.046199784,0.285675,0.323196,0.391128
1078,OK,,180.0,597.3679207,34.6473394,142.777778,123.6,2532.868157,55.8444425,3.85995485,0.271822535,0.001441877,0.04248895,83.6,1.6722,0.043930828,0.285675,0.323196,0.391128
1079,OK,,180.0,597.3679207,34.6473394,143.888889,123.6,2552.579191,56.2790296,3.65102607,0.29485321,0.001561288,0.040150749,83.6,1.6722,0.041712038,0.285675,0.323196,0.391128
1080,OK,,180.0,597.3679207,34.6473394,145.0,123.6,2572.290225,56.7136167,3.44463424,0.320132527,0.001692114,0.037842879,83.6,1.6722,0.039534992,0.285675,0.323196,0.391128
1081,OK,,180.0,602.4770638,34.9436697,135.0,123.6,2394.890899,52.8023328,5.39694117,0.160302593,0.000858918,0.059666563,83.6,1.6722,0.060525481,0.285675,0.323196,0.391128
1082,OK,,180.0,602.4770638,34.9436697,136.111111,123.6,2414.601934,53.2369199,5.18510647,0.172146577,0.000920908,0.057278142,83.6,1.6722,0.05819905,0.285675,0.323196,0.391128
1083,OK,,180.0,602.4770638,34.9436697,137.222222,123.6,2434.312968,53.671507,4.97420824,0.185044112,0.000988302,0.054902175,83.6,1.6722,0.055890477,0.285675,0.323196,0.391128
1084,OK,,180.0,602.4770638,34.9436697,138.333333,123.6,2454.024002,54.1060941,4.76057904,0.199261332,0.001062496,0.052501647,83.6,1.6722,0.053564143,0.285675,0.323196,0.391128
1085,OK,,180.0,602.4770638,34.9436697,139.444444,123.6,2473.735036,54.5406812,4.54904806,0.214748479,0.001143176,0.050125736,83.6,1.6722,0.051268912,0.285675,0.323196,0.391128
1086,OK,,180.0,602.4770638,34.9436697,140.555556,123.6,2493.446088,54.9752683,4.33850876,0.231711579,0.001231398,0.047763454,83.6,1.6722,0.048994853,0.285675,0.323196,0.391128
1087,OK,,180.0,602.4770638,34.9436697,141.666667,123.6,2513.157123,55.4098554,4.13147951,0.250161222,0.001327169,0.045440924,83.6,1.6722,0.046768093,0.285675,0.323196,0.391128
1088,OK,,180.0,602.4770638,34.9436697,142.777778,123.6,2532.868157,55.8444425,3.91854939,0.268266145,0.001420773,0.043061227,83.6,1.6722,0.044482,0.285675,0.323196,0.391128
1089,OK,,180.0,602.4770638,34.9436697,143.888889,123.6,2552.579191,56.2790296,3.71691174,0.290249662,0.001534484,0.040802089,83.6,1.6722,0.042336573,0.285675,0.323196,0.391128
1090,OK,,180.0,602.4770638,34.9436697,145.0,123.6,2572.290225,56.7136167,3.51004691,0.314961199,0.001662164,0.038492878,83.6,1.6722,0.040155042,0.285675,0.323196,0.391128
1091,OK,,180.0,607.5862069,35.24,135.0,123.6,2394.890899,52.8023328,5.45810401,0.158644347,0.000848654,0.060237509,83.6,1.6722,0.061086163,0.285675,0.323196,0.391128
1092,OK,,180.0,607.5862069,35.24,136.111111,123.6,2414.601934,53.2369199,5.24644167,0.170294938,0.00090953,0.057854637,83.6,1.6722,0.058764167,0.285675,0.323196,0.391128
1093,OK,,180.0,607.5862069,35.24,137.222222,123.6,2434.312968,53.671507,5.03428339,0.183032654,0.000975988,0.05546965,83.6,1.6722,0.056445638,0.285675,0.323196,0.391128
1094,OK,,180.0,607.5862069,35.24,138.333333,123.6,2454.024002,54.1060941,4.82414032,0.196848742,0.001047944,0.053108478,83.6,1.6722,0.054156422,0.285675,0.323196,0.391128
1095,OK,,180.0,607.5862069,35.24,139.444444,123.6,2473.735036,54.5406812,4.61619044,0.211871472,0.001126045,0.050773038,83.6,1.6722,0.051899084,0.285675,0.323196,0.391128
1096,OK,,180.0,607.5862069,35.24,140.555556,123.6,2493.446088,54.9752683,4.40257897,0.228661077,0.001213248,0.048383084,83.6,1.6722,0.049596332,0.285675,0.323196,0.391128
1097,OK,,180.0,607.5862069,35.24,141.666667,123.6,2513.157123,55.4098554,4.19409579,0.246829957,0.001307419,0.046049194,83.6,1.6722,0.047356614,0.285675,0.323196,0.391128
1098,OK,,180.0,607.5862069,35.24,142.777778,123.6,2532.868157,55.8444425,3.9868351,0.264122092,0.001396603,0.043731715,83.6,1.6722,0.045128318,0.285675,0.323196,0.391128
1099,OK,,180.0,607.5862069,35.24,143.888889,123.6,2552.579191,56.2790296,3.77684899,0.286240594,0.00151092,0.041389798,83.6,1.6722,0.042900718,0.285675,0.323196,0.391128
1100,OK,,180.0,607.5862069,35.24,145.0,123.6,2572.290225,56.7136167,3.56303495,0.311032465,0.001638895,0.03901202,83.6,1.6722,0.040650914,0.285675,0.323196,0.391128
1101,OK,,185.0,50.68965517,2.94,135.0,123.6,2394.890899,52.8023328,0.01955624,2.86320862,0.0183172,0.000258913,83.6,1.6722,0.018576113,0.285675,0.323196,0.391128
1102,OK,,185.0,50.68965517,2.94,136.111111,123.6,2414.601934,53.2369199,0.013852336,3.28237449,0.020916984,0.000182397,83.6,1.6722,0.021099381,0.285675,0.323196,0.391128
1103,OK,,185.0,50.68965517,2.94,137.222222,123.6,2434.312968,53.671507,0.009964911,3.71677594,0.023591426,0.00013049,83.6,1.6722,0.023721916,0.285675,0.323196,0.391128
1104,OK,,185.0,50.68965517,2.94,138.333333,123.6,2454.024002,54.1060941,0.007176824,4.17990968,0.026422942,9.35e-05,83.6,1.6722,0.026516399,0.285675,0.323196,0.391128
1105,OK,,185.0,50.68965517,2.94,139.444444,123.6,2473.735036,54.5406812,0.005419991,4.61281112,0.02904337,7.02e-05,83.6,1.6722,0.029113563,0.285675,0.323196,0.391128
1106,OK,,185.0,50.68965517,2.94,140.555556,123.6,2493.446088,54.9752683,0.004237845,5.03333106,0.031565224,5.46e-05,83.6,1.6722,0.031619807,0.285675,0.323196,0.391128
1107,OK,,185.0,50.68965517,2.94,141.666667,123.6,2513.157123,55.4098554,0.003232739,5.47849083,0.034217364,4.14e-05,83.6,1.6722,0.034258772,0.285675,0.323196,0.391128
1108,OK,,185.0,50.68965517,2.94,142.777778,123.6,2532.868157,55.8444425,0.002609133,5.9210968,0.036831296,3.32e-05,83.6,1.6722,0.036864532,0.285675,0.323196,0.391128
1109,OK,,185.0,50.68965517,2.94,143.888889,123.6,2552.579191,56.2790296,0.002097376,6.36013189,0.039401124,2.66e-05,83.6,1.6722,0.039427694,0.285675,0.323196,0.391128
1110,OK,,185.0,50.68965517,2.94,145.0,123.6,2572.290225,56.7136167,0.0,6.79680916,0.04193398,0.0,83.6,1.6722,0.04193398,0.285675,0.323196,0.391128
1111,OK,,185.0,55.79879793,3.23633028,135.0,123.6,2394.890899,52.8023328,0.021119225,2.79171412,0.017832902,0.000279365,83.6,1.6722,0.018112267,0.285675,0.323196,0.391128
1112,OK,,185.0,55.79879793,3.23633028,136.111111,123.6,2414.601934,53.2369199,0.014815887,3.21321783,0.020445514,0.000194919,83.6,1.6722,0.020640433,0.285675,0.323196,0.391128
1113,OK,,185.0,55.79879793,3.23633028,137.222222,123.6,2434.312968,53.671507,0.010644335,3.64265326,0.023086796,0.000139271,83.6,1.6722,0.023226067,0.285675,0.323196,0.391128
1114,OK,,185.0,55.79879793,3.23633028,138.333333,123.6,2454.024002,54.1060941,0.007688057,4.09763926,0.025865818,0.000100036,83.6,1.6722,0.025965854,0.285675,0.323196,0.391128
1115,OK,,185.0,55.79879793,3.23633028,139.444444,123.6,2473.735036,54.5406812,0.005915457,4.5169123,0.028400077,7.65e-05,83.6,1.6722,0.028476626,0.285675,0.323196,0.391128
1116,OK,,185.0,55.79879793,3.23633028,140.555556,123.6,2493.446088,54.9752683,0.004492926,4.95526855,0.031031174,5.78e-05,83.6,1.6722,0.031088995,0.285675,0.323196,0.391128
1117,OK,,185.0,55.79879793,3.23633028,141.666667,123.6,2513.157123,55.4098554,0.003462582,5.41035834,0.033742766,4.43e-05,83.6,1.6722,0.033787081,0.285675,0.323196,0.391128
1118,OK,,185.0,55.79879793,3.23633028,142.777778,123.6,2532.868157,55.8444425,0.002756216,5.84222662,0.036289554,3.51e-05,83.6,1.6722,0.036324636,0.285675,0.323196,0.391128
1119,OK,,185.0,55.79879793,3.23633028,143.888889,123.6,2552.579191,56.2790296,0.002230717,6.28150273,0.038859612,2.82e-05,83.6,1.6722,0.03888785,0.285675,0.323196,0.391128
1120,OK,,185.0,55.79879793,3.23633028,145.0,123.6,2572.290225,56.7136167,0.001745095,6.76016691,0.041633819,2.2e-05,83.6,1.6722,0.041655774,0.285675,0.323196,0.391128
1121,OK,,185.0,60.90794052,3.53266055,135.0,123.6,2394.890899,52.8023328,0.022783819,2.70437763,0.017249781,0.00030113,83.6,1.6722,0.017550911,0.285675,0.323196,0.391128
1122,OK,,185.0,60.90794052,3.53266055,136.111111,123.6,2414.601934,53.2369199,0.016107556,3.13112924,0.01989402,0.000211735,83.6,1.6722,0.020105755,0.285675,0.323196,0.391128
1123,OK,,185.0,60.90794052,3.53266055,137.222222,123.6,2434.312968,53.671507,0.011435281,3.56187222,0.022541886,0.000149497,83.6,1.6722,0.022691383,0.285675,0.323196,0.391128
1124,OK,,185.0,60.90794052,3.53266055,138.333333,123.6,2454.024002,54.1060941,0.0083728,3.99718798,0.025196244,0.000108855,83.6,1.6722,0.025305099,0.285675,0.323196,0.391128
1125,OK,,185.0,60.90794052,3.53266055,139.444444,123.6,2473.735036,54.5406812,0.006226562,4.44225563,0.027890108,8.05e-05,83.6,1.6722,0.027970618,0.285675,0.323196,0.391128
1126,OK,,185.0,60.90794052,3.53266055,140.555556,123.6,2493.446088,54.9752683,0.00466867,4.90542716,0.030672441,6e-05,83.6,1.6722,0.030732474,0.285675,0.323196,0.391128
1127,OK,,185.0,60.90794052,3.53266055,141.666667,123.6,2513.157123,55.4098554,0.003596842,5.31977118,0.033131983,4.6e-05,83.6,1.6722,0.033177982,0.285675,0.323196,0.391128
1128,OK,,185.0,60.90794052,3.53266055,142.777778,123.6,2532.868157,55.8444425,0.002881741,5.7524499,0.03568182,3.66e-05,83.6,1.6722,0.035718469,0.285675,0.323196,0.391128
1129,OK,,185.0,60.90794052,3.53266055,143.888889,123.6,2552.579191,56.2790296,0.00232249,6.20998524,0.038362619,2.94e-05,83.6,1.6722,0.038391996,0.285675,0.323196,0.391128
1130,OK,,185.0,60.90794052,3.53266055,145.0,123.6,2572.290225,56.7136167,0.001880049,6.65038457,0.040916104,2.37e-05,83.6,1.6722,0.040939755,0.285675,0.323196,0.391128
1131,OK,,185.0,66.01708328,3.82899083,135.0,123.6,2394.890899,52.8023328,0.024917401,2.61656199,0.016664787,0.000329024,83.6,1.6722,0.016993811,0.285675,0.323196,0.391128
1132,OK,,185.0,66.01708328,3.82899083,136.111111,123.6,2414.601934,53.2369199,0.017311597,3.05995387,0.019412716,0.000227369,83.6,1.6722,0.019640085,0.285675,0.323196,0.391128
1133,OK,,185.0,66.01708328,3.82899083,137.222222,123.6,2434.312968,53.671507,0.012190241,3.49261783,0.022070713,0.000159234,83.6,1.6722,0.022229947,0.285675,0.323196,0.391128
1134,OK,,185.0,66.01708328,3.82899083,138.333333,123.6,2454.024002,54.1060941,0.008654252,3.95890037,0.024909383,0.000112351,83.6,1.6722,0.025021734,0.285675,0.323196,0.391128
1135,Errors,,185.0,66.01708328,3.82899083,139.444444,123.6,2473.735036,54.5406812,0.024190778,3.38757823,0.020883052,0.000313646,83.6,1.6722,0.021196698,0.285675,0.323196,0.391128
1136,OK,,185.0,66.01708328,3.82899083,140.555556,123.6,2493.446088,54.9752683,0.005078927,4.79605605,0.029948528,6.53e-05,83.6,1.6722,0.030013788,0.285675,0.323196,0.391128
1137,OK,,185.0,66.01708328,3.82899083,141.666667,123.6,2513.157123,55.4098554,0.003967729,5.22394012,0.032490714,5.07e-05,83.6,1.6722,0.032541417,0.285675,0.323196,0.391128
1138,OK,,185.0,66.01708328,3.82899083,142.777778,123.6,2532.868157,55.8444425,0.003044078,5.72116526,0.035424267,3.87e-05,83.6,1.6722,0.035462929,0.285675,0.323196,0.391128
1139,OK,,185.0,66.01708328,3.82899083,143.888889,123.6,2552.579191,56.2790296,0.0024512,6.13017522,0.037816911,3.1e-05,83.6,1.6722,0.037847892,0.285675,0.323196,0.391128
1140,OK,,185.0,66.01708328,3.82899083,145.0,123.6,2572.290225,56.7136167,0.001963274,6.59232123,0.040490004,2.47e-05,83.6,1.6722,0.040514668,0.285675,0.323196,0.391128
1141,OK,,185.0,71.12622586,4.1253211,135.0,123.6,2394.890899,52.8023328,0.026476804,2.56849886,0.01633347,0.00034933,83.6,1.6722,0.016682801,0.285675,0.323196,0.391128
1142,OK,,185.0,71.12622586,4.1253211,136.111111,123.6,2414.601934,53.2369199,0.018631409,2.98854871,0.0189314,0.000244495,83.6,1.6722,0.019175895,0.285675,0.323196,0.391128
1143,OK,,185.0,71.12622586,4.1253211,137.222222,123.6,2434.312968,53.671507,0.013108673,3.4150436,0.021548892,0.000171089,83.6,1.6722,0.02171998,0.285675,0.323196,0.391128
1144,OK,,185.0,71.12622586,4.1253211,138.333333,123.6,2454.024002,54.1060941,0.009473763,3.85551641,0.024231857,0.000122969,83.6,1.6722,0.024354826,0.285675,0.323196,0.391128
1145,OK,,185.0,71.12622586,4.1253211,139.444444,123.6,2473.735036,54.5406812,0.007269516,4.28562018,0.026829208,9.38e-05,83.6,1.6722,0.026923053,0.285675,0.323196,0.391128
1146,OK,,185.0,71.12622586,4.1253211,140.555556,123.6,2493.446088,54.9752683,0.005335536,4.73371085,0.029514481,6.85e-05,83.6,1.6722,0.029582976,0.285675,0.323196,0.391128
1147,OK,,185.0,71.12622586,4.1253211,141.666667,123.6,2513.157123,55.4098554,0.004158484,5.16122119,0.032053549,5.31e-05,83.6,1.6722,0.032106646,0.285675,0.323196,0.391128
1148,OK,,185.0,71.12622586,4.1253211,142.777778,123.6,2532.868157,55.8444425,0.003349781,5.60326988,0.034658859,4.25e-05,83.6,1.6722,0.034701397,0.285675,0.323196,0.391128
1149,OK,,185.0,71.12622586,4.1253211,143.888889,123.6,2552.579191,56.2790296,0.002525709,6.05214804,0.037283367,3.19e-05,83.6,1.6722,0.037315264,0.285675,0.323196,0.391128
1150,OK,,185.0,71.12622586,4.1253211,145.0,123.6,2572.290225,56.7136167,0.002080816,6.49721524,0.03986252,2.61e-05,83.6,1.6722,0.039888655,0.285675,0.323196,0.391128
1151,OK,,185.0,76.23536862,4.42165138,135.0,123.6,2394.890899,52.8023328,0.029922936,2.48188623,0.015759525,0.000394451,83.6,1.6722,0.016153976,0.285675,0.323196,0.391128
1152,OK,,185.0,76.23536862,4.42165138,136.111111,123.6,2414.601934,53.2369199,0.020232487,2.89352561,0.018303311,0.000265286,83.6,1.6722,0.018568596,0.285675,0.323196,0.391128
1153,OK,,185.0,76.23536862,4.42165138,137.222222,123.6,2434.312968,53.671507,0.014302174,3.32216115,0.020933018,0.000186513,83.6,1.6722,0.021119531,0.285675,0.323196,0.391128
1154,OK,,185.0,76.23536862,4.42165138,138.333333,123.6,2454.024002,54.1060941,0.010313536,3.75487539,0.023566866,0.000133766,83.6,1.6722,0.023700631,0.285675,0.323196,0.391128
1155,OK,,185.0,76.23536862,4.42165138,139.444444,123.6,2473.735036,54.5406812,0.007641578,4.19266101,0.026210591,9.86e-05,83.6,1.6722,0.026309161,0.285675,0.323196,0.391128
1156,OK,,185.0,76.23536862,4.42165138,140.555556,123.6,2493.446088,54.9752683,0.005687734,4.64781517,0.02893919,7.3e-05,83.6,1.6722,0.029012154,0.285675,0.323196,0.391128
1157,OK,,185.0,76.23536862,4.42165138,141.666667,123.6,2513.157123,55.4098554,0.004257868,5.12981091,0.031790855,5.42e-05,83.6,1.6722,0.031845105,0.285675,0.323196,0.391128
1158,OK,,185.0,76.23536862,4.42165138,142.777778,123.6,2532.868157,55.8444425,0.003472716,5.51451029,0.034062904,4.41e-05,83.6,1.6722,0.034106969,0.285675,0.323196,0.391128
1159,OK,,185.0,76.23536862,4.42165138,143.888889,123.6,2552.579191,56.2790296,0.00279912,5.93489011,0.036514417,3.53e-05,83.6,1.6722,0.036549742,0.285675,0.323196,0.391128
1160,OK,,185.0,76.23536862,4.42165138,145.0,123.6,2572.290225,56.7136167,0.002260384,6.4189913,0.03931862,2.84e-05,83.6,1.6722,0.039346974,0.285675,0.323196,0.391128
1161,OK,,185.0,81.34451121,4.71798165,135.0,123.6,2394.890899,52.8023328,0.034204772,2.35622562,0.014941388,0.000450515,83.6,1.6722,0.015391903,0.285675,0.323196,0.391128
1162,OK,,185.0,81.34451121,4.71798165,136.111111,123.6,2414.601934,53.2369199,0.022028413,2.80374188,0.017709824,0.000288592,83.6,1.6722,0.017998415,0.285675,0.323196,0.391128
1163,OK,,185.0,81.34451121,4.71798165,137.222222,123.6,2434.312968,53.671507,0.016146262,3.19837455,0.020126192,0.000210396,83.6,1.6722,0.020336588,0.285675,0.323196,0.391128
1164,OK,,185.0,81.34451121,4.71798165,138.333333,123.6,2454.024002,54.1060941,0.011287878,3.65657846,0.022917965,0.000146286,83.6,1.6722,0.023064252,0.285675,0.323196,0.391128
1165,OK,,185.0,81.34451121,4.71798165,139.444444,123.6,2473.735036,54.5406812,0.008501712,4.06385858,0.025372586,0.000109583,83.6,1.6722,0.025482169,0.285675,0.323196,0.391128
1166,OK,,185.0,81.34451121,4.71798165,140.555556,123.6,2493.446088,54.9752683,0.006307156,4.5184952,0.028098106,8.09e-05,83.6,1.6722,0.028178957,0.285675,0.323196,0.391128
1167,OK,,185.0,81.34451121,4.71798165,141.666667,123.6,2513.157123,55.4098554,0.004888909,4.94304914,0.030617318,6.23e-05,83.6,1.6722,0.030679648,0.285675,0.323196,0.391128
1168,OK,,185.0,81.34451121,4.71798165,142.777778,123.6,2532.868157,55.8444425,0.003885767,5.37605155,0.033167084,4.93e-05,83.6,1.6722,0.033216356,0.285675,0.323196,0.391128
1169,OK,,185.0,81.34451121,4.71798165,143.888889,123.6,2552.579191,56.2790296,0.003031522,5.81858437,0.035753094,3.82e-05,83.6,1.6722,0.035791325,0.285675,0.323196,0.391128
1170,OK,,185.0,81.34451121,4.71798165,145.0,123.6,2572.290225,56.7136167,0.00240998,6.2739579,0.038394265,3.02e-05,83.6,1.6722,0.038424491,0.285675,0.323196,0.391128
1171,OK,,185.0,86.45365397,5.01431193,135.0,123.6,2394.890899,52.8023328,0.038241198,2.28220424,0.014450309,0.000503223,83.6,1.6722,0.014953532,0.285675,0.323196,0.391128
1172,OK,,185.0,86.45365397,5.01431193,136.111111,123.6,2414.601934,53.2369199,0.025696461,2.65009102,0.016718128,0.000336381,83.6,1.6722,0.017054509,0.285675,0.323196,0.391128
1173,OK,,185.0,86.45365397,5.01431193,137.222222,123.6,2434.312968,53.671507,0.018311073,3.07161912,0.019302946,0.000238417,83.6,1.6722,0.019541363,0.285675,0.323196,0.391128
1174,OK,,185.0,86.45365397,5.01431193,138.333333,123.6,2454.024002,54.1060941,0.012828928,3.5123152,0.021986021,0.000166133,83.6,1.6722,0.022152154,0.285675,0.323196,0.391128
1175,OK,,185.0,86.45365397,5.01431193,139.444444,123.6,2473.735036,54.5406812,0.009522642,3.93427069,0.024531808,0.00012265,83.6,1.6722,0.024654458,0.285675,0.323196,0.391128
1176,OK,,185.0,86.45365397,5.01431193,140.555556,123.6,2493.446088,54.9752683,0.006991605,4.38636233,0.027241817,8.96e-05,83.6,1.6722,0.027331376,0.285675,0.323196,0.391128
1177,OK,,185.0,86.45365397,5.01431193,141.666667,123.6,2513.157123,55.4098554,0.005384957,4.81655217,0.02979527,6.86e-05,83.6,1.6722,0.029863873,0.285675,0.323196,0.391128
1178,OK,,185.0,86.45365397,5.01431193,142.777778,123.6,2532.868157,55.8444425,0.004168374,5.2600983,0.032409755,5.28e-05,83.6,1.6722,0.032462572,0.285675,0.323196,0.391128
1179,OK,,185.0,86.45365397,5.01431193,143.888889,123.6,2552.579191,56.2790296,0.00327737,5.7056215,0.035013746,4.13e-05,83.6,1.6722,0.035055047,0.285675,0.323196,0.391128
1180,OK,,185.0,86.45365397,5.01431193,145.0,123.6,2572.290225,56.7136167,0.002738311,6.18709331,0.037797727,3.43e-05,83.6,1.6722,0.037832017,0.285675,0.323196,0.391128
1181,OK,,185.0,91.56279655,5.3106422,135.0,123.6,2394.890899,52.8023328,0.046806412,2.13660376,0.013510736,0.000615384,83.6,1.6722,0.014126121,0.285675,0.323196,0.391128
1182,OK,,185.0,91.56279655,5.3106422,136.111111,123.6,2414.601934,53.2369199,0.030063224,2.53165792,0.015949211,0.000393212,83.6,1.6722,0.016342422,0.285675,0.323196,0.391128
1183,OK,,185.0,91.56279655,5.3106422,137.222222,123.6,2434.312968,53.671507,0.02036764,2.9502,0.018515061,0.000264984,83.6,1.6722,0.018780045,0.285675,0.323196,0.391128
1184,OK,,185.0,91.56279655,5.3106422,138.333333,123.6,2454.024002,54.1060941,0.01429834,3.39382506,0.021212065,0.00018494,83.6,1.6722,0.021397005,0.285675,0.323196,0.391128
1185,OK,,185.0,91.56279655,5.3106422,139.444444,123.6,2473.735036,54.5406812,0.010445017,3.82289521,0.023805298,0.000134425,83.6,1.6722,0.023939723,0.285675,0.323196,0.391128
1186,OK,,185.0,91.56279655,5.3106422,140.555556,123.6,2493.446088,54.9752683,0.007776492,4.25285219,0.026379203,9.95e-05,83.6,1.6722,0.026478744,0.285675,0.323196,0.391128
1187,OK,,185.0,91.56279655,5.3106422,141.666667,123.6,2513.157123,55.4098554,0.005967877,4.6809479,0.028920897,7.6e-05,83.6,1.6722,0.028996873,0.285675,0.323196,0.391128
1188,OK,,185.0,91.56279655,5.3106422,142.777778,123.6,2532.868157,55.8444425,0.004593011,5.12942755,0.031565115,5.82e-05,83.6,1.6722,0.03162327,0.285675,0.323196,0.391128
1189,OK,,185.0,91.56279655,5.3106422,143.888889,123.6,2552.579191,56.2790296,0.003674742,5.54370566,0.033981304,4.63e-05,83.6,1.6722,0.034027582,0.285675,0.323196,0.391128
1190,OK,,185.0,91.56279655,5.3106422,145.0,123.6,2572.290225,56.7136167,0.00287764,6.00705847,0.036672017,3.6e-05,83.6,1.6722,0.036708059,0.285675,0.323196,0.391128
1191,OK,,185.0,96.67193931,5.60697248,135.0,123.6,2394.890899,52.8023328,0.057476545,1.99735529,0.012613664,0.000754976,83.6,1.6722,0.013368641,0.285675,0.323196,0.391128
1192,OK,,185.0,96.67193931,5.60697248,136.111111,123.6,2414.601934,53.2369199,0.033547108,2.418216,0.015212525,0.000438338,83.6,1.6722,0.015650863,0.285675,0.323196,0.391128
1193,OK,,185.0,96.67193931,5.60697248,137.222222,123.6,2434.312968,53.671507,0.023042608,2.82021092,0.017675884,0.000299545,83.6,1.6722,0.017975429,0.285675,0.323196,0.391128
1194,OK,,185.0,96.67193931,5.60697248,138.333333,123.6,2454.024002,54.1060941,0.016467365,3.24725154,0.020274077,0.000212923,83.6,1.6722,0.020487,0.285675,0.323196,0.391128
1195,OK,,185.0,96.67193931,5.60697248,139.444444,123.6,2473.735036,54.5406812,0.011341896,3.7287063,0.023186364,0.000145852,83.6,1.6722,0.023332217,0.285675,0.323196,0.391128
1196,OK,,185.0,96.67193931,5.60697248,140.555556,123.6,2493.446088,54.9752683,0.008680443,4.12265641,0.025538911,0.000111029,83.6,1.6722,0.02564994,0.285675,0.323196,0.391128
1197,OK,,185.0,96.67193931,5.60697248,141.666667,123.6,2513.157123,55.4098554,0.006541945,4.5630845,0.028155862,8.32e-05,83.6,1.6722,0.028239084,0.285675,0.323196,0.391128
1198,OK,,185.0,96.67193931,5.60697248,142.777778,123.6,2532.868157,55.8444425,0.005018062,5.00297989,0.030748091,6.35e-05,83.6,1.6722,0.030811583,0.285675,0.323196,0.391128
1199,OK,,185.0,96.67193931,5.60697248,143.888889,123.6,2552.579191,56.2790296,0.003999585,5.45808389,0.033410407,5.03e-05,83.6,1.6722,0.033460737,0.285675,0.323196,0.391128
1200,OK,,185.0,96.67193931,5.60697248,145.0,123.6,2572.290225,56.7136167,0.003120436,5.88760858,0.03589722,3.91e-05,83.6,1.6722,0.035936275,0.285675,0.323196,0.391128
1201,OK,,185.0,101.7810819,5.90330275,135.0,123.6,2394.890899,52.8023328,0.066515386,1.9059863,0.01201886,0.000872833,83.6,1.6722,0.012891693,0.285675,0.323196,0.391128
1202,OK,,185.0,101.7810819,5.90330275,136.111111,123.6,2414.601934,53.2369199,0.039994415,2.2995746,0.014447338,0.000522205,83.6,1.6722,0.014969543,0.285675,0.323196,0.391128
1203,OK,,185.0,101.7810819,5.90330275,137.222222,123.6,2434.312968,53.671507,0.025708201,2.70797892,0.016949243,0.000333925,83.6,1.6722,0.017283168,0.285675,0.323196,0.391128
1204,OK,,185.0,101.7810819,5.90330275,138.333333,123.6,2454.024002,54.1060941,0.018442358,3.13163221,0.019525903,0.000238271,83.6,1.6722,0.019764174,0.285675,0.323196,0.391128
1205,OK,,185.0,101.7810819,5.90330275,139.444444,123.6,2473.735036,54.5406812,0.013044192,3.56865112,0.022164349,0.000167623,83.6,1.6722,0.022331972,0.285675,0.323196,0.391128
1206,OK,,185.0,101.7810819,5.90330275,140.555556,123.6,2493.446088,54.9752683,0.009740796,3.99067563,0.024689856,0.0001245,83.6,1.6722,0.024814355,0.285675,0.323196,0.391128
1207,OK,,185.0,101.7810819,5.90330275,141.666667,123.6,2513.157123,55.4098554,0.007195273,4.44108814,0.027367784,9.15e-05,83.6,1.6722,0.027459251,0.285675,0.323196,0.391128
1208,OK,,185.0,101.7810819,5.90330275,142.777778,123.6,2532.868157,55.8444425,0.005569367,4.86747688,0.029878316,7.04e-05,83.6,1.6722,0.029948733,0.285675,0.323196,0.391128
1209,OK,,185.0,101.7810819,5.90330275,143.888889,123.6,2552.579191,56.2790296,0.004330127,5.30963446,0.032463229,5.45e-05,83.6,1.6722,0.032517681,0.285675,0.323196,0.391128
1210,OK,,185.0,101.7810819,5.90330275,145.0,123.6,2572.290225,56.7136167,0.003354802,5.78104523,0.035201609,4.2e-05,83.6,1.6722,0.035243567,0.285675,0.323196,0.391128
1211,OK,,185.0,106.8902247,6.19963303,135.0,123.6,2394.890899,52.8023328,0.078572322,1.80806546,0.011384912,0.001029991,83.6,1.6722,0.012414903,0.285675,0.323196,0.391128
1212,OK,,185.0,106.8902247,6.19963303,136.111111,123.6,2414.601934,53.2369199,0.046660866,2.18726155,0.013722681,0.000608704,83.6,1.6722,0.014331385,0.285675,0.323196,0.391128
1213,OK,,185.0,106.8902247,6.19963303,137.222222,123.6,2434.312968,53.671507,0.029947218,2.59113959,0.016195919,0.00038866,83.6,1.6722,0.016584578,0.285675,0.323196,0.391128
1214,OK,,185.0,106.8902247,6.19963303,138.333333,123.6,2454.024002,54.1060941,0.020384797,3.02598491,0.018841246,0.000263155,83.6,1.6722,0.019104401,0.285675,0.323196,0.391128
1215,OK,,185.0,106.8902247,6.19963303,139.444444,123.6,2473.735036,54.5406812,0.014693966,3.43746177,0.021322008,0.00018868,83.6,1.6722,0.021510687,0.285675,0.323196,0.391128
1216,OK,,185.0,106.8902247,6.19963303,140.555556,123.6,2493.446088,54.9752683,0.01077787,3.86627002,0.023889155,0.000137652,83.6,1.6722,0.024026806,0.285675,0.323196,0.391128
1217,OK,,185.0,106.8902247,6.19963303,141.666667,123.6,2513.157123,55.4098554,0.007377254,4.40914546,0.027104486,9.35e-05,83.6,1.6722,0.027197995,0.285675,0.323196,0.391128
1218,OK,,185.0,106.8902247,6.19963303,142.777778,123.6,2532.868157,55.8444425,0.006044644,4.75643744,0.029158436,7.64e-05,83.6,1.6722,0.029234805,0.285675,0.323196,0.391128
1219,OK,,185.0,106.8902247,6.19963303,143.888889,123.6,2552.579191,56.2790296,0.004616077,5.22153166,0.031879518,5.8e-05,83.6,1.6722,0.031937517,0.285675,0.323196,0.391128
1220,OK,,185.0,106.8902247,6.19963303,145.0,123.6,2572.290225,56.7136167,0.003791272,5.60463824,0.034090185,4.74e-05,83.6,1.6722,0.034137572,0.285675,0.323196,0.391128
1221,OK,,185.0,111.9993672,6.4959633,135.0,123.6,2394.890899,52.8023328,0.091187821,1.72361572,0.0108371,0.001194132,83.6,1.6722,0.012031231,0.285675,0.323196,0.391128
1222,OK,,185.0,111.9993672,6.4959633,136.111111,123.6,2414.601934,53.2369199,0.054911182,2.07375753,0.012992537,0.000715671,83.6,1.6722,0.013708208,0.285675,0.323196,0.391128
1223,OK,,185.0,111.9993672,6.4959633,137.222222,123.6,2434.312968,53.671507,0.034500923,2.47318377,0.015437661,0.00044738,83.6,1.6722,0.015885042,0.285675,0.323196,0.391128
1224,OK,,185.0,111.9993672,6.4959633,138.333333,123.6,2454.024002,54.1060941,0.022401501,2.89940467,0.018029309,0.000288964,83.6,1.6722,0.018318272,0.285675,0.323196,0.391128
1225,OK,,185.0,111.9993672,6.4959633,139.444444,123.6,2473.735036,54.5406812,0.01656935,3.31123957,0.020512243,0.000212597,83.6,1.6722,0.020724839,0.285675,0.323196,0.391128
1226,OK,,185.0,111.9993672,6.4959633,140.555556,123.6,2493.446088,54.9752683,0.011914735,3.75007416,0.023140565,0.000152055,83.6,1.6722,0.02329262,0.285675,0.323196,0.391128
1227,OK,,185.0,111.9993672,6.4959633,141.666667,123.6,2513.157123,55.4098554,0.008781607,4.19324457,0.025768642,0.000111413,83.6,1.6722,0.025880054,0.285675,0.323196,0.391128
1228,OK,,185.0,111.9993672,6.4959633,142.777778,123.6,2532.868157,55.8444425,0.006715958,4.62529079,0.028318932,8.48e-05,83.6,1.6722,0.028403721,0.285675,0.323196,0.391128
1229,OK,,185.0,111.9993672,6.4959633,143.888889,123.6,2552.579191,56.2790296,0.005259957,5.0371359,0.030721682,6.61e-05,83.6,1.6722,0.030787733,0.285675,0.323196,0.391128
1230,OK,,185.0,111.9993672,6.4959633,145.0,123.6,2572.290225,56.7136167,0.004102887,5.49650978,0.033389243,5.12e-05,83.6,1.6722,0.033440487,0.285675,0.323196,0.391128
1231,OK,,185.0,117.10851,6.79229358,135.0,123.6,2394.890899,52.8023328,0.110122817,1.62061934,0.010174841,0.001440458,83.6,1.6722,0.0116153,0.285675,0.323196,0.391128
1232,OK,,185.0,117.10851,6.79229358,136.111111,123.6,2414.601934,53.2369199,0.065585635,1.9588699,0.012255733,0.00085397,83.6,1.6722,0.013109703,0.285675,0.323196,0.391128
1233,OK,,185.0,117.10851,6.79229358,137.222222,123.6,2434.312968,53.671507,0.034553101,2.44950118,0.015256963,0.000447095,83.6,1.6722,0.015704057,0.285675,0.323196,0.391128
1234,OK,,185.0,117.10851,6.79229358,138.333333,123.6,2454.024002,54.1060941,0.025989574,2.76658686,0.01718099,0.000334978,83.6,1.6722,0.017515968,0.285675,0.323196,0.391128
1235,OK,,185.0,117.10851,6.79229358,139.444444,123.6,2473.735036,54.5406812,0.018812524,3.17949354,0.019670619,0.000241189,83.6,1.6722,0.019911808,0.285675,0.323196,0.391128
1236,OK,,185.0,117.10851,6.79229358,140.555556,123.6,2493.446088,54.9752683,0.013277078,3.62424639,0.022335147,0.000169313,83.6,1.6722,0.02250446,0.285675,0.323196,0.391128
1237,OK,,185.0,117.10851,6.79229358,141.666667,123.6,2513.157123,55.4098554,0.009855116,4.05336086,0.024883294,0.000125003,83.6,1.6722,0.025008297,0.285675,0.323196,0.391128
1238,OK,,185.0,117.10851,6.79229358,142.777778,123.6,2532.868157,55.8444425,0.007433692,4.48921873,0.027451709,9.38e-05,83.6,1.6722,0.027545493,0.285675,0.323196,0.391128
1239,OK,,185.0,117.10851,6.79229358,143.888889,123.6,2552.579191,56.2790296,0.005732021,4.925884,0.030004138,7.19e-05,83.6,1.6722,0.030076066,0.285675,0.323196,0.391128
1240,OK,,185.0,117.10851,6.79229358,145.0,123.6,2572.290225,56.7136167,0.004448192,5.37579067,0.032614692,5.55e-05,83.6,1.6722,0.032670209,0.285675,0.323196,0.391128
1241,OK,,185.0,122.2176526,7.08862385,135.0,123.6,2394.890899,52.8023328,0.129954674,1.53375916,0.009615203,0.001697884,83.6,1.6722,0.011313088,0.285675,0.323196,0.391128
1242,OK,,185.0,122.2176526,7.08862385,136.111111,123.6,2414.601934,53.2369199,0.075410824,1.87361381,0.011705159,0.000980933,83.6,1.6722,0.012686092,0.285675,0.323196,0.391128
1243,OK,,185.0,122.2176526,7.08862385,137.222222,123.6,2434.312968,53.671507,0.046605068,2.2376312,0.01392936,0.000603284,83.6,1.6722,0.014532643,0.285675,0.323196,0.391128
1244,OK,,185.0,122.2176526,7.08862385,138.333333,123.6,2454.024002,54.1060941,0.030014574,2.64854146,0.016425774,0.000386536,83.6,1.6722,0.01681231,0.285675,0.323196,0.391128
1245,OK,,185.0,122.2176526,7.08862385,139.444444,123.6,2473.735036,54.5406812,0.021084339,3.06460431,0.018934447,0.000270104,83.6,1.6722,0.019204551,0.285675,0.323196,0.391128
1246,OK,,185.0,122.2176526,7.08862385,140.555556,123.6,2493.446088,54.9752683,0.014915469,3.49482812,0.021509863,0.000190063,83.6,1.6722,0.021699925,0.285675,0.323196,0.391128
1247,OK,,185.0,122.2176526,7.08862385,141.666667,123.6,2513.157123,55.4098554,0.010962376,3.92735991,0.024078828,0.000138944,83.6,1.6722,0.024217773,0.285675,0.323196,0.391128
1248,OK,,185.0,122.2176526,7.08862385,142.777778,123.6,2532.868157,55.8444425,0.008152366,4.37439315,0.026714673,0.000102774,83.6,1.6722,0.026817447,0.285675,0.323196,0.391128
1249,OK,,185.0,122.2176526,7.08862385,143.888889,123.6,2552.579191,56.2790296,0.006385925,4.78073455,0.029082168,8.01e-05,83.6,1.6722,0.02916223,0.285675,0.323196,0.391128
1250,OK,,185.0,122.2176526,7.08862385,145.0,123.6,2572.290225,56.7136167,0.004893817,5.24351585,0.031773161,6.1e-05,83.6,1.6722,0.031834197,0.285675,0.323196,0.391128
1251,OK,,185.0,127.3267953,7.38495413,135.0,123.6,2394.890899,52.8023328,0.139317586,1.49909151,0.009376198,0.001815321,83.6,1.6722,0.011191519,0.285675,0.323196,0.391128
1252,OK,,185.0,127.3267953,7.38495413,136.111111,123.6,2414.601934,53.2369199,0.090524315,1.76808504,0.011028497,0.001175851,83.6,1.6722,0.012204347,0.285675,0.323196,0.391128
1253,OK,,185.0,127.3267953,7.38495413,137.222222,123.6,2434.312968,53.671507,0.054325006,2.13015907,0.013241882,0.000702571,83.6,1.6722,0.013944454,0.285675,0.323196,0.391128
1254,OK,,185.0,127.3267953,7.38495413,138.333333,123.6,2454.024002,54.1060941,0.034525942,2.52662256,0.015648703,0.000444263,83.6,1.6722,0.016092967,0.285675,0.323196,0.391128
1255,OK,,185.0,127.3267953,7.38495413,139.444444,123.6,2473.735036,54.5406812,0.022886095,2.94376378,0.01816374,0.000292956,83.6,1.6722,0.018456696,0.285675,0.323196,0.391128
1256,OK,,185.0,127.3267953,7.38495413,140.555556,123.6,2493.446088,54.9752683,0.016662973,3.37698186,0.020757084,0.000212166,83.6,1.6722,0.020969249,0.285675,0.323196,0.391128
1257,OK,,185.0,127.3267953,7.38495413,141.666667,123.6,2513.157123,55.4098554,0.012235938,3.79815559,0.023256949,0.000154971,83.6,1.6722,0.02341192,0.285675,0.323196,0.391128
1258,OK,,185.0,127.3267953,7.38495413,142.777778,123.6,2532.868157,55.8444425,0.009160846,4.22751012,0.025786336,0.000115406,83.6,1.6722,0.025901741,0.285675,0.323196,0.391128
1259,OK,,185.0,127.3267953,7.38495413,143.888889,123.6,2552.579191,56.2790296,0.006989211,4.66579552,0.028349001,8.76e-05,83.6,1.6722,0.028436578,0.285675,0.323196,0.391128
1260,OK,,185.0,127.3267953,7.38495413,145.0,123.6,2572.290225,56.7136167,0.005430627,5.09319197,0.030825936,6.77e-05,83.6,1.6722,0.030893621,0.285675,0.323196,0.391128
1261,OK,,185.0,132.4359379,7.6812844,135.0,123.6,2394.890899,52.8023328,0.177567147,1.3763959,0.008602614,0.00231417,83.6,1.6722,0.010916784,0.285675,0.323196,0.391128
1262,OK,,185.0,132.4359379,7.6812844,136.111111,123.6,2414.601934,53.2369199,0.105448376,1.68310809,0.010484639,0.001368739,83.6,1.6722,0.011853378,0.285675,0.323196,0.391128
1263,OK,,185.0,132.4359379,7.6812844,137.222222,123.6,2434.312968,53.671507,0.063530574,2.02463887,0.012568331,0.000820851,83.6,1.6722,0.013389182,0.285675,0.323196,0.391128
1264,OK,,185.0,132.4359379,7.6812844,138.333333,123.6,2454.024002,54.1060941,0.038540086,2.41709813,0.014949856,0.0004955,83.6,1.6722,0.015445355,0.285675,0.323196,0.391128
1265,OK,,185.0,132.4359379,7.6812844,139.444444,123.6,2473.735036,54.5406812,0.026093204,2.82324329,0.017396983,0.000333741,83.6,1.6722,0.017730724,0.285675,0.323196,0.391128
1266,OK,,185.0,132.4359379,7.6812844,140.555556,123.6,2493.446088,54.9752683,0.018784909,3.25054372,0.019953995,0.000239,83.6,1.6722,0.020192995,0.285675,0.323196,0.391128
1267,OK,,185.0,132.4359379,7.6812844,141.666667,123.6,2513.157123,55.4098554,0.013566793,3.67642681,0.022482353,0.000171696,83.6,1.6722,0.022654049,0.285675,0.323196,0.391128
1268,OK,,185.0,132.4359379,7.6812844,142.777778,123.6,2532.868157,55.8444425,0.010136818,4.10456054,0.025004281,0.000127606,83.6,1.6722,0.025131887,0.285675,0.323196,0.391128
1269,OK,,185.0,132.4359379,7.6812844,143.888889,123.6,2552.579191,56.2790296,0.007621545,4.54630562,0.027587695,9.54e-05,83.6,1.6722,0.027683126,0.285675,0.323196,0.391128
1270,OK,,185.0,132.4359379,7.6812844,145.0,123.6,2572.290225,56.7136167,0.005890064,4.98707251,0.030144209,7.34e-05,83.6,1.6722,0.030217566,0.285675,0.323196,0.391128
1271,OK,,185.0,137.5450807,7.97761468,135.0,123.6,2394.890899,52.8023328,0.206048451,1.30365322,0.008135464,0.002681772,83.6,1.6722,0.010817236,0.285675,0.323196,0.391128
1272,OK,,185.0,137.5450807,7.97761468,136.111111,123.6,2414.601934,53.2369199,0.127761208,1.57957404,0.009825585,0.001656403,83.6,1.6722,0.011481988,0.285675,0.323196,0.391128
1273,OK,,185.0,137.5450807,7.97761468,137.222222,123.6,2434.312968,53.671507,0.076203362,1.91049081,0.01184338,0.000983614,83.6,1.6722,0.012826994,0.285675,0.323196,0.391128
1274,OK,,185.0,137.5450807,7.97761468,138.333333,123.6,2454.024002,54.1060941,0.046132301,2.29566732,0.014179735,0.000592584,83.6,1.6722,0.014772319,0.285675,0.323196,0.391128
1275,OK,,185.0,137.5450807,7.97761468,139.444444,123.6,2473.735036,54.5406812,0.030645861,2.68739639,0.016538844,0.000391661,83.6,1.6722,0.016930505,0.285675,0.323196,0.391128
1276,OK,,185.0,137.5450807,7.97761468,140.555556,123.6,2493.446088,54.9752683,0.02093089,3.13958341,0.01924699,0.000266092,83.6,1.6722,0.019513082,0.285675,0.323196,0.391128
1277,OK,,185.0,137.5450807,7.97761468,141.666667,123.6,2513.157123,55.4098554,0.015154527,3.55209209,0.021693943,0.000191645,83.6,1.6722,0.021885588,0.285675,0.323196,0.391128
1278,OK,,185.0,137.5450807,7.97761468,142.777778,123.6,2532.868157,55.8444425,0.010964211,4.00818049,0.024383969,0.000137915,83.6,1.6722,0.024521884,0.285675,0.323196,0.391128
1279,OK,,185.0,137.5450807,7.97761468,143.888889,123.6,2552.579191,56.2790296,0.008403969,4.42459917,0.026814797,0.000105149,83.6,1.6722,0.026919946,0.285675,0.323196,0.391128
1280,OK,,185.0,137.5450807,7.97761468,145.0,123.6,2572.290225,56.7136167,0.006617526,4.84695451,0.029261882,8.24e-05,83.6,1.6722,0.029344242,0.285675,0.323196,0.391128
1281,OK,,185.0,142.6542233,8.27394495,135.0,123.6,2394.890899,52.8023328,0.235629172,1.23922531,0.007721339,0.00306257,83.6,1.6722,0.010783909,0.285675,0.323196,0.391128
1282,OK,,185.0,142.6542233,8.27394495,136.111111,123.6,2414.601934,53.2369199,0.148158289,1.50252718,0.009332275,0.001918568,83.6,1.6722,0.011250844,0.285675,0.323196,0.391128
1283,OK,,185.0,142.6542233,8.27394495,137.222222,123.6,2434.312968,53.671507,0.089001046,1.8194672,0.011262792,0.001147619,83.6,1.6722,0.012410411,0.285675,0.323196,0.391128
1284,OK,,185.0,142.6542233,8.27394495,138.333333,123.6,2454.024002,54.1060941,0.053725119,2.18493909,0.013477238,0.00068949,83.6,1.6722,0.014166728,0.285675,0.323196,0.391128
1285,OK,,185.0,142.6542233,8.27394495,139.444444,123.6,2473.735036,54.5406812,0.034471526,2.58256037,0.015871525,0.000440174,83.6,1.6722,0.016311699,0.285675,0.323196,0.391128
1286,OK,,185.0,142.6542233,8.27394495,140.555556,123.6,2493.446088,54.9752683,0.023348053,2.98996283,0.018306923,0.000296591,83.6,1.6722,0.018603514,0.285675,0.323196,0.391128
1287,OK,,185.0,142.6542233,8.27394495,141.666667,123.6,2513.157123,55.4098554,0.016926229,3.432895,0.020938319,0.000213882,83.6,1.6722,0.021152201,0.285675,0.323196,0.391128
1288,OK,,185.0,142.6542233,8.27394495,142.777778,123.6,2532.868157,55.8444425,0.012427459,3.85992346,0.023453488,0.000156208,83.6,1.6722,0.023609695,0.285675,0.323196,0.391128
1289,OK,,185.0,142.6542233,8.27394495,143.888889,123.6,2552.579191,56.2790296,0.009184575,4.31104118,0.026085474,0.000114758,83.6,1.6722,0.026200233,0.285675,0.323196,0.391128
1290,OK,,185.0,142.6542233,8.27394495,145.0,123.6,2572.290225,56.7136167,0.007057115,4.74389151,0.028601794,8.78e-05,83.6,1.6722,0.028689559,0.285675,0.323196,0.391128
1291,OK,,185.0,147.763366,8.57027523,135.0,123.6,2394.890899,52.8023328,0.26901881,1.17639007,0.007318362,0.003491567,83.6,1.6722,0.01080993,0.285675,0.323196,0.391128
1292,OK,,185.0,147.763366,8.57027523,136.111111,123.6,2414.601934,53.2369199,0.175221451,1.41692612,0.008787551,0.002266122,83.6,1.6722,0.011053672,0.285675,0.323196,0.391128
1293,OK,,185.0,147.763366,8.57027523,137.222222,123.6,2434.312968,53.671507,0.105003925,1.72508143,0.010663202,0.001352522,83.6,1.6722,0.012015724,0.285675,0.323196,0.391128
1294,OK,,185.0,147.763366,8.57027523,138.333333,123.6,2454.024002,54.1060941,0.063004008,2.07671112,0.012791999,0.000807822,83.6,1.6722,0.013599821,0.285675,0.323196,0.391128
1295,OK,,185.0,147.763366,8.57027523,139.444444,123.6,2473.735036,54.5406812,0.039294131,2.46274946,0.015115063,0.000501339,83.6,1.6722,0.015616402,0.285675,0.323196,0.391128
1296,OK,,185.0,147.763366,8.57027523,140.555556,123.6,2493.446088,54.9752683,0.026504326,2.87004337,0.017549644,0.000336425,83.6,1.6722,0.017886069,0.285675,0.323196,0.391128
1297,OK,,185.0,147.763366,8.57027523,141.666667,123.6,2513.157123,55.4098554,0.018899825,3.31479624,0.020191699,0.00023864,83.6,1.6722,0.020430339,0.285675,0.323196,0.391128
1298,OK,,185.0,147.763366,8.57027523,142.777778,123.6,2532.868157,55.8444425,0.013840384,3.73104646,0.022641695,0.000173839,83.6,1.6722,0.022815535,0.285675,0.323196,0.391128
1299,OK,,185.0,147.763366,8.57027523,143.888889,123.6,2552.579191,56.2790296,0.010341772,4.16302436,0.025166538,0.00012921,83.6,1.6722,0.025295747,0.285675,0.323196,0.391128
1300,OK,,185.0,147.763366,8.57027523,145.0,123.6,2572.290225,56.7136167,0.007833243,4.60624524,0.02773811,9.73e-05,83.6,1.6722,0.027835459,0.285675,0.323196,0.391128
1301,OK,,185.0,152.8725086,8.8666055,135.0,123.6,2394.890899,52.8023328,0.304959822,1.11772578,0.006941879,0.003951352,83.6,1.6722,0.010893231,0.285675,0.323196,0.391128
1302,OK,,185.0,152.8725086,8.8666055,136.111111,123.6,2414.601934,53.2369199,0.199422647,1.35258687,0.008375598,0.00257585,83.6,1.6722,0.010951448,0.285675,0.323196,0.391128
1303,OK,,185.0,152.8725086,8.8666055,137.222222,123.6,2434.312968,53.671507,0.118665004,1.65808041,0.010233599,0.001526851,83.6,1.6722,0.01176045,0.285675,0.323196,0.391128
1304,OK,,185.0,152.8725086,8.8666055,138.333333,123.6,2454.024002,54.1060941,0.074468703,1.96924385,0.012113189,0.000953887,83.6,1.6722,0.013067076,0.285675,0.323196,0.391128
1305,OK,,185.0,152.8725086,8.8666055,139.444444,123.6,2473.735036,54.5406812,0.045737796,2.35295195,0.014421479,0.000583038,83.6,1.6722,0.015004517,0.285675,0.323196,0.391128
1306,OK,,185.0,152.8725086,8.8666055,140.555556,123.6,2493.446088,54.9752683,0.029441894,2.76610244,0.016890981,0.000373406,83.6,1.6722,0.017264387,0.285675,0.323196,0.391128
1307,OK,,185.0,152.8725086,8.8666055,141.666667,123.6,2513.157123,55.4098554,0.021716235,3.15916065,0.019220342,0.000273997,83.6,1.6722,0.019494339,0.285675,0.323196,0.391128
1308,OK,,185.0,152.8725086,8.8666055,142.777778,123.6,2532.868157,55.8444425,0.014654907,3.66545151,0.022201402,0.00018374,83.6,1.6722,0.022385142,0.285675,0.323196,0.391128
1309,OK,,185.0,152.8725086,8.8666055,143.888889,123.6,2552.579191,56.2790296,0.011417757,4.04186547,0.024402791,0.000142547,83.6,1.6722,0.024545337,0.285675,0.323196,0.391128
1310,OK,,185.0,152.8725086,8.8666055,145.0,123.6,2572.290225,56.7136167,0.008224784,4.54411877,0.027324654,0.000102133,83.6,1.6722,0.027426787,0.285675,0.323196,0.391128
1311,OK,,185.0,157.9816514,9.16293578,135.0,123.6,2394.890899,52.8023328,0.3397688,1.06801786,0.006623049,0.00439683,83.6,1.6722,0.011019879,0.285675,0.323196,0.391128
1312,OK,,185.0,157.9816514,9.16293578,136.111111,123.6,2414.601934,53.2369199,0.230218538,1.28195584,0.007926088,0.002969574,83.6,1.6722,0.010895662,0.285675,0.323196,0.391128
1313,OK,,185.0,157.9816514,9.16293578,137.222222,123.6,2434.312968,53.671507,0.144054913,1.55376152,0.009576098,0.001851276,83.6,1.6722,0.011427374,0.285675,0.323196,0.391128
1314,OK,,185.0,157.9816514,9.16293578,138.333333,123.6,2454.024002,54.1060941,0.087423278,1.8725941,0.011502373,0.001118698,83.6,1.6722,0.012621071,0.285675,0.323196,0.391128
1315,OK,,185.0,157.9816514,9.16293578,139.444444,123.6,2473.735036,54.5406812,0.052960553,2.24606847,0.013747518,0.00067451,83.6,1.6722,0.014422027,0.285675,0.323196,0.391128
1316,OK,,185.0,157.9816514,9.16293578,140.555556,123.6,2493.446088,54.9752683,0.034226772,2.64363098,0.016121906,0.000433736,83.6,1.6722,0.016555642,0.285675,0.323196,0.391128
1317,OK,,185.0,157.9816514,9.16293578,141.666667,123.6,2513.157123,55.4098554,0.023993019,3.0552494,0.018563041,0.000302484,83.6,1.6722,0.018865524,0.285675,0.323196,0.391128
1318,OK,,185.0,157.9816514,9.16293578,142.777778,123.6,2532.868157,55.8444425,0.017463644,3.47188152,0.021015516,0.00021902,83.6,1.6722,0.021234536,0.285675,0.323196,0.391128
1319,OK,,185.0,157.9816514,9.16293578,143.888889,123.6,2552.579191,56.2790296,0.012672464,3.92085642,0.023641911,0.000158094,83.6,1.6722,0.023800005,0.285675,0.323196,0.391128
1320,OK,,185.0,157.9816514,9.16293578,145.0,123.6,2572.290225,56.7136167,0.009514754,4.35512408,0.026160072,0.000118076,83.6,1.6722,0.026278148,0.285675,0.323196,0.391128
1321,OK,,185.0,163.0907941,9.45926606,135.0,123.6,2394.890899,52.8023328,0.379511466,1.01761247,0.006300327,0.004903487,83.6,1.6722,0.011203815,0.285675,0.323196,0.391128
1322,OK,,185.0,163.0907941,9.45926606,136.111111,123.6,2414.601934,53.2369199,0.26321706,1.21709148,0.007513382,0.003390422,83.6,1.6722,0.010903803,0.285675,0.323196,0.391128
1323,OK,,185.0,163.0907941,9.45926606,137.222222,123.6,2434.312968,53.671507,0.169003801,1.47049221,0.009049482,0.002169197,83.6,1.6722,0.011218679,0.285675,0.323196,0.391128
1324,OK,,185.0,163.0907941,9.45926606,138.333333,123.6,2454.024002,54.1060941,0.102087286,1.7819588,0.010929931,0.001304972,83.6,1.6722,0.012234903,0.285675,0.323196,0.391128
1325,OK,,185.0,163.0907941,9.45926606,139.444444,123.6,2473.735036,54.5406812,0.061707702,2.13858663,0.013071679,0.000785191,83.6,1.6722,0.01385687,0.285675,0.323196,0.391128
1326,OK,,185.0,163.0907941,9.45926606,140.555556,123.6,2493.446088,54.9752683,0.038921407,2.52337374,0.015368168,0.00049282,83.6,1.6722,0.015860988,0.285675,0.323196,0.391128
1327,OK,,185.0,163.0907941,9.45926606,141.666667,123.6,2513.157123,55.4098554,0.026406442,2.93967099,0.017837203,0.000332648,83.6,1.6722,0.01816985,0.285675,0.323196,0.391128
1328,OK,,185.0,163.0907941,9.45926606,142.777778,123.6,2532.868157,55.8444425,0.019342403,3.3614028,0.020319844,0.000242394,83.6,1.6722,0.020562237,0.285675,0.323196,0.391128
1329,OK,,185.0,163.0907941,9.45926606,143.888889,123.6,2552.579191,56.2790296,0.014178251,3.79118829,0.022831265,0.000176749,83.6,1.6722,0.023008013,0.285675,0.323196,0.391128
1330,OK,,185.0,163.0907941,9.45926606,145.0,123.6,2572.290225,56.7136167,0.010562657,4.22265743,0.025332963,0.000130985,83.6,1.6722,0.025463948,0.285675,0.323196,0.391128
1331,OK,,185.0,168.1999367,9.75559633,135.0,123.6,2394.890899,52.8023328,0.422000766,0.969863222,0.00599499,0.005443739,83.6,1.6722,0.011438729,0.285675,0.323196,0.391128
1332,OK,,185.0,168.1999367,9.75559633,136.111111,123.6,2414.601934,53.2369199,0.297987295,1.15785707,0.007136096,0.003832165,83.6,1.6722,0.010968261,0.285675,0.323196,0.391128
1333,OK,,185.0,168.1999367,9.75559633,137.222222,123.6,2434.312968,53.671507,0.195421188,1.39639756,0.008580575,0.00250507,83.6,1.6722,0.011085645,0.285675,0.323196,0.391128
1334,OK,,185.0,168.1999367,9.75559633,138.333333,123.6,2454.024002,54.1060941,0.120583072,1.68807046,0.010339234,0.001539695,83.6,1.6722,0.011878929,0.285675,0.323196,0.391128
1335,OK,,185.0,168.1999367,9.75559633,139.444444,123.6,2473.735036,54.5406812,0.073165963,2.02606002,0.012367014,0.000930099,83.6,1.6722,0.013297113,0.285675,0.323196,0.391128
1336,OK,,185.0,168.1999367,9.75559633,140.555556,123.6,2493.446088,54.9752683,0.045489672,2.41120039,0.014665234,0.000575488,83.6,1.6722,0.015240721,0.285675,0.323196,0.391128
1337,OK,,185.0,168.1999367,9.75559633,141.666667,123.6,2513.157123,55.4098554,0.02999787,2.80844591,0.017017269,0.000377492,83.6,1.6722,0.017394761,0.285675,0.323196,0.391128
1338,OK,,185.0,168.1999367,9.75559633,142.777778,123.6,2532.868157,55.8444425,0.021670888,3.23070808,0.01950502,0.000271368,83.6,1.6722,0.019776388,0.285675,0.323196,0.391128
1339,OK,,185.0,168.1999367,9.75559633,143.888889,123.6,2552.579191,56.2790296,0.015611786,3.67236205,0.022087181,0.000194474,83.6,1.6722,0.022281655,0.285675,0.323196,0.391128
1340,OK,,185.0,168.1999367,9.75559633,145.0,123.6,2572.290225,56.7136167,0.011638237,4.10240383,0.024580208,0.000144218,83.6,1.6722,0.024724425,0.285675,0.323196,0.391128
1341,OK,,185.0,173.3090793,10.0519266,135.0,123.6,2394.890899,52.8023328,0.447541243,0.944425782,0.005828155,0.005765535,83.6,1.6722,0.01159369,0.285675,0.323196,0.391128
1342,OK,,185.0,173.3090793,10.0519266,136.111111,123.6,2414.601934,53.2369199,0.329112135,1.11128024,0.006838548,0.004227154,83.6,1.6722,0.011065702,0.285675,0.323196,0.391128
1343,OK,,185.0,173.3090793,10.0519266,137.222222,123.6,2434.312968,53.671507,0.222796822,1.33071458,0.008163422,0.002851427,83.6,1.6722,0.011014849,0.285675,0.323196,0.391128
1344,OK,,185.0,173.3090793,10.0519266,138.333333,123.6,2454.024002,54.1060941,0.141388808,1.60117241,0.009792742,0.001803268,83.6,1.6722,0.01159601,0.285675,0.323196,0.391128
1345,OK,,185.0,173.3090793,10.0519266,139.444444,123.6,2473.735036,54.5406812,0.085708057,1.92850608,0.011755022,0.001088452,83.6,1.6722,0.012843473,0.285675,0.323196,0.391128
1346,OK,,185.0,173.3090793,10.0519266,140.555556,123.6,2493.446088,54.9752683,0.052732253,2.29992651,0.013969563,0.000666525,83.6,1.6722,0.014636088,0.285675,0.323196,0.391128
1347,OK,,185.0,173.3090793,10.0519266,141.666667,123.6,2513.157123,55.4098554,0.035811021,2.66114967,0.016106515,0.000450402,83.6,1.6722,0.016556916,0.285675,0.323196,0.391128
1348,OK,,185.0,173.3090793,10.0519266,142.777778,123.6,2532.868157,55.8444425,0.024031223,3.11976603,0.018810292,0.000300689,83.6,1.6722,0.019110981,0.285675,0.323196,0.391128
1349,OK,,185.0,173.3090793,10.0519266,143.888889,123.6,2552.579191,56.2790296,0.017477495,3.54541437,0.02129663,0.000217552,83.6,1.6722,0.021514181,0.285675,0.323196,0.391128
1350,OK,,185.0,173.3090793,10.0519266,145.0,123.6,2572.290225,56.7136167,0.013009309,3.97135086,0.023765374,0.00016109,83.6,1.6722,0.023926464,0.285675,0.323196,0.391128
1351,OK,,185.0,178.4182224,10.3482569,135.0,123.6,2394.890899,52.8023328,0.504628818,0.891247206,0.005491027,0.00648892,83.6,1.6722,0.011979946,0.285675,0.323196,0.391128
1352,OK,,185.0,178.4182224,10.3482569,136.111111,123.6,2414.601934,53.2369199,0.3740034,1.05144415,0.006460081,0.004795902,83.6,1.6722,0.011255983,0.285675,0.323196,0.391128
1353,OK,,185.0,178.4182224,10.3482569,137.222222,123.6,2434.312968,53.671507,0.256117251,1.26166326,0.007728984,0.003274236,83.6,1.6722,0.011003221,0.285675,0.323196,0.391128
1354,OK,,185.0,178.4182224,10.3482569,138.333333,123.6,2454.024002,54.1060941,0.164919525,1.51923975,0.009277974,0.002100825,83.6,1.6722,0.011378799,0.285675,0.323196,0.391128
1355,OK,,185.0,178.4182224,10.3482569,139.444444,123.6,2473.735036,54.5406812,0.10044123,1.83321237,0.011158367,0.001274231,83.6,1.6722,0.012432598,0.285675,0.323196,0.391128
1356,OK,,185.0,178.4182224,10.3482569,140.555556,123.6,2493.446088,54.9752683,0.061783361,2.18652105,0.013262836,0.000780216,83.6,1.6722,0.014043052,0.285675,0.323196,0.391128
1357,OK,,185.0,178.4182224,10.3482569,141.666667,123.6,2513.157123,55.4098554,0.037620885,2.62013711,0.015827732,0.000472309,83.6,1.6722,0.016300041,0.285675,0.323196,0.391128
1358,OK,,185.0,178.4182224,10.3482569,142.777778,123.6,2532.868157,55.8444425,0.026291658,2.99458822,0.01803231,0.000328719,83.6,1.6722,0.018361029,0.285675,0.323196,0.391128
1359,OK,,185.0,178.4182224,10.3482569,143.888889,123.6,2552.579191,56.2790296,0.019609858,3.41873582,0.020509593,0.00024391,83.6,1.6722,0.020753502,0.285675,0.323196,0.391128
1360,OK,,185.0,178.4182224,10.3482569,145.0,123.6,2572.290225,56.7136167,0.014415437,3.85248946,0.023024565,0.000178368,83.6,1.6722,0.023202933,0.285675,0.323196,0.391128
1361,OK,,185.0,183.5273655,10.6445872,135.0,123.6,2394.890899,52.8023328,0.549020036,0.854879722,0.005258295,0.007048146,83.6,1.6722,0.012306441,0.285675,0.323196,0.391128
1362,OK,,185.0,183.5273655,10.6445872,136.111111,123.6,2414.601934,53.2369199,0.410328245,1.0090262,0.006189518,0.005253912,83.6,1.6722,0.01144343,0.285675,0.323196,0.391128
1363,OK,,185.0,183.5273655,10.6445872,137.222222,123.6,2434.312968,53.671507,0.285363146,1.20913197,0.007395611,0.00364321,83.6,1.6722,0.011038821,0.285675,0.323196,0.391128
1364,OK,,185.0,183.5273655,10.6445872,138.333333,123.6,2454.024002,54.1060941,0.193418721,1.43601481,0.008756808,0.002460682,83.6,1.6722,0.01121749,0.285675,0.323196,0.391128
1365,OK,,185.0,183.5273655,10.6445872,139.444444,123.6,2473.735036,54.5406812,0.118941947,1.73568689,0.010549845,0.001507285,83.6,1.6722,0.01205713,0.285675,0.323196,0.391128
1366,OK,,185.0,183.5273655,10.6445872,140.555556,123.6,2493.446088,54.9752683,0.072352938,2.07997531,0.012599319,0.000912832,83.6,1.6722,0.013512151,0.285675,0.323196,0.391128
1367,OK,,185.0,183.5273655,10.6445872,141.666667,123.6,2513.157123,55.4098554,0.045378554,2.46684188,0.014889449,0.000569764,83.6,1.6722,0.015459214,0.285675,0.323196,0.391128
1368,OK,,185.0,183.5273655,10.6445872,142.777778,123.6,2532.868157,55.8444425,0.030180509,2.86337157,0.017220261,0.000377045,83.6,1.6722,0.017597306,0.285675,0.323196,0.391128
1369,OK,,185.0,183.5273655,10.6445872,143.888889,123.6,2552.579191,56.2790296,0.02205401,3.28073273,0.019657299,0.000274106,83.6,1.6722,0.019931405,0.285675,0.323196,0.391128
1370,OK,,185.0,183.5273655,10.6445872,145.0,123.6,2572.290225,56.7136167,0.016003771,3.73169122,0.022274209,0.000197874,83.6,1.6722,0.022472083,0.285675,0.323196,0.391128
1371,OK,,185.0,188.6365069,10.9409174,135.0,123.6,2394.890899,52.8023328,0.596155339,0.819807459,0.00503423,0.007640311,83.6,1.6722,0.012674541,0.285675,0.323196,0.391128
1372,OK,,185.0,188.6365069,10.9409174,136.111111,123.6,2414.601934,53.2369199,0.451602166,0.965543471,0.005913236,0.005773298,83.6,1.6722,0.011686534,0.285675,0.323196,0.391128
1373,OK,,185.0,188.6365069,10.9409174,137.222222,123.6,2434.312968,53.671507,0.32403776,1.14768475,0.007008866,0.004130761,83.6,1.6722,0.011139627,0.285675,0.323196,0.391128
1374,OK,,185.0,188.6365069,10.9409174,138.333333,123.6,2454.024002,54.1060941,0.218239618,1.37444606,0.008368605,0.002772976,83.6,1.6722,0.011141581,0.285675,0.323196,0.391128
1375,OK,,185.0,188.6365069,10.9409174,139.444444,123.6,2473.735036,54.5406812,0.139244573,1.64780456,0.010001269,0.001762561,83.6,1.6722,0.01176383,0.285675,0.323196,0.391128
1376,Errors,,185.0,188.6365069,10.9409174,140.555556,123.6,2493.446088,54.9752683,0.062480293,2.30205891,0.013812551,0.000787249,83.6,1.6722,0.0145998,0.285675,0.323196,0.391128
1377,OK,,185.0,188.6365069,10.9409174,141.666667,123.6,2513.157123,55.4098554,0.052340664,2.35711429,0.014208037,0.000656607,83.6,1.6722,0.014864644,0.285675,0.323196,0.391128
1378,OK,,185.0,188.6365069,10.9409174,142.777778,123.6,2532.868157,55.8444425,0.034290548,2.75366012,0.016538441,0.000428043,83.6,1.6722,0.016966484,0.285675,0.323196,0.391128
1379,OK,,185.0,188.6365069,10.9409174,143.888889,123.6,2552.579191,56.2790296,0.02424486,3.17464224,0.018996398,0.000301101,83.6,1.6722,0.019297498,0.285675,0.323196,0.391128
1380,OK,,185.0,188.6365069,10.9409174,145.0,123.6,2572.290225,56.7136167,0.017814212,3.59928831,0.021457195,0.000220097,83.6,1.6722,0.021677292,0.285675,0.323196,0.391128
1381,OK,,185.0,193.74565,11.2372477,135.0,123.6,2394.890899,52.8023328,0.642901005,0.788248862,0.004832128,0.008224908,83.6,1.6722,0.013057036,0.285675,0.323196,0.391128
1382,OK,,185.0,193.74565,11.2372477,136.111111,123.6,2414.601934,53.2369199,0.494451063,0.924953389,0.005655455,0.006310934,83.6,1.6722,0.011966389,0.285675,0.323196,0.391128
1383,OK,,185.0,193.74565,11.2372477,137.222222,123.6,2434.312968,53.671507,0.360141562,1.09747899,0.006691681,0.004584254,83.6,1.6722,0.011275934,0.285675,0.323196,0.391128
1384,OK,,185.0,193.74565,11.2372477,138.333333,123.6,2454.024002,54.1060941,0.250041249,1.30568865,0.007937912,0.003172705,83.6,1.6722,0.011110617,0.285675,0.323196,0.391128
1385,OK,,185.0,193.74565,11.2372477,139.444444,123.6,2473.735036,54.5406812,0.160443,1.57089464,0.009520459,0.002028517,83.6,1.6722,0.011548976,0.285675,0.323196,0.391128
1386,OK,,185.0,193.74565,11.2372477,140.555556,123.6,2493.446088,54.9752683,0.099382229,1.88219018,0.01136954,0.001251328,83.6,1.6722,0.012620868,0.285675,0.323196,0.391128
1387,OK,,185.0,193.74565,11.2372477,141.666667,123.6,2513.157123,55.4098554,0.061339476,2.24142987,0.013492723,0.000768802,83.6,1.6722,0.014261525,0.285675,0.323196,0.391128
1388,OK,,185.0,193.74565,11.2372477,142.777778,123.6,2532.868157,55.8444425,0.039253355,2.63878766,0.015827621,0.000489587,83.6,1.6722,0.016317209,0.285675,0.323196,0.391128
1389,OK,,185.0,193.74565,11.2372477,143.888889,123.6,2552.579191,56.2790296,0.026460383,3.05562447,0.018260569,0.000328363,83.6,1.6722,0.018588932,0.285675,0.323196,0.391128
1390,OK,,185.0,193.74565,11.2372477,145.0,123.6,2572.290225,56.7136167,0.019416716,3.50292662,0.020848549,0.00023956,83.6,1.6722,0.021088109,0.285675,0.323196,0.391128
1391,OK,,185.0,198.8547931,11.533578,135.0,123.6,2394.890899,52.8023328,0.691423908,0.758120016,0.004639941,0.008831117,83.6,1.6722,0.013471058,0.285675,0.323196,0.391128
1392,OK,,185.0,198.8547931,11.533578,136.111111,123.6,2414.601934,53.2369199,0.539652512,0.886265649,0.005410077,0.006876556,83.6,1.6722,0.012286633,0.285675,0.323196,0.391128
1393,OK,,185.0,198.8547931,11.533578,137.222222,123.6,2434.312968,53.671507,0.400940348,1.04694258,0.006373441,0.005095698,83.6,1.6722,0.011469139,0.285675,0.323196,0.391128
1394,OK,,185.0,198.8547931,11.533578,138.333333,123.6,2454.024002,54.1060941,0.282833786,1.24430665,0.007553144,0.003583822,83.6,1.6722,0.011136966,0.285675,0.323196,0.391128
1395,OK,,185.0,198.8547931,11.533578,139.444444,123.6,2473.735036,54.5406812,0.183891334,1.49830579,0.009067084,0.002322173,83.6,1.6722,0.011389257,0.285675,0.323196,0.391128
1396,OK,,185.0,198.8547931,11.533578,140.555556,123.6,2493.446088,54.9752683,0.117345956,1.78425594,0.010762884,0.001475919,83.6,1.6722,0.012238802,0.285675,0.323196,0.391128
1397,OK,,185.0,198.8547931,11.533578,141.666667,123.6,2513.157123,55.4098554,0.071488468,2.13568072,0.012838688,0.000895174,83.6,1.6722,0.013733862,0.285675,0.323196,0.391128
1398,OK,,185.0,198.8547931,11.533578,142.777778,123.6,2532.868157,55.8444425,0.045790559,2.51341285,0.015056147,0.000570645,83.6,1.6722,0.015626791,0.285675,0.323196,0.391128
1399,OK,,185.0,198.8547931,11.533578,143.888889,123.6,2552.579191,56.2790296,0.030125339,2.92626796,0.017464721,0.000373519,83.6,1.6722,0.01783824,0.285675,0.323196,0.391128
1400,OK,,185.0,198.8547931,11.533578,145.0,123.6,2572.290225,56.7136167,0.022291499,3.33892204,0.01985524,0.000275005,83.6,1.6722,0.020130245,0.285675,0.323196,0.391128
1401,OK,,185.0,203.9639362,11.8299083,135.0,123.6,2394.890899,52.8023328,0.740451492,0.730257858,0.004461936,0.009440958,83.6,1.6722,0.013902894,0.285675,0.323196,0.391128
1402,OK,,185.0,203.9639362,11.8299083,136.111111,123.6,2414.601934,53.2369199,0.583432278,0.85233146,0.0051944,0.007422343,83.6,1.6722,0.012616742,0.285675,0.323196,0.391128
1403,OK,,185.0,203.9639362,11.8299083,137.222222,123.6,2434.312968,53.671507,0.440500061,1.00330322,0.006098016,0.005589888,83.6,1.6722,0.011687904,0.285675,0.323196,0.391128
1404,OK,,185.0,203.9639362,11.8299083,138.333333,123.6,2454.024002,54.1060941,0.316396461,1.18920879,0.007207493,0.004003441,83.6,1.6722,0.011210934,0.285675,0.323196,0.391128
1405,OK,,185.0,203.9639362,11.8299083,139.444444,123.6,2473.735036,54.5406812,0.212820543,1.42165873,0.008590516,0.002683996,83.6,1.6722,0.011274512,0.285675,0.323196,0.391128
1406,OK,,185.0,203.9639362,11.8299083,140.555556,123.6,2493.446088,54.9752683,0.13572096,1.70146558,0.010248704,0.001705143,83.6,1.6722,0.011953847,0.285675,0.323196,0.391128
1407,OK,,185.0,203.9639362,11.8299083,141.666667,123.6,2513.157123,55.4098554,0.083713876,2.03208872,0.012199231,0.001047242,83.6,1.6722,0.013246473,0.285675,0.323196,0.391128
1408,OK,,185.0,203.9639362,11.8299083,142.777778,123.6,2532.868157,55.8444425,0.052669319,2.40410423,0.014382111,0.000655799,83.6,1.6722,0.015037911,0.285675,0.323196,0.391128
1409,OK,,185.0,203.9639362,11.8299083,143.888889,123.6,2552.579191,56.2790296,0.034551386,2.8038389,0.016713118,0.000428092,83.6,1.6722,0.01714121,0.285675,0.323196,0.391128
1410,OK,,185.0,203.9639362,11.8299083,145.0,123.6,2572.290225,56.7136167,0.024568187,3.22923018,0.019177799,0.000302856,83.6,1.6722,0.019480655,0.285675,0.323196,0.391128
1411,OK,,185.0,209.0730776,12.1262385,135.0,123.6,2394.890899,52.8023328,0.789924725,0.704364048,0.004296498,0.010054232,83.6,1.6722,0.01435073,0.285675,0.323196,0.391128
1412,OK,,185.0,209.0730776,12.1262385,136.111111,123.6,2414.601934,53.2369199,0.629625852,0.819591319,0.004986645,0.007996644,83.6,1.6722,0.012983289,0.285675,0.323196,0.391128
1413,OK,,185.0,209.0730776,12.1262385,137.222222,123.6,2434.312968,53.671507,0.482494248,0.961570287,0.005834967,0.006113117,83.6,1.6722,0.011948084,0.285675,0.323196,0.391128
1414,OK,,185.0,209.0730776,12.1262385,138.333333,123.6,2454.024002,54.1060941,0.352727108,1.13637602,0.006876533,0.004456615,83.6,1.6722,0.011333147,0.285675,0.323196,0.391128
1415,OK,,185.0,209.0730776,12.1262385,139.444444,123.6,2473.735036,54.5406812,0.240187008,1.35940551,0.008201904,0.003025218,83.6,1.6722,0.011227122,0.285675,0.323196,0.391128
1416,OK,,185.0,209.0730776,12.1262385,140.555556,123.6,2493.446088,54.9752683,0.159050785,1.61326217,0.009703484,0.001995879,83.6,1.6722,0.011699364,0.285675,0.323196,0.391128
1417,OK,,185.0,209.0730776,12.1262385,141.666667,123.6,2513.157123,55.4098554,0.097778152,1.93574668,0.011604708,0.001221945,83.6,1.6722,0.012826653,0.285675,0.323196,0.391128
1418,OK,,185.0,209.0730776,12.1262385,142.777778,123.6,2532.868157,55.8444425,0.060474717,2.30268032,0.013756643,0.000752313,83.6,1.6722,0.014508956,0.285675,0.323196,0.391128
1419,OK,,185.0,209.0730776,12.1262385,143.888889,123.6,2552.579191,56.2790296,0.039901695,2.68158526,0.015963754,0.000493977,83.6,1.6722,0.01645773,0.285675,0.323196,0.391128
1420,OK,,185.0,209.0730776,12.1262385,145.0,123.6,2572.290225,56.7136167,0.026356099,3.15081411,0.018683595,0.000324544,83.6,1.6722,0.019008138,0.285675,0.323196,0.391128
1421,OK,,185.0,214.1822207,12.4225688,135.0,123.6,2394.890899,52.8023328,0.840092929,0.680086609,0.004141431,0.010674072,83.6,1.6722,0.014815503,0.285675,0.323196,0.391128
1422,OK,,185.0,214.1822207,12.4225688,136.111111,123.6,2414.601934,53.2369199,0.681308591,0.786051075,0.004774672,0.008637826,83.6,1.6722,0.013412498,0.285675,0.323196,0.391128
1423,OK,,185.0,214.1822207,12.4225688,137.222222,123.6,2434.312968,53.671507,0.52552951,0.922909919,0.005591323,0.006647735,83.6,1.6722,0.012239057,0.285675,0.323196,0.391128
1424,OK,,185.0,214.1822207,12.4225688,138.333333,123.6,2454.024002,54.1060941,0.391906625,1.08573179,0.006559756,0.004944159,83.6,1.6722,0.011503915,0.285675,0.323196,0.391128
1425,OK,,185.0,214.1822207,12.4225688,139.444444,123.6,2473.735036,54.5406812,0.276917259,1.28667016,0.007751407,0.003482835,83.6,1.6722,0.011234242,0.285675,0.323196,0.391128
1426,OK,,185.0,214.1822207,12.4225688,140.555556,123.6,2493.446088,54.9752683,0.182336244,1.53910653,0.009243863,0.00228534,83.6,1.6722,0.011529203,0.285675,0.323196,0.391128
1427,OK,,185.0,214.1822207,12.4225688,141.666667,123.6,2513.157123,55.4098554,0.113717866,1.84471268,0.011043425,0.001419657,83.6,1.6722,0.012463082,0.285675,0.323196,0.391128
1428,OK,,185.0,214.1822207,12.4225688,142.777778,123.6,2532.868157,55.8444425,0.070455971,2.19443627,0.013092367,0.000875675,83.6,1.6722,0.013968042,0.285675,0.323196,0.391128
1429,OK,,185.0,214.1822207,12.4225688,143.888889,123.6,2552.579191,56.2790296,0.045312022,2.57700159,0.01532065,0.000560484,83.6,1.6722,0.015881134,0.285675,0.323196,0.391128
1430,OK,,185.0,214.1822207,12.4225688,145.0,123.6,2572.290225,56.7136167,0.030566904,2.98497292,0.017681844,0.000376218,83.6,1.6722,0.018058062,0.285675,0.323196,0.391128
1431,OK,,185.0,219.2913638,12.7188991,135.0,123.6,2394.890899,52.8023328,0.892903108,0.656359874,0.003990222,0.011324865,83.6,1.6722,0.015315087,0.285675,0.323196,0.391128
1432,OK,,185.0,219.2913638,12.7188991,136.111111,123.6,2414.601934,53.2369199,0.72703065,0.75901822,0.004602852,0.009202316,83.6,1.6722,0.013805167,0.285675,0.323196,0.391128
1433,OK,,185.0,219.2913638,12.7188991,137.222222,123.6,2434.312968,53.671507,0.57674007,0.88115223,0.005329714,0.007282979,83.6,1.6722,0.012612693,0.285675,0.323196,0.391128
1434,OK,,185.0,219.2913638,12.7188991,138.333333,123.6,2454.024002,54.1060941,0.428045414,1.04399772,0.006296556,0.005390014,83.6,1.6722,0.01168657,0.285675,0.323196,0.391128
1435,OK,,185.0,219.2913638,12.7188991,139.444444,123.6,2473.735036,54.5406812,0.311790955,1.2270351,0.007380866,0.003915936,83.6,1.6722,0.011296802,0.285675,0.323196,0.391128
1436,OK,,185.0,219.2913638,12.7188991,140.555556,123.6,2493.446088,54.9752683,0.20752895,1.47003287,0.00881596,0.002597916,83.6,1.6722,0.011413876,0.285675,0.323196,0.391128
1437,OK,,185.0,219.2913638,12.7188991,141.666667,123.6,2513.157123,55.4098554,0.132621451,1.75490449,0.010491006,0.001653852,83.6,1.6722,0.012144857,0.285675,0.323196,0.391128
1438,OK,,185.0,219.2913638,12.7188991,142.777778,123.6,2532.868157,55.8444425,0.08280587,2.08575316,0.012427272,0.001028193,83.6,1.6722,0.013455465,0.285675,0.323196,0.391128
1439,OK,,185.0,219.2913638,12.7188991,143.888889,123.6,2552.579191,56.2790296,0.052049673,2.46657533,0.014644821,0.000643281,83.6,1.6722,0.015288103,0.285675,0.323196,0.391128
1440,OK,,185.0,219.2913638,12.7188991,145.0,123.6,2572.290225,56.7136167,0.034369335,2.87187425,0.016989872,0.000422687,83.6,1.6722,0.017412559,0.285675,0.323196,0.391128
1441,OK,,185.0,224.4005069,13.0152294,135.0,123.6,2394.890899,52.8023328,0.946290335,0.634129763,0.003848563,0.01198038,83.6,1.6722,0.015828943,0.285675,0.323196,0.391128
1442,OK,,185.0,224.4005069,13.0152294,136.111111,123.6,2414.601934,53.2369199,0.775215277,0.732642001,0.004435522,0.009795535,83.6,1.6722,0.014231057,0.285675,0.323196,0.391128
1443,OK,,185.0,224.4005069,13.0152294,137.222222,123.6,2434.312968,53.671507,0.61671405,0.851846675,0.005144058,0.00777571,83.6,1.6722,0.012919768,0.285675,0.323196,0.391128
1444,OK,,185.0,224.4005069,13.0152294,138.333333,123.6,2454.024002,54.1060941,0.47463272,0.995286944,0.00599429,0.00596933,83.6,1.6722,0.01196362,0.285675,0.323196,0.391128
1445,OK,,185.0,224.4005069,13.0152294,139.444444,123.6,2473.735036,54.5406812,0.344905926,1.17706867,0.007069333,0.004325801,83.6,1.6722,0.011395134,0.285675,0.323196,0.391128
1446,OK,,185.0,224.4005069,13.0152294,140.555556,123.6,2493.446088,54.9752683,0.234008117,1.40695652,0.008424821,0.002925568,83.6,1.6722,0.011350389,0.285675,0.323196,0.391128
1447,OK,,185.0,224.4005069,13.0152294,141.666667,123.6,2513.157123,55.4098554,0.155789173,1.66333269,0.009929539,0.0019405,83.6,1.6722,0.011870039,0.285675,0.323196,0.391128
1448,OK,,185.0,224.4005069,13.0152294,142.777778,123.6,2532.868157,55.8444425,0.096687445,1.98748016,0.011825491,0.001199366,83.6,1.6722,0.013024857,0.285675,0.323196,0.391128
1449,OK,,185.0,224.4005069,13.0152294,143.888889,123.6,2552.579191,56.2790296,0.060520468,2.35333052,0.01395405,0.000747314,83.6,1.6722,0.014701364,0.285675,0.323196,0.391128
1450,OK,,185.0,224.4005069,13.0152294,145.0,123.6,2572.290225,56.7136167,0.039505806,2.74815098,0.016237183,0.000485466,83.6,1.6722,0.016722649,0.285675,0.323196,0.391128
1451,OK,,185.0,229.5096483,13.3115596,135.0,123.6,2394.890899,52.8023328,0.996562626,0.614706724,0.003724379,0.012594793,83.6,1.6722,0.016319172,0.285675,0.323196,0.391128
1452,OK,,185.0,229.5096483,13.3115596,136.111111,123.6,2414.601934,53.2369199,0.830293058,0.704754108,0.004259158,0.010470469,83.6,1.6722,0.014729627,0.285675,0.323196,0.391128
1453,OK,,185.0,229.5096483,13.3115596,137.222222,123.6,2434.312968,53.671507,0.663168942,0.820282605,0.004945353,0.008347577,83.6,1.6722,0.013292929,0.285675,0.323196,0.391128
1454,OK,,185.0,229.5096483,13.3115596,138.333333,123.6,2454.024002,54.1060941,0.51827758,0.954523963,0.005739599,0.006507866,83.6,1.6722,0.012247465,0.285675,0.323196,0.391128
1455,OK,,185.0,229.5096483,13.3115596,139.444444,123.6,2473.735036,54.5406812,0.38594034,1.12170097,0.006726295,0.004832879,83.6,1.6722,0.011559175,0.285675,0.323196,0.391128
1456,OK,,185.0,229.5096483,13.3115596,140.555556,123.6,2493.446088,54.9752683,0.269103544,1.33399788,0.00797629,0.003359783,83.6,1.6722,0.011336073,0.285675,0.323196,0.391128
1457,OK,,185.0,229.5096483,13.3115596,141.666667,123.6,2513.157123,55.4098554,0.179375546,1.58513139,0.009449016,0.002231635,83.6,1.6722,0.011680651,0.285675,0.323196,0.391128
1458,OK,,185.0,229.5096483,13.3115596,142.777778,123.6,2532.868157,55.8444425,0.112262882,1.89519652,0.011260727,0.001391137,83.6,1.6722,0.012651864,0.285675,0.323196,0.391128
1459,OK,,185.0,229.5096483,13.3115596,143.888889,123.6,2552.579191,56.2790296,0.068912738,2.25996586,0.013382107,0.000850175,83.6,1.6722,0.014232282,0.285675,0.323196,0.391128
1460,OK,,185.0,229.5096483,13.3115596,145.0,123.6,2572.290225,56.7136167,0.045331179,2.63309289,0.015537145,0.00055659,83.6,1.6722,0.016093735,0.285675,0.323196,0.391128
1461,OK,,185.0,234.6187914,13.6078899,135.0,123.6,2394.890899,52.8023328,1.04959064,0.595499489,0.003601893,0.013241189,83.6,1.6722,0.016843082,0.285675,0.323196,0.391128
1462,OK,,185.0,234.6187914,13.6078899,136.111111,123.6,2414.601934,53.2369199,0.877602334,0.682682846,0.004119283,0.011050501,83.6,1.6722,0.015169784,0.285675,0.323196,0.391128
1463,OK,,185.0,234.6187914,13.6078899,137.222222,123.6,2434.312968,53.671507,0.718488404,0.785753239,0.004729289,0.009027221,83.6,1.6722,0.013756511,0.285675,0.323196,0.391128
1464,OK,,185.0,234.6187914,13.6078899,138.333333,123.6,2454.024002,54.1060941,0.560061345,0.919157305,0.005518053,0.00702154,83.6,1.6722,0.012539593,0.285675,0.323196,0.391128
1465,OK,,185.0,234.6187914,13.6078899,139.444444,123.6,2473.735036,54.5406812,0.424264048,1.07585421,0.006441336,0.005305105,83.6,1.6722,0.011746441,0.285675,0.323196,0.391128
1466,OK,,185.0,234.6187914,13.6078899,140.555556,123.6,2493.446088,54.9752683,0.305972543,1.26793082,0.007569848,0.003814625,83.6,1.6722,0.011384474,0.285675,0.323196,0.391128
1467,OK,,185.0,234.6187914,13.6078899,141.666667,123.6,2513.157123,55.4098554,0.205765168,1.51030123,0.008989823,0.002556783,83.6,1.6722,0.011546606,0.285675,0.323196,0.391128
1468,OK,,185.0,234.6187914,13.6078899,142.777778,123.6,2532.868157,55.8444425,0.124719453,1.83283122,0.010874258,0.001543933,83.6,1.6722,0.012418191,0.285675,0.323196,0.391128
1469,OK,,185.0,234.6187914,13.6078899,143.888889,123.6,2552.579191,56.2790296,0.08182059,2.14129453,0.01266281,0.001008462,83.6,1.6722,0.013671272,0.285675,0.323196,0.391128
1470,OK,,185.0,234.6187914,13.6078899,145.0,123.6,2572.290225,56.7136167,0.051869182,2.52402996,0.014873988,0.000636326,83.6,1.6722,0.015510314,0.285675,0.323196,0.391128
1471,OK,,185.0,239.7279345,13.9042202,135.0,123.6,2394.890899,52.8023328,1.10584107,0.576414724,0.003480528,0.013925009,83.6,1.6722,0.017405538,0.285675,0.323196,0.391128
1472,OK,,185.0,239.7279345,13.9042202,136.111111,123.6,2414.601934,53.2369199,0.929628873,0.660033061,0.003975944,0.011684919,83.6,1.6722,0.015660863,0.285675,0.323196,0.391128
1473,OK,,185.0,239.7279345,13.9042202,137.222222,123.6,2434.312968,53.671507,0.76312944,0.760429187,0.004569443,0.009572862,83.6,1.6722,0.014142305,0.285675,0.323196,0.391128
1474,Errors,,185.0,239.7279345,13.9042202,138.333333,123.6,2454.024002,54.1060941,0.844385734,0.821361784,0.004849906,0.010538674,83.6,1.6722,0.01538858,0.285675,0.323196,0.391128
1475,OK,,185.0,239.7279345,13.9042202,139.444444,123.6,2473.735036,54.5406812,0.467853615,1.02889677,0.006150357,0.005840685,83.6,1.6722,0.011991041,0.285675,0.323196,0.391128
1476,OK,,185.0,239.7279345,13.9042202,140.555556,123.6,2493.446088,54.9752683,0.33763609,1.21822061,0.007261878,0.004203639,83.6,1.6722,0.011465517,0.285675,0.323196,0.391128
1477,OK,,185.0,239.7279345,13.9042202,141.666667,123.6,2513.157123,55.4098554,0.232958083,1.44374362,0.008580924,0.002891018,83.6,1.6722,0.011471942,0.285675,0.323196,0.391128
1478,OK,,185.0,239.7279345,13.9042202,142.777778,123.6,2532.868157,55.8444425,0.150154463,1.72408842,0.010215147,0.001856608,83.6,1.6722,0.012071754,0.285675,0.323196,0.391128
1479,OK,,185.0,239.7279345,13.9042202,143.888889,123.6,2552.579191,56.2790296,0.095696971,2.03926458,0.012043107,0.001178329,83.6,1.6722,0.013221435,0.285675,0.323196,0.391128
1480,OK,,185.0,239.7279345,13.9042202,145.0,123.6,2572.290225,56.7136167,0.059534162,2.41778208,0.014228975,0.000729723,83.6,1.6722,0.014958698,0.285675,0.323196,0.391128
1481,OK,,185.0,244.8370776,14.2005505,135.0,123.6,2394.890899,52.8023328,1.15749895,0.560087759,0.003376201,0.014549682,83.6,1.6722,0.017925883,0.285675,0.323196,0.391128
1482,OK,,185.0,244.8370776,14.2005505,136.111111,123.6,2414.601934,53.2369199,0.982047342,0.638796895,0.003841563,0.012321899,83.6,1.6722,0.016163462,0.285675,0.323196,0.391128
1483,OK,,185.0,244.8370776,14.2005505,137.222222,123.6,2434.312968,53.671507,0.812185238,0.734519067,0.004406459,0.010170866,83.6,1.6722,0.014577325,0.285675,0.323196,0.391128
1484,OK,,185.0,244.8370776,14.2005505,138.333333,123.6,2454.024002,54.1060941,0.653172364,0.850126632,0.005087139,0.008161936,83.6,1.6722,0.013249074,0.285675,0.323196,0.391128
1485,OK,,185.0,244.8370776,14.2005505,139.444444,123.6,2473.735036,54.5406812,0.505811572,0.992103935,0.005921145,0.006305413,83.6,1.6722,0.012226558,0.285675,0.323196,0.391128
1486,OK,,185.0,244.8370776,14.2005505,140.555556,123.6,2493.446088,54.9752683,0.374708017,1.16596043,0.006939651,0.004658419,83.6,1.6722,0.01159807,0.285675,0.323196,0.391128
1487,OK,,185.0,244.8370776,14.2005505,141.666667,123.6,2513.157123,55.4098554,0.264027081,1.37735318,0.008174163,0.003272233,83.6,1.6722,0.011446396,0.285675,0.323196,0.391128
1488,OK,,185.0,244.8370776,14.2005505,142.777778,123.6,2532.868157,55.8444425,0.173647165,1.64150946,0.009712004,0.002144562,83.6,1.6722,0.011856567,0.285675,0.323196,0.391128
1489,OK,,185.0,244.8370776,14.2005505,143.888889,123.6,2552.579191,56.2790296,0.110479411,1.94884911,0.0114932,0.001358965,83.6,1.6722,0.012852165,0.285675,0.323196,0.391128
1490,OK,,185.0,244.8370776,14.2005505,145.0,123.6,2572.290225,56.7136167,0.07025369,2.30814704,0.013562754,0.000860207,83.6,1.6722,0.01442296,0.285675,0.323196,0.391128
1491,OK,,185.0,249.946219,14.4968807,135.0,123.6,2394.890899,52.8023328,1.21652899,0.542428774,0.003264185,0.015262896,83.6,1.6722,0.018527082,0.285675,0.323196,0.391128
1492,OK,,185.0,249.946219,14.4968807,136.111111,123.6,2414.601934,53.2369199,1.034338,0.619024663,0.003716421,0.012955185,83.6,1.6722,0.016671607,0.285675,0.323196,0.391128
1493,OK,,185.0,249.946219,14.4968807,137.222222,123.6,2434.312968,53.671507,0.863676907,0.709268326,0.00424795,0.010796951,83.6,1.6722,0.015044901,0.285675,0.323196,0.391128
1494,OK,,185.0,249.946219,14.4968807,138.333333,123.6,2454.024002,54.1060941,0.701839773,0.818500506,0.004889945,0.008755422,83.6,1.6722,0.013645367,0.285675,0.323196,0.391128
1495,OK,,185.0,249.946219,14.4968807,139.444444,123.6,2473.735036,54.5406812,0.549243121,0.953519417,0.005681832,0.006836095,83.6,1.6722,0.012517926,0.285675,0.323196,0.391128
1496,OK,,185.0,249.946219,14.4968807,140.555556,123.6,2493.446088,54.9752683,0.415297862,1.1148438,0.006625177,0.005155297,83.6,1.6722,0.011780474,0.285675,0.323196,0.391128
1497,OK,,185.0,249.946219,14.4968807,141.666667,123.6,2513.157123,55.4098554,0.296911041,1.31585267,0.007797496,0.003674812,83.6,1.6722,0.011472308,0.285675,0.323196,0.391128
1498,OK,,185.0,249.946219,14.4968807,142.777778,123.6,2532.868157,55.8444425,0.20241574,1.56360451,0.009235633,0.002496369,83.6,1.6722,0.011732002,0.285675,0.323196,0.391128
1499,OK,,185.0,249.946219,14.4968807,143.888889,123.6,2552.579191,56.2790296,0.132272222,1.8480512,0.010881196,0.001624945,83.6,1.6722,0.01250614,0.285675,0.323196,0.391128
1500,OK,,185.0,249.946219,14.4968807,145.0,123.6,2572.290225,56.7136167,0.081863385,2.20049288,0.012913089,0.001001434,83.6,1.6722,0.013914523,0.285675,0.323196,0.391128
1501,OK,,185.0,255.0553621,14.793211,135.0,123.6,2394.890899,52.8023328,1.27359184,0.52647421,0.003162774,0.015949166,83.6,1.6722,0.01911194,0.285675,0.323196,0.391128
1502,OK,,185.0,255.0553621,14.793211,136.111111,123.6,2414.601934,53.2369199,1.08998562,0.599308659,0.003591994,0.013627307,83.6,1.6722,0.017219301,0.285675,0.323196,0.391128
1503,OK,,185.0,255.0553621,14.793211,137.222222,123.6,2434.312968,53.671507,0.91443562,0.686202898,0.004102994,0.011411739,83.6,1.6722,0.015514733,0.285675,0.323196,0.391128
1504,OK,,185.0,255.0553621,14.793211,138.333333,123.6,2454.024002,54.1060941,0.749649376,0.789964518,0.004711771,0.009336268,83.6,1.6722,0.014048039,0.285675,0.323196,0.391128
1505,OK,,185.0,255.0553621,14.793211,139.444444,123.6,2473.735036,54.5406812,0.596830438,0.914999282,0.005443595,0.007416168,83.6,1.6722,0.012859763,0.285675,0.323196,0.391128
1506,OK,,185.0,255.0553621,14.793211,140.555556,123.6,2493.446088,54.9752683,0.454870224,1.07025132,0.006350261,0.005638083,83.6,1.6722,0.011988344,0.285675,0.323196,0.391128
1507,OK,,185.0,255.0553621,14.793211,141.666667,123.6,2513.157123,55.4098554,0.332687786,1.2632181,0.007472482,0.004111218,83.6,1.6722,0.0115837,0.285675,0.323196,0.391128
1508,OK,,185.0,255.0553621,14.793211,142.777778,123.6,2532.868157,55.8444425,0.23208867,1.48819706,0.008777493,0.002858655,83.6,1.6722,0.011636148,0.285675,0.323196,0.391128
1509,OK,,185.0,255.0553621,14.793211,143.888889,123.6,2552.579191,56.2790296,0.150853213,1.77016807,0.010408034,0.001851263,83.6,1.6722,0.012259297,0.285675,0.323196,0.391128
1510,OK,,185.0,255.0553621,14.793211,145.0,123.6,2572.290225,56.7136167,0.095960172,2.09403104,0.01227199,0.001172737,83.6,1.6722,0.013444727,0.285675,0.323196,0.391128
1511,OK,,185.0,260.1645052,15.0895413,135.0,123.6,2394.890899,52.8023328,1.32460158,0.513128816,0.003077369,0.016558908,83.6,1.6722,0.019636277,0.285675,0.323196,0.391128
1512,OK,,185.0,260.1645052,15.0895413,136.111111,123.6,2414.601934,53.2369199,1.14465668,0.581217503,0.003477695,0.014285007,83.6,1.6722,0.017762702,0.285675,0.323196,0.391128
1513,OK,,185.0,260.1645052,15.0895413,137.222222,123.6,2434.312968,53.671507,0.967744139,0.663612945,0.003961328,0.012055632,83.6,1.6722,0.01601696,0.285675,0.323196,0.391128
1514,OK,,185.0,260.1645052,15.0895413,138.333333,123.6,2454.024002,54.1060941,0.798321204,0.763100209,0.004544099,0.009925735,83.6,1.6722,0.014469834,0.285675,0.323196,0.391128
1515,OK,,185.0,260.1645052,15.0895413,139.444444,123.6,2473.735036,54.5406812,0.643822049,0.885054743,0.005255784,0.007985887,83.6,1.6722,0.013241671,0.285675,0.323196,0.391128
1516,OK,,185.0,260.1645052,15.0895413,140.555556,123.6,2493.446088,54.9752683,0.49896269,1.03061737,0.006104083,0.006174028,83.6,1.6722,0.012278111,0.285675,0.323196,0.391128
1517,OK,,185.0,260.1645052,15.0895413,141.666667,123.6,2513.157123,55.4098554,0.371581517,1.20623639,0.007124589,0.004585139,83.6,1.6722,0.011709728,0.285675,0.323196,0.391128
1518,OK,,185.0,260.1645052,15.0895413,142.777778,123.6,2532.868157,55.8444425,0.260811445,1.42494947,0.008392042,0.003208332,83.6,1.6722,0.011600373,0.285675,0.323196,0.391128
1519,OK,,185.0,260.1645052,15.0895413,143.888889,123.6,2552.579191,56.2790296,0.173508,1.68882167,0.009915698,0.002126838,83.6,1.6722,0.012042536,0.285675,0.323196,0.391128
1520,OK,,185.0,260.1645052,15.0895413,145.0,123.6,2572.290225,56.7136167,0.111034294,1.99978962,0.011703724,0.001355599,83.6,1.6722,0.013059322,0.285675,0.323196,0.391128
1521,OK,,185.0,265.2736483,15.3858716,135.0,123.6,2394.890899,52.8023328,1.38218323,0.498767795,0.002986136,0.017246576,83.6,1.6722,0.020232711,0.285675,0.323196,0.391128
1522,OK,,185.0,265.2736483,15.3858716,136.111111,123.6,2414.601934,53.2369199,1.19612502,0.56527918,0.003376639,0.014901211,83.6,1.6722,0.018277849,0.285675,0.323196,0.391128
1523,OK,,185.0,265.2736483,15.3858716,137.222222,123.6,2434.312968,53.671507,1.01483262,0.645101862,0.003844449,0.012621104,83.6,1.6722,0.016465553,0.285675,0.323196,0.391128
1524,OK,,185.0,265.2736483,15.3858716,138.333333,123.6,2454.024002,54.1060941,0.853378592,0.738883474,0.004391681,0.010589913,83.6,1.6722,0.014981593,0.285675,0.323196,0.391128
1525,OK,,185.0,265.2736483,15.3858716,139.444444,123.6,2473.735036,54.5406812,0.690702978,0.853276448,0.005058922,0.008553379,83.6,1.6722,0.013612301,0.285675,0.323196,0.391128
1526,OK,,185.0,265.2736483,15.3858716,140.555556,123.6,2493.446088,54.9752683,0.543511656,0.989438961,0.005850977,0.006714642,83.6,1.6722,0.012565619,0.285675,0.323196,0.391128
1527,OK,,185.0,265.2736483,15.3858716,141.666667,123.6,2513.157123,55.4098554,0.408250034,1.15845474,0.006831865,0.005030391,83.6,1.6722,0.011862256,0.285675,0.323196,0.391128
1528,OK,,185.0,265.2736483,15.3858716,142.777778,123.6,2532.868157,55.8444425,0.295613067,1.35759643,0.007983582,0.003631442,83.6,1.6722,0.011615024,0.285675,0.323196,0.391128
1529,OK,,185.0,265.2736483,15.3858716,143.888889,123.6,2552.579191,56.2790296,0.196960192,1.61659295,0.009477974,0.002411476,83.6,1.6722,0.01188945,0.285675,0.323196,0.391128
1530,OK,,185.0,265.2736483,15.3858716,145.0,123.6,2572.290225,56.7136167,0.12778695,1.91191093,0.011174008,0.001558514,83.6,1.6722,0.012732521,0.285675,0.323196,0.391128
1531,OK,,185.0,270.3827897,15.6822018,135.0,123.6,2394.890899,52.8023328,1.4400458,0.485147232,0.002899628,0.017935084,83.6,1.6722,0.020834713,0.285675,0.323196,0.391128
1532,OK,,185.0,270.3827897,15.6822018,136.111111,123.6,2414.601934,53.2369199,1.24180918,0.552011508,0.003291861,0.015444821,83.6,1.6722,0.018736681,0.285675,0.323196,0.391128
1533,OK,,185.0,270.3827897,15.6822018,137.222222,123.6,2434.312968,53.671507,1.07521253,0.62607548,0.003723995,0.013345149,83.6,1.6722,0.017069144,0.285675,0.323196,0.391128
1534,OK,,185.0,270.3827897,15.6822018,138.333333,123.6,2454.024002,54.1060941,0.901226371,0.716228277,0.004250047,0.011165054,83.6,1.6722,0.015415101,0.285675,0.323196,0.391128
1535,OK,,185.0,270.3827897,15.6822018,139.444444,123.6,2473.735036,54.5406812,0.739649113,0.822698781,0.004869762,0.00914422,83.6,1.6722,0.014013982,0.285675,0.323196,0.391128
1536,OK,,185.0,270.3827897,15.6822018,140.555556,123.6,2493.446088,54.9752683,0.595204138,0.946031096,0.005585428,0.007340567,83.6,1.6722,0.012925994,0.285675,0.323196,0.391128
1537,OK,,185.0,270.3827897,15.6822018,141.666667,123.6,2513.157123,55.4098554,0.446617911,1.1133145,0.006555525,0.005495106,83.6,1.6722,0.012050631,0.285675,0.323196,0.391128
1538,OK,,185.0,270.3827897,15.6822018,142.777778,123.6,2532.868157,55.8444425,0.323217941,1.31060776,0.007695593,0.003965495,83.6,1.6722,0.011661088,0.285675,0.323196,0.391128
1539,OK,,185.0,270.3827897,15.6822018,143.888889,123.6,2552.579191,56.2790296,0.226156581,1.53875251,0.009008693,0.002765451,83.6,1.6722,0.011774145,0.285675,0.323196,0.391128
1540,OK,,185.0,270.3827897,15.6822018,145.0,123.6,2572.290225,56.7136167,0.148124066,1.82187119,0.010633158,0.001804581,83.6,1.6722,0.012437739,0.285675,0.323196,0.391128
1541,OK,,185.0,275.4919328,15.9785321,135.0,123.6,2394.890899,52.8023328,1.49402701,0.47318045,0.00282329,0.018573965,83.6,1.6722,0.021397255,0.285675,0.323196,0.391128
1542,OK,,185.0,275.4919328,15.9785321,136.111111,123.6,2414.601934,53.2369199,1.31061945,0.535733432,0.003188659,0.016265362,83.6,1.6722,0.019454021,0.285675,0.323196,0.391128
1543,OK,,185.0,275.4919328,15.9785321,137.222222,123.6,2434.312968,53.671507,1.12976391,0.607156957,0.003605438,0.013997159,83.6,1.6722,0.017602597,0.285675,0.323196,0.391128
1544,OK,,185.0,275.4919328,15.9785321,138.333333,123.6,2454.024002,54.1060941,0.951212918,0.694079275,0.004111846,0.011764284,83.6,1.6722,0.01587613,0.285675,0.323196,0.391128
1545,OK,,185.0,275.4919328,15.9785321,139.444444,123.6,2473.735036,54.5406812,0.79218729,0.792406077,0.004682855,0.009776814,83.6,1.6722,0.01445967,0.285675,0.323196,0.391128
1546,OK,,185.0,275.4919328,15.9785321,140.555556,123.6,2493.446088,54.9752683,0.634581664,0.916269282,0.005401144,0.007814702,83.6,1.6722,0.013215846,0.285675,0.323196,0.391128
1547,OK,,185.0,275.4919328,15.9785321,141.666667,123.6,2513.157123,55.4098554,0.488078305,1.06911038,0.006285485,0.005996134,83.6,1.6722,0.012281619,0.285675,0.323196,0.391128
1548,OK,,185.0,275.4919328,15.9785321,142.777778,123.6,2532.868157,55.8444425,0.361018896,1.25236815,0.00734259,0.004422927,83.6,1.6722,0.011765518,0.285675,0.323196,0.391128
1549,OK,,185.0,275.4919328,15.9785321,143.888889,123.6,2552.579191,56.2790296,0.256835319,1.46819233,0.008583111,0.003136514,83.6,1.6722,0.011719625,0.285675,0.323196,0.391128
1550,OK,,185.0,275.4919328,15.9785321,145.0,123.6,2572.290225,56.7136167,0.170390803,1.73854047,0.010132679,0.002073511,83.6,1.6722,0.012206189,0.285675,0.323196,0.391128
1551,OK,,185.0,280.6010759,16.2748624,135.0,123.6,2394.890899,52.8023328,1.55015095,0.464016114,0.002763291,0.019233627,83.6,1.6722,0.021996918,0.285675,0.323196,0.391128
1552,OK,,185.0,280.6010759,16.2748624,136.111111,123.6,2414.601934,53.2369199,1.36282691,0.522189056,0.003102781,0.016883208,83.6,1.6722,0.019985989,0.285675,0.323196,0.391128
1553,OK,,185.0,280.6010759,16.2748624,137.222222,123.6,2434.312968,53.671507,1.17994097,0.590910427,0.003503087,0.01459346,83.6,1.6722,0.018096548,0.285675,0.323196,0.391128
1554,OK,,185.0,280.6010759,16.2748624,138.333333,123.6,2454.024002,54.1060941,1.00353006,0.672405322,0.003976848,0.012389484,83.6,1.6722,0.016366331,0.285675,0.323196,0.391128
1555,OK,,185.0,280.6010759,16.2748624,139.444444,123.6,2473.735036,54.5406812,0.838660156,0.767798102,0.004530038,0.010333226,83.6,1.6722,0.014863265,0.285675,0.323196,0.391128
1556,OK,,185.0,280.6010759,16.2748624,140.555556,123.6,2493.446088,54.9752683,0.677185786,0.886330297,0.005216292,0.008326224,83.6,1.6722,0.013542516,0.285675,0.323196,0.391128
1557,OK,,185.0,280.6010759,16.2748624,141.666667,123.6,2513.157123,55.4098554,0.531179829,1.02747201,0.006031227,0.006515432,83.6,1.6722,0.01254666,0.285675,0.323196,0.391128
1558,OK,,185.0,280.6010759,16.2748624,142.777778,123.6,2532.868157,55.8444425,0.398771461,1.20069247,0.007028889,0.004878319,83.6,1.6722,0.011907208,0.285675,0.323196,0.391128
1559,OK,,185.0,280.6010759,16.2748624,143.888889,123.6,2552.579191,56.2790296,0.279523326,1.42216226,0.008299719,0.003407662,83.6,1.6722,0.011707381,0.285675,0.323196,0.391128
1560,OK,,185.0,280.6010759,16.2748624,145.0,123.6,2572.290225,56.7136167,0.192919606,1.66622831,0.009697353,0.002344928,83.6,1.6722,0.012042281,0.285675,0.323196,0.391128
1561,OK,,185.0,285.710219,16.5711927,135.0,123.6,2394.890899,52.8023328,1.60811543,0.452304549,0.00268897,0.019916154,83.6,1.6722,0.022605124,0.285675,0.323196,0.391128
1562,OK,,185.0,285.710219,16.5711927,136.111111,123.6,2414.601934,53.2369199,1.42227008,0.507438475,0.003010051,0.017586938,83.6,1.6722,0.020596989,0.285675,0.323196,0.391128
1563,OK,,185.0,285.710219,16.5711927,137.222222,123.6,2434.312968,53.671507,1.23290995,0.574631646,0.003400925,0.015222096,83.6,1.6722,0.018623021,0.285675,0.323196,0.391128
1564,OK,,185.0,285.710219,16.5711927,138.333333,123.6,2454.024002,54.1060941,1.0578196,0.651314092,0.003845778,0.013036905,83.6,1.6722,0.016882683,0.285675,0.323196,0.391128
1565,OK,,185.0,285.710219,16.5711927,139.444444,123.6,2473.735036,54.5406812,0.887068817,0.743809757,0.004381407,0.010911791,83.6,1.6722,0.015293198,0.285675,0.323196,0.391128
1566,OK,,185.0,285.710219,16.5711927,140.555556,123.6,2493.446088,54.9752683,0.726508999,0.854071529,0.005018451,0.008918017,83.6,1.6722,0.013936468,0.285675,0.323196,0.391128
1567,OK,,185.0,285.710219,16.5711927,141.666667,123.6,2513.157123,55.4098554,0.575808125,0.988170531,0.005791505,0.00705191,83.6,1.6722,0.012843415,0.285675,0.323196,0.391128
1568,OK,,185.0,285.710219,16.5711927,142.777778,123.6,2532.868157,55.8444425,0.437427311,1.15308902,0.006739975,0.005343544,83.6,1.6722,0.012083519,0.285675,0.323196,0.391128
1569,OK,,185.0,285.710219,16.5711927,143.888889,123.6,2552.579191,56.2790296,0.319869352,1.34846101,0.007859992,0.003896067,83.6,1.6722,0.011756059,0.285675,0.323196,0.391128
1570,OK,,185.0,285.710219,16.5711927,145.0,123.6,2572.290225,56.7136167,0.21927293,1.59257231,0.009255587,0.002662094,83.6,1.6722,0.011917681,0.285675,0.323196,0.391128
1571,OK,,185.0,290.8193603,16.8675229,135.0,123.6,2394.890899,52.8023328,1.66494931,0.441475707,0.002620109,0.020582021,83.6,1.6722,0.02320213,0.285675,0.323196,0.391128
1572,OK,,185.0,290.8193603,16.8675229,136.111111,123.6,2414.601934,53.2369199,1.47869615,0.494281284,0.002927041,0.018251239,83.6,1.6722,0.02117828,0.285675,0.323196,0.391128
1573,OK,,185.0,290.8193603,16.8675229,137.222222,123.6,2434.312968,53.671507,1.29470749,0.556641116,0.003288904,0.015954564,83.6,1.6722,0.019243468,0.285675,0.323196,0.391128
1574,OK,,185.0,290.8193603,16.8675229,138.333333,123.6,2454.024002,54.1060941,1.11290321,0.631321631,0.003721555,0.013691264,83.6,1.6722,0.017412819,0.285675,0.323196,0.391128
1575,OK,,185.0,290.8193603,16.8675229,139.444444,123.6,2473.735036,54.5406812,0.933046445,0.722602116,0.004249554,0.011458697,83.6,1.6722,0.01570825,0.285675,0.323196,0.391128
1576,OK,,185.0,290.8193603,16.8675229,140.555556,123.6,2493.446088,54.9752683,0.773662343,0.825723023,0.004844093,0.009481328,83.6,1.6722,0.014325421,0.285675,0.323196,0.391128
1577,OK,,185.0,290.8193603,16.8675229,141.666667,123.6,2513.157123,55.4098554,0.616974163,0.955122368,0.005589001,0.007544575,83.6,1.6722,0.013133576,0.285675,0.323196,0.391128
1578,OK,,185.0,290.8193603,16.8675229,142.777778,123.6,2532.868157,55.8444425,0.47903678,1.10676368,0.006459282,0.00584302,83.6,1.6722,0.012302302,0.285675,0.323196,0.391128
1579,OK,,185.0,290.8193603,16.8675229,143.888889,123.6,2552.579191,56.2790296,0.354872652,1.29266951,0.007523587,0.004316455,83.6,1.6722,0.011840042,0.285675,0.323196,0.391128
1580,OK,,185.0,290.8193603,16.8675229,145.0,123.6,2572.290225,56.7136167,0.249599167,1.51901208,0.00881547,0.003026408,83.6,1.6722,0.011841878,0.285675,0.323196,0.391128
1581,Errors,,185.0,295.9285034,17.1638532,135.0,123.6,2394.890899,52.8023328,1.54374324,0.463231652,0.002740969,0.019120403,83.6,1.6722,0.021861372,0.285675,0.323196,0.391128
1582,OK,,185.0,295.9285034,17.1638532,136.111111,123.6,2414.601934,53.2369199,1.53292986,0.482314548,0.002851358,0.018886918,83.6,1.6722,0.021738277,0.285675,0.323196,0.391128
1583,OK,,185.0,295.9285034,17.1638532,137.222222,123.6,2434.312968,53.671507,1.35078938,0.541390629,0.003193441,0.016615621,83.6,1.6722,0.019809062,0.285675,0.323196,0.391128
1584,OK,,185.0,295.9285034,17.1638532,138.333333,123.6,2454.024002,54.1060941,1.16638472,0.613149026,0.003608454,0.014324075,83.6,1.6722,0.017932529,0.285675,0.323196,0.391128
1585,OK,,185.0,295.9285034,17.1638532,139.444444,123.6,2473.735036,54.5406812,0.997636799,0.694397097,0.004076974,0.012228094,83.6,1.6722,0.016305068,0.285675,0.323196,0.391128
1586,OK,,185.0,295.9285034,17.1638532,140.555556,123.6,2493.446088,54.9752683,0.82067159,0.799491536,0.004682678,0.010041113,83.6,1.6722,0.014723791,0.285675,0.323196,0.391128
1587,OK,,185.0,295.9285034,17.1638532,141.666667,123.6,2513.157123,55.4098554,0.667420964,0.917626364,0.005361132,0.008147892,83.6,1.6722,0.013509024,0.285675,0.323196,0.391128
1588,OK,,185.0,295.9285034,17.1638532,142.777778,123.6,2532.868157,55.8444425,0.525596339,1.059765,0.006175514,0.006400799,83.6,1.6722,0.012576313,0.285675,0.323196,0.391128
1589,OK,,185.0,295.9285034,17.1638532,143.888889,123.6,2552.579191,56.2790296,0.39177187,1.2400886,0.007206773,0.004758583,83.6,1.6722,0.011965356,0.285675,0.323196,0.391128
1590,OK,,185.0,295.9285034,17.1638532,145.0,123.6,2572.290225,56.7136167,0.281816623,1.45095403,0.008408055,0.00341227,83.6,1.6722,0.011820325,0.285675,0.323196,0.391128
1591,OK,,185.0,301.0376466,17.4601835,135.0,123.6,2394.890899,52.8023328,1.77790197,0.421380945,0.002492333,0.0218981,83.6,1.6722,0.024390433,0.285675,0.323196,0.391128
1592,OK,,185.0,301.0376466,17.4601835,136.111111,123.6,2414.601934,53.2369199,1.59461132,0.469333862,0.002769905,0.019609428,83.6,1.6722,0.022379333,0.285675,0.323196,0.391128
1593,OK,,185.0,301.0376466,17.4601835,137.222222,123.6,2434.312968,53.671507,1.41234013,0.525508653,0.003094559,0.017339748,83.6,1.6722,0.020434307,0.285675,0.323196,0.391128
1594,OK,,185.0,301.0376466,17.4601835,138.333333,123.6,2454.024002,54.1060941,1.22428016,0.594583647,0.00349338,0.015007417,83.6,1.6722,0.018500796,0.285675,0.323196,0.391128
1595,OK,,185.0,301.0376466,17.4601835,139.444444,123.6,2473.735036,54.5406812,1.04393801,0.675974026,0.003962346,0.012775127,83.6,1.6722,0.016737472,0.285675,0.323196,0.391128
1596,OK,,185.0,301.0376466,17.4601835,140.555556,123.6,2493.446088,54.9752683,0.875591623,0.770867422,0.004507744,0.010694303,83.6,1.6722,0.015202047,0.285675,0.323196,0.391128
1597,OK,,185.0,301.0376466,17.4601835,141.666667,123.6,2513.157123,55.4098554,0.714349304,0.885771437,0.005166832,0.008706686,83.6,1.6722,0.013873518,0.285675,0.323196,0.391128
1598,OK,,185.0,301.0376466,17.4601835,142.777778,123.6,2532.868157,55.8444425,0.563442634,1.02529126,0.005965387,0.006851798,83.6,1.6722,0.012817186,0.285675,0.323196,0.391128
1599,OK,,185.0,301.0376466,17.4601835,143.888889,123.6,2552.579191,56.2790296,0.431247001,1.18949875,0.006902385,0.00523047,83.6,1.6722,0.012132855,0.285675,0.323196,0.391128
1600,OK,,185.0,301.0376466,17.4601835,145.0,123.6,2572.290225,56.7136167,0.315155271,1.38903317,0.008037805,0.003811225,83.6,1.6722,0.01184903,0.285675,0.323196,0.391128
1601,OK,,185.0,306.1467897,17.7565138,135.0,123.6,2394.890899,52.8023328,1.841058,0.41084724,0.002425857,0.022631957,83.6,1.6722,0.025057814,0.285675,0.323196,0.391128
1602,OK,,185.0,306.1467897,17.7565138,136.111111,123.6,2414.601934,53.2369199,1.6434407,0.45971269,0.002708564,0.020175674,83.6,1.6722,0.022884238,0.285675,0.323196,0.391128
1603,OK,,185.0,306.1467897,17.7565138,137.222222,123.6,2434.312968,53.671507,1.45846714,0.514508691,0.003024728,0.017876742,83.6,1.6722,0.020901469,0.285675,0.323196,0.391128
1604,OK,,185.0,306.1467897,17.7565138,138.333333,123.6,2454.024002,54.1060941,1.2774697,0.578651493,0.003394142,0.015632246,83.6,1.6722,0.019026388,0.285675,0.323196,0.391128
1605,OK,,185.0,306.1467897,17.7565138,139.444444,123.6,2473.735036,54.5406812,1.09481625,0.656782463,0.003843548,0.013374938,83.6,1.6722,0.017218486,0.285675,0.323196,0.391128
1606,OK,,185.0,306.1467897,17.7565138,140.555556,123.6,2493.446088,54.9752683,0.925266537,0.746986872,0.004361044,0.011282133,83.6,1.6722,0.015643176,0.285675,0.323196,0.391128
1607,OK,,185.0,306.1467897,17.7565138,141.666667,123.6,2513.157123,55.4098554,0.76409553,0.854487274,0.004976449,0.009297664,83.6,1.6722,0.014274112,0.285675,0.323196,0.391128
1608,OK,,185.0,306.1467897,17.7565138,142.777778,123.6,2532.868157,55.8444425,0.610690335,0.985447969,0.005724684,0.007414487,83.6,1.6722,0.013139172,0.285675,0.323196,0.391128
1609,OK,,185.0,306.1467897,17.7565138,143.888889,123.6,2552.579191,56.2790296,0.471269641,1.14327133,0.006624089,0.005707513,83.6,1.6722,0.012331602,0.285675,0.323196,0.391128
1610,OK,,185.0,306.1467897,17.7565138,145.0,123.6,2572.290225,56.7136167,0.34871298,1.33367469,0.007706085,0.004211379,83.6,1.6722,0.011917464,0.285675,0.323196,0.391128
1611,OK,,185.0,311.255931,18.052844,135.0,123.6,2394.890899,52.8023328,1.89886908,0.401734881,0.002367993,0.02329922,83.6,1.6722,0.025667213,0.285675,0.323196,0.391128
1612,OK,,185.0,311.255931,18.052844,136.111111,123.6,2414.601934,53.2369199,1.70639053,0.447650361,0.002632993,0.020907874,83.6,1.6722,0.023540866,0.285675,0.323196,0.391128
1613,OK,,185.0,311.255931,18.052844,137.222222,123.6,2434.312968,53.671507,1.51623622,0.501138155,0.002941162,0.018550568,83.6,1.6722,0.02149173,0.285675,0.323196,0.391128
1614,OK,,185.0,311.255931,18.052844,138.333333,123.6,2454.024002,54.1060941,1.33139249,0.563377158,0.003299052,0.016263237,83.6,1.6722,0.019562289,0.285675,0.323196,0.391128
1615,OK,,185.0,311.255931,18.052844,139.444444,123.6,2473.735036,54.5406812,1.15151493,0.636596242,0.003719276,0.014042183,83.6,1.6722,0.017761459,0.285675,0.323196,0.391128
1616,OK,,185.0,311.255931,18.052844,140.555556,123.6,2493.446088,54.9752683,0.975061112,0.724631866,0.004223669,0.011869284,83.6,1.6722,0.016092953,0.285675,0.323196,0.391128
1617,OK,,185.0,311.255931,18.052844,141.666667,123.6,2513.157123,55.4098554,0.811769142,0.826786498,0.004807459,0.009861635,83.6,1.6722,0.014669094,0.285675,0.323196,0.391128
1618,OK,,185.0,311.255931,18.052844,142.777778,123.6,2532.868157,55.8444425,0.655416428,0.951036712,0.005516152,0.007945012,83.6,1.6722,0.013461163,0.285675,0.323196,0.391128
1619,OK,,185.0,311.255931,18.052844,143.888889,123.6,2552.579191,56.2790296,0.511662158,1.10094182,0.006369086,0.006187502,83.6,1.6722,0.012556588,0.285675,0.323196,0.391128
1620,OK,,185.0,311.255931,18.052844,145.0,123.6,2572.290225,56.7136167,0.381723223,1.28498453,0.007412057,0.004601898,83.6,1.6722,0.012013954,0.285675,0.323196,0.391128
1621,OK,,185.0,316.3650741,18.3491743,135.0,123.6,2394.890899,52.8023328,1.96513446,0.391654302,0.002304608,0.024064606,83.6,1.6722,0.026369214,0.285675,0.323196,0.391128
1622,OK,,185.0,316.3650741,18.3491743,136.111111,123.6,2414.601934,53.2369199,1.76811514,0.436432638,0.002562657,0.021623122,83.6,1.6722,0.024185779,0.285675,0.323196,0.391128
1623,OK,,185.0,316.3650741,18.3491743,137.222222,123.6,2434.312968,53.671507,1.57249776,0.48879616,0.002863926,0.01920436,83.6,1.6722,0.022068286,0.285675,0.323196,0.391128
1624,OK,,185.0,316.3650741,18.3491743,138.333333,123.6,2454.024002,54.1060941,1.38981912,0.547643919,0.003201592,0.016945982,83.6,1.6722,0.020147574,0.285675,0.323196,0.391128
1625,OK,,185.0,316.3650741,18.3491743,139.444444,123.6,2473.735036,54.5406812,1.2048365,0.6188278,0.003609542,0.014667004,83.6,1.6722,0.018276545,0.285675,0.323196,0.391128
1626,OK,,185.0,316.3650741,18.3491743,140.555556,123.6,2493.446088,54.9752683,1.02717217,0.702660929,0.004088983,0.012482378,83.6,1.6722,0.01657136,0.285675,0.323196,0.391128
1627,OK,,185.0,316.3650741,18.3491743,141.666667,123.6,2513.157123,55.4098554,0.860379793,0.800481406,0.004647118,0.010435164,83.6,1.6722,0.015082281,0.285675,0.323196,0.391128
1628,OK,,185.0,316.3650741,18.3491743,142.777778,123.6,2532.868157,55.8444425,0.703098708,0.917161948,0.00531138,0.008509401,83.6,1.6722,0.013820781,0.285675,0.323196,0.391128
1629,OK,,185.0,316.3650741,18.3491743,143.888889,123.6,2552.579191,56.2790296,0.553617027,1.06076095,0.006127268,0.006684879,83.6,1.6722,0.012812147,0.285675,0.323196,0.391128
1630,OK,,185.0,316.3650741,18.3491743,145.0,123.6,2572.290225,56.7136167,0.422838574,1.22964603,0.00708389,0.005092273,83.6,1.6722,0.012176163,0.285675,0.323196,0.391128
1631,OK,,185.0,321.4742172,18.6455046,135.0,123.6,2394.890899,52.8023328,2.01661517,0.384335696,0.002257717,0.024652271,83.6,1.6722,0.026909987,0.285675,0.323196,0.391128
1632,OK,,185.0,321.4742172,18.6455046,136.111111,123.6,2414.601934,53.2369199,1.82322747,0.426979813,0.002502923,0.022257307,83.6,1.6722,0.02476023,0.285675,0.323196,0.391128
1633,OK,,185.0,321.4742172,18.6455046,137.222222,123.6,2434.312968,53.671507,1.62264792,0.478462593,0.002798709,0.019783218,83.6,1.6722,0.022581927,0.285675,0.323196,0.391128
1634,OK,,185.0,321.4742172,18.6455046,138.333333,123.6,2454.024002,54.1060941,1.44991687,0.532391026,0.003107284,0.017646454,83.6,1.6722,0.020753738,0.285675,0.323196,0.391128
1635,OK,,185.0,321.4742172,18.6455046,139.444444,123.6,2473.735036,54.5406812,1.2585044,0.601969094,0.003505445,0.015293705,83.6,1.6722,0.018799149,0.285675,0.323196,0.391128
1636,OK,,185.0,321.4742172,18.6455046,140.555556,123.6,2493.446088,54.9752683,1.08132642,0.68115872,0.003957445,0.01311771,83.6,1.6722,0.017075155,0.285675,0.323196,0.391128
1637,OK,,185.0,321.4742172,18.6455046,141.666667,123.6,2513.157123,55.4098554,0.908149158,0.776402658,0.004500158,0.010996721,83.6,1.6722,0.015496879,0.285675,0.323196,0.391128
1638,OK,,185.0,321.4742172,18.6455046,142.777778,123.6,2532.868157,55.8444425,0.748677852,0.887336491,0.005130612,0.009046811,83.6,1.6722,0.014177422,0.285675,0.323196,0.391128
1639,OK,,185.0,321.4742172,18.6455046,143.888889,123.6,2552.579191,56.2790296,0.599452297,1.02055227,0.005885975,0.007227069,83.6,1.6722,0.013113045,0.285675,0.323196,0.391128
1640,OK,,185.0,321.4742172,18.6455046,145.0,123.6,2572.290225,56.7136167,0.463589612,1.18066148,0.006791523,0.005574903,83.6,1.6722,0.012366425,0.285675,0.323196,0.391128
1641,OK,,185.0,326.5833603,18.9418349,135.0,123.6,2394.890899,52.8023328,2.07617807,0.376097286,0.002205548,0.025332942,83.6,1.6722,0.02753849,0.285675,0.323196,0.391128
1642,OK,,185.0,326.5833603,18.9418349,136.111111,123.6,2414.601934,53.2369199,1.87343724,0.418801615,0.002450859,0.02283121,83.6,1.6722,0.025282069,0.285675,0.323196,0.391128
1643,OK,,185.0,326.5833603,18.9418349,137.222222,123.6,2434.312968,53.671507,1.68835714,0.465255324,0.002716851,0.020544042,83.6,1.6722,0.023260892,0.285675,0.323196,0.391128
1644,OK,,185.0,326.5833603,18.9418349,138.333333,123.6,2454.024002,54.1060941,1.49582457,0.521505324,0.003038684,0.018175182,83.6,1.6722,0.021213866,0.285675,0.323196,0.391128
1645,OK,,185.0,326.5833603,18.9418349,139.444444,123.6,2473.735036,54.5406812,1.30965413,0.586836463,0.003411714,0.015888227,83.6,1.6722,0.019299942,0.285675,0.323196,0.391128
1646,OK,,185.0,326.5833603,18.9418349,140.555556,123.6,2493.446088,54.9752683,1.13541899,0.661036841,0.003834315,0.013750011,83.6,1.6722,0.017584325,0.285675,0.323196,0.391128
1647,OK,,185.0,326.5833603,18.9418349,141.666667,123.6,2513.157123,55.4098554,0.962734809,0.750570785,0.004343474,0.011637507,83.6,1.6722,0.01598098,0.285675,0.323196,0.391128
1648,OK,,185.0,326.5833603,18.9418349,142.777778,123.6,2532.868157,55.8444425,0.794396161,0.859554547,0.004962163,0.009584115,83.6,1.6722,0.014546278,0.285675,0.323196,0.391128
1649,OK,,185.0,326.5833603,18.9418349,143.888889,123.6,2552.579191,56.2790296,0.643072634,0.985580807,0.005675508,0.007741102,83.6,1.6722,0.01341661,0.285675,0.323196,0.391128
1650,OK,,185.0,326.5833603,18.9418349,145.0,123.6,2572.290225,56.7136167,0.50393169,1.13678486,0.006529267,0.006051187,83.6,1.6722,0.012580454,0.285675,0.323196,0.391128
1651,OK,,185.0,331.6925017,19.2381651,135.0,123.6,2394.890899,52.8023328,2.13428397,0.368412955,0.002156803,0.025993968,83.6,1.6722,0.028150771,0.285675,0.323196,0.391128
1652,OK,,185.0,331.6925017,19.2381651,136.111111,123.6,2414.601934,53.2369199,1.94086409,0.408035819,0.002383778,0.02360584,83.6,1.6722,0.025989618,0.285675,0.323196,0.391128
1653,OK,,185.0,331.6925017,19.2381651,137.222222,123.6,2434.312968,53.671507,1.75032638,0.453508499,0.002643791,0.021257789,83.6,1.6722,0.02390158,0.285675,0.323196,0.391128
1654,OK,,185.0,331.6925017,19.2381651,138.333333,123.6,2454.024002,54.1060941,1.5566085,0.507509028,0.002952195,0.01887848,83.6,1.6722,0.021830674,0.285675,0.323196,0.391128
1655,OK,,185.0,331.6925017,19.2381651,139.444444,123.6,2473.735036,54.5406812,1.36749586,0.570495483,0.003311246,0.016559971,83.6,1.6722,0.019871217,0.285675,0.323196,0.391128
1656,OK,,185.0,331.6925017,19.2381651,140.555556,123.6,2493.446088,54.9752683,1.18535366,0.643642338,0.003727377,0.014330811,83.6,1.6722,0.018058188,0.285675,0.323196,0.391128
1657,OK,,185.0,331.6925017,19.2381651,141.666667,123.6,2513.157123,55.4098554,1.01467717,0.727723002,0.004204515,0.012244682,83.6,1.6722,0.016449198,0.285675,0.323196,0.391128
1658,OK,,185.0,331.6925017,19.2381651,142.777778,123.6,2532.868157,55.8444425,0.846332054,0.830066951,0.004784379,0.010193601,83.6,1.6722,0.014977981,0.285675,0.323196,0.391128
1659,OK,,185.0,331.6925017,19.2381651,143.888889,123.6,2552.579191,56.2790296,0.689241712,0.951394486,0.005470166,0.008283852,83.6,1.6722,0.013754018,0.285675,0.323196,0.391128
1660,OK,,185.0,331.6925017,19.2381651,145.0,123.6,2572.290225,56.7136167,0.535091861,1.10598798,0.006342692,0.006416864,83.6,1.6722,0.012759556,0.285675,0.323196,0.391128
1661,OK,,185.0,336.8016448,19.5344954,135.0,123.6,2394.890899,52.8023328,2.19373699,0.36085834,0.002108968,0.026668159,83.6,1.6722,0.028777127,0.285675,0.323196,0.391128
1662,OK,,185.0,336.8016448,19.5344954,136.111111,123.6,2414.601934,53.2369199,1.99626998,0.399739871,0.002331367,0.024236169,83.6,1.6722,0.026567536,0.285675,0.323196,0.391128
1663,OK,,185.0,336.8016448,19.5344954,137.222222,123.6,2434.312968,53.671507,1.80201793,0.444310043,0.002585839,0.021847825,83.6,1.6722,0.024433663,0.285675,0.323196,0.391128
1664,OK,,185.0,336.8016448,19.5344954,138.333333,123.6,2454.024002,54.1060941,1.61268768,0.495341513,0.002876618,0.01952358,83.6,1.6722,0.022400198,0.285675,0.323196,0.391128
1665,OK,,185.0,336.8016448,19.5344954,139.444444,123.6,2473.735036,54.5406812,1.42604979,0.554809126,0.003214896,0.017237621,83.6,1.6722,0.020452517,0.285675,0.323196,0.391128
1666,OK,,185.0,336.8016448,19.5344954,140.555556,123.6,2493.446088,54.9752683,1.24272902,0.624644235,0.003611466,0.014997567,83.6,1.6722,0.018609033,0.285675,0.323196,0.391128
1667,OK,,185.0,336.8016448,19.5344954,141.666667,123.6,2513.157123,55.4098554,1.06675215,0.706275753,0.00407405,0.01285128,83.6,1.6722,0.01692533,0.285675,0.323196,0.391128
1668,OK,,185.0,336.8016448,19.5344954,142.777778,123.6,2532.868157,55.8444425,0.89802822,0.802867881,0.004620284,0.010798114,83.6,1.6722,0.015418399,0.285675,0.323196,0.391128
1669,OK,,185.0,336.8016448,19.5344954,143.888889,123.6,2552.579191,56.2790296,0.736229174,0.919272254,0.005277257,0.008834526,83.6,1.6722,0.014111783,0.285675,0.323196,0.391128
1670,OK,,185.0,336.8016448,19.5344954,145.0,123.6,2572.290225,56.7136167,0.587822396,1.05707342,0.006052993,0.007037523,83.6,1.6722,0.013090516,0.285675,0.323196,0.391128
1671,OK,,185.0,341.9107879,19.8308257,135.0,123.6,2394.890899,52.8023328,2.25354997,0.353553001,0.002062756,0.027344401,83.6,1.6722,0.029407157,0.285675,0.323196,0.391128
1672,OK,,185.0,341.9107879,19.8308257,136.111111,123.6,2414.601934,53.2369199,2.04928257,0.392140913,0.00228321,0.024836549,83.6,1.6722,0.027119758,0.285675,0.323196,0.391128
1673,OK,,185.0,341.9107879,19.8308257,137.222222,123.6,2434.312968,53.671507,1.86101449,0.43413764,0.002522399,0.022521808,83.6,1.6722,0.025044207,0.285675,0.323196,0.391128
1674,OK,,185.0,341.9107879,19.8308257,138.333333,123.6,2454.024002,54.1060941,1.66993942,0.483540825,0.002803423,0.020180415,83.6,1.6722,0.022983837,0.285675,0.323196,0.391128
1675,OK,,185.0,341.9107879,19.8308257,139.444444,123.6,2473.735036,54.5406812,1.47836288,0.541629,0.003133391,0.01783955,83.6,1.6722,0.020972941,0.285675,0.323196,0.391128
1676,OK,,185.0,341.9107879,19.8308257,140.555556,123.6,2493.446088,54.9752683,1.2965114,0.607932679,0.003509148,0.015619753,83.6,1.6722,0.019128901,0.285675,0.323196,0.391128
1677,OK,,185.0,341.9107879,19.8308257,141.666667,123.6,2513.157123,55.4098554,1.1212359,0.685166399,0.003945946,0.013484433,83.6,1.6722,0.017430379,0.285675,0.323196,0.391128
1678,OK,,185.0,341.9107879,19.8308257,142.777778,123.6,2532.868157,55.8444425,0.950631087,0.777086897,0.004464852,0.011411451,83.6,1.6722,0.015876303,0.285675,0.323196,0.391128
1679,OK,,185.0,341.9107879,19.8308257,143.888889,123.6,2552.579191,56.2790296,0.786143225,0.887630597,0.005087693,0.009418186,83.6,1.6722,0.014505878,0.285675,0.323196,0.391128
1680,OK,,185.0,341.9107879,19.8308257,145.0,123.6,2572.290225,56.7136167,0.63461558,1.01792872,0.005819966,0.007585915,83.6,1.6722,0.013405882,0.285675,0.323196,0.391128
1681,OK,,185.0,347.019931,20.127156,135.0,123.6,2394.890899,52.8023328,2.3140837,0.346508516,0.002018206,0.028026226,83.6,1.6722,0.030044432,0.285675,0.323196,0.391128
1682,OK,,185.0,347.019931,20.127156,136.111111,123.6,2414.601934,53.2369199,2.11207874,0.383379148,0.002228403,0.025548786,83.6,1.6722,0.027777189,0.285675,0.323196,0.391128
1683,OK,,185.0,347.019931,20.127156,137.222222,123.6,2434.312968,53.671507,1.92221034,0.424048626,0.002459631,0.0232188,83.6,1.6722,0.025678431,0.285675,0.323196,0.391128
1684,OK,,185.0,347.019931,20.127156,138.333333,123.6,2454.024002,54.1060941,1.72513383,0.472657871,0.002735781,0.020810593,83.6,1.6722,0.023546374,0.285675,0.323196,0.391128
1685,OK,,185.0,347.019931,20.127156,139.444444,123.6,2473.735036,54.5406812,1.53714561,0.527452549,0.003046353,0.018515211,83.6,1.6722,0.021561564,0.285675,0.323196,0.391128
1686,OK,,185.0,347.019931,20.127156,140.555556,123.6,2493.446088,54.9752683,1.35367192,0.591103171,0.003406444,0.01627936,83.6,1.6722,0.019685804,0.285675,0.323196,0.391128
1687,OK,,185.0,347.019931,20.127156,141.666667,123.6,2513.157123,55.4098554,1.17415534,0.665951886,0.003829121,0.014096822,83.6,1.6722,0.017925943,0.285675,0.323196,0.391128
1688,OK,,185.0,347.019931,20.127156,142.777778,123.6,2532.868157,55.8444425,0.999027617,0.755029706,0.004331242,0.011972981,83.6,1.6722,0.016304223,0.285675,0.323196,0.391128
1689,OK,,185.0,347.019931,20.127156,143.888889,123.6,2552.579191,56.2790296,0.83448318,0.859291773,0.004917566,0.009981247,83.6,1.6722,0.014898813,0.285675,0.323196,0.391128
1690,OK,,185.0,347.019931,20.127156,145.0,123.6,2572.290225,56.7136167,0.676045454,0.986208591,0.00562995,0.008069151,83.6,1.6722,0.013699101,0.285675,0.323196,0.391128
1691,OK,,185.0,352.1290724,20.4234862,135.0,123.6,2394.890899,52.8023328,2.37304276,0.339880557,0.00197623,0.028687117,83.6,1.6722,0.030663347,0.285675,0.323196,0.391128
1692,OK,,185.0,352.1290724,20.4234862,136.111111,123.6,2414.601934,53.2369199,2.18203103,0.373986265,0.002170083,0.026341479,83.6,1.6722,0.028511562,0.285675,0.323196,0.391128
1693,OK,,185.0,352.1290724,20.4234862,137.222222,123.6,2434.312968,53.671507,1.97839716,0.415261966,0.002404628,0.023854678,83.6,1.6722,0.026259306,0.285675,0.323196,0.391128
1694,OK,,185.0,352.1290724,20.4234862,138.333333,123.6,2454.024002,54.1060941,1.78648069,0.460996017,0.002663836,0.021510418,83.6,1.6722,0.024174254,0.285675,0.323196,0.391128
1695,OK,,185.0,352.1290724,20.4234862,139.444444,123.6,2473.735036,54.5406812,1.59484109,0.514277516,0.002965368,0.019175611,83.6,1.6722,0.022140978,0.285675,0.323196,0.391128
1696,OK,,185.0,352.1290724,20.4234862,140.555556,123.6,2493.446088,54.9752683,1.40688609,0.576360123,0.003316078,0.016890254,83.6,1.6722,0.020206332,0.285675,0.323196,0.391128
1697,OK,,185.0,352.1290724,20.4234862,141.666667,123.6,2513.157123,55.4098554,1.22711508,0.647833438,0.003718944,0.014707537,83.6,1.6722,0.018426481,0.285675,0.323196,0.391128
1698,OK,,185.0,352.1290724,20.4234862,142.777778,123.6,2532.868157,55.8444425,1.0539949,0.731387385,0.004188935,0.012609936,83.6,1.6722,0.016798872,0.285675,0.323196,0.391128
1699,OK,,185.0,352.1290724,20.4234862,143.888889,123.6,2552.579191,56.2790296,0.88526601,0.831540442,0.004751291,0.010571211,83.6,1.6722,0.015322502,0.285675,0.323196,0.391128
1700,OK,,185.0,352.1290724,20.4234862,145.0,123.6,2572.290225,56.7136167,0.722948345,0.95269519,0.005429603,0.008612754,83.6,1.6722,0.014042358,0.285675,0.323196,0.391128
1701,OK,,185.0,357.2382155,20.7198165,135.0,123.6,2394.890899,52.8023328,2.43377176,0.333289103,0.001934604,0.029366269,83.6,1.6722,0.031300873,0.285675,0.323196,0.391128
1702,OK,,185.0,357.2382155,20.7198165,136.111111,123.6,2414.601934,53.2369199,2.23340379,0.367561385,0.002129231,0.026915616,83.6,1.6722,0.029044847,0.285675,0.323196,0.391128
1703,OK,,185.0,357.2382155,20.7198165,137.222222,123.6,2434.312968,53.671507,2.03728589,0.406396296,0.002349344,0.024519888,83.6,1.6722,0.026869232,0.285675,0.323196,0.391128
1704,OK,,185.0,357.2382155,20.7198165,138.333333,123.6,2454.024002,54.1060941,1.84195923,0.451016741,0.002601862,0.022139393,83.6,1.6722,0.024741254,0.285675,0.323196,0.391128
1705,OK,,185.0,357.2382155,20.7198165,139.444444,123.6,2473.735036,54.5406812,1.65072183,0.502167304,0.002890786,0.019812584,83.6,1.6722,0.02270337,0.285675,0.323196,0.391128
1706,OK,,185.0,357.2382155,20.7198165,140.555556,123.6,2493.446088,54.9752683,1.46448119,0.561144934,0.003223278,0.017550431,83.6,1.6722,0.020773709,0.285675,0.323196,0.391128
1707,OK,,185.0,357.2382155,20.7198165,141.666667,123.6,2513.157123,55.4098554,1.28015839,0.630689579,0.003614704,0.015317252,83.6,1.6722,0.018931956,0.285675,0.323196,0.391128
1708,OK,,185.0,357.2382155,20.7198165,142.777778,123.6,2532.868157,55.8444425,1.10418715,0.71125143,0.004067138,0.013188749,83.6,1.6722,0.017255887,0.285675,0.323196,0.391128
1709,OK,,185.0,357.2382155,20.7198165,143.888889,123.6,2552.579191,56.2790296,0.93588045,0.805775322,0.004596855,0.011157317,83.6,1.6722,0.015754172,0.285675,0.323196,0.391128
1710,OK,,185.0,357.2382155,20.7198165,145.0,123.6,2572.290225,56.7136167,0.768327807,0.922805408,0.005251784,0.009142073,83.6,1.6722,0.014393857,0.285675,0.323196,0.391128
1711,OK,,185.0,362.3473586,21.0161468,135.0,123.6,2394.890899,52.8023328,2.49226948,0.327201753,0.001896045,0.030017023,83.6,1.6722,0.031913068,0.285675,0.323196,0.391128
1712,OK,,185.0,362.3473586,21.0161468,136.111111,123.6,2414.601934,53.2369199,2.28954474,0.360727805,0.002086128,0.027542878,83.6,1.6722,0.029629005,0.285675,0.323196,0.391128
1713,OK,,185.0,362.3473586,21.0161468,137.222222,123.6,2434.312968,53.671507,2.09533167,0.397984757,0.002296872,0.025172863,83.6,1.6722,0.027469735,0.285675,0.323196,0.391128
1714,OK,,185.0,362.3473586,21.0161468,138.333333,123.6,2454.024002,54.1060941,1.9013197,0.44075438,0.002538437,0.02281119,83.6,1.6722,0.025349628,0.285675,0.323196,0.391128
1715,OK,,185.0,362.3473586,21.0161468,139.444444,123.6,2473.735036,54.5406812,1.70815982,0.490336011,0.002818035,0.020465368,83.6,1.6722,0.023283403,0.285675,0.323196,0.391128
1716,OK,,185.0,362.3473586,21.0161468,140.555556,123.6,2493.446088,54.9752683,1.52151743,0.546882469,0.003136231,0.018201661,83.6,1.6722,0.021337892,0.285675,0.323196,0.391128
1717,OK,,185.0,362.3473586,21.0161468,141.666667,123.6,2513.157123,55.4098554,1.33586903,0.613622577,0.003511214,0.015956006,83.6,1.6722,0.01946722,0.285675,0.323196,0.391128
1718,OK,,185.0,362.3473586,21.0161468,142.777778,123.6,2532.868157,55.8444425,1.16096821,0.689687868,0.003937537,0.013842713,83.6,1.6722,0.017780249,0.285675,0.323196,0.391128
1719,OK,,185.0,362.3473586,21.0161468,143.888889,123.6,2552.579191,56.2790296,0.984864329,0.782500161,0.00445706,0.01172234,83.6,1.6722,0.0161794,0.285675,0.323196,0.391128
1720,OK,,185.0,362.3473586,21.0161468,145.0,123.6,2572.290225,56.7136167,0.822534093,0.88941048,0.005053899,0.009770588,83.6,1.6722,0.014824487,0.285675,0.323196,0.391128
1721,OK,,185.0,367.4565017,21.3124771,135.0,123.6,2394.890899,52.8023328,2.55321785,0.321065876,0.001857321,0.030693507,83.6,1.6722,0.032550827,0.285675,0.323196,0.391128
1722,OK,,185.0,367.4565017,21.3124771,136.111111,123.6,2414.601934,53.2369199,2.35734071,0.352719238,0.002036334,0.028302312,83.6,1.6722,0.030338646,0.285675,0.323196,0.391128
1723,OK,,185.0,367.4565017,21.3124771,137.222222,123.6,2434.312968,53.671507,2.15502958,0.389654719,0.002245035,0.02584252,83.6,1.6722,0.028087555,0.285675,0.323196,0.391128
1724,OK,,185.0,367.4565017,21.3124771,138.333333,123.6,2454.024002,54.1060941,1.95778583,0.431461281,0.002480799,0.023446912,83.6,1.6722,0.025927712,0.285675,0.323196,0.391128
1725,OK,,185.0,367.4565017,21.3124771,139.444444,123.6,2473.735036,54.5406812,1.76655559,0.478815141,0.00274729,0.021126878,83.6,1.6722,0.023874168,0.285675,0.323196,0.391128
1726,OK,,185.0,367.4565017,21.3124771,140.555556,123.6,2493.446088,54.9752683,1.57547991,0.534114704,0.003058025,0.018814749,83.6,1.6722,0.021872774,0.285675,0.323196,0.391128
1727,OK,,185.0,367.4565017,21.3124771,141.666667,123.6,2513.157123,55.4098554,1.39419742,0.59670166,0.003408866,0.016622985,83.6,1.6722,0.020031851,0.285675,0.323196,0.391128
1728,OK,,185.0,367.4565017,21.3124771,142.777778,123.6,2532.868157,55.8444425,1.21270816,0.671322271,0.003826572,0.014435488,83.6,1.6722,0.01826206,0.285675,0.323196,0.391128
1729,OK,,185.0,367.4565017,21.3124771,143.888889,123.6,2552.579191,56.2790296,1.03936535,0.758108231,0.004311315,0.012349972,83.6,1.6722,0.016661287,0.285675,0.323196,0.391128
1730,OK,,185.0,367.4565017,21.3124771,145.0,123.6,2572.290225,56.7136167,0.86827462,0.863501864,0.004899067,0.0102979,83.6,1.6722,0.015196967,0.285675,0.323196,0.391128
1731,OK,,185.0,372.5656431,21.6088073,135.0,123.6,2394.890899,52.8023328,2.6134672,0.315224678,0.001820434,0.031359619,83.6,1.6722,0.033180053,0.285675,0.323196,0.391128
1732,OK,,185.0,372.5656431,21.6088073,136.111111,123.6,2414.601934,53.2369199,2.41479999,0.34625712,0.001995665,0.028940001,83.6,1.6722,0.030935666,0.285675,0.323196,0.391128
1733,OK,,185.0,372.5656431,21.6088073,137.222222,123.6,2434.312968,53.671507,2.21665933,0.381384321,0.002193707,0.026532155,83.6,1.6722,0.028725862,0.285675,0.323196,0.391128
1734,OK,,185.0,372.5656431,21.6088073,138.333333,123.6,2454.024002,54.1060941,2.01776414,0.421957488,0.00242213,0.024121115,83.6,1.6722,0.026543245,0.285675,0.323196,0.391128
1735,OK,,185.0,372.5656431,21.6088073,139.444444,123.6,2473.735036,54.5406812,1.82419762,0.467975517,0.002680683,0.021777397,83.6,1.6722,0.02445808,0.285675,0.323196,0.391128
1736,OK,,185.0,372.5656431,21.6088073,140.555556,123.6,2493.446088,54.9752683,1.63483222,0.520654645,0.002976095,0.019488389,83.6,1.6722,0.022464484,0.285675,0.323196,0.391128
1737,OK,,185.0,372.5656431,21.6088073,141.666667,123.6,2513.157123,55.4098554,1.44703442,0.582285778,0.003321155,0.017223837,83.6,1.6722,0.020544992,0.285675,0.323196,0.391128
1738,OK,,185.0,372.5656431,21.6088073,142.777778,123.6,2532.868157,55.8444425,1.26575945,0.653497782,0.003719032,0.015041631,83.6,1.6722,0.018760662,0.285675,0.323196,0.391128
1739,OK,,185.0,372.5656431,21.6088073,143.888889,123.6,2552.579191,56.2790296,1.0918721,0.736148934,0.004179837,0.012952277,83.6,1.6722,0.017132113,0.285675,0.323196,0.391128
1740,OK,,185.0,372.5656431,21.6088073,145.0,123.6,2572.290225,56.7136167,0.922279128,0.834711995,0.004728369,0.010920074,83.6,1.6722,0.015648442,0.285675,0.323196,0.391128
1741,OK,,185.0,377.6747862,21.9051376,135.0,123.6,2394.890899,52.8023328,2.67342901,0.309625503,0.001785059,0.032019629,83.6,1.6722,0.033804688,0.285675,0.323196,0.391128
1742,OK,,185.0,377.6747862,21.9051376,136.111111,123.6,2414.601934,53.2369199,2.47663465,0.339458982,0.001953182,0.029625374,83.6,1.6722,0.031578556,0.285675,0.323196,0.391128
1743,OK,,185.0,377.6747862,21.9051376,137.222222,123.6,2434.312968,53.671507,2.26438527,0.375385026,0.002155633,0.027058989,83.6,1.6722,0.029214622,0.285675,0.323196,0.391128
1744,OK,,185.0,377.6747862,21.9051376,138.333333,123.6,2454.024002,54.1060941,2.06374727,0.415144593,0.002379116,0.024631217,83.6,1.6722,0.027010332,0.285675,0.323196,0.391128
1745,OK,,185.0,377.6747862,21.9051376,139.444444,123.6,2473.735036,54.5406812,1.88152814,0.457686174,0.002617427,0.02242175,83.6,1.6722,0.025039177,0.285675,0.323196,0.391128
1746,OK,,185.0,377.6747862,21.9051376,140.555556,123.6,2493.446088,54.9752683,1.69041785,0.508778906,0.002903468,0.02011578,83.6,1.6722,0.023019248,0.285675,0.323196,0.391128
1747,OK,,185.0,377.6747862,21.9051376,141.666667,123.6,2513.157123,55.4098554,1.50652949,0.566764195,0.003227381,0.017899661,83.6,1.6722,0.021127042,0.285675,0.323196,0.391128
1748,OK,,185.0,377.6747862,21.9051376,142.777778,123.6,2532.868157,55.8444425,1.3203311,0.636145172,0.003614482,0.01566321,83.6,1.6722,0.019277693,0.285675,0.323196,0.391128
1749,OK,,185.0,377.6747862,21.9051376,143.888889,123.6,2552.579191,56.2790296,1.1455283,0.7150517,0.004053621,0.013565783,83.6,1.6722,0.017619404,0.285675,0.323196,0.391128
1750,OK,,185.0,377.6747862,21.9051376,145.0,123.6,2572.290225,56.7136167,0.97146694,0.81040119,0.004583496,0.011483947,83.6,1.6722,0.016067443,0.285675,0.323196,0.391128
1751,OK,,185.0,382.7839293,22.2014679,135.0,123.6,2394.890899,52.8023328,2.73398451,0.304161351,0.001750577,0.032683991,83.6,1.6722,0.034434568,0.285675,0.323196,0.391128
1752,OK,,185.0,382.7839293,22.2014679,136.111111,123.6,2414.601934,53.2369199,2.51931022,0.335120421,0.001925038,0.030088919,83.6,1.6722,0.032013957,0.285675,0.323196,0.391128
1753,OK,,185.0,382.7839293,22.2014679,137.222222,123.6,2434.312968,53.671507,2.33243224,0.366849381,0.002103064,0.027817287,83.6,1.6722,0.029920351,0.285675,0.323196,0.391128
1754,OK,,185.0,382.7839293,22.2014679,138.333333,123.6,2454.024002,54.1060941,2.13388202,0.404759749,0.00231571,0.025417473,83.6,1.6722,0.027733182,0.285675,0.323196,0.391128
1755,OK,,185.0,382.7839293,22.2014679,139.444444,123.6,2473.735036,54.5406812,1.93969501,0.44768948,0.002556041,0.023073451,83.6,1.6722,0.025629492,0.285675,0.323196,0.391128
1756,OK,,185.0,382.7839293,22.2014679,140.555556,123.6,2493.446088,54.9752683,1.74708909,0.497161261,0.002832538,0.020753517,83.6,1.6722,0.023586054,0.285675,0.323196,0.391128
1757,OK,,185.0,382.7839293,22.2014679,141.666667,123.6,2513.157123,55.4098554,1.55745427,0.554351513,0.003151268,0.018470331,83.6,1.6722,0.021621598,0.285675,0.323196,0.391128
1758,OK,,185.0,382.7839293,22.2014679,142.777778,123.6,2532.868157,55.8444425,1.37271278,0.620417653,0.003519484,0.016257288,83.6,1.6722,0.019776771,0.285675,0.323196,0.391128
1759,OK,,185.0,382.7839293,22.2014679,143.888889,123.6,2552.579191,56.2790296,1.19585505,0.696480505,0.003942098,0.01413859,83.6,1.6722,0.018080688,0.285675,0.323196,0.391128
1760,OK,,185.0,382.7839293,22.2014679,145.0,123.6,2572.290225,56.7136167,1.02642956,0.784869065,0.004431574,0.012109699,83.6,1.6722,0.016541272,0.285675,0.323196,0.391128
1761,OK,,185.0,387.8930724,22.4977982,135.0,123.6,2394.890899,52.8023328,2.79367586,0.29895133,0.001717676,0.0333361,83.6,1.6722,0.035053776,0.285675,0.323196,0.391128
1762,OK,,185.0,387.8930724,22.4977982,136.111111,123.6,2414.601934,53.2369199,2.58458346,0.328367673,0.001883058,0.030809078,83.6,1.6722,0.032692136,0.285675,0.323196,0.391128
1763,OK,,185.0,387.8930724,22.4977982,137.222222,123.6,2434.312968,53.671507,2.38807945,0.36032398,0.00206222,0.028430781,83.6,1.6722,0.030493002,0.285675,0.323196,0.391128
1764,OK,,185.0,387.8930724,22.4977982,138.333333,123.6,2454.024002,54.1060941,2.19347867,0.396444423,0.002264372,0.026079799,83.6,1.6722,0.028344171,0.285675,0.323196,0.391128
1765,OK,,185.0,387.8930724,22.4977982,139.444444,123.6,2473.735036,54.5406812,1.99145127,0.439250582,0.002503758,0.023649161,83.6,1.6722,0.026152919,0.285675,0.323196,0.391128
1766,OK,,185.0,387.8930724,22.4977982,140.555556,123.6,2493.446088,54.9752683,1.81136176,0.484492376,0.002755824,0.021476514,83.6,1.6722,0.024232338,0.285675,0.323196,0.391128
1767,OK,,185.0,387.8930724,22.4977982,141.666667,123.6,2513.157123,55.4098554,1.61485944,0.540758802,0.003069354,0.01912108,83.6,1.6722,0.022190434,0.285675,0.323196,0.391128
1768,OK,,185.0,387.8930724,22.4977982,142.777778,123.6,2532.868157,55.8444425,1.42701816,0.604903184,0.003425979,0.016871598,83.6,1.6722,0.020297577,0.285675,0.323196,0.391128
1769,OK,,185.0,387.8930724,22.4977982,143.888889,123.6,2552.579191,56.2790296,1.24859993,0.678023023,0.003831551,0.014737499,83.6,1.6722,0.01856905,0.285675,0.323196,0.391128
1770,OK,,185.0,387.8930724,22.4977982,145.0,123.6,2572.290225,56.7136167,1.07358646,0.764484709,0.004310291,0.012649604,83.6,1.6722,0.016959895,0.285675,0.323196,0.391128
1771,OK,,185.0,393.0022138,22.7941284,135.0,123.6,2394.890899,52.8023328,2.85268513,0.293936478,0.00168602,0.033978496,83.6,1.6722,0.035664516,0.285675,0.323196,0.391128
1772,OK,,185.0,393.0022138,22.7941284,136.111111,123.6,2414.601934,53.2369199,2.64542964,0.322340979,0.001845398,0.031476402,83.6,1.6722,0.033321799,0.285675,0.323196,0.391128
1773,OK,,185.0,393.0022138,22.7941284,137.222222,123.6,2434.312968,53.671507,2.45207519,0.352938459,0.002016572,0.029137666,83.6,1.6722,0.031154238,0.285675,0.323196,0.391128
1774,OK,,185.0,393.0022138,22.7941284,138.333333,123.6,2454.024002,54.1060941,2.25459002,0.388238266,0.002213826,0.02675731,83.6,1.6722,0.028971136,0.285675,0.323196,0.391128
1775,OK,,185.0,393.0022138,22.7941284,139.444444,123.6,2473.735036,54.5406812,2.0563583,0.428892685,0.002440679,0.024373892,83.6,1.6722,0.026814571,0.285675,0.323196,0.391128
1776,OK,,185.0,393.0022138,22.7941284,140.555556,123.6,2493.446088,54.9752683,1.86350027,0.474848877,0.002696594,0.022057726,83.6,1.6722,0.02475432,0.285675,0.323196,0.391128
1777,OK,,185.0,393.0022138,22.7941284,141.666667,123.6,2513.157123,55.4098554,1.67244817,0.527833029,0.002991147,0.019768238,83.6,1.6722,0.022759385,0.285675,0.323196,0.391128
1778,OK,,185.0,393.0022138,22.7941284,142.777778,123.6,2532.868157,55.8444425,1.48766166,0.588360106,0.003326938,0.01755702,83.6,1.6722,0.020883958,0.285675,0.323196,0.391128
1779,OK,,185.0,393.0022138,22.7941284,143.888889,123.6,2552.579191,56.2790296,1.30459377,0.659436223,0.003720614,0.015372047,83.6,1.6722,0.019092661,0.285675,0.323196,0.391128
1780,OK,,185.0,393.0022138,22.7941284,145.0,123.6,2572.290225,56.7136167,1.12895447,0.741704674,0.004175311,0.013279474,83.6,1.6722,0.017454785,0.285675,0.323196,0.391128
1781,OK,,185.0,398.1113569,23.0904587,135.0,123.6,2394.890899,52.8023328,2.91618819,0.288682002,0.001653075,0.034669085,83.6,1.6722,0.036322159,0.285675,0.323196,0.391128
1782,OK,,185.0,398.1113569,23.0904587,136.111111,123.6,2414.601934,53.2369199,2.71579731,0.315545622,0.001803426,0.032248996,83.6,1.6722,0.034052422,0.285675,0.323196,0.391128
1783,OK,,185.0,398.1113569,23.0904587,137.222222,123.6,2434.312968,53.671507,2.50977884,0.346599771,0.001977059,0.029770003,83.6,1.6722,0.031747062,0.285675,0.323196,0.391128
1784,OK,,185.0,398.1113569,23.0904587,138.333333,123.6,2454.024002,54.1060941,2.31442386,0.380543757,0.002166353,0.027417491,83.6,1.6722,0.029583844,0.285675,0.323196,0.391128
1785,OK,,185.0,398.1113569,23.0904587,139.444444,123.6,2473.735036,54.5406812,2.11357563,0.420257697,0.002387612,0.025007765,83.6,1.6722,0.027395377,0.285675,0.323196,0.391128
1786,OK,,185.0,398.1113569,23.0904587,140.555556,123.6,2493.446088,54.9752683,1.92013143,0.464735786,0.00263486,0.022688205,83.6,1.6722,0.025323065,0.285675,0.323196,0.391128
1787,OK,,185.0,398.1113569,23.0904587,141.666667,123.6,2513.157123,55.4098554,1.73129943,0.515291981,0.002915345,0.02042739,83.6,1.6722,0.023342735,0.285675,0.323196,0.391128
1788,OK,,185.0,398.1113569,23.0904587,142.777778,123.6,2532.868157,55.8444425,1.54405244,0.573871596,0.003239805,0.018190916,83.6,1.6722,0.021430722,0.285675,0.323196,0.391128
1789,OK,,185.0,398.1113569,23.0904587,143.888889,123.6,2552.579191,56.2790296,1.36194971,0.641446759,0.003613362,0.016019922,83.6,1.6722,0.019633285,0.285675,0.323196,0.391128
1790,OK,,185.0,398.1113569,23.0904587,145.0,123.6,2572.290225,56.7136167,1.18243276,0.721086287,0.004052874,0.013885275,83.6,1.6722,0.017938149,0.285675,0.323196,0.391128
1791,OK,,185.0,403.2205,23.386789,135.0,123.6,2394.890899,52.8023328,2.98153815,0.283447808,0.001620346,0.035377831,83.6,1.6722,0.036998177,0.285675,0.323196,0.391128
1792,OK,,185.0,403.2205,23.386789,136.111111,123.6,2414.601934,53.2369199,2.77623215,0.310013305,0.001768834,0.032906068,83.6,1.6722,0.034674902,0.285675,0.323196,0.391128
1793,OK,,185.0,403.2205,23.386789,137.222222,123.6,2434.312968,53.671507,2.57244385,0.339910645,0.00193566,0.030456304,83.6,1.6722,0.032391964,0.285675,0.323196,0.391128
1794,OK,,185.0,403.2205,23.386789,138.333333,123.6,2454.024002,54.1060941,2.37319501,0.373288249,0.00212153,0.02806313,83.6,1.6722,0.030184661,0.285675,0.323196,0.391128
1795,OK,,185.0,403.2205,23.386789,139.444444,123.6,2473.735036,54.5406812,2.17234197,0.411709365,0.002335059,0.025653175,83.6,1.6722,0.027988234,0.285675,0.323196,0.391128
1796,OK,,185.0,403.2205,23.386789,140.555556,123.6,2493.446088,54.9752683,1.98284591,0.453936661,0.002569414,0.023385886,83.6,1.6722,0.0259553,0.285675,0.323196,0.391128
1797,OK,,185.0,403.2205,23.386789,141.666667,123.6,2513.157123,55.4098554,1.78581975,0.504232587,0.002848166,0.021034599,83.6,1.6722,0.023882764,0.285675,0.323196,0.391128
1798,OK,,185.0,403.2205,23.386789,142.777778,123.6,2532.868157,55.8444425,1.59765535,0.560817342,0.003161036,0.018790613,83.6,1.6722,0.02195165,0.285675,0.323196,0.391128
1799,OK,,185.0,403.2205,23.386789,143.888889,123.6,2552.579191,56.2790296,1.4171327,0.625121305,0.003515803,0.016640553,83.6,1.6722,0.020156355,0.285675,0.323196,0.391128
1800,OK,,185.0,403.2205,23.386789,145.0,123.6,2572.290225,56.7136167,1.23564196,0.701751411,0.003938006,0.014485918,83.6,1.6722,0.018423923,0.285675,0.323196,0.391128
1801,OK,,185.0,408.3296431,23.6831193,135.0,123.6,2394.890899,52.8023328,3.03870097,0.279084859,0.001592728,0.035991832,83.6,1.6722,0.03758456,0.285675,0.323196,0.391128
1802,OK,,185.0,408.3296431,23.6831193,136.111111,123.6,2414.601934,53.2369199,2.83550913,0.304778545,0.001736056,0.033547762,83.6,1.6722,0.035283817,0.285675,0.323196,0.391128
1803,OK,,185.0,408.3296431,23.6831193,137.222222,123.6,2434.312968,53.671507,2.63306019,0.333696391,0.001897105,0.031116964,83.6,1.6722,0.033014069,0.285675,0.323196,0.391128
1804,OK,,185.0,408.3296431,23.6831193,138.333333,123.6,2454.024002,54.1060941,2.43113773,0.366407038,0.002078982,0.028697145,83.6,1.6722,0.030776127,0.285675,0.323196,0.391128
1805,OK,,185.0,408.3296431,23.6831193,139.444444,123.6,2473.735036,54.5406812,2.23333318,0.403190351,0.002283113,0.026329259,83.6,1.6722,0.028612373,0.285675,0.323196,0.391128
1806,OK,,185.0,408.3296431,23.6831193,140.555556,123.6,2493.446088,54.9752683,2.03630246,0.445245495,0.002516127,0.023975638,83.6,1.6722,0.026491765,0.285675,0.323196,0.391128
1807,OK,,185.0,408.3296431,23.6831193,141.666667,123.6,2513.157123,55.4098554,1.85269355,0.49110293,0.002769417,0.021779985,83.6,1.6722,0.024549402,0.285675,0.323196,0.391128
1808,OK,,185.0,408.3296431,23.6831193,142.777778,123.6,2532.868157,55.8444425,1.65471941,0.54750268,0.003081037,0.019427907,83.6,1.6722,0.022508944,0.285675,0.323196,0.391128
1809,OK,,185.0,408.3296431,23.6831193,143.888889,123.6,2552.579191,56.2790296,1.46096734,0.612995226,0.003442169,0.017129152,83.6,1.6722,0.020571321,0.285675,0.323196,0.391128
1810,OK,,185.0,408.3296431,23.6831193,145.0,123.6,2572.290225,56.7136167,1.28744773,0.683976101,0.003832233,0.015068497,83.6,1.6722,0.01890073,0.285675,0.323196,0.391128
1811,OK,,185.0,413.4387845,23.9794495,135.0,123.6,2394.890899,52.8023328,3.10081481,0.274450422,0.00156363,0.03665874,83.6,1.6722,0.038222369,0.285675,0.323196,0.391128
1812,OK,,185.0,413.4387845,23.9794495,136.111111,123.6,2414.601934,53.2369199,2.89346773,0.299843999,0.001705088,0.034171856,83.6,1.6722,0.035876944,0.285675,0.323196,0.391128
1813,OK,,185.0,413.4387845,23.9794495,137.222222,123.6,2434.312968,53.671507,2.6910658,0.32798878,0.001861551,0.031745346,83.6,1.6722,0.033606897,0.285675,0.323196,0.391128
1814,OK,,185.0,413.4387845,23.9794495,138.333333,123.6,2454.024002,54.1060941,2.49114176,0.359567021,0.002036787,0.029351825,83.6,1.6722,0.031388612,0.285675,0.323196,0.391128
1815,OK,,185.0,413.4387845,23.9794495,139.444444,123.6,2473.735036,54.5406812,2.29271124,0.395241491,0.002234414,0.026980445,83.6,1.6722,0.029214858,0.285675,0.323196,0.391128
1816,OK,,185.0,413.4387845,23.9794495,140.555556,123.6,2493.446088,54.9752683,2.09607212,0.435824071,0.002458853,0.024634773,83.6,1.6722,0.027093626,0.285675,0.323196,0.391128
1817,OK,,185.0,413.4387845,23.9794495,141.666667,123.6,2513.157123,55.4098554,1.90115608,0.482249504,0.002715173,0.022314276,83.6,1.6722,0.025029449,0.285675,0.323196,0.391128
1818,OK,,185.0,413.4387845,23.9794495,142.777778,123.6,2532.868157,55.8444425,1.70860615,0.535574534,0.003009074,0.020026487,83.6,1.6722,0.023035561,0.285675,0.323196,0.391128
1819,OK,,185.0,413.4387845,23.9794495,143.888889,123.6,2552.579191,56.2790296,1.52532996,0.595535141,0.003338763,0.01785055,83.6,1.6722,0.021189314,0.285675,0.323196,0.391128
1820,OK,,185.0,413.4387845,23.9794495,145.0,123.6,2572.290225,56.7136167,1.34566756,0.664986101,0.003719724,0.015720694,83.6,1.6722,0.019440418,0.285675,0.323196,0.391128
1821,OK,,185.0,418.5479276,24.2757798,135.0,123.6,2394.890899,52.8023328,3.15961582,0.270220772,0.001536951,0.037286728,83.6,1.6722,0.038823679,0.285675,0.323196,0.391128
1822,OK,,185.0,418.5479276,24.2757798,136.111111,123.6,2414.601934,53.2369199,2.95597884,0.294642277,0.001672702,0.0348454,83.6,1.6722,0.036518102,0.285675,0.323196,0.391128
1823,OK,,185.0,418.5479276,24.2757798,137.222222,123.6,2434.312968,53.671507,2.75395191,0.321953264,0.001824251,0.032426943,83.6,1.6722,0.034251194,0.285675,0.323196,0.391128
1824,OK,,185.0,418.5479276,24.2757798,138.333333,123.6,2454.024002,54.1060941,2.54896882,0.353185694,0.001997344,0.029980102,83.6,1.6722,0.031977446,0.285675,0.323196,0.391128
1825,OK,,185.0,418.5479276,24.2757798,139.444444,123.6,2473.735036,54.5406812,2.35146125,0.387674617,0.002188044,0.027622654,83.6,1.6722,0.029810698,0.285675,0.323196,0.391128
1826,OK,,185.0,418.5479276,24.2757798,140.555556,123.6,2493.446088,54.9752683,2.15482868,0.426945623,0.00240484,0.025280495,83.6,1.6722,0.027685335,0.285675,0.323196,0.391128
1827,OK,,185.0,418.5479276,24.2757798,141.666667,123.6,2513.157123,55.4098554,1.96170174,0.47141102,0.002649851,0.02298364,83.6,1.6722,0.025633492,0.285675,0.323196,0.391128
1828,OK,,185.0,418.5479276,24.2757798,142.777778,123.6,2532.868157,55.8444425,1.76917408,0.522695587,0.002931996,0.02069937,83.6,1.6722,0.023631366,0.285675,0.323196,0.391128
1829,OK,,185.0,418.5479276,24.2757798,143.888889,123.6,2552.579191,56.2790296,1.58291716,0.580849535,0.003251255,0.018492415,83.6,1.6722,0.02174367,0.285675,0.323196,0.391128
1830,OK,,185.0,418.5479276,24.2757798,145.0,123.6,2572.290225,56.7136167,1.39849438,0.648711584,0.003623207,0.016312602,83.6,1.6722,0.019935809,0.285675,0.323196,0.391128
1831,OK,,185.0,423.6570707,24.5721101,135.0,123.6,2394.890899,52.8023328,3.22007449,0.265994918,0.001510367,0.037930344,83.6,1.6722,0.039440711,0.285675,0.323196,0.391128
1832,OK,,185.0,423.6570707,24.5721101,136.111111,123.6,2414.601934,53.2369199,3.01847632,0.289620793,0.001641432,0.035515681,83.6,1.6722,0.037157113,0.285675,0.323196,0.391128
1833,OK,,185.0,423.6570707,24.5721101,137.222222,123.6,2434.312968,53.671507,2.81280361,0.316544893,0.001790622,0.033060212,83.6,1.6722,0.034850834,0.285675,0.323196,0.391128
1834,OK,,185.0,423.6570707,24.5721101,138.333333,123.6,2454.024002,54.1060941,2.60946506,0.346721643,0.001957539,0.030635672,83.6,1.6722,0.03259321,0.285675,0.323196,0.391128
1835,OK,,185.0,423.6570707,24.5721101,139.444444,123.6,2473.735036,54.5406812,2.40342415,0.381311937,0.00214862,0.028185608,83.6,1.6722,0.030334227,0.285675,0.323196,0.391128
1836,OK,,185.0,423.6570707,24.5721101,140.555556,123.6,2493.446088,54.9752683,2.21337787,0.418459845,0.002353192,0.025921156,83.6,1.6722,0.028274347,0.285675,0.323196,0.391128
1837,OK,,185.0,423.6570707,24.5721101,141.666667,123.6,2513.157123,55.4098554,2.02244989,0.461017425,0.002587215,0.023652502,83.6,1.6722,0.026239717,0.285675,0.323196,0.391128
1838,OK,,185.0,423.6570707,24.5721101,142.777778,123.6,2532.868157,55.8444425,1.81839937,0.512832918,0.002872076,0.021240844,83.6,1.6722,0.024112921,0.285675,0.323196,0.391128
1839,OK,,185.0,423.6570707,24.5721101,143.888889,123.6,2552.579191,56.2790296,1.63441241,0.568454821,0.003176822,0.01906252,83.6,1.6722,0.022239341,0.285675,0.323196,0.391128
1840,OK,,185.0,423.6570707,24.5721101,145.0,123.6,2572.290225,56.7136167,1.45108375,0.633366498,0.003531925,0.01689795,83.6,1.6722,0.020429875,0.285675,0.323196,0.391128
1841,OK,,185.0,428.7662138,24.8684404,135.0,123.6,2394.890899,52.8023328,3.27893743,0.262013392,0.001485265,0.038554126,83.6,1.6722,0.040039391,0.285675,0.323196,0.391128
1842,OK,,185.0,428.7662138,24.8684404,136.111111,123.6,2414.601934,53.2369199,3.07607756,0.285179222,0.001613568,0.036129163,83.6,1.6722,0.037742731,0.285675,0.323196,0.391128
1843,OK,,185.0,428.7662138,24.8684404,137.222222,123.6,2434.312968,53.671507,2.87248105,0.311224923,0.001757604,0.033700694,83.6,1.6722,0.035458299,0.285675,0.323196,0.391128
1844,OK,,185.0,428.7662138,24.8684404,138.333333,123.6,2454.024002,54.1060941,2.67139682,0.340315638,0.00191819,0.031305185,83.6,1.6722,0.033223376,0.285675,0.323196,0.391128
1845,OK,,185.0,428.7662138,24.8684404,139.444444,123.6,2473.735036,54.5406812,2.47455306,0.372652218,0.002096335,0.028962356,83.6,1.6722,0.03105869,0.285675,0.323196,0.391128
1846,OK,,185.0,428.7662138,24.8684404,140.555556,123.6,2493.446088,54.9752683,2.27759944,0.409441886,0.002298707,0.026623639,83.6,1.6722,0.028922346,0.285675,0.323196,0.391128
1847,OK,,185.0,428.7662138,24.8684404,141.666667,123.6,2513.157123,55.4098554,2.07628156,0.452275435,0.002534065,0.024241055,83.6,1.6722,0.02677512,0.285675,0.323196,0.391128
1848,OK,,185.0,428.7662138,24.8684404,142.777778,123.6,2532.868157,55.8444425,1.88206363,0.500337373,0.002797574,0.021944092,83.6,1.6722,0.024741666,0.285675,0.323196,0.391128
1849,OK,,185.0,428.7662138,24.8684404,143.888889,123.6,2552.579191,56.2790296,1.69289732,0.554869812,0.003095959,0.019710106,83.6,1.6722,0.022806065,0.285675,0.323196,0.391128
1850,OK,,185.0,428.7662138,24.8684404,145.0,123.6,2572.290225,56.7136167,1.50371253,0.618739617,0.00344493,0.017481931,83.6,1.6722,0.020926861,0.285675,0.323196,0.391128
1851,OK,,185.0,433.8753552,25.1647706,135.0,123.6,2394.890899,52.8023328,3.34302924,0.257758515,0.001458682,0.039233711,83.6,1.6722,0.040692393,0.285675,0.323196,0.391128
1852,OK,,185.0,433.8753552,25.1647706,136.111111,123.6,2414.601934,53.2369199,3.13857475,0.280455575,0.001584185,0.036794935,83.6,1.6722,0.03837912,0.285675,0.323196,0.391128
1853,OK,,185.0,433.8753552,25.1647706,137.222222,123.6,2434.312968,53.671507,2.934904,0.3058126,0.001724164,0.034369499,83.6,1.6722,0.036093663,0.285675,0.323196,0.391128
1854,OK,,185.0,433.8753552,25.1647706,138.333333,123.6,2454.024002,54.1060941,2.72935493,0.33456515,0.001882672,0.031927771,83.6,1.6722,0.033810443,0.285675,0.323196,0.391128
1855,OK,,185.0,433.8753552,25.1647706,139.444444,123.6,2473.735036,54.5406812,2.53187593,0.366123432,0.002056237,0.029581319,83.6,1.6722,0.031637556,0.285675,0.323196,0.391128
1856,OK,,185.0,433.8753552,25.1647706,140.555556,123.6,2493.446088,54.9752683,2.33409576,0.401912834,0.00225277,0.027236717,83.6,1.6722,0.029489487,0.285675,0.323196,0.391128
1857,OK,,185.0,433.8753552,25.1647706,141.666667,123.6,2513.157123,55.4098554,2.13357048,0.443275579,0.002479626,0.024866547,83.6,1.6722,0.027346174,0.285675,0.323196,0.391128
1858,OK,,185.0,433.8753552,25.1647706,142.777778,123.6,2532.868157,55.8444425,1.94183814,0.489204483,0.002730928,0.022600875,83.6,1.6722,0.025331803,0.285675,0.323196,0.391128
1859,OK,,185.0,433.8753552,25.1647706,143.888889,123.6,2552.579191,56.2790296,1.75210609,0.541757764,0.003017979,0.0203636,83.6,1.6722,0.023381579,0.285675,0.323196,0.391128
1860,OK,,185.0,433.8753552,25.1647706,145.0,123.6,2572.290225,56.7136167,1.54062345,0.609241792,0.00338677,0.017885955,83.6,1.6722,0.021272725,0.285675,0.323196,0.391128
1861,OK,,185.0,438.9844983,25.4611009,135.0,123.6,2394.890899,52.8023328,3.40435769,0.253831028,0.001434044,0.039880089,83.6,1.6722,0.041314133,0.285675,0.323196,0.391128
1862,OK,,185.0,438.9844983,25.4611009,136.111111,123.6,2414.601934,53.2369199,3.1984664,0.276092253,0.001556938,0.03742926,83.6,1.6722,0.038986198,0.285675,0.323196,0.391128
1863,OK,,185.0,438.9844983,25.4611009,137.222222,123.6,2434.312968,53.671507,2.9942455,0.300864289,0.001693454,0.035001497,83.6,1.6722,0.036694951,0.285675,0.323196,0.391128
1864,OK,,185.0,438.9844983,25.4611009,138.333333,123.6,2454.024002,54.1060941,2.79262614,0.328446715,0.001845182,0.032607426,83.6,1.6722,0.034452607,0.285675,0.323196,0.391128
1865,OK,,185.0,438.9844983,25.4611009,139.444444,123.6,2473.735036,54.5406812,2.59041467,0.359633337,0.002016479,0.030211656,83.6,1.6722,0.032228136,0.285675,0.323196,0.391128
1866,OK,,185.0,438.9844983,25.4611009,140.555556,123.6,2493.446088,54.9752683,2.38929358,0.394836832,0.002209517,0.027833079,83.6,1.6722,0.030042596,0.285675,0.323196,0.391128
1867,OK,,185.0,438.9844983,25.4611009,141.666667,123.6,2513.157123,55.4098554,2.19638203,0.433729616,0.002422287,0.025551821,83.6,1.6722,0.027974107,0.285675,0.323196,0.391128
1868,OK,,185.0,438.9844983,25.4611009,142.777778,123.6,2532.868157,55.8444425,2.00226493,0.478433566,0.002666503,0.023262618,83.6,1.6722,0.02592912,0.285675,0.323196,0.391128
1869,OK,,185.0,438.9844983,25.4611009,143.888889,123.6,2552.579191,56.2790296,1.81201147,0.529165088,0.00294315,0.021022676,83.6,1.6722,0.023965826,0.285675,0.323196,0.391128
1870,OK,,185.0,438.9844983,25.4611009,145.0,123.6,2572.290225,56.7136167,1.61962,0.588635307,0.003266973,0.018764347,83.6,1.6722,0.02203132,0.285675,0.323196,0.391128
1871,OK,,185.0,444.0936414,25.7574312,135.0,123.6,2394.890899,52.8023328,3.46787033,0.249867245,0.001409277,0.040548255,83.6,1.6722,0.041957532,0.285675,0.323196,0.391128
1872,OK,,185.0,444.0936414,25.7574312,136.111111,123.6,2414.601934,53.2369199,3.25836936,0.271858241,0.001530508,0.038061465,83.6,1.6722,0.039591973,0.285675,0.323196,0.391128
1873,OK,,185.0,444.0936414,25.7574312,137.222222,123.6,2434.312968,53.671507,3.06131741,0.29538216,0.001659819,0.035717038,83.6,1.6722,0.037376856,0.285675,0.323196,0.391128
1874,OK,,185.0,444.0936414,25.7574312,138.333333,123.6,2454.024002,54.1060941,2.85516911,0.322615129,0.001809425,0.033276474,83.6,1.6722,0.035085899,0.285675,0.323196,0.391128
1875,OK,,185.0,444.0936414,25.7574312,139.444444,123.6,2473.735036,54.5406812,2.64967502,0.35328088,0.001977617,0.03084784,83.6,1.6722,0.032825458,0.285675,0.323196,0.391128
1876,OK,,185.0,444.0936414,25.7574312,140.555556,123.6,2493.446088,54.9752683,2.45295181,0.386862125,0.002161351,0.02852198,83.6,1.6722,0.030683331,0.285675,0.323196,0.391128
1877,OK,,185.0,444.0936414,25.7574312,141.666667,123.6,2513.157123,55.4098554,2.25702693,0.424918076,0.002369233,0.026210349,83.6,1.6722,0.028579582,0.285675,0.323196,0.391128
1878,OK,,185.0,444.0936414,25.7574312,142.777778,123.6,2532.868157,55.8444425,2.05854488,0.468881,0.002609076,0.023875501,83.6,1.6722,0.026484577,0.285675,0.323196,0.391128
1879,OK,,185.0,444.0936414,25.7574312,143.888889,123.6,2552.579191,56.2790296,1.86650727,0.518240446,0.002877785,0.021618492,83.6,1.6722,0.024496277,0.285675,0.323196,0.391128
1880,OK,,185.0,444.0936414,25.7574312,145.0,123.6,2572.290225,56.7136167,1.6769272,0.574840401,0.003185373,0.019394943,83.6,1.6722,0.022580315,0.285675,0.323196,0.391128
1881,OK,,185.0,449.2027845,26.0537615,135.0,123.6,2394.890899,52.8023328,3.52831563,0.246229566,0.001386435,0.041180044,83.6,1.6722,0.042566478,0.285675,0.323196,0.391128
1882,OK,,185.0,449.2027845,26.0537615,136.111111,123.6,2414.601934,53.2369199,3.32168926,0.267490835,0.001503402,0.038728966,83.6,1.6722,0.040232369,0.285675,0.323196,0.391128
1883,OK,,185.0,449.2027845,26.0537615,137.222222,123.6,2434.312968,53.671507,3.11411441,0.291321737,0.001634314,0.036271789,83.6,1.6722,0.037906102,0.285675,0.323196,0.391128
1884,OK,,185.0,449.2027845,26.0537615,138.333333,123.6,2454.024002,54.1060941,2.91254665,0.31749255,0.001777768,0.033885658,83.6,1.6722,0.035663426,0.285675,0.323196,0.391128
1885,OK,,185.0,449.2027845,26.0537615,139.444444,123.6,2473.735036,54.5406812,2.71374996,0.346603077,0.001937042,0.03153517,83.6,1.6722,0.033472212,0.285675,0.323196,0.391128
1886,OK,,185.0,449.2027845,26.0537615,140.555556,123.6,2493.446088,54.9752683,2.51133116,0.379884511,0.002118916,0.029149409,83.6,1.6722,0.031268325,0.285675,0.323196,0.391128
1887,OK,,185.0,449.2027845,26.0537615,141.666667,123.6,2513.157123,55.4098554,2.31222038,0.417277451,0.002322882,0.026805577,83.6,1.6722,0.029128459,0.285675,0.323196,0.391128
1888,OK,,185.0,449.2027845,26.0537615,142.777778,123.6,2532.868157,55.8444425,2.11624054,0.459456656,0.002552532,0.02450203,83.6,1.6722,0.027054563,0.285675,0.323196,0.391128
1889,OK,,185.0,449.2027845,26.0537615,143.888889,123.6,2552.579191,56.2790296,1.9244946,0.50705481,0.002811184,0.022251441,83.6,1.6722,0.025062624,0.285675,0.323196,0.391128
1890,OK,,185.0,449.2027845,26.0537615,145.0,123.6,2572.290225,56.7136167,1.73383159,0.561788108,0.003108128,0.020018764,83.6,1.6722,0.023126892,0.285675,0.323196,0.391128
1891,OK,,185.0,454.3119259,26.3500917,135.0,123.6,2394.890899,52.8023328,3.58551645,0.242904519,0.001365435,0.041773934,83.6,1.6722,0.043139369,0.285675,0.323196,0.391128
1892,OK,,185.0,454.3119259,26.3500917,136.111111,123.6,2414.601934,53.2369199,3.3813057,0.26353075,0.001478683,0.039353289,83.6,1.6722,0.040831972,0.285675,0.323196,0.391128
1893,OK,,185.0,454.3119259,26.3500917,137.222222,123.6,2434.312968,53.671507,3.17293065,0.286863303,0.001606643,0.03689116,83.6,1.6722,0.038497803,0.285675,0.323196,0.391128
1894,OK,,185.0,454.3119259,26.3500917,138.333333,123.6,2454.024002,54.1060941,2.97427272,0.3121112,0.001744754,0.034540863,83.6,1.6722,0.036285616,0.285675,0.323196,0.391128
1895,OK,,185.0,454.3119259,26.3500917,139.444444,123.6,2473.735036,54.5406812,2.77464029,0.340513443,0.001899891,0.032184692,83.6,1.6722,0.034084583,0.285675,0.323196,0.391128
1896,OK,,185.0,454.3119259,26.3500917,140.555556,123.6,2493.446088,54.9752683,2.57001178,0.373112224,0.00207776,0.029778019,83.6,1.6722,0.031855778,0.285675,0.323196,0.391128
1897,OK,,185.0,454.3119259,26.3500917,141.666667,123.6,2513.157123,55.4098554,2.37305073,0.409084235,0.002273586,0.02746158,83.6,1.6722,0.029735166,0.285675,0.323196,0.391128
1898,OK,,185.0,454.3119259,26.3500917,142.777778,123.6,2532.868157,55.8444425,2.17445287,0.450314594,0.002497731,0.025132184,83.6,1.6722,0.027629915,0.285675,0.323196,0.391128
1899,OK,,185.0,454.3119259,26.3500917,143.888889,123.6,2552.579191,56.2790296,1.98169275,0.496498553,0.002748278,0.022873394,83.6,1.6722,0.025621672,0.285675,0.323196,0.391128
1900,OK,,185.0,454.3119259,26.3500917,145.0,123.6,2572.290225,56.7136167,1.78578481,0.550478283,0.003040766,0.020585002,83.6,1.6722,0.023625768,0.285675,0.323196,0.391128
1901,OK,,185.0,459.421069,26.646422,135.0,123.6,2394.890899,52.8023328,3.65397827,0.238950328,0.001340939,0.042488932,83.6,1.6722,0.043829871,0.285675,0.323196,0.391128
1902,OK,,185.0,459.421069,26.646422,136.111111,123.6,2414.601934,53.2369199,3.44457352,0.259421815,0.001453198,0.040015348,83.6,1.6722,0.041468546,0.285675,0.323196,0.391128
1903,OK,,185.0,459.421069,26.646422,137.222222,123.6,2434.312968,53.671507,3.23725661,0.282087459,0.001577268,0.037568867,83.6,1.6722,0.039146135,0.285675,0.323196,0.391128
1904,OK,,185.0,459.421069,26.646422,138.333333,123.6,2454.024002,54.1060941,3.03402372,0.307087835,0.001713848,0.035171786,83.6,1.6722,0.036885635,0.285675,0.323196,0.391128
1905,OK,,185.0,459.421069,26.646422,139.444444,123.6,2473.735036,54.5406812,2.83216847,0.334986716,0.001866004,0.032794625,83.6,1.6722,0.034660629,0.285675,0.323196,0.391128
1906,OK,,185.0,459.421069,26.646422,140.555556,123.6,2493.446088,54.9752683,2.62901754,0.366566707,0.002037992,0.030407947,83.6,1.6722,0.032445938,0.285675,0.323196,0.391128
1907,OK,,185.0,459.421069,26.646422,141.666667,123.6,2513.157123,55.4098554,2.43034157,0.401699919,0.002228945,0.028075853,83.6,1.6722,0.030304798,0.285675,0.323196,0.391128
1908,OK,,185.0,459.421069,26.646422,142.777778,123.6,2532.868157,55.8444425,2.23461743,0.441211654,0.002443307,0.025781806,83.6,1.6722,0.028225113,0.285675,0.323196,0.391128
1909,OK,,185.0,459.421069,26.646422,143.888889,123.6,2552.579191,56.2790296,2.03962744,0.486236092,0.002687185,0.023501362,83.6,1.6722,0.026188547,0.285675,0.323196,0.391128
1910,OK,,185.0,459.421069,26.646422,145.0,123.6,2572.290225,56.7136167,1.84970257,0.536946964,0.002961309,0.02128305,83.6,1.6722,0.024244359,0.285675,0.323196,0.391128
1911,OK,,185.0,464.5302121,26.9427523,135.0,123.6,2394.890899,52.8023328,3.71337011,0.235678689,0.001320375,0.043102234,83.6,1.6722,0.044422609,0.285675,0.323196,0.391128
1912,OK,,185.0,464.5302121,26.9427523,136.111111,123.6,2414.601934,53.2369199,3.50765339,0.255447901,0.001428552,0.040672956,83.6,1.6722,0.042101508,0.285675,0.323196,0.391128
1913,OK,,185.0,464.5302121,26.9427523,137.222222,123.6,2434.312968,53.671507,3.30019159,0.277572451,0.001549449,0.038228832,83.6,1.6722,0.039778281,0.285675,0.323196,0.391128
1914,OK,,185.0,464.5302121,26.9427523,138.333333,123.6,2454.024002,54.1060941,3.09708148,0.301922748,0.001682243,0.0358369,83.6,1.6722,0.037519143,0.285675,0.323196,0.391128
1915,OK,,185.0,464.5302121,26.9427523,139.444444,123.6,2473.735036,54.5406812,2.89184964,0.329411818,0.001831952,0.033426214,83.6,1.6722,0.035258166,0.285675,0.323196,0.391128
1916,OK,,185.0,464.5302121,26.9427523,140.555556,123.6,2493.446088,54.9752683,2.68803329,0.360211165,0.001999405,0.0310358,83.6,1.6722,0.033035206,0.285675,0.323196,0.391128
1917,OK,,185.0,464.5302121,26.9427523,141.666667,123.6,2513.157123,55.4098554,2.49087706,0.394134222,0.00218343,0.028723978,83.6,1.6722,0.030907408,0.285675,0.323196,0.391128
1918,OK,,185.0,464.5302121,26.9427523,142.777778,123.6,2532.868157,55.8444425,2.29653206,0.432190942,0.002389503,0.026448585,83.6,1.6722,0.028838088,0.285675,0.323196,0.391128
1919,OK,,185.0,464.5302121,26.9427523,143.888889,123.6,2552.579191,56.2790296,2.0976371,0.476365173,0.002628443,0.02412802,83.6,1.6722,0.026756463,0.285675,0.323196,0.391128
1920,OK,,185.0,464.5302121,26.9427523,145.0,123.6,2572.290225,56.7136167,1.90813833,0.525231744,0.00289212,0.021917494,83.6,1.6722,0.024809613,0.285675,0.323196,0.391128
1921,OK,,185.0,469.6393552,27.2390826,135.0,123.6,2394.890899,52.8023328,3.77447449,0.232391029,0.001299782,0.043731841,83.6,1.6722,0.045031623,0.285675,0.323196,0.391128
1922,OK,,185.0,469.6393552,27.2390826,136.111111,123.6,2414.601934,53.2369199,3.56754128,0.251808719,0.001405864,0.041293174,83.6,1.6722,0.042699038,0.285675,0.323196,0.391128
1923,OK,,185.0,469.6393552,27.2390826,137.222222,123.6,2434.312968,53.671507,3.36107689,0.273354979,0.001523384,0.038863837,83.6,1.6722,0.040387221,0.285675,0.323196,0.391128
1924,OK,,185.0,469.6393552,27.2390826,138.333333,123.6,2454.024002,54.1060941,3.15635951,0.297255327,0.001653518,0.036458008,83.6,1.6722,0.038111526,0.285675,0.323196,0.391128
1925,OK,,185.0,469.6393552,27.2390826,139.444444,123.6,2473.735036,54.5406812,2.95571711,0.323600602,0.00179668,0.034101482,83.6,1.6722,0.035898162,0.285675,0.323196,0.391128
1926,OK,,185.0,469.6393552,27.2390826,140.555556,123.6,2493.446088,54.9752683,2.75196335,0.353510527,0.00195901,0.031715517,83.6,1.6722,0.033674526,0.285675,0.323196,0.391128
1927,OK,,185.0,469.6393552,27.2390826,141.666667,123.6,2513.157123,55.4098554,2.55186917,0.386785778,0.002139255,0.029374746,83.6,1.6722,0.031514001,0.285675,0.323196,0.391128
1928,OK,,185.0,469.6393552,27.2390826,142.777778,123.6,2532.868157,55.8444425,2.35198407,0.424503935,0.002343251,0.027041335,83.6,1.6722,0.029384587,0.285675,0.323196,0.391128
1929,OK,,185.0,469.6393552,27.2390826,143.888889,123.6,2552.579191,56.2790296,2.15653125,0.466742642,0.002571246,0.024762242,83.6,1.6722,0.027333487,0.285675,0.323196,0.391128
1930,OK,,185.0,469.6393552,27.2390826,145.0,123.6,2572.290225,56.7136167,1.9638104,0.51458817,0.002829042,0.022518948,83.6,1.6722,0.02534799,0.285675,0.323196,0.391128
1931,OK,,185.0,474.7484966,27.5354128,135.0,123.6,2394.890899,52.8023328,3.83842395,0.229026532,0.001278815,0.044389718,83.6,1.6722,0.045668533,0.285675,0.323196,0.391128
1932,OK,,185.0,474.7484966,27.5354128,136.111111,123.6,2414.601934,53.2369199,3.62897693,0.248169321,0.00138324,0.0419277,83.6,1.6722,0.04331094,0.285675,0.323196,0.391128
1933,OK,,185.0,474.7484966,27.5354128,137.222222,123.6,2434.312968,53.671507,3.42323483,0.269167844,0.001497564,0.039510136,83.6,1.6722,0.041007699,0.285675,0.323196,0.391128
1934,OK,,185.0,474.7484966,27.5354128,138.333333,123.6,2454.024002,54.1060941,3.21615732,0.292684623,0.001625417,0.037082289,83.6,1.6722,0.038707705,0.285675,0.323196,0.391128
1935,OK,,185.0,474.7484966,27.5354128,139.444444,123.6,2473.735036,54.5406812,3.01584727,0.318348317,0.001764626,0.034733023,83.6,1.6722,0.036497649,0.285675,0.323196,0.391128
1936,OK,,185.0,474.7484966,27.5354128,140.555556,123.6,2493.446088,54.9752683,2.8123645,0.347440113,0.001922236,0.032353702,83.6,1.6722,0.034275938,0.285675,0.323196,0.391128
1937,OK,,185.0,474.7484966,27.5354128,141.666667,123.6,2513.157123,55.4098554,2.61006202,0.38005937,0.002098659,0.029992125,83.6,1.6722,0.032090783,0.285675,0.323196,0.391128
1938,OK,,185.0,474.7484966,27.5354128,142.777778,123.6,2532.868157,55.8444425,2.41103736,0.416562605,0.002295722,0.027671639,83.6,1.6722,0.029967361,0.285675,0.323196,0.391128
1939,OK,,185.0,474.7484966,27.5354128,143.888889,123.6,2552.579191,56.2790296,2.2116325,0.45814593,0.002519875,0.025352088,83.6,1.6722,0.027871962,0.285675,0.323196,0.391128
1940,OK,,185.0,474.7484966,27.5354128,145.0,123.6,2572.290225,56.7136167,2.01953164,0.504365395,0.002768459,0.023118742,83.6,1.6722,0.025887201,0.285675,0.323196,0.391128
1941,OK,,185.0,479.8576397,27.8317431,135.0,123.6,2394.890899,52.8023328,3.89785968,0.226010311,0.001259878,0.044996792,83.6,1.6722,0.04625667,0.285675,0.323196,0.391128
1942,OK,,185.0,479.8576397,27.8317431,136.111111,123.6,2414.601934,53.2369199,3.69088589,0.244596389,0.001361064,0.042565548,83.6,1.6722,0.043926612,0.285675,0.323196,0.391128
1943,OK,,185.0,479.8576397,27.8317431,137.222222,123.6,2434.312968,53.671507,3.48426663,0.26518088,0.001472949,0.040142271,83.6,1.6722,0.04161522,0.285675,0.323196,0.391128
1944,OK,,185.0,479.8576397,27.8317431,138.333333,123.6,2454.024002,54.1060941,3.27802755,0.288074117,0.001597185,0.037727406,83.6,1.6722,0.039324591,0.285675,0.323196,0.391128
1945,OK,,185.0,479.8576397,27.8317431,139.444444,123.6,2473.735036,54.5406812,3.07780606,0.313083946,0.001732611,0.035382716,83.6,1.6722,0.037115326,0.285675,0.323196,0.391128
1946,OK,,185.0,479.8576397,27.8317431,140.555556,123.6,2493.446088,54.9752683,2.87151075,0.341698526,0.001887409,0.032976225,83.6,1.6722,0.034863634,0.285675,0.323196,0.391128
1947,OK,,185.0,479.8576397,27.8317431,141.666667,123.6,2513.157123,55.4098554,2.67026089,0.373332791,0.002058192,0.030629741,83.6,1.6722,0.032687932,0.285675,0.323196,0.391128
1948,OK,,185.0,479.8576397,27.8317431,142.777778,123.6,2532.868157,55.8444425,2.47173305,0.408671303,0.002248622,0.02831814,83.6,1.6722,0.030566762,0.285675,0.323196,0.391128
1949,OK,,185.0,479.8576397,27.8317431,143.888889,123.6,2552.579191,56.2790296,2.27461495,0.448565736,0.002463244,0.026027228,83.6,1.6722,0.028490472,0.285675,0.323196,0.391128
1950,OK,,185.0,479.8576397,27.8317431,145.0,123.6,2572.290225,56.7136167,2.08171188,0.493308549,0.002703479,0.023788202,83.6,1.6722,0.026491681,0.285675,0.323196,0.391128
1951,OK,,185.0,484.9667828,28.1280734,135.0,123.6,2394.890899,52.8023328,3.97406841,0.22213535,0.001236174,0.045782565,83.6,1.6722,0.047018739,0.285675,0.323196,0.391128
1952,OK,,185.0,484.9667828,28.1280734,136.111111,123.6,2414.601934,53.2369199,3.75183063,0.241184197,0.001339854,0.043190442,83.6,1.6722,0.044530296,0.285675,0.323196,0.391128
1953,OK,,185.0,484.9667828,28.1280734,137.222222,123.6,2434.312968,53.671507,3.5429207,0.261478423,0.001449996,0.040746177,83.6,1.6722,0.042196174,0.285675,0.323196,0.391128
1954,OK,,185.0,484.9667828,28.1280734,138.333333,123.6,2454.024002,54.1060941,3.33914304,0.283664824,0.001570158,0.038361803,83.6,1.6722,0.039931961,0.285675,0.323196,0.391128
1955,OK,,185.0,484.9667828,28.1280734,139.444444,123.6,2473.735036,54.5406812,3.13731016,0.308210942,0.001702865,0.03600313,83.6,1.6722,0.037705995,0.285675,0.323196,0.391128
1956,OK,,185.0,484.9667828,28.1280734,140.555556,123.6,2493.446088,54.9752683,2.93219666,0.335982719,0.001852826,0.033613251,83.6,1.6722,0.035466076,0.285675,0.323196,0.391128
1957,OK,,185.0,484.9667828,28.1280734,141.666667,123.6,2513.157123,55.4098554,2.73021582,0.366842532,0.00201915,0.031262286,83.6,1.6722,0.033281436,0.285675,0.323196,0.391128
1958,OK,,185.0,484.9667828,28.1280734,142.777778,123.6,2532.868157,55.8444425,2.53194497,0.401136866,0.002203627,0.028956908,83.6,1.6722,0.031160535,0.285675,0.323196,0.391128
1959,OK,,185.0,484.9667828,28.1280734,143.888889,123.6,2552.579191,56.2790296,2.3291125,0.440707855,0.002416259,0.026606422,83.6,1.6722,0.029022681,0.285675,0.323196,0.391128
1960,OK,,185.0,484.9667828,28.1280734,145.0,123.6,2572.290225,56.7136167,2.1380159,0.483795752,0.002647166,0.024390362,83.6,1.6722,0.027037528,0.285675,0.323196,0.391128
1961,OK,,185.0,490.0759259,28.4244037,135.0,123.6,2394.890899,52.8023328,4.02226433,0.219906109,0.001221768,0.046263591,83.6,1.6722,0.047485359,0.285675,0.323196,0.391128
1962,OK,,185.0,490.0759259,28.4244037,136.111111,123.6,2414.601934,53.2369199,3.81776793,0.237557738,0.001317509,0.043866922,83.6,1.6722,0.045184431,0.285675,0.323196,0.391128
1963,OK,,185.0,490.0759259,28.4244037,137.222222,123.6,2434.312968,53.671507,3.60776981,0.257446854,0.001425276,0.041414918,83.6,1.6722,0.042840194,0.285675,0.323196,0.391128
1964,OK,,185.0,490.0759259,28.4244037,138.333333,123.6,2454.024002,54.1060941,3.40293526,0.279176637,0.001542773,0.039022919,83.6,1.6722,0.040565692,0.285675,0.323196,0.391128
1965,OK,,185.0,490.0759259,28.4244037,139.444444,123.6,2473.735036,54.5406812,3.20016503,0.30318859,0.001672378,0.036657754,83.6,1.6722,0.038330132,0.285675,0.323196,0.391128
1966,OK,,185.0,490.0759259,28.4244037,140.555556,123.6,2493.446088,54.9752683,2.99169288,0.330570154,0.001820025,0.034234989,83.6,1.6722,0.036055014,0.285675,0.323196,0.391128
1967,OK,,185.0,490.0759259,28.4244037,141.666667,123.6,2513.157123,55.4098554,2.79247769,0.360305604,0.001979966,0.031917776,83.6,1.6722,0.033897742,0.285675,0.323196,0.391128
1968,OK,,185.0,490.0759259,28.4244037,142.777778,123.6,2532.868157,55.8444425,2.58956111,0.394212447,0.002162127,0.029564955,83.6,1.6722,0.031727082,0.285675,0.323196,0.391128
1969,OK,,185.0,490.0759259,28.4244037,143.888889,123.6,2552.579191,56.2790296,2.38870775,0.432358367,0.002366458,0.027233647,83.6,1.6722,0.029600104,0.285675,0.323196,0.391128
1970,OK,,185.0,490.0759259,28.4244037,145.0,123.6,2572.290225,56.7136167,2.19307023,0.474863442,0.0025942,0.024976708,83.6,1.6722,0.027570908,0.285675,0.323196,0.391128
1971,OK,,185.0,495.1850672,28.7207339,135.0,123.6,2394.890899,52.8023328,4.08553422,0.216917081,0.001203152,0.046904834,83.6,1.6722,0.048107986,0.285675,0.323196,0.391128
1972,OK,,185.0,495.1850672,28.7207339,136.111111,123.6,2414.601934,53.2369199,3.87456739,0.234581789,0.001298863,0.044442387,83.6,1.6722,0.045741251,0.285675,0.323196,0.391128
1973,OK,,185.0,495.1850672,28.7207339,137.222222,123.6,2434.312968,53.671507,3.66960905,0.253737277,0.001402423,0.042048592,83.6,1.6722,0.043451015,0.285675,0.323196,0.391128
1974,OK,,185.0,495.1850672,28.7207339,138.333333,123.6,2454.024002,54.1060941,3.45918802,0.275396579,0.001519404,0.039599916,83.6,1.6722,0.04111932,0.285675,0.323196,0.391128
1975,OK,,185.0,495.1850672,28.7207339,139.444444,123.6,2473.735036,54.5406812,3.25652731,0.298880489,0.001645941,0.037239476,83.6,1.6722,0.038885417,0.285675,0.323196,0.391128
1976,OK,,185.0,495.1850672,28.7207339,140.555556,123.6,2493.446088,54.9752683,3.05442218,0.325011979,0.001786515,0.034889606,83.6,1.6722,0.036676121,0.285675,0.323196,0.391128
1977,OK,,185.0,495.1850672,28.7207339,141.666667,123.6,2513.157123,55.4098554,2.84776596,0.354768169,0.001946412,0.032494803,83.6,1.6722,0.034441215,0.285675,0.323196,0.391128
1978,OK,,185.0,495.1850672,28.7207339,142.777778,123.6,2532.868157,55.8444425,2.6532296,0.386749915,0.002117803,0.030236498,83.6,1.6722,0.032354301,0.285675,0.323196,0.391128
1979,OK,,185.0,495.1850672,28.7207339,143.888889,123.6,2552.579191,56.2790296,2.45102166,0.423891903,0.002316661,0.027900301,83.6,1.6722,0.030216962,0.285675,0.323196,0.391128
1980,OK,,185.0,495.1850672,28.7207339,145.0,123.6,2572.290225,56.7136167,2.25482043,0.465119691,0.002536943,0.025634487,83.6,1.6722,0.02817143,0.285675,0.323196,0.391128
1981,OK,,185.0,500.2942103,29.0170642,135.0,123.6,2394.890899,52.8023328,4.14636552,0.214134475,0.001185744,0.047517341,83.6,1.6722,0.048703085,0.285675,0.323196,0.391128
1982,OK,,185.0,500.2942103,29.0170642,136.111111,123.6,2414.601934,53.2369199,3.93717757,0.231340794,0.001278794,0.045077995,83.6,1.6722,0.046356789,0.285675,0.323196,0.391128
1983,OK,,185.0,500.2942103,29.0170642,137.222222,123.6,2434.312968,53.671507,3.72995877,0.250229605,0.00138076,0.042663704,83.6,1.6722,0.044044464,0.285675,0.323196,0.391128
1984,OK,,185.0,500.2942103,29.0170642,138.333333,123.6,2454.024002,54.1060941,3.52324743,0.271140661,0.001493462,0.040258965,83.6,1.6722,0.041752426,0.285675,0.323196,0.391128
1985,OK,,185.0,500.2942103,29.0170642,139.444444,123.6,2473.735036,54.5406812,3.31529674,0.294491541,0.001619133,0.03784502,83.6,1.6722,0.039464153,0.285675,0.323196,0.391128
1986,OK,,185.0,500.2942103,29.0170642,140.555556,123.6,2493.446088,54.9752683,3.11346533,0.319983111,0.001756025,0.035501675,83.6,1.6722,0.0372577,0.285675,0.323196,0.391128
1987,OK,,185.0,500.2942103,29.0170642,141.666667,123.6,2513.157123,55.4098554,2.91113103,0.348527015,0.001909076,0.033157511,83.6,1.6722,0.035066587,0.285675,0.323196,0.391128
1988,OK,,185.0,500.2942103,29.0170642,142.777778,123.6,2532.868157,55.8444425,2.69423279,0.382362378,0.002090472,0.030659329,83.6,1.6722,0.032749801,0.285675,0.323196,0.391128
1989,OK,,185.0,500.2942103,29.0170642,143.888889,123.6,2552.579191,56.2790296,2.51632013,0.415338918,0.00226628,0.028591035,83.6,1.6722,0.030857315,0.285675,0.323196,0.391128
1990,OK,,185.0,500.2942103,29.0170642,145.0,123.6,2572.290225,56.7136167,2.31491525,0.456036338,0.00248346,0.02627167,83.6,1.6722,0.02875513,0.285675,0.323196,0.391128
1991,OK,,185.0,505.4033534,29.3133945,135.0,123.6,2394.890899,52.8023328,4.20896239,0.2113268,0.001168255,0.048147031,83.6,1.6722,0.049315286,0.285675,0.323196,0.391128
1992,OK,,185.0,505.4033534,29.3133945,136.111111,123.6,2414.601934,53.2369199,3.99968134,0.228187526,0.00125928,0.045710671,83.6,1.6722,0.046969951,0.285675,0.323196,0.391128
1993,OK,,185.0,505.4033534,29.3133945,137.222222,123.6,2434.312968,53.671507,3.79299737,0.246639071,0.001358708,0.043305989,83.6,1.6722,0.044664697,0.285675,0.323196,0.391128
1994,OK,,185.0,505.4033534,29.3133945,138.333333,123.6,2454.024002,54.1060941,3.58692592,0.267032625,0.001468424,0.040911968,83.6,1.6722,0.042380392,0.285675,0.323196,0.391128
1995,OK,,185.0,505.4033534,29.3133945,139.444444,123.6,2473.735036,54.5406812,3.35777852,0.291552038,0.001600426,0.038273095,83.6,1.6722,0.039873521,0.285675,0.323196,0.391128
1996,OK,,185.0,505.4033534,29.3133945,140.555556,123.6,2493.446088,54.9752683,3.174201,0.314943113,0.001725573,0.036130335,83.6,1.6722,0.037855907,0.285675,0.323196,0.391128
1997,OK,,185.0,505.4033534,29.3133945,141.666667,123.6,2513.157123,55.4098554,2.97093756,0.342861229,0.001875025,0.03377963,83.6,1.6722,0.035654656,0.285675,0.323196,0.391128
1998,OK,,185.0,505.4033534,29.3133945,142.777778,123.6,2532.868157,55.8444425,2.77260409,0.373588668,0.002039177,0.031487117,83.6,1.6722,0.033526294,0.285675,0.323196,0.391128
1999,OK,,185.0,505.4033534,29.3133945,143.888889,123.6,2552.579191,56.2790296,2.57072433,0.408594289,0.002225959,0.029160953,83.6,1.6722,0.031386912,0.285675,0.323196,0.391128
2000,OK,,185.0,505.4033534,29.3133945,145.0,123.6,2572.290225,56.7136167,2.37283626,0.447631653,0.002433852,0.026883215,83.6,1.6722,0.029317067,0.285675,0.323196,0.391128
2001,OK,,185.0,510.5124966,29.6097248,135.0,123.6,2394.890899,52.8023328,4.26547937,0.208893598,0.001152905,0.048709634,83.6,1.6722,0.049862539,0.285675,0.323196,0.391128
2002,OK,,185.0,510.5124966,29.6097248,136.111111,123.6,2414.601934,53.2369199,4.06201187,0.225127682,0.001240343,0.046339154,83.6,1.6722,0.047579497,0.285675,0.323196,0.391128
2003,OK,,185.0,510.5124966,29.6097248,137.222222,123.6,2434.312968,53.671507,3.85436851,0.243251486,0.001337848,0.04392801,83.6,1.6722,0.045265857,0.285675,0.323196,0.391128
2004,OK,,185.0,510.5124966,29.6097248,138.333333,123.6,2454.024002,54.1060941,3.64648926,0.263332228,0.001445716,0.041518367,83.6,1.6722,0.042964083,0.285675,0.323196,0.391128
2005,OK,,185.0,510.5124966,29.6097248,139.444444,123.6,2473.735036,54.5406812,3.44146932,0.285390159,0.001563986,0.039143519,83.6,1.6722,0.040707504,0.285675,0.323196,0.391128
2006,OK,,185.0,510.5124966,29.6097248,140.555556,123.6,2493.446088,54.9752683,3.23369818,0.310166506,0.00169666,0.036743331,83.6,1.6722,0.038439991,0.285675,0.323196,0.391128
2007,OK,,185.0,510.5124966,29.6097248,141.666667,123.6,2513.157123,55.4098554,3.03123365,0.33732365,0.001841779,0.034404798,83.6,1.6722,0.036246577,0.285675,0.323196,0.391128
2008,OK,,185.0,510.5124966,29.6097248,142.777778,123.6,2532.868157,55.8444425,2.82966989,0.367623625,0.002003424,0.032080653,83.6,1.6722,0.034084077,0.285675,0.323196,0.391128
2009,OK,,185.0,510.5124966,29.6097248,143.888889,123.6,2552.579191,56.2790296,2.63370428,0.400929563,0.002180724,0.029822077,83.6,1.6722,0.032002801,0.285675,0.323196,0.391128
2010,OK,,185.0,510.5124966,29.6097248,145.0,123.6,2572.290225,56.7136167,2.43129115,0.439448187,0.002385592,0.027498436,83.6,1.6722,0.029884028,0.285675,0.323196,0.391128
2011,OK,,185.0,515.6216379,29.906055,135.0,123.6,2394.890899,52.8023328,4.33320757,0.205970216,0.001134873,0.049389267,83.6,1.6722,0.050524139,0.285675,0.323196,0.391128
2012,OK,,185.0,515.6216379,29.906055,136.111111,123.6,2414.601934,53.2369199,4.12489831,0.222115713,0.001221728,0.046971115,83.6,1.6722,0.048192843,0.285675,0.323196,0.391128
2013,OK,,185.0,515.6216379,29.906055,137.222222,123.6,2434.312968,53.671507,3.91593352,0.239941934,0.001317481,0.044549773,83.6,1.6722,0.045867254,0.285675,0.323196,0.391128
2014,OK,,185.0,515.6216379,29.906055,138.333333,123.6,2454.024002,54.1060941,3.70785722,0.259606755,0.001422937,0.042141812,83.6,1.6722,0.043564749,0.285675,0.323196,0.391128
2015,OK,,185.0,515.6216379,29.906055,139.444444,123.6,2473.735036,54.5406812,3.50247884,0.281201368,0.001538528,0.039766838,83.6,1.6722,0.041305366,0.285675,0.323196,0.391128
2016,OK,,185.0,515.6216379,29.906055,140.555556,123.6,2493.446088,54.9752683,3.29726232,0.305176979,0.001666662,0.037397867,83.6,1.6722,0.039064529,0.285675,0.323196,0.391128
2017,OK,,185.0,515.6216379,29.906055,141.666667,123.6,2513.157123,55.4098554,3.09738335,0.331382929,0.001806418,0.035090816,83.6,1.6722,0.036897234,0.285675,0.323196,0.391128
2018,OK,,185.0,515.6216379,29.906055,142.777778,123.6,2532.868157,55.8444425,2.89112846,0.361351223,0.001966093,0.032719578,83.6,1.6722,0.034685671,0.285675,0.323196,0.391128
2019,OK,,185.0,515.6216379,29.906055,143.888889,123.6,2552.579191,56.2790296,2.68930795,0.39448422,0.002142277,0.030400869,83.6,1.6722,0.032543146,0.285675,0.323196,0.391128
2020,OK,,185.0,515.6216379,29.906055,145.0,123.6,2572.290225,56.7136167,2.48958903,0.431578653,0.002339182,0.028109777,83.6,1.6722,0.030448959,0.285675,0.323196,0.391128
2021,OK,,185.0,520.730781,30.2023853,135.0,123.6,2394.890899,52.8023328,4.39709248,0.203306344,0.001118337,0.050025568,83.6,1.6722,0.051143905,0.285675,0.323196,0.391128
2022,OK,,185.0,520.730781,30.2023853,136.111111,123.6,2414.601934,53.2369199,4.18681525,0.219233012,0.001203886,0.047590488,83.6,1.6722,0.048794374,0.285675,0.323196,0.391128
2023,OK,,185.0,520.730781,30.2023853,137.222222,123.6,2434.312968,53.671507,3.97838644,0.236666212,0.001297362,0.045178732,83.6,1.6722,0.046476095,0.285675,0.323196,0.391128
2024,OK,,185.0,520.730781,30.2023853,138.333333,123.6,2454.024002,54.1060941,3.76955982,0.255960844,0.001400664,0.042766608,83.6,1.6722,0.044167272,0.285675,0.323196,0.391128
2025,OK,,185.0,520.730781,30.2023853,139.444444,123.6,2473.735036,54.5406812,3.5638506,0.277102882,0.001513644,0.0403918,83.6,1.6722,0.041905444,0.285675,0.323196,0.391128
2026,OK,,185.0,520.730781,30.2023853,140.555556,123.6,2493.446088,54.9752683,3.35752787,0.300618399,0.001639119,0.038014616,83.6,1.6722,0.039653734,0.285675,0.323196,0.391128
2027,OK,,185.0,520.730781,30.2023853,141.666667,123.6,2513.157123,55.4098554,3.15459452,0.326492523,0.001776914,0.035678158,83.6,1.6722,0.037455072,0.285675,0.323196,0.391128
2028,OK,,185.0,520.730781,30.2023853,142.777778,123.6,2532.868157,55.8444425,2.96004799,0.354475819,0.001925577,0.033436642,83.6,1.6722,0.035362219,0.285675,0.323196,0.391128
2029,OK,,185.0,520.730781,30.2023853,143.888889,123.6,2552.579191,56.2790296,2.75014668,0.387590526,0.002101498,0.031034273,83.6,1.6722,0.033135771,0.285675,0.323196,0.391128
2030,OK,,185.0,520.730781,30.2023853,145.0,123.6,2572.290225,56.7136167,2.55202223,0.423394384,0.002291195,0.02876379,83.6,1.6722,0.031054985,0.285675,0.323196,0.391128
2031,OK,,185.0,525.8399241,30.4987156,135.0,123.6,2394.890899,52.8023328,4.45723537,0.200886577,0.001103199,0.050619346,83.6,1.6722,0.051722545,0.285675,0.323196,0.391128
2032,OK,,185.0,525.8399241,30.4987156,136.111111,123.6,2414.601934,53.2369199,4.24347864,0.216698592,0.001188018,0.048151325,83.6,1.6722,0.049339344,0.285675,0.323196,0.391128
2033,OK,,185.0,525.8399241,30.4987156,137.222222,123.6,2434.312968,53.671507,4.03597339,0.233762417,0.001279351,0.045753127,83.6,1.6722,0.047032478,0.285675,0.323196,0.391128
2034,OK,,185.0,525.8399241,30.4987156,138.333333,123.6,2454.024002,54.1060941,3.83603634,0.252108995,0.001377317,0.043439395,83.6,1.6722,0.044816712,0.285675,0.323196,0.391128
2035,OK,,185.0,525.8399241,30.4987156,139.444444,123.6,2473.735036,54.5406812,3.62282881,0.273298577,0.001490442,0.040988415,83.6,1.6722,0.042478857,0.285675,0.323196,0.391128
2036,OK,,185.0,525.8399241,30.4987156,140.555556,123.6,2493.446088,54.9752683,3.41656306,0.296297418,0.001612951,0.038615499,83.6,1.6722,0.040228449,0.285675,0.323196,0.391128
2037,OK,,185.0,525.8399241,30.4987156,141.666667,123.6,2513.157123,55.4098554,3.21340541,0.321599092,0.001747472,0.036280153,83.6,1.6722,0.038027625,0.285675,0.323196,0.391128
2038,OK,,185.0,525.8399241,30.4987156,142.777778,123.6,2532.868157,55.8444425,3.01006189,0.349838145,0.001897379,0.03394731,83.6,1.6722,0.035844688,0.285675,0.323196,0.391128
2039,OK,,185.0,525.8399241,30.4987156,143.888889,123.6,2552.579191,56.2790296,2.80518368,0.381633293,0.002065925,0.031602492,83.6,1.6722,0.033668417,0.285675,0.323196,0.391128
2040,OK,,185.0,525.8399241,30.4987156,145.0,123.6,2572.290225,56.7136167,2.61012568,0.416110523,0.002248225,0.029368317,83.6,1.6722,0.031616542,0.285675,0.323196,0.391128
2041,OK,,185.0,530.9490672,30.7950459,135.0,123.6,2394.890899,52.8023328,4.51780518,0.198498608,0.001088289,0.051216234,83.6,1.6722,0.052304524,0.285675,0.323196,0.391128
2042,OK,,185.0,530.9490672,30.7950459,136.111111,123.6,2414.601934,53.2369199,4.30941679,0.213746944,0.001169901,0.048808929,83.6,1.6722,0.049978829,0.285675,0.323196,0.391128
2043,OK,,185.0,530.9490672,30.7950459,137.222222,123.6,2434.312968,53.671507,4.10113744,0.230494231,0.001259392,0.046406462,83.6,1.6722,0.047665854,0.285675,0.323196,0.391128
2044,OK,,185.0,530.9490672,30.7950459,138.333333,123.6,2454.024002,54.1060941,3.89314452,0.248952321,0.00135787,0.044010858,83.6,1.6722,0.045368728,0.285675,0.323196,0.391128
2045,OK,,185.0,530.9490672,30.7950459,139.444444,123.6,2473.735036,54.5406812,3.68513647,0.269352576,0.001466541,0.041619011,83.6,1.6722,0.043085552,0.285675,0.323196,0.391128
2046,OK,,185.0,530.9490672,30.7950459,140.555556,123.6,2493.446088,54.9752683,3.47534372,0.292109912,0.001587601,0.039212145,83.6,1.6722,0.040799746,0.285675,0.323196,0.391128
2047,OK,,185.0,530.9490672,30.7950459,141.666667,123.6,2513.157123,55.4098554,3.27486491,0.316600848,0.001717555,0.036908945,83.6,1.6722,0.038626499,0.285675,0.323196,0.391128
2048,OK,,185.0,530.9490672,30.7950459,142.777778,123.6,2532.868157,55.8444425,3.07053773,0.344238894,0.001864036,0.034569074,83.6,1.6722,0.036433111,0.285675,0.323196,0.391128
2049,OK,,185.0,530.9490672,30.7950459,143.888889,123.6,2552.579191,56.2790296,2.87038718,0.374672804,0.002025015,0.032278575,83.6,1.6722,0.03430359,0.285675,0.323196,0.391128
2050,OK,,185.0,530.9490672,30.7950459,145.0,123.6,2572.290225,56.7136167,2.67002988,0.408821233,0.002205364,0.029990621,83.6,1.6722,0.032195984,0.285675,0.323196,0.391128
2051,OK,,185.0,536.0582086,31.0913761,135.0,123.6,2394.890899,52.8023328,4.58509704,0.195866702,0.001072078,0.051881852,83.6,1.6722,0.05295393,0.285675,0.323196,0.391128
2052,OK,,185.0,536.0582086,31.0913761,136.111111,123.6,2414.601934,53.2369199,4.37389612,0.210942358,0.00115265,0.049448896,83.6,1.6722,0.050601547,0.285675,0.323196,0.391128
2053,OK,,185.0,536.0582086,31.0913761,137.222222,123.6,2434.312968,53.671507,4.17870009,0.226630818,0.001236219,0.047188493,83.6,1.6722,0.048424712,0.285675,0.323196,0.391128
2054,OK,,185.0,536.0582086,31.0913761,138.333333,123.6,2454.024002,54.1060941,3.95799708,0.245392938,0.001336273,0.044662536,83.6,1.6722,0.045998809,0.285675,0.323196,0.391128
2055,OK,,185.0,536.0582086,31.0913761,139.444444,123.6,2473.735036,54.5406812,3.74837501,0.265449441,0.001442948,0.042257398,83.6,1.6722,0.043700347,0.285675,0.323196,0.391128
2056,OK,,185.0,536.0582086,31.0913761,140.555556,123.6,2493.446088,54.9752683,3.54125431,0.287478942,0.001559905,0.039882778,83.6,1.6722,0.041442683,0.285675,0.323196,0.391128
2057,OK,,185.0,536.0582086,31.0913761,141.666667,123.6,2513.157123,55.4098554,3.33731219,0.311662547,0.001688055,0.037546198,83.6,1.6722,0.039234253,0.285675,0.323196,0.391128
2058,OK,,185.0,536.0582086,31.0913761,142.777778,123.6,2532.868157,55.8444425,3.1373585,0.338179136,0.00182829,0.035256652,83.6,1.6722,0.037084942,0.285675,0.323196,0.391128
2059,OK,,185.0,536.0582086,31.0913761,143.888889,123.6,2552.579191,56.2790296,2.93547792,0.367950773,0.001985523,0.032951119,83.6,1.6722,0.034936642,0.285675,0.323196,0.391128
2060,OK,,185.0,536.0582086,31.0913761,145.0,123.6,2572.290225,56.7136167,2.72975991,0.401797823,0.002164071,0.030609017,83.6,1.6722,0.032773087,0.285675,0.323196,0.391128
2061,OK,,185.0,541.1673517,31.3877064,135.0,123.6,2394.890899,52.8023328,4.64855155,0.193469463,0.001057208,0.052504324,83.6,1.6722,0.053561532,0.285675,0.323196,0.391128
2062,OK,,185.0,541.1673517,31.3877064,136.111111,123.6,2414.601934,53.2369199,4.43476135,0.208385029,0.00113681,0.050048152,83.6,1.6722,0.051184963,0.285675,0.323196,0.391128
2063,OK,,185.0,541.1673517,31.3877064,137.222222,123.6,2434.312968,53.671507,4.22473918,0.224576759,0.001223056,0.047635043,83.6,1.6722,0.048858098,0.285675,0.323196,0.391128
2064,OK,,185.0,541.1673517,31.3877064,138.333333,123.6,2454.024002,54.1060941,4.01737994,0.242262,0.001317085,0.045253715,83.6,1.6722,0.0465708,0.285675,0.323196,0.391128
2065,OK,,185.0,541.1673517,31.3877064,139.444444,123.6,2473.735036,54.5406812,3.81011842,0.261757701,0.001420578,0.042877307,83.6,1.6722,0.044297884,0.285675,0.323196,0.391128
2066,OK,,185.0,541.1673517,31.3877064,140.555556,123.6,2493.446088,54.9752683,3.59912874,0.283598624,0.001536383,0.040465305,83.6,1.6722,0.042001688,0.285675,0.323196,0.391128
2067,OK,,185.0,541.1673517,31.3877064,141.666667,123.6,2513.157123,55.4098554,3.39853743,0.306978702,0.001660023,0.038167868,83.6,1.6722,0.039827891,0.285675,0.323196,0.391128
2068,OK,,185.0,541.1673517,31.3877064,142.777778,123.6,2532.868157,55.8444425,3.19986301,0.332739247,0.001796009,0.035895362,83.6,1.6722,0.037691372,0.285675,0.323196,0.391128
2069,OK,,185.0,541.1673517,31.3877064,143.888889,123.6,2552.579191,56.2790296,2.99073281,0.362537042,0.001953229,0.033515817,83.6,1.6722,0.035469047,0.285675,0.323196,0.391128
2070,OK,,185.0,541.1673517,31.3877064,145.0,123.6,2572.290225,56.7136167,2.79190113,0.394709853,0.002122541,0.03125086,83.6,1.6722,0.033373401,0.285675,0.323196,0.391128
2071,OK,,185.0,546.2764948,31.6840367,135.0,123.6,2394.890899,52.8023328,4.70740535,0.191330188,0.001043795,0.053075353,83.6,1.6722,0.054119148,0.285675,0.323196,0.391128
2072,OK,,185.0,546.2764948,31.6840367,136.111111,123.6,2414.601934,53.2369199,4.49589052,0.205882,0.001121307,0.050647,83.6,1.6722,0.051768307,0.285675,0.323196,0.391128
2073,OK,,185.0,546.2764948,31.6840367,137.222222,123.6,2434.312968,53.671507,4.28738274,0.221691642,0.001205361,0.048253704,83.6,1.6722,0.049459065,0.285675,0.323196,0.391128
2074,OK,,185.0,546.2764948,31.6840367,138.333333,123.6,2454.024002,54.1060941,4.07566544,0.239279725,0.001298757,0.045830278,83.6,1.6722,0.047129035,0.285675,0.323196,0.391128
2075,OK,,185.0,546.2764948,31.6840367,139.444444,123.6,2473.735036,54.5406812,3.86856502,0.258388812,0.001400025,0.043459266,83.6,1.6722,0.04485929,0.285675,0.323196,0.391128
2076,OK,,185.0,546.2764948,31.6840367,140.555556,123.6,2493.446088,54.9752683,3.65799882,0.27975449,0.001513115,0.041055517,83.6,1.6722,0.042568632,0.285675,0.323196,0.391128
2077,OK,,185.0,546.2764948,31.6840367,141.666667,123.6,2513.157123,55.4098554,3.45686039,0.302679505,0.001634151,0.038755713,83.6,1.6722,0.040389864,0.285675,0.323196,0.391128
2078,OK,,185.0,546.2764948,31.6840367,142.777778,123.6,2532.868157,55.8444425,3.25399492,0.328260927,0.001769024,0.036441996,83.6,1.6722,0.03821102,0.285675,0.323196,0.391128
2079,OK,,185.0,546.2764948,31.6840367,143.888889,123.6,2552.579191,56.2790296,3.05017426,0.356841937,0.001919491,0.034122547,83.6,1.6722,0.036042039,0.285675,0.323196,0.391128
2080,OK,,185.0,546.2764948,31.6840367,145.0,123.6,2572.290225,56.7136167,2.85059428,0.388288802,0.002084715,0.031852909,83.6,1.6722,0.033937624,0.285675,0.323196,0.391128
2081,OK,,185.0,551.3856379,31.980367,135.0,123.6,2394.890899,52.8023328,4.76990545,0.189076424,0.001029807,0.053684064,83.6,1.6722,0.05471387,0.285675,0.323196,0.391128
2082,OK,,185.0,551.3856379,31.980367,136.111111,123.6,2414.601934,53.2369199,4.56007098,0.203286357,0.001105356,0.051277201,83.6,1.6722,0.052382557,0.285675,0.323196,0.391128
2083,OK,,185.0,551.3856379,31.980367,137.222222,123.6,2434.312968,53.671507,4.34934919,0.218901765,0.001188256,0.04886456,83.6,1.6722,0.050052816,0.285675,0.323196,0.391128
2084,OK,,185.0,551.3856379,31.980367,138.333333,123.6,2454.024002,54.1060941,4.14016986,0.236000337,0.001278877,0.046471667,83.6,1.6722,0.047750544,0.285675,0.323196,0.391128
2085,OK,,185.0,551.3856379,31.980367,139.444444,123.6,2473.735036,54.5406812,3.9324471,0.254742707,0.001378039,0.044097864,83.6,1.6722,0.045475903,0.285675,0.323196,0.391128
2086,OK,,185.0,551.3856379,31.980367,140.555556,123.6,2493.446088,54.9752683,3.72435478,0.275457926,0.001487473,0.041724053,83.6,1.6722,0.043211526,0.285675,0.323196,0.391128
2087,OK,,185.0,551.3856379,31.980367,141.666667,123.6,2513.157123,55.4098554,3.52083975,0.298024758,0.001606446,0.039402666,83.6,1.6722,0.041009111,0.285675,0.323196,0.391128
2088,OK,,185.0,551.3856379,31.980367,142.777778,123.6,2532.868157,55.8444425,3.31418177,0.323331437,0.001739698,0.037052239,83.6,1.6722,0.038791937,0.285675,0.323196,0.391128
2089,OK,,185.0,551.3856379,31.980367,143.888889,123.6,2552.579191,56.2790296,3.111201,0.351139474,0.001885837,0.034745151,83.6,1.6722,0.036630988,0.285675,0.323196,0.391128
2090,OK,,185.0,551.3856379,31.980367,145.0,123.6,2572.290225,56.7136167,2.90875124,0.382115463,0.002048362,0.032448214,83.6,1.6722,0.034496575,0.285675,0.323196,0.391128
2091,OK,,185.0,556.4947793,32.2766972,135.0,123.6,2394.890899,52.8023328,4.83320629,0.186843717,0.001015972,0.054298362,83.6,1.6722,0.055314334,0.285675,0.323196,0.391128
2092,OK,,185.0,556.4947793,32.2766972,136.111111,123.6,2414.601934,53.2369199,4.62295238,0.200814967,0.00109013,0.051891071,83.6,1.6722,0.052981201,0.285675,0.323196,0.391128
2093,OK,,185.0,556.4947793,32.2766972,137.222222,123.6,2434.312968,53.671507,4.41439611,0.216027511,0.001170736,0.049504946,83.6,1.6722,0.050675682,0.285675,0.323196,0.391128
2094,OK,,185.0,556.4947793,32.2766972,138.333333,123.6,2454.024002,54.1060941,4.20442657,0.232823713,0.001259611,0.047107676,83.6,1.6722,0.048367286,0.285675,0.323196,0.391128
2095,OK,,185.0,556.4947793,32.2766972,139.444444,123.6,2473.735036,54.5406812,3.99385602,0.251352568,0.001357507,0.044707738,83.6,1.6722,0.046065245,0.285675,0.323196,0.391128
2096,OK,,185.0,556.4947793,32.2766972,140.555556,123.6,2493.446088,54.9752683,3.78680316,0.271563356,0.001464086,0.042348562,83.6,1.6722,0.043812647,0.285675,0.323196,0.391128
2097,OK,,185.0,556.4947793,32.2766972,141.666667,123.6,2513.157123,55.4098554,3.58079657,0.29382647,0.00158129,0.04000444,83.6,1.6722,0.04158573,0.285675,0.323196,0.391128
2098,OK,,185.0,556.4947793,32.2766972,142.777778,123.6,2532.868157,55.8444425,3.37465156,0.3185226,0.001711103,0.037662989,83.6,1.6722,0.039374092,0.285675,0.323196,0.391128
2099,OK,,185.0,556.4947793,32.2766972,143.888889,123.6,2552.579191,56.2790296,3.17300874,0.345537116,0.001852814,0.03537352,83.6,1.6722,0.037226333,0.285675,0.323196,0.391128
2100,OK,,185.0,556.4947793,32.2766972,145.0,123.6,2572.290225,56.7136167,2.96950706,0.375839969,0.002011556,0.033068816,83.6,1.6722,0.035080371,0.285675,0.323196,0.391128
2101,OK,,185.0,561.6039224,32.5730275,135.0,123.6,2394.890899,52.8023328,4.8992513,0.184553139,0.00100186,0.054938804,83.6,1.6722,0.055940664,0.285675,0.323196,0.391128
2102,OK,,185.0,561.6039224,32.5730275,136.111111,123.6,2414.601934,53.2369199,4.68559351,0.1984118,0.001075323,0.052500112,83.6,1.6722,0.053575434,0.285675,0.323196,0.391128
2103,OK,,185.0,561.6039224,32.5730275,137.222222,123.6,2434.312968,53.671507,4.47702187,0.213344644,0.001154314,0.05011769,83.6,1.6722,0.051272004,0.285675,0.323196,0.391128
2104,OK,,185.0,561.6039224,32.5730275,138.333333,123.6,2454.024002,54.1060941,4.26361814,0.230005868,0.001242357,0.047688365,83.6,1.6722,0.048930723,0.285675,0.323196,0.391128
2105,OK,,185.0,561.6039224,32.5730275,139.444444,123.6,2473.735036,54.5406812,4.05581099,0.248015706,0.001337325,0.045321103,83.6,1.6722,0.046658429,0.285675,0.323196,0.391128
2106,OK,,185.0,561.6039224,32.5730275,140.555556,123.6,2493.446088,54.9752683,3.84745113,0.267897803,0.001442009,0.04295189,83.6,1.6722,0.044393899,0.285675,0.323196,0.391128
2107,OK,,185.0,561.6039224,32.5730275,141.666667,123.6,2513.157123,55.4098554,3.64159279,0.289677523,0.001556475,0.040612901,83.6,1.6722,0.042169375,0.285675,0.323196,0.391128
2108,OK,,185.0,561.6039224,32.5730275,142.777778,123.6,2532.868157,55.8444425,3.4367998,0.313706111,0.001682549,0.038289278,83.6,1.6722,0.039971827,0.285675,0.323196,0.391128
2109,OK,,185.0,561.6039224,32.5730275,143.888889,123.6,2552.579191,56.2790296,3.23405724,0.340180031,0.001821207,0.035991601,83.6,1.6722,0.037812808,0.285675,0.323196,0.391128
2110,OK,,185.0,561.6039224,32.5730275,145.0,123.6,2572.290225,56.7136167,3.03137895,0.369647368,0.0019753,0.03369904,83.6,1.6722,0.03567434,0.285675,0.323196,0.391128
2111,OK,,185.0,566.7130655,32.8693578,135.0,123.6,2394.890899,52.8023328,4.96151553,0.182467804,0.00098891,0.055537019,83.6,1.6722,0.056525929,0.285675,0.323196,0.391128
2112,OK,,185.0,566.7130655,32.8693578,136.111111,123.6,2414.601934,53.2369199,4.7460645,0.196163155,0.001061398,0.05308378,83.6,1.6722,0.054145178,0.285675,0.323196,0.391128
2113,OK,,185.0,566.7130655,32.8693578,137.222222,123.6,2434.312968,53.671507,4.53575659,0.210917029,0.001139326,0.050687075,83.6,1.6722,0.051826401,0.285675,0.323196,0.391128
2114,OK,,185.0,566.7130655,32.8693578,138.333333,123.6,2454.024002,54.1060941,4.3263789,0.227067619,0.001224493,0.048303558,83.6,1.6722,0.049528051,0.285675,0.323196,0.391128
2115,OK,,185.0,566.7130655,32.8693578,139.444444,123.6,2473.735036,54.5406812,4.11920051,0.244683399,0.00131722,0.045946646,83.6,1.6722,0.047263866,0.285675,0.323196,0.391128
2116,OK,,185.0,566.7130655,32.8693578,140.555556,123.6,2493.446088,54.9752683,3.90752102,0.264370801,0.001420739,0.043546418,83.6,1.6722,0.044967158,0.285675,0.323196,0.391128
2117,OK,,185.0,566.7130655,32.8693578,141.666667,123.6,2513.157123,55.4098554,3.70144889,0.285716605,0.00153274,0.041208766,83.6,1.6722,0.042741506,0.285675,0.323196,0.391128
2118,OK,,185.0,566.7130655,32.8693578,142.777778,123.6,2532.868157,55.8444425,3.50006681,0.308940122,0.001654342,0.038924566,83.6,1.6722,0.040578908,0.285675,0.323196,0.391128
2119,OK,,185.0,566.7130655,32.8693578,143.888889,123.6,2552.579191,56.2790296,3.2906134,0.335414371,0.001792863,0.036559591,83.6,1.6722,0.038352454,0.285675,0.323196,0.391128
2120,OK,,185.0,566.7130655,32.8693578,145.0,123.6,2572.290225,56.7136167,3.09028212,0.363966622,0.001941887,0.034295171,83.6,1.6722,0.036237058,0.285675,0.323196,0.391128
2121,OK,,185.0,571.8222086,33.1656881,135.0,123.6,2394.890899,52.8023328,5.02290567,0.180454132,0.000976402,0.056125537,83.6,1.6722,0.057101938,0.285675,0.323196,0.391128
2122,OK,,185.0,571.8222086,33.1656881,136.111111,123.6,2414.601934,53.2369199,4.81012176,0.193802772,0.001046917,0.053703792,83.6,1.6722,0.054750709,0.285675,0.323196,0.391128
2123,OK,,185.0,571.8222086,33.1656881,137.222222,123.6,2434.312968,53.671507,4.60083246,0.208236691,0.001123019,0.051321592,83.6,1.6722,0.052444611,0.285675,0.323196,0.391128
2124,OK,,185.0,571.8222086,33.1656881,138.333333,123.6,2454.024002,54.1060941,4.38878269,0.224211016,0.001207138,0.048914131,83.6,1.6722,0.050121269,0.285675,0.323196,0.391128
2125,OK,,185.0,571.8222086,33.1656881,139.444444,123.6,2473.735036,54.5406812,4.18038569,0.241554793,0.001298293,0.046548176,83.6,1.6722,0.047846469,0.285675,0.323196,0.391128
2126,OK,,185.0,571.8222086,33.1656881,140.555556,123.6,2493.446088,54.9752683,3.97155887,0.260664105,0.001398576,0.044181515,83.6,1.6722,0.045580091,0.285675,0.323196,0.391128
2127,OK,,185.0,571.8222086,33.1656881,141.666667,123.6,2513.157123,55.4098554,3.76680138,0.281447662,0.001507429,0.041861256,83.6,1.6722,0.043368684,0.285675,0.323196,0.391128
2128,OK,,185.0,571.8222086,33.1656881,142.777778,123.6,2532.868157,55.8444425,3.55830467,0.30471224,0.001629133,0.039505854,83.6,1.6722,0.041134987,0.285675,0.323196,0.391128
2129,OK,,185.0,571.8222086,33.1656881,143.888889,123.6,2552.579191,56.2790296,3.35745981,0.329814156,0.001760139,0.037234973,83.6,1.6722,0.038995111,0.285675,0.323196,0.391128
2130,OK,,185.0,571.8222086,33.1656881,145.0,123.6,2572.290225,56.7136167,3.15241327,0.358103376,0.001907613,0.034924251,83.6,1.6722,0.036831864,0.285675,0.323196,0.391128
2131,OK,,185.0,576.93135,33.4620183,135.0,123.6,2394.890899,52.8023328,5.08562529,0.178436703,0.000963906,0.056725134,83.6,1.6722,0.057689041,0.285675,0.323196,0.391128
2132,OK,,185.0,576.93135,33.4620183,136.111111,123.6,2414.601934,53.2369199,4.87352725,0.191528598,0.001032945,0.054314464,83.6,1.6722,0.055347409,0.285675,0.323196,0.391128
2133,OK,,185.0,576.93135,33.4620183,137.222222,123.6,2434.312968,53.671507,4.66230543,0.205789649,0.001108024,0.051916056,83.6,1.6722,0.053024081,0.285675,0.323196,0.391128
2134,OK,,185.0,576.93135,33.4620183,138.333333,123.6,2454.024002,54.1060941,4.45117473,0.221426445,0.001190221,0.049521927,83.6,1.6722,0.050712148,0.285675,0.323196,0.391128
2135,OK,,185.0,576.93135,33.4620183,139.444444,123.6,2473.735036,54.5406812,4.24338353,0.238403589,0.001279295,0.047166038,83.6,1.6722,0.048445333,0.285675,0.323196,0.391128
2136,OK,,185.0,576.93135,33.4620183,140.555556,123.6,2493.446088,54.9752683,4.03321165,0.257210907,0.001377842,0.044789057,83.6,1.6722,0.046166899,0.285675,0.323196,0.391128
2137,OK,,185.0,576.93135,33.4620183,141.666667,123.6,2513.157123,55.4098554,3.83105053,0.277381023,0.001483276,0.042499462,83.6,1.6722,0.043982738,0.285675,0.323196,0.391128
2138,OK,,185.0,576.93135,33.4620183,142.777778,123.6,2532.868157,55.8444425,3.62046594,0.300285578,0.001602922,0.040125875,83.6,1.6722,0.041728796,0.285675,0.323196,0.391128
2139,OK,,185.0,576.93135,33.4620183,143.888889,123.6,2552.579191,56.2790296,3.4191729,0.324854351,0.001730937,0.037853679,83.6,1.6722,0.039584616,0.285675,0.323196,0.391128
2140,OK,,185.0,576.93135,33.4620183,145.0,123.6,2572.290225,56.7136167,3.21406501,0.352472964,0.001874676,0.035545762,83.6,1.6722,0.037420439,0.285675,0.323196,0.391128
2141,OK,,185.0,582.0404931,33.7583486,135.0,123.6,2394.890899,52.8023328,5.14754597,0.176492916,0.000951849,0.057314259,83.6,1.6722,0.058266108,0.285675,0.323196,0.391128
2142,OK,,185.0,582.0404931,33.7583486,136.111111,123.6,2414.601934,53.2369199,4.93673295,0.18931324,0.001019333,0.054920683,83.6,1.6722,0.055940016,0.285675,0.323196,0.391128
2143,OK,,185.0,582.0404931,33.7583486,137.222222,123.6,2434.312968,53.671507,4.72803466,0.203207382,0.001092339,0.05255222,83.6,1.6722,0.053644559,0.285675,0.323196,0.391128
2144,OK,,185.0,582.0404931,33.7583486,138.333333,123.6,2454.024002,54.1060941,4.51617904,0.218578891,0.001173012,0.050154511,83.6,1.6722,0.051327523,0.285675,0.323196,0.391128
2145,OK,,185.0,582.0404931,33.7583486,139.444444,123.6,2473.735036,54.5406812,4.30436129,0.235443305,0.001261384,0.047760624,83.6,1.6722,0.049022008,0.285675,0.323196,0.391128
2146,OK,,185.0,582.0404931,33.7583486,140.555556,123.6,2493.446088,54.9752683,4.09744819,0.253685537,0.001356778,0.045421224,83.6,1.6722,0.046778002,0.285675,0.323196,0.391128
2147,OK,,185.0,582.0404931,33.7583486,141.666667,123.6,2513.157123,55.4098554,3.89581706,0.27339068,0.001459603,0.043140676,83.6,1.6722,0.044600279,0.285675,0.323196,0.391128
2148,OK,,185.0,582.0404931,33.7583486,142.777778,123.6,2532.868157,55.8444425,3.68285631,0.2959644,0.001577352,0.040746026,83.6,1.6722,0.042323378,0.285675,0.323196,0.391128
2149,OK,,185.0,582.0404931,33.7583486,143.888889,123.6,2552.579191,56.2790296,3.47779813,0.32030701,0.001704029,0.038437812,83.6,1.6722,0.040141841,0.285675,0.323196,0.391128
2150,OK,,185.0,582.0404931,33.7583486,145.0,123.6,2572.290225,56.7136167,3.27252425,0.347326681,0.001844421,0.03613153,83.6,1.6722,0.037975951,0.285675,0.323196,0.391128
2151,OK,,185.0,587.1496362,34.0546789,135.0,123.6,2394.890899,52.8023328,5.21258614,0.174480524,0.000939451,0.057932654,83.6,1.6722,0.058872105,0.285675,0.323196,0.391128
2152,OK,,185.0,587.1496362,34.0546789,136.111111,123.6,2414.601934,53.2369199,4.99965127,0.18716107,0.001006102,0.055521241,83.6,1.6722,0.056527343,0.285675,0.323196,0.391128
2153,OK,,185.0,587.1496362,34.0546789,137.222222,123.6,2434.312968,53.671507,4.78849421,0.200921222,0.001078302,0.053131336,83.6,1.6722,0.054209638,0.285675,0.323196,0.391128
2154,OK,,185.0,587.1496362,34.0546789,138.333333,123.6,2454.024002,54.1060941,4.57607447,0.216052882,0.001157589,0.050731592,83.6,1.6722,0.051889181,0.285675,0.323196,0.391128
2155,OK,,185.0,587.1496362,34.0546789,139.444444,123.6,2473.735036,54.5406812,4.36840071,0.232390325,0.00124302,0.048384342,83.6,1.6722,0.049627362,0.285675,0.323196,0.391128
2156,OK,,185.0,587.1496362,34.0546789,140.555556,123.6,2493.446088,54.9752683,4.15729163,0.250521145,0.001337715,0.046005141,83.6,1.6722,0.047342856,0.285675,0.323196,0.391128
2157,OK,,185.0,587.1496362,34.0546789,141.666667,123.6,2513.157123,55.4098554,3.95160533,0.270119268,0.001439857,0.043685896,83.6,1.6722,0.045125754,0.285675,0.323196,0.391128
2158,OK,,185.0,587.1496362,34.0546789,142.777778,123.6,2532.868157,55.8444425,3.74313149,0.291925596,0.001553365,0.041341572,83.6,1.6722,0.042894937,0.285675,0.323196,0.391128
2159,OK,,185.0,587.1496362,34.0546789,143.888889,123.6,2552.579191,56.2790296,3.53824569,0.315730529,0.001677036,0.039038622,83.6,1.6722,0.040715658,0.285675,0.323196,0.391128
2160,OK,,185.0,587.1496362,34.0546789,145.0,123.6,2572.290225,56.7136167,3.33350223,0.342087067,0.001813747,0.036741332,83.6,1.6722,0.03855508,0.285675,0.323196,0.391128
2161,OK,,185.0,592.2587793,34.3510092,135.0,123.6,2394.890899,52.8023328,5.27414308,0.172633078,0.000927991,0.058513696,83.6,1.6722,0.059441688,0.285675,0.323196,0.391128
2162,OK,,185.0,592.2587793,34.3510092,136.111111,123.6,2414.601934,53.2369199,5.06481915,0.184966841,0.000992686,0.056143214,83.6,1.6722,0.057135899,0.285675,0.323196,0.391128
2163,OK,,185.0,592.2587793,34.3510092,137.222222,123.6,2434.312968,53.671507,4.84929733,0.198666053,0.001064478,0.053712346,83.6,1.6722,0.054776825,0.285675,0.323196,0.391128
2164,OK,,185.0,592.2587793,34.3510092,138.333333,123.6,2454.024002,54.1060941,4.63723435,0.213520524,0.001142182,0.051320172,83.6,1.6722,0.052462353,0.285675,0.323196,0.391128
2165,OK,,185.0,592.2587793,34.3510092,139.444444,123.6,2473.735036,54.5406812,4.43030099,0.229523323,0.001225717,0.048984203,83.6,1.6722,0.05020992,0.285675,0.323196,0.391128
2166,OK,,185.0,592.2587793,34.3510092,140.555556,123.6,2493.446088,54.9752683,4.2208467,0.247209595,0.001317922,0.046625848,83.6,1.6722,0.04794377,0.285675,0.323196,0.391128
2167,OK,,185.0,592.2587793,34.3510092,141.666667,123.6,2513.157123,55.4098554,4.01434049,0.266460708,0.001418098,0.044301702,83.6,1.6722,0.0457198,0.285675,0.323196,0.391128
2168,OK,,185.0,592.2587793,34.3510092,142.777778,123.6,2532.868157,55.8444425,3.80665821,0.287747866,0.00152871,0.041969224,83.6,1.6722,0.043497933,0.285675,0.323196,0.391128
2169,OK,,185.0,592.2587793,34.3510092,143.888889,123.6,2552.579191,56.2790296,3.59766859,0.311359687,0.001651226,0.039627037,83.6,1.6722,0.041278263,0.285675,0.323196,0.391128
2170,OK,,185.0,592.2587793,34.3510092,145.0,123.6,2572.290225,56.7136167,3.39572698,0.336877333,0.001783329,0.037362375,83.6,1.6722,0.039145704,0.285675,0.323196,0.391128
2171,OK,,185.0,597.3679207,34.6473394,135.0,123.6,2394.890899,52.8023328,5.3385954,0.170724259,0.000916229,0.059122198,83.6,1.6722,0.060038427,0.285675,0.323196,0.391128
2172,OK,,185.0,597.3679207,34.6473394,136.111111,123.6,2414.601934,53.2369199,5.12474622,0.183022646,0.000980663,0.0567093,83.6,1.6722,0.057689962,0.285675,0.323196,0.391128
2173,OK,,185.0,597.3679207,34.6473394,137.222222,123.6,2434.312968,53.671507,4.91339836,0.196323919,0.001050224,0.054325108,83.6,1.6722,0.055375333,0.285675,0.323196,0.391128
2174,OK,,185.0,597.3679207,34.6473394,138.333333,123.6,2454.024002,54.1060941,4.7028148,0.210838891,0.001126013,0.051951906,83.6,1.6722,0.05307792,0.285675,0.323196,0.391128
2175,OK,,185.0,597.3679207,34.6473394,139.444444,123.6,2473.735036,54.5406812,4.4928383,0.226692279,0.001208658,0.049588401,83.6,1.6722,0.050797059,0.285675,0.323196,0.391128
2176,OK,,185.0,597.3679207,34.6473394,140.555556,123.6,2493.446088,54.9752683,4.28394963,0.244008668,0.001298779,0.04723958,83.6,1.6722,0.048538359,0.285675,0.323196,0.391128
2177,OK,,185.0,597.3679207,34.6473394,141.666667,123.6,2513.157123,55.4098554,4.07501241,0.263030266,0.001397622,0.044893891,83.6,1.6722,0.046291513,0.285675,0.323196,0.391128
2178,OK,,185.0,597.3679207,34.6473394,142.777778,123.6,2532.868157,55.8444425,3.86551144,0.284021373,0.001506537,0.04254611,83.6,1.6722,0.044052647,0.285675,0.323196,0.391128
2179,OK,,185.0,597.3679207,34.6473394,143.888889,123.6,2552.579191,56.2790296,3.66015872,0.306857472,0.001624788,0.04024521,83.6,1.6722,0.041869999,0.285675,0.323196,0.391128
2180,OK,,185.0,597.3679207,34.6473394,145.0,123.6,2572.290225,56.7136167,3.45203248,0.332357787,0.001756668,0.037919529,83.6,1.6722,0.039676198,0.285675,0.323196,0.391128
2181,OK,,185.0,602.4770638,34.9436697,135.0,123.6,2394.890899,52.8023328,5.40123925,0.168916871,0.000905052,0.059709755,83.6,1.6722,0.060614807,0.285675,0.323196,0.391128
2182,OK,,185.0,602.4770638,34.9436697,136.111111,123.6,2414.601934,53.2369199,5.18949788,0.180939066,0.00096792,0.05732241,83.6,1.6722,0.058290331,0.285675,0.323196,0.391128
2183,OK,,185.0,602.4770638,34.9436697,137.222222,123.6,2434.312968,53.671507,4.97704499,0.19405239,0.001036393,0.054930739,83.6,1.6722,0.055967132,0.285675,0.323196,0.391128
2184,OK,,185.0,602.4770638,34.9436697,138.333333,123.6,2454.024002,54.1060941,4.76365615,0.208439175,0.00111141,0.052532698,83.6,1.6722,0.053644108,0.285675,0.323196,0.391128
2185,OK,,185.0,602.4770638,34.9436697,139.444444,123.6,2473.735036,54.5406812,4.55447947,0.223973161,0.001192249,0.050181068,83.6,1.6722,0.051373317,0.285675,0.323196,0.391128
2186,OK,,185.0,602.4770638,34.9436697,140.555556,123.6,2493.446088,54.9752683,4.34399078,0.241059848,0.001281043,0.04781947,83.6,1.6722,0.049100513,0.285675,0.323196,0.391128
2187,OK,,185.0,602.4770638,34.9436697,141.666667,123.6,2513.157123,55.4098554,4.13622513,0.259651656,0.001377482,0.045489497,83.6,1.6722,0.046866979,0.285675,0.323196,0.391128
2188,OK,,185.0,602.4770638,34.9436697,142.777778,123.6,2532.868157,55.8444425,3.92460384,0.280371521,0.001484835,0.043123382,83.6,1.6722,0.044608217,0.285675,0.323196,0.391128
2189,OK,,185.0,602.4770638,34.9436697,143.888889,123.6,2552.579191,56.2790296,3.72126898,0.302589243,0.001599672,0.040846824,83.6,1.6722,0.042446496,0.285675,0.323196,0.391128
2190,OK,,185.0,602.4770638,34.9436697,145.0,123.6,2572.290225,56.7136167,3.51604363,0.327272488,0.001727077,0.038554758,83.6,1.6722,0.040281835,0.285675,0.323196,0.391128
2191,OK,,185.0,607.5862069,35.24,135.0,123.6,2394.890899,52.8023328,5.46677848,0.167050899,0.000893593,0.060324939,83.6,1.6722,0.061218532,0.285675,0.323196,0.391128
2192,OK,,185.0,607.5862069,35.24,136.111111,123.6,2414.601934,53.2369199,5.25082211,0.179024434,0.00095613,0.057898679,83.6,1.6722,0.05885481,0.285675,0.323196,0.391128
2193,OK,,185.0,607.5862069,35.24,137.222222,123.6,2434.312968,53.671507,5.03783401,0.19194637,0.001023496,0.055505423,83.6,1.6722,0.056528919,0.285675,0.323196,0.391128
2194,OK,,185.0,607.5862069,35.24,138.333333,123.6,2454.024002,54.1060941,4.82778113,0.205943084,0.001096333,0.05314523,83.6,1.6722,0.054241563,0.285675,0.323196,0.391128
2195,OK,,185.0,607.5862069,35.24,139.444444,123.6,2473.735036,54.5406812,4.61567538,0.221337911,0.00117634,0.050767384,83.6,1.6722,0.051943724,0.285675,0.323196,0.391128
2196,OK,,185.0,607.5862069,35.24,140.555556,123.6,2493.446088,54.9752683,4.40716949,0.238004469,0.001262791,0.048429799,83.6,1.6722,0.04969259,0.285675,0.323196,0.391128
2197,OK,,185.0,607.5862069,35.24,141.666667,123.6,2513.157123,55.4098554,4.1998656,0.256203534,0.001357032,0.046108179,83.6,1.6722,0.04746521,0.285675,0.323196,0.391128
2198,OK,,185.0,607.5862069,35.24,142.777778,123.6,2532.868157,55.8444425,3.98653303,0.27661457,0.001462629,0.043728161,83.6,1.6722,0.04519079,0.285675,0.323196,0.391128
2199,OK,,185.0,607.5862069,35.24,143.888889,123.6,2552.579191,56.2790296,3.78177955,0.298477531,0.001575463,0.041440345,83.6,1.6722,0.043015808,0.285675,0.323196,0.391128
2200,OK,,185.0,607.5862069,35.24,145.0,123.6,2572.290225,56.7136167,3.56915644,0.323273861,0.00170334,0.039075048,83.6,1.6722,0.040778387,0.285675,0.323196,0.391128
2201,OK,,190.0,50.68965517,2.94,135.0,123.6,2394.890899,52.8023328,0.024271859,2.86701547,0.01834127,0.000321317,83.6,1.6722,0.018662587,0.285675,0.323196,0.391128
2202,OK,,190.0,50.68965517,2.94,136.111111,123.6,2414.601934,53.2369199,0.016902942,3.29596919,0.021002729,0.000222549,83.6,1.6722,0.021225278,0.285675,0.323196,0.391128
2203,OK,,190.0,50.68965517,2.94,137.222222,123.6,2434.312968,53.671507,0.012211638,3.7234616,0.023633355,0.000159903,83.6,1.6722,0.023793258,0.285675,0.323196,0.391128
2204,OK,,190.0,50.68965517,2.94,138.333333,123.6,2454.024002,54.1060941,0.008974819,4.16699195,0.026342562,0.000116872,83.6,1.6722,0.026459434,0.285675,0.323196,0.391128
2205,OK,,190.0,50.68965517,2.94,139.444444,123.6,2473.735036,54.5406812,0.006705204,4.61816503,0.029070692,8.68e-05,83.6,1.6722,0.029157485,0.285675,0.323196,0.391128
2206,OK,,190.0,50.68965517,2.94,140.555556,123.6,2493.446088,54.9752683,0.005254511,5.0326163,0.031560494,6.77e-05,83.6,1.6722,0.031628168,0.285675,0.323196,0.391128
2207,OK,,190.0,50.68965517,2.94,141.666667,123.6,2513.157123,55.4098554,0.0040851,5.48203483,0.034239113,5.23e-05,83.6,1.6722,0.034291437,0.285675,0.323196,0.391128
2208,OK,,190.0,50.68965517,2.94,142.777778,123.6,2532.868157,55.8444425,0.003245449,5.92145381,0.036833471,4.13e-05,83.6,1.6722,0.036874812,0.285675,0.323196,0.391128
2209,OK,,190.0,50.68965517,2.94,143.888889,123.6,2552.579191,56.2790296,0.002540063,6.4044775,0.039656823,3.22e-05,83.6,1.6722,0.039688975,0.285675,0.323196,0.391128
2210,OK,,190.0,50.68965517,2.94,145.0,123.6,2572.290225,56.7136167,0.002109471,6.81412241,0.042039106,2.66e-05,83.6,1.6722,0.042065683,0.285675,0.323196,0.391128
2211,OK,,190.0,55.79879793,3.23633028,135.0,123.6,2394.890899,52.8023328,0.026241847,2.79229946,0.017836523,0.000347096,83.6,1.6722,0.018183619,0.285675,0.323196,0.391128
2212,OK,,190.0,55.79879793,3.23633028,136.111111,123.6,2414.601934,53.2369199,0.018018886,3.23389183,0.020575768,0.000237038,83.6,1.6722,0.020812806,0.285675,0.323196,0.391128
2213,OK,,190.0,55.79879793,3.23633028,137.222222,123.6,2434.312968,53.671507,0.013164023,3.64025285,0.023071214,0.000172226,83.6,1.6722,0.02324344,0.285675,0.323196,0.391128
2214,OK,,190.0,55.79879793,3.23633028,138.333333,123.6,2454.024002,54.1060941,0.00967335,4.08349335,0.025776534,0.000125853,83.6,1.6722,0.025902387,0.285675,0.323196,0.391128
2215,OK,,190.0,55.79879793,3.23633028,139.444444,123.6,2473.735036,54.5406812,0.007098122,4.54669163,0.028584747,9.18e-05,83.6,1.6722,0.028676596,0.285675,0.323196,0.391128
2216,OK,,190.0,55.79879793,3.23633028,140.555556,123.6,2493.446088,54.9752683,0.005372551,5.00506444,0.031328175,6.91e-05,83.6,1.6722,0.031397261,0.285675,0.323196,0.391128
2217,OK,,190.0,55.79879793,3.23633028,141.666667,123.6,2513.157123,55.4098554,0.004338968,5.39832819,0.033668986,5.55e-05,83.6,1.6722,0.033724518,0.285675,0.323196,0.391128
2218,OK,,190.0,55.79879793,3.23633028,142.777778,123.6,2532.868157,55.8444425,0.003434864,5.83977233,0.036274581,4.37e-05,83.6,1.6722,0.036318301,0.285675,0.323196,0.391128
2219,OK,,190.0,55.79879793,3.23633028,143.888889,123.6,2552.579191,56.2790296,0.002762887,6.27682942,0.038831354,3.5e-05,83.6,1.6722,0.038866328,0.285675,0.323196,0.391128
2220,OK,,190.0,55.79879793,3.23633028,145.0,123.6,2572.290225,56.7136167,0.002241079,6.71968838,0.041401101,2.82e-05,83.6,1.6722,0.041429315,0.285675,0.323196,0.391128
2221,OK,,190.0,60.90794052,3.53266055,135.0,123.6,2394.890899,52.8023328,0.028359805,2.72106185,0.017355279,0.000374782,83.6,1.6722,0.017730061,0.285675,0.323196,0.391128
2222,OK,,190.0,60.90794052,3.53266055,136.111111,123.6,2414.601934,53.2369199,0.019617617,3.14666077,0.019991743,0.000257854,83.6,1.6722,0.020249597,0.285675,0.323196,0.391128
2223,OK,,190.0,60.90794052,3.53266055,137.222222,123.6,2434.312968,53.671507,0.014076829,3.56710738,0.022574638,0.000184021,83.6,1.6722,0.022758659,0.285675,0.323196,0.391128
2224,OK,,190.0,60.90794052,3.53266055,138.333333,123.6,2454.024002,54.1060941,0.010333608,4.00004284,0.025213903,0.00013434,83.6,1.6722,0.025348243,0.285675,0.323196,0.391128
2225,OK,,190.0,60.90794052,3.53266055,139.444444,123.6,2473.735036,54.5406812,0.007707325,4.44288479,0.027893984,9.97e-05,83.6,1.6722,0.027993638,0.285675,0.323196,0.391128
2226,OK,,190.0,60.90794052,3.53266055,140.555556,123.6,2493.446088,54.9752683,0.005716199,4.92288632,0.030766314,7.34e-05,83.6,1.6722,0.030839741,0.285675,0.323196,0.391128
2227,OK,,190.0,60.90794052,3.53266055,141.666667,123.6,2513.157123,55.4098554,0.004580219,5.32106846,0.033139919,5.86e-05,83.6,1.6722,0.033198493,0.285675,0.323196,0.391128
2228,OK,,190.0,60.90794052,3.53266055,142.777778,123.6,2532.868157,55.8444425,0.003624284,5.75468757,0.035696487,4.61e-05,83.6,1.6722,0.035742582,0.285675,0.323196,0.391128
2229,OK,,190.0,60.90794052,3.53266055,143.888889,123.6,2552.579191,56.2790296,0.002896985,6.20657427,0.038341994,3.66e-05,83.6,1.6722,0.038378637,0.285675,0.323196,0.391128
2230,OK,,190.0,60.90794052,3.53266055,145.0,123.6,2572.290225,56.7136167,0.002357574,6.64171139,0.040863856,2.97e-05,83.6,1.6722,0.040893514,0.285675,0.323196,0.391128
2231,OK,,190.0,66.01708328,3.82899083,135.0,123.6,2394.890899,52.8023328,0.028860897,2.69662568,0.017162767,0.000380625,83.6,1.6722,0.017543392,0.285675,0.323196,0.391128
2232,OK,,190.0,66.01708328,3.82899083,136.111111,123.6,2414.601934,53.2369199,0.021161173,3.06944296,0.019472318,0.000277907,83.6,1.6722,0.019750225,0.285675,0.323196,0.391128
2233,OK,,190.0,66.01708328,3.82899083,137.222222,123.6,2434.312968,53.671507,0.014780763,3.51366263,0.022202292,0.000193058,83.6,1.6722,0.02239535,0.285675,0.323196,0.391128
2234,OK,,190.0,66.01708328,3.82899083,138.333333,123.6,2454.024002,54.1060941,0.010669592,3.96286454,0.024934005,0.000138508,83.6,1.6722,0.025072513,0.285675,0.323196,0.391128
2235,Errors,,190.0,66.01708328,3.82899083,139.444444,123.6,2473.735036,54.5406812,0.029367055,3.3979091,0.020946229,0.000380722,83.6,1.6722,0.021326951,0.285675,0.323196,0.391128
2236,OK,,190.0,66.01708328,3.82899083,140.555556,123.6,2493.446088,54.9752683,0.006226837,4.81038541,0.030036677,8e-05,83.6,1.6722,0.030116683,0.285675,0.323196,0.391128
2237,OK,,190.0,66.01708328,3.82899083,141.666667,123.6,2513.157123,55.4098554,0.004870862,5.23514501,0.032558902,6.22e-05,83.6,1.6722,0.032621142,0.285675,0.323196,0.391128
2238,OK,,190.0,66.01708328,3.82899083,142.777778,123.6,2532.868157,55.8444425,0.003791882,5.69826541,0.03528863,4.82e-05,83.6,1.6722,0.035336802,0.285675,0.323196,0.391128
2239,OK,,190.0,66.01708328,3.82899083,143.888889,123.6,2552.579191,56.2790296,0.003049389,6.13139854,0.037824309,3.85e-05,83.6,1.6722,0.03786285,0.285675,0.323196,0.391128
2240,OK,,190.0,66.01708328,3.82899083,145.0,123.6,2572.290225,56.7136167,0.0,6.61018725,0.040607115,0.0,83.6,1.6722,0.040607115,0.285675,0.323196,0.391128
2241,OK,,190.0,71.12622586,4.1253211,135.0,123.6,2394.890899,52.8023328,0.033272144,2.57789469,0.016392672,0.000438929,83.6,1.6722,0.016831601,0.285675,0.323196,0.391128
2242,OK,,190.0,71.12622586,4.1253211,136.111111,123.6,2414.601934,53.2369199,0.02295375,2.99044397,0.01894319,0.000301187,83.6,1.6722,0.019244377,0.285675,0.323196,0.391128
2243,OK,,190.0,71.12622586,4.1253211,137.222222,123.6,2434.312968,53.671507,0.014936511,3.50373752,0.022102852,0.000194915,83.6,1.6722,0.022297767,0.285675,0.323196,0.391128
2244,OK,,190.0,71.12622586,4.1253211,138.333333,123.6,2454.024002,54.1060941,0.011657111,3.85989564,0.02425903,0.000151302,83.6,1.6722,0.024410332,0.285675,0.323196,0.391128
2245,OK,,190.0,71.12622586,4.1253211,139.444444,123.6,2473.735036,54.5406812,0.008692102,4.2950958,0.026887745,0.000112205,83.6,1.6722,0.026999949,0.285675,0.323196,0.391128
2246,OK,,190.0,71.12622586,4.1253211,140.555556,123.6,2493.446088,54.9752683,0.006488506,4.75772931,0.029663113,8.33e-05,83.6,1.6722,0.029746412,0.285675,0.323196,0.391128
2247,OK,,190.0,71.12622586,4.1253211,141.666667,123.6,2513.157123,55.4098554,0.005149242,5.16417126,0.03207157,6.57e-05,83.6,1.6722,0.032137317,0.285675,0.323196,0.391128
2248,OK,,190.0,71.12622586,4.1253211,142.777778,123.6,2532.868157,55.8444425,0.004040701,5.60784067,0.03468663,5.13e-05,83.6,1.6722,0.034737941,0.285675,0.323196,0.391128
2249,OK,,190.0,71.12622586,4.1253211,143.888889,123.6,2552.579191,56.2790296,0.003229793,6.05355644,0.037291875,4.08e-05,83.6,1.6722,0.037332664,0.285675,0.323196,0.391128
2250,OK,,190.0,71.12622586,4.1253211,145.0,123.6,2572.290225,56.7136167,0.00258941,6.49861394,0.039870951,3.25e-05,83.6,1.6722,0.039903474,0.285675,0.323196,0.391128
2251,OK,,190.0,76.23536862,4.42165138,135.0,123.6,2394.890899,52.8023328,0.035431067,2.49291565,0.01582898,0.000467009,83.6,1.6722,0.016295989,0.285675,0.323196,0.391128
2252,OK,,190.0,76.23536862,4.42165138,136.111111,123.6,2414.601934,53.2369199,0.024997157,2.90352099,0.018365934,0.000327728,83.6,1.6722,0.018693662,0.285675,0.323196,0.391128
2253,OK,,190.0,76.23536862,4.42165138,137.222222,123.6,2434.312968,53.671507,0.017492909,3.3331362,0.021001452,0.000228107,83.6,1.6722,0.021229559,0.285675,0.323196,0.391128
2254,OK,,190.0,76.23536862,4.42165138,138.333333,123.6,2454.024002,54.1060941,0.012918897,3.7406281,0.023478378,0.000167553,83.6,1.6722,0.023645931,0.285675,0.323196,0.391128
2255,OK,,190.0,76.23536862,4.42165138,139.444444,123.6,2473.735036,54.5406812,0.009444138,4.19341804,0.026215235,0.000121817,83.6,1.6722,0.026337052,0.285675,0.323196,0.391128
2256,OK,,190.0,76.23536862,4.42165138,140.555556,123.6,2493.446088,54.9752683,0.007081155,4.6213241,0.028776527,9.08e-05,83.6,1.6722,0.028867367,0.285675,0.323196,0.391128
2257,OK,,190.0,76.23536862,4.42165138,141.666667,123.6,2513.157123,55.4098554,0.005528169,5.06784988,0.031430449,7.05e-05,83.6,1.6722,0.031500979,0.285675,0.323196,0.391128
2258,OK,,190.0,76.23536862,4.42165138,142.777778,123.6,2532.868157,55.8444425,0.004246004,5.53852097,0.034208672,5.39e-05,83.6,1.6722,0.034262547,0.285675,0.323196,0.391128
2259,OK,,190.0,76.23536862,4.42165138,143.888889,123.6,2552.579191,56.2790296,0.003450376,5.94775943,0.036592116,4.35e-05,83.6,1.6722,0.036635659,0.285675,0.323196,0.391128
2260,OK,,190.0,76.23536862,4.42165138,145.0,123.6,2572.290225,56.7136167,0.002798566,6.37893235,0.039087084,3.51e-05,83.6,1.6722,0.039122209,0.285675,0.323196,0.391128
2261,OK,,190.0,81.34451121,4.71798165,135.0,123.6,2394.890899,52.8023328,0.042867324,2.35876227,0.014957382,0.000564528,83.6,1.6722,0.01552191,0.285675,0.323196,0.391128
2262,OK,,190.0,81.34451121,4.71798165,136.111111,123.6,2414.601934,53.2369199,0.028405099,2.77994119,0.017560559,0.000372102,83.6,1.6722,0.017932661,0.285675,0.323196,0.391128
2263,OK,,190.0,81.34451121,4.71798165,137.222222,123.6,2434.312968,53.671507,0.019795512,3.20678817,0.020178588,0.000257929,83.6,1.6722,0.020436517,0.285675,0.323196,0.391128
2264,OK,,190.0,81.34451121,4.71798165,138.333333,123.6,2454.024002,54.1060941,0.013987606,3.65162696,0.022887216,0.000181266,83.6,1.6722,0.023068483,0.285675,0.323196,0.391128
2265,OK,,190.0,81.34451121,4.71798165,139.444444,123.6,2473.735036,54.5406812,0.010468564,4.06797176,0.025397928,0.000134929,83.6,1.6722,0.025532857,0.285675,0.323196,0.391128
2266,OK,,190.0,81.34451121,4.71798165,140.555556,123.6,2493.446088,54.9752683,0.007934019,4.4980355,0.027972568,0.000101706,83.6,1.6722,0.028074274,0.285675,0.323196,0.391128
2267,OK,,190.0,81.34451121,4.71798165,141.666667,123.6,2513.157123,55.4098554,0.006085617,4.93813744,0.030587336,7.76e-05,83.6,1.6722,0.030664923,0.285675,0.323196,0.391128
2268,OK,,190.0,81.34451121,4.71798165,142.777778,123.6,2532.868157,55.8444425,0.004723394,5.38382192,0.033214221,5.99e-05,83.6,1.6722,0.033274113,0.285675,0.323196,0.391128
2269,OK,,190.0,81.34451121,4.71798165,143.888889,123.6,2552.579191,56.2790296,0.003791989,5.81405854,0.035724649,4.78e-05,83.6,1.6722,0.035772465,0.285675,0.323196,0.391128
2270,OK,,190.0,81.34451121,4.71798165,145.0,123.6,2572.290225,56.7136167,0.003008478,6.25731534,0.038294428,3.77e-05,83.6,1.6722,0.038332161,0.285675,0.323196,0.391128
2271,OK,,190.0,86.45365397,5.01431193,135.0,123.6,2394.890899,52.8023328,0.048279382,2.25785319,0.014296925,0.000635224,83.6,1.6722,0.014932149,0.285675,0.323196,0.391128
2272,OK,,190.0,86.45365397,5.01431193,136.111111,123.6,2414.601934,53.2369199,0.032121558,2.66819118,0.016831352,0.000420432,83.6,1.6722,0.017251784,0.285675,0.323196,0.391128
2273,OK,,190.0,86.45365397,5.01431193,137.222222,123.6,2434.312968,53.671507,0.022648965,3.06739425,0.019276553,0.000294877,83.6,1.6722,0.01957143,0.285675,0.323196,0.391128
2274,OK,,190.0,86.45365397,5.01431193,138.333333,123.6,2454.024002,54.1060941,0.015928584,3.50783964,0.021958235,0.000206264,83.6,1.6722,0.022164499,0.285675,0.323196,0.391128
2275,OK,,190.0,86.45365397,5.01431193,139.444444,123.6,2473.735036,54.5406812,0.011591775,3.9474212,0.02461283,0.000149292,83.6,1.6722,0.024762122,0.285675,0.323196,0.391128
2276,OK,,190.0,86.45365397,5.01431193,140.555556,123.6,2493.446088,54.9752683,0.008686925,4.38397876,0.027227183,0.000111273,83.6,1.6722,0.027338456,0.285675,0.323196,0.391128
2277,OK,,190.0,86.45365397,5.01431193,141.666667,123.6,2513.157123,55.4098554,0.006706988,4.80751761,0.029740701,8.54e-05,83.6,1.6722,0.029826147,0.285675,0.323196,0.391128
2278,OK,,190.0,86.45365397,5.01431193,142.777778,123.6,2532.868157,55.8444425,0.005181939,5.25740839,0.032393439,6.57e-05,83.6,1.6722,0.032459097,0.285675,0.323196,0.391128
2279,OK,,190.0,86.45365397,5.01431193,143.888889,123.6,2552.579191,56.2790296,0.004082753,5.70141355,0.034988369,5.14e-05,83.6,1.6722,0.035039819,0.285675,0.323196,0.391128
2280,OK,,190.0,86.45365397,5.01431193,145.0,123.6,2572.290225,56.7136167,0.003289759,6.13499658,0.037498946,4.12e-05,83.6,1.6722,0.037540179,0.285675,0.323196,0.391128
2281,OK,,190.0,91.56279655,5.3106422,135.0,123.6,2394.890899,52.8023328,0.056020512,2.14528189,0.013565146,0.000736399,83.6,1.6722,0.014301545,0.285675,0.323196,0.391128
2282,OK,,190.0,91.56279655,5.3106422,136.111111,123.6,2414.601934,53.2369199,0.035861175,2.54811588,0.016052071,0.000468989,83.6,1.6722,0.016521059,0.285675,0.323196,0.391128
2283,OK,,190.0,91.56279655,5.3106422,137.222222,123.6,2434.312968,53.671507,0.025133258,2.96193821,0.01858553,0.000326847,83.6,1.6722,0.018912377,0.285675,0.323196,0.391128
2284,OK,,190.0,91.56279655,5.3106422,138.333333,123.6,2454.024002,54.1060941,0.017668776,3.39394776,0.021216641,0.000228618,83.6,1.6722,0.021445259,0.285675,0.323196,0.391128
2285,OK,,190.0,91.56279655,5.3106422,139.444444,123.6,2473.735036,54.5406812,0.013008563,3.81061851,0.023729668,0.000167414,83.6,1.6722,0.023897082,0.285675,0.323196,0.391128
2286,OK,,190.0,91.56279655,5.3106422,140.555556,123.6,2493.446088,54.9752683,0.00962082,4.25654148,0.026401771,0.000123144,83.6,1.6722,0.026524915,0.285675,0.323196,0.391128
2287,OK,,190.0,91.56279655,5.3106422,141.666667,123.6,2513.157123,55.4098554,0.007150897,4.69038479,0.028978308,9.1e-05,83.6,1.6722,0.029069342,0.285675,0.323196,0.391128
2288,OK,,190.0,91.56279655,5.3106422,142.777778,123.6,2532.868157,55.8444425,0.005665159,5.13157209,0.031578094,7.17e-05,83.6,1.6722,0.031649823,0.285675,0.323196,0.391128
2289,OK,,190.0,91.56279655,5.3106422,143.888889,123.6,2552.579191,56.2790296,0.004473444,5.5692129,0.034135017,5.63e-05,83.6,1.6722,0.034191351,0.285675,0.323196,0.391128
2290,OK,,190.0,91.56279655,5.3106422,145.0,123.6,2572.290225,56.7136167,0.003304087,6.13147362,0.037378033,4.13e-05,83.6,1.6722,0.037419318,0.285675,0.323196,0.391128
2291,OK,,190.0,96.67193931,5.60697248,135.0,123.6,2394.890899,52.8023328,0.064812474,2.04084652,0.012886406,0.000851156,83.6,1.6722,0.013737561,0.285675,0.323196,0.391128
2292,OK,,190.0,96.67193931,5.60697248,136.111111,123.6,2414.601934,53.2369199,0.041530162,2.43096118,0.01529302,0.000542651,83.6,1.6722,0.015835671,0.285675,0.323196,0.391128
2293,OK,,190.0,96.67193931,5.60697248,137.222222,123.6,2434.312968,53.671507,0.028136963,2.85090795,0.017866657,0.000365723,83.6,1.6722,0.018232381,0.285675,0.323196,0.391128
2294,OK,,190.0,96.67193931,5.60697248,138.333333,123.6,2454.024002,54.1060941,0.019947903,3.26797988,0.020402232,0.000257904,83.6,1.6722,0.020660136,0.285675,0.323196,0.391128
2295,OK,,190.0,96.67193931,5.60697248,139.444444,123.6,2473.735036,54.5406812,0.014508672,3.68658976,0.022927234,0.000186574,83.6,1.6722,0.023113808,0.285675,0.323196,0.391128
2296,OK,,190.0,96.67193931,5.60697248,140.555556,123.6,2493.446088,54.9752683,0.010791605,4.11551586,0.025495176,0.000138029,83.6,1.6722,0.025633205,0.285675,0.323196,0.391128
2297,OK,,190.0,96.67193931,5.60697248,141.666667,123.6,2513.157123,55.4098554,0.008079194,4.56573939,0.028172007,0.000102776,83.6,1.6722,0.028274783,0.285675,0.323196,0.391128
2298,OK,,190.0,96.67193931,5.60697248,142.777778,123.6,2532.868157,55.8444425,0.006224596,5.00539338,0.030762687,7.88e-05,83.6,1.6722,0.030841442,0.285675,0.323196,0.391128
2299,OK,,190.0,96.67193931,5.60697248,143.888889,123.6,2552.579191,56.2790296,0.004747706,5.48524746,0.033574097,5.97e-05,83.6,1.6722,0.033633838,0.285675,0.323196,0.391128
2300,OK,,190.0,96.67193931,5.60697248,145.0,123.6,2572.290225,56.7136167,0.003912731,5.87993977,0.035851249,4.9e-05,83.6,1.6722,0.035900221,0.285675,0.323196,0.391128
2301,OK,,190.0,101.7810819,5.90330275,135.0,123.6,2394.890899,52.8023328,0.075979464,1.93443956,0.012197206,0.000996823,83.6,1.6722,0.013194029,0.285675,0.323196,0.391128
2302,OK,,190.0,101.7810819,5.90330275,136.111111,123.6,2414.601934,53.2369199,0.048262478,2.31520667,0.014544793,0.000630058,83.6,1.6722,0.01517485,0.285675,0.323196,0.391128
2303,OK,,190.0,101.7810819,5.90330275,137.222222,123.6,2434.312968,53.671507,0.032284009,2.72281873,0.017041311,0.000419283,83.6,1.6722,0.017460594,0.285675,0.323196,0.391128
2304,OK,,190.0,101.7810819,5.90330275,138.333333,123.6,2454.024002,54.1060941,0.022628449,3.13511765,0.019546546,0.000292304,83.6,1.6722,0.01983885,0.285675,0.323196,0.391128
2305,OK,,190.0,101.7810819,5.90330275,139.444444,123.6,2473.735036,54.5406812,0.015394999,3.61899049,0.022465314,0.000197638,83.6,1.6722,0.022662952,0.285675,0.323196,0.391128
2306,OK,,190.0,101.7810819,5.90330275,140.555556,123.6,2493.446088,54.9752683,0.011859595,4.00210825,0.024759732,0.000151573,83.6,1.6722,0.024911305,0.285675,0.323196,0.391128
2307,OK,,190.0,101.7810819,5.90330275,141.666667,123.6,2513.157123,55.4098554,0.00898219,4.43031253,0.027302221,0.00011418,83.6,1.6722,0.027416401,0.285675,0.323196,0.391128
2308,OK,,190.0,101.7810819,5.90330275,142.777778,123.6,2532.868157,55.8444425,0.006843929,4.87771446,0.029940225,8.65e-05,83.6,1.6722,0.030026753,0.285675,0.323196,0.391128
2309,OK,,190.0,101.7810819,5.90330275,143.888889,123.6,2552.579191,56.2790296,0.005423969,5.29519448,0.032376255,6.82e-05,83.6,1.6722,0.032444462,0.285675,0.323196,0.391128
2310,OK,,190.0,101.7810819,5.90330275,145.0,123.6,2572.290225,56.7136167,0.004228565,5.75907913,0.035070241,5.29e-05,83.6,1.6722,0.035123128,0.285675,0.323196,0.391128
2311,OK,,190.0,106.8902247,6.19963303,135.0,123.6,2394.890899,52.8023328,0.088946702,1.83203022,0.011534941,0.001165752,83.6,1.6722,0.012700693,0.285675,0.323196,0.391128
2312,OK,,190.0,106.8902247,6.19963303,136.111111,123.6,2414.601934,53.2369199,0.055880055,2.196159,0.013778021,0.000728846,83.6,1.6722,0.014506867,0.285675,0.323196,0.391128
2313,OK,,190.0,106.8902247,6.19963303,137.222222,123.6,2434.312968,53.671507,0.036008035,2.59998853,0.016250731,0.000467264,83.6,1.6722,0.016717995,0.285675,0.323196,0.391128
2314,OK,,190.0,106.8902247,6.19963303,138.333333,123.6,2454.024002,54.1060941,0.025343859,3.01884082,0.018797054,0.000327149,83.6,1.6722,0.019124203,0.285675,0.323196,0.391128
2315,OK,,190.0,106.8902247,6.19963303,139.444444,123.6,2473.735036,54.5406812,0.017965035,3.4484578,0.02138949,0.000230666,83.6,1.6722,0.021620156,0.285675,0.323196,0.391128
2316,OK,,190.0,106.8902247,6.19963303,140.555556,123.6,2493.446088,54.9752683,0.01318433,3.87471827,0.023940732,0.000168378,83.6,1.6722,0.02410911,0.285675,0.323196,0.391128
2317,OK,,190.0,106.8902247,6.19963303,141.666667,123.6,2513.157123,55.4098554,0.009978129,4.29763422,0.026451206,0.000126748,83.6,1.6722,0.026577954,0.285675,0.323196,0.391128
2318,OK,,190.0,106.8902247,6.19963303,142.777778,123.6,2532.868157,55.8444425,0.007484908,4.75721732,0.029163129,9.46e-05,83.6,1.6722,0.029257693,0.285675,0.323196,0.391128
2319,OK,,190.0,106.8902247,6.19963303,143.888889,123.6,2552.579191,56.2790296,0.005911951,5.17270773,0.031587331,7.43e-05,83.6,1.6722,0.031661622,0.285675,0.323196,0.391128
2320,OK,,190.0,106.8902247,6.19963303,145.0,123.6,2572.290225,56.7136167,0.004617482,5.63057868,0.03424541,5.77e-05,83.6,1.6722,0.034303121,0.285675,0.323196,0.391128
2321,OK,,190.0,111.9993672,6.4959633,135.0,123.6,2394.890899,52.8023328,0.104986981,1.73004651,0.010877154,0.001374491,83.6,1.6722,0.012251645,0.285675,0.323196,0.391128
2322,OK,,190.0,111.9993672,6.4959633,136.111111,123.6,2414.601934,53.2369199,0.064613012,2.08966945,0.013091518,0.000841959,83.6,1.6722,0.013933476,0.285675,0.323196,0.391128
2323,OK,,190.0,111.9993672,6.4959633,137.222222,123.6,2434.312968,53.671507,0.041544487,2.48531425,0.015512749,0.000538642,83.6,1.6722,0.016051391,0.285675,0.323196,0.391128
2324,OK,,190.0,111.9993672,6.4959633,138.333333,123.6,2454.024002,54.1060941,0.027867173,2.90274727,0.018049833,0.000359432,83.6,1.6722,0.018409264,0.285675,0.323196,0.391128
2325,OK,,190.0,111.9993672,6.4959633,139.444444,123.6,2473.735036,54.5406812,0.020392325,3.31431854,0.020531072,0.00026163,83.6,1.6722,0.020792702,0.285675,0.323196,0.391128
2326,OK,,190.0,111.9993672,6.4959633,140.555556,123.6,2493.446088,54.9752683,0.013778583,3.82326134,0.023575126,0.00017561,83.6,1.6722,0.023750736,0.285675,0.323196,0.391128
2327,OK,,190.0,111.9993672,6.4959633,141.666667,123.6,2513.157123,55.4098554,0.01105152,4.17240971,0.025647503,0.000140279,83.6,1.6722,0.025787781,0.285675,0.323196,0.391128
2328,OK,,190.0,111.9993672,6.4959633,142.777778,123.6,2532.868157,55.8444425,0.008369691,4.61140313,0.028235032,0.000105667,83.6,1.6722,0.028340699,0.285675,0.323196,0.391128
2329,OK,,190.0,111.9993672,6.4959633,143.888889,123.6,2552.579191,56.2790296,0.006444898,5.05633165,0.030837071,8.09e-05,83.6,1.6722,0.030918,0.285675,0.323196,0.391128
2330,OK,,190.0,111.9993672,6.4959633,145.0,123.6,2572.290225,56.7136167,0.004989507,5.51845233,0.033510829,6.23e-05,83.6,1.6722,0.033573107,0.285675,0.323196,0.391128
2331,OK,,190.0,117.10851,6.79229358,135.0,123.6,2394.890899,52.8023328,0.123008714,1.63699644,0.010277045,0.001608616,83.6,1.6722,0.011885661,0.285675,0.323196,0.391128
2332,OK,,190.0,117.10851,6.79229358,136.111111,123.6,2414.601934,53.2369199,0.074972979,1.98828768,0.012438667,0.000976005,83.6,1.6722,0.013414672,0.285675,0.323196,0.391128
2333,OK,,190.0,117.10851,6.79229358,137.222222,123.6,2434.312968,53.671507,0.046797249,2.39244718,0.01491179,0.000606207,83.6,1.6722,0.015517997,0.285675,0.323196,0.391128
2334,OK,,190.0,117.10851,6.79229358,138.333333,123.6,2454.024002,54.1060941,0.032271145,2.78364813,0.017286023,0.000415888,83.6,1.6722,0.01770191,0.285675,0.323196,0.391128
2335,OK,,190.0,117.10851,6.79229358,139.444444,123.6,2473.735036,54.5406812,0.023206326,3.17744509,0.019658018,0.000297503,83.6,1.6722,0.019955521,0.285675,0.323196,0.391128
2336,OK,,190.0,117.10851,6.79229358,140.555556,123.6,2493.446088,54.9752683,0.016364796,3.62612092,0.022346528,0.000208677,83.6,1.6722,0.022555205,0.285675,0.323196,0.391128
2337,OK,,190.0,117.10851,6.79229358,141.666667,123.6,2513.157123,55.4098554,0.012107279,4.06037396,0.024925807,0.000153563,83.6,1.6722,0.025079369,0.285675,0.323196,0.391128
2338,OK,,190.0,117.10851,6.79229358,142.777778,123.6,2532.868157,55.8444425,0.009197397,4.48985139,0.0274555,0.000116031,83.6,1.6722,0.027571532,0.285675,0.323196,0.391128
2339,OK,,190.0,117.10851,6.79229358,143.888889,123.6,2552.579191,56.2790296,0.00709692,4.92487388,0.029994455,8.9e-05,83.6,1.6722,0.030083483,0.285675,0.323196,0.391128
2340,OK,,190.0,117.10851,6.79229358,145.0,123.6,2572.290225,56.7136167,0.0055028,5.37790021,0.032627272,6.87e-05,83.6,1.6722,0.032695951,0.285675,0.323196,0.391128
2341,OK,,190.0,122.2176526,7.08862385,135.0,123.6,2394.890899,52.8023328,0.141779022,1.55678,0.00975878,0.001851936,83.6,1.6722,0.011610716,0.285675,0.323196,0.391128
2342,OK,,190.0,122.2176526,7.08862385,136.111111,123.6,2414.601934,53.2369199,0.08723195,1.88776109,0.011792927,0.001134447,83.6,1.6722,0.012927374,0.285675,0.323196,0.391128
2343,OK,,190.0,122.2176526,7.08862385,137.222222,123.6,2434.312968,53.671507,0.054032272,2.27255038,0.014145282,0.000699306,83.6,1.6722,0.014844588,0.285675,0.323196,0.391128
2344,OK,,190.0,122.2176526,7.08862385,138.333333,123.6,2454.024002,54.1060941,0.035860206,2.65725333,0.016479312,0.000461766,83.6,1.6722,0.016941078,0.285675,0.323196,0.391128
2345,OK,,190.0,122.2176526,7.08862385,139.444444,123.6,2473.735036,54.5406812,0.025593699,3.07811555,0.019017131,0.000327841,83.6,1.6722,0.019344972,0.285675,0.323196,0.391128
2346,OK,,190.0,122.2176526,7.08862385,140.555556,123.6,2493.446088,54.9752683,0.018259194,3.504206,0.021566954,0.000232655,83.6,1.6722,0.021799608,0.285675,0.323196,0.391128
2347,OK,,190.0,122.2176526,7.08862385,141.666667,123.6,2513.157123,55.4098554,0.013441191,3.93267576,0.024111005,0.000170354,83.6,1.6722,0.024281359,0.285675,0.323196,0.391128
2348,OK,,190.0,122.2176526,7.08862385,142.777778,123.6,2532.868157,55.8444425,0.010056508,4.37627474,0.026725988,0.000126775,83.6,1.6722,0.026852763,0.285675,0.323196,0.391128
2349,OK,,190.0,122.2176526,7.08862385,143.888889,123.6,2552.579191,56.2790296,0.007629699,4.80411878,0.029225225,9.57e-05,83.6,1.6722,0.029320894,0.285675,0.323196,0.391128
2350,OK,,190.0,122.2176526,7.08862385,145.0,123.6,2572.290225,56.7136167,0.006033359,5.24602134,0.031788078,7.52e-05,83.6,1.6722,0.031863325,0.285675,0.323196,0.391128
2351,OK,,190.0,127.3267953,7.38495413,135.0,123.6,2394.890899,52.8023328,0.151014244,1.52246853,0.009521684,0.001967273,83.6,1.6722,0.011488957,0.285675,0.323196,0.391128
2352,OK,,190.0,127.3267953,7.38495413,136.111111,123.6,2414.601934,53.2369199,0.102397507,1.78620939,0.011142585,0.001330262,83.6,1.6722,0.012472847,0.285675,0.323196,0.391128
2353,OK,,190.0,127.3267953,7.38495413,137.222222,123.6,2434.312968,53.671507,0.063613746,2.14881965,0.013357072,0.000822549,83.6,1.6722,0.014179622,0.285675,0.323196,0.391128
2354,OK,,190.0,127.3267953,7.38495413,138.333333,123.6,2454.024002,54.1060941,0.041334477,2.54553362,0.015764906,0.000531798,83.6,1.6722,0.016296704,0.285675,0.323196,0.391128
2355,OK,,190.0,127.3267953,7.38495413,139.444444,123.6,2473.735036,54.5406812,0.02834259,2.94941188,0.018198213,0.000362767,83.6,1.6722,0.01856098,0.285675,0.323196,0.391128
2356,OK,,190.0,127.3267953,7.38495413,140.555556,123.6,2493.446088,54.9752683,0.020412787,3.38549464,0.020808848,0.000259892,83.6,1.6722,0.02106874,0.285675,0.323196,0.391128
2357,OK,,190.0,127.3267953,7.38495413,141.666667,123.6,2513.157123,55.4098554,0.014953089,3.80758048,0.023313981,0.000189373,83.6,1.6722,0.023503354,0.285675,0.323196,0.391128
2358,OK,,190.0,127.3267953,7.38495413,142.777778,123.6,2532.868157,55.8444425,0.011248438,4.23799214,0.025848793,0.000141688,83.6,1.6722,0.02599048,0.285675,0.323196,0.391128
2359,OK,,190.0,127.3267953,7.38495413,143.888889,123.6,2552.579191,56.2790296,0.008596577,4.66901087,0.028368247,0.000107715,83.6,1.6722,0.028475963,0.285675,0.323196,0.391128
2360,OK,,190.0,127.3267953,7.38495413,145.0,123.6,2572.290225,56.7136167,0.006632919,5.1163142,0.030963761,8.27e-05,83.6,1.6722,0.031046428,0.285675,0.323196,0.391128
2361,OK,,190.0,132.4359379,7.6812844,135.0,123.6,2394.890899,52.8023328,0.189439586,1.40017022,0.008750525,0.002468317,83.6,1.6722,0.011218842,0.285675,0.323196,0.391128
2362,OK,,190.0,132.4359379,7.6812844,136.111111,123.6,2414.601934,53.2369199,0.118879494,1.69620184,0.010565658,0.001542691,83.6,1.6722,0.012108349,0.285675,0.323196,0.391128
2363,OK,,190.0,132.4359379,7.6812844,137.222222,123.6,2434.312968,53.671507,0.073101757,2.04973888,0.01272315,0.000944331,83.6,1.6722,0.013667481,0.285675,0.323196,0.391128
2364,OK,,190.0,132.4359379,7.6812844,138.333333,123.6,2454.024002,54.1060941,0.047731373,2.42953691,0.015026136,0.000613563,83.6,1.6722,0.0156397,0.285675,0.323196,0.391128
2365,OK,,190.0,132.4359379,7.6812844,139.444444,123.6,2473.735036,54.5406812,0.032479782,2.83920901,0.017494491,0.000415374,83.6,1.6722,0.017909865,0.285675,0.323196,0.391128
2366,OK,,190.0,132.4359379,7.6812844,140.555556,123.6,2493.446088,54.9752683,0.023118494,3.2483634,0.019940657,0.000294115,83.6,1.6722,0.020234772,0.285675,0.323196,0.391128
2367,OK,,190.0,132.4359379,7.6812844,141.666667,123.6,2513.157123,55.4098554,0.016651017,3.68303141,0.02252227,0.000210717,83.6,1.6722,0.022732986,0.285675,0.323196,0.391128
2368,OK,,190.0,132.4359379,7.6812844,142.777778,123.6,2532.868157,55.8444425,0.012456784,4.10921103,0.02503224,0.000156804,83.6,1.6722,0.025189044,0.285675,0.323196,0.391128
2369,OK,,190.0,132.4359379,7.6812844,143.888889,123.6,2552.579191,56.2790296,0.009356005,4.55881744,0.027662529,0.000117144,83.6,1.6722,0.027779673,0.285675,0.323196,0.391128
2370,OK,,190.0,132.4359379,7.6812844,145.0,123.6,2572.290225,56.7136167,0.007267321,4.99050967,0.030164648,9.05e-05,83.6,1.6722,0.030255156,0.285675,0.323196,0.391128
2371,OK,,190.0,137.5450807,7.97761468,135.0,123.6,2394.890899,52.8023328,0.219749239,1.32297171,0.008255436,0.002859315,83.6,1.6722,0.011114751,0.285675,0.323196,0.391128
2372,OK,,190.0,137.5450807,7.97761468,136.111111,123.6,2414.601934,53.2369199,0.139502324,1.60331445,0.00997249,0.001808204,83.6,1.6722,0.011780693,0.285675,0.323196,0.391128
2373,OK,,190.0,137.5450807,7.97761468,137.222222,123.6,2434.312968,53.671507,0.085831577,1.94241209,0.012040088,0.001107665,83.6,1.6722,0.013147753,0.285675,0.323196,0.391128
2374,OK,,190.0,137.5450807,7.97761468,138.333333,123.6,2454.024002,54.1060941,0.054785466,2.31908164,0.014323322,0.000703612,83.6,1.6722,0.015026934,0.285675,0.323196,0.391128
2375,OK,,190.0,137.5450807,7.97761468,139.444444,123.6,2473.735036,54.5406812,0.036122519,2.70885338,0.01666954,0.00046159,83.6,1.6722,0.01713113,0.285675,0.323196,0.391128
2376,OK,,190.0,137.5450807,7.97761468,140.555556,123.6,2493.446088,54.9752683,0.025806376,3.13688556,0.019230513,0.000328048,83.6,1.6722,0.01955856,0.285675,0.323196,0.391128
2377,OK,,190.0,137.5450807,7.97761468,141.666667,123.6,2513.157123,55.4098554,0.018528508,3.56256955,0.021757237,0.000234296,83.6,1.6722,0.021991533,0.285675,0.323196,0.391128
2378,OK,,190.0,137.5450807,7.97761468,142.777778,123.6,2532.868157,55.8444425,0.013648132,3.99628515,0.02431238,0.00017167,83.6,1.6722,0.024484051,0.285675,0.323196,0.391128
2379,OK,,190.0,137.5450807,7.97761468,143.888889,123.6,2552.579191,56.2790296,0.010347511,4.4287184,0.026839483,0.000129464,83.6,1.6722,0.026968947,0.285675,0.323196,0.391128
2380,OK,,190.0,137.5450807,7.97761468,145.0,123.6,2572.290225,56.7136167,0.008161957,4.83207046,0.029173203,0.000101581,83.6,1.6722,0.029274784,0.285675,0.323196,0.391128
2381,OK,,190.0,142.6542233,8.27394495,135.0,123.6,2394.890899,52.8023328,0.249183117,1.25921555,0.007845366,0.003237904,83.6,1.6722,0.01108327,0.285675,0.323196,0.391128
2382,OK,,190.0,142.6542233,8.27394495,136.111111,123.6,2414.601934,53.2369199,0.160041999,1.52639386,0.009479777,0.002071969,83.6,1.6722,0.011551745,0.285675,0.323196,0.391128
2383,OK,,190.0,142.6542233,8.27394495,137.222222,123.6,2434.312968,53.671507,0.100468346,1.84039335,0.011391541,0.001295194,83.6,1.6722,0.012686735,0.285675,0.323196,0.391128
2384,OK,,190.0,142.6542233,8.27394495,138.333333,123.6,2454.024002,54.1060941,0.063466959,2.19948129,0.013566262,0.000814362,83.6,1.6722,0.014380624,0.285675,0.323196,0.391128
2385,OK,,190.0,142.6542233,8.27394495,139.444444,123.6,2473.735036,54.5406812,0.040736707,2.60062342,0.015981651,0.000520109,83.6,1.6722,0.01650176,0.285675,0.323196,0.391128
2386,OK,,190.0,142.6542233,8.27394495,140.555556,123.6,2493.446088,54.9752683,0.028435301,3.01017171,0.018429665,0.000361182,83.6,1.6722,0.018790847,0.285675,0.323196,0.391128
2387,OK,,190.0,142.6542233,8.27394495,141.666667,123.6,2513.157123,55.4098554,0.020692248,3.44001386,0.02097991,0.000261414,83.6,1.6722,0.021241325,0.285675,0.323196,0.391128
2388,OK,,190.0,142.6542233,8.27394495,142.777778,123.6,2532.868157,55.8444425,0.015318641,3.85855517,0.023445215,0.00019254,83.6,1.6722,0.023637755,0.285675,0.323196,0.391128
2389,OK,,190.0,142.6542233,8.27394495,143.888889,123.6,2552.579191,56.2790296,0.011957469,4.30217879,0.026039619,0.000149496,83.6,1.6722,0.026189115,0.285675,0.323196,0.391128
2390,OK,,190.0,142.6542233,8.27394495,145.0,123.6,2572.290225,56.7136167,0.008756504,4.73854285,0.028569964,0.000108897,83.6,1.6722,0.028678861,0.285675,0.323196,0.391128
2391,OK,,190.0,147.763366,8.57027523,135.0,123.6,2394.890899,52.8023328,0.280725737,1.19989953,0.007464044,0.003642665,83.6,1.6722,0.011106708,0.285675,0.323196,0.391128
2392,OK,,190.0,147.763366,8.57027523,136.111111,123.6,2414.601934,53.2369199,0.186031899,1.44425615,0.00895627,0.0024054,83.6,1.6722,0.01136167,0.285675,0.323196,0.391128
2393,OK,,190.0,147.763366,8.57027523,137.222222,123.6,2434.312968,53.671507,0.117640529,1.74259083,0.010770768,0.001514927,83.6,1.6722,0.012285694,0.285675,0.323196,0.391128
2394,OK,,190.0,147.763366,8.57027523,138.333333,123.6,2454.024002,54.1060941,0.073022246,2.09746916,0.012919003,0.000936089,83.6,1.6722,0.013855092,0.285675,0.323196,0.391128
2395,OK,,190.0,147.763366,8.57027523,139.444444,123.6,2473.735036,54.5406812,0.047932857,2.48066602,0.015224154,0.000611454,83.6,1.6722,0.015835608,0.285675,0.323196,0.391128
2396,OK,,190.0,147.763366,8.57027523,140.555556,123.6,2493.446088,54.9752683,0.032767346,2.89362756,0.017692614,0.000415867,83.6,1.6722,0.018108481,0.285675,0.323196,0.391128
2397,OK,,190.0,147.763366,8.57027523,141.666667,123.6,2513.157123,55.4098554,0.023097375,3.31977823,0.020221696,0.000291618,83.6,1.6722,0.020513314,0.285675,0.323196,0.391128
2398,OK,,190.0,147.763366,8.57027523,142.777778,123.6,2532.868157,55.8444425,0.016934869,3.74120924,0.02270267,0.000212693,83.6,1.6722,0.022915363,0.285675,0.323196,0.391128
2399,OK,,190.0,147.763366,8.57027523,143.888889,123.6,2552.579191,56.2790296,0.012722218,4.16807758,0.025196686,0.000158944,83.6,1.6722,0.025355629,0.285675,0.323196,0.391128
2400,OK,,190.0,147.763366,8.57027523,145.0,123.6,2572.290225,56.7136167,0.00969015,4.60443229,0.027727303,0.000120423,83.6,1.6722,0.027847726,0.285675,0.323196,0.391128
2401,OK,,190.0,152.8725086,8.8666055,135.0,123.6,2394.890899,52.8023328,0.316505951,1.1411925,0.007087622,0.004100863,83.6,1.6722,0.011188484,0.285675,0.323196,0.391128
2402,OK,,190.0,152.8725086,8.8666055,136.111111,123.6,2414.601934,53.2369199,0.211855952,1.37525012,0.008515295,0.002735781,83.6,1.6722,0.011251076,0.285675,0.323196,0.391128
2403,OK,,190.0,152.8725086,8.8666055,137.222222,123.6,2434.312968,53.671507,0.139030348,1.6433299,0.010141777,0.001787883,83.6,1.6722,0.011929659,0.285675,0.323196,0.391128
2404,OK,,190.0,152.8725086,8.8666055,138.333333,123.6,2454.024002,54.1060941,0.085910405,1.98658127,0.012218612,0.001100087,83.6,1.6722,0.013318699,0.285675,0.323196,0.391128
2405,OK,,190.0,152.8725086,8.8666055,139.444444,123.6,2473.735036,54.5406812,0.053731325,2.3871826,0.014629822,0.000684813,83.6,1.6722,0.015314635,0.285675,0.323196,0.391128
2406,OK,,190.0,152.8725086,8.8666055,140.555556,123.6,2493.446088,54.9752683,0.037010559,2.77641349,0.016953345,0.000469332,83.6,1.6722,0.017422677,0.285675,0.323196,0.391128
2407,OK,,190.0,152.8725086,8.8666055,141.666667,123.6,2513.157123,55.4098554,0.026076254,3.19182863,0.019417282,0.000328971,83.6,1.6722,0.019746252,0.285675,0.323196,0.391128
2408,OK,,190.0,152.8725086,8.8666055,142.777778,123.6,2532.868157,55.8444425,0.018122959,3.66447202,0.022205508,0.000227431,83.6,1.6722,0.022432939,0.285675,0.323196,0.391128
2409,OK,,190.0,152.8725086,8.8666055,143.888889,123.6,2552.579191,56.2790296,0.014068556,4.04200642,0.024403589,0.000175633,83.6,1.6722,0.024579222,0.285675,0.323196,0.391128
2410,OK,,190.0,152.8725086,8.8666055,145.0,123.6,2572.290225,56.7136167,0.010611122,4.48614228,0.026980464,0.000131771,83.6,1.6722,0.027112234,0.285675,0.323196,0.391128
2411,OK,,190.0,157.9816514,9.16293578,135.0,123.6,2394.890899,52.8023328,0.351816288,1.09040933,0.006761403,0.004551658,83.6,1.6722,0.01131306,0.285675,0.323196,0.391128
2412,OK,,190.0,157.9816514,9.16293578,136.111111,123.6,2414.601934,53.2369199,0.241701728,1.30666527,0.008078225,0.003116983,83.6,1.6722,0.011195208,0.285675,0.323196,0.391128
2413,OK,,190.0,157.9816514,9.16293578,137.222222,123.6,2434.312968,53.671507,0.156790489,1.57483783,0.009705305,0.00201445,83.6,1.6722,0.011719755,0.285675,0.323196,0.391128
2414,OK,,190.0,157.9816514,9.16293578,138.333333,123.6,2454.024002,54.1060941,0.101238908,1.87819699,0.011536424,0.001295171,83.6,1.6722,0.012831594,0.285675,0.323196,0.391128
2415,OK,,190.0,157.9816514,9.16293578,139.444444,123.6,2473.735036,54.5406812,0.062154365,2.26554694,0.013865882,0.00079146,83.6,1.6722,0.014657342,0.285675,0.323196,0.391128
2416,OK,,190.0,157.9816514,9.16293578,140.555556,123.6,2493.446088,54.9752683,0.040776412,2.65442817,0.016187174,0.000516672,83.6,1.6722,0.016703846,0.285675,0.323196,0.391128
2417,OK,,190.0,157.9816514,9.16293578,141.666667,123.6,2513.157123,55.4098554,0.029013869,3.07292962,0.018669477,0.000365743,83.6,1.6722,0.019035221,0.285675,0.323196,0.391128
2418,OK,,190.0,157.9816514,9.16293578,142.777778,123.6,2532.868157,55.8444425,0.021085293,3.49252877,0.021139229,0.000264418,83.6,1.6722,0.021403647,0.285675,0.323196,0.391128
2419,OK,,190.0,157.9816514,9.16293578,143.888889,123.6,2552.579191,56.2790296,0.015595344,3.91758164,0.023622331,0.00019455,83.6,1.6722,0.023816881,0.285675,0.323196,0.391128
2420,OK,,190.0,157.9816514,9.16293578,145.0,123.6,2572.290225,56.7136167,0.012301419,4.34936391,0.02612585,0.000152652,83.6,1.6722,0.026278501,0.285675,0.323196,0.391128
2421,OK,,190.0,163.0907941,9.45926606,135.0,123.6,2394.890899,52.8023328,0.390694899,1.04084386,0.006443678,0.005046865,83.6,1.6722,0.011490543,0.285675,0.323196,0.391128
2422,OK,,190.0,163.0907941,9.45926606,136.111111,123.6,2414.601934,53.2369199,0.268263466,1.25369056,0.007738549,0.003454979,83.6,1.6722,0.011193528,0.285675,0.323196,0.391128
2423,OK,,190.0,163.0907941,9.45926606,137.222222,123.6,2434.312968,53.671507,0.180660082,1.49574807,0.009204169,0.002318273,83.6,1.6722,0.011522443,0.285675,0.323196,0.391128
2424,OK,,190.0,163.0907941,9.45926606,138.333333,123.6,2454.024002,54.1060941,0.113493557,1.80630218,0.011078388,0.001450452,83.6,1.6722,0.01252884,0.285675,0.323196,0.391128
2425,OK,,190.0,163.0907941,9.45926606,139.444444,123.6,2473.735036,54.5406812,0.071589338,2.16005583,0.01320201,0.000910752,83.6,1.6722,0.014112762,0.285675,0.323196,0.391128
2426,OK,,190.0,163.0907941,9.45926606,140.555556,123.6,2493.446088,54.9752683,0.046855036,2.55770538,0.015572624,0.000592891,83.6,1.6722,0.016165516,0.285675,0.323196,0.391128
2427,OK,,190.0,163.0907941,9.45926606,141.666667,123.6,2513.157123,55.4098554,0.033116319,2.94702721,0.017881369,0.000417123,83.6,1.6722,0.018298492,0.285675,0.323196,0.391128
2428,OK,,190.0,163.0907941,9.45926606,142.777778,123.6,2532.868157,55.8444425,0.023709531,3.36183699,0.020322369,0.0002971,83.6,1.6722,0.020619469,0.285675,0.323196,0.391128
2429,OK,,190.0,163.0907941,9.45926606,143.888889,123.6,2552.579191,56.2790296,0.017197516,3.80195854,0.022895389,0.000214374,83.6,1.6722,0.023109763,0.285675,0.323196,0.391128
2430,OK,,190.0,163.0907941,9.45926606,145.0,123.6,2572.290225,56.7136167,0.012967228,4.23005148,0.025376754,0.000160796,83.6,1.6722,0.02553755,0.285675,0.323196,0.391128
2431,OK,,190.0,168.1999367,9.75559633,135.0,123.6,2394.890899,52.8023328,0.43337026,0.99257001,0.006134895,0.005589152,83.6,1.6722,0.011724048,0.285675,0.323196,0.391128
2432,OK,,190.0,168.1999367,9.75559633,136.111111,123.6,2414.601934,53.2369199,0.307747654,1.18457253,0.007300599,0.003957487,83.6,1.6722,0.011258086,0.285675,0.323196,0.391128
2433,OK,,190.0,168.1999367,9.75559633,137.222222,123.6,2434.312968,53.671507,0.208899548,1.41665575,0.008704384,0.002677112,83.6,1.6722,0.011381496,0.285675,0.323196,0.391128
2434,OK,,190.0,168.1999367,9.75559633,138.333333,123.6,2454.024002,54.1060941,0.132978358,1.70937608,0.010468989,0.001697564,83.6,1.6722,0.012166552,0.285675,0.323196,0.391128
2435,OK,,190.0,168.1999367,9.75559633,139.444444,123.6,2473.735036,54.5406812,0.084266695,2.0460294,0.012488092,0.001070986,83.6,1.6722,0.013559077,0.285675,0.323196,0.391128
2436,OK,,190.0,168.1999367,9.75559633,140.555556,123.6,2493.446088,54.9752683,0.05580471,2.40904559,0.014652222,0.000705876,83.6,1.6722,0.015358098,0.285675,0.323196,0.391128
2437,OK,,190.0,168.1999367,9.75559633,141.666667,123.6,2513.157123,55.4098554,0.037028483,2.83743351,0.017193357,0.000466018,83.6,1.6722,0.017659376,0.285675,0.323196,0.391128
2438,OK,,190.0,168.1999367,9.75559633,142.777778,123.6,2532.868157,55.8444425,0.026135817,3.25585874,0.019652586,0.000327131,83.6,1.6722,0.019979717,0.285675,0.323196,0.391128
2439,OK,,190.0,168.1999367,9.75559633,143.888889,123.6,2552.579191,56.2790296,0.019185083,3.67518418,0.022103922,0.000238971,83.6,1.6722,0.022342893,0.285675,0.323196,0.391128
2440,OK,,190.0,168.1999367,9.75559633,145.0,123.6,2572.290225,56.7136167,0.014328262,4.10324254,0.024585129,0.000177543,83.6,1.6722,0.024762672,0.285675,0.323196,0.391128
2441,OK,,190.0,173.3090793,10.0519266,135.0,123.6,2394.890899,52.8023328,0.476532378,0.949141597,0.005856916,0.006135866,83.6,1.6722,0.011992781,0.285675,0.323196,0.391128
2442,OK,,190.0,173.3090793,10.0519266,136.111111,123.6,2414.601934,53.2369199,0.343563923,1.13040909,0.006955781,0.00441157,83.6,1.6722,0.011367351,0.285675,0.323196,0.391128
2443,OK,,190.0,173.3090793,10.0519266,137.222222,123.6,2434.312968,53.671507,0.232720966,1.35947009,0.008340184,0.002978715,83.6,1.6722,0.011318899,0.285675,0.323196,0.391128
2444,OK,,190.0,173.3090793,10.0519266,138.333333,123.6,2454.024002,54.1060941,0.151466677,1.63284784,0.009985529,0.001931397,83.6,1.6722,0.011916926,0.285675,0.323196,0.391128
2445,OK,,190.0,173.3090793,10.0519266,139.444444,123.6,2473.735036,54.5406812,0.097322298,1.94822548,0.011874345,0.001235659,83.6,1.6722,0.013110004,0.285675,0.323196,0.391128
2446,OK,,190.0,173.3090793,10.0519266,140.555556,123.6,2493.446088,54.9752683,0.060978028,2.33195265,0.014162765,0.000770614,83.6,1.6722,0.014933378,0.285675,0.323196,0.391128
2447,OK,,190.0,173.3090793,10.0519266,141.666667,123.6,2513.157123,55.4098554,0.041330754,2.71200831,0.016412018,0.000519744,83.6,1.6722,0.016931763,0.285675,0.323196,0.391128
2448,OK,,190.0,173.3090793,10.0519266,142.777778,123.6,2532.868157,55.8444425,0.029315695,3.12895756,0.018865152,0.000366774,83.6,1.6722,0.019231926,0.285675,0.323196,0.391128
2449,OK,,190.0,173.3090793,10.0519266,143.888889,123.6,2552.579191,56.2790296,0.021387303,3.55111459,0.021330468,0.0002662,83.6,1.6722,0.021596668,0.285675,0.323196,0.391128
2450,OK,,190.0,173.3090793,10.0519266,145.0,123.6,2572.290225,56.7136167,0.01587922,3.97722556,0.023800094,0.000196617,83.6,1.6722,0.02399671,0.285675,0.323196,0.391128
2451,OK,,190.0,178.4182224,10.3482569,135.0,123.6,2394.890899,52.8023328,0.511348735,0.917665444,0.005653369,0.006574373,83.6,1.6722,0.012227741,0.285675,0.323196,0.391128
2452,OK,,190.0,178.4182224,10.3482569,136.111111,123.6,2414.601934,53.2369199,0.381699025,1.07945964,0.006631696,0.004893814,83.6,1.6722,0.01152551,0.285675,0.323196,0.391128
2453,OK,,190.0,178.4182224,10.3482569,137.222222,123.6,2434.312968,53.671507,0.268422844,1.28472764,0.007869685,0.003430734,83.6,1.6722,0.011300419,0.285675,0.323196,0.391128
2454,OK,,190.0,178.4182224,10.3482569,138.333333,123.6,2454.024002,54.1060941,0.177035533,1.54346311,0.009425174,0.002254634,83.6,1.6722,0.011679808,0.285675,0.323196,0.391128
2455,OK,,190.0,178.4182224,10.3482569,139.444444,123.6,2473.735036,54.5406812,0.114290414,1.8439145,0.011223007,0.001449565,83.6,1.6722,0.012672572,0.285675,0.323196,0.391128
2456,OK,,190.0,178.4182224,10.3482569,140.555556,123.6,2493.446088,54.9752683,0.071806214,2.20694137,0.013385833,0.000906612,83.6,1.6722,0.014292445,0.285675,0.323196,0.391128
2457,OK,,190.0,178.4182224,10.3482569,141.666667,123.6,2513.157123,55.4098554,0.047797002,2.59712074,0.015695857,0.000600542,83.6,1.6722,0.0162964,0.285675,0.323196,0.391128
2458,OK,,190.0,178.4182224,10.3482569,142.777778,123.6,2532.868157,55.8444425,0.033303401,3.00630571,0.01810218,0.000416331,83.6,1.6722,0.018518511,0.285675,0.323196,0.391128
2459,OK,,190.0,178.4182224,10.3482569,143.888889,123.6,2552.579191,56.2790296,0.024104822,3.41524245,0.020488752,0.000299797,83.6,1.6722,0.02078855,0.285675,0.323196,0.391128
2460,OK,,190.0,178.4182224,10.3482569,145.0,123.6,2572.290225,56.7136167,0.017543575,3.85797844,0.023056968,0.000217061,83.6,1.6722,0.023274029,0.285675,0.323196,0.391128
2461,OK,,190.0,183.5273655,10.6445872,135.0,123.6,2394.890899,52.8023328,0.56013963,0.87711696,0.005394688,0.007189328,83.6,1.6722,0.012584016,0.285675,0.323196,0.391128
2462,OK,,190.0,183.5273655,10.6445872,136.111111,123.6,2414.601934,53.2369199,0.420369177,1.0335254,0.006339322,0.005381396,83.6,1.6722,0.011720718,0.285675,0.323196,0.391128
2463,OK,,190.0,183.5273655,10.6445872,137.222222,123.6,2434.312968,53.671507,0.300586456,1.22684451,0.007503453,0.003836479,83.6,1.6722,0.011339931,0.285675,0.323196,0.391128
2464,OK,,190.0,183.5273655,10.6445872,138.333333,123.6,2454.024002,54.1060941,0.202271804,1.46931233,0.008958997,0.002572824,83.6,1.6722,0.011531821,0.285675,0.323196,0.391128
2465,OK,,190.0,183.5273655,10.6445872,139.444444,123.6,2473.735036,54.5406812,0.131618227,1.75600103,0.010672593,0.001667525,83.6,1.6722,0.012340118,0.285675,0.323196,0.391128
2466,OK,,190.0,183.5273655,10.6445872,140.555556,123.6,2493.446088,54.9752683,0.082987077,2.10400697,0.012743937,0.001046778,83.6,1.6722,0.013790715,0.285675,0.323196,0.391128
2467,OK,,190.0,183.5273655,10.6445872,141.666667,123.6,2513.157123,55.4098554,0.054392822,2.48281639,0.01498513,0.000682832,83.6,1.6722,0.015667962,0.285675,0.323196,0.391128
2468,OK,,190.0,183.5273655,10.6445872,142.777778,123.6,2532.868157,55.8444425,0.037790422,2.87988152,0.017318661,0.000472047,83.6,1.6722,0.017790708,0.285675,0.323196,0.391128
2469,OK,,190.0,183.5273655,10.6445872,143.888889,123.6,2552.579191,56.2790296,0.026947794,3.29212509,0.019724867,0.000334899,83.6,1.6722,0.020059766,0.285675,0.323196,0.391128
2470,OK,,190.0,183.5273655,10.6445872,145.0,123.6,2572.290225,56.7136167,0.019356347,3.74267455,0.022339038,0.00023931,83.6,1.6722,0.022578348,0.285675,0.323196,0.391128
2471,OK,,190.0,188.6365069,10.9409174,135.0,123.6,2394.890899,52.8023328,0.606446195,0.842473759,0.005173049,0.007770617,83.6,1.6722,0.012943666,0.285675,0.323196,0.391128
2472,OK,,190.0,188.6365069,10.9409174,136.111111,123.6,2414.601934,53.2369199,0.462857755,0.988338869,0.006052398,0.005915888,83.6,1.6722,0.011968287,0.285675,0.323196,0.391128
2473,OK,,190.0,188.6365069,10.9409174,137.222222,123.6,2434.312968,53.671507,0.336359621,1.17021967,0.007145959,0.004286818,83.6,1.6722,0.011432777,0.285675,0.323196,0.391128
2474,OK,,190.0,188.6365069,10.9409174,138.333333,123.6,2454.024002,54.1060941,0.231137574,1.39666686,0.008503275,0.002936135,83.6,1.6722,0.01143941,0.285675,0.323196,0.391128
2475,OK,,190.0,188.6365069,10.9409174,139.444444,123.6,2473.735036,54.5406812,0.15098166,1.67351118,0.010156477,0.001910691,83.6,1.6722,0.012067168,0.285675,0.323196,0.391128
2476,Errors,,190.0,188.6365069,10.9409174,140.555556,123.6,2493.446088,54.9752683,0.072656911,2.33265361,0.013999114,0.000915299,83.6,1.6722,0.014914413,0.285675,0.323196,0.391128
2477,OK,,190.0,188.6365069,10.9409174,141.666667,123.6,2513.157123,55.4098554,0.06214398,2.36923116,0.014280469,0.000779449,83.6,1.6722,0.015059918,0.285675,0.323196,0.391128
2478,OK,,190.0,188.6365069,10.9409174,142.777778,123.6,2532.868157,55.8444425,0.041390173,2.76811521,0.016624504,0.000516596,83.6,1.6722,0.0171411,0.285675,0.323196,0.391128
2479,OK,,190.0,188.6365069,10.9409174,143.888889,123.6,2552.579191,56.2790296,0.029745182,3.1812337,0.019035409,0.000369374,83.6,1.6722,0.019404782,0.285675,0.323196,0.391128
2480,OK,,190.0,188.6365069,10.9409174,145.0,123.6,2572.290225,56.7136167,0.021774577,3.60613705,0.021497555,0.000269008,83.6,1.6722,0.021766564,0.285675,0.323196,0.391128
2481,OK,,190.0,193.74565,11.2372477,135.0,123.6,2394.890899,52.8023328,0.648017619,0.814156616,0.00499087,0.00828998,83.6,1.6722,0.01328085,0.285675,0.323196,0.391128
2482,OK,,190.0,193.74565,11.2372477,136.111111,123.6,2414.601934,53.2369199,0.506182288,0.947047054,0.005790126,0.006459198,83.6,1.6722,0.012249324,0.285675,0.323196,0.391128
2483,OK,,190.0,193.74565,11.2372477,137.222222,123.6,2434.312968,53.671507,0.373372022,1.11853412,0.006819574,0.00475147,83.6,1.6722,0.011571044,0.285675,0.323196,0.391128
2484,OK,,190.0,193.74565,11.2372477,138.333333,123.6,2454.024002,54.1060941,0.260888731,1.33212713,0.008097989,0.003309633,83.6,1.6722,0.011407622,0.285675,0.323196,0.391128
2485,OK,,190.0,193.74565,11.2372477,139.444444,123.6,2473.735036,54.5406812,0.174942903,1.58743974,0.009620146,0.002211254,83.6,1.6722,0.0118314,0.285675,0.323196,0.391128
2486,OK,,190.0,193.74565,11.2372477,140.555556,123.6,2493.446088,54.9752683,0.112791632,1.89547718,0.011449034,0.001419784,83.6,1.6722,0.012868818,0.285675,0.323196,0.391128
2487,OK,,190.0,193.74565,11.2372477,141.666667,123.6,2513.157123,55.4098554,0.071205744,2.26348355,0.013624549,0.000892291,83.6,1.6722,0.01451684,0.285675,0.323196,0.391128
2488,OK,,190.0,193.74565,11.2372477,142.777778,123.6,2532.868157,55.8444425,0.048385257,2.63134444,0.015783025,0.000603381,83.6,1.6722,0.016386406,0.285675,0.323196,0.391128
2489,OK,,190.0,193.74565,11.2372477,143.888889,123.6,2552.579191,56.2790296,0.03270972,3.06732818,0.018329832,0.000405867,83.6,1.6722,0.018735699,0.285675,0.323196,0.391128
2490,OK,,190.0,193.74565,11.2372477,145.0,123.6,2572.290225,56.7136167,0.024355696,3.47682938,0.020700652,0.000300665,83.6,1.6722,0.021001316,0.285675,0.323196,0.391128
2491,OK,,190.0,198.8547931,11.533578,135.0,123.6,2394.890899,52.8023328,0.699204518,0.781942599,0.004785411,0.008929064,83.6,1.6722,0.013714475,0.285675,0.323196,0.391128
2492,OK,,190.0,198.8547931,11.533578,136.111111,123.6,2414.601934,53.2369199,0.550956646,0.908543508,0.005545672,0.007019058,83.6,1.6722,0.01256473,0.285675,0.323196,0.391128
2493,OK,,190.0,198.8547931,11.533578,137.222222,123.6,2434.312968,53.671507,0.411827222,1.07075829,0.006517938,0.005232946,83.6,1.6722,0.011750884,0.285675,0.323196,0.391128
2494,OK,,190.0,198.8547931,11.533578,138.333333,123.6,2454.024002,54.1060941,0.293839366,1.26980261,0.007707302,0.003722468,83.6,1.6722,0.01142977,0.285675,0.323196,0.391128
2495,OK,,190.0,198.8547931,11.533578,139.444444,123.6,2473.735036,54.5406812,0.199470208,1.51288748,0.0091548,0.002518192,83.6,1.6722,0.011672992,0.285675,0.323196,0.391128
2496,OK,,190.0,198.8547931,11.533578,140.555556,123.6,2493.446088,54.9752683,0.126844068,1.8208239,0.010982316,0.001595059,83.6,1.6722,0.012577375,0.285675,0.323196,0.391128
2497,OK,,190.0,198.8547931,11.533578,141.666667,123.6,2513.157123,55.4098554,0.082440547,2.15684097,0.012965023,0.0010321,83.6,1.6722,0.013997122,0.285675,0.323196,0.391128
2498,OK,,190.0,198.8547931,11.533578,142.777778,123.6,2532.868157,55.8444425,0.054229656,2.54047918,0.015217071,0.000675696,83.6,1.6722,0.015892768,0.285675,0.323196,0.391128
2499,OK,,190.0,198.8547931,11.533578,143.888889,123.6,2552.579191,56.2790296,0.037398662,2.95363696,0.017627336,0.000463671,83.6,1.6722,0.018091007,0.285675,0.323196,0.391128
2500,OK,,190.0,198.8547931,11.533578,145.0,123.6,2572.290225,56.7136167,0.027112713,3.357181,0.019962738,0.000334448,83.6,1.6722,0.020297186,0.285675,0.323196,0.391128
2501,OK,,190.0,203.9639362,11.8299083,135.0,123.6,2394.890899,52.8023328,0.752036292,0.75160555,0.004592051,0.009586523,83.6,1.6722,0.014178574,0.285675,0.323196,0.391128
2502,OK,,190.0,203.9639362,11.8299083,136.111111,123.6,2414.601934,53.2369199,0.596905333,0.872698036,0.005318095,0.007591561,83.6,1.6722,0.012909655,0.285675,0.323196,0.391128
2503,OK,,190.0,203.9639362,11.8299083,137.222222,123.6,2434.312968,53.671507,0.451926914,1.0261596,0.006236481,0.005733623,83.6,1.6722,0.011970105,0.285675,0.323196,0.391128
2504,OK,,190.0,203.9639362,11.8299083,138.333333,123.6,2454.024002,54.1060941,0.331912543,1.20695458,0.007314561,0.004198571,83.6,1.6722,0.011513132,0.285675,0.323196,0.391128
2505,OK,,190.0,203.9639362,11.8299083,139.444444,123.6,2473.735036,54.5406812,0.222537355,1.4522277,0.008774449,0.00280598,83.6,1.6722,0.011580429,0.285675,0.323196,0.391128
2506,OK,,190.0,203.9639362,11.8299083,140.555556,123.6,2493.446088,54.9752683,0.144745045,1.73914301,0.010474536,0.001818163,83.6,1.6722,0.012292698,0.285675,0.323196,0.391128
2507,OK,,190.0,203.9639362,11.8299083,141.666667,123.6,2513.157123,55.4098554,0.09531314,2.05366517,0.012327911,0.001192084,83.6,1.6722,0.013519996,0.285675,0.323196,0.391128
2508,OK,,190.0,203.9639362,11.8299083,142.777778,123.6,2532.868157,55.8444425,0.062023344,2.42410825,0.014500882,0.00077213,83.6,1.6722,0.015273012,0.285675,0.323196,0.391128
2509,OK,,190.0,203.9639362,11.8299083,143.888889,123.6,2552.579191,56.2790296,0.041716438,2.81962688,0.01680641,0.000516796,83.6,1.6722,0.017323206,0.285675,0.323196,0.391128
2510,OK,,190.0,203.9639362,11.8299083,145.0,123.6,2572.290225,56.7136167,0.030156602,3.23516572,0.01921265,0.000371708,83.6,1.6722,0.019584358,0.285675,0.323196,0.391128
2511,OK,,190.0,209.0730776,12.1262385,135.0,123.6,2394.890899,52.8023328,0.800832616,0.725968292,0.004427973,0.01019091,83.6,1.6722,0.014618883,0.285675,0.323196,0.391128
2512,OK,,190.0,209.0730776,12.1262385,136.111111,123.6,2414.601934,53.2369199,0.640979412,0.84147749,0.005119446,0.008139056,83.6,1.6722,0.013258502,0.285675,0.323196,0.391128
2513,OK,,190.0,209.0730776,12.1262385,137.222222,123.6,2434.312968,53.671507,0.493832774,0.984250166,0.005972161,0.006255402,83.6,1.6722,0.012227563,0.285675,0.323196,0.391128
2514,OK,,190.0,209.0730776,12.1262385,138.333333,123.6,2454.024002,54.1060941,0.364448369,1.15978811,0.007017684,0.004603668,83.6,1.6722,0.011621352,0.285675,0.323196,0.391128
2515,OK,,190.0,209.0730776,12.1262385,139.444444,123.6,2473.735036,54.5406812,0.255338813,1.3769632,0.008307301,0.003215166,83.6,1.6722,0.011522468,0.285675,0.323196,0.391128
2516,OK,,190.0,209.0730776,12.1262385,140.555556,123.6,2493.446088,54.9752683,0.169930757,1.6427536,0.00988,0.002131946,83.6,1.6722,0.012011946,0.285675,0.323196,0.391128
2517,OK,,190.0,209.0730776,12.1262385,141.666667,123.6,2513.157123,55.4098554,0.109461597,1.95954978,0.01174653,0.001367649,83.6,1.6722,0.013114178,0.285675,0.323196,0.391128
2518,OK,,190.0,209.0730776,12.1262385,142.777778,123.6,2532.868157,55.8444425,0.070482089,2.32269839,0.013875364,0.00087664,83.6,1.6722,0.014752004,0.285675,0.323196,0.391128
2519,OK,,190.0,209.0730776,12.1262385,143.888889,123.6,2552.579191,56.2790296,0.047205068,2.71235147,0.01614549,0.0005843,83.6,1.6722,0.016729789,0.285675,0.323196,0.391128
2520,OK,,190.0,209.0730776,12.1262385,145.0,123.6,2572.290225,56.7136167,0.033162714,3.11795387,0.018492661,0.000408442,83.6,1.6722,0.018901103,0.285675,0.323196,0.391128
2521,OK,,190.0,214.1822207,12.4225688,135.0,123.6,2394.890899,52.8023328,0.85086648,0.701635364,0.00427236,0.0108087,83.6,1.6722,0.01508106,0.285675,0.323196,0.391128
2522,OK,,190.0,214.1822207,12.4225688,136.111111,123.6,2414.601934,53.2369199,0.690609089,0.809131375,0.004914525,0.008754125,83.6,1.6722,0.01366865,0.285675,0.323196,0.391128
2523,OK,,190.0,214.1822207,12.4225688,137.222222,123.6,2434.312968,53.671507,0.53773477,0.944579628,0.005722199,0.006800542,83.6,1.6722,0.012522741,0.285675,0.323196,0.391128
2524,OK,,190.0,214.1822207,12.4225688,138.333333,123.6,2454.024002,54.1060941,0.401714698,1.11123595,0.006713334,0.005066905,83.6,1.6722,0.011780239,0.285675,0.323196,0.391128
2525,OK,,190.0,214.1822207,12.4225688,139.444444,123.6,2473.735036,54.5406812,0.288932102,1.31070414,0.007895597,0.003633109,83.6,1.6722,0.011528706,0.285675,0.323196,0.391128
2526,OK,,190.0,214.1822207,12.4225688,140.555556,123.6,2493.446088,54.9752683,0.196566237,1.55790835,0.009356172,0.002463049,83.6,1.6722,0.011819221,0.285675,0.323196,0.391128
2527,OK,,190.0,214.1822207,12.4225688,141.666667,123.6,2513.157123,55.4098554,0.127585411,1.85940576,0.011130924,0.001592384,83.6,1.6722,0.012723307,0.285675,0.323196,0.391128
2528,OK,,190.0,214.1822207,12.4225688,142.777778,123.6,2532.868157,55.8444425,0.081269895,2.21433441,0.013210247,0.001009872,83.6,1.6722,0.01422012,0.285675,0.323196,0.391128
2529,OK,,190.0,214.1822207,12.4225688,143.888889,123.6,2552.579191,56.2790296,0.054196856,2.59717235,0.015439617,0.00067027,83.6,1.6722,0.016109887,0.285675,0.323196,0.391128
2530,OK,,190.0,214.1822207,12.4225688,145.0,123.6,2572.290225,56.7136167,0.037828411,3.00656093,0.017808662,0.000465527,83.6,1.6722,0.018274188,0.285675,0.323196,0.391128
2531,OK,,190.0,219.2913638,12.7188991,135.0,123.6,2394.890899,52.8023328,0.90371336,0.677778939,0.004120153,0.011459577,83.6,1.6722,0.01557973,0.285675,0.323196,0.391128
2532,OK,,190.0,219.2913638,12.7188991,136.111111,123.6,2414.601934,53.2369199,0.732709158,0.784044198,0.004754292,0.009273046,83.6,1.6722,0.014027338,0.285675,0.323196,0.391128
2533,OK,,190.0,219.2913638,12.7188991,137.222222,123.6,2434.312968,53.671507,0.583413251,0.907161314,0.005486636,0.007366203,83.6,1.6722,0.012852839,0.285675,0.323196,0.391128
2534,OK,,190.0,219.2913638,12.7188991,138.333333,123.6,2454.024002,54.1060941,0.443928818,1.06201721,0.0064059,0.005590684,83.6,1.6722,0.011996584,0.285675,0.323196,0.391128
2535,OK,,190.0,219.2913638,12.7188991,139.444444,123.6,2473.735036,54.5406812,0.323022328,1.25199522,0.007530426,0.004056112,83.6,1.6722,0.011586538,0.285675,0.323196,0.391128
2536,OK,,190.0,219.2913638,12.7188991,140.555556,123.6,2493.446088,54.9752683,0.220700429,1.49222815,0.008948418,0.002762117,83.6,1.6722,0.011710535,0.285675,0.323196,0.391128
2537,OK,,190.0,219.2913638,12.7188991,141.666667,123.6,2513.157123,55.4098554,0.145040634,1.77857474,0.010631712,0.001808299,83.6,1.6722,0.012440011,0.285675,0.323196,0.391128
2538,OK,,190.0,219.2913638,12.7188991,142.777778,123.6,2532.868157,55.8444425,0.094044041,2.11024294,0.012572238,0.001167485,83.6,1.6722,0.013739723,0.285675,0.323196,0.391128
2539,OK,,190.0,219.2913638,12.7188991,143.888889,123.6,2552.579191,56.2790296,0.061847618,2.48619258,0.014760394,0.000764233,83.6,1.6722,0.015524626,0.285675,0.323196,0.391128
2540,OK,,190.0,219.2913638,12.7188991,145.0,123.6,2572.290225,56.7136167,0.041478344,2.88369849,0.017059177,0.00051005,83.6,1.6722,0.017569227,0.285675,0.323196,0.391128
2541,OK,,190.0,224.4005069,13.0152294,135.0,123.6,2394.890899,52.8023328,0.955261808,0.656223748,0.003982388,0.012091816,83.6,1.6722,0.016074203,0.285675,0.323196,0.391128
2542,OK,,190.0,224.4005069,13.0152294,136.111111,123.6,2414.601934,53.2369199,0.786098446,0.754409745,0.004566991,0.009930968,83.6,1.6722,0.01449796,0.285675,0.323196,0.391128
2543,OK,,190.0,224.4005069,13.0152294,137.222222,123.6,2434.312968,53.671507,0.627831054,0.874079286,0.005277943,0.007914182,83.6,1.6722,0.013192125,0.285675,0.323196,0.391128
2544,OK,,190.0,224.4005069,13.0152294,138.333333,123.6,2454.024002,54.1060941,0.486023008,1.01815671,0.006131585,0.006111245,83.6,1.6722,0.012242829,0.285675,0.323196,0.391128
2545,OK,,190.0,224.4005069,13.0152294,139.444444,123.6,2473.735036,54.5406812,0.357911901,1.19890935,0.007199988,0.004487823,83.6,1.6722,0.011687812,0.285675,0.323196,0.391128
2546,OK,,190.0,224.4005069,13.0152294,140.555556,123.6,2493.446088,54.9752683,0.242736771,1.43941002,0.00861831,0.003033994,83.6,1.6722,0.011652303,0.285675,0.323196,0.391128
2547,OK,,190.0,224.4005069,13.0152294,141.666667,123.6,2513.157123,55.4098554,0.167537642,1.69032317,0.010089832,0.002086363,83.6,1.6722,0.012176196,0.285675,0.323196,0.391128
2548,OK,,190.0,224.4005069,13.0152294,142.777778,123.6,2532.868157,55.8444425,0.108057684,2.01349066,0.011979304,0.001340115,83.6,1.6722,0.013319418,0.285675,0.323196,0.391128
2549,OK,,190.0,224.4005069,13.0152294,143.888889,123.6,2552.579191,56.2790296,0.072261598,2.35491574,0.013963315,0.00089212,83.6,1.6722,0.014855435,0.285675,0.323196,0.391128
2550,OK,,190.0,224.4005069,13.0152294,145.0,123.6,2572.290225,56.7136167,0.047491235,2.76692351,0.016347171,0.000583506,83.6,1.6722,0.016930677,0.285675,0.323196,0.391128
2551,OK,,190.0,229.5096483,13.3115596,135.0,123.6,2394.890899,52.8023328,1.00994897,0.634897796,0.003846442,0.012760757,83.6,1.6722,0.0166072,0.285675,0.323196,0.391128
2552,OK,,190.0,229.5096483,13.3115596,136.111111,123.6,2414.601934,53.2369199,0.83867688,0.72762817,0.00439752,0.010576415,83.6,1.6722,0.014973935,0.285675,0.323196,0.391128
2553,OK,,190.0,229.5096483,13.3115596,137.222222,123.6,2434.312968,53.671507,0.674221148,0.842394966,0.005078309,0.008484893,83.6,1.6722,0.013563202,0.285675,0.323196,0.391128
2554,OK,,190.0,229.5096483,13.3115596,138.333333,123.6,2454.024002,54.1060941,0.527365948,0.979285422,0.005888061,0.006620787,83.6,1.6722,0.012508848,0.285675,0.323196,0.391128
2555,OK,,190.0,229.5096483,13.3115596,139.444444,123.6,2473.735036,54.5406812,0.394220086,1.14964684,0.0068934,0.004935923,83.6,1.6722,0.011829323,0.285675,0.323196,0.391128
2556,OK,,190.0,229.5096483,13.3115596,140.555556,123.6,2493.446088,54.9752683,0.283710937,1.35334254,0.008091008,0.003540823,83.6,1.6722,0.011631832,0.285675,0.323196,0.391128
2557,OK,,190.0,229.5096483,13.3115596,141.666667,123.6,2513.157123,55.4098554,0.191773251,1.60993616,0.009596133,0.002385315,83.6,1.6722,0.011981448,0.285675,0.323196,0.391128
2558,OK,,190.0,229.5096483,13.3115596,142.777778,123.6,2532.868157,55.8444425,0.124131102,1.92069041,0.011411309,0.001537857,83.6,1.6722,0.012949166,0.285675,0.323196,0.391128
2559,OK,,190.0,229.5096483,13.3115596,143.888889,123.6,2552.579191,56.2790296,0.081104217,2.26592468,0.013417005,0.001000372,83.6,1.6722,0.014417377,0.285675,0.323196,0.391128
2560,OK,,190.0,229.5096483,13.3115596,145.0,123.6,2572.290225,56.7136167,0.054348562,2.65196889,0.01564762,0.000667195,83.6,1.6722,0.016314814,0.285675,0.323196,0.391128
2561,OK,,190.0,234.6187914,13.6078899,135.0,123.6,2394.890899,52.8023328,1.06019631,0.616682971,0.003729772,0.013372254,83.6,1.6722,0.017102026,0.285675,0.323196,0.391128
2562,OK,,190.0,234.6187914,13.6078899,136.111111,123.6,2414.601934,53.2369199,0.890447794,0.703288547,0.004243321,0.011209534,83.6,1.6722,0.015452856,0.285675,0.323196,0.391128
2563,OK,,190.0,234.6187914,13.6078899,137.222222,123.6,2434.312968,53.671507,0.724252809,0.811004915,0.004881057,0.009098894,83.6,1.6722,0.013979951,0.285675,0.323196,0.391128
2564,OK,,190.0,234.6187914,13.6078899,138.333333,123.6,2454.024002,54.1060941,0.57371149,0.93965285,0.005640701,0.007190844,83.6,1.6722,0.012831545,0.285675,0.323196,0.391128
2565,OK,,190.0,234.6187914,13.6078899,139.444444,123.6,2473.735036,54.5406812,0.434629387,1.10052208,0.006588536,0.005433618,83.6,1.6722,0.012022154,0.285675,0.323196,0.391128
2566,OK,,190.0,234.6187914,13.6078899,140.555556,123.6,2493.446088,54.9752683,0.315162866,1.29687156,0.007741987,0.003928471,83.6,1.6722,0.011670459,0.285675,0.323196,0.391128
2567,OK,,190.0,234.6187914,13.6078899,141.666667,123.6,2513.157123,55.4098554,0.216926221,1.53835871,0.009156062,0.00269488,83.6,1.6722,0.011850942,0.285675,0.323196,0.391128
2568,OK,,190.0,234.6187914,13.6078899,142.777778,123.6,2532.868157,55.8444425,0.137156107,1.85645951,0.011013627,0.001697493,83.6,1.6722,0.01271112,0.285675,0.323196,0.391128
2569,OK,,190.0,234.6187914,13.6078899,143.888889,123.6,2552.579191,56.2790296,0.094690166,2.1530989,0.012732004,0.001166814,83.6,1.6722,0.013898818,0.285675,0.323196,0.391128
2570,OK,,190.0,234.6187914,13.6078899,145.0,123.6,2572.290225,56.7136167,0.061689303,2.54367387,0.014988838,0.00075666,83.6,1.6722,0.015745498,0.285675,0.323196,0.391128
2571,OK,,190.0,239.7279345,13.9042202,135.0,123.6,2394.890899,52.8023328,1.11590668,0.597683443,0.003608715,0.014049025,83.6,1.6722,0.01765774,0.285675,0.323196,0.391128
2572,OK,,190.0,239.7279345,13.9042202,136.111111,123.6,2414.601934,53.2369199,0.942459412,0.680603123,0.00409957,0.011843334,83.6,1.6722,0.015942904,0.285675,0.323196,0.391128
2573,OK,,190.0,239.7279345,13.9042202,137.222222,123.6,2434.312968,53.671507,0.774044895,0.782344754,0.00470081,0.009707757,83.6,1.6722,0.014408567,0.285675,0.323196,0.391128
2574,Errors,,190.0,239.7279345,13.9042202,138.333333,123.6,2454.024002,54.1060941,0.858694756,0.849945894,0.00501824,0.01071436,83.6,1.6722,0.0157326,0.285675,0.323196,0.391128
2575,OK,,190.0,239.7279345,13.9042202,139.444444,123.6,2473.735036,54.5406812,0.475160006,1.05635834,0.006314179,0.005931249,83.6,1.6722,0.012245428,0.285675,0.323196,0.391128
2576,OK,,190.0,239.7279345,13.9042202,140.555556,123.6,2493.446088,54.9752683,0.350117339,1.24115449,0.007398046,0.004358009,83.6,1.6722,0.011756055,0.285675,0.323196,0.391128
2577,OK,,190.0,239.7279345,13.9042202,141.666667,123.6,2513.157123,55.4098554,0.23807452,1.48568011,0.008829207,0.002954126,83.6,1.6722,0.011783332,0.285675,0.323196,0.391128
2578,OK,,190.0,239.7279345,13.9042202,142.777778,123.6,2532.868157,55.8444425,0.16486454,1.74025408,0.010310323,0.002037956,83.6,1.6722,0.01234828,0.285675,0.323196,0.391128
2579,OK,,190.0,239.7279345,13.9042202,143.888889,123.6,2552.579191,56.2790296,0.106244958,2.07150674,0.012232374,0.001307931,83.6,1.6722,0.013540306,0.285675,0.323196,0.391128
2580,OK,,190.0,239.7279345,13.9042202,145.0,123.6,2572.290225,56.7136167,0.069412478,2.4410241,0.014364754,0.000850643,83.6,1.6722,0.015215397,0.285675,0.323196,0.391128
2581,OK,,190.0,244.8370776,14.2005505,135.0,123.6,2394.890899,52.8023328,1.16290435,0.582764247,0.003512683,0.014615948,83.6,1.6722,0.018128631,0.285675,0.323196,0.391128
2582,OK,,190.0,244.8370776,14.2005505,136.111111,123.6,2414.601934,53.2369199,0.991974279,0.660519951,0.003971935,0.012444068,83.6,1.6722,0.016416002,0.285675,0.323196,0.391128
2583,OK,,190.0,244.8370776,14.2005505,137.222222,123.6,2434.312968,53.671507,0.854483982,0.739836689,0.004437213,0.010688085,83.6,1.6722,0.015125298,0.285675,0.323196,0.391128
2584,OK,,190.0,244.8370776,14.2005505,138.333333,123.6,2454.024002,54.1060941,0.663962938,0.872618721,0.005221363,0.008295057,83.6,1.6722,0.01351642,0.285675,0.323196,0.391128
2585,OK,,190.0,244.8370776,14.2005505,139.444444,123.6,2473.735036,54.5406812,0.517458564,1.01471373,0.006055654,0.006449179,83.6,1.6722,0.012504834,0.285675,0.323196,0.391128
2586,OK,,190.0,244.8370776,14.2005505,140.555556,123.6,2493.446088,54.9752683,0.387381782,1.18835113,0.007072408,0.004814837,83.6,1.6722,0.011887245,0.285675,0.323196,0.391128
2587,OK,,190.0,244.8370776,14.2005505,141.666667,123.6,2513.157123,55.4098554,0.276922545,1.40043254,0.008310519,0.003431227,83.6,1.6722,0.011741745,0.285675,0.323196,0.391128
2588,OK,,190.0,244.8370776,14.2005505,142.777778,123.6,2532.868157,55.8444425,0.186723228,1.66452534,0.009847454,0.002305492,83.6,1.6722,0.012152947,0.285675,0.323196,0.391128
2589,OK,,190.0,244.8370776,14.2005505,143.888889,123.6,2552.579191,56.2790296,0.124199847,1.97490787,0.011643237,0.001527131,83.6,1.6722,0.013170368,0.285675,0.323196,0.391128
2590,OK,,190.0,244.8370776,14.2005505,145.0,123.6,2572.290225,56.7136167,0.081050145,2.3297438,0.013688746,0.000992201,83.6,1.6722,0.014680947,0.285675,0.323196,0.391128
2591,OK,,190.0,249.946219,14.4968807,135.0,123.6,2394.890899,52.8023328,1.22685237,0.563386428,0.00339008,0.015389368,83.6,1.6722,0.018779448,0.285675,0.323196,0.391128
2592,OK,,190.0,249.946219,14.4968807,136.111111,123.6,2414.601934,53.2369199,1.04664333,0.639700182,0.003840286,0.013106275,83.6,1.6722,0.016946561,0.285675,0.323196,0.391128
2593,OK,,190.0,249.946219,14.4968807,137.222222,123.6,2434.312968,53.671507,0.874680107,0.730895566,0.004377181,0.010932211,83.6,1.6722,0.015309392,0.285675,0.323196,0.391128
2594,OK,,190.0,249.946219,14.4968807,138.333333,123.6,2454.024002,54.1060941,0.716908985,0.83803097,0.005006275,0.008940937,83.6,1.6722,0.013947212,0.285675,0.323196,0.391128
2595,OK,,190.0,249.946219,14.4968807,139.444444,123.6,2473.735036,54.5406812,0.562299079,0.974667614,0.005807443,0.006996893,83.6,1.6722,0.012804336,0.285675,0.323196,0.391128
2596,OK,,190.0,249.946219,14.4968807,140.555556,123.6,2493.446088,54.9752683,0.427064425,1.13809416,0.006762247,0.005298982,83.6,1.6722,0.012061229,0.285675,0.323196,0.391128
2597,OK,,190.0,249.946219,14.4968807,141.666667,123.6,2513.157123,55.4098554,0.309034775,1.34009669,0.007940563,0.003823988,83.6,1.6722,0.011764551,0.285675,0.323196,0.391128
2598,OK,,190.0,249.946219,14.4968807,142.777778,123.6,2532.868157,55.8444425,0.215023178,1.58880447,0.009383746,0.002651225,83.6,1.6722,0.012034971,0.285675,0.323196,0.391128
2599,OK,,190.0,249.946219,14.4968807,143.888889,123.6,2552.579191,56.2790296,0.143592914,1.87874447,0.01106112,0.001763691,83.6,1.6722,0.012824812,0.285675,0.323196,0.391128
2600,OK,,190.0,249.946219,14.4968807,145.0,123.6,2572.290225,56.7136167,0.092469975,2.23149384,0.013093832,0.001130948,83.6,1.6722,0.01422478,0.285675,0.323196,0.391128
2601,OK,,190.0,255.0553621,14.793211,135.0,123.6,2394.890899,52.8023328,1.27903745,0.548731308,0.003296288,0.016015525,83.6,1.6722,0.019311813,0.285675,0.323196,0.391128
2602,OK,,190.0,255.0553621,14.793211,136.111111,123.6,2414.601934,53.2369199,1.10093839,0.620412709,0.003718233,0.013761375,83.6,1.6722,0.017479608,0.285675,0.323196,0.391128
2603,OK,,190.0,255.0553621,14.793211,137.222222,123.6,2434.312968,53.671507,0.925489999,0.707697682,0.00423123,0.011547267,83.6,1.6722,0.015778497,0.285675,0.323196,0.391128
2604,OK,,190.0,255.0553621,14.793211,138.333333,123.6,2454.024002,54.1060941,0.763444134,0.810309818,0.004832784,0.009505644,83.6,1.6722,0.014338428,0.285675,0.323196,0.391128
2605,OK,,190.0,255.0553621,14.793211,139.444444,123.6,2473.735036,54.5406812,0.606674952,0.938663126,0.005583983,0.007537056,83.6,1.6722,0.013121039,0.285675,0.323196,0.391128
2606,OK,,190.0,255.0553621,14.793211,140.555556,123.6,2493.446088,54.9752683,0.480307902,1.08410977,0.006430583,0.005949934,83.6,1.6722,0.012380517,0.285675,0.323196,0.391128
2607,OK,,190.0,255.0553621,14.793211,141.666667,123.6,2513.157123,55.4098554,0.352443478,1.27538611,0.007544018,0.004353794,83.6,1.6722,0.011897812,0.285675,0.323196,0.391128
2608,OK,,190.0,255.0553621,14.793211,142.777778,123.6,2532.868157,55.8444425,0.243502573,1.51606616,0.008941125,0.00299858,83.6,1.6722,0.011939705,0.285675,0.323196,0.391128
2609,OK,,190.0,255.0553621,14.793211,143.888889,123.6,2552.579191,56.2790296,0.166033197,1.78570955,0.010497483,0.002036469,83.6,1.6722,0.012533952,0.285675,0.323196,0.391128
2610,OK,,190.0,255.0553621,14.793211,145.0,123.6,2572.290225,56.7136167,0.10703021,2.12427421,0.012448128,0.001307743,83.6,1.6722,0.013755871,0.285675,0.323196,0.391128
2611,OK,,190.0,260.1645052,15.0895413,135.0,123.6,2394.890899,52.8023328,1.33512137,0.533804235,0.003201156,0.016687072,83.6,1.6722,0.019888227,0.285675,0.323196,0.391128
2612,OK,,190.0,260.1645052,15.0895413,136.111111,123.6,2414.601934,53.2369199,1.15281479,0.603175221,0.003608849,0.014384505,83.6,1.6722,0.017993354,0.285675,0.323196,0.391128
2613,OK,,190.0,260.1645052,15.0895413,137.222222,123.6,2434.312968,53.671507,0.978504279,0.685135584,0.004089528,0.012187182,83.6,1.6722,0.01627671,0.285675,0.323196,0.391128
2614,OK,,190.0,260.1645052,15.0895413,138.333333,123.6,2454.024002,54.1060941,0.810058715,0.784579695,0.004671684,0.010069445,83.6,1.6722,0.014741129,0.285675,0.323196,0.391128
2615,OK,,190.0,260.1645052,15.0895413,139.444444,123.6,2473.735036,54.5406812,0.657092333,0.906282622,0.005381463,0.008148485,83.6,1.6722,0.013529948,0.285675,0.323196,0.391128
2616,OK,,190.0,260.1645052,15.0895413,140.555556,123.6,2493.446088,54.9752683,0.513544482,1.05093321,0.006223973,0.006352766,83.6,1.6722,0.012576739,0.285675,0.323196,0.391128
2617,OK,,190.0,260.1645052,15.0895413,141.666667,123.6,2513.157123,55.4098554,0.380696161,1.23450976,0.007290997,0.004696753,83.6,1.6722,0.011987751,0.285675,0.323196,0.391128
2618,OK,,190.0,260.1645052,15.0895413,142.777778,123.6,2532.868157,55.8444425,0.266550558,1.4644796,0.008623957,0.003278479,83.6,1.6722,0.011902436,0.285675,0.323196,0.391128
2619,OK,,190.0,260.1645052,15.0895413,143.888889,123.6,2552.579191,56.2790296,0.186217078,1.7142418,0.01006416,0.002282081,83.6,1.6722,0.012346241,0.285675,0.323196,0.391128
2620,OK,,190.0,260.1645052,15.0895413,145.0,123.6,2572.290225,56.7136167,0.122270265,2.0307718,0.011883974,0.00149245,83.6,1.6722,0.013376424,0.285675,0.323196,0.391128
2621,OK,,190.0,265.2736483,15.3858716,135.0,123.6,2394.890899,52.8023328,1.39393096,0.519347655,0.003109138,0.017389316,83.6,1.6722,0.020498454,0.285675,0.323196,0.391128
2622,OK,,190.0,265.2736483,15.3858716,136.111111,123.6,2414.601934,53.2369199,1.20850172,0.585725679,0.003498536,0.015051915,83.6,1.6722,0.018550451,0.285675,0.323196,0.391128
2623,OK,,190.0,265.2736483,15.3858716,137.222222,123.6,2434.312968,53.671507,1.02474253,0.666854866,0.003973812,0.012742002,83.6,1.6722,0.016715814,0.285675,0.323196,0.391128
2624,OK,,190.0,265.2736483,15.3858716,138.333333,123.6,2454.024002,54.1060941,0.862196775,0.762114719,0.004529454,0.010697494,83.6,1.6722,0.015226948,0.285675,0.323196,0.391128
2625,OK,,190.0,265.2736483,15.3858716,139.444444,123.6,2473.735036,54.5406812,0.702494258,0.87544997,0.005190021,0.00869747,83.6,1.6722,0.013887491,0.285675,0.323196,0.391128
2626,OK,,190.0,265.2736483,15.3858716,140.555556,123.6,2493.446088,54.9752683,0.561768744,1.00645044,0.005951231,0.006937982,83.6,1.6722,0.012889214,0.285675,0.323196,0.391128
2627,OK,,190.0,265.2736483,15.3858716,141.666667,123.6,2513.157123,55.4098554,0.418817981,1.18406729,0.006982381,0.005159557,83.6,1.6722,0.012141938,0.285675,0.323196,0.391128
2628,OK,,190.0,265.2736483,15.3858716,142.777778,123.6,2532.868157,55.8444425,0.305393557,1.38716676,0.008156786,0.003750862,83.6,1.6722,0.011907648,0.285675,0.323196,0.391128
2629,OK,,190.0,265.2736483,15.3858716,143.888889,123.6,2552.579191,56.2790296,0.209065882,1.64377729,0.009636566,0.002559104,83.6,1.6722,0.012195669,0.285675,0.323196,0.391128
2630,OK,,190.0,265.2736483,15.3858716,145.0,123.6,2572.290225,56.7136167,0.140526693,1.93625293,0.01131542,0.001713485,83.6,1.6722,0.013028906,0.285675,0.323196,0.391128
2631,OK,,190.0,270.3827897,15.6822018,135.0,123.6,2394.890899,52.8023328,1.45251927,0.505448212,0.003020757,0.018086223,83.6,1.6722,0.021106981,0.285675,0.323196,0.391128
2632,OK,,190.0,270.3827897,15.6822018,136.111111,123.6,2414.601934,53.2369199,1.26545074,0.56895082,0.0033926,0.015732263,83.6,1.6722,0.019124863,0.285675,0.323196,0.391128
2633,OK,,190.0,270.3827897,15.6822018,137.222222,123.6,2434.312968,53.671507,1.08511831,0.647991074,0.003854096,0.013465541,83.6,1.6722,0.017319637,0.285675,0.323196,0.391128
2634,OK,,190.0,270.3827897,15.6822018,138.333333,123.6,2454.024002,54.1060941,0.912214174,0.738205574,0.004380159,0.011298831,83.6,1.6722,0.015678989,0.285675,0.323196,0.391128
2635,OK,,190.0,270.3827897,15.6822018,139.444444,123.6,2473.735036,54.5406812,0.749589764,0.845908634,0.0050068,0.009265346,83.6,1.6722,0.014272146,0.285675,0.323196,0.391128
2636,OK,,190.0,270.3827897,15.6822018,140.555556,123.6,2493.446088,54.9752683,0.600511936,0.974142561,0.005751012,0.007405387,83.6,1.6722,0.013156399,0.285675,0.323196,0.391128
2637,OK,,190.0,270.3827897,15.6822018,141.666667,123.6,2513.157123,55.4098554,0.458908816,1.13641135,0.006691041,0.005645036,83.6,1.6722,0.012336077,0.285675,0.323196,0.391128
2638,OK,,190.0,270.3827897,15.6822018,142.777778,123.6,2532.868157,55.8444425,0.337748794,1.33126203,0.007816327,0.004142679,83.6,1.6722,0.011959006,0.285675,0.323196,0.391128
2639,OK,,190.0,270.3827897,15.6822018,143.888889,123.6,2552.579191,56.2790296,0.237731503,1.56683995,0.009172368,0.002906346,83.6,1.6722,0.012078714,0.285675,0.323196,0.391128
2640,OK,,190.0,270.3827897,15.6822018,145.0,123.6,2572.290225,56.7136167,0.160991104,1.84677436,0.010777675,0.001960871,83.6,1.6722,0.012738546,0.285675,0.323196,0.391128
2641,OK,,190.0,275.4919328,15.9785321,135.0,123.6,2394.890899,52.8023328,1.50562802,0.493584448,0.002944837,0.018714118,83.6,1.6722,0.021658955,0.285675,0.323196,0.391128
2642,OK,,190.0,275.4919328,15.9785321,136.111111,123.6,2414.601934,53.2369199,1.32413184,0.555948634,0.003308737,0.016428764,83.6,1.6722,0.019737502,0.285675,0.323196,0.391128
2643,OK,,190.0,275.4919328,15.9785321,137.222222,123.6,2434.312968,53.671507,1.13874136,0.629274118,0.003736531,0.014105934,83.6,1.6722,0.017842465,0.285675,0.323196,0.391128
2644,OK,,190.0,275.4919328,15.9785321,138.333333,123.6,2454.024002,54.1060941,0.964347206,0.714966752,0.004235292,0.011923832,83.6,1.6722,0.016159124,0.285675,0.323196,0.391128
2645,OK,,190.0,275.4919328,15.9785321,139.444444,123.6,2473.735036,54.5406812,0.802286112,0.815323969,0.004817961,0.009899539,83.6,1.6722,0.014717499,0.285675,0.323196,0.391128
2646,OK,,190.0,275.4919328,15.9785321,140.555556,123.6,2493.446088,54.9752683,0.642825062,0.941503334,0.005549497,0.007914921,83.6,1.6722,0.013464417,0.285675,0.323196,0.391128
2647,OK,,190.0,275.4919328,15.9785321,141.666667,123.6,2513.157123,55.4098554,0.50080343,1.09149515,0.006416631,0.006151014,83.6,1.6722,0.012567645,0.285675,0.323196,0.391128
2648,OK,,190.0,275.4919328,15.9785321,142.777778,123.6,2532.868157,55.8444425,0.375097703,1.27372131,0.007467257,0.004594232,83.6,1.6722,0.012061489,0.285675,0.323196,0.391128
2649,OK,,190.0,275.4919328,15.9785321,143.888889,123.6,2552.579191,56.2790296,0.266973576,1.49877784,0.008761169,0.003259691,83.6,1.6722,0.01202086,0.285675,0.323196,0.391128
2650,OK,,190.0,275.4919328,15.9785321,145.0,123.6,2572.290225,56.7136167,0.18305534,1.76454411,0.01028342,0.002227101,83.6,1.6722,0.012510522,0.285675,0.323196,0.391128
2651,OK,,190.0,280.6010759,16.2748624,135.0,123.6,2394.890899,52.8023328,1.56054014,0.484793058,0.002886834,0.019358723,83.6,1.6722,0.022245557,0.285675,0.323196,0.391128
2652,OK,,190.0,280.6010759,16.2748624,136.111111,123.6,2414.601934,53.2369199,1.37496598,0.54303525,0.003226427,0.017029734,83.6,1.6722,0.02025616,0.285675,0.323196,0.391128
2653,OK,,190.0,280.6010759,16.2748624,137.222222,123.6,2434.312968,53.671507,1.17825413,0.61649454,0.003654565,0.01457267,83.6,1.6722,0.018227235,0.285675,0.323196,0.391128
2654,OK,,190.0,280.6010759,16.2748624,138.333333,123.6,2454.024002,54.1060941,1.01112348,0.695526019,0.004112562,0.012475661,83.6,1.6722,0.016588223,0.285675,0.323196,0.391128
2655,OK,,190.0,280.6010759,16.2748624,139.444444,123.6,2473.735036,54.5406812,0.849759385,0.789992082,0.004660664,0.010467795,83.6,1.6722,0.015128459,0.285675,0.323196,0.391128
2656,OK,,190.0,280.6010759,16.2748624,140.555556,123.6,2493.446088,54.9752683,0.690786441,0.907371707,0.005339753,0.008491331,83.6,1.6722,0.013831084,0.285675,0.323196,0.391128
2657,OK,,190.0,280.6010759,16.2748624,141.666667,123.6,2513.157123,55.4098554,0.54609921,1.04757624,0.006148812,0.006696625,83.6,1.6722,0.012845437,0.285675,0.323196,0.391128
2658,OK,,190.0,280.6010759,16.2748624,142.777778,123.6,2532.868157,55.8444425,0.412953543,1.22179724,0.007151697,0.005050066,83.6,1.6722,0.012201763,0.285675,0.323196,0.391128
2659,OK,,190.0,280.6010759,16.2748624,143.888889,123.6,2552.579191,56.2790296,0.300789247,1.42970304,0.008345184,0.003667568,83.6,1.6722,0.012012752,0.285675,0.323196,0.391128
2660,OK,,190.0,280.6010759,16.2748624,145.0,123.6,2572.290225,56.7136167,0.206160148,1.69039614,0.009837268,0.002505256,83.6,1.6722,0.012342525,0.285675,0.323196,0.391128
2661,OK,,190.0,285.710219,16.5711927,135.0,123.6,2394.890899,52.8023328,1.61886466,0.472872613,0.002811065,0.020045224,83.6,1.6722,0.022856289,0.285675,0.323196,0.391128
2662,OK,,190.0,285.710219,16.5711927,136.111111,123.6,2414.601934,53.2369199,1.43573455,0.527893703,0.003130956,0.017747136,83.6,1.6722,0.020878092,0.285675,0.323196,0.391128
2663,OK,,190.0,285.710219,16.5711927,137.222222,123.6,2434.312968,53.671507,1.24893561,0.59421783,0.003516589,0.015415477,83.6,1.6722,0.018932067,0.285675,0.323196,0.391128
2664,OK,,190.0,285.710219,16.5711927,138.333333,123.6,2454.024002,54.1060941,1.06511546,0.67442031,0.003981957,0.013124914,83.6,1.6722,0.017106871,0.285675,0.323196,0.391128
2665,OK,,190.0,285.710219,16.5711927,139.444444,123.6,2473.735036,54.5406812,0.898098172,0.765908923,0.004511274,0.011045174,83.6,1.6722,0.015556448,0.285675,0.323196,0.391128
2666,OK,,190.0,285.710219,16.5711927,140.555556,123.6,2493.446088,54.9752683,0.728961214,0.882434583,0.005184755,0.0089475,83.6,1.6722,0.014132255,0.285675,0.323196,0.391128
2667,OK,,190.0,285.710219,16.5711927,141.666667,123.6,2513.157123,55.4098554,0.587115979,1.01146703,0.00592762,0.007188871,83.6,1.6722,0.013116491,0.285675,0.323196,0.391128
2668,OK,,190.0,285.710219,16.5711927,142.777778,123.6,2532.868157,55.8444425,0.449427997,1.1767936,0.00687803,0.005488915,83.6,1.6722,0.012366944,0.285675,0.323196,0.391128
2669,OK,,190.0,285.710219,16.5711927,143.888889,123.6,2552.579191,56.2790296,0.333009469,1.37179286,0.007995404,0.004055137,83.6,1.6722,0.012050541,0.285675,0.323196,0.391128
2670,OK,,190.0,285.710219,16.5711927,145.0,123.6,2572.290225,56.7136167,0.235625268,1.60845505,0.009347345,0.002859806,83.6,1.6722,0.012207151,0.285675,0.323196,0.391128
2671,OK,,190.0,290.8193603,16.8675229,135.0,123.6,2394.890899,52.8023328,1.67519615,0.461969367,0.002741562,0.020704688,83.6,1.6722,0.02344625,0.285675,0.323196,0.391128
2672,OK,,190.0,290.8193603,16.8675229,136.111111,123.6,2414.601934,53.2369199,1.48921604,0.515321456,0.003051438,0.018377441,83.6,1.6722,0.021428878,0.285675,0.323196,0.391128
2673,OK,,190.0,290.8193603,16.8675229,137.222222,123.6,2434.312968,53.671507,1.30530768,0.577842322,0.003413946,0.016081982,83.6,1.6722,0.019495928,0.285675,0.323196,0.391128
2674,OK,,190.0,290.8193603,16.8675229,138.333333,123.6,2454.024002,54.1060941,1.12370513,0.652926717,0.003848657,0.013821348,83.6,1.6722,0.017670004,0.285675,0.323196,0.391128
2675,OK,,190.0,290.8193603,16.8675229,139.444444,123.6,2473.735036,54.5406812,0.944038131,0.744587178,0.004378549,0.011591295,83.6,1.6722,0.015969844,0.285675,0.323196,0.391128
2676,OK,,190.0,290.8193603,16.8675229,140.555556,123.6,2493.446088,54.9752683,0.784868676,0.848137798,0.004975245,0.009616646,83.6,1.6722,0.014591892,0.285675,0.323196,0.391128
2677,OK,,190.0,290.8193603,16.8675229,141.666667,123.6,2513.157123,55.4098554,0.628436844,0.978050272,0.005722763,0.0076831,83.6,1.6722,0.013405863,0.285675,0.323196,0.391128
2678,OK,,190.0,290.8193603,16.8675229,142.777778,123.6,2532.868157,55.8444425,0.490837763,1.13036862,0.006596567,0.005985646,83.6,1.6722,0.012582213,0.285675,0.323196,0.391128
2679,OK,,190.0,290.8193603,16.8675229,143.888889,123.6,2552.579191,56.2790296,0.367102416,1.31713245,0.007665392,0.004464196,83.6,1.6722,0.012129589,0.285675,0.323196,0.391128
2680,OK,,190.0,290.8193603,16.8675229,145.0,123.6,2572.290225,56.7136167,0.262256668,1.54433091,0.008961714,0.003179136,83.6,1.6722,0.01214085,0.285675,0.323196,0.391128
2681,Errors,,190.0,295.9285034,17.1638532,135.0,123.6,2394.890899,52.8023328,1.55361103,0.482967409,0.002857572,0.019239034,83.6,1.6722,0.022096606,0.285675,0.323196,0.391128
2682,OK,,190.0,295.9285034,17.1638532,136.111111,123.6,2414.601934,53.2369199,1.54339246,0.503240052,0.002974873,0.019012084,83.6,1.6722,0.021986958,0.285675,0.323196,0.391128
2683,OK,,190.0,295.9285034,17.1638532,137.222222,123.6,2434.312968,53.671507,1.36134003,0.562492633,0.003317697,0.016742083,83.6,1.6722,0.02005978,0.285675,0.323196,0.391128
2684,OK,,190.0,295.9285034,17.1638532,138.333333,123.6,2454.024002,54.1060941,1.17713982,0.634660348,0.003734802,0.014453241,83.6,1.6722,0.018188043,0.285675,0.323196,0.391128
2685,OK,,190.0,295.9285034,17.1638532,139.444444,123.6,2473.735036,54.5406812,1.00859025,0.716305559,0.00420532,0.012359817,83.6,1.6722,0.016565137,0.285675,0.323196,0.391128
2686,OK,,190.0,295.9285034,17.1638532,140.555556,123.6,2493.446088,54.9752683,0.831820746,0.821791845,0.004812963,0.010175406,83.6,1.6722,0.014988368,0.285675,0.323196,0.391128
2687,OK,,190.0,295.9285034,17.1638532,141.666667,123.6,2513.157123,55.4098554,0.678813583,0.940414018,0.005493882,0.008285213,83.6,1.6722,0.013779096,0.285675,0.323196,0.391128
2688,OK,,190.0,295.9285034,17.1638532,142.777778,123.6,2532.868157,55.8444425,0.537296013,1.08316719,0.006311432,0.006541856,83.6,1.6722,0.012853288,0.285675,0.323196,0.391128
2689,OK,,190.0,295.9285034,17.1638532,143.888889,123.6,2552.579191,56.2790296,0.40386612,1.26428039,0.007346821,0.004904383,83.6,1.6722,0.012251204,0.285675,0.323196,0.391128
2690,OK,,190.0,295.9285034,17.1638532,145.0,123.6,2572.290225,56.7136167,0.294362001,1.47604851,0.008552821,0.003563344,83.6,1.6722,0.012116165,0.285675,0.323196,0.391128
2691,OK,,190.0,301.0376466,17.4601835,135.0,123.6,2394.890899,52.8023328,1.78802312,0.441623019,0.002611894,0.022018571,83.6,1.6722,0.024630465,0.285675,0.323196,0.391128
2692,OK,,190.0,301.0376466,17.4601835,136.111111,123.6,2414.601934,53.2369199,1.60499606,0.490103527,0.002892297,0.019733285,83.6,1.6722,0.022625582,0.285675,0.323196,0.391128
2693,OK,,190.0,301.0376466,17.4601835,137.222222,123.6,2434.312968,53.671507,1.42285269,0.546534376,0.003218164,0.017465372,83.6,1.6722,0.020683536,0.285675,0.323196,0.391128
2694,OK,,190.0,301.0376466,17.4601835,138.333333,123.6,2454.024002,54.1060941,1.23498955,0.616003438,0.003618989,0.01513566,83.6,1.6722,0.018754649,0.285675,0.323196,0.391128
2695,OK,,190.0,301.0376466,17.4601835,139.444444,123.6,2473.735036,54.5406812,1.05484106,0.697781572,0.004089901,0.012905922,83.6,1.6722,0.016995823,0.285675,0.323196,0.391128
2696,OK,,190.0,301.0376466,17.4601835,140.555556,123.6,2493.446088,54.9752683,0.886692519,0.793071089,0.004637267,0.010827645,83.6,1.6722,0.015464911,0.285675,0.323196,0.391128
2697,OK,,190.0,301.0376466,17.4601835,141.666667,123.6,2513.157123,55.4098554,0.725674607,0.908424346,0.005298602,0.008842857,83.6,1.6722,0.01414146,0.285675,0.323196,0.391128
2698,OK,,190.0,301.0376466,17.4601835,142.777778,123.6,2532.868157,55.8444425,0.575047293,1.04850331,0.006100008,0.006991411,83.6,1.6722,0.013091419,0.285675,0.323196,0.391128
2699,OK,,190.0,301.0376466,17.4601835,143.888889,123.6,2552.579191,56.2790296,0.443221123,1.21345016,0.007040855,0.005374508,83.6,1.6722,0.012415363,0.285675,0.323196,0.391128
2700,OK,,190.0,301.0376466,17.4601835,145.0,123.6,2572.290225,56.7136167,0.327584402,1.41389504,0.008181053,0.003960623,83.6,1.6722,0.012141676,0.285675,0.323196,0.391128
2701,OK,,190.0,306.1467897,17.7565138,135.0,123.6,2394.890899,52.8023328,1.8511144,0.430959715,0.002544453,0.022751286,83.6,1.6722,0.02529574,0.285675,0.323196,0.391128
2702,OK,,190.0,306.1467897,17.7565138,136.111111,123.6,2414.601934,53.2369199,1.65376447,0.48036032,0.002830036,0.020298487,83.6,1.6722,0.023128523,0.285675,0.323196,0.391128
2703,OK,,190.0,306.1467897,17.7565138,137.222222,123.6,2434.312968,53.671507,1.46892451,0.535423945,0.003147483,0.018001397,83.6,1.6722,0.02114888,0.285675,0.323196,0.391128
2704,OK,,190.0,306.1467897,17.7565138,138.333333,123.6,2454.024002,54.1060941,1.28813102,0.599975049,0.003518987,0.015759567,83.6,1.6722,0.019278554,0.285675,0.323196,0.391128
2705,OK,,190.0,306.1467897,17.7565138,139.444444,123.6,2473.735036,54.5406812,1.10567132,0.678493948,0.003970341,0.013504815,83.6,1.6722,0.017475156,0.285675,0.323196,0.391128
2706,OK,,190.0,306.1467897,17.7565138,140.555556,123.6,2493.446088,54.9752683,0.936316357,0.769088276,0.004489771,0.011414518,83.6,1.6722,0.01590429,0.285675,0.323196,0.391128
2707,OK,,190.0,306.1467897,17.7565138,141.666667,123.6,2513.157123,55.4098554,0.775358133,0.877014667,0.005107294,0.009432735,83.6,1.6722,0.014540029,0.285675,0.323196,0.391128
2708,OK,,190.0,306.1467897,17.7565138,142.777778,123.6,2532.868157,55.8444425,0.622208771,1.00848745,0.005858114,0.007552721,83.6,1.6722,0.013410835,0.285675,0.323196,0.391128
2709,OK,,190.0,306.1467897,17.7565138,143.888889,123.6,2552.579191,56.2790296,0.483129998,1.16699509,0.006761056,0.00584987,83.6,1.6722,0.012610925,0.285675,0.323196,0.391128
2710,OK,,190.0,306.1467897,17.7565138,145.0,123.6,2572.290225,56.7136167,0.361016392,1.358285,0.007847699,0.004358976,83.6,1.6722,0.012206676,0.285675,0.323196,0.391128
2711,OK,,190.0,311.255931,18.052844,135.0,123.6,2394.890899,52.8023328,1.90876094,0.421518183,0.002484452,0.023416256,83.6,1.6722,0.025900708,0.285675,0.323196,0.391128
2712,OK,,190.0,311.255931,18.052844,136.111111,123.6,2414.601934,53.2369199,1.71665404,0.468177359,0.002753554,0.021029592,83.6,1.6722,0.023783146,0.285675,0.323196,0.391128
2713,OK,,190.0,311.255931,18.052844,137.222222,123.6,2434.312968,53.671507,1.52664105,0.521948199,0.0030631,0.018674237,83.6,1.6722,0.021737337,0.285675,0.323196,0.391128
2714,OK,,190.0,311.255931,18.052844,138.333333,123.6,2454.024002,54.1060941,1.3420043,0.58460158,0.003423116,0.016389619,83.6,1.6722,0.019812734,0.285675,0.323196,0.391128
2715,OK,,190.0,311.255931,18.052844,139.444444,123.6,2473.735036,54.5406812,1.16232593,0.658219469,0.003845353,0.014171165,83.6,1.6722,0.018016518,0.285675,0.323196,0.391128
2716,OK,,190.0,311.255931,18.052844,140.555556,123.6,2493.446088,54.9752683,0.986060942,0.746633182,0.004351616,0.012000729,83.6,1.6722,0.016352345,0.285675,0.323196,0.391128
2717,OK,,190.0,311.255931,18.052844,141.666667,123.6,2513.157123,55.4098554,0.822969327,0.849188942,0.004937384,0.009995621,83.6,1.6722,0.014933004,0.285675,0.323196,0.391128
2718,OK,,190.0,311.255931,18.052844,142.777778,123.6,2532.868157,55.8444425,0.666854064,0.973914484,0.005648452,0.008081948,83.6,1.6722,0.0137304,0.285675,0.323196,0.391128
2719,OK,,190.0,311.255931,18.052844,143.888889,123.6,2552.579191,56.2790296,0.523415615,1.12445166,0.006504629,0.006328261,83.6,1.6722,0.012832891,0.285675,0.323196,0.391128
2720,OK,,190.0,311.255931,18.052844,145.0,123.6,2572.290225,56.7136167,0.393879493,1.30930045,0.007551759,0.004747386,83.6,1.6722,0.012299145,0.285675,0.323196,0.391128
2721,OK,,190.0,316.3650741,18.3491743,135.0,123.6,2394.890899,52.8023328,1.97496303,0.411310925,0.002420127,0.024180522,83.6,1.6722,0.026600649,0.285675,0.323196,0.391128
2722,OK,,190.0,316.3650741,18.3491743,136.111111,123.6,2414.601934,53.2369199,1.77831685,0.456835914,0.002682293,0.021743743,83.6,1.6722,0.024426036,0.285675,0.323196,0.391128
2723,OK,,190.0,316.3650741,18.3491743,137.222222,123.6,2434.312968,53.671507,1.58284845,0.509497817,0.00298503,0.019327039,83.6,1.6722,0.022312069,0.285675,0.323196,0.391128
2724,OK,,190.0,316.3650741,18.3491743,138.333333,123.6,2454.024002,54.1060941,1.40039405,0.568794452,0.003325025,0.01707156,83.6,1.6722,0.020396585,0.285675,0.323196,0.391128
2725,OK,,190.0,316.3650741,18.3491743,139.444444,123.6,2473.735036,54.5406812,1.21560052,0.640356957,0.003734873,0.014795078,83.6,1.6722,0.018529951,0.285675,0.323196,0.391128
2726,OK,,190.0,316.3650741,18.3491743,140.555556,123.6,2493.446088,54.9752683,1.03812489,0.724567916,0.004216184,0.012612913,83.6,1.6722,0.016829097,0.285675,0.323196,0.391128
2727,OK,,190.0,316.3650741,18.3491743,141.666667,123.6,2513.157123,55.4098554,0.871521472,0.822766727,0.004776169,0.010568115,83.6,1.6722,0.015344283,0.285675,0.323196,0.391128
2728,OK,,190.0,316.3650741,18.3491743,142.777778,123.6,2532.868157,55.8444425,0.714463178,0.939893268,0.005442643,0.008645126,83.6,1.6722,0.014087769,0.285675,0.323196,0.391128
2729,OK,,190.0,316.3650741,18.3491743,143.888889,123.6,2552.579191,56.2790296,0.565271176,1.08407206,0.006261477,0.006824135,83.6,1.6722,0.013085612,0.285675,0.323196,0.391128
2730,OK,,190.0,316.3650741,18.3491743,145.0,123.6,2572.290225,56.7136167,0.43489034,1.25375281,0.00722224,0.005236252,83.6,1.6722,0.012458492,0.285675,0.323196,0.391128
2731,OK,,190.0,321.4742172,18.6455046,135.0,123.6,2394.890899,52.8023328,2.02638158,0.403867904,0.002372313,0.024767147,83.6,1.6722,0.02713946,0.285675,0.323196,0.391128
2732,OK,,190.0,321.4742172,18.6455046,136.111111,123.6,2414.601934,53.2369199,1.83336598,0.447256585,0.002621621,0.022376846,83.6,1.6722,0.024998467,0.285675,0.323196,0.391128
2733,OK,,190.0,321.4742172,18.6455046,137.222222,123.6,2434.312968,53.671507,1.63292059,0.499008125,0.002918704,0.019904656,83.6,1.6722,0.02282336,0.285675,0.323196,0.391128
2734,OK,,190.0,321.4742172,18.6455046,138.333333,123.6,2454.024002,54.1060941,1.46044609,0.553450034,0.003229986,0.017771125,83.6,1.6722,0.02100111,0.285675,0.323196,0.391128
2735,OK,,190.0,321.4742172,18.6455046,139.444444,123.6,2473.735036,54.5406812,1.2692209,0.623403111,0.003630024,0.015420868,83.6,1.6722,0.019050892,0.285675,0.323196,0.391128
2736,OK,,190.0,321.4742172,18.6455046,140.555556,123.6,2493.446088,54.9752683,1.09223077,0.702968855,0.004083888,0.013247316,83.6,1.6722,0.017331204,0.285675,0.323196,0.391128
2737,OK,,190.0,321.4742172,18.6455046,141.666667,123.6,2513.157123,55.4098554,0.919233759,0.798573715,0.004628353,0.011128662,83.6,1.6722,0.015757015,0.285675,0.323196,0.391128
2738,OK,,190.0,321.4742172,18.6455046,142.777778,123.6,2532.868157,55.8444425,0.759972522,0.909928101,0.005260876,0.009181378,83.6,1.6722,0.014442255,0.285675,0.323196,0.391128
2739,OK,,190.0,321.4742172,18.6455046,143.888889,123.6,2552.579191,56.2790296,0.611015291,1.04368095,0.006018947,0.007364905,83.6,1.6722,0.013383853,0.285675,0.323196,0.391128
2740,OK,,190.0,321.4742172,18.6455046,145.0,123.6,2572.290225,56.7136167,0.475522227,1.20452983,0.006928321,0.005717145,83.6,1.6722,0.012645466,0.285675,0.323196,0.391128
2741,OK,,190.0,326.5833603,18.9418349,135.0,123.6,2394.890899,52.8023328,2.08588049,0.395501423,0.002319202,0.02544673,83.6,1.6722,0.027765931,0.285675,0.323196,0.391128
2742,OK,,190.0,326.5833603,18.9418349,136.111111,123.6,2414.601934,53.2369199,1.88351188,0.438950576,0.002568614,0.022949686,83.6,1.6722,0.0255183,0.285675,0.323196,0.391128
2743,OK,,190.0,326.5833603,18.9418349,137.222222,123.6,2434.312968,53.671507,1.69857481,0.485690724,0.002836006,0.020664449,83.6,1.6722,0.023500454,0.285675,0.323196,0.391128
2744,OK,,190.0,326.5833603,18.9418349,138.333333,123.6,2454.024002,54.1060941,1.50629493,0.542446537,0.003160501,0.018298849,83.6,1.6722,0.02145935,0.285675,0.323196,0.391128
2745,OK,,190.0,326.5833603,18.9418349,139.444444,123.6,2473.735036,54.5406812,1.3203207,0.608170503,0.003535515,0.016014466,83.6,1.6722,0.01954998,0.285675,0.323196,0.391128
2746,OK,,190.0,326.5833603,18.9418349,140.555556,123.6,2493.446088,54.9752683,1.14627464,0.682749453,0.003959996,0.013878687,83.6,1.6722,0.017838683,0.285675,0.323196,0.391128
2747,OK,,190.0,326.5833603,18.9418349,141.666667,123.6,2513.157123,55.4098554,0.973769477,0.772641855,0.004470897,0.011768496,83.6,1.6722,0.016239392,0.285675,0.323196,0.391128
2748,OK,,190.0,326.5833603,18.9418349,142.777778,123.6,2532.868157,55.8444425,0.805624851,0.882014088,0.005091474,0.009717574,83.6,1.6722,0.014809048,0.285675,0.323196,0.391128
2749,OK,,190.0,326.5833603,18.9418349,143.888889,123.6,2552.579191,56.2790296,0.654550509,1.00853914,0.005807311,0.007877607,83.6,1.6722,0.013684918,0.285675,0.323196,0.391128
2750,OK,,190.0,326.5833603,18.9418349,145.0,123.6,2572.290225,56.7136167,0.515752706,1.1604299,0.006664599,0.006191791,83.6,1.6722,0.01285639,0.285675,0.323196,0.391128
2751,OK,,190.0,331.6925017,19.2381651,135.0,123.6,2394.890899,52.8023328,2.14392018,0.387684574,0.002269491,0.026106653,83.6,1.6722,0.028376145,0.285675,0.323196,0.391128
2752,OK,,190.0,331.6925017,19.2381651,136.111111,123.6,2414.601934,53.2369199,1.95078446,0.427876119,0.002499535,0.023722128,83.6,1.6722,0.026221662,0.285675,0.323196,0.391128
2753,OK,,190.0,331.6925017,19.2381651,137.222222,123.6,2434.312968,53.671507,1.76048671,0.47382911,0.002762082,0.021377159,83.6,1.6722,0.024139241,0.285675,0.323196,0.391128
2754,OK,,190.0,331.6925017,19.2381651,138.333333,123.6,2454.024002,54.1060941,1.56702786,0.528348099,0.003073221,0.019001179,83.6,1.6722,0.0220744,0.285675,0.323196,0.391128
2755,OK,,190.0,331.6925017,19.2381651,139.444444,123.6,2473.735036,54.5406812,1.37811488,0.591734301,0.003434298,0.016685287,83.6,1.6722,0.020119585,0.285675,0.323196,0.391128
2756,OK,,190.0,331.6925017,19.2381651,140.555556,123.6,2493.446088,54.9752683,1.19615746,0.665251147,0.003852262,0.014458544,83.6,1.6722,0.018310806,0.285675,0.323196,0.391128
2757,OK,,190.0,331.6925017,19.2381651,141.666667,123.6,2513.157123,55.4098554,1.02566102,0.749692324,0.004331157,0.012374725,83.6,1.6722,0.016705883,0.285675,0.323196,0.391128
2758,OK,,190.0,331.6925017,19.2381651,142.777778,123.6,2532.868157,55.8444425,0.857503051,0.852410988,0.004912835,0.010326028,83.6,1.6722,0.015238862,0.285675,0.323196,0.391128
2759,OK,,190.0,331.6925017,19.2381651,143.888889,123.6,2552.579191,56.2790296,0.700641739,0.974197005,0.005600886,0.008419104,83.6,1.6722,0.01401999,0.285675,0.323196,0.391128
2760,OK,,190.0,331.6925017,19.2381651,145.0,123.6,2572.290225,56.7136167,0.546807896,1.12942296,0.006476631,0.006555957,83.6,1.6722,0.013032588,0.285675,0.323196,0.391128
2761,OK,,190.0,336.8016448,19.5344954,135.0,123.6,2394.890899,52.8023328,2.20330591,0.379995269,0.00222068,0.026779729,83.6,1.6722,0.029000409,0.285675,0.323196,0.391128
2762,OK,,190.0,336.8016448,19.5344954,136.111111,123.6,2414.601934,53.2369199,2.00612693,0.419453246,0.002446193,0.024351391,83.6,1.6722,0.026797584,0.285675,0.323196,0.391128
2763,OK,,190.0,336.8016448,19.5344954,137.222222,123.6,2434.312968,53.671507,1.81211871,0.46451145,0.002703242,0.021966181,83.6,1.6722,0.024669423,0.285675,0.323196,0.391128
2764,OK,,190.0,336.8016448,19.5344954,138.333333,123.6,2454.024002,54.1060941,1.62305302,0.516072461,0.002996821,0.019645301,83.6,1.6722,0.022642122,0.285675,0.323196,0.391128
2765,OK,,190.0,336.8016448,19.5344954,139.444444,123.6,2473.735036,54.5406812,1.43662954,0.575969293,0.003337296,0.017362115,83.6,1.6722,0.020699411,0.285675,0.323196,0.391128
2766,OK,,190.0,336.8016448,19.5344954,140.555556,123.6,2493.446088,54.9752683,1.25348565,0.646158588,0.003735611,0.015124382,83.6,1.6722,0.018859992,0.285675,0.323196,0.391128
2767,OK,,190.0,336.8016448,19.5344954,141.666667,123.6,2513.157123,55.4098554,1.0776859,0.72814476,0.004199921,0.012980388,83.6,1.6722,0.017180309,0.285675,0.323196,0.391128
2768,OK,,190.0,336.8016448,19.5344954,142.777778,123.6,2532.868157,55.8444425,0.909144104,0.825101577,0.004747914,0.010929543,83.6,1.6722,0.015677457,0.285675,0.323196,0.391128
2769,OK,,190.0,336.8016448,19.5344954,143.888889,123.6,2552.579191,56.2790296,0.747557096,0.941930448,0.005406961,0.008968595,83.6,1.6722,0.014375557,0.285675,0.323196,0.391128
2770,OK,,190.0,336.8016448,19.5344954,145.0,123.6,2572.290225,56.7136167,0.599442317,1.08031604,0.006185652,0.007175114,83.6,1.6722,0.013360766,0.285675,0.323196,0.391128
2771,OK,,190.0,341.9107879,19.8308257,135.0,123.6,2394.890899,52.8023328,2.26305133,0.372554725,0.002173493,0.027454859,83.6,1.6722,0.029628352,0.285675,0.323196,0.391128
2772,OK,,190.0,341.9107879,19.8308257,136.111111,123.6,2414.601934,53.2369199,2.05907571,0.411726585,0.002397103,0.024950718,83.6,1.6722,0.027347821,0.285675,0.323196,0.391128
2773,OK,,190.0,341.9107879,19.8308257,137.222222,123.6,2434.312968,53.671507,1.87105422,0.454216862,0.002638901,0.022639109,83.6,1.6722,0.02527801,0.285675,0.323196,0.391128
2774,OK,,190.0,341.9107879,19.8308257,138.333333,123.6,2454.024002,54.1060941,1.68022819,0.50411852,0.002922543,0.020300896,83.6,1.6722,0.023223439,0.285675,0.323196,0.391128
2775,OK,,190.0,341.9107879,19.8308257,139.444444,123.6,2473.735036,54.5406812,1.48888821,0.562680235,0.003254968,0.017963076,83.6,1.6722,0.021218044,0.285675,0.323196,0.391128
2776,OK,,190.0,341.9107879,19.8308257,140.555556,123.6,2493.446088,54.9752683,1.307218,0.629346863,0.003632521,0.01574564,83.6,1.6722,0.01937816,0.285675,0.323196,0.391128
2777,OK,,190.0,341.9107879,19.8308257,141.666667,123.6,2513.157123,55.4098554,1.13212205,0.706940091,0.004071075,0.013612632,83.6,1.6722,0.017683707,0.285675,0.323196,0.391128
2778,OK,,190.0,341.9107879,19.8308257,142.777778,123.6,2532.868157,55.8444425,0.961695018,0.799216572,0.004591694,0.011541922,83.6,1.6722,0.016133616,0.285675,0.323196,0.391128
2779,OK,,190.0,341.9107879,19.8308257,143.888889,123.6,2552.579191,56.2790296,0.797406177,0.910158732,0.005216465,0.00955115,83.6,1.6722,0.014767615,0.285675,0.323196,0.391128
2780,OK,,190.0,341.9107879,19.8308257,145.0,123.6,2572.290225,56.7136167,0.646147492,1.0409952,0.005951436,0.007722137,83.6,1.6722,0.013673572,0.285675,0.323196,0.391128
2781,OK,,190.0,347.019931,20.127156,135.0,123.6,2394.890899,52.8023328,2.32349071,0.365321471,0.002127658,0.028135264,83.6,1.6722,0.030262922,0.285675,0.323196,0.391128
2782,OK,,190.0,347.019931,20.127156,136.111111,123.6,2414.601934,53.2369199,2.12180646,0.402833865,0.002341345,0.025661849,83.6,1.6722,0.028003194,0.285675,0.323196,0.391128
2783,OK,,190.0,347.019931,20.127156,137.222222,123.6,2434.312968,53.671507,1.93218797,0.444003535,0.002575221,0.023335028,83.6,1.6722,0.025910249,0.285675,0.323196,0.391128
2784,OK,,190.0,347.019931,20.127156,138.333333,123.6,2454.024002,54.1060941,1.73536304,0.493116344,0.002854019,0.020930047,83.6,1.6722,0.023784066,0.285675,0.323196,0.391128
2785,OK,,190.0,347.019931,20.127156,139.444444,123.6,2473.735036,54.5406812,1.54761795,0.548397698,0.003167123,0.018637762,83.6,1.6722,0.021804886,0.285675,0.323196,0.391128
2786,OK,,190.0,347.019931,20.127156,140.555556,123.6,2493.446088,54.9752683,1.36432961,0.612419416,0.003529059,0.016404319,83.6,1.6722,0.019933379,0.285675,0.323196,0.391128
2787,OK,,190.0,347.019931,20.127156,141.666667,123.6,2513.157123,55.4098554,1.18499247,0.687627431,0.003953493,0.014224106,83.6,1.6722,0.018177599,0.285675,0.323196,0.391128
2788,OK,,190.0,347.019931,20.127156,142.777778,123.6,2532.868157,55.8444425,1.01003728,0.777050743,0.00445727,0.012102489,83.6,1.6722,0.016559759,0.285675,0.323196,0.391128
2789,OK,,190.0,347.019931,20.127156,143.888889,123.6,2552.579191,56.2790296,0.845683696,0.881694925,0.005045436,0.010113147,83.6,1.6722,0.015158582,0.285675,0.323196,0.391128
2790,OK,,190.0,347.019931,20.127156,145.0,123.6,2572.290225,56.7136167,0.687493198,1.00910663,0.005760272,0.008204076,83.6,1.6722,0.013964348,0.285675,0.323196,0.391128
2791,OK,,190.0,352.1290724,20.4234862,135.0,123.6,2394.890899,52.8023328,2.38238214,0.358558131,0.002084712,0.028795057,83.6,1.6722,0.030879769,0.285675,0.323196,0.391128
2792,OK,,190.0,352.1290724,20.4234862,136.111111,123.6,2414.601934,53.2369199,2.19169133,0.393306025,0.002282053,0.026453389,83.6,1.6722,0.028735443,0.285675,0.323196,0.391128
2793,OK,,190.0,352.1290724,20.4234862,137.222222,123.6,2434.312968,53.671507,1.98833553,0.435138264,0.002519573,0.023970126,83.6,1.6722,0.026489699,0.285675,0.323196,0.391128
2794,OK,,190.0,352.1290724,20.4234862,138.333333,123.6,2454.024002,54.1060941,1.79664902,0.481332606,0.002781179,0.021628809,83.6,1.6722,0.024409987,0.285675,0.323196,0.391128
2795,OK,,190.0,352.1290724,20.4234862,139.444444,123.6,2473.735036,54.5406812,1.60525736,0.535110422,0.003085298,0.019297161,83.6,1.6722,0.022382459,0.285675,0.323196,0.391128
2796,OK,,190.0,352.1290724,20.4234862,140.555556,123.6,2493.446088,54.9752683,1.4175032,0.597595116,0.003438033,0.017014405,83.6,1.6722,0.020452438,0.285675,0.323196,0.391128
2797,OK,,190.0,352.1290724,20.4234862,141.666667,123.6,2513.157123,55.4098554,1.23790297,0.669410387,0.003842558,0.014833906,83.6,1.6722,0.018676464,0.285675,0.323196,0.391128
2798,OK,,190.0,352.1290724,20.4234862,142.777778,123.6,2532.868157,55.8444425,1.06495697,0.753313103,0.004314228,0.012738534,83.6,1.6722,0.017052762,0.285675,0.323196,0.391128
2799,OK,,190.0,352.1290724,20.4234862,143.888889,123.6,2552.579191,56.2790296,0.896409244,0.853828916,0.004878317,0.0107021,83.6,1.6722,0.015580417,0.285675,0.323196,0.391128
2800,OK,,190.0,352.1290724,20.4234862,145.0,123.6,2572.290225,56.7136167,0.734299861,0.975400649,0.005558629,0.008746182,83.6,1.6722,0.014304811,0.285675,0.323196,0.391128
2801,OK,,190.0,357.2382155,20.7198165,135.0,123.6,2394.890899,52.8023328,2.4430429,0.351830131,0.002042112,0.029473104,83.6,1.6722,0.031515217,0.285675,0.323196,0.391128
2802,OK,,190.0,357.2382155,20.7198165,136.111111,123.6,2414.601934,53.2369199,2.24299984,0.38675257,0.002240272,0.027026492,83.6,1.6722,0.029266764,0.285675,0.323196,0.391128
2803,OK,,190.0,357.2382155,20.7198165,137.222222,123.6,2434.312968,53.671507,2.0471615,0.426146958,0.002463374,0.024634277,83.6,1.6722,0.027097651,0.285675,0.323196,0.391128
2804,OK,,190.0,357.2382155,20.7198165,138.333333,123.6,2454.024002,54.1060941,1.85206536,0.471228846,0.002718297,0.022256736,83.6,1.6722,0.024975032,0.285675,0.323196,0.391128
2805,OK,,190.0,357.2382155,20.7198165,139.444444,123.6,2473.735036,54.5406812,1.66108076,0.522885401,0.003009864,0.019933132,83.6,1.6722,0.022942996,0.285675,0.323196,0.391128
2806,OK,,190.0,357.2382155,20.7198165,140.555556,123.6,2493.446088,54.9752683,1.47504647,0.582276148,0.003344445,0.017673629,83.6,1.6722,0.021018074,0.285675,0.323196,0.391128
2807,OK,,190.0,357.2382155,20.7198165,141.666667,123.6,2513.157123,55.4098554,1.29089593,0.65216574,0.00373755,0.015442698,83.6,1.6722,0.019180249,0.285675,0.323196,0.391128
2808,OK,,190.0,357.2382155,20.7198165,142.777778,123.6,2532.868157,55.8444425,1.11509829,0.733075194,0.004191658,0.013316424,83.6,1.6722,0.017508082,0.285675,0.323196,0.391128
2809,OK,,190.0,357.2382155,20.7198165,143.888889,123.6,2552.579191,56.2790296,0.946968939,0.827954194,0.004723069,0.011287232,83.6,1.6722,0.016010301,0.285675,0.323196,0.391128
2810,OK,,190.0,357.2382155,20.7198165,145.0,123.6,2572.290225,56.7136167,0.779628218,0.945408553,0.005380057,0.009274628,83.6,1.6722,0.014654685,0.285675,0.323196,0.391128
2811,OK,,190.0,362.3473586,21.0161468,135.0,123.6,2394.890899,52.8023328,2.50147322,0.345607903,0.002002591,0.030122778,83.6,1.6722,0.032125369,0.285675,0.323196,0.391128
2812,OK,,190.0,362.3473586,21.0161468,136.111111,123.6,2414.601934,53.2369199,2.29907551,0.37978835,0.00219623,0.027652692,83.6,1.6722,0.029848923,0.285675,0.323196,0.391128
2813,OK,,190.0,362.3473586,21.0161468,137.222222,123.6,2434.312968,53.671507,2.10514215,0.417605067,0.002409963,0.025286174,83.6,1.6722,0.027696138,0.285675,0.323196,0.391128
2814,OK,,190.0,362.3473586,21.0161468,138.333333,123.6,2454.024002,54.1060941,1.91136328,0.460841275,0.002653963,0.022927471,83.6,1.6722,0.025581434,0.285675,0.323196,0.391128
2815,OK,,190.0,362.3473586,21.0161468,139.444444,123.6,2473.735036,54.5406812,1.71843864,0.510893786,0.002936002,0.020584648,83.6,1.6722,0.023520649,0.285675,0.323196,0.391128
2816,OK,,190.0,362.3473586,21.0161468,140.555556,123.6,2493.446088,54.9752683,1.53202963,0.567907419,0.003256598,0.018323898,83.6,1.6722,0.021580496,0.285675,0.323196,0.391128
2817,OK,,190.0,362.3473586,21.0161468,141.666667,123.6,2513.157123,55.4098554,1.34655681,0.63499909,0.003633299,0.016080529,83.6,1.6722,0.019713828,0.285675,0.323196,0.391128
2818,OK,,190.0,362.3473586,21.0161468,142.777778,123.6,2532.868157,55.8444425,1.17183272,0.711418236,0.004061334,0.013969491,83.6,1.6722,0.018030825,0.285675,0.323196,0.391128
2819,OK,,190.0,362.3473586,21.0161468,143.888889,123.6,2552.579191,56.2790296,0.995897966,0.804569221,0.004582461,0.01185129,83.6,1.6722,0.016433751,0.285675,0.323196,0.391128
2820,OK,,190.0,362.3473586,21.0161468,145.0,123.6,2572.290225,56.7136167,0.833774146,0.911892786,0.005181303,0.009902085,83.6,1.6722,0.015083388,0.285675,0.323196,0.391128
2821,OK,,190.0,367.4565017,21.3124771,135.0,123.6,2394.890899,52.8023328,2.56235338,0.339335495,0.001962899,0.030798168,83.6,1.6722,0.032761067,0.285675,0.323196,0.391128
2822,OK,,190.0,367.4565017,21.3124771,136.111111,123.6,2414.601934,53.2369199,2.36677817,0.371593066,0.002145175,0.028410706,83.6,1.6722,0.030555881,0.285675,0.323196,0.391128
2823,OK,,190.0,367.4565017,21.3124771,137.222222,123.6,2434.312968,53.671507,2.16477378,0.409142379,0.002357177,0.025954741,83.6,1.6722,0.028311917,0.285675,0.323196,0.391128
2824,OK,,190.0,367.4565017,21.3124771,138.333333,123.6,2454.024002,54.1060941,1.96776616,0.451421587,0.00259541,0.02356214,83.6,1.6722,0.02615755,0.285675,0.323196,0.391128
2825,OK,,190.0,367.4565017,21.3124771,139.444444,123.6,2473.735036,54.5406812,1.77677559,0.499255159,0.002864392,0.021245138,83.6,1.6722,0.02410953,0.285675,0.323196,0.391128
2826,OK,,190.0,367.4565017,21.3124771,140.555556,123.6,2493.446088,54.9752683,1.58593689,0.555029105,0.003177569,0.018936018,83.6,1.6722,0.022113587,0.285675,0.323196,0.391128
2827,OK,,190.0,367.4565017,21.3124771,141.666667,123.6,2513.157123,55.4098554,1.40483631,0.617980295,0.003530203,0.016746588,83.6,1.6722,0.020276791,0.285675,0.323196,0.391128
2828,OK,,190.0,367.4565017,21.3124771,142.777778,123.6,2532.868157,55.8444425,1.22352177,0.692950738,0.0039496,0.014561346,83.6,1.6722,0.018510945,0.285675,0.323196,0.391128
2829,OK,,190.0,367.4565017,21.3124771,143.888889,123.6,2552.579191,56.2790296,1.05034937,0.780077949,0.004435965,0.012477999,83.6,1.6722,0.016913964,0.285675,0.323196,0.391128
2830,OK,,190.0,367.4565017,21.3124771,145.0,123.6,2572.290225,56.7136167,0.879449843,0.885854403,0.005025549,0.010428329,83.6,1.6722,0.015453878,0.285675,0.323196,0.391128
2831,OK,,190.0,372.5656431,21.6088073,135.0,123.6,2394.890899,52.8023328,2.62253491,0.333358578,0.001925053,0.031463201,83.6,1.6722,0.033388253,0.285675,0.323196,0.391128
2832,OK,,190.0,372.5656431,21.6088073,136.111111,123.6,2414.601934,53.2369199,2.42417153,0.36499902,0.002103566,0.029047334,83.6,1.6722,0.0311509,0.285675,0.323196,0.391128
2833,OK,,190.0,372.5656431,21.6088073,137.222222,123.6,2434.312968,53.671507,2.22633664,0.400738098,0.002304895,0.026643276,83.6,1.6722,0.028948171,0.285675,0.323196,0.391128
2834,OK,,190.0,372.5656431,21.6088073,138.333333,123.6,2454.024002,54.1060941,2.02770514,0.441839015,0.002536103,0.024235556,83.6,1.6722,0.026771659,0.285675,0.323196,0.391128
2835,OK,,190.0,372.5656431,21.6088073,139.444444,123.6,2473.735036,54.5406812,1.83435796,0.488296123,0.002796914,0.021894637,83.6,1.6722,0.024691552,0.285675,0.323196,0.391128
2836,OK,,190.0,372.5656431,21.6088073,140.555556,123.6,2493.446088,54.9752683,1.64523538,0.541461282,0.003094834,0.019608689,83.6,1.6722,0.022703523,0.285675,0.323196,0.391128
2837,OK,,190.0,372.5656431,21.6088073,141.666667,123.6,2513.157123,55.4098554,1.45763321,0.603484094,0.003441844,0.017346651,83.6,1.6722,0.020788495,0.285675,0.323196,0.391128
2838,OK,,190.0,372.5656431,21.6088073,142.777778,123.6,2532.868157,55.8444425,1.27652328,0.675026589,0.003841304,0.01516658,83.6,1.6722,0.019007884,0.285675,0.323196,0.391128
2839,OK,,190.0,372.5656431,21.6088073,143.888889,123.6,2552.579191,56.2790296,1.10280591,0.758018117,0.004303729,0.013079388,83.6,1.6722,0.017383116,0.285675,0.323196,0.391128
2840,OK,,190.0,372.5656431,21.6088073,145.0,123.6,2572.290225,56.7136167,0.933399629,0.856954971,0.004854047,0.011049521,83.6,1.6722,0.015903568,0.285675,0.323196,0.391128
2841,OK,,190.0,377.6747862,21.9051376,135.0,123.6,2394.890899,52.8023328,2.68242916,0.327624205,0.001888723,0.03212214,83.6,1.6722,0.034010863,0.285675,0.323196,0.391128
2842,OK,,190.0,377.6747862,21.9051376,136.111111,123.6,2414.601934,53.2369199,2.48593667,0.358061759,0.002060103,0.029731596,83.6,1.6722,0.031791699,0.285675,0.323196,0.391128
2843,OK,,190.0,377.6747862,21.9051376,137.222222,123.6,2434.312968,53.671507,2.27399814,0.394609875,0.0022659,0.027169098,83.6,1.6722,0.029434998,0.285675,0.323196,0.391128
2844,OK,,190.0,377.6747862,21.9051376,138.333333,123.6,2454.024002,54.1060941,2.07362519,0.434899902,0.002492182,0.024744658,83.6,1.6722,0.02723684,0.285675,0.323196,0.391128
2845,OK,,190.0,377.6747862,21.9051376,139.444444,123.6,2473.735036,54.5406812,1.89162795,0.477885613,0.002732778,0.022537966,83.6,1.6722,0.025270744,0.285675,0.323196,0.391128
2846,OK,,190.0,377.6747862,21.9051376,140.555556,123.6,2493.446088,54.9752683,1.70074252,0.529428468,0.003021123,0.020234847,83.6,1.6722,0.023255969,0.285675,0.323196,0.391128
2847,OK,,190.0,377.6747862,21.9051376,141.666667,123.6,2513.157123,55.4098554,1.51707858,0.587863013,0.003347315,0.01802155,83.6,1.6722,0.021368865,0.285675,0.323196,0.391128
2848,OK,,190.0,377.6747862,21.9051376,142.777778,123.6,2532.868157,55.8444425,1.33104584,0.657575682,0.003736009,0.015787256,83.6,1.6722,0.019523264,0.285675,0.323196,0.391128
2849,OK,,190.0,377.6747862,21.9051376,143.888889,123.6,2552.579191,56.2790296,1.15641339,0.736823315,0.004176774,0.013691992,83.6,1.6722,0.017868766,0.285675,0.323196,0.391128
2850,OK,,190.0,377.6747862,21.9051376,145.0,123.6,2572.290225,56.7136167,0.982530687,0.832530547,0.004708347,0.011612414,83.6,1.6722,0.016320761,0.285675,0.323196,0.391128
2851,OK,,190.0,382.7839293,22.2014679,135.0,123.6,2394.890899,52.8023328,2.74291706,0.3220248,0.001853289,0.032785434,83.6,1.6722,0.034638723,0.285675,0.323196,0.391128
2852,OK,,190.0,382.7839293,22.2014679,136.111111,123.6,2414.601934,53.2369199,2.52854966,0.353597957,0.002031066,0.030194184,83.6,1.6722,0.032225249,0.285675,0.323196,0.391128
2853,OK,,190.0,382.7839293,22.2014679,137.222222,123.6,2434.312968,53.671507,2.34197636,0.385936618,0.002212361,0.027926261,83.6,1.6722,0.030138622,0.285675,0.323196,0.391128
2854,OK,,190.0,382.7839293,22.2014679,138.333333,123.6,2454.024002,54.1060941,2.14369522,0.424385497,0.00242785,0.025529806,83.6,1.6722,0.027957656,0.285675,0.323196,0.391128
2855,OK,,190.0,382.7839293,22.2014679,139.444444,123.6,2473.735036,54.5406812,1.94973376,0.467766709,0.00267051,0.023188639,83.6,1.6722,0.025859149,0.285675,0.323196,0.391128
2856,OK,,190.0,382.7839293,22.2014679,140.555556,123.6,2493.446088,54.9752683,1.75735677,0.517696742,0.002949356,0.020871599,83.6,1.6722,0.023820955,0.285675,0.323196,0.391128
2857,OK,,190.0,382.7839293,22.2014679,141.666667,123.6,2513.157123,55.4098554,1.56794055,0.575324605,0.003270287,0.01859116,83.6,1.6722,0.021861447,0.285675,0.323196,0.391128
2858,OK,,190.0,382.7839293,22.2014679,142.777778,123.6,2532.868157,55.8444425,1.38337669,0.641746421,0.003640246,0.016380423,83.6,1.6722,0.020020669,0.285675,0.323196,0.391128
2859,OK,,190.0,382.7839293,22.2014679,143.888889,123.6,2552.579191,56.2790296,1.20668895,0.718149657,0.004064485,0.014263889,83.6,1.6722,0.018328374,0.285675,0.323196,0.391128
2860,OK,,190.0,382.7839293,22.2014679,145.0,123.6,2572.290225,56.7136167,1.03742815,0.80686798,0.004555488,0.012237033,83.6,1.6722,0.016792521,0.285675,0.323196,0.391128
2861,OK,,190.0,387.8930724,22.4977982,135.0,123.6,2394.890899,52.8023328,2.80254086,0.316679586,0.00181944,0.033436486,83.6,1.6722,0.035255926,0.285675,0.323196,0.391128
2862,OK,,190.0,387.8930724,22.4977982,136.111111,123.6,2414.601934,53.2369199,2.59374977,0.346698872,0.001988071,0.030913188,83.6,1.6722,0.03290126,0.285675,0.323196,0.391128
2863,OK,,190.0,387.8930724,22.4977982,137.222222,123.6,2434.312968,53.671507,2.39753426,0.379232521,0.002170316,0.028538441,83.6,1.6722,0.030708756,0.285675,0.323196,0.391128
2864,OK,,190.0,387.8930724,22.4977982,138.333333,123.6,2454.024002,54.1060941,2.20322728,0.415940892,0.002375592,0.026191073,83.6,1.6722,0.028566665,0.285675,0.323196,0.391128
2865,OK,,190.0,387.8930724,22.4977982,139.444444,123.6,2473.735036,54.5406812,2.0014281,0.45920388,0.002617337,0.023763341,83.6,1.6722,0.026380678,0.285675,0.323196,0.391128
2866,OK,,190.0,387.8930724,22.4977982,140.555556,123.6,2493.446088,54.9752683,1.82157341,0.504915683,0.002871818,0.021593597,83.6,1.6722,0.024465416,0.285675,0.323196,0.391128
2867,OK,,190.0,387.8930724,22.4977982,141.666667,123.6,2513.157123,55.4098554,1.62530131,0.561642959,0.003187694,0.019241086,83.6,1.6722,0.022428781,0.285675,0.323196,0.391128
2868,OK,,190.0,387.8930724,22.4977982,142.777778,123.6,2532.868157,55.8444425,1.43764499,0.62615768,0.003546134,0.016993978,83.6,1.6722,0.020540112,0.285675,0.323196,0.391128
2869,OK,,190.0,387.8930724,22.4977982,143.888889,123.6,2552.579191,56.2790296,1.25938489,0.699594177,0.003953198,0.014861907,83.6,1.6722,0.018815105,0.285675,0.323196,0.391128
2870,OK,,190.0,387.8930724,22.4977982,145.0,123.6,2572.290225,56.7136167,1.08452596,0.786365352,0.004433371,0.012775984,83.6,1.6722,0.017209354,0.285675,0.323196,0.391128
2871,OK,,190.0,393.0022138,22.7941284,135.0,123.6,2394.890899,52.8023328,2.86148183,0.311528069,0.001786831,0.034077826,83.6,1.6722,0.035864657,0.285675,0.323196,0.391128
2872,OK,,190.0,393.0022138,22.7941284,136.111111,123.6,2414.601934,53.2369199,2.65452725,0.340534711,0.00194945,0.031579432,83.6,1.6722,0.033528882,0.285675,0.323196,0.391128
2873,OK,,190.0,393.0022138,22.7941284,137.222222,123.6,2434.312968,53.671507,2.46146187,0.371710635,0.002123711,0.029244228,83.6,1.6722,0.031367939,0.285675,0.323196,0.391128
2874,OK,,190.0,393.0022138,22.7941284,138.333333,123.6,2454.024002,54.1060941,2.26427358,0.407604545,0.002324123,0.02686752,83.6,1.6722,0.029191643,0.285675,0.323196,0.391128
2875,OK,,190.0,393.0022138,22.7941284,139.444444,123.6,2473.735036,54.5406812,2.06629852,0.448772661,0.002553658,0.024487309,83.6,1.6722,0.027040966,0.285675,0.323196,0.391128
2876,OK,,190.0,393.0022138,22.7941284,140.555556,123.6,2493.446088,54.9752683,1.87365256,0.495153377,0.00281173,0.022173828,83.6,1.6722,0.024985558,0.285675,0.323196,0.391128
2877,OK,,190.0,393.0022138,22.7941284,141.666667,123.6,2513.157123,55.4098554,1.68283697,0.548610944,0.0031087,0.019887304,83.6,1.6722,0.022996004,0.285675,0.323196,0.391128
2878,OK,,190.0,393.0022138,22.7941284,142.777778,123.6,2532.868157,55.8444425,1.49824206,0.609521627,0.003446381,0.017678517,83.6,1.6722,0.021124898,0.285675,0.323196,0.391128
2879,OK,,190.0,393.0022138,22.7941284,143.888889,123.6,2552.579191,56.2790296,1.31533243,0.680914665,0.003841554,0.015495586,83.6,1.6722,0.01933714,0.285675,0.323196,0.391128
2880,OK,,190.0,393.0022138,22.7941284,145.0,123.6,2572.290225,56.7136167,1.13984704,0.763491345,0.004297679,0.013404976,83.6,1.6722,0.017702654,0.285675,0.323196,0.391128
2881,OK,,190.0,398.1113569,23.0904587,135.0,123.6,2394.890899,52.8023328,2.92491472,0.306133174,0.001752913,0.034767327,83.6,1.6722,0.03652024,0.285675,0.323196,0.391128
2882,OK,,190.0,398.1113569,23.0904587,136.111111,123.6,2414.601934,53.2369199,2.72482246,0.333594322,0.001906476,0.032350876,83.6,1.6722,0.034257352,0.285675,0.323196,0.391128
2883,OK,,190.0,398.1113569,23.0904587,137.222222,123.6,2434.312968,53.671507,2.51909902,0.365238868,0.002083264,0.029875514,83.6,1.6722,0.031958778,0.285675,0.323196,0.391128
2884,OK,,190.0,398.1113569,23.0904587,138.333333,123.6,2454.024002,54.1060941,2.32404213,0.399779356,0.002275727,0.027526645,83.6,1.6722,0.029802371,0.285675,0.323196,0.391128
2885,OK,,190.0,398.1113569,23.0904587,139.444444,123.6,2473.735036,54.5406812,2.12345374,0.440013352,0.002499703,0.02512016,83.6,1.6722,0.027619863,0.285675,0.323196,0.391128
2886,OK,,190.0,398.1113569,23.0904587,140.555556,123.6,2493.446088,54.9752683,1.93022458,0.484921905,0.002749142,0.022803313,83.6,1.6722,0.025552455,0.285675,0.323196,0.391128
2887,OK,,190.0,398.1113569,23.0904587,141.666667,123.6,2513.157123,55.4098554,1.74161197,0.535917262,0.00303185,0.02054525,83.6,1.6722,0.0235771,0.285675,0.323196,0.391128
2888,OK,,190.0,398.1113569,23.0904587,142.777778,123.6,2532.868157,55.8444425,1.55458271,0.594932742,0.003358497,0.018311507,83.6,1.6722,0.021670004,0.285675,0.323196,0.391128
2889,OK,,190.0,398.1113569,23.0904587,143.888889,123.6,2552.579191,56.2790296,1.37264241,0.662833182,0.003733599,0.016142594,83.6,1.6722,0.019876193,0.285675,0.323196,0.391128
2890,OK,,190.0,398.1113569,23.0904587,145.0,123.6,2572.290225,56.7136167,1.19327702,0.742776236,0.004174515,0.014009894,83.6,1.6722,0.01818441,0.285675,0.323196,0.391128
2891,OK,,190.0,403.2205,23.386789,135.0,123.6,2394.890899,52.8023328,2.99019396,0.300757467,0.001719209,0.035474978,83.6,1.6722,0.037194187,0.285675,0.323196,0.391128
2892,OK,,190.0,403.2205,23.386789,136.111111,123.6,2414.601934,53.2369199,2.78518899,0.327925318,0.001870934,0.033006885,83.6,1.6722,0.034877818,0.285675,0.323196,0.391128
2893,OK,,190.0,403.2205,23.386789,137.222222,123.6,2434.312968,53.671507,2.58169605,0.358413702,0.002040915,0.030560736,83.6,1.6722,0.032601651,0.285675,0.323196,0.391128
2894,OK,,190.0,403.2205,23.386789,138.333333,123.6,2454.024002,54.1060941,2.38274794,0.392393085,0.002229983,0.028171237,83.6,1.6722,0.03040122,0.285675,0.323196,0.391128
2895,OK,,190.0,403.2205,23.386789,139.444444,123.6,2473.735036,54.5406812,2.18215182,0.43132841,0.002446188,0.025764463,83.6,1.6722,0.028210651,0.285675,0.323196,0.391128
2896,OK,,190.0,403.2205,23.386789,140.555556,123.6,2493.446088,54.9752683,1.99287999,0.474004527,0.002682844,0.023499983,83.6,1.6722,0.026182827,0.285675,0.323196,0.391128
2897,OK,,190.0,403.2205,23.386789,141.666667,123.6,2513.157123,55.4098554,1.79607594,0.524745081,0.002963851,0.021151502,83.6,1.6722,0.024115352,0.285675,0.323196,0.391128
2898,OK,,190.0,403.2205,23.386789,142.777778,123.6,2532.868157,55.8444425,1.60813323,0.581773605,0.003278953,0.018910289,83.6,1.6722,0.022189242,0.285675,0.323196,0.391128
2899,OK,,190.0,403.2205,23.386789,143.888889,123.6,2552.579191,56.2790296,1.42779072,0.646438261,0.003635465,0.0167625,83.6,1.6722,0.020397964,0.285675,0.323196,0.391128
2900,OK,,190.0,403.2205,23.386789,145.0,123.6,2572.290225,56.7136167,1.24643792,0.723344645,0.004058922,0.014609659,83.6,1.6722,0.018668581,0.285675,0.323196,0.391128
2901,OK,,190.0,408.3296431,23.6831193,135.0,123.6,2394.890899,52.8023328,3.04729061,0.296262112,0.001690672,0.036087969,83.6,1.6722,0.037778641,0.285675,0.323196,0.391128
2902,OK,,190.0,408.3296431,23.6831193,136.111111,123.6,2414.601934,53.2369199,2.84439847,0.322555465,0.001837218,0.033647534,83.6,1.6722,0.035484752,0.285675,0.323196,0.391128
2903,OK,,190.0,408.3296431,23.6831193,137.222222,123.6,2434.312968,53.671507,2.64224514,0.352064834,0.002001423,0.031220338,83.6,1.6722,0.03322176,0.285675,0.323196,0.391128
2904,OK,,190.0,408.3296431,23.6831193,138.333333,123.6,2454.024002,54.1060941,2.44062542,0.385381312,0.002186519,0.028804214,83.6,1.6722,0.030990732,0.285675,0.323196,0.391128
2905,OK,,190.0,408.3296431,23.6831193,139.444444,123.6,2473.735036,54.5406812,2.24308561,0.422694452,0.002393419,0.026439593,83.6,1.6722,0.028833012,0.285675,0.323196,0.391128
2906,OK,,190.0,408.3296431,23.6831193,140.555556,123.6,2493.446088,54.9752683,2.0462759,0.465191992,0.002628692,0.024088748,83.6,1.6722,0.026717439,0.285675,0.323196,0.391128
2907,OK,,190.0,408.3296431,23.6831193,141.666667,123.6,2513.157123,55.4098554,1.8628948,0.511505405,0.002884297,0.0218959,83.6,1.6722,0.024780196,0.285675,0.323196,0.391128
2908,OK,,190.0,408.3296431,23.6831193,142.777778,123.6,2532.868157,55.8444425,1.66514595,0.568356166,0.003198192,0.01954667,83.6,1.6722,0.022744862,0.285675,0.323196,0.391128
2909,OK,,190.0,408.3296431,23.6831193,143.888889,123.6,2552.579191,56.2790296,1.47156943,0.634200221,0.00356102,0.017250182,83.6,1.6722,0.020811201,0.285675,0.323196,0.391128
2910,OK,,190.0,408.3296431,23.6831193,145.0,123.6,2572.290225,56.7136167,1.29819608,0.705474018,0.003952433,0.015191379,83.6,1.6722,0.019143812,0.285675,0.323196,0.391128
2911,OK,,190.0,413.4387845,23.9794495,135.0,123.6,2394.890899,52.8023328,3.10933618,0.291491066,0.001660631,0.036753833,83.6,1.6722,0.038414464,0.285675,0.323196,0.391128
2912,OK,,190.0,413.4387845,23.9794495,136.111111,123.6,2414.601934,53.2369199,2.90229041,0.31748753,0.001805325,0.034270603,83.6,1.6722,0.036075928,0.285675,0.323196,0.391128
2913,OK,,190.0,413.4387845,23.9794495,137.222222,123.6,2434.312968,53.671507,2.70018442,0.346224504,0.001964945,0.031847686,83.6,1.6722,0.033812631,0.285675,0.323196,0.391128
2914,OK,,190.0,413.4387845,23.9794495,138.333333,123.6,2454.024002,54.1060941,2.50054236,0.378367029,0.002143162,0.029457607,83.6,1.6722,0.031600769,0.285675,0.323196,0.391128
2915,OK,,190.0,413.4387845,23.9794495,139.444444,123.6,2473.735036,54.5406812,2.30240016,0.414618487,0.002343823,0.027089748,83.6,1.6722,0.029433571,0.285675,0.323196,0.391128
2916,OK,,190.0,413.4387845,23.9794495,140.555556,123.6,2493.446088,54.9752683,2.10601078,0.455700896,0.002570844,0.024747167,83.6,1.6722,0.027318011,0.285675,0.323196,0.391128
2917,OK,,190.0,413.4387845,23.9794495,141.666667,123.6,2513.157123,55.4098554,1.91129919,0.502535637,0.002829219,0.022429251,83.6,1.6722,0.02525847,0.285675,0.323196,0.391128
2918,OK,,190.0,413.4387845,23.9794495,142.777778,123.6,2532.868157,55.8444425,1.71897894,0.5563204,0.003125442,0.020144326,83.6,1.6722,0.023269768,0.285675,0.323196,0.391128
2919,OK,,190.0,413.4387845,23.9794495,143.888889,123.6,2552.579191,56.2790296,1.53588896,0.616653831,0.003456947,0.017970728,83.6,1.6722,0.021427675,0.285675,0.323196,0.391128
2920,OK,,190.0,413.4387845,23.9794495,145.0,123.6,2572.290225,56.7136167,1.35636933,0.686390731,0.003839214,0.015842691,83.6,1.6722,0.019681905,0.285675,0.323196,0.391128
2921,OK,,190.0,418.5479276,24.2757798,135.0,123.6,2394.890899,52.8023328,3.1680712,0.287129369,0.001633041,0.037380819,83.6,1.6722,0.039013861,0.285675,0.323196,0.391128
2922,OK,,190.0,418.5479276,24.2757798,136.111111,123.6,2414.601934,53.2369199,2.96473329,0.312149275,0.001771998,0.034943096,83.6,1.6722,0.036715094,0.285675,0.323196,0.391128
2923,OK,,190.0,418.5479276,24.2757798,137.222222,123.6,2434.312968,53.671507,2.76300276,0.340053374,0.001926706,0.032528224,83.6,1.6722,0.03445493,0.285675,0.323196,0.391128
2924,OK,,190.0,418.5479276,24.2757798,138.333333,123.6,2454.024002,54.1060941,2.55830439,0.37185556,0.00210281,0.030084862,83.6,1.6722,0.032187672,0.285675,0.323196,0.391128
2925,OK,,190.0,418.5479276,24.2757798,139.444444,123.6,2473.735036,54.5406812,2.36108661,0.406924386,0.00229656,0.027730937,83.6,1.6722,0.030027497,0.285675,0.323196,0.391128
2926,OK,,190.0,418.5479276,24.2757798,140.555556,123.6,2493.446088,54.9752683,2.16470671,0.446701104,0.002515969,0.025391892,83.6,1.6722,0.027907861,0.285675,0.323196,0.391128
2927,OK,,190.0,418.5479276,24.2757798,141.666667,123.6,2513.157123,55.4098554,1.97178789,0.491583126,0.002763077,0.023097644,83.6,1.6722,0.025860721,0.285675,0.323196,0.391128
2928,OK,,190.0,418.5479276,24.2757798,142.777778,123.6,2532.868157,55.8444425,1.77947282,0.543293252,0.003047351,0.020816036,83.6,1.6722,0.023863387,0.285675,0.323196,0.391128
2929,OK,,190.0,418.5479276,24.2757798,143.888889,123.6,2552.579191,56.2790296,1.59342999,0.601875786,0.00336874,0.01861174,83.6,1.6722,0.02198048,0.285675,0.323196,0.391128
2930,OK,,190.0,418.5479276,24.2757798,145.0,123.6,2572.290225,56.7136167,1.40915502,0.670033846,0.003742063,0.01643383,83.6,1.6722,0.020175894,0.285675,0.323196,0.391128
2931,OK,,190.0,423.6570707,24.5721101,135.0,123.6,2394.890899,52.8023328,3.22846346,0.282770627,0.001605543,0.038023428,83.6,1.6722,0.03962897,0.285675,0.323196,0.391128
2932,OK,,190.0,423.6570707,24.5721101,136.111111,123.6,2414.601934,53.2369199,3.02716273,0.306991645,0.001739792,0.035612332,83.6,1.6722,0.037352124,0.285675,0.323196,0.391128
2933,OK,,190.0,423.6570707,24.5721101,137.222222,123.6,2434.312968,53.671507,2.82178826,0.334512514,0.00189216,0.033160468,83.6,1.6722,0.035052629,0.285675,0.323196,0.391128
2934,OK,,190.0,423.6570707,24.5721101,138.333333,123.6,2454.024002,54.1060941,2.61873477,0.365259707,0.002062089,0.030739394,83.6,1.6722,0.032801483,0.285675,0.323196,0.391128
2935,OK,,190.0,423.6570707,24.5721101,139.444444,123.6,2473.735036,54.5406812,2.41298661,0.400435849,0.002256252,0.028292906,83.6,1.6722,0.030549158,0.285675,0.323196,0.391128
2936,OK,,190.0,423.6570707,24.5721101,140.555556,123.6,2493.446088,54.9752683,2.22319558,0.438094592,0.002463465,0.026031563,83.6,1.6722,0.028495028,0.285675,0.323196,0.391128
2937,OK,,190.0,423.6570707,24.5721101,141.666667,123.6,2513.157123,55.4098554,2.03248021,0.481077757,0.002699634,0.02376555,83.6,1.6722,0.026465183,0.285675,0.323196,0.391128
2938,OK,,190.0,423.6570707,24.5721101,142.777778,123.6,2532.868157,55.8444425,1.82864442,0.533323125,0.00298665,0.021356615,83.6,1.6722,0.024343265,0.285675,0.323196,0.391128
2939,OK,,190.0,423.6570707,24.5721101,143.888889,123.6,2552.579191,56.2790296,1.64487603,0.589382547,0.003293575,0.019180985,83.6,1.6722,0.022474559,0.285675,0.323196,0.391128
2940,OK,,190.0,423.6570707,24.5721101,145.0,123.6,2572.290225,56.7136167,1.46171148,0.654622853,0.003650232,0.017018494,83.6,1.6722,0.020668726,0.285675,0.323196,0.391128
2941,OK,,190.0,428.7662138,24.8684404,135.0,123.6,2394.890899,52.8023328,3.28726138,0.278659003,0.001579546,0.038646229,83.6,1.6722,0.040225775,0.285675,0.323196,0.391128
2942,OK,,190.0,428.7662138,24.8684404,136.111111,123.6,2414.601934,53.2369199,3.08469911,0.302420293,0.001711032,0.036224828,83.6,1.6722,0.03793586,0.285675,0.323196,0.391128
2943,OK,,190.0,428.7662138,24.8684404,137.222222,123.6,2434.312968,53.671507,2.88140093,0.32906292,0.001858244,0.033799947,83.6,1.6722,0.035658191,0.285675,0.323196,0.391128
2944,OK,,190.0,428.7662138,24.8684404,138.333333,123.6,2454.024002,54.1060941,2.68060281,0.358726175,0.002021852,0.031407896,83.6,1.6722,0.033429748,0.285675,0.323196,0.391128
2945,OK,,190.0,428.7662138,24.8684404,139.444444,123.6,2473.735036,54.5406812,2.48405263,0.391650227,0.002203084,0.029068606,83.6,1.6722,0.03127169,0.285675,0.323196,0.391128
2946,OK,,190.0,428.7662138,24.8684404,140.555556,123.6,2493.446088,54.9752683,2.28735857,0.428959376,0.002408144,0.026733062,83.6,1.6722,0.029141206,0.285675,0.323196,0.391128
2947,OK,,190.0,428.7662138,24.8684404,141.666667,123.6,2513.157123,55.4098554,2.08625563,0.47222318,0.002645676,0.024353175,83.6,1.6722,0.02699885,0.285675,0.323196,0.391128
2948,OK,,190.0,428.7662138,24.8684404,142.777778,123.6,2532.868157,55.8444425,1.89225895,0.520728002,0.002911412,0.022058961,83.6,1.6722,0.024970373,0.285675,0.323196,0.391128
2949,OK,,190.0,428.7662138,24.8684404,143.888889,123.6,2552.579191,56.2790296,1.70331462,0.575704794,0.003212014,0.019827721,83.6,1.6722,0.023039735,0.285675,0.323196,0.391128
2950,OK,,190.0,428.7662138,24.8684404,145.0,123.6,2572.290225,56.7136167,1.51429296,0.639901262,0.00356253,0.01760163,83.6,1.6722,0.021164161,0.285675,0.323196,0.391128
2951,OK,,190.0,433.8753552,25.1647706,135.0,123.6,2394.890899,52.8023328,3.35128872,0.274275113,0.001552076,0.039324828,83.6,1.6722,0.040876904,0.285675,0.323196,0.391128
2952,OK,,190.0,433.8753552,25.1647706,136.111111,123.6,2414.601934,53.2369199,3.14713265,0.297569257,0.001680768,0.036889616,83.6,1.6722,0.038570384,0.285675,0.323196,0.391128
2953,OK,,190.0,433.8753552,25.1647706,137.222222,123.6,2434.312968,53.671507,2.94376028,0.323523337,0.001823922,0.034467756,83.6,1.6722,0.036291678,0.285675,0.323196,0.391128
2954,OK,,190.0,433.8753552,25.1647706,138.333333,123.6,2454.024002,54.1060941,2.73849939,0.352852541,0.001985472,0.032029513,83.6,1.6722,0.034014986,0.285675,0.323196,0.391128
2955,OK,,190.0,433.8753552,25.1647706,139.444444,123.6,2473.735036,54.5406812,2.54129617,0.384962708,0.002161923,0.029686394,83.6,1.6722,0.031848317,0.285675,0.323196,0.391128
2956,OK,,190.0,433.8753552,25.1647706,140.555556,123.6,2493.446088,54.9752683,2.34379593,0.421312328,0.002361372,0.027345184,83.6,1.6722,0.029706556,0.285675,0.323196,0.391128
2957,OK,,190.0,433.8753552,25.1647706,141.666667,123.6,2513.157123,55.4098554,2.14351475,0.463163625,0.002590727,0.024978027,83.6,1.6722,0.027568754,0.285675,0.323196,0.391128
2958,OK,,190.0,433.8753552,25.1647706,142.777778,123.6,2532.868157,55.8444425,1.95198123,0.509490555,0.002844004,0.022714836,83.6,1.6722,0.025558839,0.285675,0.323196,0.391128
2959,OK,,190.0,433.8753552,25.1647706,143.888889,123.6,2552.579191,56.2790296,1.76247612,0.562498096,0.003133327,0.020480355,83.6,1.6722,0.023613683,0.285675,0.323196,0.391128
2960,OK,,190.0,433.8753552,25.1647706,145.0,123.6,2572.290225,56.7136167,1.55114563,0.630286857,0.003503544,0.018004753,83.6,1.6722,0.021508298,0.285675,0.323196,0.391128
2961,OK,,190.0,438.9844983,25.4611009,135.0,123.6,2394.890899,52.8023328,3.41255513,0.270223476,0.001526581,0.039970261,83.6,1.6722,0.041496843,0.285675,0.323196,0.391128
2962,OK,,190.0,438.9844983,25.4611009,136.111111,123.6,2414.601934,53.2369199,3.20696203,0.293081328,0.00165266,0.037522986,83.6,1.6722,0.039175646,0.285675,0.323196,0.391128
2963,OK,,190.0,438.9844983,25.4611009,137.222222,123.6,2434.312968,53.671507,3.00303945,0.318450295,0.001792346,0.035098789,83.6,1.6722,0.036891135,0.285675,0.323196,0.391128
2964,OK,,190.0,438.9844983,25.4611009,138.333333,123.6,2454.024002,54.1060941,2.80170728,0.346607395,0.001947103,0.032708167,83.6,1.6722,0.034655269,0.285675,0.323196,0.391128
2965,OK,,190.0,438.9844983,25.4611009,139.444444,123.6,2473.735036,54.5406812,2.59977404,0.378350797,0.002121312,0.030315763,83.6,1.6722,0.032437075,0.285675,0.323196,0.391128
2966,OK,,190.0,438.9844983,25.4611009,140.555556,123.6,2493.446088,54.9752683,2.39893447,0.414117683,0.002317283,0.027940597,83.6,1.6722,0.030257879,0.285675,0.323196,0.391128
2967,OK,,190.0,438.9844983,25.4611009,141.666667,123.6,2513.157123,55.4098554,2.2062698,0.453504564,0.002532579,0.025662344,83.6,1.6722,0.028194923,0.285675,0.323196,0.391128
2968,OK,,190.0,438.9844983,25.4611009,142.777778,123.6,2532.868157,55.8444425,2.01235476,0.498613001,0.002778807,0.023375659,83.6,1.6722,0.026154466,0.285675,0.323196,0.391128
2969,OK,,190.0,438.9844983,25.4611009,143.888889,123.6,2552.579191,56.2790296,1.82231082,0.54976396,0.003057535,0.02113831,83.6,1.6722,0.024195845,0.285675,0.323196,0.391128
2970,OK,,190.0,438.9844983,25.4611009,145.0,123.6,2572.290225,56.7136167,1.63011007,0.609616018,0.003383211,0.018882377,83.6,1.6722,0.022265588,0.285675,0.323196,0.391128
2971,OK,,190.0,444.0936414,25.7574312,135.0,123.6,2394.890899,52.8023328,3.47600482,0.266133734,0.00150095,0.040637472,83.6,1.6722,0.042138421,0.285675,0.323196,0.391128
2972,OK,,190.0,444.0936414,25.7574312,136.111111,123.6,2414.601934,53.2369199,3.2668029,0.288723075,0.001625373,0.038154243,83.6,1.6722,0.039779616,0.285675,0.323196,0.391128
2973,OK,,190.0,444.0936414,25.7574312,137.222222,123.6,2434.312968,53.671507,3.07004576,0.312836889,0.00175781,0.035813308,83.6,1.6722,0.037571119,0.285675,0.323196,0.391128
2974,OK,,190.0,444.0936414,25.7574312,138.333333,123.6,2454.024002,54.1060941,2.86418694,0.340649091,0.001910469,0.033376222,83.6,1.6722,0.035286691,0.285675,0.323196,0.391128
2975,OK,,190.0,444.0936414,25.7574312,139.444444,123.6,2473.735036,54.5406812,2.65897307,0.371875624,0.002081595,0.030950976,83.6,1.6722,0.033032571,0.285675,0.323196,0.391128
2976,OK,,190.0,444.0936414,25.7574312,140.555556,123.6,2493.446088,54.9752683,2.46253209,0.406021643,0.002268266,0.028628508,83.6,1.6722,0.030896773,0.285675,0.323196,0.391128
2977,OK,,190.0,444.0936414,25.7574312,141.666667,123.6,2513.157123,55.4098554,2.26685715,0.44457783,0.002478708,0.026319919,83.6,1.6722,0.028798627,0.285675,0.323196,0.391128
2978,OK,,190.0,444.0936414,25.7574312,142.777778,123.6,2532.868157,55.8444425,2.06857964,0.488950199,0.002720592,0.023987624,83.6,1.6722,0.026708215,0.285675,0.323196,0.391128
2979,OK,,190.0,444.0936414,25.7574312,143.888889,123.6,2552.579191,56.2790296,1.87675346,0.538732899,0.002991401,0.021733228,83.6,1.6722,0.024724629,0.285675,0.323196,0.391128
2980,OK,,190.0,444.0936414,25.7574312,145.0,123.6,2572.290225,56.7136167,1.68737002,0.595726514,0.003300909,0.019512123,83.6,1.6722,0.022813032,0.285675,0.323196,0.391128
2981,OK,,190.0,449.2027845,26.0537615,135.0,123.6,2394.890899,52.8023328,3.53638917,0.262374096,0.001477269,0.04126834,83.6,1.6722,0.042745609,0.285675,0.323196,0.391128
2982,OK,,190.0,449.2027845,26.0537615,136.111111,123.6,2414.601934,53.2369199,3.33005921,0.284228427,0.001597395,0.038820775,83.6,1.6722,0.04041817,0.285675,0.323196,0.391128
2983,OK,,190.0,449.2027845,26.0537615,137.222222,123.6,2434.312968,53.671507,3.12278342,0.308657704,0.00173148,0.036367158,83.6,1.6722,0.038098638,0.285675,0.323196,0.391128
2984,OK,,190.0,449.2027845,26.0537615,138.333333,123.6,2454.024002,54.1060941,2.92150289,0.335403271,0.001877959,0.033984454,83.6,1.6722,0.035862413,0.285675,0.323196,0.391128
2985,OK,,190.0,449.2027845,26.0537615,139.444444,123.6,2473.735036,54.5406812,2.72298513,0.365071965,0.002040148,0.031637305,83.6,1.6722,0.033677453,0.285675,0.323196,0.391128
2986,OK,,190.0,449.2027845,26.0537615,140.555556,123.6,2493.446088,54.9752683,2.52085088,0.398922838,0.002224984,0.029254972,83.6,1.6722,0.031479956,0.285675,0.323196,0.391128
2987,OK,,190.0,449.2027845,26.0537615,141.666667,123.6,2513.157123,55.4098554,2.32199238,0.436820668,0.002431536,0.026914209,83.6,1.6722,0.029345745,0.285675,0.323196,0.391128
2988,OK,,190.0,449.2027845,26.0537615,142.777778,123.6,2532.868157,55.8444425,2.12621963,0.479414418,0.002663254,0.024613227,83.6,1.6722,0.027276481,0.285675,0.323196,0.391128
2989,OK,,190.0,449.2027845,26.0537615,143.888889,123.6,2552.579191,56.2790296,1.93468902,0.527443624,0.002924049,0.022365285,83.6,1.6722,0.025289334,0.285675,0.323196,0.391128
2990,OK,,190.0,449.2027845,26.0537615,145.0,123.6,2572.290225,56.7136167,1.7442258,0.582576891,0.003222949,0.020135086,83.6,1.6722,0.023358034,0.285675,0.323196,0.391128
2991,OK,,190.0,454.3119259,26.3500917,135.0,123.6,2394.890899,52.8023328,3.59353108,0.258931172,0.001455457,0.041861347,83.6,1.6722,0.043316804,0.285675,0.323196,0.391128
2992,OK,,190.0,454.3119259,26.3500917,136.111111,123.6,2414.601934,53.2369199,3.38961416,0.280145287,0.001571831,0.039444168,83.6,1.6722,0.041015999,0.285675,0.323196,0.391128
2993,OK,,190.0,454.3119259,26.3500917,137.222222,123.6,2434.312968,53.671507,3.18153785,0.304075604,0.001702959,0.036985587,83.6,1.6722,0.038688546,0.285675,0.323196,0.391128
2994,OK,,190.0,454.3119259,26.3500917,138.333333,123.6,2454.024002,54.1060941,2.9831658,0.329895536,0.001844075,0.034638681,83.6,1.6722,0.036482756,0.285675,0.323196,0.391128
2995,OK,,190.0,454.3119259,26.3500917,139.444444,123.6,2473.735036,54.5406812,2.78381316,0.358857639,0.002002135,0.03228585,83.6,1.6722,0.034287985,0.285675,0.323196,0.391128
2996,OK,,190.0,454.3119259,26.3500917,140.555556,123.6,2493.446088,54.9752683,2.57947055,0.392028563,0.002182979,0.029882616,83.6,1.6722,0.032065595,0.285675,0.323196,0.391128
2997,OK,,190.0,454.3119259,26.3500917,141.666667,123.6,2513.157123,55.4098554,2.38276383,0.428509585,0.002381413,0.027569252,83.6,1.6722,0.029950665,0.285675,0.323196,0.391128
2998,OK,,190.0,454.3119259,26.3500917,142.777778,123.6,2532.868157,55.8444425,2.18440305,0.470214444,0.002607957,0.025242755,83.6,1.6722,0.027850712,0.285675,0.323196,0.391128
2999,OK,,190.0,454.3119259,26.3500917,143.888889,123.6,2552.579191,56.2790296,1.99183418,0.516781296,0.002860381,0.022986342,83.6,1.6722,0.025846723,0.285675,0.323196,0.391128
3000,OK,,190.0,454.3119259,26.3500917,145.0,123.6,2572.290225,56.7136167,1.7961271,0.571163145,0.003154837,0.020700451,83.6,1.6722,0.023855288,0.285675,0.323196,0.391128
3001,OK,,190.0,459.421069,26.646422,135.0,123.6,2394.890899,52.8023328,3.6619282,0.254847526,0.001430084,0.042575371,83.6,1.6722,0.044005455,0.285675,0.323196,0.391128
3002,OK,,190.0,459.421069,26.646422,136.111111,123.6,2414.601934,53.2369199,3.45281888,0.275910097,0.001545485,0.040105273,83.6,1.6722,0.041650758,0.285675,0.323196,0.391128
3003,OK,,190.0,459.421069,26.646422,137.222222,123.6,2434.312968,53.671507,3.24579967,0.299171398,0.001672708,0.037662314,83.6,1.6722,0.039335021,0.285675,0.323196,0.391128
3004,OK,,190.0,459.421069,26.646422,138.333333,123.6,2454.024002,54.1060941,3.04285432,0.324747125,0.001812311,0.035268645,83.6,1.6722,0.037080956,0.285675,0.323196,0.391128
3005,OK,,190.0,459.421069,26.646422,139.444444,123.6,2473.735036,54.5406812,2.84127985,0.353207871,0.001967399,0.032894832,83.6,1.6722,0.034862231,0.285675,0.323196,0.391128
3006,OK,,190.0,459.421069,26.646422,140.555556,123.6,2493.446088,54.9752683,2.63840038,0.385331095,0.002142198,0.030511417,83.6,1.6722,0.032653616,0.285675,0.323196,0.391128
3007,OK,,190.0,459.421069,26.646422,141.666667,123.6,2513.157123,55.4098554,2.43999535,0.421006524,0.002335943,0.028182577,83.6,1.6722,0.03051852,0.285675,0.323196,0.391128
3008,OK,,190.0,459.421069,26.646422,142.777778,123.6,2532.868157,55.8444425,2.24451115,0.460998513,0.002552734,0.025891443,83.6,1.6722,0.028444177,0.285675,0.323196,0.391128
3009,OK,,190.0,459.421069,26.646422,143.888889,123.6,2552.579191,56.2790296,2.04971515,0.506411284,0.00279852,0.023613405,83.6,1.6722,0.026411925,0.285675,0.323196,0.391128
3010,OK,,190.0,459.421069,26.646422,145.0,123.6,2572.290225,56.7136167,1.85999743,0.557536832,0.003074681,0.021397634,83.6,1.6722,0.024472315,0.285675,0.323196,0.391128
3011,OK,,190.0,464.5302121,26.9427523,135.0,123.6,2394.890899,52.8023328,3.72126069,0.251457126,0.001408708,0.043187789,83.6,1.6722,0.044596496,0.285675,0.323196,0.391128
3012,OK,,190.0,464.5302121,26.9427523,136.111111,123.6,2414.601934,53.2369199,3.51583603,0.271810669,0.001519986,0.040761937,83.6,1.6722,0.042281923,0.285675,0.323196,0.391128
3013,OK,,190.0,464.5302121,26.9427523,137.222222,123.6,2434.312968,53.671507,3.30867128,0.294529566,0.001644025,0.038321316,83.6,1.6722,0.039965341,0.285675,0.323196,0.391128
3014,OK,,190.0,464.5302121,26.9427523,138.333333,123.6,2454.024002,54.1060941,3.1058484,0.319454595,0.001779835,0.035932781,83.6,1.6722,0.037712616,0.285675,0.323196,0.391128
3015,OK,,190.0,464.5302121,26.9427523,139.444444,123.6,2473.735036,54.5406812,2.90089883,0.347508506,0.001932491,0.03352546,83.6,1.6722,0.035457951,0.285675,0.323196,0.391128
3016,OK,,190.0,464.5302121,26.9427523,140.555556,123.6,2493.446088,54.9752683,2.69735502,0.37885326,0.002102767,0.031138313,83.6,1.6722,0.03324108,0.285675,0.323196,0.391128
3017,OK,,190.0,464.5302121,26.9427523,141.666667,123.6,2513.157123,55.4098554,2.50047083,0.413320713,0.002289592,0.028829741,83.6,1.6722,0.031119333,0.285675,0.323196,0.391128
3018,OK,,190.0,464.5302121,26.9427523,142.777778,123.6,2532.868157,55.8444425,2.30636864,0.451863396,0.002498126,0.026557277,83.6,1.6722,0.029055403,0.285675,0.323196,0.391128
3019,OK,,190.0,464.5302121,26.9427523,143.888889,123.6,2552.579191,56.2790296,2.1076746,0.496439869,0.002739051,0.024239203,83.6,1.6722,0.026978254,0.285675,0.323196,0.391128
3020,OK,,190.0,464.5302121,26.9427523,145.0,123.6,2572.290225,56.7136167,1.91838212,0.545719377,0.003004754,0.022031199,83.6,1.6722,0.025035953,0.285675,0.323196,0.391128
3021,OK,,190.0,469.6393552,27.2390826,135.0,123.6,2394.890899,52.8023328,3.78230514,0.248049559,0.001387298,0.043816505,83.6,1.6722,0.045203803,0.285675,0.323196,0.391128
3022,OK,,190.0,469.6393552,27.2390826,136.111111,123.6,2414.601934,53.2369199,3.57566312,0.26804984,0.001496469,0.041381247,83.6,1.6722,0.042877716,0.285675,0.323196,0.391128
3023,OK,,190.0,469.6393552,27.2390826,137.222222,123.6,2434.312968,53.671507,3.36949434,0.290187578,0.001617112,0.038955382,83.6,1.6722,0.040572493,0.285675,0.323196,0.391128
3024,OK,,190.0,469.6393552,27.2390826,138.333333,123.6,2454.024002,54.1060941,3.16506431,0.314662891,0.001750261,0.036552946,83.6,1.6722,0.038303207,0.285675,0.323196,0.391128
3025,OK,,190.0,469.6393552,27.2390826,139.444444,123.6,2473.735036,54.5406812,2.96470264,0.341569897,0.001896349,0.034199741,83.6,1.6722,0.03609609,0.285675,0.323196,0.391128
3026,OK,,190.0,469.6393552,27.2390826,140.555556,123.6,2493.446088,54.9752683,2.76122261,0.372027582,0.002061513,0.031817045,83.6,1.6722,0.033878558,0.285675,0.323196,0.391128
3027,OK,,190.0,469.6393552,27.2390826,141.666667,123.6,2513.157123,55.4098554,2.56140235,0.405850991,0.002244578,0.029479545,83.6,1.6722,0.031724123,0.285675,0.323196,0.391128
3028,OK,,190.0,469.6393552,27.2390826,142.777778,123.6,2532.868157,55.8444425,2.36176247,0.444059957,0.002451062,0.0271491,83.6,1.6722,0.029600162,0.285675,0.323196,0.391128
3029,OK,,190.0,469.6393552,27.2390826,143.888889,123.6,2552.579191,56.2790296,2.16651302,0.486705749,0.002681066,0.024872504,83.6,1.6722,0.02755357,0.285675,0.323196,0.391128
3030,OK,,190.0,469.6393552,27.2390826,145.0,123.6,2572.290225,56.7136167,1.9740011,0.534969523,0.002940919,0.022631766,83.6,1.6722,0.025572685,0.285675,0.323196,0.391128
3031,OK,,190.0,474.7484966,27.5354128,135.0,123.6,2394.890899,52.8023328,3.84619349,0.244562787,0.001365503,0.044473474,83.6,1.6722,0.045838977,0.285675,0.323196,0.391128
3032,OK,,190.0,474.7484966,27.5354128,136.111111,123.6,2414.601934,53.2369199,3.63703747,0.26428779,0.001473012,0.042014859,83.6,1.6722,0.043487871,0.285675,0.323196,0.391128
3033,OK,,190.0,474.7484966,27.5354128,137.222222,123.6,2434.312968,53.671507,3.43158965,0.2858751,0.00159044,0.039600739,83.6,1.6722,0.041191179,0.285675,0.323196,0.391128
3034,OK,,190.0,474.7484966,27.5354128,138.333333,123.6,2454.024002,54.1060941,3.22479983,0.309967523,0.00172131,0.037176284,83.6,1.6722,0.038897594,0.285675,0.323196,0.391128
3035,OK,,190.0,474.7484966,27.5354128,139.444444,123.6,2473.735036,54.5406812,3.02477025,0.336192438,0.001863441,0.034830325,83.6,1.6722,0.036693766,0.285675,0.323196,0.391128
3036,OK,,190.0,474.7484966,27.5354128,140.555556,123.6,2493.446088,54.9752683,2.82156175,0.365833073,0.002023889,0.032454267,83.6,1.6722,0.034478156,0.285675,0.323196,0.391128
3037,OK,,190.0,474.7484966,27.5354128,141.666667,123.6,2513.157123,55.4098554,2.61953444,0.399003004,0.002203143,0.030095971,83.6,1.6722,0.032299115,0.285675,0.323196,0.391128
3038,OK,,190.0,474.7484966,27.5354128,142.777778,123.6,2532.868157,55.8444425,2.42075709,0.436001197,0.002402716,0.027778463,83.6,1.6722,0.030181178,0.285675,0.323196,0.391128
3039,OK,,190.0,474.7484966,27.5354128,143.888889,123.6,2552.579191,56.2790296,2.22158515,0.47805072,0.002629203,0.025461741,83.6,1.6722,0.028090944,0.285675,0.323196,0.391128
3040,OK,,190.0,474.7484966,27.5354128,145.0,123.6,2572.290225,56.7136167,2.02966836,0.524638699,0.002879571,0.023230667,83.6,1.6722,0.026110237,0.285675,0.323196,0.391128
3041,OK,,190.0,479.8576397,27.8317431,135.0,123.6,2394.890899,52.8023328,3.90557103,0.241430122,0.001345774,0.045079691,83.6,1.6722,0.046425465,0.285675,0.323196,0.391128
3042,OK,,190.0,479.8576397,27.8317431,136.111111,123.6,2414.601934,53.2369199,3.69888529,0.260592514,0.001450008,0.0426518,83.6,1.6722,0.044101807,0.285675,0.323196,0.391128
3043,OK,,190.0,479.8576397,27.8317431,137.222222,123.6,2434.312968,53.671507,3.49255964,0.281764459,0.001564987,0.040231951,83.6,1.6722,0.041796938,0.285675,0.323196,0.391128
3044,OK,,190.0,479.8576397,27.8317431,138.333333,123.6,2454.024002,54.1060941,3.28660717,0.30523116,0.001692226,0.037820452,83.6,1.6722,0.039512678,0.285675,0.323196,0.391128
3045,OK,,190.0,479.8576397,27.8317431,139.444444,123.6,2473.735036,54.5406812,3.08666597,0.33080183,0.001830568,0.035479055,83.6,1.6722,0.037309623,0.285675,0.323196,0.391128
3046,OK,,190.0,479.8576397,27.8317431,140.555556,123.6,2493.446088,54.9752683,2.88064625,0.359967913,0.001988217,0.033075841,83.6,1.6722,0.035064058,0.285675,0.323196,0.391128
3047,OK,,190.0,479.8576397,27.8317431,141.666667,123.6,2513.157123,55.4098554,2.67966038,0.392130465,0.002161706,0.030732502,83.6,1.6722,0.032894208,0.285675,0.323196,0.391128
3048,OK,,190.0,479.8576397,27.8317431,142.777778,123.6,2532.868157,55.8444425,2.48139367,0.427991569,0.002354796,0.028424017,83.6,1.6722,0.030778813,0.285675,0.323196,0.391128
3049,OK,,190.0,479.8576397,27.8317431,143.888889,123.6,2552.579191,56.2790296,2.28451148,0.468358198,0.002571785,0.02613595,83.6,1.6722,0.028707735,0.285675,0.323196,0.391128
3050,OK,,190.0,479.8576397,27.8317431,145.0,123.6,2572.290225,56.7136167,2.09179586,0.513476267,0.002813841,0.023899229,83.6,1.6722,0.02671307,0.285675,0.323196,0.391128
3051,OK,,190.0,484.9667828,28.1280734,135.0,123.6,2394.890899,52.8023328,3.98171282,0.237421219,0.00132118,0.04586447,83.6,1.6722,0.047185651,0.285675,0.323196,0.391128
3052,OK,,190.0,484.9667828,28.1280734,136.111111,123.6,2414.601934,53.2369199,3.75976972,0.257059655,0.001427981,0.043275802,83.6,1.6722,0.044703783,0.285675,0.323196,0.391128
3053,OK,,190.0,484.9667828,28.1280734,137.222222,123.6,2434.312968,53.671507,3.55115336,0.277941229,0.001541215,0.04083496,83.6,1.6722,0.042376175,0.285675,0.323196,0.391128
3054,OK,,190.0,484.9667828,28.1280734,138.333333,123.6,2454.024002,54.1060941,3.34766022,0.30069692,0.001664353,0.038453912,83.6,1.6722,0.040118265,0.285675,0.323196,0.391128
3055,OK,,190.0,484.9667828,28.1280734,139.444444,123.6,2473.735036,54.5406812,3.14610786,0.325804349,0.001799977,0.036098529,83.6,1.6722,0.037898506,0.285675,0.323196,0.391128
3056,OK,,190.0,484.9667828,28.1280734,140.555556,123.6,2493.446088,54.9752683,2.94126988,0.354127463,0.001952785,0.03371191,83.6,1.6722,0.035664695,0.285675,0.323196,0.391128
3057,OK,,190.0,484.9667828,28.1280734,141.666667,123.6,2513.157123,55.4098554,2.73955421,0.385517937,0.002121828,0.031364096,83.6,1.6722,0.033485924,0.285675,0.323196,0.391128
3058,OK,,190.0,484.9667828,28.1280734,142.777778,123.6,2532.868157,55.8444425,2.54154589,0.420337641,0.002308978,0.029061839,83.6,1.6722,0.031370817,0.285675,0.323196,0.391128
3059,OK,,190.0,484.9667828,28.1280734,143.888889,123.6,2552.579191,56.2790296,2.33895119,0.460384538,0.002523997,0.02671423,83.6,1.6722,0.029238227,0.285675,0.323196,0.391128
3060,OK,,190.0,484.9667828,28.1280734,145.0,123.6,2572.290225,56.7136167,2.14804455,0.503852707,0.002756752,0.024500489,83.6,1.6722,0.02725724,0.285675,0.323196,0.391128
3061,OK,,190.0,490.0759259,28.4244037,135.0,123.6,2394.890899,52.8023328,4.02985752,0.235089517,0.001306068,0.046344753,83.6,1.6722,0.047650821,0.285675,0.323196,0.391128
3062,OK,,190.0,490.0759259,28.4244037,136.111111,123.6,2414.601934,53.2369199,3.82564449,0.253308085,0.001404797,0.043951358,83.6,1.6722,0.045356155,0.285675,0.323196,0.391128
3063,OK,,190.0,490.0759259,28.4244037,137.222222,123.6,2434.312968,53.671507,3.61593937,0.273783411,0.001515647,0.041502761,83.6,1.6722,0.043018408,0.285675,0.323196,0.391128
3064,OK,,190.0,490.0759259,28.4244037,138.333333,123.6,2454.024002,54.1060941,3.41138902,0.296081844,0.001636114,0.039114077,83.6,1.6722,0.04075019,0.285675,0.323196,0.391128
3065,OK,,190.0,490.0759259,28.4244037,139.444444,123.6,2473.735036,54.5406812,3.20889936,0.320655196,0.001768634,0.036752194,83.6,1.6722,0.038520828,0.285675,0.323196,0.391128
3066,OK,,190.0,490.0759259,28.4244037,140.555556,123.6,2493.446088,54.9752683,3.00070405,0.348590734,0.001919142,0.034332704,83.6,1.6722,0.036251846,0.285675,0.323196,0.391128
3067,OK,,190.0,490.0759259,28.4244037,141.666667,123.6,2513.157123,55.4098554,2.80175428,0.378857316,0.002081801,0.032018625,83.6,1.6722,0.034100426,0.285675,0.323196,0.391128
3068,OK,,190.0,490.0759259,28.4244037,142.777778,123.6,2532.868157,55.8444425,2.59910203,0.413293153,0.002266654,0.02966895,83.6,1.6722,0.031935605,0.285675,0.323196,0.391128
3069,OK,,190.0,490.0759259,28.4244037,143.888889,123.6,2552.579191,56.2790296,2.39848015,0.451902388,0.002473291,0.027340412,83.6,1.6722,0.029813702,0.285675,0.323196,0.391128
3070,OK,,190.0,490.0759259,28.4244037,145.0,123.6,2572.290225,56.7136167,2.2030426,0.494807761,0.002703002,0.025085932,83.6,1.6722,0.027788934,0.285675,0.323196,0.391128
3071,OK,,190.0,495.1850672,28.7207339,135.0,123.6,2394.890899,52.8023328,4.09306843,0.231982459,0.001286658,0.046985133,83.6,1.6722,0.048271791,0.285675,0.323196,0.391128
3072,OK,,190.0,495.1850672,28.7207339,136.111111,123.6,2414.601934,53.2369199,3.88238657,0.25021732,0.001385374,0.044525984,83.6,1.6722,0.045911357,0.285675,0.323196,0.391128
3073,OK,,190.0,495.1850672,28.7207339,137.222222,123.6,2434.312968,53.671507,3.6777173,0.269951159,0.001491969,0.042135529,83.6,1.6722,0.043627497,0.285675,0.323196,0.391128
3074,OK,,190.0,495.1850672,28.7207339,138.333333,123.6,2454.024002,54.1060941,3.46758188,0.29218192,0.001611934,0.039690188,83.6,1.6722,0.041302121,0.285675,0.323196,0.391128
3075,OK,,190.0,495.1850672,28.7207339,139.444444,123.6,2473.735036,54.5406812,3.26520083,0.316225411,0.001741373,0.03733301,83.6,1.6722,0.039074383,0.285675,0.323196,0.391128
3076,OK,,190.0,495.1850672,28.7207339,140.555556,123.6,2493.446088,54.9752683,3.06337032,0.342906411,0.00188478,0.03498636,83.6,1.6722,0.036871139,0.285675,0.323196,0.391128
3077,OK,,190.0,495.1850672,28.7207339,141.666667,123.6,2513.157123,55.4098554,2.85698193,0.373198564,0.002047421,0.032594732,83.6,1.6722,0.034642152,0.285675,0.323196,0.391128
3078,OK,,190.0,495.1850672,28.7207339,142.777778,123.6,2532.868157,55.8444425,2.6627098,0.405709084,0.0022215,0.030339532,83.6,1.6722,0.032561032,0.285675,0.323196,0.391128
3079,OK,,190.0,495.1850672,28.7207339,143.888889,123.6,2552.579191,56.2790296,2.46074396,0.443335618,0.00242279,0.028006239,83.6,1.6722,0.030429029,0.285675,0.323196,0.391128
3080,OK,,190.0,495.1850672,28.7207339,145.0,123.6,2572.290225,56.7136167,2.26476581,0.485009924,0.002645282,0.025743109,83.6,1.6722,0.028388391,0.285675,0.323196,0.391128
3081,OK,,190.0,500.2942103,29.0170642,135.0,123.6,2394.890899,52.8023328,4.15384249,0.229085345,0.001268478,0.047596807,83.6,1.6722,0.048865285,0.285675,0.323196,0.391128
3082,OK,,190.0,500.2942103,29.0170642,136.111111,123.6,2414.601934,53.2369199,3.94493674,0.24685625,0.001364498,0.045160713,83.6,1.6722,0.046525211,0.285675,0.323196,0.391128
3083,OK,,190.0,500.2942103,29.0170642,137.222222,123.6,2434.312968,53.671507,3.73800676,0.266322901,0.001469494,0.042749755,83.6,1.6722,0.044219249,0.285675,0.323196,0.391128
3084,OK,,190.0,500.2942103,29.0170642,138.333333,123.6,2454.024002,54.1060941,3.5315782,0.287799751,0.001585145,0.040348297,83.6,1.6722,0.041933443,0.285675,0.323196,0.391128
3085,OK,,190.0,500.2942103,29.0170642,139.444444,123.6,2473.735036,54.5406812,3.32390866,0.31171319,0.001713734,0.037937636,83.6,1.6722,0.03965137,0.285675,0.323196,0.391128
3086,OK,,190.0,500.2942103,29.0170642,140.555556,123.6,2493.446088,54.9752683,3.1223515,0.337753534,0.001853452,0.035597496,83.6,1.6722,0.037450948,0.285675,0.323196,0.391128
3087,OK,,190.0,500.2942103,29.0170642,141.666667,123.6,2513.157123,55.4098554,2.9202845,0.366832323,0.002009239,0.033256476,83.6,1.6722,0.035265715,0.285675,0.323196,0.391128
3088,OK,,190.0,500.2942103,29.0170642,142.777778,123.6,2532.868157,55.8444425,2.70365393,0.401203364,0.002193362,0.030761504,83.6,1.6722,0.032954866,0.285675,0.323196,0.391128
3089,OK,,190.0,500.2942103,29.0170642,143.888889,123.6,2552.579191,56.2790296,2.52598319,0.434664075,0.002371596,0.028696019,83.6,1.6722,0.031067616,0.285675,0.323196,0.391128
3090,OK,,190.0,500.2942103,29.0170642,145.0,123.6,2572.290225,56.7136167,2.32480425,0.475813713,0.002591016,0.026379379,83.6,1.6722,0.028970395,0.285675,0.323196,0.391128
3091,OK,,190.0,505.4033534,29.3133945,135.0,123.6,2394.890899,52.8023328,4.21638165,0.226162186,0.001250214,0.048225658,83.6,1.6722,0.049475873,0.285675,0.323196,0.391128
3092,OK,,190.0,505.4033534,29.3133945,136.111111,123.6,2414.601934,53.2369199,4.00738101,0.243583922,0.001344187,0.045792521,83.6,1.6722,0.047136708,0.285675,0.323196,0.391128
3093,OK,,190.0,505.4033534,29.3133945,137.222222,123.6,2434.312968,53.671507,3.80098419,0.262609977,0.001446624,0.043391141,83.6,1.6722,0.044837765,0.285675,0.323196,0.391128
3094,OK,,190.0,505.4033534,29.3133945,138.333333,123.6,2454.024002,54.1060941,3.59519408,0.283566436,0.001559271,0.041000374,83.6,1.6722,0.042559645,0.285675,0.323196,0.391128
3095,OK,,190.0,505.4033534,29.3133945,139.444444,123.6,2473.735036,54.5406812,3.36633547,0.30866369,0.001694274,0.038364921,83.6,1.6722,0.040059195,0.285675,0.323196,0.391128
3096,OK,,190.0,505.4033534,29.3133945,140.555556,123.6,2493.446088,54.9752683,3.18302483,0.332588775,0.001822161,0.036225219,83.6,1.6722,0.03804738,0.285675,0.323196,0.391128
3097,OK,,190.0,505.4033534,29.3133945,141.666667,123.6,2513.157123,55.4098554,2.98002928,0.361042983,0.001974354,0.033877658,83.6,1.6722,0.035852013,0.285675,0.323196,0.391128
3098,OK,,190.0,505.4033534,29.3133945,142.777778,123.6,2532.868157,55.8444425,2.78195329,0.392285695,0.002141118,0.031588172,83.6,1.6722,0.033729289,0.285675,0.323196,0.391128
3099,OK,,190.0,505.4033534,29.3133945,143.888889,123.6,2552.579191,56.2790296,2.58032783,0.427800234,0.002330462,0.029265024,83.6,1.6722,0.031595486,0.285675,0.323196,0.391128
3100,OK,,190.0,505.4033534,29.3133945,145.0,123.6,2572.290225,56.7136167,2.38266805,0.467294536,0.00254062,0.026990015,83.6,1.6722,0.029530635,0.285675,0.323196,0.391128
3101,OK,,190.0,510.5124966,29.6097248,135.0,123.6,2394.890899,52.8023328,4.27284468,0.223621045,0.001234135,0.048787484,83.6,1.6722,0.050021618,0.285675,0.323196,0.391128
3102,OK,,190.0,510.5124966,29.6097248,136.111111,123.6,2414.601934,53.2369199,4.0696526,0.240406145,0.001324461,0.046420147,83.6,1.6722,0.047744608,0.285675,0.323196,0.391128
3103,OK,,190.0,510.5124966,29.6097248,137.222222,123.6,2434.312968,53.671507,3.86229535,0.259102387,0.00142496,0.044012286,83.6,1.6722,0.045437246,0.285675,0.323196,0.391128
3104,OK,,190.0,510.5124966,29.6097248,138.333333,123.6,2454.024002,54.1060941,3.65469698,0.279745095,0.001535752,0.041605887,83.6,1.6722,0.043141639,0.285675,0.323196,0.391128
3105,OK,,190.0,510.5124966,29.6097248,139.444444,123.6,2473.735036,54.5406812,3.44995539,0.302359988,0.001656903,0.039234262,83.6,1.6722,0.040891164,0.285675,0.323196,0.391128
3106,OK,,190.0,510.5124966,29.6097248,140.555556,123.6,2493.446088,54.9752683,3.24246013,0.327688337,0.001792418,0.036837293,83.6,1.6722,0.03862971,0.285675,0.323196,0.391128
3107,OK,,190.0,510.5124966,29.6097248,141.666667,123.6,2513.157123,55.4098554,3.04026344,0.355381452,0.001940274,0.03450189,83.6,1.6722,0.036442164,0.285675,0.323196,0.391128
3108,OK,,190.0,510.5124966,29.6097248,142.777778,123.6,2532.868157,55.8444425,2.83895826,0.386198897,0.002104542,0.032180785,83.6,1.6722,0.034285326,0.285675,0.323196,0.391128
3109,OK,,190.0,510.5124966,29.6097248,143.888889,123.6,2552.579191,56.2790296,2.64324763,0.420015117,0.00228441,0.029925202,83.6,1.6722,0.032209612,0.285675,0.323196,0.391128
3110,OK,,190.0,510.5124966,29.6097248,145.0,123.6,2572.290225,56.7136167,2.44106524,0.458995576,0.002491569,0.027604324,83.6,1.6722,0.030095893,0.285675,0.323196,0.391128
3111,OK,,190.0,515.6216379,29.906055,135.0,123.6,2394.890899,52.8023328,4.34051339,0.22057865,0.001215312,0.049466255,83.6,1.6722,0.050681567,0.285675,0.323196,0.391128
3112,OK,,190.0,515.6216379,29.906055,136.111111,123.6,2414.601934,53.2369199,4.13248017,0.237276391,0.001305061,0.047051256,83.6,1.6722,0.048356317,0.285675,0.323196,0.391128
3113,OK,,190.0,515.6216379,29.906055,137.222222,123.6,2434.312968,53.671507,3.92380067,0.255673393,0.001403796,0.044633181,83.6,1.6722,0.046036977,0.285675,0.323196,0.391128
3114,OK,,190.0,515.6216379,29.906055,138.333333,123.6,2454.024002,54.1060941,3.71600391,0.275897527,0.001512158,0.042228438,83.6,1.6722,0.043740597,0.285675,0.323196,0.391128
3115,OK,,190.0,515.6216379,29.906055,139.444444,123.6,2473.735036,54.5406812,3.51090311,0.298047534,0.00163062,0.03985667,83.6,1.6722,0.04148729,0.285675,0.323196,0.391128
3116,OK,,190.0,515.6216379,29.906055,140.555556,123.6,2493.446088,54.9752683,3.30596111,0.322572436,0.001761576,0.037490885,83.6,1.6722,0.039252462,0.285675,0.323196,0.391128
3117,OK,,190.0,515.6216379,29.906055,141.666667,123.6,2513.157123,55.4098554,3.10634957,0.349313515,0.001904063,0.035186941,83.6,1.6722,0.037091004,0.285675,0.323196,0.391128
3118,OK,,190.0,515.6216379,29.906055,142.777778,123.6,2532.868157,55.8444425,2.90035508,0.379802925,0.002066379,0.032818767,83.6,1.6722,0.034885146,0.285675,0.323196,0.391128
3119,OK,,190.0,515.6216379,29.906055,143.888889,123.6,2552.579191,56.2790296,2.69879112,0.41344933,0.002245147,0.030503079,83.6,1.6722,0.032748226,0.285675,0.323196,0.391128
3120,OK,,190.0,515.6216379,29.906055,145.0,123.6,2572.290225,56.7136167,2.49930572,0.451011154,0.002444372,0.028214761,83.6,1.6722,0.030659134,0.285675,0.323196,0.391128
3121,OK,,190.0,520.730781,30.2023853,135.0,123.6,2394.890899,52.8023328,4.40434135,0.217800819,0.001198017,0.050101737,83.6,1.6722,0.051299754,0.285675,0.323196,0.391128
3122,OK,,190.0,520.730781,30.2023853,136.111111,123.6,2414.601934,53.2369199,4.19433923,0.234277881,0.001286447,0.047669793,83.6,1.6722,0.04895624,0.285675,0.323196,0.391128
3123,OK,,190.0,520.730781,30.2023853,137.222222,123.6,2434.312968,53.671507,3.98619386,0.252278157,0.001382882,0.045261272,83.6,1.6722,0.046644155,0.285675,0.323196,0.391128
3124,OK,,190.0,520.730781,30.2023853,138.333333,123.6,2454.024002,54.1060941,3.77764573,0.272129972,0.001489076,0.042852347,83.6,1.6722,0.044341423,0.285675,0.323196,0.391128
3125,OK,,190.0,520.730781,30.2023853,139.444444,123.6,2473.735036,54.5406812,3.57221316,0.29382555,0.001604913,0.040480725,83.6,1.6722,0.042085638,0.285675,0.323196,0.391128
3126,OK,,190.0,520.730781,30.2023853,140.555556,123.6,2493.446088,54.9752683,3.36616476,0.317889975,0.001733206,0.038106718,83.6,1.6722,0.039839924,0.285675,0.323196,0.391128
3127,OK,,190.0,520.730781,30.2023853,141.666667,123.6,2513.157123,55.4098554,3.16349955,0.344300665,0.001873739,0.035773375,83.6,1.6722,0.037647114,0.285675,0.323196,0.391128
3128,OK,,190.0,520.730781,30.2023853,142.777778,123.6,2532.868157,55.8444425,2.9692112,0.372800605,0.002025015,0.033534852,83.6,1.6722,0.035559867,0.285675,0.323196,0.391128
3129,OK,,190.0,520.730781,30.2023853,143.888889,123.6,2552.579191,56.2790296,2.75956906,0.406433982,0.002203549,0.031135547,83.6,1.6722,0.033339096,0.285675,0.323196,0.391128
3130,OK,,190.0,520.730781,30.2023853,145.0,123.6,2572.290225,56.7136167,2.56168039,0.44270974,0.002395589,0.028867849,83.6,1.6722,0.031263438,0.285675,0.323196,0.391128
3131,OK,,190.0,525.8399241,30.4987156,135.0,123.6,2394.890899,52.8023328,4.46442975,0.215272029,0.00118215,0.050694733,83.6,1.6722,0.051876883,0.285675,0.323196,0.391128
3132,OK,,190.0,525.8399241,30.4987156,136.111111,123.6,2414.601934,53.2369199,4.25094784,0.231633872,0.001269845,0.048229845,83.6,1.6722,0.049499689,0.285675,0.323196,0.391128
3133,OK,,190.0,525.8399241,30.4987156,137.222222,123.6,2434.312968,53.671507,4.04372383,0.249260364,0.001364108,0.045834846,83.6,1.6722,0.047198954,0.285675,0.323196,0.391128
3134,OK,,190.0,525.8399241,30.4987156,138.333333,123.6,2454.024002,54.1060941,3.84405955,0.268152685,0.001464899,0.043524218,83.6,1.6722,0.044989117,0.285675,0.323196,0.391128
3135,OK,,190.0,525.8399241,30.4987156,139.444444,123.6,2473.735036,54.5406812,3.63113084,0.289900119,0.001580904,0.041076456,83.6,1.6722,0.042657361,0.285675,0.323196,0.391128
3136,OK,,190.0,525.8399241,30.4987156,140.555556,123.6,2493.446088,54.9752683,3.42513857,0.313446171,0.00170622,0.038706698,83.6,1.6722,0.040412918,0.285675,0.323196,0.391128
3137,OK,,190.0,525.8399241,30.4987156,141.666667,123.6,2513.157123,55.4098554,3.22224878,0.339283848,0.001843473,0.036374455,83.6,1.6722,0.038217928,0.285675,0.323196,0.391128
3138,OK,,190.0,525.8399241,30.4987156,142.777778,123.6,2532.868157,55.8444425,3.01916522,0.368043095,0.001996012,0.034044642,83.6,1.6722,0.036040654,0.285675,0.323196,0.391128
3139,OK,,190.0,525.8399241,30.4987156,143.888889,123.6,2552.579191,56.2790296,2.81454542,0.400355394,0.00216716,0.031702855,83.6,1.6722,0.033870015,0.285675,0.323196,0.391128
3140,OK,,190.0,525.8399241,30.4987156,145.0,123.6,2572.290225,56.7136167,2.61972446,0.435307036,0.002351815,0.02947146,83.6,1.6722,0.031823275,0.285675,0.323196,0.391128
3141,OK,,190.0,530.9490672,30.7950459,135.0,123.6,2394.890899,52.8023328,4.52494533,0.212775581,0.001166517,0.051290847,83.6,1.6722,0.052457364,0.285675,0.323196,0.391128
3142,OK,,190.0,530.9490672,30.7950459,136.111111,123.6,2414.601934,53.2369199,4.31682699,0.228564166,0.001250947,0.048886599,83.6,1.6722,0.050137546,0.285675,0.323196,0.391128
3143,OK,,190.0,530.9490672,30.7950459,137.222222,123.6,2434.312968,53.671507,4.10882769,0.245871731,0.001343354,0.046487311,83.6,1.6722,0.047830665,0.285675,0.323196,0.391128
3144,OK,,190.0,530.9490672,30.7950459,138.333333,123.6,2454.024002,54.1060941,3.90110978,0.264880051,0.00144468,0.044094846,83.6,1.6722,0.045539526,0.285675,0.323196,0.391128
3145,OK,,190.0,530.9490672,30.7950459,139.444444,123.6,2473.735036,54.5406812,3.69337697,0.285831024,0.001556188,0.041706155,83.6,1.6722,0.043262343,0.285675,0.323196,0.391128
3146,OK,,190.0,530.9490672,30.7950459,140.555556,123.6,2493.446088,54.9752683,3.48385826,0.309136681,0.001680059,0.039302453,83.6,1.6722,0.040982512,0.285675,0.323196,0.391128
3147,OK,,190.0,530.9490672,30.7950459,141.666667,123.6,2513.157123,55.4098554,3.28364608,0.334161125,0.001812729,0.037002323,83.6,1.6722,0.038815052,0.285675,0.323196,0.391128
3148,OK,,190.0,530.9490672,30.7950459,142.777778,123.6,2532.868157,55.8444425,3.0795792,0.362320062,0.001961844,0.03466548,83.6,1.6722,0.036627325,0.285675,0.323196,0.391128
3149,OK,,190.0,530.9490672,30.7950459,143.888889,123.6,2552.579191,56.2790296,2.87968079,0.39325855,0.002125355,0.03237792,83.6,1.6722,0.034503275,0.285675,0.323196,0.391128
3150,OK,,190.0,530.9490672,30.7950459,145.0,123.6,2572.290225,56.7136167,2.67956916,0.427898651,0.002308151,0.030092846,83.6,1.6722,0.032400998,0.285675,0.323196,0.391128
3151,OK,,190.0,536.0582086,31.0913761,135.0,123.6,2394.890899,52.8023328,4.59218001,0.210029265,0.00114955,0.051955648,83.6,1.6722,0.053105198,0.285675,0.323196,0.391128
3152,OK,,190.0,536.0582086,31.0913761,136.111111,123.6,2414.601934,53.2369199,4.38124854,0.225643978,0.001232933,0.04952574,83.6,1.6722,0.050758673,0.285675,0.323196,0.391128
3153,OK,,190.0,536.0582086,31.0913761,137.222222,123.6,2434.312968,53.671507,4.18632453,0.241876634,0.001319324,0.047268385,83.6,1.6722,0.048587709,0.285675,0.323196,0.391128
3154,OK,,190.0,536.0582086,31.0913761,138.333333,123.6,2454.024002,54.1060941,3.96590122,0.26119837,0.001422277,0.04474564,83.6,1.6722,0.046167916,0.285675,0.323196,0.391128
3155,OK,,190.0,536.0582086,31.0913761,139.444444,123.6,2473.735036,54.5406812,3.75655394,0.281804671,0.001531782,0.042343647,83.6,1.6722,0.043875429,0.285675,0.323196,0.391128
3156,OK,,190.0,536.0582086,31.0913761,140.555556,123.6,2493.446088,54.9752683,3.54970551,0.304378964,0.001651528,0.039972153,83.6,1.6722,0.041623681,0.285675,0.323196,0.391128
3157,OK,,190.0,536.0582086,31.0913761,141.666667,123.6,2513.157123,55.4098554,3.34603097,0.329097979,0.001782403,0.037638654,83.6,1.6722,0.039421056,0.285675,0.323196,0.391128
3158,OK,,190.0,536.0582086,31.0913761,142.777778,123.6,2532.868157,55.8444425,3.14633661,0.356133497,0.001925258,0.035352102,83.6,1.6722,0.03727736,0.285675,0.323196,0.391128
3159,OK,,190.0,536.0582086,31.0913761,143.888889,123.6,2552.579191,56.2790296,2.94470976,0.386412896,0.002085039,0.03304952,83.6,1.6722,0.035134559,0.285675,0.323196,0.391128
3160,OK,,190.0,536.0582086,31.0913761,145.0,123.6,2572.290225,56.7136167,2.73923937,0.420755518,0.002266055,0.030710328,83.6,1.6722,0.032976382,0.285675,0.323196,0.391128
3161,OK,,190.0,541.1673517,31.3877064,135.0,123.6,2394.890899,52.8023328,4.65557982,0.207522576,0.001133955,0.052577342,83.6,1.6722,0.053711297,0.285675,0.323196,0.391128
3162,OK,,190.0,541.1673517,31.3877064,136.111111,123.6,2414.601934,53.2369199,4.44205829,0.222975646,0.001216357,0.050124206,83.6,1.6722,0.051340563,0.285675,0.323196,0.391128
3163,OK,,190.0,541.1673517,31.3877064,137.222222,123.6,2434.312968,53.671507,4.23231363,0.239722572,0.001305484,0.047714231,83.6,1.6722,0.049019715,0.285675,0.323196,0.391128
3164,OK,,190.0,541.1673517,31.3877064,138.333333,123.6,2454.024002,54.1060941,4.02522585,0.257950929,0.001402317,0.045335983,83.6,1.6722,0.0467383,0.285675,0.323196,0.391128
3165,OK,,190.0,541.1673517,31.3877064,139.444444,123.6,2473.735036,54.5406812,3.81823668,0.277991526,0.00150861,0.042962677,83.6,1.6722,0.044471288,0.285675,0.323196,0.391128
3166,OK,,190.0,541.1673517,31.3877064,140.555556,123.6,2493.446088,54.9752683,3.60751976,0.300378217,0.001627208,0.040553808,83.6,1.6722,0.042181016,0.285675,0.323196,0.391128
3167,OK,,190.0,541.1673517,31.3877064,141.666667,123.6,2513.157123,55.4098554,3.40719425,0.324290143,0.001753551,0.038259414,83.6,1.6722,0.040012965,0.285675,0.323196,0.391128
3168,OK,,190.0,541.1673517,31.3877064,142.777778,123.6,2532.868157,55.8444425,3.20877859,0.350568477,0.00189215,0.035989882,83.6,1.6722,0.037882032,0.285675,0.323196,0.391128
3169,OK,,190.0,541.1673517,31.3877064,143.888889,123.6,2552.579191,56.2790296,2.99990409,0.380877977,0.002051938,0.033613323,83.6,1.6722,0.035665261,0.285675,0.323196,0.391128
3170,OK,,190.0,541.1673517,31.3877064,145.0,123.6,2572.290225,56.7136167,2.80132023,0.413546731,0.002223718,0.031351246,83.6,1.6722,0.033574964,0.285675,0.323196,0.391128
3171,OK,,190.0,546.2764948,31.6840367,135.0,123.6,2394.890899,52.8023328,4.71438139,0.205278816,0.001119847,0.053147633,83.6,1.6722,0.054267479,0.285675,0.323196,0.391128
3172,OK,,190.0,546.2764948,31.6840367,136.111111,123.6,2414.601934,53.2369199,4.50313229,0.220362238,0.001200122,0.050722269,83.6,1.6722,0.051922391,0.285675,0.323196,0.391128
3173,OK,,190.0,546.2764948,31.6840367,137.222222,123.6,2434.312968,53.671507,4.2948995,0.236722019,0.001287027,0.048332067,83.6,1.6722,0.049619094,0.285675,0.323196,0.391128
3174,OK,,190.0,546.2764948,31.6840367,138.333333,123.6,2454.024002,54.1060941,4.08345393,0.254853759,0.001383228,0.045911725,83.6,1.6722,0.047294953,0.285675,0.323196,0.391128
3175,OK,,190.0,546.2764948,31.6840367,139.444444,123.6,2473.735036,54.5406812,3.87662423,0.2745045,0.001487276,0.043543788,83.6,1.6722,0.045031064,0.285675,0.323196,0.391128
3176,OK,,190.0,546.2764948,31.6840367,140.555556,123.6,2493.446088,54.9752683,3.66632945,0.296413243,0.001603142,0.041143147,83.6,1.6722,0.042746288,0.285675,0.323196,0.391128
3177,OK,,190.0,546.2764948,31.6840367,141.666667,123.6,2513.157123,55.4098554,3.46545618,0.31986881,0.001726871,0.03884637,83.6,1.6722,0.040573241,0.285675,0.323196,0.391128
3178,OK,,190.0,546.2764948,31.6840367,142.777778,123.6,2532.868157,55.8444425,3.26285003,0.345969157,0.001864362,0.036535636,83.6,1.6722,0.038399998,0.285675,0.323196,0.391128
3179,OK,,190.0,546.2764948,31.6840367,143.888889,123.6,2552.579191,56.2790296,3.05928404,0.375059796,0.002017384,0.034219136,83.6,1.6722,0.03623652,0.285675,0.323196,0.391128
3180,OK,,190.0,546.2764948,31.6840367,145.0,123.6,2572.290225,56.7136167,2.85995262,0.407004091,0.002185082,0.031952379,83.6,1.6722,0.034137462,0.285675,0.323196,0.391128
3181,OK,,190.0,551.3856379,31.980367,135.0,123.6,2394.890899,52.8023328,4.77682658,0.202915194,0.001105136,0.053755574,83.6,1.6722,0.05486071,0.285675,0.323196,0.391128
3182,OK,,190.0,551.3856379,31.980367,136.111111,123.6,2414.601934,53.2369199,4.56725488,0.217650808,0.001183414,0.051351656,83.6,1.6722,0.05253507,0.285675,0.323196,0.391128
3183,OK,,190.0,551.3856379,31.980367,137.222222,123.6,2434.312968,53.671507,4.35680778,0.233815768,0.00126916,0.048942101,83.6,1.6722,0.05021126,0.285675,0.323196,0.391128
3184,OK,,190.0,551.3856379,31.980367,138.333333,123.6,2454.024002,54.1060941,4.14789775,0.251453127,0.001362555,0.04655225,83.6,1.6722,0.047914805,0.285675,0.323196,0.391128
3185,OK,,190.0,551.3856379,31.980367,139.444444,123.6,2473.735036,54.5406812,3.94044516,0.270736038,0.00146449,0.044181508,83.6,1.6722,0.045645997,0.285675,0.323196,0.391128
3186,OK,,190.0,551.3856379,31.980367,140.555556,123.6,2493.446088,54.9752683,3.73262264,0.291991081,0.001576679,0.041810769,83.6,1.6722,0.043387448,0.285675,0.323196,0.391128
3187,OK,,190.0,551.3856379,31.980367,141.666667,123.6,2513.157123,55.4098554,3.52937311,0.31508915,0.001698346,0.03949241,83.6,1.6722,0.041190756,0.285675,0.323196,0.391128
3188,OK,,190.0,551.3856379,31.980367,142.777778,123.6,2532.868157,55.8444425,3.32297528,0.340916387,0.001834224,0.037144977,83.6,1.6722,0.0389792,0.285675,0.323196,0.391128
3189,OK,,190.0,551.3856379,31.980367,143.888889,123.6,2552.579191,56.2790296,3.12024933,0.36923436,0.001982917,0.034840827,83.6,1.6722,0.036823744,0.285675,0.323196,0.391128
3190,OK,,190.0,551.3856379,31.980367,145.0,123.6,2572.290225,56.7136167,2.91804914,0.400709795,0.002147926,0.032546782,83.6,1.6722,0.034694708,0.285675,0.323196,0.391128
3191,OK,,190.0,556.4947793,32.2766972,135.0,123.6,2394.890899,52.8023328,4.84007273,0.200573078,0.001090583,0.054369107,83.6,1.6722,0.055459691,0.285675,0.323196,0.391128
3192,OK,,190.0,556.4947793,32.2766972,136.111111,123.6,2414.601934,53.2369199,4.63007958,0.215065985,0.001167445,0.051964731,83.6,1.6722,0.053132177,0.285675,0.323196,0.391128
3193,OK,,190.0,556.4947793,32.2766972,137.222222,123.6,2434.312968,53.671507,4.42179503,0.230822133,0.001250862,0.049581646,83.6,1.6722,0.050832508,0.285675,0.323196,0.391128
3194,OK,,190.0,556.4947793,32.2766972,138.333333,123.6,2454.024002,54.1060941,4.21209331,0.248154154,0.001342493,0.047187393,83.6,1.6722,0.048529886,0.285675,0.323196,0.391128
3195,OK,,190.0,556.4947793,32.2766972,139.444444,123.6,2473.735036,54.5406812,4.00179253,0.267222742,0.001443155,0.044790509,83.6,1.6722,0.046233664,0.285675,0.323196,0.391128
3196,OK,,190.0,556.4947793,32.2766972,140.555556,123.6,2493.446088,54.9752683,3.79500799,0.287970386,0.001552469,0.042434377,83.6,1.6722,0.043986847,0.285675,0.323196,0.391128
3197,OK,,190.0,556.4947793,32.2766972,141.666667,123.6,2513.157123,55.4098554,3.58926755,0.310766054,0.001672375,0.040093287,83.6,1.6722,0.041765662,0.285675,0.323196,0.391128
3198,OK,,190.0,556.4947793,32.2766972,142.777778,123.6,2532.868157,55.8444425,3.38338262,0.335982583,0.001804809,0.037754818,83.6,1.6722,0.039559628,0.285675,0.323196,0.391128
3199,OK,,190.0,556.4947793,32.2766972,143.888889,123.6,2552.579191,56.2790296,3.18199523,0.363508231,0.001949079,0.03546828,83.6,1.6722,0.037417359,0.285675,0.323196,0.391128
3200,OK,,190.0,556.4947793,32.2766972,145.0,123.6,2572.290225,56.7136167,2.97874401,0.39431234,0.002110313,0.033166472,83.6,1.6722,0.035276785,0.285675,0.323196,0.391128
3201,OK,,190.0,561.6039224,32.5730275,135.0,123.6,2394.890899,52.8023328,4.90606238,0.198171725,0.001075748,0.055008775,83.6,1.6722,0.056084523,0.285675,0.323196,0.391128
3202,OK,,190.0,561.6039224,32.5730275,136.111111,123.6,2414.601934,53.2369199,4.69266475,0.21255086,0.001151906,0.05257299,83.6,1.6722,0.053724895,0.285675,0.323196,0.391128
3203,OK,,190.0,561.6039224,32.5730275,137.222222,123.6,2434.312968,53.671507,4.48436294,0.22802351,0.001233684,0.050193578,83.6,1.6722,0.051427262,0.285675,0.323196,0.391128
3204,OK,,190.0,561.6039224,32.5730275,138.333333,123.6,2454.024002,54.1060941,4.27122664,0.245219776,0.001324477,0.047767265,83.6,1.6722,0.049091743,0.285675,0.323196,0.391128
3205,OK,,190.0,561.6039224,32.5730275,139.444444,123.6,2473.735036,54.5406812,4.06368629,0.263763401,0.001422176,0.045403009,83.6,1.6722,0.046825185,0.285675,0.323196,0.391128
3206,OK,,190.0,561.6039224,32.5730275,140.555556,123.6,2493.446088,54.9752683,3.85559388,0.284180621,0.001529584,0.043036825,83.6,1.6722,0.044566409,0.285675,0.323196,0.391128
3207,OK,,190.0,561.6039224,32.5730275,141.666667,123.6,2513.157123,55.4098554,3.65000056,0.306490622,0.001646736,0.040700845,83.6,1.6722,0.042347581,0.285675,0.323196,0.391128
3208,OK,,190.0,561.6039224,32.5730275,142.777778,123.6,2532.868157,55.8444425,3.44546651,0.331037328,0.001775418,0.038380178,83.6,1.6722,0.040155596,0.285675,0.323196,0.391128
3209,OK,,190.0,561.6039224,32.5730275,143.888889,123.6,2552.579191,56.2790296,3.2429796,0.358022829,0.001916635,0.036085429,83.6,1.6722,0.038002064,0.285675,0.323196,0.391128
3210,OK,,190.0,561.6039224,32.5730275,145.0,123.6,2572.290225,56.7136167,3.04054855,0.387984942,0.002073185,0.033795717,83.6,1.6722,0.035868903,0.285675,0.323196,0.391128
3211,OK,,190.0,566.7130655,32.8693578,135.0,123.6,2394.890899,52.8023328,4.96827373,0.195980624,0.001062104,0.055606253,83.6,1.6722,0.056668357,0.285675,0.323196,0.391128
3212,OK,,190.0,566.7130655,32.8693578,136.111111,123.6,2414.601934,53.2369199,4.7530815,0.210193694,0.00113727,0.053155901,83.6,1.6722,0.054293171,0.285675,0.323196,0.391128
3213,OK,,190.0,566.7130655,32.8693578,137.222222,123.6,2434.312968,53.671507,4.54304223,0.225484988,0.001217969,0.050762188,83.6,1.6722,0.051980157,0.285675,0.323196,0.391128
3214,OK,,190.0,566.7130655,32.8693578,138.333333,123.6,2454.024002,54.1060941,4.3339281,0.242162879,0.001305841,0.048381624,83.6,1.6722,0.049687465,0.285675,0.323196,0.391128
3215,OK,,190.0,566.7130655,32.8693578,139.444444,123.6,2473.735036,54.5406812,4.12701451,0.260308453,0.001401274,0.046027685,83.6,1.6722,0.047428959,0.285675,0.323196,0.391128
3216,OK,,190.0,566.7130655,32.8693578,140.555556,123.6,2493.446088,54.9752683,3.91560235,0.280530725,0.001507515,0.043630484,83.6,1.6722,0.045137999,0.285675,0.323196,0.391128
3217,OK,,190.0,566.7130655,32.8693578,141.666667,123.6,2513.157123,55.4098554,3.70979413,0.302404574,0.001622187,0.04129582,83.6,1.6722,0.042918008,0.285675,0.323196,0.391128
3218,OK,,190.0,566.7130655,32.8693578,142.777778,123.6,2532.868157,55.8444425,3.50866905,0.326142344,0.001746374,0.039014537,83.6,1.6722,0.040760911,0.285675,0.323196,0.391128
3219,OK,,190.0,566.7130655,32.8693578,143.888889,123.6,2552.579191,56.2790296,3.29947273,0.353131044,0.001887469,0.036652515,83.6,1.6722,0.038539984,0.285675,0.323196,0.391128
3220,OK,,190.0,566.7130655,32.8693578,145.0,123.6,2572.290225,56.7136167,3.0993884,0.38217748,0.002038944,0.034390926,83.6,1.6722,0.03642987,0.285675,0.323196,0.391128
3221,OK,,190.0,571.8222086,33.1656881,135.0,123.6,2394.890899,52.8023328,5.02961212,0.193863404,0.001048917,0.056194053,83.6,1.6722,0.05724297,0.285675,0.323196,0.391128
3222,OK,,190.0,571.8222086,33.1656881,136.111111,123.6,2414.601934,53.2369199,4.81708343,0.207722606,0.001122068,0.053775143,83.6,1.6722,0.054897211,0.285675,0.323196,0.391128
3223,OK,,190.0,571.8222086,33.1656881,137.222222,123.6,2434.312968,53.671507,4.60806042,0.222689267,0.001200913,0.051395899,83.6,1.6722,0.052596811,0.285675,0.323196,0.391128
3224,OK,,190.0,571.8222086,33.1656881,138.333333,123.6,2454.024002,54.1060941,4.3962735,0.239189446,0.001287727,0.048991379,83.6,1.6722,0.050279106,0.285675,0.323196,0.391128
3225,OK,,190.0,571.8222086,33.1656881,139.444444,123.6,2473.735036,54.5406812,4.18814005,0.257060509,0.001381572,0.046628378,83.6,1.6722,0.04800995,0.285675,0.323196,0.391128
3226,OK,,190.0,571.8222086,33.1656881,140.555556,123.6,2493.446088,54.9752683,3.97957796,0.276699482,0.001484546,0.044264698,83.6,1.6722,0.045749245,0.285675,0.323196,0.391128
3227,OK,,190.0,571.8222086,33.1656881,141.666667,123.6,2513.157123,55.4098554,3.77508287,0.298008069,0.001596052,0.041947399,83.6,1.6722,0.043543451,0.285675,0.323196,0.391128
3228,OK,,190.0,571.8222086,33.1656881,142.777778,123.6,2532.868157,55.8444425,3.56684461,0.321789793,0.001720355,0.03959494,83.6,1.6722,0.041315295,0.285675,0.323196,0.391128
3229,OK,,190.0,571.8222086,33.1656881,143.888889,123.6,2552.579191,56.2790296,3.36625438,0.34740125,0.001853906,0.03732695,83.6,1.6722,0.039180856,0.285675,0.323196,0.391128
3230,OK,,190.0,571.8222086,33.1656881,145.0,123.6,2572.290225,56.7136167,3.16145629,0.376187645,0.002003846,0.03501908,83.6,1.6722,0.037022926,0.285675,0.323196,0.391128
3231,OK,,190.0,576.93135,33.4620183,135.0,123.6,2394.890899,52.8023328,5.09227997,0.19174239,0.001035744,0.056792933,83.6,1.6722,0.057828677,0.285675,0.323196,0.391128
3232,OK,,190.0,576.93135,33.4620183,136.111111,123.6,2414.601934,53.2369199,4.88043462,0.205339815,0.001107388,0.054385061,83.6,1.6722,0.055492449,0.285675,0.323196,0.391128
3233,OK,,190.0,576.93135,33.4620183,137.222222,123.6,2434.312968,53.671507,4.66947801,0.220131409,0.001185196,0.051989592,83.6,1.6722,0.053174789,0.285675,0.323196,0.391128
3234,OK,,190.0,576.93135,33.4620183,138.333333,123.6,2454.024002,54.1060941,4.4586077,0.236289154,0.001270059,0.049598367,83.6,1.6722,0.050868426,0.285675,0.323196,0.391128
3235,OK,,190.0,576.93135,33.4620183,139.444444,123.6,2473.735036,54.5406812,4.25107805,0.253789574,0.001361799,0.0472454,83.6,1.6722,0.048607199,0.285675,0.323196,0.391128
3236,OK,,190.0,576.93135,33.4620183,140.555556,123.6,2493.446088,54.9752683,4.04116989,0.273124548,0.001463024,0.044871384,83.6,1.6722,0.046334408,0.285675,0.323196,0.391128
3237,OK,,190.0,576.93135,33.4620183,141.666667,123.6,2513.157123,55.4098554,3.83926902,0.293815368,0.001571085,0.042584709,83.6,1.6722,0.044155794,0.285675,0.323196,0.391128
3238,OK,,190.0,576.93135,33.4620183,142.777778,123.6,2532.868157,55.8444425,3.62894271,0.317236725,0.001693327,0.040214058,83.6,1.6722,0.041907385,0.285675,0.323196,0.391128
3239,OK,,190.0,576.93135,33.4620183,143.888889,123.6,2552.579191,56.2790296,3.42790407,0.342314578,0.001823883,0.037944744,83.6,1.6722,0.039768627,0.285675,0.323196,0.391128
3240,OK,,190.0,576.93135,33.4620183,145.0,123.6,2572.290225,56.7136167,3.22304487,0.370430848,0.001970089,0.035639672,83.6,1.6722,0.037609762,0.285675,0.323196,0.391128
3241,OK,,190.0,582.0404931,33.7583486,135.0,123.6,2394.890899,52.8023328,5.15414986,0.189697017,0.001023023,0.057381355,83.6,1.6722,0.058404378,0.285675,0.323196,0.391128
3242,OK,,190.0,582.0404931,33.7583486,136.111111,123.6,2414.601934,53.2369199,4.94358668,0.203017135,0.001093078,0.054990536,83.6,1.6722,0.056083615,0.285675,0.323196,0.391128
3243,OK,,190.0,582.0404931,33.7583486,137.222222,123.6,2434.312968,53.671507,4.73515051,0.217435637,0.001168776,0.052624965,83.6,1.6722,0.053793742,0.285675,0.323196,0.391128
3244,OK,,190.0,582.0404931,33.7583486,138.333333,123.6,2454.024002,54.1060941,4.52355364,0.233324823,0.001252095,0.050230135,83.6,1.6722,0.051482231,0.285675,0.323196,0.391128
3245,OK,,190.0,582.0404931,33.7583486,139.444444,123.6,2473.735036,54.5406812,4.31199737,0.250712373,0.00134313,0.04783917,83.6,1.6722,0.0491823,0.285675,0.323196,0.391128
3246,OK,,190.0,582.0404931,33.7583486,140.555556,123.6,2493.446088,54.9752683,4.1053451,0.269476453,0.001441169,0.045502686,83.6,1.6722,0.046943855,0.285675,0.323196,0.391128
3247,OK,,190.0,582.0404931,33.7583486,141.666667,123.6,2513.157123,55.4098554,3.90397281,0.289699487,0.001546604,0.043225033,83.6,1.6722,0.044771637,0.285675,0.323196,0.391128
3248,OK,,190.0,582.0404931,33.7583486,142.777778,123.6,2532.868157,55.8444425,3.69127022,0.312789789,0.001666945,0.040833315,83.6,1.6722,0.04250026,0.285675,0.323196,0.391128
3249,OK,,190.0,582.0404931,33.7583486,143.888889,123.6,2552.579191,56.2790296,3.48646698,0.337642502,0.001796167,0.03852799,83.6,1.6722,0.040324156,0.285675,0.323196,0.391128
3250,OK,,190.0,582.0404931,33.7583486,145.0,123.6,2572.290225,56.7136167,3.28144167,0.365159625,0.001939023,0.036224543,83.6,1.6722,0.038163566,0.285675,0.323196,0.391128
3251,OK,,190.0,587.1496362,34.0546789,135.0,123.6,2394.890899,52.8023328,5.21913837,0.187581273,0.001009952,0.057999036,83.6,1.6722,0.059008988,0.285675,0.323196,0.391128
3252,OK,,190.0,587.1496362,34.0546789,136.111111,123.6,2414.601934,53.2369199,5.00645207,0.200759084,0.001079158,0.055590362,83.6,1.6722,0.056669521,0.285675,0.323196,0.391128
3253,OK,,190.0,587.1496362,34.0546789,137.222222,123.6,2434.312968,53.671507,4.79555633,0.215042001,0.00115404,0.053203337,83.6,1.6722,0.054357376,0.285675,0.323196,0.391128
3254,OK,,190.0,587.1496362,34.0546789,138.333333,123.6,2454.024002,54.1060941,4.58339352,0.230687671,0.00123595,0.050806445,83.6,1.6722,0.052042395,0.285675,0.323196,0.391128
3255,OK,,190.0,587.1496362,34.0546789,139.444444,123.6,2473.735036,54.5406812,4.37597759,0.247540947,0.001324002,0.048462059,83.6,1.6722,0.049786062,0.285675,0.323196,0.391128
3256,OK,,190.0,587.1496362,34.0546789,140.555556,123.6,2493.446088,54.9752683,4.16512942,0.266193794,0.001421341,0.046085777,83.6,1.6722,0.047507117,0.285675,0.323196,0.391128
3257,OK,,190.0,587.1496362,34.0546789,141.666667,123.6,2513.157123,55.4098554,3.95970203,0.28630994,0.001526092,0.04376943,83.6,1.6722,0.045295522,0.285675,0.323196,0.391128
3258,OK,,190.0,587.1496362,34.0546789,142.777778,123.6,2532.868157,55.8444425,3.75148357,0.308627256,0.00164216,0.041427986,83.6,1.6722,0.043070146,0.285675,0.323196,0.391128
3259,OK,,190.0,587.1496362,34.0546789,143.888889,123.6,2552.579191,56.2790296,3.546852,0.332940898,0.001768366,0.039127908,83.6,1.6722,0.040896274,0.285675,0.323196,0.391128
3260,OK,,190.0,587.1496362,34.0546789,145.0,123.6,2572.290225,56.7136167,3.34235691,0.359794447,0.001907538,0.036833441,83.6,1.6722,0.038740979,0.285675,0.323196,0.391128
3261,OK,,190.0,592.2587793,34.3510092,135.0,123.6,2394.890899,52.8023328,5.28064597,0.185635091,0.000997847,0.058579399,83.6,1.6722,0.059577246,0.285675,0.323196,0.391128
3262,OK,,190.0,592.2587793,34.3510092,136.111111,123.6,2414.601934,53.2369199,5.07156667,0.198458262,0.001065052,0.056211599,83.6,1.6722,0.05727665,0.285675,0.323196,0.391128
3263,OK,,190.0,592.2587793,34.3510092,137.222222,123.6,2434.312968,53.671507,4.85630614,0.212680163,0.001139523,0.053783611,83.6,1.6722,0.054923134,0.285675,0.323196,0.391128
3264,OK,,190.0,592.2587793,34.3510092,138.333333,123.6,2454.024002,54.1060941,4.64449796,0.228044397,0.001219824,0.051394257,83.6,1.6722,0.052614081,0.285675,0.323196,0.391128
3265,OK,,190.0,592.2587793,34.3510092,139.444444,123.6,2473.735036,54.5406812,4.43782022,0.244558603,0.001305955,0.049061118,83.6,1.6722,0.050367073,0.285675,0.323196,0.391128
3266,OK,,190.0,592.2587793,34.3510092,140.555556,123.6,2493.446088,54.9752683,4.22862453,0.262762254,0.001400775,0.046705644,83.6,1.6722,0.04810642,0.285675,0.323196,0.391128
3267,OK,,190.0,592.2587793,34.3510092,141.666667,123.6,2513.157123,55.4098554,4.02237619,0.282529329,0.001503547,0.044384378,83.6,1.6722,0.045887925,0.285675,0.323196,0.391128
3268,OK,,190.0,592.2587793,34.3510092,142.777778,123.6,2532.868157,55.8444425,3.81494793,0.304324746,0.001616703,0.042054755,83.6,1.6722,0.043671457,0.285675,0.323196,0.391128
3269,OK,,190.0,592.2587793,34.3510092,143.888889,123.6,2552.579191,56.2790296,3.6062131,0.328446382,0.001741759,0.039715448,83.6,1.6722,0.041457207,0.285675,0.323196,0.391128
3270,OK,,190.0,592.2587793,34.3510092,145.0,123.6,2572.290225,56.7136167,3.40451901,0.354459336,0.001876311,0.037453582,83.6,1.6722,0.039329894,0.285675,0.323196,0.391128
3271,OK,,190.0,597.3679207,34.6473394,135.0,123.6,2394.890899,52.8023328,5.34504812,0.183625929,0.000985433,0.05918721,83.6,1.6722,0.060172644,0.285675,0.323196,0.391128
3272,OK,,190.0,597.3679207,34.6473394,136.111111,123.6,2414.601934,53.2369199,5.1314435,0.196413533,0.001052374,0.056776994,83.6,1.6722,0.057829368,0.285675,0.323196,0.391128
3273,OK,,190.0,597.3679207,34.6473394,137.222222,123.6,2434.312968,53.671507,4.9203531,0.210229863,0.00112457,0.054395625,83.6,1.6722,0.055520195,0.285675,0.323196,0.391128
3274,OK,,190.0,597.3679207,34.6473394,138.333333,123.6,2454.024002,54.1060941,4.71002159,0.225249092,0.001202925,0.052025203,83.6,1.6722,0.053228127,0.285675,0.323196,0.391128
3275,OK,,190.0,597.3679207,34.6473394,139.444444,123.6,2473.735036,54.5406812,4.50030021,0.241612867,0.001288157,0.049664521,83.6,1.6722,0.050952677,0.285675,0.323196,0.391128
3276,OK,,190.0,597.3679207,34.6473394,140.555556,123.6,2493.446088,54.9752683,4.29166822,0.25944281,0.001380871,0.047318549,83.6,1.6722,0.04869942,0.285675,0.323196,0.391128
3277,OK,,190.0,597.3679207,34.6473394,141.666667,123.6,2513.157123,55.4098554,4.08298836,0.278979319,0.001482302,0.044975732,83.6,1.6722,0.046458034,0.285675,0.323196,0.391128
3278,OK,,190.0,597.3679207,34.6473394,142.777778,123.6,2532.868157,55.8444425,3.87374075,0.300477372,0.001593752,0.042630795,83.6,1.6722,0.044224547,0.285675,0.323196,0.391128
3279,OK,,190.0,597.3679207,34.6473394,143.888889,123.6,2552.579191,56.2790296,3.66864094,0.32381954,0.001714521,0.040332736,83.6,1.6722,0.042047257,0.285675,0.323196,0.391128
3280,OK,,190.0,597.3679207,34.6473394,145.0,123.6,2572.290225,56.7136167,3.46076332,0.349817363,0.001848861,0.038009871,83.6,1.6722,0.039858733,0.285675,0.323196,0.391128
3281,OK,,190.0,602.4770638,34.9436697,135.0,123.6,2394.890899,52.8023328,5.40764319,0.181720929,0.000973621,0.059774098,83.6,1.6722,0.060747719,0.285675,0.323196,0.391128
3282,OK,,190.0,602.4770638,34.9436697,136.111111,123.6,2414.601934,53.2369199,5.1961433,0.194226227,0.001038961,0.057389391,83.6,1.6722,0.058428352,0.285675,0.323196,0.391128
3283,OK,,190.0,602.4770638,34.9436697,137.222222,123.6,2434.312968,53.671507,4.98394636,0.20785155,0.001110048,0.05500052,83.6,1.6722,0.056110568,0.285675,0.323196,0.391128
3284,OK,,190.0,602.4770638,34.9436697,138.333333,123.6,2454.024002,54.1060941,4.7708088,0.222741063,0.001187621,0.052605248,83.6,1.6722,0.053792869,0.285675,0.323196,0.391128
3285,OK,,190.0,602.4770638,34.9436697,139.444444,123.6,2473.735036,54.5406812,4.56188493,0.23878081,0.00127102,0.050256407,83.6,1.6722,0.051527427,0.285675,0.323196,0.391128
3286,OK,,190.0,602.4770638,34.9436697,140.555556,123.6,2493.446088,54.9752683,4.35165185,0.256378903,0.001362394,0.047897643,83.6,1.6722,0.049260036,0.285675,0.323196,0.391128
3287,OK,,190.0,602.4770638,34.9436697,141.666667,123.6,2513.157123,55.4098554,4.14414163,0.275481778,0.001461398,0.045570509,83.6,1.6722,0.047031907,0.285675,0.323196,0.391128
3288,OK,,190.0,602.4770638,34.9436697,142.777778,123.6,2532.868157,55.8444425,3.9327731,0.296707372,0.001571278,0.043207228,83.6,1.6722,0.044778506,0.285675,0.323196,0.391128
3289,OK,,190.0,602.4770638,34.9436697,143.888889,123.6,2552.579191,56.2790296,3.72968967,0.319428192,0.001688614,0.040933481,83.6,1.6722,0.042622095,0.285675,0.323196,0.391128
3290,OK,,190.0,602.4770638,34.9436697,145.0,123.6,2572.290225,56.7136167,3.52471192,0.344606873,0.001818467,0.038644203,83.6,1.6722,0.04046267,0.285675,0.323196,0.391128
3291,OK,,190.0,607.5862069,35.24,135.0,123.6,2394.890899,52.8023328,5.473133,0.179756094,0.000961522,0.060388604,83.6,1.6722,0.061350126,0.285675,0.323196,0.391128
3292,OK,,190.0,607.5862069,35.24,136.111111,123.6,2414.601934,53.2369199,5.25741779,0.19221207,0.001026525,0.057964979,83.6,1.6722,0.058991504,0.285675,0.323196,0.391128
3293,OK,,190.0,607.5862069,35.24,137.222222,123.6,2434.312968,53.671507,5.04468393,0.205642614,0.001096485,0.055574498,83.6,1.6722,0.056670983,0.285675,0.323196,0.391128
3294,OK,,190.0,607.5862069,35.24,138.333333,123.6,2454.024002,54.1060941,4.83487881,0.220134974,0.001171837,0.053217021,83.6,1.6722,0.054388858,0.285675,0.323196,0.391128
3295,OK,,190.0,607.5862069,35.24,139.444444,123.6,2473.735036,54.5406812,4.62302522,0.236034283,0.001254396,0.050841955,83.6,1.6722,0.05209635,0.285675,0.323196,0.391128
3296,OK,,190.0,607.5862069,35.24,140.555556,123.6,2493.446088,54.9752683,4.41477238,0.253207113,0.001343395,0.048507164,83.6,1.6722,0.04985056,0.285675,0.323196,0.391128
3297,OK,,190.0,607.5862069,35.24,141.666667,123.6,2513.157123,55.4098554,4.20772224,0.271913885,0.001440182,0.046188355,83.6,1.6722,0.047628537,0.285675,0.323196,0.391128
3298,OK,,190.0,607.5862069,35.24,142.777778,123.6,2532.868157,55.8444425,3.99464182,0.292829438,0.001548298,0.043811161,83.6,1.6722,0.045359458,0.285675,0.323196,0.391128
3299,OK,,190.0,607.5862069,35.24,143.888889,123.6,2552.579191,56.2790296,3.7901393,0.315194529,0.001663624,0.041526146,83.6,1.6722,0.04318977,0.285675,0.323196,0.391128
3300,OK,,190.0,607.5862069,35.24,145.0,123.6,2572.290225,56.7136167,3.57776498,0.340488709,0.00179396,0.039163661,83.6,1.6722,0.040957621,0.285675,0.323196,0.391128
3301,OK,,195.0,50.68965517,2.94,135.0,123.6,2394.890899,52.8023328,0.029486463,2.87744634,0.018407358,0.000390308,83.6,1.6722,0.018797665,0.285675,0.323196,0.391128
3302,OK,,195.0,50.68965517,2.94,136.111111,123.6,2414.601934,53.2369199,0.020666843,3.30349821,0.021050178,0.000272085,83.6,1.6722,0.021322263,0.285675,0.323196,0.391128
3303,OK,,195.0,50.68965517,2.94,137.222222,123.6,2434.312968,53.671507,0.015004273,3.72904779,0.023668373,0.00019646,83.6,1.6722,0.023864833,0.285675,0.323196,0.391128
3304,OK,,195.0,50.68965517,2.94,138.333333,123.6,2454.024002,54.1060941,0.011017254,4.17107749,0.026368034,0.000143463,83.6,1.6722,0.026511497,0.285675,0.323196,0.391128
3305,OK,,195.0,50.68965517,2.94,139.444444,123.6,2473.735036,54.5406812,0.008254364,4.62126387,0.029089902,0.000106843,83.6,1.6722,0.029196745,0.285675,0.323196,0.391128
3306,OK,,195.0,50.68965517,2.94,140.555556,123.6,2493.446088,54.9752683,0.006484691,5.03507708,0.031575671,8.35e-05,83.6,1.6722,0.031659188,0.285675,0.323196,0.391128
3307,OK,,195.0,50.68965517,2.94,141.666667,123.6,2513.157123,55.4098554,0.005047538,5.48396004,0.034250923,6.47e-05,83.6,1.6722,0.034315573,0.285675,0.323196,0.391128
3308,OK,,195.0,50.68965517,2.94,142.777778,123.6,2532.868157,55.8444425,0.004016675,5.92299653,0.036842884,5.12e-05,83.6,1.6722,0.036894048,0.285675,0.323196,0.391128
3309,OK,,195.0,50.68965517,2.94,143.888889,123.6,2552.579191,56.2790296,0.003148861,6.40569532,0.039664208,3.99e-05,83.6,1.6722,0.039704066,0.285675,0.323196,0.391128
3310,OK,,195.0,50.68965517,2.94,145.0,123.6,2572.290225,56.7136167,0.002617819,6.81513929,0.042045243,3.3e-05,83.6,1.6722,0.042078224,0.285675,0.323196,0.391128
3311,OK,,195.0,55.79879793,3.23633028,135.0,123.6,2394.890899,52.8023328,0.031818747,2.80345503,0.017907115,0.000420813,83.6,1.6722,0.018327928,0.285675,0.323196,0.391128
3312,OK,,195.0,55.79879793,3.23633028,136.111111,123.6,2414.601934,53.2369199,0.02192092,3.24169716,0.020624894,0.000288347,83.6,1.6722,0.020913241,0.285675,0.323196,0.391128
3313,OK,,195.0,55.79879793,3.23633028,137.222222,123.6,2434.312968,53.671507,0.016122623,3.64617101,0.023108269,0.000210921,83.6,1.6722,0.023319191,0.285675,0.323196,0.391128
3314,OK,,195.0,55.79879793,3.23633028,138.333333,123.6,2454.024002,54.1060941,0.011810858,4.08776907,0.025803161,0.000153656,83.6,1.6722,0.025956817,0.285675,0.323196,0.391128
3315,OK,,195.0,55.79879793,3.23633028,139.444444,123.6,2473.735036,54.5406812,0.008718596,4.54993312,0.028604822,0.000112814,83.6,1.6722,0.028717635,0.285675,0.323196,0.391128
3316,OK,,195.0,55.79879793,3.23633028,140.555556,123.6,2493.446088,54.9752683,0.006626003,5.00757177,0.031343613,8.52e-05,83.6,1.6722,0.031428815,0.285675,0.323196,0.391128
3317,OK,,195.0,55.79879793,3.23633028,141.666667,123.6,2513.157123,55.4098554,0.005411152,5.40047293,0.033682128,6.93e-05,83.6,1.6722,0.033751381,0.285675,0.323196,0.391128
3318,OK,,195.0,55.79879793,3.23633028,142.777778,123.6,2532.868157,55.8444425,0.004247118,5.84139713,0.036284483,5.41e-05,83.6,1.6722,0.036338541,0.285675,0.323196,0.391128
3319,OK,,195.0,55.79879793,3.23633028,143.888889,123.6,2552.579191,56.2790296,0.003421952,6.27814778,0.038839345,4.33e-05,83.6,1.6722,0.038882661,0.285675,0.323196,0.391128
3320,OK,,195.0,55.79879793,3.23633028,145.0,123.6,2572.290225,56.7136167,0.002780622,6.72076767,0.041407607,3.5e-05,83.6,1.6722,0.041442613,0.285675,0.323196,0.391128
3321,OK,,195.0,60.90794052,3.53266055,135.0,123.6,2394.890899,52.8023328,0.034164481,2.73267303,0.017428662,0.000451439,83.6,1.6722,0.017880101,0.285675,0.323196,0.391128
3322,OK,,195.0,60.90794052,3.53266055,136.111111,123.6,2414.601934,53.2369199,0.023805246,3.15503737,0.020044405,0.00031287,83.6,1.6722,0.020357275,0.285675,0.323196,0.391128
3323,OK,,195.0,60.90794052,3.53266055,137.222222,123.6,2434.312968,53.671507,0.017216463,3.57338768,0.022613914,0.00022505,83.6,1.6722,0.022838964,0.285675,0.323196,0.391128
3324,OK,,195.0,60.90794052,3.53266055,138.333333,123.6,2454.024002,54.1060941,0.012678343,4.00473309,0.025243078,0.000164814,83.6,1.6722,0.025407893,0.285675,0.323196,0.391128
3325,OK,,195.0,60.90794052,3.53266055,139.444444,123.6,2473.735036,54.5406812,0.009463183,4.44639709,0.027915714,0.000122353,83.6,1.6722,0.028038067,0.285675,0.323196,0.391128
3326,OK,,195.0,60.90794052,3.53266055,140.555556,123.6,2493.446088,54.9752683,0.007045889,4.92554615,0.03078267,9.05e-05,83.6,1.6722,0.030873175,0.285675,0.323196,0.391128
3327,OK,,195.0,60.90794052,3.53266055,141.666667,123.6,2513.157123,55.4098554,0.005663601,5.3232356,0.033153183,7.24e-05,83.6,1.6722,0.03322561,0.285675,0.323196,0.391128
3328,OK,,195.0,60.90794052,3.53266055,142.777778,123.6,2532.868157,55.8444425,0.004505823,5.75645096,0.035707222,5.73e-05,83.6,1.6722,0.035764528,0.285675,0.323196,0.391128
3329,OK,,195.0,60.90794052,3.53266055,143.888889,123.6,2552.579191,56.2790296,0.003588218,6.20795698,0.038350365,4.54e-05,83.6,1.6722,0.038395751,0.285675,0.323196,0.391128
3330,OK,,195.0,60.90794052,3.53266055,145.0,123.6,2572.290225,56.7136167,0.002923638,6.64284372,0.040870675,3.68e-05,83.6,1.6722,0.040907453,0.285675,0.323196,0.391128
3331,OK,,195.0,66.01708328,3.82899083,135.0,123.6,2394.890899,52.8023328,0.035052827,2.7090115,0.017240886,0.000462228,83.6,1.6722,0.017703115,0.285675,0.323196,0.391128
3332,OK,,195.0,66.01708328,3.82899083,136.111111,123.6,2414.601934,53.2369199,0.025794365,3.07871083,0.019530512,0.000338723,83.6,1.6722,0.019869235,0.285675,0.323196,0.391128
3333,OK,,195.0,66.01708328,3.82899083,137.222222,123.6,2434.312968,53.671507,0.01807288,3.52024794,0.02224342,0.000236042,83.6,1.6722,0.022479462,0.285675,0.323196,0.391128
3334,OK,,195.0,66.01708328,3.82899083,138.333333,123.6,2454.024002,54.1060941,0.01307939,3.96768494,0.024963939,0.000169783,83.6,1.6722,0.025133722,0.285675,0.323196,0.391128
3335,Errors,,195.0,66.01708328,3.82899083,139.444444,123.6,2473.735036,54.5406812,0.035257635,3.40969248,0.021018067,0.000457035,83.6,1.6722,0.021475102,0.285675,0.323196,0.391128
3336,OK,,195.0,66.01708328,3.82899083,140.555556,123.6,2493.446088,54.9752683,0.00767054,4.81327331,0.030054427,9.86e-05,83.6,1.6722,0.030152979,0.285675,0.323196,0.391128
3337,OK,,195.0,66.01708328,3.82899083,141.666667,123.6,2513.157123,55.4098554,0.006144024,5.23769178,0.032574472,7.85e-05,83.6,1.6722,0.032652979,0.285675,0.323196,0.391128
3338,OK,,195.0,66.01708328,3.82899083,142.777778,123.6,2532.868157,55.8444425,0.004688042,5.70005805,0.035299528,5.96e-05,83.6,1.6722,0.035359083,0.285675,0.323196,0.391128
3339,OK,,195.0,66.01708328,3.82899083,143.888889,123.6,2552.579191,56.2790296,0.003773605,6.13284723,0.03783307,4.77e-05,83.6,1.6722,0.037880763,0.285675,0.323196,0.391128
3340,OK,,195.0,66.01708328,3.82899083,145.0,123.6,2572.290225,56.7136167,0.002977584,6.61704853,0.040648486,3.74e-05,83.6,1.6722,0.040685911,0.285675,0.323196,0.391128
3341,OK,,195.0,71.12622586,4.1253211,135.0,123.6,2394.890899,52.8023328,0.040875906,2.59310461,0.016488557,0.000539156,83.6,1.6722,0.017027713,0.285675,0.323196,0.391128
3342,OK,,195.0,71.12622586,4.1253211,136.111111,123.6,2414.601934,53.2369199,0.027828246,3.00019452,0.019004342,0.000365112,83.6,1.6722,0.019369454,0.285675,0.323196,0.391128
3343,OK,,195.0,71.12622586,4.1253211,137.222222,123.6,2434.312968,53.671507,0.018262466,3.51039051,0.022144336,0.000238302,83.6,1.6722,0.022382637,0.285675,0.323196,0.391128
3344,OK,,195.0,71.12622586,4.1253211,138.333333,123.6,2454.024002,54.1060941,0.014282005,3.8651463,0.024291611,0.000185362,83.6,1.6722,0.024476973,0.285675,0.323196,0.391128
3345,OK,,195.0,71.12622586,4.1253211,139.444444,123.6,2473.735036,54.5406812,0.010676962,4.29906618,0.02691225,0.000137821,83.6,1.6722,0.027050072,0.285675,0.323196,0.391128
3346,OK,,195.0,71.12622586,4.1253211,140.555556,123.6,2493.446088,54.9752683,0.007990799,4.76073441,0.029681559,0.000102581,83.6,1.6722,0.02978414,0.285675,0.323196,0.391128
3347,OK,,195.0,71.12622586,4.1253211,141.666667,123.6,2513.157123,55.4098554,0.006234452,5.16634206,0.032084826,7.96e-05,83.6,1.6722,0.032164427,0.285675,0.323196,0.391128
3348,OK,,195.0,71.12622586,4.1253211,142.777778,123.6,2532.868157,55.8444425,0.004991822,5.60974325,0.034698186,6.34e-05,83.6,1.6722,0.034761573,0.285675,0.323196,0.391128
3349,OK,,195.0,71.12622586,4.1253211,143.888889,123.6,2552.579191,56.2790296,0.003976875,6.05505087,0.037300902,5.02e-05,83.6,1.6722,0.037351125,0.285675,0.323196,0.391128
3350,OK,,195.0,71.12622586,4.1253211,145.0,123.6,2572.290225,56.7136167,0.003193649,6.49982263,0.039878213,4.01e-05,83.6,1.6722,0.039918325,0.285675,0.323196,0.391128
3351,OK,,195.0,76.23536862,4.42165138,135.0,123.6,2394.890899,52.8023328,0.044611866,2.51128012,0.015944614,0.00058791,83.6,1.6722,0.016532524,0.285675,0.323196,0.391128
3352,OK,,195.0,76.23536862,4.42165138,136.111111,123.6,2414.601934,53.2369199,0.030362989,2.91425437,0.018433173,0.000398034,83.6,1.6722,0.018831207,0.285675,0.323196,0.391128
3353,OK,,195.0,76.23536862,4.42165138,137.222222,123.6,2434.312968,53.671507,0.021367586,3.34088681,0.021049749,0.000278611,83.6,1.6722,0.021328361,0.285675,0.323196,0.391128
3354,OK,,195.0,76.23536862,4.42165138,138.333333,123.6,2454.024002,54.1060941,0.015863037,3.74651735,0.023514889,0.000205725,83.6,1.6722,0.023720613,0.285675,0.323196,0.391128
3355,OK,,195.0,76.23536862,4.42165138,139.444444,123.6,2473.735036,54.5406812,0.011589213,4.19770891,0.026241692,0.000149479,83.6,1.6722,0.026391171,0.285675,0.323196,0.391128
3356,OK,,195.0,76.23536862,4.42165138,140.555556,123.6,2493.446088,54.9752683,0.008847108,4.62485661,0.028798193,0.000113491,83.6,1.6722,0.028911684,0.285675,0.323196,0.391128
3357,OK,,195.0,76.23536862,4.42165138,141.666667,123.6,2513.157123,55.4098554,0.006816029,5.07042604,0.031446164,8.7e-05,83.6,1.6722,0.031533123,0.285675,0.323196,0.391128
3358,OK,,195.0,76.23536862,4.42165138,142.777778,123.6,2532.868157,55.8444425,0.005302191,5.54063371,0.034221489,6.73e-05,83.6,1.6722,0.034288763,0.285675,0.323196,0.391128
3359,OK,,195.0,76.23536862,4.42165138,143.888889,123.6,2552.579191,56.2790296,0.004262696,5.94938436,0.036601922,5.38e-05,83.6,1.6722,0.036655716,0.285675,0.323196,0.391128
3360,OK,,195.0,76.23536862,4.42165138,145.0,123.6,2572.290225,56.7136167,0.003482914,6.38030129,0.039095301,4.37e-05,83.6,1.6722,0.039139015,0.285675,0.323196,0.391128
3361,OK,,195.0,81.34451121,4.71798165,135.0,123.6,2394.890899,52.8023328,0.051333296,2.37569686,0.015063921,0.000675903,83.6,1.6722,0.015739824,0.285675,0.323196,0.391128
3362,OK,,195.0,81.34451121,4.71798165,136.111111,123.6,2414.601934,53.2369199,0.034410293,2.79195349,0.017635739,0.000450715,83.6,1.6722,0.018086454,0.285675,0.323196,0.391128
3363,OK,,195.0,81.34451121,4.71798165,137.222222,123.6,2434.312968,53.671507,0.024106039,3.21541062,0.020232271,0.000314067,83.6,1.6722,0.020546338,0.285675,0.323196,0.391128
3364,OK,,195.0,81.34451121,4.71798165,138.333333,123.6,2454.024002,54.1060941,0.017110917,3.65787461,0.022925905,0.000221728,83.6,1.6722,0.023147633,0.285675,0.323196,0.391128
3365,OK,,195.0,81.34451121,4.71798165,139.444444,123.6,2473.735036,54.5406812,0.012850018,4.07273547,0.025427275,0.000165616,83.6,1.6722,0.02559289,0.285675,0.323196,0.391128
3366,OK,,195.0,81.34451121,4.71798165,140.555556,123.6,2493.446088,54.9752683,0.00973944,4.50164695,0.027994699,0.000124845,83.6,1.6722,0.028119544,0.285675,0.323196,0.391128
3367,OK,,195.0,81.34451121,4.71798165,141.666667,123.6,2513.157123,55.4098554,0.007470564,4.94090781,0.030604222,9.52e-05,83.6,1.6722,0.030699463,0.285675,0.323196,0.391128
3368,OK,,195.0,81.34451121,4.71798165,142.777778,123.6,2532.868157,55.8444425,0.005841716,5.38605896,0.033227783,7.41e-05,83.6,1.6722,0.033301853,0.285675,0.323196,0.391128
3369,OK,,195.0,81.34451121,4.71798165,143.888889,123.6,2552.579191,56.2790296,0.004671458,5.81581779,0.035735257,5.89e-05,83.6,1.6722,0.035794163,0.285675,0.323196,0.391128
3370,OK,,195.0,81.34451121,4.71798165,145.0,123.6,2572.290225,56.7136167,0.003751555,6.25880176,0.038303343,4.71e-05,83.6,1.6722,0.038350396,0.285675,0.323196,0.391128
3371,OK,,195.0,86.45365397,5.01431193,135.0,123.6,2394.890899,52.8023328,0.057824201,2.27694579,0.014416909,0.000760662,83.6,1.6722,0.015177571,0.285675,0.323196,0.391128
3372,OK,,195.0,86.45365397,5.01431193,136.111111,123.6,2414.601934,53.2369199,0.039611397,2.68317324,0.016925024,0.000518387,83.6,1.6722,0.017443411,0.285675,0.323196,0.391128
3373,OK,,195.0,86.45365397,5.01431193,137.222222,123.6,2434.312968,53.671507,0.027474398,3.07704667,0.019336598,0.000357667,83.6,1.6722,0.019694265,0.285675,0.323196,0.391128
3374,OK,,195.0,86.45365397,5.01431193,138.333333,123.6,2454.024002,54.1060941,0.019472081,3.5149278,0.022002095,0.000252132,83.6,1.6722,0.022254227,0.285675,0.323196,0.391128
3375,OK,,195.0,86.45365397,5.01431193,139.444444,123.6,2473.735036,54.5406812,0.014199638,3.9526378,0.024644938,0.00018287,83.6,1.6722,0.024827807,0.285675,0.323196,0.391128
3376,OK,,195.0,86.45365397,5.01431193,140.555556,123.6,2493.446088,54.9752683,0.010667405,4.38794039,0.027251437,0.000136636,83.6,1.6722,0.027388073,0.285675,0.323196,0.391128
3377,OK,,195.0,86.45365397,5.01431193,141.666667,123.6,2513.157123,55.4098554,0.008261634,4.81062743,0.02975964,0.000105249,83.6,1.6722,0.029864889,0.285675,0.323196,0.391128
3378,OK,,195.0,86.45365397,5.01431193,142.777778,123.6,2532.868157,55.8444425,0.00639044,5.25982582,0.032408082,8.1e-05,83.6,1.6722,0.03248905,0.285675,0.323196,0.391128
3379,OK,,195.0,86.45365397,5.01431193,143.888889,123.6,2552.579191,56.2790296,0.00504357,5.70333552,0.034999949,6.36e-05,83.6,1.6722,0.035063505,0.285675,0.323196,0.391128
3380,OK,,195.0,86.45365397,5.01431193,145.0,123.6,2572.290225,56.7136167,0.003778109,6.13597345,0.037504801,4.74e-05,83.6,1.6722,0.037552153,0.285675,0.323196,0.391128
3381,OK,,195.0,91.56279655,5.3106422,135.0,123.6,2394.890899,52.8023328,0.066340089,2.16592423,0.013694737,0.000871871,83.6,1.6722,0.014566607,0.285675,0.323196,0.391128
3382,OK,,195.0,91.56279655,5.3106422,136.111111,123.6,2414.601934,53.2369199,0.044704338,2.56580501,0.016162562,0.000584536,83.6,1.6722,0.016747098,0.285675,0.323196,0.391128
3383,OK,,195.0,91.56279655,5.3106422,137.222222,123.6,2434.312968,53.671507,0.030501652,2.97267673,0.018652255,0.000396619,83.6,1.6722,0.019048873,0.285675,0.323196,0.391128
3384,OK,,195.0,91.56279655,5.3106422,138.333333,123.6,2454.024002,54.1060941,0.021577629,3.40176675,0.021264977,0.000279173,83.6,1.6722,0.02154415,0.285675,0.323196,0.391128
3385,OK,,195.0,91.56279655,5.3106422,139.444444,123.6,2473.735036,54.5406812,0.015971598,3.81654557,0.023766118,0.000205535,83.6,1.6722,0.023971654,0.285675,0.323196,0.391128
3386,OK,,195.0,91.56279655,5.3106422,140.555556,123.6,2493.446088,54.9752683,0.011801995,4.26090456,0.02642846,0.000151056,83.6,1.6722,0.026579517,0.285675,0.323196,0.391128
3387,OK,,195.0,91.56279655,5.3106422,141.666667,123.6,2513.157123,55.4098554,0.009006895,4.69409743,0.029000898,0.000114658,83.6,1.6722,0.029115556,0.285675,0.323196,0.391128
3388,OK,,195.0,91.56279655,5.3106422,142.777778,123.6,2532.868157,55.8444425,0.006994499,5.13423123,0.031594188,8.86e-05,83.6,1.6722,0.031682746,0.285675,0.323196,0.391128
3389,OK,,195.0,91.56279655,5.3106422,143.888889,123.6,2552.579191,56.2790296,0.005522357,5.57131109,0.034147648,6.95e-05,83.6,1.6722,0.03421719,0.285675,0.323196,0.391128
3390,OK,,195.0,91.56279655,5.3106422,145.0,123.6,2572.290225,56.7136167,0.00408166,6.13302904,0.03738733,5.1e-05,83.6,1.6722,0.03743833,0.285675,0.323196,0.391128
3391,OK,,195.0,96.67193931,5.60697248,135.0,123.6,2394.890899,52.8023328,0.075994114,2.06321323,0.013026671,0.000997776,83.6,1.6722,0.014024447,0.285675,0.323196,0.391128
3392,OK,,195.0,96.67193931,5.60697248,136.111111,123.6,2414.601934,53.2369199,0.05023408,2.44837177,0.015401666,0.000656266,83.6,1.6722,0.016057932,0.285675,0.323196,0.391128
3393,OK,,195.0,96.67193931,5.60697248,137.222222,123.6,2434.312968,53.671507,0.034064849,2.86276563,0.017940272,0.000442722,83.6,1.6722,0.018382994,0.285675,0.323196,0.391128
3394,OK,,195.0,96.67193931,5.60697248,138.333333,123.6,2454.024002,54.1060941,0.024290795,3.27666709,0.020455887,0.000314025,83.6,1.6722,0.020769912,0.285675,0.323196,0.391128
3395,OK,,195.0,96.67193931,5.60697248,139.444444,123.6,2473.735036,54.5406812,0.017737564,3.69304862,0.02296692,0.000228082,83.6,1.6722,0.023195002,0.285675,0.323196,0.391128
3396,OK,,195.0,96.67193931,5.60697248,140.555556,123.6,2493.446088,54.9752683,0.013235054,4.12040359,0.025525051,0.000169273,83.6,1.6722,0.025694324,0.285675,0.323196,0.391128
3397,OK,,195.0,96.67193931,5.60697248,141.666667,123.6,2513.157123,55.4098554,0.009915101,4.56941183,0.028194333,0.000126126,83.6,1.6722,0.028320459,0.285675,0.323196,0.391128
3398,OK,,195.0,96.67193931,5.60697248,142.777778,123.6,2532.868157,55.8444425,0.00755423,5.00805311,0.030778771,9.56e-05,83.6,1.6722,0.030874346,0.285675,0.323196,0.391128
3399,OK,,195.0,96.67193931,5.60697248,143.888889,123.6,2552.579191,56.2790296,0.005855131,5.4874627,0.033587419,7.37e-05,83.6,1.6722,0.033661093,0.285675,0.323196,0.391128
3400,OK,,195.0,96.67193931,5.60697248,145.0,123.6,2572.290225,56.7136167,0.00481348,5.88174159,0.03586203,6.02e-05,83.6,1.6722,0.035922274,0.285675,0.323196,0.391128
3401,OK,,195.0,101.7810819,5.90330275,135.0,123.6,2394.890899,52.8023328,0.087882437,1.95824913,0.012346362,0.001152711,83.6,1.6722,0.013499072,0.285675,0.323196,0.391128
3402,OK,,195.0,101.7810819,5.90330275,136.111111,123.6,2414.601934,53.2369199,0.057483478,2.33365156,0.014659779,0.000750299,83.6,1.6722,0.015410078,0.285675,0.323196,0.391128
3403,OK,,195.0,101.7810819,5.90330275,137.222222,123.6,2434.312968,53.671507,0.038280075,2.73481279,0.017115706,0.000497096,83.6,1.6722,0.017612802,0.285675,0.323196,0.391128
3404,OK,,195.0,101.7810819,5.90330275,138.333333,123.6,2454.024002,54.1060941,0.027458902,3.14478014,0.019606171,0.000354668,83.6,1.6722,0.019960839,0.285675,0.323196,0.391128
3405,OK,,195.0,101.7810819,5.90330275,139.444444,123.6,2473.735036,54.5406812,0.018763278,3.62572817,0.022506647,0.000240863,83.6,1.6722,0.02274751,0.285675,0.323196,0.391128
3406,OK,,195.0,101.7810819,5.90330275,140.555556,123.6,2493.446088,54.9752683,0.014521006,4.00743197,0.024792241,0.000185578,83.6,1.6722,0.024977819,0.285675,0.323196,0.391128
3407,OK,,195.0,101.7810819,5.90330275,141.666667,123.6,2513.157123,55.4098554,0.011024984,4.43439882,0.027327044,0.000140143,83.6,1.6722,0.027467186,0.285675,0.323196,0.391128
3408,OK,,195.0,101.7810819,5.90330275,142.777778,123.6,2532.868157,55.8444425,0.008419341,4.88086583,0.029959266,0.000106444,83.6,1.6722,0.030065709,0.285675,0.323196,0.391128
3409,OK,,195.0,101.7810819,5.90330275,143.888889,123.6,2552.579191,56.2790296,0.006685438,5.29771786,0.032391423,8.41e-05,83.6,1.6722,0.032475491,0.285675,0.323196,0.391128
3410,OK,,195.0,101.7810819,5.90330275,145.0,123.6,2572.290225,56.7136167,0.005220109,5.76106257,0.035082098,6.53e-05,83.6,1.6722,0.035147385,0.285675,0.323196,0.391128
3411,OK,,195.0,106.8902247,6.19963303,135.0,123.6,2394.890899,52.8023328,0.101673223,1.8574871,0.011694242,0.001332209,83.6,1.6722,0.013026451,0.285675,0.323196,0.391128
3412,OK,,195.0,106.8902247,6.19963303,136.111111,123.6,2414.601934,53.2369199,0.066222354,2.21684683,0.013906865,0.000863563,83.6,1.6722,0.014770428,0.285675,0.323196,0.391128
3413,OK,,195.0,106.8902247,6.19963303,137.222222,123.6,2434.312968,53.671507,0.044915368,2.61780604,0.016361142,0.000582748,83.6,1.6722,0.01694389,0.285675,0.323196,0.391128
3414,OK,,195.0,106.8902247,6.19963303,138.333333,123.6,2454.024002,54.1060941,0.030744719,3.0296443,0.018863659,0.000396823,83.6,1.6722,0.019260482,0.285675,0.323196,0.391128
3415,OK,,195.0,106.8902247,6.19963303,139.444444,123.6,2473.735036,54.5406812,0.021932101,3.45639325,0.021438158,0.00028158,83.6,1.6722,0.021719739,0.285675,0.323196,0.391128
3416,OK,,195.0,106.8902247,6.19963303,140.555556,123.6,2493.446088,54.9752683,0.016195535,3.8807417,0.023977483,0.000206822,83.6,1.6722,0.024184305,0.285675,0.323196,0.391128
3417,OK,,195.0,106.8902247,6.19963303,141.666667,123.6,2513.157123,55.4098554,0.012237726,4.30215418,0.026478641,0.000155444,83.6,1.6722,0.026634085,0.285675,0.323196,0.391128
3418,OK,,195.0,106.8902247,6.19963303,142.777778,123.6,2532.868157,55.8444425,0.009194031,4.76063616,0.029183769,0.000116152,83.6,1.6722,0.029299921,0.285675,0.323196,0.391128
3419,OK,,195.0,106.8902247,6.19963303,143.888889,123.6,2552.579191,56.2790296,0.007294813,5.17547394,0.031603945,9.17e-05,83.6,1.6722,0.03169561,0.285675,0.323196,0.391128
3420,OK,,195.0,106.8902247,6.19963303,145.0,123.6,2572.290225,56.7136167,0.005560772,5.6324656,0.034256681,6.95e-05,83.6,1.6722,0.034326181,0.285675,0.323196,0.391128
3421,OK,,195.0,111.9993672,6.4959633,135.0,123.6,2394.890899,52.8023328,0.118481356,1.75703929,0.011045881,0.001550741,83.6,1.6722,0.012596622,0.285675,0.323196,0.391128
3422,OK,,195.0,111.9993672,6.4959633,136.111111,123.6,2414.601934,53.2369199,0.075844773,2.11213645,0.013231295,0.000988096,83.6,1.6722,0.014219391,0.285675,0.323196,0.391128
3423,OK,,195.0,111.9993672,6.4959633,137.222222,123.6,2434.312968,53.671507,0.050279296,2.50278666,0.015620916,0.00065178,83.6,1.6722,0.016272695,0.285675,0.323196,0.391128
3424,OK,,195.0,111.9993672,6.4959633,138.333333,123.6,2454.024002,54.1060941,0.034348603,2.91571224,0.018129686,0.000442973,83.6,1.6722,0.018572659,0.285675,0.323196,0.391128
3425,OK,,195.0,111.9993672,6.4959633,139.444444,123.6,2473.735036,54.5406812,0.024787315,3.32310998,0.020584945,0.00031799,83.6,1.6722,0.020902935,0.285675,0.323196,0.391128
3426,OK,,195.0,111.9993672,6.4959633,140.555556,123.6,2493.446088,54.9752683,0.01686863,3.82944247,0.02361277,0.00021498,83.6,1.6722,0.02382775,0.285675,0.323196,0.391128
3427,OK,,195.0,111.9993672,6.4959633,141.666667,123.6,2513.157123,55.4098554,0.013522321,4.17735216,0.025677476,0.000171633,83.6,1.6722,0.025849109,0.285675,0.323196,0.391128
3428,OK,,195.0,111.9993672,6.4959633,142.777778,123.6,2532.868157,55.8444425,0.010774178,4.61621294,0.028264047,0.000136018,83.6,1.6722,0.028400065,0.285675,0.323196,0.391128
3429,OK,,195.0,111.9993672,6.4959633,143.888889,123.6,2552.579191,56.2790296,0.007967498,5.05937738,0.030855347,0.000100046,83.6,1.6722,0.030955393,0.285675,0.323196,0.391128
3430,OK,,195.0,111.9993672,6.4959633,145.0,123.6,2572.290225,56.7136167,0.006154099,5.52078193,0.033524728,7.68e-05,83.6,1.6722,0.03360154,0.285675,0.323196,0.391128
3431,OK,,195.0,117.10851,6.79229358,135.0,123.6,2394.890899,52.8023328,0.137122254,1.66522768,0.01045331,0.001792677,83.6,1.6722,0.012245986,0.285675,0.323196,0.391128
3432,OK,,195.0,117.10851,6.79229358,136.111111,123.6,2414.601934,53.2369199,0.086862989,2.01207136,0.012586476,0.001130523,83.6,1.6722,0.013716999,0.285675,0.323196,0.391128
3433,OK,,195.0,117.10851,6.79229358,137.222222,123.6,2434.312968,53.671507,0.055882632,2.41062083,0.015024172,0.000723769,83.6,1.6722,0.015747941,0.285675,0.323196,0.391128
3434,OK,,195.0,117.10851,6.79229358,138.333333,123.6,2454.024002,54.1060941,0.038711478,2.79653089,0.017365295,0.000498823,83.6,1.6722,0.017864118,0.285675,0.323196,0.391128
3435,OK,,195.0,117.10851,6.79229358,139.444444,123.6,2473.735036,54.5406812,0.028129134,3.18729233,0.019718312,0.000360578,83.6,1.6722,0.02007889,0.285675,0.323196,0.391128
3436,OK,,195.0,117.10851,6.79229358,140.555556,123.6,2493.446088,54.9752683,0.020031551,3.63345566,0.0223912,0.000255416,83.6,1.6722,0.022646616,0.285675,0.323196,0.391128
3437,OK,,195.0,117.10851,6.79229358,141.666667,123.6,2513.157123,55.4098554,0.014815077,4.06579048,0.024958624,0.000187897,83.6,1.6722,0.025146521,0.285675,0.323196,0.391128
3438,OK,,195.0,117.10851,6.79229358,142.777778,123.6,2532.868157,55.8444425,0.011284683,4.49402669,0.027480666,0.000142358,83.6,1.6722,0.027623024,0.285675,0.323196,0.391128
3439,OK,,195.0,117.10851,6.79229358,143.888889,123.6,2552.579191,56.2790296,0.008726732,4.92813407,0.030014,0.00010947,83.6,1.6722,0.030123469,0.285675,0.323196,0.391128
3440,OK,,195.0,117.10851,6.79229358,145.0,123.6,2572.290225,56.7136167,0.00739384,5.38168296,0.032649831,9.23e-05,83.6,1.6722,0.032742108,0.285675,0.323196,0.391128
3441,OK,,195.0,122.2176526,7.08862385,135.0,123.6,2394.890899,52.8023328,0.15650425,1.58623473,0.009942456,0.002043679,83.6,1.6722,0.011986135,0.285675,0.323196,0.391128
3442,OK,,195.0,122.2176526,7.08862385,136.111111,123.6,2414.601934,53.2369199,0.099890281,1.91308162,0.011950115,0.001298742,83.6,1.6722,0.013248857,0.285675,0.323196,0.391128
3443,OK,,195.0,122.2176526,7.08862385,137.222222,123.6,2434.312968,53.671507,0.064198728,2.2928865,0.014270916,0.000830718,83.6,1.6722,0.015101634,0.285675,0.323196,0.391128
3444,OK,,195.0,122.2176526,7.08862385,138.333333,123.6,2454.024002,54.1060941,0.044971888,2.67547964,0.016591363,0.000578992,83.6,1.6722,0.017170356,0.285675,0.323196,0.391128
3445,OK,,195.0,122.2176526,7.08862385,139.444444,123.6,2473.735036,54.5406812,0.030943715,3.08881735,0.019082588,0.00039633,83.6,1.6722,0.019478918,0.285675,0.323196,0.391128
3446,OK,,195.0,122.2176526,7.08862385,140.555556,123.6,2493.446088,54.9752683,0.022301366,3.5122917,0.021616155,0.000284137,83.6,1.6722,0.021900292,0.285675,0.323196,0.391128
3447,OK,,195.0,122.2176526,7.08862385,141.666667,123.6,2513.157123,55.4098554,0.016473768,3.93874194,0.024147727,0.000208777,83.6,1.6722,0.024356504,0.285675,0.323196,0.391128
3448,OK,,195.0,122.2176526,7.08862385,142.777778,123.6,2532.868157,55.8444425,0.012324783,4.38081207,0.026753311,0.000155362,83.6,1.6722,0.026908673,0.285675,0.323196,0.391128
3449,OK,,195.0,122.2176526,7.08862385,143.888889,123.6,2552.579191,56.2790296,0.009525803,4.80791166,0.029247946,0.00011944,83.6,1.6722,0.029367386,0.285675,0.323196,0.391128
3450,OK,,195.0,122.2176526,7.08862385,145.0,123.6,2572.290225,56.7136167,0.007442369,5.24883986,0.031804873,9.28e-05,83.6,1.6722,0.031897691,0.285675,0.323196,0.391128
3451,OK,,195.0,127.3267953,7.38495413,135.0,123.6,2394.890899,52.8023328,0.165676135,1.55179653,0.009704172,0.002157645,83.6,1.6722,0.011861817,0.285675,0.323196,0.391128
3452,OK,,195.0,127.3267953,7.38495413,136.111111,123.6,2414.601934,53.2369199,0.116042191,1.81350289,0.011311836,0.001507114,83.6,1.6722,0.01281895,0.285675,0.323196,0.391128
3453,OK,,195.0,127.3267953,7.38495413,137.222222,123.6,2434.312968,53.671507,0.074822796,2.17124127,0.01349546,0.000967272,83.6,1.6722,0.014462732,0.285675,0.323196,0.391128
3454,OK,,195.0,127.3267953,7.38495413,138.333333,123.6,2454.024002,54.1060941,0.050068938,2.56300535,0.015872212,0.000644063,83.6,1.6722,0.016516275,0.285675,0.323196,0.391128
3455,OK,,195.0,127.3267953,7.38495413,139.444444,123.6,2473.735036,54.5406812,0.035468754,2.96366655,0.018285324,0.000453914,83.6,1.6722,0.018739238,0.285675,0.323196,0.391128
3456,OK,,195.0,127.3267953,7.38495413,140.555556,123.6,2493.446088,54.9752683,0.024583065,3.39383659,0.020859562,0.000312962,83.6,1.6722,0.021172524,0.285675,0.323196,0.391128
3457,OK,,195.0,127.3267953,7.38495413,141.666667,123.6,2513.157123,55.4098554,0.018278077,3.81423158,0.023354209,0.000231467,83.6,1.6722,0.023585676,0.285675,0.323196,0.391128
3458,OK,,195.0,127.3267953,7.38495413,142.777778,123.6,2532.868157,55.8444425,0.013740099,4.24297632,0.025878782,0.000173065,83.6,1.6722,0.026051847,0.285675,0.323196,0.391128
3459,OK,,195.0,127.3267953,7.38495413,143.888889,123.6,2552.579191,56.2790296,0.01102442,4.6738674,0.028397317,0.00013813,83.6,1.6722,0.028535447,0.285675,0.323196,0.391128
3460,OK,,195.0,127.3267953,7.38495413,145.0,123.6,2572.290225,56.7136167,0.008151419,5.11935174,0.030981847,0.000101588,83.6,1.6722,0.031083436,0.285675,0.323196,0.391128
3461,OK,,195.0,132.4359379,7.6812844,135.0,123.6,2394.890899,52.8023328,0.204904418,1.43110422,0.008942944,0.002668995,83.6,1.6722,0.01161194,0.285675,0.323196,0.391128
3462,OK,,195.0,132.4359379,7.6812844,136.111111,123.6,2414.601934,53.2369199,0.133076631,1.72460035,0.010741556,0.001726441,83.6,1.6722,0.012467998,0.285675,0.323196,0.391128
3463,OK,,195.0,132.4359379,7.6812844,137.222222,123.6,2434.312968,53.671507,0.085114005,2.07376712,0.012871292,0.001099246,83.6,1.6722,0.013970538,0.285675,0.323196,0.391128
3464,OK,,195.0,132.4359379,7.6812844,138.333333,123.6,2454.024002,54.1060941,0.056978271,2.44803367,0.015139628,0.000732295,83.6,1.6722,0.015871922,0.285675,0.323196,0.391128
3465,OK,,195.0,132.4359379,7.6812844,139.444444,123.6,2473.735036,54.5406812,0.038944304,2.85214017,0.017573437,0.000497984,83.6,1.6722,0.018071421,0.285675,0.323196,0.391128
3466,OK,,195.0,132.4359379,7.6812844,140.555556,123.6,2493.446088,54.9752683,0.0280781,3.25828427,0.02000092,0.000357177,83.6,1.6722,0.020358097,0.285675,0.323196,0.391128
3467,OK,,195.0,132.4359379,7.6812844,141.666667,123.6,2513.157123,55.4098554,0.020379608,3.69048986,0.022567341,0.000257883,83.6,1.6722,0.022825224,0.285675,0.323196,0.391128
3468,OK,,195.0,132.4359379,7.6812844,142.777778,123.6,2532.868157,55.8444425,0.015237177,4.11477277,0.025065677,0.000191793,83.6,1.6722,0.02525747,0.285675,0.323196,0.391128
3469,OK,,195.0,132.4359379,7.6812844,143.888889,123.6,2552.579191,56.2790296,0.011476766,4.5630597,0.027687899,0.000143691,83.6,1.6722,0.02783159,0.285675,0.323196,0.391128
3470,OK,,195.0,132.4359379,7.6812844,145.0,123.6,2572.290225,56.7136167,0.008933862,4.99384334,0.03018448,0.00011126,83.6,1.6722,0.03029574,0.285675,0.323196,0.391128
3471,OK,,195.0,137.5450807,7.97761468,135.0,123.6,2394.890899,52.8023328,0.235466221,1.35440999,0.008450744,0.003062863,83.6,1.6722,0.011513607,0.285675,0.323196,0.391128
3472,OK,,195.0,137.5450807,7.97761468,136.111111,123.6,2414.601934,53.2369199,0.15428452,1.63288319,0.010155426,0.001999223,83.6,1.6722,0.012154649,0.285675,0.323196,0.391128
3473,OK,,195.0,137.5450807,7.97761468,137.222222,123.6,2434.312968,53.671507,0.099014076,1.96878116,0.012202492,0.001277455,83.6,1.6722,0.013479947,0.285675,0.323196,0.391128
3474,OK,,195.0,137.5450807,7.97761468,138.333333,123.6,2454.024002,54.1060941,0.06467463,2.33886313,0.014444574,0.000830458,83.6,1.6722,0.015275032,0.285675,0.323196,0.391128
3475,OK,,195.0,137.5450807,7.97761468,139.444444,123.6,2473.735036,54.5406812,0.045341859,2.72729507,0.016782028,0.000579295,83.6,1.6722,0.017361322,0.285675,0.323196,0.391128
3476,OK,,195.0,137.5450807,7.97761468,140.555556,123.6,2493.446088,54.9752683,0.031185332,3.14764526,0.019295809,0.000396383,83.6,1.6722,0.019692192,0.285675,0.323196,0.391128
3477,OK,,195.0,137.5450807,7.97761468,141.666667,123.6,2513.157123,55.4098554,0.022577749,3.5706694,0.02180614,0.000285477,83.6,1.6722,0.022091617,0.285675,0.323196,0.391128
3478,OK,,195.0,137.5450807,7.97761468,142.777778,123.6,2532.868157,55.8444425,0.016699468,4.00238887,0.024349041,0.000210039,83.6,1.6722,0.02455908,0.285675,0.323196,0.391128
3479,OK,,195.0,137.5450807,7.97761468,143.888889,123.6,2552.579191,56.2790296,0.012675968,4.43337612,0.026867314,0.00015859,83.6,1.6722,0.027025904,0.285675,0.323196,0.391128
3480,OK,,195.0,137.5450807,7.97761468,145.0,123.6,2572.290225,56.7136167,0.01002475,4.83579671,0.029195357,0.000124761,83.6,1.6722,0.029320118,0.285675,0.323196,0.391128
3481,OK,,195.0,142.6542233,8.27394495,135.0,123.6,2394.890899,52.8023328,0.265048009,1.29094959,0.008042247,0.003442969,83.6,1.6722,0.011485216,0.285675,0.323196,0.391128
3482,OK,,195.0,142.6542233,8.27394495,136.111111,123.6,2414.601934,53.2369199,0.175231242,1.55677675,0.009667515,0.002267934,83.6,1.6722,0.011935449,0.285675,0.323196,0.391128
3483,OK,,195.0,142.6542233,8.27394495,137.222222,123.6,2434.312968,53.671507,0.114075161,1.86761114,0.011558991,0.001470214,83.6,1.6722,0.013029205,0.285675,0.323196,0.391128
3484,OK,,195.0,142.6542233,8.27394495,138.333333,123.6,2454.024002,54.1060941,0.074714122,2.22197918,0.013704031,0.000958467,83.6,1.6722,0.014662498,0.285675,0.323196,0.391128
3485,OK,,195.0,142.6542233,8.27394495,139.444444,123.6,2473.735036,54.5406812,0.050580864,2.62031494,0.016101641,0.000645671,83.6,1.6722,0.016747312,0.285675,0.323196,0.391128
3486,OK,,195.0,142.6542233,8.27394495,140.555556,123.6,2493.446088,54.9752683,0.035674973,3.02465346,0.01851747,0.000453075,83.6,1.6722,0.018970545,0.285675,0.323196,0.391128
3487,OK,,195.0,142.6542233,8.27394495,141.666667,123.6,2513.157123,55.4098554,0.025198947,3.44902878,0.021034285,0.000318322,83.6,1.6722,0.021352607,0.285675,0.323196,0.391128
3488,OK,,195.0,142.6542233,8.27394495,142.777778,123.6,2532.868157,55.8444425,0.018719951,3.86535896,0.023486049,0.000235275,83.6,1.6722,0.023721324,0.285675,0.323196,0.391128
3489,OK,,195.0,142.6542233,8.27394495,143.888889,123.6,2552.579191,56.2790296,0.013998434,4.30626143,0.026063993,0.000175005,83.6,1.6722,0.026238999,0.285675,0.323196,0.391128
3490,OK,,195.0,142.6542233,8.27394495,145.0,123.6,2572.290225,56.7136167,0.010724924,4.74248039,0.02859335,0.000133372,83.6,1.6722,0.028726722,0.285675,0.323196,0.391128
3491,OK,,195.0,147.763366,8.57027523,135.0,123.6,2394.890899,52.8023328,0.296683389,1.23181902,0.007661803,0.003848512,83.6,1.6722,0.011510315,0.285675,0.323196,0.391128
3492,OK,,195.0,147.763366,8.57027523,136.111111,123.6,2414.601934,53.2369199,0.201588921,1.47537462,0.009148319,0.002605752,83.6,1.6722,0.011754072,0.285675,0.323196,0.391128
3493,OK,,195.0,147.763366,8.57027523,137.222222,123.6,2434.312968,53.671507,0.131980399,1.77127491,0.010947043,0.001699111,83.6,1.6722,0.012646154,0.285675,0.323196,0.391128
3494,OK,,195.0,147.763366,8.57027523,138.333333,123.6,2454.024002,54.1060941,0.085584092,2.12259681,0.013072712,0.001096852,83.6,1.6722,0.014169564,0.285675,0.323196,0.391128
3495,OK,,195.0,147.763366,8.57027523,139.444444,123.6,2473.735036,54.5406812,0.057067001,2.49893727,0.015335386,0.000727844,83.6,1.6722,0.01606323,0.285675,0.323196,0.391128
3496,OK,,195.0,147.763366,8.57027523,140.555556,123.6,2493.446088,54.9752683,0.039258095,2.90661121,0.017771262,0.000498182,83.6,1.6722,0.018269444,0.285675,0.323196,0.391128
3497,OK,,195.0,147.763366,8.57027523,141.666667,123.6,2513.157123,55.4098554,0.028050865,3.32968688,0.020281411,0.000354125,83.6,1.6722,0.020635536,0.285675,0.323196,0.391128
3498,OK,,195.0,147.763366,8.57027523,142.777778,123.6,2532.868157,55.8444425,0.020724721,3.74879024,0.022748126,0.000260273,83.6,1.6722,0.023008399,0.285675,0.323196,0.391128
3499,OK,,195.0,147.763366,8.57027523,143.888889,123.6,2552.579191,56.2790296,0.015554141,4.17374241,0.025230479,0.000194313,83.6,1.6722,0.025424792,0.285675,0.323196,0.391128
3500,OK,,195.0,147.763366,8.57027523,145.0,123.6,2572.290225,56.7136167,0.01187949,4.60881174,0.027753293,0.000147624,83.6,1.6722,0.027900918,0.285675,0.323196,0.391128
3501,OK,,195.0,152.8725086,8.8666055,135.0,123.6,2394.890899,52.8023328,0.332518884,1.17322244,0.007285791,0.004306972,83.6,1.6722,0.011592763,0.285675,0.323196,0.391128
3502,OK,,195.0,152.8725086,8.8666055,136.111111,123.6,2414.601934,53.2369199,0.227647095,1.40683682,0.008709981,0.002938783,83.6,1.6722,0.011648764,0.285675,0.323196,0.391128
3503,OK,,195.0,152.8725086,8.8666055,137.222222,123.6,2434.312968,53.671507,0.153909027,1.67309169,0.010324457,0.001978639,83.6,1.6722,0.012303096,0.285675,0.323196,0.391128
3504,OK,,195.0,152.8725086,8.8666055,138.333333,123.6,2454.024002,54.1060941,0.099169791,2.01310418,0.012380684,0.001269545,83.6,1.6722,0.013650229,0.285675,0.323196,0.391128
3505,OK,,195.0,152.8725086,8.8666055,139.444444,123.6,2473.735036,54.5406812,0.063530149,2.40678341,0.014749017,0.000809546,83.6,1.6722,0.015558563,0.285675,0.323196,0.391128
3506,OK,,195.0,152.8725086,8.8666055,140.555556,123.6,2493.446088,54.9752683,0.044252807,2.79090038,0.017041015,0.000561093,83.6,1.6722,0.017602108,0.285675,0.323196,0.391128
3507,OK,,195.0,152.8725086,8.8666055,141.666667,123.6,2513.157123,55.4098554,0.031607547,3.20289308,0.019483905,0.000398709,83.6,1.6722,0.019882615,0.285675,0.323196,0.391128
3508,OK,,195.0,152.8725086,8.8666055,142.777778,123.6,2532.868157,55.8444425,0.022142564,3.67251261,0.022253664,0.000277853,83.6,1.6722,0.022531517,0.285675,0.323196,0.391128
3509,OK,,195.0,152.8725086,8.8666055,143.888889,123.6,2552.579191,56.2790296,0.017226026,4.04832246,0.024441234,0.000215039,83.6,1.6722,0.024656273,0.285675,0.323196,0.391128
3510,OK,,195.0,152.8725086,8.8666055,145.0,123.6,2572.290225,56.7136167,0.012993746,4.49090837,0.027008723,0.000161352,83.6,1.6722,0.027170075,0.285675,0.323196,0.391128
3511,OK,,195.0,157.9816514,9.16293578,135.0,123.6,2394.890899,52.8023328,0.36784242,1.12246556,0.006959451,0.004757491,83.6,1.6722,0.011716942,0.285675,0.323196,0.391128
3512,OK,,195.0,157.9816514,9.16293578,136.111111,123.6,2414.601934,53.2369199,0.257670068,1.33860632,0.008274838,0.003321866,83.6,1.6722,0.011596704,0.285675,0.323196,0.391128
3513,OK,,195.0,157.9816514,9.16293578,137.222222,123.6,2434.312968,53.671507,0.172041505,1.60534435,0.009892333,0.002209734,83.6,1.6722,0.012102068,0.285675,0.323196,0.391128
3514,OK,,195.0,157.9816514,9.16293578,138.333333,123.6,2454.024002,54.1060941,0.115460576,1.90664473,0.011710085,0.001476701,83.6,1.6722,0.013186786,0.285675,0.323196,0.391128
3515,OK,,195.0,157.9816514,9.16293578,139.444444,123.6,2473.735036,54.5406812,0.073452093,2.28814602,0.01400318,0.000935118,83.6,1.6722,0.014938298,0.285675,0.323196,0.391128
3516,OK,,195.0,157.9816514,9.16293578,140.555556,123.6,2493.446088,54.9752683,0.050859771,2.67459821,0.016309124,0.000644311,83.6,1.6722,0.016953434,0.285675,0.323196,0.391128
3517,OK,,195.0,157.9816514,9.16293578,141.666667,123.6,2513.157123,55.4098554,0.035798828,3.08650181,0.018751125,0.000451214,83.6,1.6722,0.01920234,0.285675,0.323196,0.391128
3518,OK,,195.0,157.9816514,9.16293578,142.777778,123.6,2532.868157,55.8444425,0.025665604,3.50169095,0.021194069,0.000321829,83.6,1.6722,0.021515898,0.285675,0.323196,0.391128
3519,OK,,195.0,157.9816514,9.16293578,143.888889,123.6,2552.579191,56.2790296,0.019054825,3.92450181,0.023663542,0.000237691,83.6,1.6722,0.023901233,0.285675,0.323196,0.391128
3520,OK,,195.0,157.9816514,9.16293578,145.0,123.6,2572.290225,56.7136167,0.014442721,4.35364726,0.026151228,0.000179216,83.6,1.6722,0.026330444,0.285675,0.323196,0.391128
3521,OK,,195.0,163.0907941,9.45926606,135.0,123.6,2394.890899,52.8023328,0.40678412,1.07302616,0.006642219,0.005253033,83.6,1.6722,0.011895251,0.285675,0.323196,0.391128
3522,OK,,195.0,163.0907941,9.45926606,136.111111,123.6,2414.601934,53.2369199,0.284320907,1.28580975,0.007935983,0.003660627,83.6,1.6722,0.011596611,0.285675,0.323196,0.391128
3523,OK,,195.0,163.0907941,9.45926606,137.222222,123.6,2434.312968,53.671507,0.196279726,1.52699188,0.009395483,0.002517938,83.6,1.6722,0.01191342,0.285675,0.323196,0.391128
3524,OK,,195.0,163.0907941,9.45926606,138.333333,123.6,2454.024002,54.1060941,0.12823418,1.83578794,0.011258162,0.001638367,83.6,1.6722,0.012896529,0.285675,0.323196,0.391128
3525,OK,,195.0,163.0907941,9.45926606,139.444444,123.6,2473.735036,54.5406812,0.083902226,2.18468553,0.01335149,0.00106714,83.6,1.6722,0.01441863,0.285675,0.323196,0.391128
3526,OK,,195.0,163.0907941,9.45926606,140.555556,123.6,2493.446088,54.9752683,0.055884009,2.57576628,0.015681685,0.000707018,83.6,1.6722,0.016388703,0.285675,0.323196,0.391128
3527,OK,,195.0,163.0907941,9.45926606,141.666667,123.6,2513.157123,55.4098554,0.039559923,2.95991657,0.017958841,0.000498223,83.6,1.6722,0.018457064,0.285675,0.323196,0.391128
3528,OK,,195.0,163.0907941,9.45926606,142.777778,123.6,2532.868157,55.8444425,0.028798115,3.37201589,0.020383244,0.000360829,83.6,1.6722,0.020744073,0.285675,0.323196,0.391128
3529,OK,,195.0,163.0907941,9.45926606,143.888889,123.6,2552.579191,56.2790296,0.021042924,3.80965068,0.022941155,0.00026229,83.6,1.6722,0.023203444,0.285675,0.323196,0.391128
3530,OK,,195.0,163.0907941,9.45926606,145.0,123.6,2572.290225,56.7136167,0.015848015,4.23581407,0.025410865,0.000196508,83.6,1.6722,0.025607373,0.285675,0.323196,0.391128
3531,OK,,195.0,168.1999367,9.75559633,135.0,123.6,2394.890899,52.8023328,0.44942474,1.02468268,0.006332718,0.005794374,83.6,1.6722,0.012127093,0.285675,0.323196,0.391128
3532,OK,,195.0,168.1999367,9.75559633,136.111111,123.6,2414.601934,53.2369199,0.323893915,1.21686926,0.007498863,0.0041638,83.6,1.6722,0.011662663,0.285675,0.323196,0.391128
3533,OK,,195.0,168.1999367,9.75559633,137.222222,123.6,2434.312968,53.671507,0.224805519,1.4484722,0.008898962,0.002880056,83.6,1.6722,0.011779017,0.285675,0.323196,0.391128
3534,OK,,195.0,168.1999367,9.75559633,138.333333,123.6,2454.024002,54.1060941,0.148376948,1.74017792,0.010656579,0.001893569,83.6,1.6722,0.012550148,0.285675,0.323196,0.391128
3535,OK,,195.0,168.1999367,9.75559633,139.444444,123.6,2473.735036,54.5406812,0.097487933,2.07247606,0.01264844,0.001238703,83.6,1.6722,0.013887143,0.285675,0.323196,0.391128
3536,OK,,195.0,168.1999367,9.75559633,140.555556,123.6,2493.446088,54.9752683,0.066016153,2.4294718,0.014775496,0.000834876,83.6,1.6722,0.015610372,0.285675,0.323196,0.391128
3537,OK,,195.0,168.1999367,9.75559633,141.666667,123.6,2513.157123,55.4098554,0.044281837,2.85194264,0.017280479,0.000557227,83.6,1.6722,0.017837706,0.285675,0.323196,0.391128
3538,OK,,195.0,168.1999367,9.75559633,142.777778,123.6,2532.868157,55.8444425,0.031713796,3.26701659,0.01971924,0.000396906,83.6,1.6722,0.020116147,0.285675,0.323196,0.391128
3539,OK,,195.0,168.1999367,9.75559633,143.888889,123.6,2552.579191,56.2790296,0.023401404,3.68361828,0.02215406,0.000291467,83.6,1.6722,0.022445526,0.285675,0.323196,0.391128
3540,OK,,195.0,168.1999367,9.75559633,145.0,123.6,2572.290225,56.7136167,0.017515815,4.10961876,0.024622841,0.000217028,83.6,1.6722,0.024839868,0.285675,0.323196,0.391128
3541,OK,,195.0,173.3090793,10.0519266,135.0,123.6,2394.890899,52.8023328,0.492534224,0.981148852,0.006053797,0.006339912,83.6,1.6722,0.012393709,0.285675,0.323196,0.391128
3542,OK,,195.0,173.3090793,10.0519266,136.111111,123.6,2414.601934,53.2369199,0.359735684,1.1627567,0.00715408,0.004617761,83.6,1.6722,0.011771841,0.285675,0.323196,0.391128
3543,OK,,195.0,173.3090793,10.0519266,137.222222,123.6,2434.312968,53.671507,0.248777417,1.39158747,0.008536338,0.00318323,83.6,1.6722,0.011719569,0.285675,0.323196,0.391128
3544,OK,,195.0,173.3090793,10.0519266,138.333333,123.6,2454.024002,54.1060941,0.167266254,1.66445172,0.010177768,0.002132206,83.6,1.6722,0.012309973,0.285675,0.323196,0.391128
3545,OK,,195.0,173.3090793,10.0519266,139.444444,123.6,2473.735036,54.5406812,0.111422103,1.97642951,0.012045161,0.001414292,83.6,1.6722,0.013459453,0.285675,0.323196,0.391128
3546,OK,,195.0,173.3090793,10.0519266,140.555556,123.6,2493.446088,54.9752683,0.072211375,2.35442299,0.014298212,0.000912378,83.6,1.6722,0.01521059,0.285675,0.323196,0.391128
3547,OK,,195.0,173.3090793,10.0519266,141.666667,123.6,2513.157123,55.4098554,0.051043981,2.731438,0.016528581,0.000641771,83.6,1.6722,0.017170352,0.285675,0.323196,0.391128
3548,OK,,195.0,173.3090793,10.0519266,142.777778,123.6,2532.868157,55.8444425,0.03568839,3.14170511,0.018941248,0.00044645,83.6,1.6722,0.019387697,0.285675,0.323196,0.391128
3549,OK,,195.0,173.3090793,10.0519266,143.888889,123.6,2552.579191,56.2790296,0.026024698,3.56039098,0.021385565,0.000323892,83.6,1.6722,0.021709457,0.285675,0.323196,0.391128
3550,OK,,195.0,173.3090793,10.0519266,145.0,123.6,2572.290225,56.7136167,0.019397816,3.98426398,0.023841687,0.000240168,83.6,1.6722,0.024081855,0.285675,0.323196,0.391128
3551,OK,,195.0,178.4182224,10.3482569,135.0,123.6,2394.890899,52.8023328,0.527285433,0.949542275,0.005849147,0.006777149,83.6,1.6722,0.012626296,0.285675,0.323196,0.391128
3552,OK,,195.0,178.4182224,10.3482569,136.111111,123.6,2414.601934,53.2369199,0.397936347,1.11193827,0.006830514,0.005100374,83.6,1.6722,0.011930888,0.285675,0.323196,0.391128
3553,OK,,195.0,178.4182224,10.3482569,137.222222,123.6,2434.312968,53.671507,0.28463588,1.31715812,0.0080675,0.003636803,83.6,1.6722,0.011704303,0.285675,0.323196,0.391128
3554,OK,,195.0,178.4182224,10.3482569,138.333333,123.6,2454.024002,54.1060941,0.193261522,1.57591985,0.009622371,0.002460503,83.6,1.6722,0.012082874,0.285675,0.323196,0.391128
3555,OK,,195.0,178.4182224,10.3482569,139.444444,123.6,2473.735036,54.5406812,0.129157809,1.8736539,0.011402934,0.001637659,83.6,1.6722,0.013040593,0.285675,0.323196,0.391128
3556,OK,,195.0,178.4182224,10.3482569,140.555556,123.6,2493.446088,54.9752683,0.084204044,2.23174103,0.013535184,0.00106289,83.6,1.6722,0.014598075,0.285675,0.323196,0.391128
3557,OK,,195.0,178.4182224,10.3482569,141.666667,123.6,2513.157123,55.4098554,0.056993328,2.61551644,0.015806112,0.000715963,83.6,1.6722,0.016522075,0.285675,0.323196,0.391128
3558,OK,,195.0,178.4182224,10.3482569,142.777778,123.6,2532.868157,55.8444425,0.039728066,3.01915721,0.018178827,0.000496586,83.6,1.6722,0.018675413,0.285675,0.323196,0.391128
3559,OK,,195.0,178.4182224,10.3482569,143.888889,123.6,2552.579191,56.2790296,0.029281636,3.42559785,0.020550208,0.000364147,83.6,1.6722,0.020914355,0.285675,0.323196,0.391128
3560,OK,,195.0,178.4182224,10.3482569,145.0,123.6,2572.290225,56.7136167,0.021461738,3.86581613,0.023103243,0.00026552,83.6,1.6722,0.023368763,0.285675,0.323196,0.391128
3561,OK,,195.0,183.5273655,10.6445872,135.0,123.6,2394.890899,52.8023328,0.575941825,0.908724605,0.00558852,0.007389859,83.6,1.6722,0.012978379,0.285675,0.323196,0.391128
3562,OK,,195.0,183.5273655,10.6445872,136.111111,123.6,2414.601934,53.2369199,0.436576006,1.0659429,0.006537479,0.005587099,83.6,1.6722,0.012124578,0.285675,0.323196,0.391128
3563,OK,,195.0,183.5273655,10.6445872,137.222222,123.6,2434.312968,53.671507,0.316869399,1.25941472,0.007701849,0.00404302,83.6,1.6722,0.011744869,0.285675,0.323196,0.391128
3564,OK,,195.0,183.5273655,10.6445872,138.333333,123.6,2454.024002,54.1060941,0.21877576,1.502325,0.009159322,0.002781856,83.6,1.6722,0.011941178,0.285675,0.323196,0.391128
3565,OK,,195.0,183.5273655,10.6445872,139.444444,123.6,2473.735036,54.5406812,0.147082364,1.78693404,0.010859526,0.001862889,83.6,1.6722,0.012722415,0.285675,0.323196,0.391128
3566,OK,,195.0,183.5273655,10.6445872,140.555556,123.6,2493.446088,54.9752683,0.096066783,2.13017057,0.012901338,0.001211457,83.6,1.6722,0.014112795,0.285675,0.323196,0.391128
3567,OK,,195.0,183.5273655,10.6445872,141.666667,123.6,2513.157123,55.4098554,0.064600504,2.50323512,0.015107392,0.000810818,83.6,1.6722,0.01591821,0.285675,0.323196,0.391128
3568,OK,,195.0,183.5273655,10.6445872,142.777778,123.6,2532.868157,55.8444425,0.045173783,2.89465073,0.017406669,0.000564194,83.6,1.6722,0.017970863,0.285675,0.323196,0.391128
3569,OK,,195.0,183.5273655,10.6445872,143.888889,123.6,2552.579191,56.2790296,0.032763445,3.30375838,0.019793846,0.000407129,83.6,1.6722,0.020200975,0.285675,0.323196,0.391128
3570,OK,,195.0,183.5273655,10.6445872,145.0,123.6,2572.290225,56.7136167,0.023625879,3.75121511,0.022389417,0.000292072,83.6,1.6722,0.022681489,0.285675,0.323196,0.391128
3571,OK,,195.0,188.6365069,10.9409174,135.0,123.6,2394.890899,52.8023328,0.621791776,0.873167942,0.005360991,0.007964854,83.6,1.6722,0.013325845,0.285675,0.323196,0.391128
3572,OK,,195.0,188.6365069,10.9409174,136.111111,123.6,2414.601934,53.2369199,0.479018529,1.02066412,0.006249703,0.006120512,83.6,1.6722,0.012370215,0.285675,0.323196,0.391128
3573,OK,,195.0,188.6365069,10.9409174,137.222222,123.6,2434.312968,53.671507,0.352678803,1.20286225,0.007344523,0.004493375,83.6,1.6722,0.011837898,0.285675,0.323196,0.391128
3574,OK,,195.0,188.6365069,10.9409174,138.333333,123.6,2454.024002,54.1060941,0.2478526,1.43010164,0.008705904,0.003147445,83.6,1.6722,0.01185335,0.285675,0.323196,0.391128
3575,OK,,195.0,188.6365069,10.9409174,139.444444,123.6,2473.735036,54.5406812,0.166886469,1.70532561,0.01034851,0.002111319,83.6,1.6722,0.012459829,0.285675,0.323196,0.391128
3576,Errors,,195.0,188.6365069,10.9409174,140.555556,123.6,2493.446088,54.9752683,0.0854386,2.35822128,0.014151416,0.001076053,83.6,1.6722,0.015227469,0.285675,0.323196,0.391128
3577,OK,,195.0,188.6365069,10.9409174,141.666667,123.6,2513.157123,55.4098554,0.073535123,2.39201718,0.014416773,0.000922123,83.6,1.6722,0.015338895,0.285675,0.323196,0.391128
3578,OK,,195.0,188.6365069,10.9409174,142.777778,123.6,2532.868157,55.8444425,0.051293887,2.78792596,0.016742438,0.000640085,83.6,1.6722,0.017382523,0.285675,0.323196,0.391128
3579,OK,,195.0,188.6365069,10.9409174,143.888889,123.6,2552.579191,56.2790296,0.03621354,3.19417263,0.019112056,0.000449642,83.6,1.6722,0.019561698,0.285675,0.323196,0.391128
3580,OK,,195.0,188.6365069,10.9409174,145.0,123.6,2572.290225,56.7136167,0.026485416,3.61556037,0.021553098,0.000327178,83.6,1.6722,0.021880276,0.285675,0.323196,0.391128
3581,OK,,195.0,193.74565,11.2372477,135.0,123.6,2394.890899,52.8023328,0.663278583,0.844681424,0.005177483,0.008482682,83.6,1.6722,0.013660164,0.285675,0.323196,0.391128
3582,OK,,195.0,193.74565,11.2372477,136.111111,123.6,2414.601934,53.2369199,0.522283011,0.979252054,0.005986405,0.006662563,83.6,1.6722,0.012648968,0.285675,0.323196,0.391128
3583,OK,,195.0,193.74565,11.2372477,137.222222,123.6,2434.312968,53.671507,0.389758421,1.15131103,0.007018675,0.004958422,83.6,1.6722,0.011977097,0.285675,0.323196,0.391128
3584,OK,,195.0,193.74565,11.2372477,138.333333,123.6,2454.024002,54.1060941,0.277420646,1.36519554,0.008298136,0.00351823,83.6,1.6722,0.011816366,0.285675,0.323196,0.391128
3585,OK,,195.0,193.74565,11.2372477,139.444444,123.6,2473.735036,54.5406812,0.191262973,1.62008474,0.009816961,0.002416776,83.6,1.6722,0.012233737,0.285675,0.323196,0.391128
3586,OK,,195.0,193.74565,11.2372477,140.555556,123.6,2493.446088,54.9752683,0.127690107,1.92527881,0.011627943,0.001606861,83.6,1.6722,0.013234804,0.285675,0.323196,0.391128
3587,OK,,195.0,193.74565,11.2372477,141.666667,123.6,2513.157123,55.4098554,0.083615114,2.28830634,0.013772885,0.001047546,83.6,1.6722,0.014820431,0.285675,0.323196,0.391128
3588,OK,,195.0,193.74565,11.2372477,142.777778,123.6,2532.868157,55.8444425,0.058250816,2.65107886,0.015900407,0.000726271,83.6,1.6722,0.016626678,0.285675,0.323196,0.391128
3589,OK,,195.0,193.74565,11.2372477,143.888889,123.6,2552.579191,56.2790296,0.039862865,3.08163691,0.018414514,0.000494557,83.6,1.6722,0.018909071,0.285675,0.323196,0.391128
3590,OK,,195.0,193.74565,11.2372477,145.0,123.6,2572.290225,56.7136167,0.029579932,3.48727966,0.020762195,0.000365121,83.6,1.6722,0.021127316,0.285675,0.323196,0.391128
3591,OK,,195.0,198.8547931,11.533578,135.0,123.6,2394.890899,52.8023328,0.71437329,0.812282854,0.004970607,0.009120076,83.6,1.6722,0.014090683,0.285675,0.323196,0.391128
3592,OK,,195.0,198.8547931,11.533578,136.111111,123.6,2414.601934,53.2369199,0.566986888,0.940607389,0.005740797,0.007221027,83.6,1.6722,0.012961825,0.285675,0.323196,0.391128
3593,OK,,195.0,198.8547931,11.533578,137.222222,123.6,2434.312968,53.671507,0.428189547,1.10348692,0.006716462,0.005439129,83.6,1.6722,0.012155592,0.285675,0.323196,0.391128
3594,OK,,195.0,198.8547931,11.533578,138.333333,123.6,2454.024002,54.1060941,0.310458976,1.30304632,0.007908244,0.003931747,83.6,1.6722,0.011839991,0.285675,0.323196,0.391128
3595,OK,,195.0,198.8547931,11.533578,139.444444,123.6,2473.735036,54.5406812,0.216077851,1.54610763,0.009354835,0.00272698,83.6,1.6722,0.012081815,0.285675,0.323196,0.391128
3596,OK,,195.0,198.8547931,11.533578,140.555556,123.6,2493.446088,54.9752683,0.142239515,1.85161959,0.011166973,0.001788127,83.6,1.6722,0.012955099,0.285675,0.323196,0.391128
3597,OK,,195.0,198.8547931,11.533578,141.666667,123.6,2513.157123,55.4098554,0.095551114,2.18306634,0.013121582,0.001195935,83.6,1.6722,0.014317517,0.285675,0.323196,0.391128
3598,OK,,195.0,198.8547931,11.533578,142.777778,123.6,2532.868157,55.8444425,0.06446937,2.56096201,0.015338774,0.000803126,83.6,1.6722,0.016141899,0.285675,0.323196,0.391128
3599,OK,,195.0,198.8547931,11.533578,143.888889,123.6,2552.579191,56.2790296,0.044476351,2.96779475,0.017711046,0.000551347,83.6,1.6722,0.018262393,0.285675,0.323196,0.391128
3600,OK,,195.0,198.8547931,11.533578,145.0,123.6,2572.290225,56.7136167,0.032806379,3.3685703,0.020029751,0.000404638,83.6,1.6722,0.02043439,0.285675,0.323196,0.391128
3601,OK,,195.0,203.9639362,11.8299083,135.0,123.6,2394.890899,52.8023328,0.767108328,0.781752163,0.004775775,0.009775784,83.6,1.6722,0.01455156,0.285675,0.323196,0.391128
3602,OK,,195.0,203.9639362,11.8299083,136.111111,123.6,2414.601934,53.2369199,0.612800826,0.904492246,0.005511284,0.007791317,83.6,1.6722,0.013302601,0.285675,0.323196,0.391128
3603,OK,,195.0,203.9639362,11.8299083,137.222222,123.6,2434.312968,53.671507,0.468247187,1.05880399,0.006434208,0.005938802,83.6,1.6722,0.01237301,0.285675,0.323196,0.391128
3604,OK,,195.0,203.9639362,11.8299083,138.333333,123.6,2454.024002,54.1060941,0.348583706,1.24030128,0.007515857,0.004408035,83.6,1.6722,0.011923892,0.285675,0.323196,0.391128
3605,OK,,195.0,203.9639362,11.8299083,139.444444,123.6,2473.735036,54.5406812,0.239323229,1.48580429,0.008976365,0.003016659,83.6,1.6722,0.011993024,0.285675,0.323196,0.391128
3606,OK,,195.0,203.9639362,11.8299083,140.555556,123.6,2493.446088,54.9752683,0.160613335,1.77088446,0.010664639,0.002016873,83.6,1.6722,0.012681512,0.285675,0.323196,0.391128
3607,OK,,195.0,203.9639362,11.8299083,141.666667,123.6,2513.157123,55.4098554,0.109232553,2.08150846,0.012493956,0.001365812,83.6,1.6722,0.013859768,0.285675,0.323196,0.391128
3608,OK,,195.0,203.9639362,11.8299083,142.777778,123.6,2532.868157,55.8444425,0.073423971,2.44691328,0.014636254,0.000913859,83.6,1.6722,0.015550112,0.285675,0.323196,0.391128
3609,OK,,195.0,203.9639362,11.8299083,143.888889,123.6,2552.579191,56.2790296,0.051815919,2.83982926,0.016925758,0.000641789,83.6,1.6722,0.017567547,0.285675,0.323196,0.391128
3610,OK,,195.0,203.9639362,11.8299083,145.0,123.6,2572.290225,56.7136167,0.036712663,3.2482801,0.019289745,0.000452462,83.6,1.6722,0.019742207,0.285675,0.323196,0.391128
3611,OK,,195.0,209.0730776,12.1262385,135.0,123.6,2394.890899,52.8023328,0.815807601,0.755920643,0.004610223,0.010378453,83.6,1.6722,0.014988676,0.285675,0.323196,0.391128
3612,OK,,195.0,209.0730776,12.1262385,136.111111,123.6,2414.601934,53.2369199,0.656796188,0.873114115,0.005311383,0.008337338,83.6,1.6722,0.013648721,0.285675,0.323196,0.391128
3613,OK,,195.0,209.0730776,12.1262385,137.222222,123.6,2434.312968,53.671507,0.510097791,1.01678389,0.006168928,0.006459399,83.6,1.6722,0.012628327,0.285675,0.323196,0.391128
3614,OK,,195.0,209.0730776,12.1262385,138.333333,123.6,2454.024002,54.1060941,0.380982568,1.19286075,0.007217043,0.004810992,83.6,1.6722,0.012028035,0.285675,0.323196,0.391128
3615,OK,,195.0,209.0730776,12.1262385,139.444444,123.6,2473.735036,54.5406812,0.271988528,1.41026732,0.00850733,0.003423719,83.6,1.6722,0.011931049,0.285675,0.323196,0.391128
3616,OK,,195.0,209.0730776,12.1262385,140.555556,123.6,2493.446088,54.9752683,0.186291355,1.67547974,0.010075784,0.002336473,83.6,1.6722,0.012412257,0.285675,0.323196,0.391128
3617,OK,,195.0,209.0730776,12.1262385,141.666667,123.6,2513.157123,55.4098554,0.124304765,1.98924083,0.0119234,0.001552664,83.6,1.6722,0.013476064,0.285675,0.323196,0.391128
3618,OK,,195.0,209.0730776,12.1262385,142.777778,123.6,2532.868157,55.8444425,0.082886554,2.3475114,0.014022502,0.00103068,83.6,1.6722,0.015053183,0.285675,0.323196,0.391128
3619,OK,,195.0,209.0730776,12.1262385,143.888889,123.6,2552.579191,56.2790296,0.057592868,2.73313058,0.016268124,0.000712739,83.6,1.6722,0.016980863,0.285675,0.323196,0.391128
3620,OK,,195.0,209.0730776,12.1262385,145.0,123.6,2572.290225,56.7136167,0.040462491,3.13255595,0.018578423,0.00049828,83.6,1.6722,0.019076703,0.285675,0.323196,0.391128
3621,OK,,195.0,214.1822207,12.4225688,135.0,123.6,2394.890899,52.8023328,0.865741681,0.731387988,0.004453105,0.01099449,83.6,1.6722,0.015447595,0.285675,0.323196,0.391128
3622,OK,,195.0,214.1822207,12.4225688,136.111111,123.6,2414.601934,53.2369199,0.706337549,0.840591199,0.005105095,0.008950773,83.6,1.6722,0.014055868,0.285675,0.323196,0.391128
3623,OK,,195.0,214.1822207,12.4225688,137.222222,123.6,2434.312968,53.671507,0.553933412,0.97698045,0.005917871,0.00700321,83.6,1.6722,0.012921081,0.285675,0.323196,0.391128
3624,OK,,195.0,214.1822207,12.4225688,138.333333,123.6,2454.024002,54.1060941,0.418230938,1.14427254,0.006912195,0.00527355,83.6,1.6722,0.012185745,0.285675,0.323196,0.391128
3625,OK,,195.0,214.1822207,12.4225688,139.444444,123.6,2473.735036,54.5406812,0.305686624,1.34421779,0.008096623,0.003842548,83.6,1.6722,0.011939172,0.285675,0.323196,0.391128
3626,OK,,195.0,214.1822207,12.4225688,140.555556,123.6,2493.446088,54.9752683,0.213273885,1.5913286,0.009555874,0.002671548,83.6,1.6722,0.012227422,0.285675,0.323196,0.391128
3627,OK,,195.0,214.1822207,12.4225688,141.666667,123.6,2513.157123,55.4098554,0.143077917,1.89039564,0.011315337,0.001785217,83.6,1.6722,0.013100554,0.285675,0.323196,0.391128
3628,OK,,195.0,214.1822207,12.4225688,142.777778,123.6,2532.868157,55.8444425,0.094531503,2.24086196,0.013367396,0.001174367,83.6,1.6722,0.014541763,0.285675,0.323196,0.391128
3629,OK,,195.0,214.1822207,12.4225688,143.888889,123.6,2552.579191,56.2790296,0.064478202,2.61773851,0.015560881,0.000797268,83.6,1.6722,0.016358148,0.285675,0.323196,0.391128
3630,OK,,195.0,214.1822207,12.4225688,145.0,123.6,2572.290225,56.7136167,0.044937486,3.02078152,0.017892104,0.000552939,83.6,1.6722,0.018445043,0.285675,0.323196,0.391128
3631,OK,,195.0,219.2913638,12.7188991,135.0,123.6,2394.890899,52.8023328,0.918485042,0.707324358,0.004299352,0.01164356,83.6,1.6722,0.015942912,0.285675,0.323196,0.391128
3632,OK,,195.0,219.2913638,12.7188991,136.111111,123.6,2414.601934,53.2369199,0.748349891,0.815328425,0.004943502,0.009468131,83.6,1.6722,0.014411633,0.285675,0.323196,0.391128
3633,OK,,195.0,219.2913638,12.7188991,137.222222,123.6,2434.312968,53.671507,0.599536869,0.939411929,0.005681111,0.007567428,83.6,1.6722,0.013248539,0.285675,0.323196,0.391128
3634,OK,,195.0,219.2913638,12.7188991,138.333333,123.6,2454.024002,54.1060941,0.460410679,1.0949849,0.006604066,0.005796413,83.6,1.6722,0.012400479,0.285675,0.323196,0.391128
3635,OK,,195.0,219.2913638,12.7188991,139.444444,123.6,2473.735036,54.5406812,0.33982773,1.28561054,0.007731793,0.004265758,83.6,1.6722,0.011997551,0.285675,0.323196,0.391128
3636,OK,,195.0,219.2913638,12.7188991,140.555556,123.6,2493.446088,54.9752683,0.237611522,1.52605528,0.009150294,0.002972803,83.6,1.6722,0.012123097,0.285675,0.323196,0.391128
3637,OK,,195.0,219.2913638,12.7188991,141.666667,123.6,2513.157123,55.4098554,0.161029204,1.81055685,0.010821804,0.002007026,83.6,1.6722,0.01282883,0.285675,0.323196,0.391128
3638,OK,,195.0,219.2913638,12.7188991,142.777778,123.6,2532.868157,55.8444425,0.107962726,2.13808483,0.012737004,0.001339921,83.6,1.6722,0.014076925,0.285675,0.323196,0.391128
3639,OK,,195.0,219.2913638,12.7188991,143.888889,123.6,2552.579191,56.2790296,0.072883283,2.50826761,0.014890428,0.00090041,83.6,1.6722,0.015790838,0.285675,0.323196,0.391128
3640,OK,,195.0,219.2913638,12.7188991,145.0,123.6,2572.290225,56.7136167,0.051643641,2.90403257,0.017178385,0.000634929,83.6,1.6722,0.017813314,0.285675,0.323196,0.391128
3641,OK,,195.0,224.4005069,13.0152294,135.0,123.6,2394.890899,52.8023328,0.969929488,0.685561005,0.004160037,0.012274001,83.6,1.6722,0.016434038,0.285675,0.323196,0.391128
3642,OK,,195.0,224.4005069,13.0152294,136.111111,123.6,2414.601934,53.2369199,0.801641752,0.785498942,0.004754728,0.010124295,83.6,1.6722,0.014879023,0.285675,0.323196,0.391128
3643,OK,,195.0,224.4005069,13.0152294,137.222222,123.6,2434.312968,53.671507,0.643826425,0.906073242,0.005470577,0.008113315,83.6,1.6722,0.013583892,0.285675,0.323196,0.391128
3644,OK,,195.0,224.4005069,13.0152294,138.333333,123.6,2454.024002,54.1060941,0.50245338,1.05102128,0.006328846,0.006315847,83.6,1.6722,0.012644693,0.285675,0.323196,0.391128
3645,OK,,195.0,224.4005069,13.0152294,139.444444,123.6,2473.735036,54.5406812,0.374730805,1.23255156,0.00740124,0.004697201,83.6,1.6722,0.012098441,0.285675,0.323196,0.391128
3646,OK,,195.0,224.4005069,13.0152294,140.555556,123.6,2493.446088,54.9752683,0.259762262,1.4734659,0.008821271,0.003245742,83.6,1.6722,0.012067014,0.285675,0.323196,0.391128
3647,OK,,195.0,224.4005069,13.0152294,141.666667,123.6,2513.157123,55.4098554,0.183979004,1.72321093,0.010285086,0.002290393,83.6,1.6722,0.012575479,0.285675,0.323196,0.391128
3648,OK,,195.0,224.4005069,13.0152294,142.777778,123.6,2532.868157,55.8444425,0.122686174,2.04275234,0.012152286,0.001521114,83.6,1.6722,0.0136734,0.285675,0.323196,0.391128
3649,OK,,195.0,224.4005069,13.0152294,143.888889,123.6,2552.579191,56.2790296,0.084876003,2.38014875,0.014111825,0.001047604,83.6,1.6722,0.015159429,0.285675,0.323196,0.391128
3650,OK,,195.0,224.4005069,13.0152294,145.0,123.6,2572.290225,56.7136167,0.058045921,2.78803648,0.016470831,0.000713046,83.6,1.6722,0.017183877,0.285675,0.323196,0.391128
3651,OK,,195.0,229.5096483,13.3115596,135.0,123.6,2394.890899,52.8023328,1.02450878,0.664019158,0.004022498,0.012941086,83.6,1.6722,0.016963584,0.285675,0.323196,0.391128
3652,OK,,195.0,229.5096483,13.3115596,136.111111,123.6,2414.601934,53.2369199,0.854120388,0.758517598,0.004583756,0.010767968,83.6,1.6722,0.015351724,0.285675,0.323196,0.391128
3653,OK,,195.0,229.5096483,13.3115596,137.222222,123.6,2434.312968,53.671507,0.69013221,0.874220145,0.005269635,0.008682474,83.6,1.6722,0.013952109,0.285675,0.323196,0.391128
3654,OK,,195.0,229.5096483,13.3115596,138.333333,123.6,2454.024002,54.1060941,0.543732945,1.01202309,0.006084271,0.006824124,83.6,1.6722,0.012908396,0.285675,0.323196,0.391128
3655,OK,,195.0,229.5096483,13.3115596,139.444444,123.6,2473.735036,54.5406812,0.411026073,1.18326308,0.007094216,0.005144693,83.6,1.6722,0.012238909,0.285675,0.323196,0.391128
3656,OK,,195.0,229.5096483,13.3115596,140.555556,123.6,2493.446088,54.9752683,0.300593388,1.38711216,0.008292023,0.003750316,83.6,1.6722,0.012042339,0.285675,0.323196,0.391128
3657,OK,,195.0,229.5096483,13.3115596,141.666667,123.6,2513.157123,55.4098554,0.208552423,1.64349956,0.009795161,0.002593191,83.6,1.6722,0.012388352,0.285675,0.323196,0.391128
3658,OK,,195.0,229.5096483,13.3115596,142.777778,123.6,2532.868157,55.8444425,0.139368879,1.95117082,0.011591299,0.00172614,83.6,1.6722,0.013317439,0.285675,0.323196,0.391128
3659,OK,,195.0,229.5096483,13.3115596,143.888889,123.6,2552.579191,56.2790296,0.094417416,2.29255548,0.013573569,0.001164291,83.6,1.6722,0.014737859,0.285675,0.323196,0.391128
3660,OK,,195.0,229.5096483,13.3115596,145.0,123.6,2572.290225,56.7136167,0.064693601,2.67266249,0.01576871,0.000794039,83.6,1.6722,0.016562749,0.285675,0.323196,0.391128
3661,OK,,195.0,234.6187914,13.6078899,135.0,123.6,2394.890899,52.8023328,1.07465119,0.645594307,0.003904273,0.013550801,83.6,1.6722,0.017455074,0.285675,0.323196,0.391128
3662,OK,,195.0,234.6187914,13.6078899,136.111111,123.6,2414.601934,53.2369199,0.905789929,0.733975061,0.00442804,0.011399309,83.6,1.6722,0.015827349,0.285675,0.323196,0.391128
3663,OK,,195.0,234.6187914,13.6078899,137.222222,123.6,2434.312968,53.671507,0.740073811,0.842649805,0.005071006,0.009294834,83.6,1.6722,0.01436584,0.285675,0.323196,0.391128
3664,OK,,195.0,234.6187914,13.6078899,138.333333,123.6,2454.024002,54.1060941,0.590006387,0.972246156,0.005835758,0.007392777,83.6,1.6722,0.013228535,0.285675,0.323196,0.391128
3665,OK,,195.0,234.6187914,13.6078899,139.444444,123.6,2473.735036,54.5406812,0.451404438,1.13407632,0.006788701,0.005641528,83.6,1.6722,0.012430228,0.285675,0.323196,0.391128
3666,OK,,195.0,234.6187914,13.6078899,140.555556,123.6,2493.446088,54.9752683,0.3321025,1.33075546,0.007943422,0.004138287,83.6,1.6722,0.012081709,0.285675,0.323196,0.391128
3667,OK,,195.0,234.6187914,13.6078899,141.666667,123.6,2513.157123,55.4098554,0.233942589,1.57239649,0.009357655,0.002905336,83.6,1.6722,0.012262991,0.285675,0.323196,0.391128
3668,OK,,195.0,234.6187914,13.6078899,142.777778,123.6,2532.868157,55.8444425,0.152781697,1.88771562,0.011197967,0.001890323,83.6,1.6722,0.01308829,0.285675,0.323196,0.391128
3669,OK,,195.0,234.6187914,13.6078899,143.888889,123.6,2552.579191,56.2790296,0.10872027,2.18116371,0.012896838,0.001339346,83.6,1.6722,0.014236184,0.285675,0.323196,0.391128
3670,OK,,195.0,234.6187914,13.6078899,145.0,123.6,2572.290225,56.7136167,0.072767105,2.56583322,0.015118379,0.000892351,83.6,1.6722,0.01601073,0.285675,0.323196,0.391128
3671,OK,,195.0,239.7279345,13.9042202,135.0,123.6,2394.890899,52.8023328,1.13025082,0.626373128,0.003781595,0.014225692,83.6,1.6722,0.018007287,0.285675,0.323196,0.391128
3672,OK,,195.0,239.7279345,13.9042202,136.111111,123.6,2414.601934,53.2369199,0.957698267,0.711082912,0.004282751,0.012031314,83.6,1.6722,0.016314065,0.285675,0.323196,0.391128
3673,OK,,195.0,239.7279345,13.9042202,137.222222,123.6,2434.312968,53.671507,0.789772533,0.813802749,0.004889344,0.009902024,83.6,1.6722,0.014791368,0.285675,0.323196,0.391128
3674,Errors,,195.0,239.7279345,13.9042202,138.333333,123.6,2454.024002,54.1060941,0.877844533,0.888249127,0.005243767,0.010949304,83.6,1.6722,0.016193071,0.285675,0.323196,0.391128
3675,OK,,195.0,239.7279345,13.9042202,139.444444,123.6,2473.735036,54.5406812,0.491886048,1.08981441,0.006513473,0.006138076,83.6,1.6722,0.012651549,0.285675,0.323196,0.391128
3676,OK,,195.0,239.7279345,13.9042202,140.555556,123.6,2493.446088,54.9752683,0.367080808,1.27508596,0.007599492,0.004567685,83.6,1.6722,0.012167176,0.285675,0.323196,0.391128
3677,OK,,195.0,239.7279345,13.9042202,141.666667,123.6,2513.157123,55.4098554,0.255215277,1.51996663,0.009032001,0.003165787,83.6,1.6722,0.012197788,0.285675,0.323196,0.391128
3678,OK,,195.0,239.7279345,13.9042202,142.777778,123.6,2532.868157,55.8444425,0.18111689,1.77276382,0.010501869,0.002238171,83.6,1.6722,0.01274004,0.285675,0.323196,0.391128
3679,OK,,195.0,239.7279345,13.9042202,143.888889,123.6,2552.579191,56.2790296,0.120882017,2.10078563,0.012404143,0.001487712,83.6,1.6722,0.013891854,0.285675,0.323196,0.391128
3680,OK,,195.0,239.7279345,13.9042202,145.0,123.6,2572.290225,56.7136167,0.081600821,2.46540489,0.014507137,0.000999782,83.6,1.6722,0.015506918,0.285675,0.323196,0.391128
3681,OK,,195.0,244.8370776,14.2005505,135.0,123.6,2394.890899,52.8023328,1.1771456,0.611248015,0.003684041,0.014790897,83.6,1.6722,0.018474938,0.285675,0.323196,0.391128
3682,OK,,195.0,244.8370776,14.2005505,136.111111,123.6,2414.601934,53.2369199,1.0071108,0.690794919,0.004153592,0.012630289,83.6,1.6722,0.016783882,0.285675,0.323196,0.391128
3683,OK,,195.0,244.8370776,14.2005505,137.222222,123.6,2434.312968,53.671507,0.870075099,0.77102138,0.004623791,0.010879862,83.6,1.6722,0.015503653,0.285675,0.323196,0.391128
3684,OK,,195.0,244.8370776,14.2005505,138.333333,123.6,2454.024002,54.1060941,0.680053562,0.904803158,0.005413393,0.008493474,83.6,1.6722,0.013906867,0.285675,0.323196,0.391128
3685,OK,,195.0,244.8370776,14.2005505,139.444444,123.6,2473.735036,54.5406812,0.534123077,1.0480466,0.006253927,0.006654761,83.6,1.6722,0.012908688,0.285675,0.323196,0.391128
3686,OK,,195.0,244.8370776,14.2005505,140.555556,123.6,2493.446088,54.9752683,0.404341148,1.22227427,0.007273529,0.005024011,83.6,1.6722,0.012297539,0.285675,0.323196,0.391128
3687,OK,,195.0,244.8370776,14.2005505,141.666667,123.6,2513.157123,55.4098554,0.294243245,1.43507887,0.0085152,0.003644645,83.6,1.6722,0.012159845,0.285675,0.323196,0.391128
3688,OK,,195.0,244.8370776,14.2005505,142.777778,123.6,2532.868157,55.8444425,0.203312213,1.69770838,0.010042733,0.002509533,83.6,1.6722,0.012552266,0.285675,0.323196,0.391128
3689,OK,,195.0,244.8370776,14.2005505,143.888889,123.6,2552.579191,56.2790296,0.139636793,2.00578675,0.011824156,0.001716442,83.6,1.6722,0.013540599,0.285675,0.323196,0.391128
3690,OK,,195.0,244.8370776,14.2005505,145.0,123.6,2572.290225,56.7136167,0.094472443,2.35659291,0.013845355,0.001156224,83.6,1.6722,0.015001579,0.285675,0.323196,0.391128
3691,OK,,195.0,249.946219,14.4968807,135.0,123.6,2394.890899,52.8023328,1.24097327,0.591629317,0.00355971,0.015562289,83.6,1.6722,0.019121999,0.285675,0.323196,0.391128
3692,OK,,195.0,249.946219,14.4968807,136.111111,123.6,2414.601934,53.2369199,1.06167167,0.669758621,0.004020355,0.013290644,83.6,1.6722,0.017310999,0.285675,0.323196,0.391128
3693,OK,,195.0,249.946219,14.4968807,137.222222,123.6,2434.312968,53.671507,0.890212968,0.761963676,0.004562796,0.011123051,83.6,1.6722,0.015685847,0.285675,0.323196,0.391128
3694,OK,,195.0,249.946219,14.4968807,138.333333,123.6,2454.024002,54.1060941,0.73290984,0.87003569,0.005196945,0.009137707,83.6,1.6722,0.014334653,0.285675,0.323196,0.391128
3695,OK,,195.0,249.946219,14.4968807,139.444444,123.6,2473.735036,54.5406812,0.578892105,1.00785735,0.006004577,0.007201095,83.6,1.6722,0.013205672,0.285675,0.323196,0.391128
3696,OK,,195.0,249.946219,14.4968807,140.555556,123.6,2493.446088,54.9752683,0.443986919,1.17194341,0.006962635,0.005507188,83.6,1.6722,0.012469824,0.285675,0.323196,0.391128
3697,OK,,195.0,249.946219,14.4968807,141.666667,123.6,2513.157123,55.4098554,0.326111653,1.3742552,0.008142099,0.004033995,83.6,1.6722,0.012176095,0.285675,0.323196,0.391128
3698,OK,,195.0,249.946219,14.4968807,142.777778,123.6,2532.868157,55.8444425,0.232019561,1.62280237,0.009583533,0.002859875,83.6,1.6722,0.012443407,0.285675,0.323196,0.391128
3699,OK,,195.0,249.946219,14.4968807,143.888889,123.6,2552.579191,56.2790296,0.159599225,1.91076221,0.011248512,0.001959701,83.6,1.6722,0.013208213,0.285675,0.323196,0.391128
3700,OK,,195.0,249.946219,14.4968807,145.0,123.6,2572.290225,56.7136167,0.106480042,2.25951865,0.013257131,0.001301956,83.6,1.6722,0.014559087,0.285675,0.323196,0.391128
3701,OK,,195.0,255.0553621,14.793211,135.0,123.6,2394.890899,52.8023328,1.2930495,0.576756366,0.003464332,0.016186642,83.6,1.6722,0.019650974,0.285675,0.323196,0.391128
3702,OK,,195.0,255.0553621,14.793211,136.111111,123.6,2414.601934,53.2369199,1.11585787,0.650253255,0.003896707,0.013943893,83.6,1.6722,0.0178406,0.285675,0.323196,0.391128
3703,OK,,195.0,255.0553621,14.793211,137.222222,123.6,2434.312968,53.671507,0.940922358,0.738564624,0.004415352,0.011736364,83.6,1.6722,0.016151716,0.285675,0.323196,0.391128
3704,OK,,195.0,255.0553621,14.793211,138.333333,123.6,2454.024002,54.1060941,0.779354834,0.842134069,0.005022088,0.009700814,83.6,1.6722,0.014722901,0.285675,0.323196,0.391128
3705,OK,,195.0,255.0553621,14.793211,139.444444,123.6,2473.735036,54.5406812,0.623188631,0.971694006,0.005779884,0.007739789,83.6,1.6722,0.013519673,0.285675,0.323196,0.391128
3706,OK,,195.0,255.0553621,14.793211,140.555556,123.6,2493.446088,54.9752683,0.49734269,1.11818348,0.006631993,0.006158972,83.6,1.6722,0.012790965,0.285675,0.323196,0.391128
3707,OK,,195.0,255.0553621,14.793211,141.666667,123.6,2513.157123,55.4098554,0.369708289,1.30992042,0.007747461,0.004565582,83.6,1.6722,0.012313043,0.285675,0.323196,0.391128
3708,OK,,195.0,255.0553621,14.793211,142.777778,123.6,2532.868157,55.8444425,0.260693706,1.55045352,0.009142954,0.003209241,83.6,1.6722,0.012352194,0.285675,0.323196,0.391128
3709,OK,,195.0,255.0553621,14.793211,143.888889,123.6,2552.579191,56.2790296,0.182524355,1.81869707,0.010690315,0.002238049,83.6,1.6722,0.012928364,0.285675,0.323196,0.391128
3710,OK,,195.0,255.0553621,14.793211,145.0,123.6,2572.290225,56.7136167,0.12184887,2.15391643,0.012620679,0.001488392,83.6,1.6722,0.014109072,0.285675,0.323196,0.391128
3711,OK,,195.0,260.1645052,15.0895413,135.0,123.6,2394.890899,52.8023328,1.34902021,0.56160272,0.003367566,0.016856316,83.6,1.6722,0.020223882,0.285675,0.323196,0.391128
3712,OK,,195.0,260.1645052,15.0895413,136.111111,123.6,2414.601934,53.2369199,1.16762712,0.63280133,0.003785753,0.014565219,83.6,1.6722,0.018350972,0.285675,0.323196,0.391128
3713,OK,,195.0,260.1645052,15.0895413,137.222222,123.6,2434.312968,53.671507,0.993832868,0.715794818,0.004272121,0.01237449,83.6,1.6722,0.016646611,0.285675,0.323196,0.391128
3714,OK,,195.0,260.1645052,15.0895413,138.333333,123.6,2454.024002,54.1060941,0.825876888,0.816218736,0.004859594,0.010262992,83.6,1.6722,0.015122586,0.285675,0.323196,0.391128
3715,OK,,195.0,260.1645052,15.0895413,139.444444,123.6,2473.735036,54.5406812,0.673656648,0.939414651,0.005577624,0.008351276,83.6,1.6722,0.0139289,0.285675,0.323196,0.391128
3716,OK,,195.0,260.1645052,15.0895413,140.555556,123.6,2493.446088,54.9752683,0.530515629,1.08487952,0.006424336,0.006560603,83.6,1.6722,0.012984939,0.285675,0.323196,0.391128
3717,OK,,195.0,260.1645052,15.0895413,141.666667,123.6,2513.157123,55.4098554,0.397945621,1.26901327,0.007493973,0.004907969,83.6,1.6722,0.012401942,0.285675,0.323196,0.391128
3718,OK,,195.0,260.1645052,15.0895413,142.777778,123.6,2532.868157,55.8444425,0.283781292,1.4989461,0.008825981,0.003489281,83.6,1.6722,0.012315263,0.285675,0.323196,0.391128
3719,OK,,195.0,260.1645052,15.0895413,143.888889,123.6,2552.579191,56.2790296,0.203036594,1.74788607,0.010260618,0.00248742,83.6,1.6722,0.012748038,0.285675,0.323196,0.391128
3720,OK,,195.0,260.1645052,15.0895413,145.0,123.6,2572.290225,56.7136167,0.137729975,2.06169628,0.012063796,0.001680669,83.6,1.6722,0.013744465,0.285675,0.323196,0.391128
3721,OK,,195.0,265.2736483,15.3858716,135.0,123.6,2394.890899,52.8023328,1.40756586,0.54661809,0.003272116,0.017554853,83.6,1.6722,0.020826969,0.285675,0.323196,0.391128
3722,OK,,195.0,265.2736483,15.3858716,136.111111,123.6,2414.601934,53.2369199,1.22320234,0.615128189,0.003673818,0.015230754,83.6,1.6722,0.018904572,0.285675,0.323196,0.391128
3723,OK,,195.0,265.2736483,15.3858716,137.222222,123.6,2434.312968,53.671507,1.03997213,0.697315966,0.004154936,0.012927633,83.6,1.6722,0.017082569,0.285675,0.323196,0.391128
3724,OK,,195.0,265.2736483,15.3858716,138.333333,123.6,2454.024002,54.1060941,0.878044353,0.793812441,0.004717375,0.010890849,83.6,1.6722,0.015608224,0.285675,0.323196,0.391128
3725,OK,,195.0,265.2736483,15.3858716,139.444444,123.6,2473.735036,54.5406812,0.718967418,0.908399528,0.005384807,0.00889865,83.6,1.6722,0.014283457,0.285675,0.323196,0.391128
3726,OK,,195.0,265.2736483,15.3858716,140.555556,123.6,2493.446088,54.9752683,0.578671488,1.04025977,0.006150504,0.007144457,83.6,1.6722,0.013294961,0.285675,0.323196,0.391128
3727,OK,,195.0,265.2736483,15.3858716,141.666667,123.6,2513.157123,55.4098554,0.436046787,1.21852937,0.007184835,0.005370064,83.6,1.6722,0.012554899,0.285675,0.323196,0.391128
3728,OK,,195.0,265.2736483,15.3858716,142.777778,123.6,2532.868157,55.8444425,0.322746159,1.4218769,0.008359992,0.003962698,83.6,1.6722,0.01232269,0.285675,0.323196,0.391128
3729,OK,,195.0,265.2736483,15.3858716,143.888889,123.6,2552.579191,56.2790296,0.226137122,1.67792501,0.009835721,0.002767184,83.6,1.6722,0.012602905,0.285675,0.323196,0.391128
3730,OK,,195.0,265.2736483,15.3858716,145.0,123.6,2572.290225,56.7136167,0.156554763,1.96831426,0.011501655,0.001908351,83.6,1.6722,0.013410005,0.285675,0.323196,0.391128
3731,OK,,195.0,270.3827897,15.6822018,135.0,123.6,2394.890899,52.8023328,1.46603941,0.532488998,0.003182094,0.018249881,83.6,1.6722,0.021431975,0.285675,0.323196,0.391128
3732,OK,,195.0,270.3827897,15.6822018,136.111111,123.6,2414.601934,53.2369199,1.28003777,0.598125999,0.003566244,0.015909206,83.6,1.6722,0.01947545,0.285675,0.323196,0.391128
3733,OK,,195.0,270.3827897,15.6822018,137.222222,123.6,2434.312968,53.671507,1.10035312,0.678462452,0.004034949,0.013650653,83.6,1.6722,0.017685603,0.285675,0.323196,0.391128
3734,OK,,195.0,270.3827897,15.6822018,138.333333,123.6,2454.024002,54.1060941,0.927961685,0.769702998,0.004566602,0.011490459,83.6,1.6722,0.016057061,0.285675,0.323196,0.391128
3735,OK,,195.0,270.3827897,15.6822018,139.444444,123.6,2473.735036,54.5406812,0.765967527,0.878667232,0.005200164,0.009464858,83.6,1.6722,0.014665022,0.285675,0.323196,0.391128
3736,OK,,195.0,270.3827897,15.6822018,140.555556,123.6,2493.446088,54.9752683,0.617335085,1.00779256,0.005949049,0.007610435,83.6,1.6722,0.013559485,0.285675,0.323196,0.391128
3737,OK,,195.0,270.3827897,15.6822018,141.666667,123.6,2513.157123,55.4098554,0.476098181,1.17079439,0.006892751,0.005854591,83.6,1.6722,0.012747342,0.285675,0.323196,0.391128
3738,OK,,195.0,270.3827897,15.6822018,142.777778,123.6,2532.868157,55.8444425,0.35513792,1.36604512,0.008019691,0.004354548,83.6,1.6722,0.012374239,0.285675,0.323196,0.391128
3739,OK,,195.0,270.3827897,15.6822018,143.888889,123.6,2552.579191,56.2790296,0.255024435,1.60143103,0.009373869,0.003116752,83.6,1.6722,0.012490621,0.285675,0.323196,0.391128
3740,OK,,195.0,270.3827897,15.6822018,145.0,123.6,2572.290225,56.7136167,0.177500608,1.87979865,0.010969293,0.002161292,83.6,1.6722,0.013130585,0.285675,0.323196,0.391128
3741,OK,,195.0,275.4919328,15.9785321,135.0,123.6,2394.890899,52.8023328,1.5194094,0.521147573,0.003109017,0.018880475,83.6,1.6722,0.021989492,0.285675,0.323196,0.391128
3742,OK,,195.0,275.4919328,15.9785321,136.111111,123.6,2414.601934,53.2369199,1.33871018,0.585106279,0.003481953,0.016605055,83.6,1.6722,0.020087008,0.285675,0.323196,0.391128
3743,OK,,195.0,275.4919328,15.9785321,137.222222,123.6,2434.312968,53.671507,1.15386696,0.659526916,0.003915799,0.014289211,83.6,1.6722,0.01820501,0.285675,0.323196,0.391128
3744,OK,,195.0,275.4919328,15.9785321,138.333333,123.6,2454.024002,54.1060941,0.979991545,0.746257663,0.004420222,0.01211369,83.6,1.6722,0.016533913,0.285675,0.323196,0.391128
3745,OK,,195.0,275.4919328,15.9785321,139.444444,123.6,2473.735036,54.5406812,0.818562351,0.847879339,0.005009833,0.010097277,83.6,1.6722,0.01510711,0.285675,0.323196,0.391128
3746,OK,,195.0,275.4919328,15.9785321,140.555556,123.6,2493.446088,54.9752683,0.659564332,0.974985423,0.005746255,0.008118471,83.6,1.6722,0.013864725,0.285675,0.323196,0.391128
3747,OK,,195.0,275.4919328,15.9785321,141.666667,123.6,2513.157123,55.4098554,0.51793842,1.12576929,0.00661742,0.006359427,83.6,1.6722,0.012976847,0.285675,0.323196,0.391128
3748,OK,,195.0,275.4919328,15.9785321,142.777778,123.6,2532.868157,55.8444425,0.392500234,1.30853109,0.007670509,0.004805815,83.6,1.6722,0.012476324,0.285675,0.323196,0.391128
3749,OK,,195.0,275.4919328,15.9785321,143.888889,123.6,2552.579191,56.2790296,0.284407822,1.53365148,0.008964064,0.003471431,83.6,1.6722,0.012435495,0.285675,0.323196,0.391128
3750,OK,,195.0,275.4919328,15.9785321,145.0,123.6,2572.290225,56.7136167,0.1999495,1.79833776,0.010479279,0.002431877,83.6,1.6722,0.012911156,0.285675,0.323196,0.391128
3751,OK,,195.0,280.6010759,16.2748624,135.0,123.6,2394.890899,52.8023328,1.57430855,0.512330114,0.003050549,0.019524431,83.6,1.6722,0.02257498,0.285675,0.323196,0.391128
3752,OK,,195.0,280.6010759,16.2748624,136.111111,123.6,2414.601934,53.2369199,1.38928945,0.571683009,0.003396333,0.017202479,83.6,1.6722,0.020598812,0.285675,0.323196,0.391128
3753,OK,,195.0,280.6010759,16.2748624,137.222222,123.6,2434.312968,53.671507,1.19328448,0.646556717,0.003832415,0.014754377,83.6,1.6722,0.018586792,0.285675,0.323196,0.391128
3754,OK,,195.0,280.6010759,16.2748624,138.333333,123.6,2454.024002,54.1060941,1.02664873,0.726578595,0.004295758,0.012663514,83.6,1.6722,0.016959272,0.285675,0.323196,0.391128
3755,OK,,195.0,280.6010759,16.2748624,139.444444,123.6,2473.735036,54.5406812,0.865934518,0.82234508,0.004851049,0.010663804,83.6,1.6722,0.015514853,0.285675,0.323196,0.391128
3756,OK,,195.0,280.6010759,16.2748624,140.555556,123.6,2493.446088,54.9752683,0.707435469,0.940673141,0.005535158,0.008693268,83.6,1.6722,0.014228426,0.285675,0.323196,0.391128
3757,OK,,195.0,280.6010759,16.2748624,141.666667,123.6,2513.157123,55.4098554,0.563168138,1.0817181,0.006348542,0.006903728,83.6,1.6722,0.01325227,0.285675,0.323196,0.391128
3758,OK,,195.0,280.6010759,16.2748624,142.777778,123.6,2532.868157,55.8444425,0.430335816,1.25656638,0.00735443,0.005260928,83.6,1.6722,0.012615358,0.285675,0.323196,0.391128
3759,OK,,195.0,280.6010759,16.2748624,143.888889,123.6,2552.579191,56.2790296,0.318276234,1.46468207,0.00854844,0.003879526,83.6,1.6722,0.012427966,0.285675,0.323196,0.391128
3760,OK,,195.0,280.6010759,16.2748624,145.0,123.6,2572.290225,56.7136167,0.223325793,1.72473277,0.010036037,0.002712988,83.6,1.6722,0.012749026,0.285675,0.323196,0.391128
3761,OK,,195.0,285.710219,16.5711927,135.0,123.6,2394.890899,52.8023328,1.63251665,0.500176703,0.002973126,0.020209052,83.6,1.6722,0.023182177,0.285675,0.323196,0.391128
3762,OK,,195.0,285.710219,16.5711927,136.111111,123.6,2414.601934,53.2369199,1.44993704,0.556299334,0.00329914,0.01791789,83.6,1.6722,0.02121703,0.285675,0.323196,0.391128
3763,OK,,195.0,285.710219,16.5711927,137.222222,123.6,2434.312968,53.671507,1.26383779,0.624023452,0.003692638,0.015595033,83.6,1.6722,0.019287671,0.285675,0.323196,0.391128
3764,OK,,195.0,285.710219,16.5711927,138.333333,123.6,2454.024002,54.1060941,1.08055279,0.705296891,0.004163862,0.013311274,83.6,1.6722,0.017475137,0.285675,0.323196,0.391128
3765,OK,,195.0,285.710219,16.5711927,139.444444,123.6,2473.735036,54.5406812,0.914170279,0.798055703,0.004700155,0.011239442,83.6,1.6722,0.015939597,0.285675,0.323196,0.391128
3766,OK,,195.0,285.710219,16.5711927,140.555556,123.6,2493.446088,54.9752683,0.745520369,0.915556134,0.005378812,0.009147912,83.6,1.6722,0.014526724,0.285675,0.323196,0.391128
3767,OK,,195.0,285.710219,16.5711927,141.666667,123.6,2513.157123,55.4098554,0.604109416,1.04545776,0.006126179,0.007394595,83.6,1.6722,0.013520774,0.285675,0.323196,0.391128
3768,OK,,195.0,285.710219,16.5711927,142.777778,123.6,2532.868157,55.8444425,0.466776131,1.21149432,0.007080091,0.005698945,83.6,1.6722,0.012779037,0.285675,0.323196,0.391128
3769,OK,,195.0,285.710219,16.5711927,143.888889,123.6,2552.579191,56.2790296,0.350538357,1.40685559,0.008198885,0.004267199,83.6,1.6722,0.012466084,0.285675,0.323196,0.391128
3770,OK,,195.0,285.710219,16.5711927,145.0,123.6,2572.290225,56.7136167,0.253032839,1.6432755,0.009548685,0.003070092,83.6,1.6722,0.012618777,0.285675,0.323196,0.391128
3771,OK,,195.0,290.8193603,16.8675229,135.0,123.6,2394.890899,52.8023328,1.68873496,0.489046962,0.00290201,0.020866692,83.6,1.6722,0.023768702,0.285675,0.323196,0.391128
3772,OK,,195.0,290.8193603,16.8675229,136.111111,123.6,2414.601934,53.2369199,1.50331072,0.54351134,0.00321808,0.018546449,83.6,1.6722,0.02176453,0.285675,0.323196,0.391128
3773,OK,,195.0,290.8193603,16.8675229,137.222222,123.6,2434.312968,53.671507,1.32009602,0.607420095,0.003588366,0.016259657,83.6,1.6722,0.019848023,0.285675,0.323196,0.391128
3774,OK,,195.0,290.8193603,16.8675229,138.333333,123.6,2454.024002,54.1060941,1.13903007,0.683578318,0.00402895,0.01400581,83.6,1.6722,0.01803476,0.285675,0.323196,0.391128
3775,OK,,195.0,290.8193603,16.8675229,139.444444,123.6,2473.735036,54.5406812,0.960007485,0.776528301,0.004565929,0.011783845,83.6,1.6722,0.016349774,0.285675,0.323196,0.391128
3776,OK,,195.0,290.8193603,16.8675229,140.555556,123.6,2493.446088,54.9752683,0.801327016,0.881057527,0.005167831,0.00981528,83.6,1.6722,0.014983111,0.285675,0.323196,0.391128
3777,OK,,195.0,290.8193603,16.8675229,141.666667,123.6,2513.157123,55.4098554,0.645348634,1.01187755,0.005920077,0.007887368,83.6,1.6722,0.013807445,0.285675,0.323196,0.391128
3778,OK,,195.0,290.8193603,16.8675229,142.777778,123.6,2532.868157,55.8444425,0.508134221,1.16496584,0.006797748,0.006194576,83.6,1.6722,0.012992323,0.285675,0.323196,0.391128
3779,OK,,195.0,290.8193603,16.8675229,143.888889,123.6,2552.579191,56.2790296,0.384640629,1.35221372,0.007868713,0.004675949,83.6,1.6722,0.012544662,0.285675,0.323196,0.391128
3780,OK,,195.0,290.8193603,16.8675229,145.0,123.6,2572.290225,56.7136167,0.279795597,1.57941403,0.009164321,0.003390645,83.6,1.6722,0.012554966,0.285675,0.323196,0.391128
3781,Errors,,195.0,295.9285034,17.1638532,135.0,123.6,2394.890899,52.8023328,1.56657721,0.508899974,0.003010765,0.019394846,83.6,1.6722,0.022405611,0.285675,0.323196,0.391128
3782,OK,,195.0,295.9285034,17.1638532,136.111111,123.6,2414.601934,53.2369199,1.55737674,0.531208981,0.003139938,0.019179304,83.6,1.6722,0.022319242,0.285675,0.323196,0.391128
3783,OK,,195.0,295.9285034,17.1638532,137.222222,123.6,2434.312968,53.671507,1.37601455,0.591842624,0.003490493,0.016917892,83.6,1.6722,0.020408385,0.285675,0.323196,0.391128
3784,OK,,195.0,295.9285034,17.1638532,138.333333,123.6,2454.024002,54.1060941,1.19235626,0.665094811,0.003913533,0.014635897,83.6,1.6722,0.01854943,0.285675,0.323196,0.391128
3785,OK,,195.0,295.9285034,17.1638532,139.444444,123.6,2473.735036,54.5406812,1.02474977,0.748626832,0.004394636,0.012554048,83.6,1.6722,0.016948684,0.285675,0.323196,0.391128
3786,OK,,195.0,295.9285034,17.1638532,140.555556,123.6,2493.446088,54.9752683,0.848179978,0.854513197,0.005004097,0.010372353,83.6,1.6722,0.01537645,0.285675,0.323196,0.391128
3787,OK,,195.0,295.9285034,17.1638532,141.666667,123.6,2513.157123,55.4098554,0.695636695,0.974063768,0.005689876,0.008487885,83.6,1.6722,0.014177761,0.285675,0.323196,0.391128
3788,OK,,195.0,295.9285034,17.1638532,142.777778,123.6,2532.868157,55.8444425,0.554526219,1.11763174,0.006511565,0.00674948,83.6,1.6722,0.013261044,0.285675,0.323196,0.391128
3789,OK,,195.0,295.9285034,17.1638532,143.888889,123.6,2552.579191,56.2790296,0.421390201,1.29933327,0.007549708,0.005115525,83.6,1.6722,0.012665233,0.285675,0.323196,0.391128
3790,OK,,195.0,295.9285034,17.1638532,145.0,123.6,2572.290225,56.7136167,0.311954699,1.51123907,0.008755791,0.003775081,83.6,1.6722,0.012530872,0.285675,0.323196,0.391128
3791,OK,,195.0,301.0376466,17.4601835,135.0,123.6,2394.890899,52.8023328,1.80133725,0.468250975,0.002769152,0.022176977,83.6,1.6722,0.024946129,0.285675,0.323196,0.391128
3792,OK,,195.0,301.0376466,17.4601835,136.111111,123.6,2414.601934,53.2369199,1.61886087,0.517833351,0.00305568,0.019898573,83.6,1.6722,0.022954253,0.285675,0.323196,0.391128
3793,OK,,195.0,301.0376466,17.4601835,137.222222,123.6,2434.312968,53.671507,1.43739504,0.575619839,0.003389124,0.01763907,83.6,1.6722,0.021028195,0.285675,0.323196,0.391128
3794,OK,,195.0,301.0376466,17.4601835,138.333333,123.6,2454.024002,54.1060941,1.25009167,0.646209095,0.003796093,0.015316418,83.6,1.6722,0.019112511,0.285675,0.323196,0.391128
3795,OK,,195.0,301.0376466,17.4601835,139.444444,123.6,2473.735036,54.5406812,1.07089526,0.729892075,0.004277687,0.013098416,83.6,1.6722,0.017376103,0.285675,0.323196,0.391128
3796,OK,,195.0,301.0376466,17.4601835,140.555556,123.6,2493.446088,54.9752683,0.902945748,0.825580252,0.004826874,0.011022776,83.6,1.6722,0.01584965,0.285675,0.323196,0.391128
3797,OK,,195.0,301.0376466,17.4601835,141.666667,123.6,2513.157123,55.4098554,0.742405029,0.941888547,0.005493227,0.009043913,83.6,1.6722,0.014537141,0.285675,0.323196,0.391128
3798,OK,,195.0,301.0376466,17.4601835,142.777778,123.6,2532.868157,55.8444425,0.592200422,1.08281357,0.006298959,0.007197665,83.6,1.6722,0.013496624,0.285675,0.323196,0.391128
3799,OK,,195.0,301.0376466,17.4601835,143.888889,123.6,2552.579191,56.2790296,0.460710933,1.24843436,0.007243073,0.00558478,83.6,1.6722,0.012827854,0.285675,0.323196,0.391128
3800,OK,,195.0,301.0376466,17.4601835,145.0,123.6,2572.290225,56.7136167,0.34523685,1.44920501,0.008384463,0.004172688,83.6,1.6722,0.01255715,0.285675,0.323196,0.391128
3801,OK,,195.0,306.1467897,17.7565138,135.0,123.6,2394.890899,52.8023328,1.86430814,0.457346748,0.002700026,0.022907775,83.6,1.6722,0.025607801,0.285675,0.323196,0.391128
3802,OK,,195.0,306.1467897,17.7565138,136.111111,123.6,2414.601934,53.2369199,1.66752667,0.507884805,0.002991942,0.020462129,83.6,1.6722,0.023454071,0.285675,0.323196,0.391128
3803,OK,,195.0,306.1467897,17.7565138,137.222222,123.6,2434.312968,53.671507,1.48336501,0.564305586,0.003316968,0.018173452,83.6,1.6722,0.02149042,0.285675,0.323196,0.391128
3804,OK,,195.0,306.1467897,17.7565138,138.333333,123.6,2454.024002,54.1060941,1.30312459,0.629963437,0.003694535,0.015938541,83.6,1.6722,0.019633076,0.285675,0.323196,0.391128
3805,OK,,195.0,306.1467897,17.7565138,139.444444,123.6,2473.735036,54.5406812,1.12161435,0.710381944,0.004156533,0.013695473,83.6,1.6722,0.017852006,0.285675,0.323196,0.391128
3806,OK,,195.0,306.1467897,17.7565138,140.555556,123.6,2493.446088,54.9752683,0.952465091,0.801388282,0.004677869,0.011607896,83.6,1.6722,0.016285765,0.285675,0.323196,0.391128
3807,OK,,195.0,306.1467897,17.7565138,141.666667,123.6,2513.157123,55.4098554,0.791989575,0.910280733,0.00530048,0.00963209,83.6,1.6722,0.01493257,0.285675,0.323196,0.391128
3808,OK,,195.0,306.1467897,17.7565138,142.777778,123.6,2532.868157,55.8444425,0.639277766,1.04262927,0.006055807,0.007757459,83.6,1.6722,0.013813266,0.285675,0.323196,0.391128
3809,OK,,195.0,306.1467897,17.7565138,143.888889,123.6,2552.579191,56.2790296,0.500567965,1.20187546,0.006962398,0.006059059,83.6,1.6722,0.013021457,0.285675,0.323196,0.391128
3810,OK,,195.0,306.1467897,17.7565138,145.0,123.6,2572.290225,56.7136167,0.378684581,1.39362635,0.008051026,0.004570816,83.6,1.6722,0.012621841,0.285675,0.323196,0.391128
3811,OK,,195.0,311.255931,18.052844,135.0,123.6,2394.890899,52.8023328,1.92194135,0.44787841,0.002639606,0.023572132,83.6,1.6722,0.026211738,0.285675,0.323196,0.391128
3812,OK,,195.0,311.255931,18.052844,136.111111,123.6,2414.601934,53.2369199,1.73029593,0.49546106,0.002913777,0.021191303,83.6,1.6722,0.02410508,0.285675,0.323196,0.391128
3813,OK,,195.0,311.255931,18.052844,137.222222,123.6,2434.312968,53.671507,1.54096542,0.550597435,0.003230946,0.018844415,83.6,1.6722,0.022075361,0.285675,0.323196,0.391128
3814,OK,,195.0,311.255931,18.052844,138.333333,123.6,2454.024002,54.1060941,1.35688752,0.614369109,0.00359709,0.016566786,83.6,1.6722,0.020163876,0.285675,0.323196,0.391128
3815,OK,,195.0,311.255931,18.052844,139.444444,123.6,2473.735036,54.5406812,1.17815155,0.689872476,0.004029881,0.014359881,83.6,1.6722,0.018389762,0.285675,0.323196,0.391128
3816,OK,,195.0,311.255931,18.052844,140.555556,123.6,2493.446088,54.9752683,1.00241373,0.779341186,0.004541794,0.012196042,83.6,1.6722,0.016737836,0.285675,0.323196,0.391128
3817,OK,,195.0,311.255931,18.052844,141.666667,123.6,2513.157123,55.4098554,0.839498654,0.882250611,0.005129094,0.010193257,83.6,1.6722,0.015322351,0.285675,0.323196,0.391128
3818,OK,,195.0,311.255931,18.052844,142.777778,123.6,2532.868157,55.8444425,0.683833448,1.00787691,0.005844821,0.008285126,83.6,1.6722,0.014129947,0.285675,0.323196,0.391128
3819,OK,,195.0,311.255931,18.052844,143.888889,123.6,2552.579191,56.2790296,0.540788772,1.15920226,0.006704943,0.006536211,83.6,1.6722,0.013241155,0.285675,0.323196,0.391128
3820,OK,,195.0,311.255931,18.052844,145.0,123.6,2572.290225,56.7136167,0.411514348,1.344575,0.007754386,0.004958327,83.6,1.6722,0.012712713,0.285675,0.323196,0.391128
3821,OK,,195.0,316.3650741,18.3491743,135.0,123.6,2394.890899,52.8023328,1.98801605,0.437416221,0.002573522,0.024334401,83.6,1.6722,0.026907923,0.285675,0.323196,0.391128
3822,OK,,195.0,316.3650741,18.3491743,136.111111,123.6,2414.601934,53.2369199,1.79184038,0.483882759,0.002840862,0.021903568,83.6,1.6722,0.024744429,0.285675,0.323196,0.391128
3823,OK,,195.0,316.3650741,18.3491743,137.222222,123.6,2434.312968,53.671507,1.59705861,0.537918493,0.003151265,0.019495385,83.6,1.6722,0.022646651,0.285675,0.323196,0.391128
3824,OK,,195.0,316.3650741,18.3491743,138.333333,123.6,2454.024002,54.1060941,1.41553903,0.599085359,0.003501773,0.017251323,83.6,1.6722,0.020753095,0.285675,0.323196,0.391128
3825,OK,,195.0,316.3650741,18.3491743,139.444444,123.6,2473.735036,54.5406812,1.23131109,0.671779698,0.003917769,0.014981917,83.6,1.6722,0.018899686,0.285675,0.323196,0.391128
3826,OK,,195.0,316.3650741,18.3491743,140.555556,123.6,2493.446088,54.9752683,1.05436749,0.757055346,0.004404788,0.012806397,83.6,1.6722,0.017211184,0.285675,0.323196,0.391128
3827,OK,,195.0,316.3650741,18.3491743,141.666667,123.6,2513.157123,55.4098554,0.887946515,0.855619663,0.004966383,0.010764011,83.6,1.6722,0.015730394,0.285675,0.323196,0.391128
3828,OK,,195.0,316.3650741,18.3491743,142.777778,123.6,2532.868157,55.8444425,0.73134806,0.973666525,0.005637635,0.008846675,83.6,1.6722,0.01448431,0.285675,0.323196,0.391128
3829,OK,,195.0,316.3650741,18.3491743,143.888889,123.6,2552.579191,56.2790296,0.582570431,1.1186747,0.00646066,0.007030734,83.6,1.6722,0.013491394,0.285675,0.323196,0.391128
3830,OK,,195.0,316.3650741,18.3491743,145.0,123.6,2572.290225,56.7136167,0.45251735,1.28901154,0.007424556,0.005446722,83.6,1.6722,0.012871278,0.285675,0.323196,0.391128
3831,OK,,195.0,321.4742172,18.6455046,135.0,123.6,2394.890899,52.8023328,2.03932814,0.429760174,0.002524203,0.024919366,83.6,1.6722,0.027443569,0.285675,0.323196,0.391128
3832,OK,,195.0,321.4742172,18.6455046,136.111111,123.6,2414.601934,53.2369199,1.84678049,0.474085267,0.00277865,0.022534943,83.6,1.6722,0.025313592,0.285675,0.323196,0.391128
3833,OK,,195.0,321.4742172,18.6455046,137.222222,123.6,2434.312968,53.671507,1.64702442,0.527216006,0.003083426,0.020071308,83.6,1.6722,0.023154733,0.285675,0.323196,0.391128
3834,OK,,195.0,321.4742172,18.6455046,138.333333,123.6,2454.024002,54.1060941,1.47546853,0.583495683,0.003405022,0.017948912,83.6,1.6722,0.021353934,0.285675,0.323196,0.391128
3835,OK,,195.0,321.4742172,18.6455046,139.444444,123.6,2473.735036,54.5406812,1.2848155,0.654593735,0.003811281,0.015605825,83.6,1.6722,0.019417106,0.285675,0.323196,0.391128
3836,OK,,195.0,321.4742172,18.6455046,140.555556,123.6,2493.446088,54.9752683,1.10835705,0.735223478,0.004270851,0.013438892,83.6,1.6722,0.017709743,0.285675,0.323196,0.391128
3837,OK,,195.0,321.4742172,18.6455046,141.666667,123.6,2513.157123,55.4098554,0.935553512,0.831215908,0.004817061,0.01132282,83.6,1.6722,0.016139881,0.285675,0.323196,0.391128
3838,OK,,195.0,321.4742172,18.6455046,142.777778,123.6,2532.868157,55.8444425,0.776760425,0.943507236,0.005454463,0.00938129,83.6,1.6722,0.014835753,0.285675,0.323196,0.391128
3839,OK,,195.0,321.4742172,18.6455046,143.888889,123.6,2552.579191,56.2790296,0.628232891,1.07812011,0.00621691,0.007570039,83.6,1.6722,0.013786949,0.285675,0.323196,0.391128
3840,OK,,195.0,321.4742172,18.6455046,145.0,123.6,2572.290225,56.7136167,0.493101903,1.23969374,0.007129822,0.00592659,83.6,1.6722,0.013056412,0.285675,0.323196,0.391128
3841,OK,,195.0,326.5833603,18.9418349,135.0,123.6,2394.890899,52.8023328,2.09871086,0.421161176,0.002469475,0.025597139,83.6,1.6722,0.028066614,0.285675,0.323196,0.391128
3842,OK,,195.0,326.5833603,18.9418349,136.111111,123.6,2414.601934,53.2369199,1.89682463,0.465575606,0.002724194,0.023106174,83.6,1.6722,0.025830368,0.285675,0.323196,0.391128
3843,OK,,195.0,326.5833603,18.9418349,137.222222,123.6,2434.312968,53.671507,1.7125532,0.51364755,0.002998992,0.020829099,83.6,1.6722,0.023828091,0.285675,0.323196,0.391128
3844,OK,,195.0,326.5833603,18.9418349,138.333333,123.6,2454.024002,54.1060941,1.52120557,0.572268457,0.003333951,0.018474877,83.6,1.6722,0.021808828,0.285675,0.323196,0.391128
3845,OK,,195.0,326.5833603,18.9418349,139.444444,123.6,2473.735036,54.5406812,1.33580147,0.639133318,0.003715162,0.016197591,83.6,1.6722,0.019912753,0.285675,0.323196,0.391128
3846,OK,,195.0,326.5833603,18.9418349,140.555556,123.6,2493.446088,54.9752683,1.16228349,0.714769058,0.004145308,0.014068352,83.6,1.6722,0.018213661,0.285675,0.323196,0.391128
3847,OK,,195.0,326.5833603,18.9418349,141.666667,123.6,2513.157123,55.4098554,0.990287178,0.80567981,0.004661603,0.011964473,83.6,1.6722,0.016626076,0.285675,0.323196,0.391128
3848,OK,,195.0,326.5833603,18.9418349,142.777778,123.6,2532.868157,55.8444425,0.822313389,0.915394332,0.005283629,0.009915825,83.6,1.6722,0.015199454,0.285675,0.323196,0.391128
3849,OK,,195.0,326.5833603,18.9418349,143.888889,123.6,2552.579191,56.2790296,0.671680647,1.04280322,0.006003986,0.008081225,83.6,1.6722,0.014085212,0.285675,0.323196,0.391128
3850,OK,,195.0,326.5833603,18.9418349,145.0,123.6,2572.290225,56.7136167,0.533270347,1.19546959,0.006865114,0.00640004,83.6,1.6722,0.013265154,0.285675,0.323196,0.391128
3851,OK,,195.0,331.6925017,19.2381651,135.0,123.6,2394.890899,52.8023328,2.15663926,0.413121633,0.00241821,0.026255328,83.6,1.6722,0.028673538,0.285675,0.323196,0.391128
3852,OK,,195.0,331.6925017,19.2381651,136.111111,123.6,2414.601934,53.2369199,1.96406217,0.454430912,0.002654445,0.023877704,83.6,1.6722,0.026532149,0.285675,0.323196,0.391128
3853,OK,,195.0,331.6925017,19.2381651,137.222222,123.6,2434.312968,53.671507,1.77434454,0.501544675,0.002923396,0.021539898,83.6,1.6722,0.024463294,0.285675,0.323196,0.391128
3854,OK,,195.0,331.6925017,19.2381651,138.333333,123.6,2454.024002,54.1060941,1.58181217,0.557917207,0.003244922,0.0191752,83.6,1.6722,0.022420121,0.285675,0.323196,0.391128
3855,OK,,195.0,331.6925017,19.2381651,139.444444,123.6,2473.735036,54.5406812,1.39347385,0.622453342,0.003612247,0.016866454,83.6,1.6722,0.020478701,0.285675,0.323196,0.391128
3856,OK,,195.0,331.6925017,19.2381651,140.555556,123.6,2493.446088,54.9752683,1.21205219,0.697042364,0.004035965,0.014646374,83.6,1.6722,0.018682339,0.285675,0.323196,0.391128
3857,OK,,195.0,331.6925017,19.2381651,141.666667,123.6,2513.157123,55.4098554,1.04206624,0.782505132,0.004520275,0.012568857,83.6,1.6722,0.017089132,0.285675,0.323196,0.391128
3858,OK,,195.0,331.6925017,19.2381651,142.777778,123.6,2532.868157,55.8444425,0.874086944,0.885581762,0.005103501,0.010522521,83.6,1.6722,0.015626022,0.285675,0.323196,0.391128
3859,OK,,195.0,331.6925017,19.2381651,143.888889,123.6,2552.579191,56.2790296,0.717679547,1.00827625,0.005796219,0.008621139,83.6,1.6722,0.014417358,0.285675,0.323196,0.391128
3860,OK,,195.0,331.6925017,19.2381651,145.0,123.6,2572.290225,56.7136167,0.564251971,1.1643154,0.006676019,0.006762942,83.6,1.6722,0.013438961,0.285675,0.323196,0.391128
3861,OK,,195.0,336.8016448,19.5344954,135.0,123.6,2394.890899,52.8023328,2.21591312,0.405208483,0.002367843,0.026926664,83.6,1.6722,0.029294507,0.285675,0.323196,0.391128
3862,OK,,195.0,336.8016448,19.5344954,136.111111,123.6,2414.601934,53.2369199,2.0192949,0.445788429,0.002599567,0.024505252,83.6,1.6722,0.027104818,0.285675,0.323196,0.391128
3863,OK,,195.0,336.8016448,19.5344954,137.222222,123.6,2434.312968,53.671507,1.82586961,0.492013026,0.002863049,0.022127236,83.6,1.6722,0.024990285,0.285675,0.323196,0.391128
3864,OK,,195.0,336.8016448,19.5344954,138.333333,123.6,2454.024002,54.1060941,1.63736918,0.544705115,0.003162814,0.019813341,83.6,1.6722,0.022976156,0.285675,0.323196,0.391128
3865,OK,,195.0,336.8016448,19.5344954,139.444444,123.6,2473.735036,54.5406812,1.45185117,0.606413475,0.003513372,0.017541146,83.6,1.6722,0.021054518,0.285675,0.323196,0.391128
3866,OK,,195.0,336.8016448,19.5344954,140.555556,123.6,2493.446088,54.9752683,1.26925856,0.677705973,0.003917619,0.015310246,83.6,1.6722,0.019227866,0.285675,0.323196,0.391128
3867,OK,,195.0,336.8016448,19.5344954,141.666667,123.6,2513.157123,55.4098554,1.09397746,0.760730093,0.004387439,0.013172667,83.6,1.6722,0.017560107,0.285675,0.323196,0.391128
3868,OK,,195.0,336.8016448,19.5344954,142.777778,123.6,2532.868157,55.8444425,0.925621554,0.85805929,0.004937073,0.011124266,83.6,1.6722,0.016061338,0.285675,0.323196,0.391128
3869,OK,,195.0,336.8016448,19.5344954,143.888889,123.6,2552.579191,56.2790296,0.76449872,0.975817163,0.005600909,0.009169001,83.6,1.6722,0.01476991,0.285675,0.323196,0.391128
3870,OK,,195.0,336.8016448,19.5344954,145.0,123.6,2572.290225,56.7136167,0.616808083,1.11505167,0.006383874,0.007380632,83.6,1.6722,0.013764506,0.285675,0.323196,0.391128
3871,OK,,195.0,341.9107879,19.8308257,135.0,123.6,2394.890899,52.8023328,2.27554695,0.397544647,0.002319108,0.027600068,83.6,1.6722,0.029919176,0.285675,0.323196,0.391128
3872,OK,,195.0,341.9107879,19.8308257,136.111111,123.6,2414.601934,53.2369199,2.07213871,0.437851722,0.002549003,0.025102943,83.6,1.6722,0.027651945,0.285675,0.323196,0.391128
3873,OK,,195.0,341.9107879,19.8308257,137.222222,123.6,2434.312968,53.671507,1.88469073,0.481489514,0.002797117,0.022798363,83.6,1.6722,0.02559548,0.285675,0.323196,0.391128
3874,OK,,195.0,341.9107879,19.8308257,138.333333,123.6,2454.024002,54.1060941,1.69442975,0.532521808,0.00308694,0.020467121,83.6,1.6722,0.023554061,0.285675,0.323196,0.391128
3875,OK,,195.0,341.9107879,19.8308257,139.444444,123.6,2473.735036,54.5406812,1.50399118,0.592886961,0.003429392,0.018140243,83.6,1.6722,0.021569635,0.285675,0.323196,0.391128
3876,OK,,195.0,341.9107879,19.8308257,140.555556,123.6,2493.446088,54.9752683,1.32287229,0.660656845,0.003812877,0.015929611,83.6,1.6722,0.019742488,0.285675,0.323196,0.391128
3877,OK,,195.0,341.9107879,19.8308257,141.666667,123.6,2513.157123,55.4098554,1.14829722,0.739292456,0.004256968,0.013803022,83.6,1.6722,0.01805999,0.285675,0.323196,0.391128
3878,OK,,195.0,341.9107879,19.8308257,142.777778,123.6,2532.868157,55.8444425,0.978064952,0.831959077,0.004779336,0.011734867,83.6,1.6722,0.016514203,0.285675,0.323196,0.391128
3879,OK,,195.0,341.9107879,19.8308257,143.888889,123.6,2552.579191,56.2790296,0.814247815,0.943845301,0.005408987,0.009749871,83.6,1.6722,0.015158858,0.285675,0.323196,0.391128
3880,OK,,195.0,341.9107879,19.8308257,145.0,123.6,2572.290225,56.7136167,0.663427081,1.0755583,0.006148397,0.007926145,83.6,1.6722,0.014074542,0.285675,0.323196,0.391128
3881,OK,,195.0,347.019931,20.127156,135.0,123.6,2394.890899,52.8023328,2.33587469,0.39008797,0.002271729,0.02827875,83.6,1.6722,0.030550479,0.285675,0.323196,0.391128
3882,OK,,195.0,347.019931,20.127156,136.111111,123.6,2414.601934,53.2369199,2.13475192,0.428723793,0.002491626,0.025812247,83.6,1.6722,0.028303873,0.285675,0.323196,0.391128
3883,OK,,195.0,347.019931,20.127156,137.222222,123.6,2434.312968,53.671507,1.94570784,0.471042783,0.002731824,0.023492453,83.6,1.6722,0.026224277,0.285675,0.323196,0.391128
3884,OK,,195.0,347.019931,20.127156,138.333333,123.6,2454.024002,54.1060941,1.74945294,0.521296181,0.003016858,0.021094511,83.6,1.6722,0.02411137,0.285675,0.323196,0.391128
3885,OK,,195.0,347.019931,20.127156,139.444444,123.6,2473.735036,54.5406812,1.56259492,0.578352257,0.003339815,0.018812947,83.6,1.6722,0.022152762,0.285675,0.323196,0.391128
3886,OK,,195.0,347.019931,20.127156,140.555556,123.6,2493.446088,54.9752683,1.37986141,0.643484256,0.003707722,0.016586339,83.6,1.6722,0.020294061,0.285675,0.323196,0.391128
3887,OK,,195.0,347.019931,20.127156,141.666667,123.6,2513.157123,55.4098554,1.20105178,0.719747915,0.004137768,0.014412631,83.6,1.6722,0.018550399,0.285675,0.323196,0.391128
3888,OK,,195.0,347.019931,20.127156,142.777778,123.6,2532.868157,55.8444425,1.02630052,0.809579688,0.004643406,0.012293699,83.6,1.6722,0.016937105,0.285675,0.323196,0.391128
3889,OK,,195.0,347.019931,20.127156,143.888889,123.6,2552.579191,56.2790296,0.862423749,0.915178155,0.005236514,0.010310181,83.6,1.6722,0.015546695,0.285675,0.323196,0.391128
3890,OK,,195.0,347.019931,20.127156,145.0,123.6,2572.290225,56.7136167,0.704682796,1.0434896,0.005955926,0.008406571,83.6,1.6722,0.014362497,0.285675,0.323196,0.391128
3891,OK,,195.0,352.1290724,20.4234862,135.0,123.6,2394.890899,52.8023328,2.39465754,0.383107371,0.002227279,0.028936874,83.6,1.6722,0.031164152,0.285675,0.323196,0.391128
3892,OK,,195.0,352.1290724,20.4234862,136.111111,123.6,2414.601934,53.2369199,2.2045102,0.41894264,0.002430614,0.026601829,83.6,1.6722,0.029032443,0.285675,0.323196,0.391128
3893,OK,,195.0,352.1290724,20.4234862,137.222222,123.6,2434.312968,53.671507,2.0017218,0.461910184,0.002674373,0.02412556,83.6,1.6722,0.026799932,0.285675,0.323196,0.391128
3894,OK,,195.0,352.1290724,20.4234862,138.333333,123.6,2454.024002,54.1060941,1.81061832,0.50927109,0.002942361,0.021791382,83.6,1.6722,0.024733743,0.285675,0.323196,0.391128
3895,OK,,195.0,352.1290724,20.4234862,139.444444,123.6,2473.735036,54.5406812,1.61977249,0.564141124,0.003252395,0.019466464,83.6,1.6722,0.02271886,0.285675,0.323196,0.391128
3896,OK,,195.0,352.1290724,20.4234862,140.555556,123.6,2493.446088,54.9752683,1.43290492,0.628399633,0.003614919,0.017194419,83.6,1.6722,0.020809339,0.285675,0.323196,0.391128
3897,OK,,195.0,352.1290724,20.4234862,141.666667,123.6,2513.157123,55.4098554,1.25384585,0.701297852,0.004025212,0.015020569,83.6,1.6722,0.019045781,0.285675,0.323196,0.391128
3898,OK,,195.0,352.1290724,20.4234862,142.777778,123.6,2532.868157,55.8444425,1.08110783,0.785617134,0.004498797,0.012927909,83.6,1.6722,0.017426706,0.285675,0.323196,0.391128
3899,OK,,195.0,352.1290724,20.4234862,143.888889,123.6,2552.579191,56.2790296,0.913044705,0.887102787,0.005067921,0.010897402,83.6,1.6722,0.015965323,0.285675,0.323196,0.391128
3900,OK,,195.0,352.1290724,20.4234862,145.0,123.6,2572.290225,56.7136167,0.751376814,1.00955816,0.005752698,0.008946805,83.6,1.6722,0.014699502,0.285675,0.323196,0.391128
3901,OK,,195.0,357.2382155,20.7198165,135.0,123.6,2394.890899,52.8023328,2.45520818,0.376159023,0.002183162,0.029613235,83.6,1.6722,0.031796397,0.285675,0.323196,0.391128
3902,OK,,195.0,357.2382155,20.7198165,136.111111,123.6,2414.601934,53.2369199,2.25571817,0.412188,0.002387424,0.027173382,83.6,1.6722,0.029560806,0.285675,0.323196,0.391128
3903,OK,,195.0,357.2382155,20.7198165,137.222222,123.6,2434.312968,53.671507,2.06043461,0.452692426,0.002616612,0.024787954,83.6,1.6722,0.027404565,0.285675,0.323196,0.391128
3904,OK,,195.0,357.2382155,20.7198165,138.333333,123.6,2454.024002,54.1060941,1.865922,0.498941879,0.002877919,0.022417556,83.6,1.6722,0.025295475,0.285675,0.323196,0.391128
3905,OK,,195.0,357.2382155,20.7198165,139.444444,123.6,2473.735036,54.5406812,1.67548234,0.551688861,0.003175388,0.020100648,83.6,1.6722,0.023276036,0.285675,0.323196,0.391128
3906,OK,,195.0,357.2382155,20.7198165,140.555556,123.6,2493.446088,54.9752683,1.49032618,0.612836471,0.003519652,0.017851716,83.6,1.6722,0.021371368,0.285675,0.323196,0.391128
3907,OK,,195.0,357.2382155,20.7198165,141.666667,123.6,2513.157123,55.4098554,1.3067229,0.683821206,0.003918594,0.015627514,83.6,1.6722,0.019546109,0.285675,0.323196,0.391128
3908,OK,,195.0,357.2382155,20.7198165,142.777778,123.6,2532.868157,55.8444425,1.13113981,0.765160371,0.004374697,0.01350404,83.6,1.6722,0.017878737,0.285675,0.323196,0.391128
3909,OK,,195.0,357.2382155,20.7198165,143.888889,123.6,2552.579191,56.2790296,0.963499641,0.861018376,0.004911198,0.011480812,83.6,1.6722,0.016392009,0.285675,0.323196,0.391128
3910,OK,,195.0,357.2382155,20.7198165,145.0,123.6,2572.290225,56.7136167,0.796626265,0.979408093,0.005572973,0.009473914,83.6,1.6722,0.015046886,0.285675,0.323196,0.391128
3911,OK,,195.0,362.3473586,21.0161468,135.0,123.6,2394.890899,52.8023328,2.51353247,0.369724622,0.002142177,0.030261289,83.6,1.6722,0.032403466,0.285675,0.323196,0.391128
3912,OK,,195.0,362.3473586,21.0161468,136.111111,123.6,2414.601934,53.2369199,2.3116876,0.405011188,0.002341909,0.027797952,83.6,1.6722,0.030139861,0.285675,0.323196,0.391128
3913,OK,,195.0,362.3473586,21.0161468,137.222222,123.6,2434.312968,53.671507,2.11830185,0.443923572,0.002561642,0.025438106,83.6,1.6722,0.027999748,0.285675,0.323196,0.391128
3914,OK,,195.0,362.3473586,21.0161468,138.333333,123.6,2454.024002,54.1060941,1.92510261,0.488319549,0.002811976,0.023086471,83.6,1.6722,0.025898447,0.285675,0.323196,0.391128
3915,OK,,195.0,362.3473586,21.0161468,139.444444,123.6,2473.735036,54.5406812,1.7327249,0.539466462,0.003099936,0.020750357,83.6,1.6722,0.023850293,0.285675,0.323196,0.391128
3916,OK,,195.0,362.3473586,21.0161468,140.555556,123.6,2493.446088,54.9752683,1.54718766,0.598224221,0.003430133,0.018500075,83.6,1.6722,0.021930208,0.285675,0.323196,0.391128
3917,OK,,195.0,362.3473586,21.0161468,141.666667,123.6,2513.157123,55.4098554,1.36226555,0.666417948,0.00381271,0.016263463,83.6,1.6722,0.020076173,0.285675,0.323196,0.391128
3918,OK,,195.0,362.3473586,21.0161468,142.777778,123.6,2532.868157,55.8444425,1.18805776,0.743870324,0.004246183,0.014158728,83.6,1.6722,0.018404912,0.285675,0.323196,0.391128
3919,OK,,195.0,362.3473586,21.0161468,143.888889,123.6,2552.579191,56.2790296,1.01232321,0.837422333,0.004769109,0.012043157,83.6,1.6722,0.016812266,0.285675,0.323196,0.391128
3920,OK,,195.0,362.3473586,21.0161468,145.0,123.6,2572.290225,56.7136167,0.850669347,0.945686447,0.005372774,0.01009964,83.6,1.6722,0.015472414,0.285675,0.323196,0.391128
3921,OK,,195.0,367.4565017,21.3124771,135.0,123.6,2394.890899,52.8023328,2.57430424,0.363235329,0.002100997,0.03093503,83.6,1.6722,0.033036027,0.285675,0.323196,0.391128
3922,OK,,195.0,367.4565017,21.3124771,136.111111,123.6,2414.601934,53.2369199,2.37926913,0.396573509,0.002289212,0.028554112,83.6,1.6722,0.030843325,0.285675,0.323196,0.391128
3923,OK,,195.0,367.4565017,21.3124771,137.222222,123.6,2434.312968,53.671507,2.17781797,0.435229749,0.002507276,0.026104904,83.6,1.6722,0.028612179,0.285675,0.323196,0.391128
3924,OK,,195.0,367.4565017,21.3124771,138.333333,123.6,2454.024002,54.1060941,1.98139195,0.478672659,0.002751862,0.023719388,83.6,1.6722,0.026471251,0.285675,0.323196,0.391128
3925,OK,,195.0,367.4565017,21.3124771,139.444444,123.6,2473.735036,54.5406812,1.7909455,0.527595003,0.00302673,0.021409031,83.6,1.6722,0.024435761,0.285675,0.323196,0.391128
3926,OK,,195.0,367.4565017,21.3124771,140.555556,123.6,2493.446088,54.9752683,1.60097664,0.585109209,0.003349477,0.019110352,83.6,1.6722,0.022459829,0.285675,0.323196,0.391128
3927,OK,,195.0,367.4565017,21.3124771,141.666667,123.6,2513.157123,55.4098554,1.42042369,0.649156238,0.003707949,0.016927597,83.6,1.6722,0.020635546,0.285675,0.323196,0.391128
3928,OK,,195.0,367.4565017,21.3124771,142.777778,123.6,2532.868157,55.8444425,1.23963395,0.725176936,0.00413288,0.01474878,83.6,1.6722,0.018881661,0.285675,0.323196,0.391128
3929,OK,,195.0,367.4565017,21.3124771,143.888889,123.6,2552.579191,56.2790296,1.06666561,0.812712856,0.004621095,0.012668083,83.6,1.6722,0.017289178,0.285675,0.323196,0.391128
3930,OK,,195.0,367.4565017,21.3124771,145.0,123.6,2572.290225,56.7136167,0.896245444,0.919448705,0.005215611,0.010624256,83.6,1.6722,0.015839867,0.285675,0.323196,0.391128
3931,OK,,195.0,372.5656431,21.6088073,135.0,123.6,2394.890899,52.8023328,2.63437935,0.357045484,0.002061691,0.03159845,83.6,1.6722,0.03366014,0.285675,0.323196,0.391128
3932,OK,,195.0,372.5656431,21.6088073,136.111111,123.6,2414.601934,53.2369199,2.43655611,0.389766591,0.002246139,0.02918912,83.6,1.6722,0.031435259,0.285675,0.323196,0.391128
3933,OK,,195.0,372.5656431,21.6088073,137.222222,123.6,2434.312968,53.671507,2.23926907,0.426601833,0.002453463,0.026791714,83.6,1.6722,0.029245177,0.285675,0.323196,0.391128
3934,OK,,195.0,372.5656431,21.6088073,138.333333,123.6,2454.024002,54.1060941,2.0411895,0.468807088,0.002690678,0.024390723,83.6,1.6722,0.027081402,0.285675,0.323196,0.391128
3935,OK,,195.0,372.5656431,21.6088073,139.444444,123.6,2473.735036,54.5406812,1.84841277,0.516405621,0.002957674,0.022056745,83.6,1.6722,0.025014418,0.285675,0.323196,0.391128
3936,OK,,195.0,372.5656431,21.6088073,140.555556,123.6,2493.446088,54.9752683,1.65982868,0.570648312,0.003261373,0.019777366,83.6,1.6722,0.02303874,0.285675,0.323196,0.391128
3937,OK,,195.0,372.5656431,21.6088073,141.666667,123.6,2513.157123,55.4098554,1.47309187,0.634402453,0.003617846,0.017525694,83.6,1.6722,0.02114354,0.285675,0.323196,0.391128
3938,OK,,195.0,372.5656431,21.6088073,142.777778,123.6,2532.868157,55.8444425,1.29252097,0.707023635,0.004023002,0.015352195,83.6,1.6722,0.019375197,0.285675,0.323196,0.391128
3939,OK,,195.0,372.5656431,21.6088073,143.888889,123.6,2552.579191,56.2790296,1.11901357,0.790435714,0.00448735,0.013267717,83.6,1.6722,0.017755066,0.285675,0.323196,0.391128
3940,OK,,195.0,372.5656431,21.6088073,145.0,123.6,2572.290225,56.7136167,0.950091483,0.890341598,0.005042658,0.011243725,83.6,1.6722,0.016286382,0.285675,0.323196,0.391128
3941,OK,,195.0,377.6747862,21.9051376,135.0,123.6,2394.890899,52.8023328,2.6941665,0.351096805,0.002023897,0.032255777,83.6,1.6722,0.034279674,0.285675,0.323196,0.391128
3942,OK,,195.0,377.6747862,21.9051376,136.111111,123.6,2414.601934,53.2369199,2.4982073,0.382601325,0.002201129,0.029871661,83.6,1.6722,0.03207279,0.285675,0.323196,0.391128
3943,OK,,195.0,377.6747862,21.9051376,137.222222,123.6,2434.312968,53.671507,2.28683259,0.420277519,0.0024131,0.027316047,83.6,1.6722,0.029729147,0.285675,0.323196,0.391128
3944,OK,,195.0,377.6747862,21.9051376,138.333333,123.6,2454.024002,54.1060941,2.08701113,0.461671016,0.00264538,0.024898322,83.6,1.6722,0.027543703,0.285675,0.323196,0.391128
3945,OK,,195.0,377.6747862,21.9051376,139.444444,123.6,2473.735036,54.5406812,1.90556835,0.505766148,0.002891971,0.022698304,83.6,1.6722,0.025590275,0.285675,0.323196,0.391128
3946,OK,,195.0,377.6747862,21.9051376,140.555556,123.6,2493.446088,54.9752683,1.71522315,0.558390006,0.003186112,0.020401765,83.6,1.6722,0.023587878,0.285675,0.323196,0.391128
3947,OK,,195.0,377.6747862,21.9051376,141.666667,123.6,2513.157123,55.4098554,1.53241362,0.61853395,0.003521634,0.018198654,83.6,1.6722,0.021720288,0.285675,0.323196,0.391128
3948,OK,,195.0,377.6747862,21.9051376,142.777778,123.6,2532.868157,55.8444425,1.34692708,0.689339665,0.003916105,0.015971025,83.6,1.6722,0.01988713,0.285675,0.323196,0.391128
3949,OK,,195.0,377.6747862,21.9051376,143.888889,123.6,2552.579191,56.2790296,1.17251073,0.769020099,0.004358868,0.013878546,83.6,1.6722,0.018237413,0.285675,0.323196,0.391128
3950,OK,,195.0,377.6747862,21.9051376,145.0,123.6,2572.290225,56.7136167,0.99911868,0.865709286,0.004895505,0.011804931,83.6,1.6722,0.016700436,0.285675,0.323196,0.391128
3951,OK,,195.0,382.7839293,22.2014679,135.0,123.6,2394.890899,52.8023328,2.75454754,0.345283562,0.001987007,0.032917468,83.6,1.6722,0.034904475,0.285675,0.323196,0.391128
3952,OK,,195.0,382.7839293,22.2014679,136.111111,123.6,2414.601934,53.2369199,2.54073133,0.377959536,0.00217084,0.030332915,83.6,1.6722,0.032503755,0.285675,0.323196,0.391128
3953,OK,,195.0,382.7839293,22.2014679,137.222222,123.6,2434.312968,53.671507,2.3546858,0.411354118,0.002357885,0.028071318,83.6,1.6722,0.030429203,0.285675,0.323196,0.391128
3954,OK,,195.0,382.7839293,22.2014679,138.333333,123.6,2454.024002,54.1060941,2.15695128,0.450896711,0.002579312,0.025681487,83.6,1.6722,0.028260799,0.285675,0.323196,0.391128
3955,OK,,195.0,382.7839293,22.2014679,139.444444,123.6,2473.735036,54.5406812,1.96355866,0.495416097,0.002828128,0.023347201,83.6,1.6722,0.026175329,0.285675,0.323196,0.391128
3956,OK,,195.0,382.7839293,22.2014679,140.555556,123.6,2493.446088,54.9752683,1.77172359,0.546430522,0.003112788,0.021036749,83.6,1.6722,0.024149536,0.285675,0.323196,0.391128
3957,OK,,195.0,382.7839293,22.2014679,141.666667,123.6,2513.157123,55.4098554,1.58315476,0.605753759,0.003442941,0.018766387,83.6,1.6722,0.022209328,0.285675,0.323196,0.391128
3958,OK,,195.0,382.7839293,22.2014679,142.777778,123.6,2532.868157,55.8444425,1.39914296,0.673280297,0.00381876,0.016562388,83.6,1.6722,0.020381148,0.285675,0.323196,0.391128
3959,OK,,195.0,382.7839293,22.2014679,143.888889,123.6,2552.579191,56.2790296,1.22267802,0.750129739,0.004245078,0.01444872,83.6,1.6722,0.018693798,0.285675,0.323196,0.391128
3960,OK,,195.0,382.7839293,22.2014679,145.0,123.6,2572.290225,56.7136167,1.05389464,0.839803533,0.004740976,0.012427578,83.6,1.6722,0.017168553,0.285675,0.323196,0.391128
3961,OK,,195.0,387.8930724,22.4977982,135.0,123.6,2394.890899,52.8023328,2.81406623,0.339728046,0.001951727,0.03356695,83.6,1.6722,0.035518677,0.285675,0.323196,0.391128
3962,OK,,195.0,387.8930724,22.4977982,136.111111,123.6,2414.601934,53.2369199,2.60581295,0.370823343,0.002126254,0.031050149,83.6,1.6722,0.033176403,0.285675,0.323196,0.391128
3963,OK,,195.0,387.8930724,22.4977982,137.222222,123.6,2434.312968,53.671507,2.41013661,0.404435723,0.002314377,0.028681883,83.6,1.6722,0.030996259,0.285675,0.323196,0.391128
3964,OK,,195.0,387.8930724,22.4977982,138.333333,123.6,2454.024002,54.1060941,2.21636819,0.44222167,0.002525492,0.026341006,83.6,1.6722,0.028866499,0.285675,0.323196,0.391128
3965,OK,,195.0,387.8930724,22.4977982,139.444444,123.6,2473.735036,54.5406812,2.01514666,0.486640486,0.002773491,0.023920277,83.6,1.6722,0.026693767,0.285675,0.323196,0.391128
3966,OK,,195.0,387.8930724,22.4977982,140.555556,123.6,2493.446088,54.9752683,1.83581751,0.533403857,0.003033593,0.021756843,83.6,1.6722,0.024790437,0.285675,0.323196,0.391128
3967,OK,,195.0,387.8930724,22.4977982,141.666667,123.6,2513.157123,55.4098554,1.64040029,0.591841482,0.003358789,0.019414536,83.6,1.6722,0.022773326,0.285675,0.323196,0.391128
3968,OK,,195.0,387.8930724,22.4977982,142.777778,123.6,2532.868157,55.8444425,1.45328133,0.657431543,0.003722902,0.017173963,83.6,1.6722,0.020896865,0.285675,0.323196,0.391128
3969,OK,,195.0,387.8930724,22.4977982,143.888889,123.6,2552.579191,56.2790296,1.27526334,0.731352867,0.004132267,0.015044982,83.6,1.6722,0.019177249,0.285675,0.323196,0.391128
3970,OK,,195.0,387.8930724,22.4977982,145.0,123.6,2572.290225,56.7136167,1.1009012,0.819118252,0.004617577,0.012965068,83.6,1.6722,0.017582645,0.285675,0.323196,0.391128
3971,OK,,195.0,393.0022138,22.7941284,135.0,123.6,2394.890899,52.8023328,2.87290273,0.334367501,0.0019177,0.03420674,83.6,1.6722,0.03612444,0.285675,0.323196,0.391128
3972,OK,,195.0,393.0022138,22.7941284,136.111111,123.6,2414.601934,53.2369199,2.66647925,0.364436702,0.002086132,0.031714737,83.6,1.6722,0.033800869,0.285675,0.323196,0.391128
3973,OK,,195.0,393.0022138,22.7941284,137.222222,123.6,2434.312968,53.671507,2.47394353,0.396672358,0.002266157,0.02938587,83.6,1.6722,0.031652026,0.285675,0.323196,0.391128
3974,OK,,195.0,393.0022138,22.7941284,138.333333,123.6,2454.024002,54.1060941,2.27729811,0.433652436,0.002472454,0.027015694,83.6,1.6722,0.029488148,0.285675,0.323196,0.391128
3975,OK,,195.0,393.0022138,22.7941284,139.444444,123.6,2473.735036,54.5406812,2.07986935,0.475913639,0.002707879,0.024642084,83.6,1.6722,0.027349963,0.285675,0.323196,0.391128
3976,OK,,195.0,393.0022138,22.7941284,140.555556,123.6,2493.446088,54.9752683,1.88778842,0.523424935,0.00297202,0.022335414,83.6,1.6722,0.025307435,0.285675,0.323196,0.391128
3977,OK,,195.0,393.0022138,22.7941284,141.666667,123.6,2513.157123,55.4098554,1.69750899,0.577955382,0.003274695,0.020055384,83.6,1.6722,0.023330079,0.285675,0.323196,0.391128
3978,OK,,195.0,393.0022138,22.7941284,142.777778,123.6,2532.868157,55.8444425,1.51375471,0.640547935,0.003621478,0.017856567,83.6,1.6722,0.021478045,0.285675,0.323196,0.391128
3979,OK,,195.0,393.0022138,22.7941284,143.888889,123.6,2552.579191,56.2790296,1.33109719,0.712445788,0.00401907,0.01567686,83.6,1.6722,0.019695929,0.285675,0.323196,0.391128
3980,OK,,195.0,393.0022138,22.7941284,145.0,123.6,2572.290225,56.7136167,1.15611185,0.796023202,0.004480369,0.013592284,83.6,1.6722,0.018072653,0.285675,0.323196,0.391128
3981,OK,,195.0,398.1113569,23.0904587,135.0,123.6,2394.890899,52.8023328,2.93622647,0.328754201,0.001882314,0.034894626,83.6,1.6722,0.036776939,0.285675,0.323196,0.391128
3982,OK,,195.0,398.1113569,23.0904587,136.111111,123.6,2414.601934,53.2369199,2.7366518,0.35725088,0.002041528,0.032484359,83.6,1.6722,0.034525887,0.285675,0.323196,0.391128
3983,OK,,195.0,398.1113569,23.0904587,137.222222,123.6,2434.312968,53.671507,2.53146983,0.389978788,0.002224212,0.030015507,83.6,1.6722,0.032239718,0.285675,0.323196,0.391128
3984,OK,,195.0,398.1113569,23.0904587,138.333333,123.6,2454.024002,54.1060941,2.33695064,0.425595088,0.002422495,0.027673079,83.6,1.6722,0.030095574,0.285675,0.323196,0.391128
3985,OK,,195.0,398.1113569,23.0904587,139.444444,123.6,2473.735036,54.5406812,2.13691188,0.466928826,0.002652396,0.025273226,83.6,1.6722,0.027925622,0.285675,0.323196,0.391128
3986,OK,,195.0,398.1113569,23.0904587,140.555556,123.6,2493.446088,54.9752683,1.9442476,0.512967663,0.002907899,0.022963171,83.6,1.6722,0.025871069,0.285675,0.323196,0.391128
3987,OK,,195.0,398.1113569,23.0904587,141.666667,123.6,2513.157123,55.4098554,1.75616818,0.565029934,0.003196274,0.020711534,83.6,1.6722,0.023907808,0.285675,0.323196,0.391128
3988,OK,,195.0,398.1113569,23.0904587,142.777778,123.6,2532.868157,55.8444425,1.5699756,0.625719355,0.003531971,0.018487702,83.6,1.6722,0.022019673,0.285675,0.323196,0.391128
3989,OK,,195.0,398.1113569,23.0904587,143.888889,123.6,2552.579191,56.2790296,1.38829172,0.69413324,0.003909544,0.016322046,83.6,1.6722,0.02023159,0.285675,0.323196,0.391128
3990,OK,,195.0,398.1113569,23.0904587,145.0,123.6,2572.290225,56.7136167,1.2094319,0.775088059,0.004355697,0.014195451,83.6,1.6722,0.018551149,0.285675,0.323196,0.391128
3991,OK,,195.0,403.2205,23.386789,135.0,123.6,2394.890899,52.8023328,3.00139558,0.323158121,0.001847134,0.035600653,83.6,1.6722,0.037447786,0.285675,0.323196,0.391128
3992,OK,,195.0,403.2205,23.386789,136.111111,123.6,2414.601934,53.2369199,2.79691039,0.351365896,0.002004531,0.033138769,83.6,1.6722,0.035143299,0.285675,0.323196,0.391128
3993,OK,,195.0,403.2205,23.386789,137.222222,123.6,2434.312968,53.671507,2.5939506,0.382920984,0.002180308,0.030699003,83.6,1.6722,0.03287931,0.285675,0.323196,0.391128
3994,OK,,195.0,403.2205,23.386789,138.333333,123.6,2454.024002,54.1060941,2.39554186,0.417979522,0.002375211,0.028315962,83.6,1.6722,0.030691173,0.285675,0.323196,0.391128
3995,OK,,195.0,403.2205,23.386789,139.444444,123.6,2473.735036,54.5406812,2.19549003,0.458003898,0.002597267,0.025915716,83.6,1.6722,0.028512983,0.285675,0.323196,0.391128
3996,OK,,195.0,403.2205,23.386789,140.555556,123.6,2493.446088,54.9752683,2.00678312,0.501810345,0.00283999,0.023658007,83.6,1.6722,0.026497997,0.285675,0.323196,0.391128
3997,OK,,195.0,403.2205,23.386789,141.666667,123.6,2513.157123,55.4098554,1.81052144,0.553636188,0.003126765,0.021316082,83.6,1.6722,0.024442848,0.285675,0.323196,0.391128
3998,OK,,195.0,403.2205,23.386789,142.777778,123.6,2532.868157,55.8444425,1.62340922,0.612326284,0.00345084,0.019084687,83.6,1.6722,0.022535527,0.285675,0.323196,0.391128
3999,OK,,195.0,403.2205,23.386789,143.888889,123.6,2552.579191,56.2790296,1.4433127,0.67748349,0.003809709,0.016940016,83.6,1.6722,0.020749725,0.285675,0.323196,0.391128
4000,OK,,195.0,403.2205,23.386789,145.0,123.6,2572.290225,56.7136167,1.26248254,0.755435781,0.004238595,0.01479347,83.6,1.6722,0.019032066,0.285675,0.323196,0.391128
4001,OK,,195.0,408.3296431,23.6831193,135.0,123.6,2394.890899,52.8023328,3.05839429,0.318466823,0.001817266,0.036212201,83.6,1.6722,0.038029467,0.285675,0.323196,0.391128
4002,OK,,195.0,408.3296431,23.6831193,136.111111,123.6,2414.601934,53.2369199,2.85601199,0.345780204,0.001969366,0.033777834,83.6,1.6722,0.0357472,0.285675,0.323196,0.391128
4003,OK,,195.0,408.3296431,23.6831193,137.222222,123.6,2434.312968,53.671507,2.65438753,0.376347687,0.002139312,0.031356945,83.6,1.6722,0.033496256,0.285675,0.323196,0.391128
4004,OK,,195.0,408.3296431,23.6831193,138.333333,123.6,2454.024002,54.1060941,2.45330706,0.410743084,0.002330237,0.02894727,83.6,1.6722,0.031277507,0.285675,0.323196,0.391128
4005,OK,,195.0,408.3296431,23.6831193,139.444444,123.6,2473.735036,54.5406812,2.25630927,0.449140729,0.002542967,0.026589136,83.6,1.6722,0.029132102,0.285675,0.323196,0.391128
4006,OK,,195.0,408.3296431,23.6831193,140.555556,123.6,2493.446088,54.9752683,2.06007093,0.492781489,0.002784366,0.024245132,83.6,1.6722,0.027029498,0.285675,0.323196,0.391128
4007,OK,,195.0,408.3296431,23.6831193,141.666667,123.6,2513.157123,55.4098554,1.87721432,0.540144389,0.003045529,0.022058538,83.6,1.6722,0.025104068,0.285675,0.323196,0.391128
4008,OK,,195.0,408.3296431,23.6831193,142.777778,123.6,2532.868157,55.8444425,1.6803015,0.598667797,0.003368457,0.01971922,83.6,1.6722,0.023087677,0.285675,0.323196,0.391128
4009,OK,,195.0,408.3296431,23.6831193,143.888889,123.6,2552.579191,56.2790296,1.48698793,0.665038366,0.003733836,0.017426112,83.6,1.6722,0.021159948,0.285675,0.323196,0.391128
4010,OK,,195.0,408.3296431,23.6831193,145.0,123.6,2572.290225,56.7136167,1.3141312,0.737346006,0.004130609,0.015373472,83.6,1.6722,0.019504081,0.285675,0.323196,0.391128
4011,OK,,195.0,413.4387845,23.9794495,135.0,123.6,2394.890899,52.8023328,3.12033679,0.313489546,0.00178584,0.036876549,83.6,1.6722,0.038662389,0.285675,0.323196,0.391128
4012,OK,,195.0,413.4387845,23.9794495,136.111111,123.6,2414.601934,53.2369199,2.91380094,0.340506191,0.001936083,0.034399386,83.6,1.6722,0.03633547,0.285675,0.323196,0.391128
4013,OK,,195.0,413.4387845,23.9794495,137.222222,123.6,2434.312968,53.671507,2.71221946,0.370292557,0.002101389,0.031982707,83.6,1.6722,0.034084096,0.285675,0.323196,0.391128
4014,OK,,195.0,413.4387845,23.9794495,138.333333,123.6,2454.024002,54.1060941,2.51311017,0.403501032,0.002285356,0.029598974,83.6,1.6722,0.03188433,0.285675,0.323196,0.391128
4015,OK,,195.0,413.4387845,23.9794495,139.444444,123.6,2473.735036,54.5406812,2.31550764,0.440832284,0.002491815,0.027237557,83.6,1.6722,0.029729373,0.285675,0.323196,0.391128
4016,OK,,195.0,413.4387845,23.9794495,140.555556,123.6,2493.446088,54.9752683,2.11966127,0.4830012,0.002724639,0.024901473,83.6,1.6722,0.027626112,0.285675,0.323196,0.391128
4017,OK,,195.0,413.4387845,23.9794495,141.666667,123.6,2513.157123,55.4098554,1.92551648,0.530970033,0.002989051,0.022590337,83.6,1.6722,0.025579388,0.285675,0.323196,0.391128
4018,OK,,195.0,413.4387845,23.9794495,142.777778,123.6,2532.868157,55.8444425,1.7337288,0.58582052,0.003290889,0.020311816,83.6,1.6722,0.023602704,0.285675,0.323196,0.391128
4019,OK,,195.0,413.4387845,23.9794495,143.888889,123.6,2552.579191,56.2790296,1.55118443,0.647245741,0.003628118,0.018144734,83.6,1.6722,0.021772852,0.285675,0.323196,0.391128
4020,OK,,195.0,413.4387845,23.9794495,145.0,123.6,2572.290225,56.7136167,1.3721852,0.718024056,0.004015777,0.016022904,83.6,1.6722,0.02003868,0.285675,0.323196,0.391128
4021,OK,,195.0,418.5479276,24.2757798,135.0,123.6,2394.890899,52.8023328,3.17897438,0.308932921,0.001756935,0.037502108,83.6,1.6722,0.039259042,0.285675,0.323196,0.391128
4022,OK,,195.0,418.5479276,24.2757798,136.111111,123.6,2414.601934,53.2369199,2.97613614,0.334952483,0.001901318,0.035070301,83.6,1.6722,0.036971619,0.285675,0.323196,0.391128
4023,OK,,195.0,418.5479276,24.2757798,137.222222,123.6,2434.312968,53.671507,2.77492528,0.36389627,0.002061652,0.032661589,83.6,1.6722,0.034723241,0.285675,0.323196,0.391128
4024,OK,,195.0,418.5479276,24.2757798,138.333333,123.6,2454.024002,54.1060941,2.57076252,0.396770088,0.002243534,0.030224608,83.6,1.6722,0.032468142,0.285675,0.323196,0.391128
4025,OK,,195.0,418.5479276,24.2757798,139.444444,123.6,2473.735036,54.5406812,2.37407985,0.432909574,0.002443025,0.027877049,83.6,1.6722,0.030320073,0.285675,0.323196,0.391128
4026,OK,,195.0,418.5479276,24.2757798,140.555556,123.6,2493.446088,54.9752683,2.17824038,0.473767633,0.002668204,0.025544451,83.6,1.6722,0.028212654,0.285675,0.323196,0.391128
4027,OK,,195.0,418.5479276,24.2757798,141.666667,123.6,2513.157123,55.4098554,1.98588588,0.519778801,0.002921316,0.023256925,83.6,1.6722,0.026178241,0.285675,0.323196,0.391128
4028,OK,,195.0,418.5479276,24.2757798,142.777778,123.6,2532.868157,55.8444425,1.79410579,0.572559432,0.00321123,0.020981726,83.6,1.6722,0.024192956,0.285675,0.323196,0.391128
4029,OK,,195.0,418.5479276,24.2757798,143.888889,123.6,2552.579191,56.2790296,1.60861037,0.632237357,0.00353836,0.018783965,83.6,1.6722,0.022322325,0.285675,0.323196,0.391128
4030,OK,,195.0,418.5479276,24.2757798,145.0,123.6,2572.290225,56.7136167,1.42486412,0.701453475,0.003917177,0.016612385,83.6,1.6722,0.020529562,0.285675,0.323196,0.391128
4031,OK,,195.0,423.6570707,24.5721101,135.0,123.6,2394.890899,52.8023328,3.23926844,0.304377678,0.001728115,0.038143278,83.6,1.6722,0.039871393,0.285675,0.323196,0.391128
4032,OK,,195.0,423.6570707,24.5721101,136.111111,123.6,2414.601934,53.2369199,3.0384593,0.329582205,0.001867693,0.035737981,83.6,1.6722,0.037605674,0.285675,0.323196,0.391128
4033,OK,,195.0,423.6570707,24.5721101,137.222222,123.6,2434.312968,53.671507,2.83360494,0.358143646,0.002025687,0.033292278,83.6,1.6722,0.035317966,0.285675,0.323196,0.391128
4034,OK,,195.0,423.6570707,24.5721101,138.333333,123.6,2454.024002,54.1060941,2.63108088,0.3899501,0.002201319,0.030877487,83.6,1.6722,0.033078806,0.285675,0.323196,0.391128
4035,OK,,195.0,423.6570707,24.5721101,139.444444,123.6,2473.735036,54.5406812,2.42587549,0.426212215,0.002401306,0.028437472,83.6,1.6722,0.030838778,0.285675,0.323196,0.391128
4036,OK,,195.0,423.6570707,24.5721101,140.555556,123.6,2493.446088,54.9752683,2.23661356,0.464929618,0.002614155,0.026182396,83.6,1.6722,0.028796551,0.285675,0.323196,0.391128
4037,OK,,195.0,423.6570707,24.5721101,141.666667,123.6,2513.157123,55.4098554,2.04645846,0.509033793,0.002856278,0.023923026,83.6,1.6722,0.026779304,0.285675,0.323196,0.391128
4038,OK,,195.0,423.6570707,24.5721101,142.777778,123.6,2532.868157,55.8444425,1.84317096,0.562376313,0.003149082,0.021520695,83.6,1.6722,0.024669776,0.285675,0.323196,0.391128
4039,OK,,195.0,423.6570707,24.5721101,143.888889,123.6,2552.579191,56.2790296,1.6602087,0.620048576,0.00346463,0.019354495,83.6,1.6722,0.022819126,0.285675,0.323196,0.391128
4040,OK,,195.0,423.6570707,24.5721101,145.0,123.6,2572.290225,56.7136167,1.47729635,0.685793849,0.003823696,0.017195181,83.6,1.6722,0.021018876,0.285675,0.323196,0.391128
4041,OK,,195.0,428.7662138,24.8684404,135.0,123.6,2394.890899,52.8023328,3.29797149,0.300076244,0.001700839,0.038764695,83.6,1.6722,0.040465533,0.285675,0.323196,0.391128
4042,OK,,195.0,428.7662138,24.8684404,136.111111,123.6,2414.601934,53.2369199,3.09589727,0.324813942,0.001837609,0.036349039,83.6,1.6722,0.038186648,0.285675,0.323196,0.391128
4043,OK,,195.0,428.7662138,24.8684404,137.222222,123.6,2434.312968,53.671507,2.893112,0.352482742,0.00199036,0.03393021,83.6,1.6722,0.03592057,0.285675,0.323196,0.391128
4044,OK,,195.0,428.7662138,24.8684404,138.333333,123.6,2454.024002,54.1060941,2.69283629,0.38319119,0.002159586,0.031544332,83.6,1.6722,0.033703917,0.285675,0.323196,0.391128
4045,OK,,195.0,428.7662138,24.8684404,139.444444,123.6,2473.735036,54.5406812,2.49681342,0.417170278,0.002346461,0.029211276,83.6,1.6722,0.031557737,0.285675,0.323196,0.391128
4046,OK,,195.0,428.7662138,24.8684404,140.555556,123.6,2493.446088,54.9752683,2.30065471,0.455550572,0.002557225,0.026882081,83.6,1.6722,0.029439306,0.285675,0.323196,0.391128
4047,OK,,195.0,428.7662138,24.8684404,141.666667,123.6,2513.157123,55.4098554,2.10012327,0.499957874,0.002800834,0.024508997,83.6,1.6722,0.02730983,0.285675,0.323196,0.391128
4048,OK,,195.0,428.7662138,24.8684404,142.777778,123.6,2532.868157,55.8444425,1.90666233,0.549534702,0.003072212,0.022221171,83.6,1.6722,0.025293383,0.285675,0.323196,0.391128
4049,OK,,195.0,428.7662138,24.8684404,143.888889,123.6,2552.579191,56.2790296,1.71824469,0.60556544,0.00337832,0.01999621,83.6,1.6722,0.02337453,0.285675,0.323196,0.391128
4050,OK,,195.0,428.7662138,24.8684404,145.0,123.6,2572.290225,56.7136167,1.52976818,0.670852817,0.00373451,0.017776626,83.6,1.6722,0.021511135,0.285675,0.323196,0.391128
4051,OK,,195.0,433.8753552,25.1647706,135.0,123.6,2394.890899,52.8023328,3.36189871,0.295492022,0.001672034,0.039441837,83.6,1.6722,0.04111387,0.285675,0.323196,0.391128
4052,OK,,195.0,433.8753552,25.1647706,136.111111,123.6,2414.601934,53.2369199,3.15822735,0.319755902,0.001805968,0.03701232,83.6,1.6722,0.038818288,0.285675,0.323196,0.391128
4053,OK,,195.0,433.8753552,25.1647706,137.222222,123.6,2434.312968,53.671507,2.95536348,0.346727321,0.001954605,0.034596443,83.6,1.6722,0.036551048,0.285675,0.323196,0.391128
4054,OK,,195.0,433.8753552,25.1647706,138.333333,123.6,2454.024002,54.1060941,2.75062664,0.377105009,0.002121788,0.032164391,83.6,1.6722,0.034286179,0.285675,0.323196,0.391128
4055,OK,,195.0,433.8753552,25.1647706,139.444444,123.6,2473.735036,54.5406812,2.55394799,0.410264711,0.002303846,0.029827459,83.6,1.6722,0.032131305,0.285675,0.323196,0.391128
4056,OK,,195.0,433.8753552,25.1647706,140.555556,123.6,2493.446088,54.9752683,2.35698099,0.447681239,0.00250897,0.027492559,83.6,1.6722,0.030001529,0.285675,0.323196,0.391128
4057,OK,,195.0,433.8753552,25.1647706,141.666667,123.6,2513.157123,55.4098554,2.15724171,0.49061684,0.002744067,0.025131848,83.6,1.6722,0.027875914,0.285675,0.323196,0.391128
4058,OK,,195.0,433.8753552,25.1647706,142.777778,123.6,2532.868157,55.8444425,1.96626634,0.538060578,0.003003232,0.022875263,83.6,1.6722,0.025878495,0.285675,0.323196,0.391128
4059,OK,,195.0,433.8753552,25.1647706,143.888889,123.6,2552.579191,56.2790296,1.77728915,0.592124517,0.003298072,0.020647059,83.6,1.6722,0.023945131,0.285675,0.323196,0.391128
4060,OK,,195.0,433.8753552,25.1647706,145.0,123.6,2572.290225,56.7136167,1.56652576,0.661048136,0.003674206,0.018178321,83.6,1.6722,0.021852527,0.285675,0.323196,0.391128
4061,OK,,195.0,438.9844983,25.4611009,135.0,123.6,2394.890899,52.8023328,3.42306982,0.291249727,0.001645264,0.040085886,83.6,1.6722,0.041731149,0.285675,0.323196,0.391128
4062,OK,,195.0,438.9844983,25.4611009,136.111111,123.6,2414.601934,53.2369199,3.21795799,0.315070416,0.001776539,0.037644255,83.6,1.6722,0.039420794,0.285675,0.323196,0.391128
4063,OK,,195.0,438.9844983,25.4611009,137.222222,123.6,2434.312968,53.671507,3.01454014,0.341449162,0.001921662,0.035225981,83.6,1.6722,0.037147643,0.285675,0.323196,0.391128
4064,OK,,195.0,438.9844983,25.4611009,138.333333,123.6,2454.024002,54.1060941,2.81372277,0.370636233,0.00208194,0.032841409,83.6,1.6722,0.03492335,0.285675,0.323196,0.391128
4065,OK,,195.0,438.9844983,25.4611009,139.444444,123.6,2473.735036,54.5406812,2.61231646,0.403433893,0.00226178,0.03045522,83.6,1.6722,0.032717001,0.285675,0.323196,0.391128
4066,OK,,195.0,438.9844983,25.4611009,140.555556,123.6,2493.446088,54.9752683,2.41201113,0.440269696,0.002463433,0.028086372,83.6,1.6722,0.030549805,0.285675,0.323196,0.391128
4067,OK,,195.0,438.9844983,25.4611009,141.666667,123.6,2513.157123,55.4098554,2.2198764,0.480716927,0.002684332,0.025814373,83.6,1.6722,0.028498705,0.285675,0.323196,0.391128
4068,OK,,195.0,438.9844983,25.4611009,142.777778,123.6,2532.868157,55.8444425,2.02652143,0.526946002,0.002936466,0.023534307,83.6,1.6722,0.026470773,0.285675,0.323196,0.391128
4069,OK,,195.0,438.9844983,25.4611009,143.888889,123.6,2552.579191,56.2790296,1.83700603,0.579154593,0.003220716,0.021303226,83.6,1.6722,0.024523942,0.285675,0.323196,0.391128
4070,OK,,195.0,438.9844983,25.4611009,145.0,123.6,2572.290225,56.7136167,1.64535565,0.640107966,0.003552118,0.019053835,83.6,1.6722,0.022605953,0.285675,0.323196,0.391128
4071,OK,,195.0,444.0936414,25.7574312,135.0,123.6,2394.890899,52.8023328,3.48641184,0.286944581,0.00161822,0.040751575,83.6,1.6722,0.042369795,0.285675,0.323196,0.391128
4072,OK,,195.0,444.0936414,25.7574312,136.111111,123.6,2414.601934,53.2369199,3.27770143,0.310517226,0.001747952,0.038274098,83.6,1.6722,0.04002205,0.285675,0.323196,0.391128
4073,OK,,195.0,444.0936414,25.7574312,137.222222,123.6,2434.312968,53.671507,3.08143533,0.335613407,0.001885664,0.035938886,83.6,1.6722,0.03782455,0.285675,0.323196,0.391128
4074,OK,,195.0,444.0936414,25.7574312,138.333333,123.6,2454.024002,54.1060941,2.87609287,0.36445871,0.002043858,0.033507867,83.6,1.6722,0.035551725,0.285675,0.323196,0.391128
4075,OK,,195.0,444.0936414,25.7574312,139.444444,123.6,2473.735036,54.5406812,2.67140633,0.39674029,0.002220615,0.031088834,83.6,1.6722,0.033309449,0.285675,0.323196,0.391128
4076,OK,,195.0,444.0936414,25.7574312,140.555556,123.6,2493.446088,54.9752683,2.47549073,0.431937494,0.002412863,0.028772544,83.6,1.6722,0.031185407,0.285675,0.323196,0.391128
4077,OK,,195.0,444.0936414,25.7574312,141.666667,123.6,2513.157123,55.4098554,2.28034691,0.471556375,0.002628918,0.026470216,83.6,1.6722,0.029099133,0.285675,0.323196,0.391128
4078,OK,,195.0,444.0936414,25.7574312,142.777778,123.6,2532.868157,55.8444425,2.08263337,0.517057202,0.002876747,0.024144586,83.6,1.6722,0.027021333,0.285675,0.323196,0.391128
4079,OK,,195.0,444.0936414,25.7574312,143.888889,123.6,2552.579191,56.2790296,1.89133548,0.567897007,0.003153071,0.021896446,83.6,1.6722,0.025049517,0.285675,0.323196,0.391128
4080,OK,,195.0,444.0936414,25.7574312,145.0,123.6,2572.290225,56.7136167,1.70250122,0.62598954,0.003468291,0.019681835,83.6,1.6722,0.023150126,0.285675,0.323196,0.391128
4081,OK,,195.0,449.2027845,26.0537615,135.0,123.6,2394.890899,52.8023328,3.54670418,0.283000856,0.001593309,0.041381114,83.6,1.6722,0.042974423,0.285675,0.323196,0.391128
4082,OK,,195.0,449.2027845,26.0537615,136.111111,123.6,2414.601934,53.2369199,3.34085736,0.305821743,0.001718643,0.038939178,83.6,1.6722,0.040657822,0.285675,0.323196,0.391128
4083,OK,,195.0,449.2027845,26.0537615,137.222222,123.6,2434.312968,53.671507,3.13408148,0.331251139,0.0018581,0.036491406,83.6,1.6722,0.038349506,0.285675,0.323196,0.391128
4084,OK,,195.0,449.2027845,26.0537615,138.333333,123.6,2454.024002,54.1060941,2.93330722,0.359009577,0.002009995,0.034114619,83.6,1.6722,0.036124614,0.285675,0.323196,0.391128
4085,OK,,195.0,449.2027845,26.0537615,139.444444,123.6,2473.735036,54.5406812,2.73530424,0.389708226,0.002177667,0.031773495,83.6,1.6722,0.033951162,0.285675,0.323196,0.391128
4086,OK,,195.0,449.2027845,26.0537615,140.555556,123.6,2493.446088,54.9752683,2.53369926,0.424618039,0.002368121,0.029397389,83.6,1.6722,0.03176551,0.285675,0.323196,0.391128
4087,OK,,195.0,449.2027845,26.0537615,141.666667,123.6,2513.157123,55.4098554,2.335373,0.463580824,0.002580293,0.027062897,83.6,1.6722,0.02964319,0.285675,0.323196,0.391128
4088,OK,,195.0,449.2027845,26.0537615,142.777778,123.6,2532.868157,55.8444425,2.14015952,0.507293598,0.0028179,0.024768494,83.6,1.6722,0.027586394,0.285675,0.323196,0.391128
4089,OK,,195.0,449.2027845,26.0537615,143.888889,123.6,2552.579191,56.2790296,1.94915562,0.556376751,0.00308419,0.022526769,83.6,1.6722,0.025610959,0.285675,0.323196,0.391128
4090,OK,,195.0,449.2027845,26.0537615,145.0,123.6,2572.290225,56.7136167,1.75921561,0.612556993,0.003388511,0.020302761,83.6,1.6722,0.023691272,0.285675,0.323196,0.391128
4091,OK,,195.0,454.3119259,26.3500917,135.0,123.6,2394.890899,52.8023328,3.60375925,0.279384173,0.00157033,0.041972867,83.6,1.6722,0.043543197,0.285675,0.323196,0.391128
4092,OK,,195.0,454.3119259,26.3500917,136.111111,123.6,2414.601934,53.2369199,3.40031792,0.301549734,0.001691821,0.039561207,83.6,1.6722,0.041253028,0.285675,0.323196,0.391128
4093,OK,,195.0,454.3119259,26.3500917,137.222222,123.6,2434.312968,53.671507,3.19273797,0.326473069,0.001828274,0.037108417,83.6,1.6722,0.038936692,0.285675,0.323196,0.391128
4094,OK,,195.0,454.3119259,26.3500917,138.333333,123.6,2454.024002,54.1060941,2.99486422,0.35328993,0.001974712,0.034767309,83.6,1.6722,0.036742021,0.285675,0.323196,0.391128
4095,OK,,195.0,454.3119259,26.3500917,139.444444,123.6,2473.735036,54.5406812,2.79602345,0.383276145,0.002138218,0.032420455,83.6,1.6722,0.034558673,0.285675,0.323196,0.391128
4096,OK,,195.0,454.3119259,26.3500917,140.555556,123.6,2493.446088,54.9752683,2.59220937,0.417504552,0.002324668,0.03002343,83.6,1.6722,0.032348097,0.285675,0.323196,0.391128
4097,OK,,195.0,454.3119259,26.3500917,141.666667,123.6,2513.157123,55.4098554,2.39602931,0.455039318,0.002528655,0.027716243,83.6,1.6722,0.030244898,0.285675,0.323196,0.391128
4098,OK,,195.0,454.3119259,26.3500917,142.777778,123.6,2532.868157,55.8444425,2.19820182,0.497811264,0.002760796,0.02539603,83.6,1.6722,0.028156826,0.285675,0.323196,0.391128
4099,OK,,195.0,454.3119259,26.3500917,143.888889,123.6,2552.579191,56.2790296,2.00618682,0.545486351,0.003019012,0.023146121,83.6,1.6722,0.026165133,0.285675,0.323196,0.391128
4100,OK,,195.0,454.3119259,26.3500917,145.0,123.6,2572.290225,56.7136167,1.81100772,0.600924726,0.00331894,0.020866486,83.6,1.6722,0.024185426,0.285675,0.323196,0.391128
4101,OK,,195.0,459.421069,26.646422,135.0,123.6,2394.890899,52.8023328,3.67205727,0.275102246,0.001543652,0.042685468,83.6,1.6722,0.044229121,0.285675,0.323196,0.391128
4102,OK,,195.0,459.421069,26.646422,136.111111,123.6,2414.601934,53.2369199,3.46342504,0.297119269,0.001664183,0.040220907,83.6,1.6722,0.04188509,0.285675,0.323196,0.391128
4103,OK,,195.0,459.421069,26.646422,137.222222,123.6,2434.312968,53.671507,3.25689621,0.321361624,0.00179666,0.037783648,83.6,1.6722,0.039580308,0.285675,0.323196,0.391128
4104,OK,,195.0,459.421069,26.646422,138.333333,123.6,2454.024002,54.1060941,3.05445056,0.347937091,0.001941596,0.035395793,83.6,1.6722,0.037337389,0.285675,0.323196,0.391128
4105,OK,,195.0,459.421069,26.646422,139.444444,123.6,2473.735036,54.5406812,2.85338682,0.377419638,0.002102112,0.033027935,83.6,1.6722,0.035130047,0.285675,0.323196,0.391128
4106,OK,,195.0,459.421069,26.646422,140.555556,123.6,2493.446088,54.9752683,2.65103038,0.410589339,0.002282451,0.030650642,83.6,1.6722,0.032933093,0.285675,0.323196,0.391128
4107,OK,,195.0,459.421069,26.646422,141.666667,123.6,2513.157123,55.4098554,2.45315103,0.447316556,0.002481733,0.028327958,83.6,1.6722,0.030809691,0.285675,0.323196,0.391128
4108,OK,,195.0,459.421069,26.646422,142.777778,123.6,2532.868157,55.8444425,2.25819426,0.488363862,0.002704053,0.026043008,83.6,1.6722,0.02874706,0.285675,0.323196,0.391128
4109,OK,,195.0,459.421069,26.646422,143.888889,123.6,2552.579191,56.2790296,2.06395362,0.534887882,0.002955643,0.023771484,83.6,1.6722,0.026727126,0.285675,0.323196,0.391128
4110,OK,,195.0,459.421069,26.646422,145.0,123.6,2572.290225,56.7136167,1.87475705,0.587056276,0.003237197,0.02156184,83.6,1.6722,0.024799037,0.285675,0.323196,0.391128
4111,OK,,195.0,464.5302121,26.9427523,135.0,123.6,2394.890899,52.8023328,3.73130289,0.271538038,0.001521115,0.043296638,83.6,1.6722,0.044817753,0.285675,0.323196,0.391128
4112,OK,,195.0,464.5302121,26.9427523,136.111111,123.6,2414.601934,53.2369199,3.52634617,0.292827736,0.001637414,0.040876191,83.6,1.6722,0.042513605,0.285675,0.323196,0.391128
4113,OK,,195.0,464.5302121,26.9427523,137.222222,123.6,2434.312968,53.671507,3.31966733,0.316518734,0.001766652,0.038441203,83.6,1.6722,0.040207855,0.285675,0.323196,0.391128
4114,OK,,195.0,464.5302121,26.9427523,138.333333,123.6,2454.024002,54.1060941,3.11733963,0.342434426,0.00190774,0.036058412,83.6,1.6722,0.037966152,0.285675,0.323196,0.391128
4115,OK,,195.0,464.5302121,26.9427523,139.444444,123.6,2473.735036,54.5406812,2.91290094,0.371510463,0.002065821,0.033657043,83.6,1.6722,0.035722864,0.285675,0.323196,0.391128
4116,OK,,195.0,464.5302121,26.9427523,140.555556,123.6,2493.446088,54.9752683,2.70987729,0.403895938,0.0022416,0.03127597,83.6,1.6722,0.033517569,0.285675,0.323196,0.391128
4117,OK,,195.0,464.5302121,26.9427523,141.666667,123.6,2513.157123,55.4098554,2.51351373,0.439405067,0.002433902,0.028973471,83.6,1.6722,0.031407374,0.285675,0.323196,0.391128
4118,OK,,195.0,464.5302121,26.9427523,142.777778,123.6,2532.868157,55.8444425,2.31993482,0.478994778,0.002647914,0.026707119,83.6,1.6722,0.029355033,0.285675,0.323196,0.391128
4119,OK,,195.0,464.5302121,26.9427523,143.888889,123.6,2552.579191,56.2790296,2.12179951,0.524689203,0.002894677,0.024395595,83.6,1.6722,0.027290272,0.285675,0.323196,0.391128
4120,OK,,195.0,464.5302121,26.9427523,145.0,123.6,2572.290225,56.7136167,1.93302677,0.575008709,0.003165755,0.022193682,83.6,1.6722,0.025359437,0.285675,0.323196,0.391128
4121,OK,,195.0,469.6393552,27.2390826,135.0,123.6,2394.890899,52.8023328,3.79225968,0.26795509,0.001498539,0.043924098,83.6,1.6722,0.045422637,0.285675,0.323196,0.391128
4122,OK,,195.0,469.6393552,27.2390826,136.111111,123.6,2414.601934,53.2369199,3.58608244,0.288885188,0.00161269,0.041494197,83.6,1.6722,0.043106887,0.285675,0.323196,0.391128
4123,OK,,195.0,469.6393552,27.2390826,137.222222,123.6,2434.312968,53.671507,3.3803938,0.311983469,0.001738462,0.03907388,83.6,1.6722,0.040812342,0.285675,0.323196,0.391128
4124,OK,,195.0,469.6393552,27.2390826,138.333333,123.6,2454.024002,54.1060941,3.17645658,0.337444711,0.001876857,0.036677151,83.6,1.6722,0.038554008,0.285675,0.323196,0.391128
4125,OK,,195.0,469.6393552,27.2390826,139.444444,123.6,2473.735036,54.5406812,2.97659584,0.365353938,0.002028255,0.03432975,83.6,1.6722,0.036358004,0.285675,0.323196,0.391128
4126,OK,,195.0,469.6393552,27.2390826,140.555556,123.6,2493.446088,54.9752683,2.77363215,0.39684469,0.002198873,0.031953064,83.6,1.6722,0.034151938,0.285675,0.323196,0.391128
4127,OK,,195.0,469.6393552,27.2390826,141.666667,123.6,2513.157123,55.4098554,2.57433294,0.43171061,0.002387417,0.029621636,83.6,1.6722,0.032009053,0.285675,0.323196,0.391128
4128,OK,,195.0,469.6393552,27.2390826,142.777778,123.6,2532.868157,55.8444425,2.37522035,0.470974611,0.002599419,0.027297356,83.6,1.6722,0.029896775,0.285675,0.323196,0.391128
4129,OK,,195.0,469.6393552,27.2390826,143.888889,123.6,2552.579191,56.2790296,2.18052406,0.51472721,0.002835196,0.025027211,83.6,1.6722,0.027862406,0.285675,0.323196,0.391128
4130,OK,,195.0,469.6393552,27.2390826,145.0,123.6,2572.290225,56.7136167,1.98853417,0.564035567,0.003100446,0.022792588,83.6,1.6722,0.025893034,0.285675,0.323196,0.391128
4131,OK,,195.0,474.7484966,27.5354128,135.0,123.6,2394.890899,52.8023328,3.85605833,0.264288863,0.001475558,0.044579784,83.6,1.6722,0.046055342,0.285675,0.323196,0.391128
4132,OK,,195.0,474.7484966,27.5354128,136.111111,123.6,2414.601934,53.2369199,3.64736537,0.284940225,0.001588023,0.042126499,83.6,1.6722,0.043714522,0.285675,0.323196,0.391128
4133,OK,,195.0,474.7484966,27.5354128,137.222222,123.6,2434.312968,53.671507,3.44239222,0.307477152,0.001710514,0.039717847,83.6,1.6722,0.041428361,0.285675,0.323196,0.391128
4134,OK,,195.0,474.7484966,27.5354128,138.333333,123.6,2454.024002,54.1060941,3.23609365,0.332552383,0.001846608,0.037299072,83.6,1.6722,0.03914568,0.285675,0.323196,0.391128
4135,OK,,195.0,474.7484966,27.5354128,139.444444,123.6,2473.735036,54.5406812,3.03656048,0.359770449,0.001993993,0.034958847,83.6,1.6722,0.03695284,0.285675,0.323196,0.391128
4136,OK,,195.0,474.7484966,27.5354128,140.555556,123.6,2493.446088,54.9752683,2.83386414,0.390435766,0.002159844,0.032588734,83.6,1.6722,0.034748578,0.285675,0.323196,0.391128
4137,OK,,195.0,474.7484966,27.5354128,141.666667,123.6,2513.157123,55.4098554,2.63235721,0.424646873,0.002344565,0.030236494,83.6,1.6722,0.032581059,0.285675,0.323196,0.391128
4138,OK,,195.0,474.7484966,27.5354128,142.777778,123.6,2532.868157,55.8444425,2.43410326,0.462692294,0.002549609,0.027925083,83.6,1.6722,0.030474691,0.285675,0.323196,0.391128
4139,OK,,195.0,474.7484966,27.5354128,143.888889,123.6,2552.579191,56.2790296,2.23545926,0.505798206,0.002781588,0.025614534,83.6,1.6722,0.028396122,0.285675,0.323196,0.391128
4140,OK,,195.0,474.7484966,27.5354128,145.0,123.6,2572.290225,56.7136167,2.04409034,0.553482433,0.003037633,0.023389839,83.6,1.6722,0.026427471,0.285675,0.323196,0.391128
4141,OK,,195.0,479.8576397,27.8317431,135.0,123.6,2394.890899,52.8023328,3.91535263,0.260989647,0.00145472,0.045184812,83.6,1.6722,0.046639532,0.285675,0.323196,0.391128
4142,OK,,195.0,479.8576397,27.8317431,136.111111,123.6,2414.601934,53.2369199,3.70912247,0.28106344,0.00156382,0.042762144,83.6,1.6722,0.044325964,0.285675,0.323196,0.391128
4143,OK,,195.0,479.8576397,27.8317431,137.222222,123.6,2434.312968,53.671507,3.50326798,0.303177954,0.001683819,0.04034771,83.6,1.6722,0.042031529,0.285675,0.323196,0.391128
4144,OK,,195.0,479.8576397,27.8317431,138.333333,123.6,2454.024002,54.1060941,3.2978013,0.327616542,0.001816215,0.03794181,83.6,1.6722,0.039758025,0.285675,0.323196,0.391128
4145,OK,,195.0,479.8576397,27.8317431,139.444444,123.6,2473.735036,54.5406812,3.09835221,0.354171764,0.001959758,0.035606082,83.6,1.6722,0.03756584,0.285675,0.323196,0.391128
4146,OK,,195.0,479.8576397,27.8317431,140.555556,123.6,2493.446088,54.9752683,2.89284423,0.384361678,0.002122802,0.0332088,83.6,1.6722,0.035331602,0.285675,0.323196,0.391128
4147,OK,,195.0,479.8576397,27.8317431,141.666667,123.6,2513.157123,55.4098554,2.69237399,0.417555894,0.002301701,0.030871441,83.6,1.6722,0.033173141,0.285675,0.323196,0.391128
4148,OK,,195.0,479.8576397,27.8317431,142.777778,123.6,2532.868157,55.8444425,2.49462713,0.454457155,0.002500218,0.028568994,83.6,1.6722,0.031069212,0.285675,0.323196,0.391128
4149,OK,,195.0,479.8576397,27.8317431,143.888889,123.6,2552.579191,56.2790296,2.29826807,0.495870501,0.002722641,0.026287016,83.6,1.6722,0.029009658,0.285675,0.323196,0.391128
4150,OK,,195.0,479.8576397,27.8317431,145.0,123.6,2572.290225,56.7136167,2.10610049,0.542085155,0.002970373,0.02405666,83.6,1.6722,0.027027033,0.285675,0.323196,0.391128
4151,OK,,195.0,484.9667828,28.1280734,135.0,123.6,2394.890899,52.8023328,3.99139337,0.256778573,0.001428818,0.04596816,83.6,1.6722,0.047396978,0.285675,0.323196,0.391128
4152,OK,,195.0,484.9667828,28.1280734,136.111111,123.6,2414.601934,53.2369199,3.76991857,0.27735385,0.001540626,0.043384887,83.6,1.6722,0.044925512,0.285675,0.323196,0.391128
4153,OK,,195.0,484.9667828,28.1280734,137.222222,123.6,2434.312968,53.671507,3.5617716,0.299174477,0.001658854,0.040949432,83.6,1.6722,0.042608286,0.285675,0.323196,0.391128
4154,OK,,195.0,484.9667828,28.1280734,138.333333,123.6,2454.024002,54.1060941,3.35875684,0.322887204,0.001787062,0.038573874,83.6,1.6722,0.040360936,0.285675,0.323196,0.391128
4155,OK,,195.0,484.9667828,28.1280734,139.444444,123.6,2473.735036,54.5406812,3.15769438,0.34897475,0.001927858,0.036224125,83.6,1.6722,0.038151982,0.285675,0.323196,0.391128
4156,OK,,195.0,484.9667828,28.1280734,140.555556,123.6,2493.446088,54.9752683,2.9533627,0.378310827,0.002085995,0.033843355,83.6,1.6722,0.035929351,0.285675,0.323196,0.391128
4157,OK,,195.0,484.9667828,28.1280734,141.666667,123.6,2513.157123,55.4098554,2.75216,0.410727632,0.002260414,0.031501476,83.6,1.6722,0.03376189,0.285675,0.323196,0.391128
4158,OK,,195.0,484.9667828,28.1280734,142.777778,123.6,2532.868157,55.8444425,2.55466819,0.446580787,0.00245295,0.029205199,83.6,1.6722,0.031658149,0.285675,0.323196,0.391128
4159,OK,,195.0,484.9667828,28.1280734,143.888889,123.6,2552.579191,56.2790296,2.35260084,0.487682835,0.002673447,0.026863735,83.6,1.6722,0.029537182,0.285675,0.323196,0.391128
4160,OK,,195.0,484.9667828,28.1280734,145.0,123.6,2572.290225,56.7136167,2.16223878,0.532240677,0.002911835,0.024656292,83.6,1.6722,0.027568127,0.285675,0.323196,0.391128
4161,OK,,195.0,490.0759259,28.4244037,135.0,123.6,2394.890899,52.8023328,4.03946995,0.254310588,0.001412774,0.046447468,83.6,1.6722,0.047860242,0.285675,0.323196,0.391128
4162,OK,,195.0,490.0759259,28.4244037,136.111111,123.6,2414.601934,53.2369199,3.83570046,0.273416456,0.001516226,0.044059122,83.6,1.6722,0.045575348,0.285675,0.323196,0.391128
4163,OK,,195.0,490.0759259,28.4244037,137.222222,123.6,2434.312968,53.671507,3.62646132,0.294823984,0.001632027,0.041615862,83.6,1.6722,0.043247889,0.285675,0.323196,0.391128
4164,OK,,195.0,490.0759259,28.4244037,138.333333,123.6,2454.024002,54.1060941,3.42238615,0.318073057,0.001757523,0.039232619,83.6,1.6722,0.040990142,0.285675,0.323196,0.391128
4165,OK,,195.0,490.0759259,28.4244037,139.444444,123.6,2473.735036,54.5406812,3.22038326,0.343620255,0.001895177,0.03687632,83.6,1.6722,0.038771497,0.285675,0.323196,0.391128
4166,OK,,195.0,490.0759259,28.4244037,140.555556,123.6,2493.446088,54.9752683,3.01269434,0.372568939,0.00205101,0.034462676,83.6,1.6722,0.036513687,0.285675,0.323196,0.391128
4167,OK,,195.0,490.0759259,28.4244037,141.666667,123.6,2513.157123,55.4098554,2.81425054,0.403847829,0.002218963,0.032154424,83.6,1.6722,0.034373387,0.285675,0.323196,0.391128
4168,OK,,195.0,490.0759259,28.4244037,142.777778,123.6,2532.868157,55.8444425,2.61211728,0.439322068,0.002409227,0.029810759,83.6,1.6722,0.032219986,0.285675,0.323196,0.391128
4169,OK,,195.0,490.0759259,28.4244037,143.888889,123.6,2552.579191,56.2790296,2.41201109,0.478963159,0.002621193,0.027488179,83.6,1.6722,0.030109371,0.285675,0.323196,0.391128
4170,OK,,195.0,490.0759259,28.4244037,145.0,123.6,2572.290225,56.7136167,2.21712852,0.522978966,0.002856664,0.025240147,83.6,1.6722,0.02809681,0.285675,0.323196,0.391128
4171,OK,,195.0,495.1850672,28.7207339,135.0,123.6,2394.890899,52.8023328,4.10259692,0.251035597,0.001392257,0.047086657,83.6,1.6722,0.048478914,0.285675,0.323196,0.391128
4172,OK,,195.0,495.1850672,28.7207339,136.111111,123.6,2414.601934,53.2369199,3.89236145,0.270163447,0.001495723,0.044632594,83.6,1.6722,0.046128317,0.285675,0.323196,0.391128
4173,OK,,195.0,495.1850672,28.7207339,137.222222,123.6,2434.312968,53.671507,3.68814783,0.290808835,0.001607149,0.042247329,83.6,1.6722,0.043854477,0.285675,0.323196,0.391128
4174,OK,,195.0,495.1850672,28.7207339,138.333333,123.6,2454.024002,54.1060941,3.47848985,0.313994733,0.001732163,0.039807458,83.6,1.6722,0.041539621,0.285675,0.323196,0.391128
4175,OK,,195.0,495.1850672,28.7207339,139.444444,123.6,2473.735036,54.5406812,3.27659126,0.339003462,0.001866684,0.0374558,83.6,1.6722,0.039322484,0.285675,0.323196,0.391128
4176,OK,,195.0,495.1850672,28.7207339,140.555556,123.6,2493.446088,54.9752683,3.07525531,0.366673932,0.00201528,0.035114823,83.6,1.6722,0.037130103,0.285675,0.323196,0.391128
4177,OK,,195.0,495.1850672,28.7207339,141.666667,123.6,2513.157123,55.4098554,2.86937826,0.397989136,0.00218327,0.032729094,83.6,1.6722,0.034912364,0.285675,0.323196,0.391128
4178,OK,,195.0,495.1850672,28.7207339,142.777778,123.6,2532.868157,55.8444425,2.67561186,0.431511503,0.002362609,0.030479701,83.6,1.6722,0.03284231,0.285675,0.323196,0.391128
4179,OK,,195.0,495.1850672,28.7207339,143.888889,123.6,2552.579191,56.2790296,2.47416733,0.470181115,0.002569301,0.028152448,83.6,1.6722,0.030721748,0.285675,0.323196,0.391128
4180,OK,,195.0,495.1850672,28.7207339,145.0,123.6,2572.290225,56.7136167,2.27870805,0.512893644,0.002797139,0.025895322,83.6,1.6722,0.028692461,0.285675,0.323196,0.391128
4181,OK,,195.0,500.2942103,29.0170642,135.0,123.6,2394.890899,52.8023328,4.16329094,0.247978327,0.001373016,0.047697196,83.6,1.6722,0.049070212,0.285675,0.323196,0.391128
4182,OK,,195.0,500.2942103,29.0170642,136.111111,123.6,2414.601934,53.2369199,3.95482506,0.266629192,0.001473709,0.045266096,83.6,1.6722,0.046739805,0.285675,0.323196,0.391128
4183,OK,,195.0,500.2942103,29.0170642,137.222222,123.6,2434.312968,53.671507,3.74834885,0.287003624,0.00158351,0.042860299,83.6,1.6722,0.044443809,0.285675,0.323196,0.391128
4184,OK,,195.0,500.2942103,29.0170642,138.333333,123.6,2454.024002,54.1060941,3.54238887,0.309417894,0.001704108,0.040464184,83.6,1.6722,0.042168292,0.285675,0.323196,0.391128
4185,OK,,195.0,500.2942103,29.0170642,139.444444,123.6,2473.735036,54.5406812,3.33520382,0.334300618,0.001837796,0.038059067,83.6,1.6722,0.039896863,0.285675,0.323196,0.391128
4186,OK,,195.0,500.2942103,29.0170642,140.555556,123.6,2493.446088,54.9752683,3.13413687,0.361321711,0.00198265,0.035724535,83.6,1.6722,0.037707185,0.285675,0.323196,0.391128
4187,OK,,195.0,500.2942103,29.0170642,141.666667,123.6,2513.157123,55.4098554,2.93257218,0.391405495,0.002143682,0.033389279,83.6,1.6722,0.03553296,0.285675,0.323196,0.391128
4188,OK,,195.0,500.2942103,29.0170642,142.777778,123.6,2532.868157,55.8444425,2.71647065,0.426835041,0.002333318,0.030900452,83.6,1.6722,0.03323377,0.285675,0.323196,0.391128
4189,OK,,195.0,500.2942103,29.0170642,143.888889,123.6,2552.579191,56.2790296,2.53928964,0.461275587,0.002516602,0.028840529,83.6,1.6722,0.031357131,0.285675,0.323196,0.391128
4190,OK,,195.0,500.2942103,29.0170642,145.0,123.6,2572.290225,56.7136167,2.33863352,0.503471363,0.002741408,0.026529943,83.6,1.6722,0.029271351,0.285675,0.323196,0.391128
4191,OK,,195.0,505.4033534,29.3133945,135.0,123.6,2394.890899,52.8023328,4.2257492,0.244893342,0.001353686,0.048324905,83.6,1.6722,0.049678591,0.285675,0.323196,0.391128
4192,OK,,195.0,505.4033534,29.3133945,136.111111,123.6,2414.601934,53.2369199,4.01718407,0.263186282,0.001452278,0.045896699,83.6,1.6722,0.047348977,0.285675,0.323196,0.391128
4193,OK,,195.0,505.4033534,29.3133945,137.222222,123.6,2434.312968,53.671507,3.81123592,0.2831099,0.001559459,0.043500406,83.6,1.6722,0.045059865,0.285675,0.323196,0.391128
4194,OK,,195.0,505.4033534,29.3133945,138.333333,123.6,2454.024002,54.1060941,3.60590917,0.304993352,0.001676989,0.041114906,83.6,1.6722,0.042791896,0.285675,0.323196,0.391128
4195,OK,,195.0,505.4033534,29.3133945,139.444444,123.6,2473.735036,54.5406812,3.37755598,0.331101767,0.001817321,0.038485288,83.6,1.6722,0.040302609,0.285675,0.323196,0.391128
4196,OK,,195.0,505.4033534,29.3133945,140.555556,123.6,2493.446088,54.9752683,3.19470971,0.355955879,0.001950052,0.036350825,83.6,1.6722,0.038300878,0.285675,0.323196,0.391128
4197,OK,,195.0,505.4033534,29.3133945,141.666667,123.6,2513.157123,55.4098554,2.9922138,0.385409712,0.002107456,0.034008985,83.6,1.6722,0.036116441,0.285675,0.323196,0.391128
4198,OK,,195.0,505.4033534,29.3133945,142.777778,123.6,2532.868157,55.8444425,2.79464125,0.417659694,0.002279445,0.031725263,83.6,1.6722,0.034004708,0.285675,0.323196,0.391128
4199,OK,,195.0,505.4033534,29.3133945,143.888889,123.6,2552.579191,56.2790296,2.59353107,0.454205232,0.002474118,0.029408047,83.6,1.6722,0.031882165,0.285675,0.323196,0.391128
4200,OK,,195.0,505.4033534,29.3133945,145.0,123.6,2572.290225,56.7136167,2.39638765,0.494732706,0.002689587,0.027138987,83.6,1.6722,0.029828574,0.285675,0.323196,0.391128
4201,OK,,195.0,510.5124966,29.6097248,135.0,123.6,2394.890899,52.8023328,4.28213906,0.242205802,0.00133663,0.048885695,83.6,1.6722,0.050222325,0.285675,0.323196,0.391128
4202,OK,,195.0,510.5124966,29.6097248,136.111111,123.6,2414.601934,53.2369199,4.07937183,0.259840795,0.001431452,0.046523142,83.6,1.6722,0.047954594,0.285675,0.323196,0.391128
4203,OK,,195.0,510.5124966,29.6097248,137.222222,123.6,2434.312968,53.671507,3.87245986,0.279427795,0.001536652,0.044120318,83.6,1.6722,0.045656971,0.285675,0.323196,0.391128
4204,OK,,195.0,510.5124966,29.6097248,138.333333,123.6,2454.024002,54.1060941,3.66532259,0.300992969,0.001652299,0.041719152,83.6,1.6722,0.043371451,0.285675,0.323196,0.391128
4205,OK,,195.0,510.5124966,29.6097248,139.444444,123.6,2473.735036,54.5406812,3.46105333,0.324552803,0.001778404,0.039352893,83.6,1.6722,0.041131297,0.285675,0.323196,0.391128
4206,OK,,195.0,510.5124966,29.6097248,140.555556,123.6,2493.446088,54.9752683,3.25404716,0.350859666,0.001919035,0.036961507,83.6,1.6722,0.038880542,0.285675,0.323196,0.391128
4207,OK,,195.0,510.5124966,29.6097248,141.666667,123.6,2513.157123,55.4098554,3.05234531,0.379542798,0.002072044,0.034631752,83.6,1.6722,0.036703797,0.285675,0.323196,0.391128
4208,OK,,195.0,510.5124966,29.6097248,142.777778,123.6,2532.868157,55.8444425,2.85154395,0.411368278,0.002241538,0.032316412,83.6,1.6722,0.03455795,0.285675,0.323196,0.391128
4209,OK,,195.0,510.5124966,29.6097248,143.888889,123.6,2552.579191,56.2790296,2.65633858,0.44619542,0.00242662,0.030066607,83.6,1.6722,0.032493227,0.285675,0.323196,0.391128
4210,OK,,195.0,510.5124966,29.6097248,145.0,123.6,2572.290225,56.7136167,2.45467538,0.486214723,0.002639119,0.027751711,83.6,1.6722,0.030390829,0.285675,0.323196,0.391128
4211,OK,,195.0,515.6216379,29.906055,135.0,123.6,2394.890899,52.8023328,4.34972373,0.238995267,0.001316712,0.049563286,83.6,1.6722,0.050879998,0.285675,0.323196,0.391128
4212,OK,,195.0,515.6216379,29.906055,136.111111,123.6,2414.601934,53.2369199,4.14211607,0.256544314,0.00141096,0.047153077,83.6,1.6722,0.048564037,0.285675,0.323196,0.391128
4213,OK,,195.0,515.6216379,29.906055,137.222222,123.6,2434.312968,53.671507,3.9338789,0.275826202,0.00151436,0.044739997,83.6,1.6722,0.046254356,0.285675,0.323196,0.391128
4214,OK,,195.0,515.6216379,29.906055,138.333333,123.6,2454.024002,54.1060941,3.72653904,0.296964365,0.001627525,0.042340426,83.6,1.6722,0.04396795,0.285675,0.323196,0.391128
4215,OK,,195.0,515.6216379,29.906055,139.444444,123.6,2473.735036,54.5406812,3.52190675,0.320051662,0.001750894,0.039973967,83.6,1.6722,0.041724861,0.285675,0.323196,0.391128
4216,OK,,195.0,515.6216379,29.906055,140.555556,123.6,2493.446088,54.9752683,3.31744663,0.345540651,0.001886882,0.03761366,83.6,1.6722,0.039500542,0.285675,0.323196,0.391128
4217,OK,,195.0,515.6216379,29.906055,141.666667,123.6,2513.157123,55.4098554,3.11832293,0.373257744,0.002034441,0.035315259,83.6,1.6722,0.0373497,0.285675,0.323196,0.391128
4218,OK,,195.0,515.6216379,29.906055,142.777778,123.6,2532.868157,55.8444425,2.91283432,0.404759295,0.002202002,0.032952873,83.6,1.6722,0.035154874,0.285675,0.323196,0.391128
4219,OK,,195.0,515.6216379,29.906055,143.888889,123.6,2552.579191,56.2790296,2.71177936,0.439424117,0.002386022,0.030643012,83.6,1.6722,0.033029033,0.285675,0.323196,0.391128
4220,OK,,195.0,515.6216379,29.906055,145.0,123.6,2572.290225,56.7136167,2.51280652,0.47801149,0.002590509,0.028360574,83.6,1.6722,0.030951082,0.285675,0.323196,0.391128
4221,OK,,195.0,520.730781,30.2023853,135.0,123.6,2394.890899,52.8023328,4.41347289,0.236059779,0.001298383,0.05019766,83.6,1.6722,0.051496043,0.285675,0.323196,0.391128
4222,OK,,195.0,520.730781,30.2023853,136.111111,123.6,2414.601934,53.2369199,4.20389405,0.253383583,0.001391283,0.047770474,83.6,1.6722,0.049161756,0.285675,0.323196,0.391128
4223,OK,,195.0,520.730781,30.2023853,137.222222,123.6,2434.312968,53.671507,3.99618601,0.272258722,0.001492322,0.045366877,83.6,1.6722,0.046859199,0.285675,0.323196,0.391128
4224,OK,,195.0,520.730781,30.2023853,138.333333,123.6,2454.024002,54.1060941,3.78809122,0.293017467,0.001603275,0.042963071,83.6,1.6722,0.044566346,0.285675,0.323196,0.391128
4225,OK,,195.0,520.730781,30.2023853,139.444444,123.6,2473.735036,54.5406812,3.58312323,0.315642476,0.001723973,0.040596701,83.6,1.6722,0.042320674,0.285675,0.323196,0.391128
4226,OK,,195.0,520.730781,30.2023853,140.555556,123.6,2493.446088,54.9752683,3.37755387,0.340665279,0.001857262,0.038228128,83.6,1.6722,0.040085389,0.285675,0.323196,0.391128
4227,OK,,195.0,520.730781,30.2023853,141.666667,123.6,2513.157123,55.4098554,3.17537622,0.368051417,0.002002859,0.03590032,83.6,1.6722,0.037903179,0.285675,0.323196,0.391128
4228,OK,,195.0,520.730781,30.2023853,142.777778,123.6,2532.868157,55.8444425,2.98157624,0.39752846,0.002159182,0.033667329,83.6,1.6722,0.035826511,0.285675,0.323196,0.391128
4229,OK,,195.0,520.730781,30.2023853,143.888889,123.6,2552.579191,56.2790296,2.77244946,0.432192963,0.002343034,0.031273936,83.6,1.6722,0.03361697,0.285675,0.323196,0.391128
4230,OK,,195.0,520.730781,30.2023853,145.0,123.6,2572.290225,56.7136167,2.57506886,0.469485294,0.002540284,0.029012043,83.6,1.6722,0.031552327,0.285675,0.323196,0.391128
4231,OK,,195.0,525.8399241,30.4987156,135.0,123.6,2394.890899,52.8023328,4.47348754,0.233383448,0.001281541,0.05078962,83.6,1.6722,0.052071161,0.285675,0.323196,0.391128
4232,OK,,195.0,525.8399241,30.4987156,136.111111,123.6,2414.601934,53.2369199,4.26042834,0.250590892,0.001373695,0.048329479,83.6,1.6722,0.049703173,0.285675,0.323196,0.391128
4233,OK,,195.0,525.8399241,30.4987156,137.222222,123.6,2434.312968,53.671507,4.05363645,0.269081818,0.0014725,0.04593933,83.6,1.6722,0.04741183,0.285675,0.323196,0.391128
4234,OK,,195.0,525.8399241,30.4987156,138.333333,123.6,2454.024002,54.1060941,3.85441121,0.288852438,0.001577887,0.043633622,83.6,1.6722,0.045211509,0.285675,0.323196,0.391128
4235,OK,,195.0,525.8399241,30.4987156,139.444444,123.6,2473.735036,54.5406812,3.64195129,0.311537745,0.001698796,0.041191168,83.6,1.6722,0.042889964,0.285675,0.323196,0.391128
4236,OK,,195.0,525.8399241,30.4987156,140.555556,123.6,2493.446088,54.9752683,3.43643385,0.33603375,0.001829056,0.038826781,83.6,1.6722,0.040655837,0.285675,0.323196,0.391128
4237,OK,,195.0,525.8399241,30.4987156,141.666667,123.6,2513.157123,55.4098554,3.23402793,0.362839473,0.001971328,0.036500018,83.6,1.6722,0.038471346,0.285675,0.323196,0.391128
4238,OK,,195.0,525.8399241,30.4987156,142.777778,123.6,2532.868157,55.8444425,3.03143945,0.392589247,0.002128985,0.034175829,83.6,1.6722,0.036304814,0.285675,0.323196,0.391128
4239,OK,,195.0,525.8399241,30.4987156,143.888889,123.6,2552.579191,56.2790296,2.82732567,0.425913975,0.002305343,0.031839815,83.6,1.6722,0.034145158,0.285675,0.323196,0.391128
4240,OK,,195.0,525.8399241,30.4987156,145.0,123.6,2572.290225,56.7136167,2.63300632,0.461869265,0.002495134,0.029614124,83.6,1.6722,0.032109258,0.285675,0.323196,0.391128
4241,OK,,195.0,530.9490672,30.7950459,135.0,123.6,2394.890899,52.8023328,4.5339299,0.230740519,0.001264943,0.051384708,83.6,1.6722,0.052649651,0.285675,0.323196,0.391128
4242,OK,,195.0,530.9490672,30.7950459,136.111111,123.6,2414.601934,53.2369199,4.32622433,0.247354821,0.001353717,0.04898507,83.6,1.6722,0.050338787,0.285675,0.323196,0.391128
4243,OK,,195.0,530.9490672,30.7950459,137.222222,123.6,2434.312968,53.671507,4.11865354,0.265519594,0.001450621,0.04659058,83.6,1.6722,0.048041201,0.285675,0.323196,0.391128
4244,OK,,195.0,530.9490672,30.7950459,138.333333,123.6,2454.024002,54.1060941,3.91137934,0.285415547,0.001556592,0.044203097,83.6,1.6722,0.045759688,0.285675,0.323196,0.391128
4245,OK,,195.0,530.9490672,30.7950459,139.444444,123.6,2473.735036,54.5406812,3.70410514,0.307283992,0.001672885,0.04181957,83.6,1.6722,0.043492455,0.285675,0.323196,0.391128
4246,OK,,195.0,530.9490672,30.7950459,140.555556,123.6,2493.446088,54.9752683,3.49506115,0.331539391,0.001801696,0.039421234,83.6,1.6722,0.04122293,0.285675,0.323196,0.391128
4247,OK,,195.0,530.9490672,30.7950459,141.666667,123.6,2513.157123,55.4098554,3.29532575,0.357517699,0.001939303,0.037126481,83.6,1.6722,0.039065783,0.285675,0.323196,0.391128
4248,OK,,195.0,530.9490672,30.7950459,142.777778,123.6,2532.868157,55.8444425,3.09175139,0.386662026,0.002093504,0.034795221,83.6,1.6722,0.036888725,0.285675,0.323196,0.391128
4249,OK,,195.0,530.9490672,30.7950459,143.888889,123.6,2552.579191,56.2790296,2.89235014,0.418595229,0.002262124,0.032513299,83.6,1.6722,0.034775423,0.285675,0.323196,0.391128
4250,OK,,195.0,530.9490672,30.7950459,145.0,123.6,2572.290225,56.7136167,2.69274338,0.454245478,0.002450088,0.030233971,83.6,1.6722,0.032684059,0.285675,0.323196,0.391128
4251,OK,,195.0,536.0582086,31.0913761,135.0,123.6,2394.890899,52.8023328,4.60108564,0.227836258,0.00124695,0.052048408,83.6,1.6722,0.053295358,0.285675,0.323196,0.391128
4252,OK,,195.0,536.0582086,31.0913761,136.111111,123.6,2414.601934,53.2369199,4.39056543,0.244273654,0.001334656,0.049623088,83.6,1.6722,0.050957743,0.285675,0.323196,0.391128
4253,OK,,195.0,536.0582086,31.0913761,137.222222,123.6,2434.312968,53.671507,4.19605147,0.261326606,0.001425336,0.047370278,83.6,1.6722,0.048795613,0.285675,0.323196,0.391128
4254,OK,,195.0,536.0582086,31.0913761,138.333333,123.6,2454.024002,54.1060941,3.97608113,0.281554517,0.001533031,0.044852637,83.6,1.6722,0.046385668,0.285675,0.323196,0.391128
4255,OK,,195.0,536.0582086,31.0913761,139.444444,123.6,2473.735036,54.5406812,3.76718994,0.303073237,0.00164729,0.04245577,83.6,1.6722,0.04410306,0.285675,0.323196,0.391128
4256,OK,,195.0,536.0582086,31.0913761,140.555556,123.6,2493.446088,54.9752683,3.56080891,0.326582607,0.001771891,0.040089537,83.6,1.6722,0.041861428,0.285675,0.323196,0.391128
4257,OK,,195.0,536.0582086,31.0913761,141.666667,123.6,2513.157123,55.4098554,3.35761116,0.352255502,0.001907699,0.03776141,83.6,1.6722,0.039669109,0.285675,0.323196,0.391128
4258,OK,,195.0,536.0582086,31.0913761,142.777778,123.6,2532.868157,55.8444425,3.15840043,0.380258637,0.002055539,0.035480311,83.6,1.6722,0.037535849,0.285675,0.323196,0.391128
4259,OK,,195.0,536.0582086,31.0913761,143.888889,123.6,2552.579191,56.2790296,2.95726939,0.411530022,0.002220411,0.033183341,83.6,1.6722,0.035403752,0.285675,0.323196,0.391128
4260,OK,,195.0,536.0582086,31.0913761,145.0,123.6,2572.290225,56.7136167,2.75230708,0.446889211,0.002406625,0.030849934,83.6,1.6722,0.033256559,0.285675,0.323196,0.391128
4261,OK,,195.0,541.1673517,31.3877064,135.0,123.6,2394.890899,52.8023328,4.66441148,0.22518159,0.001230386,0.052669071,83.6,1.6722,0.053899457,0.285675,0.323196,0.391128
4262,OK,,195.0,541.1673517,31.3877064,136.111111,123.6,2414.601934,53.2369199,4.4512996,0.241454116,0.00131709,0.050220498,83.6,1.6722,0.051537588,0.285675,0.323196,0.391128
4263,OK,,195.0,541.1673517,31.3877064,137.222222,123.6,2434.312968,53.671507,4.24197671,0.259044775,0.001410632,0.047815226,83.6,1.6722,0.049225857,0.285675,0.323196,0.391128
4264,OK,,195.0,541.1673517,31.3877064,138.333333,123.6,2454.024002,54.1060941,4.03532335,0.278142186,0.001511998,0.045441827,83.6,1.6722,0.046953825,0.285675,0.323196,0.391128
4265,OK,,195.0,541.1673517,31.3877064,139.444444,123.6,2473.735036,54.5406812,3.82878338,0.299081417,0.001622964,0.04307355,83.6,1.6722,0.044696514,0.285675,0.323196,0.391128
4266,OK,,195.0,541.1673517,31.3877064,140.555556,123.6,2493.446088,54.9752683,3.61853406,0.322403598,0.001746415,0.040669942,83.6,1.6722,0.042416357,0.285675,0.323196,0.391128
4267,OK,,195.0,541.1673517,31.3877064,141.666667,123.6,2513.157123,55.4098554,3.4186775,0.34725372,0.001877601,0.038380807,83.6,1.6722,0.040258408,0.285675,0.323196,0.391128
4268,OK,,195.0,541.1673517,31.3877064,142.777778,123.6,2532.868157,55.8444425,3.22074019,0.37448906,0.002021122,0.036116649,83.6,1.6722,0.038137771,0.285675,0.323196,0.391128
4269,OK,,195.0,541.1673517,31.3877064,143.888889,123.6,2552.579191,56.2790296,3.0123664,0.405800373,0.002186051,0.033745768,83.6,1.6722,0.035931819,0.285675,0.323196,0.391128
4270,OK,,195.0,541.1673517,31.3877064,145.0,123.6,2572.290225,56.7136167,2.81427957,0.439463594,0.002362906,0.03148931,83.6,1.6722,0.033852215,0.285675,0.323196,0.391128
4271,OK,,195.0,546.2764948,31.6840367,135.0,123.6,2394.890899,52.8023328,4.72314508,0.222801837,0.001215379,0.053238409,83.6,1.6722,0.054453788,0.285675,0.323196,0.391128
4272,OK,,195.0,546.2764948,31.6840367,136.111111,123.6,2414.601934,53.2369199,4.51229886,0.238691178,0.001299877,0.050817517,83.6,1.6722,0.052117394,0.285675,0.323196,0.391128
4273,OK,,195.0,546.2764948,31.6840367,137.222222,123.6,2434.312968,53.671507,4.30448203,0.255883055,0.001391128,0.048431937,83.6,1.6722,0.049823065,0.285675,0.323196,0.391128
4274,OK,,195.0,546.2764948,31.6840367,138.333333,123.6,2454.024002,54.1060941,4.09347128,0.274884663,0.001491862,0.046016447,83.6,1.6722,0.04750831,0.285675,0.323196,0.391128
4275,OK,,195.0,546.2764948,31.6840367,139.444444,123.6,2473.735036,54.5406812,3.88708644,0.295425346,0.001600532,0.043653477,83.6,1.6722,0.045254009,0.285675,0.323196,0.391128
4276,OK,,195.0,546.2764948,31.6840367,140.555556,123.6,2493.446088,54.9752683,3.67725462,0.318260285,0.001721195,0.04125803,83.6,1.6722,0.042979225,0.285675,0.323196,0.391128
4277,OK,,195.0,546.2764948,31.6840367,141.666667,123.6,2513.157123,55.4098554,3.47684692,0.342647288,0.001849726,0.038966464,83.6,1.6722,0.04081619,0.285675,0.323196,0.391128
4278,OK,,195.0,546.2764948,31.6840367,142.777778,123.6,2532.868157,55.8444425,3.27472018,0.369706753,0.001992146,0.036661115,83.6,1.6722,0.038653262,0.285675,0.323196,0.391128
4279,OK,,195.0,546.2764948,31.6840367,143.888889,123.6,2552.579191,56.2790296,3.07164511,0.399779619,0.002150198,0.03435015,83.6,1.6722,0.036500348,0.285675,0.323196,0.391128
4280,OK,,195.0,546.2764948,31.6840367,145.0,123.6,2572.290225,56.7136167,2.87280836,0.432713642,0.002322941,0.032088973,83.6,1.6722,0.034411914,0.285675,0.323196,0.391128
4281,OK,,195.0,551.3856379,31.980367,135.0,123.6,2394.890899,52.8023328,4.78552097,0.220299566,0.001199757,0.053845382,83.6,1.6722,0.055045139,0.285675,0.323196,0.391128
4282,OK,,195.0,551.3856379,31.980367,136.111111,123.6,2414.601934,53.2369199,4.57634633,0.235829452,0.001282189,0.051445855,83.6,1.6722,0.052728044,0.285675,0.323196,0.391128
4283,OK,,195.0,551.3856379,31.980367,137.222222,123.6,2434.312968,53.671507,4.36631283,0.252821809,0.001372251,0.049040889,83.6,1.6722,0.05041314,0.285675,0.323196,0.391128
4284,OK,,195.0,551.3856379,31.980367,138.333333,123.6,2454.024002,54.1060941,4.15783019,0.271314131,0.001470094,0.046655789,83.6,1.6722,0.048125883,0.285675,0.323196,0.391128
4285,OK,,195.0,551.3856379,31.980367,139.444444,123.6,2473.735036,54.5406812,3.9508183,0.29147867,0.0015766,0.044289956,83.6,1.6722,0.045866556,0.285675,0.323196,0.391128
4286,OK,,195.0,551.3856379,31.980367,140.555556,123.6,2493.446088,54.9752683,3.74345137,0.313645157,0.001693502,0.041924307,83.6,1.6722,0.043617809,0.285675,0.323196,0.391128
4287,OK,,195.0,551.3856379,31.980367,141.666667,123.6,2513.157123,55.4098554,3.54066604,0.337671911,0.001819953,0.039611136,83.6,1.6722,0.041431089,0.285675,0.323196,0.391128
4288,OK,,195.0,551.3856379,31.980367,142.777778,123.6,2532.868157,55.8444425,3.33474809,0.364459234,0.001960761,0.037269091,83.6,1.6722,0.039229852,0.285675,0.323196,0.391128
4289,OK,,195.0,551.3856379,31.980367,143.888889,123.6,2552.579191,56.2790296,3.13250853,0.393750326,0.002114431,0.034970407,83.6,1.6722,0.037084838,0.285675,0.323196,0.391128
4290,OK,,195.0,551.3856379,31.980367,145.0,123.6,2572.290225,56.7136167,2.93080303,0.42621553,0.002284481,0.032681938,83.6,1.6722,0.034966419,0.285675,0.323196,0.391128
4291,OK,,195.0,556.4947793,32.2766972,135.0,123.6,2394.890899,52.8023328,4.84869789,0.217818951,0.001184297,0.054457949,83.6,1.6722,0.055642246,0.285675,0.323196,0.391128
4292,OK,,195.0,556.4947793,32.2766972,136.111111,123.6,2414.601934,53.2369199,4.63909825,0.233099022,0.00126527,0.052057915,83.6,1.6722,0.053323184,0.285675,0.323196,0.391128
4293,OK,,195.0,556.4947793,32.2766972,137.222222,123.6,2434.312968,53.671507,4.43122098,0.249669897,0.001352929,0.049679331,83.6,1.6722,0.05103226,0.285675,0.323196,0.391128
4294,OK,,195.0,556.4947793,32.2766972,138.333333,123.6,2454.024002,54.1060941,4.22194333,0.267850256,0.001448966,0.047289781,83.6,1.6722,0.048738748,0.285675,0.323196,0.391128
4295,OK,,195.0,556.4947793,32.2766972,139.444444,123.6,2473.735036,54.5406812,4.01208221,0.287798413,0.001554185,0.044897789,83.6,1.6722,0.046451974,0.285675,0.323196,0.391128
4296,OK,,195.0,556.4947793,32.2766972,140.555556,123.6,2493.446088,54.9752683,3.80574779,0.309446539,0.001668148,0.04254667,83.6,1.6722,0.044214818,0.285675,0.323196,0.391128
4297,OK,,195.0,556.4947793,32.2766972,141.666667,123.6,2513.157123,55.4098554,3.60046977,0.333167311,0.001792813,0.040210742,83.6,1.6722,0.042003555,0.285675,0.323196,0.391128
4298,OK,,195.0,556.4947793,32.2766972,142.777778,123.6,2532.868157,55.8444425,3.3950596,0.359333698,0.001930119,0.037877589,83.6,1.6722,0.039807708,0.285675,0.323196,0.391128
4299,OK,,195.0,556.4947793,32.2766972,143.888889,123.6,2552.579191,56.2790296,3.19415273,0.387820719,0.002079297,0.035596432,83.6,1.6722,0.037675729,0.285675,0.323196,0.391128
4300,OK,,195.0,556.4947793,32.2766972,145.0,123.6,2572.290225,56.7136167,2.99139404,0.419610245,0.002245546,0.033300163,83.6,1.6722,0.035545709,0.285675,0.323196,0.391128
4301,OK,,195.0,561.6039224,32.5730275,135.0,123.6,2394.890899,52.8023328,4.91424492,0.214532521,0.001164507,0.055092813,83.6,1.6722,0.05625732,0.285675,0.323196,0.391128
4302,OK,,195.0,561.6039224,32.5730275,136.111111,123.6,2414.601934,53.2369199,4.70161171,0.230440446,0.001248794,0.052665174,83.6,1.6722,0.053913968,0.285675,0.323196,0.391128
4303,OK,,195.0,561.6039224,32.5730275,137.222222,123.6,2434.312968,53.671507,4.49371322,0.246719896,0.001334767,0.050290209,83.6,1.6722,0.051624976,0.285675,0.323196,0.391128
4304,OK,,195.0,561.6039224,32.5730275,138.333333,123.6,2454.024002,54.1060941,4.28100052,0.264763559,0.001429958,0.047868591,83.6,1.6722,0.049298549,0.285675,0.323196,0.391128
4305,OK,,195.0,561.6039224,32.5730275,139.444444,123.6,2473.735036,54.5406812,4.07389283,0.284172717,0.001532132,0.045509129,83.6,1.6722,0.04704126,0.285675,0.323196,0.391128
4306,OK,,195.0,561.6039224,32.5730275,140.555556,123.6,2493.446088,54.9752683,3.86624798,0.305485308,0.001644157,0.043147919,83.6,1.6722,0.044792076,0.285675,0.323196,0.391128
4307,OK,,195.0,561.6039224,32.5730275,141.666667,123.6,2513.157123,55.4098554,3.66111299,0.32871224,0.00176602,0.040817041,83.6,1.6722,0.042583061,0.285675,0.323196,0.391128
4308,OK,,195.0,561.6039224,32.5730275,142.777778,123.6,2532.868157,55.8444425,3.45704842,0.354198199,0.001899511,0.038501613,83.6,1.6722,0.040401124,0.285675,0.323196,0.391128
4309,OK,,195.0,561.6039224,32.5730275,143.888889,123.6,2552.579191,56.2790296,3.25503975,0.382140518,0.002045608,0.036212208,83.6,1.6722,0.038257817,0.285675,0.323196,0.391128
4310,OK,,195.0,561.6039224,32.5730275,145.0,123.6,2572.290225,56.7136167,3.05309638,0.413078351,0.002207116,0.033927964,83.6,1.6722,0.03613508,0.285675,0.323196,0.391128
4311,OK,,195.0,566.7130655,32.8693578,135.0,123.6,2394.890899,52.8023328,4.97638431,0.212197451,0.001149938,0.055689321,83.6,1.6722,0.056839258,0.285675,0.323196,0.391128
4312,OK,,195.0,566.7130655,32.8693578,136.111111,123.6,2414.601934,53.2369199,4.76195984,0.227945993,0.001233258,0.053247129,83.6,1.6722,0.054480387,0.285675,0.323196,0.391128
4313,OK,,195.0,566.7130655,32.8693578,137.222222,123.6,2434.312968,53.671507,4.5523217,0.244039712,0.001318124,0.050857831,83.6,1.6722,0.052175955,0.285675,0.323196,0.391128
4314,OK,,195.0,566.7130655,32.8693578,138.333333,123.6,2454.024002,54.1060941,4.34362299,0.261548621,0.0014103,0.048481849,83.6,1.6722,0.049892149,0.285675,0.323196,0.391128
4315,OK,,195.0,566.7130655,32.8693578,139.444444,123.6,2473.735036,54.5406812,4.13713732,0.280550245,0.001510152,0.046132638,83.6,1.6722,0.04764279,0.285675,0.323196,0.391128
4316,OK,,195.0,566.7130655,32.8693578,140.555556,123.6,2493.446088,54.9752683,3.92617227,0.301666983,0.001621001,0.043740402,83.6,1.6722,0.045361403,0.285675,0.323196,0.391128
4317,OK,,195.0,566.7130655,32.8693578,141.666667,123.6,2513.157123,55.4098554,3.7208187,0.324450393,0.00174034,0.041410787,83.6,1.6722,0.043151127,0.285675,0.323196,0.391128
4318,OK,,195.0,566.7130655,32.8693578,142.777778,123.6,2532.868157,55.8444425,3.52015547,0.349112144,0.001869249,0.039134632,83.6,1.6722,0.041003881,0.285675,0.323196,0.391128
4319,OK,,195.0,566.7130655,32.8693578,143.888889,123.6,2552.579191,56.2790296,3.31144138,0.377065644,0.002015264,0.036778007,83.6,1.6722,0.03879327,0.285675,0.323196,0.391128
4320,OK,,195.0,566.7130655,32.8693578,145.0,123.6,2572.290225,56.7136167,3.11183875,0.407075842,0.002171628,0.034521796,83.6,1.6722,0.036693423,0.285675,0.323196,0.391128
4321,OK,,195.0,571.8222086,33.1656881,135.0,123.6,2394.890899,52.8023328,5.03765264,0.209940092,0.00113585,0.056276179,83.6,1.6722,0.057412029,0.285675,0.323196,0.391128
4322,OK,,195.0,571.8222086,33.1656881,136.111111,123.6,2414.601934,53.2369199,4.82589032,0.225331964,0.001217129,0.053865382,83.6,1.6722,0.055082511,0.285675,0.323196,0.391128
4323,OK,,195.0,571.8222086,33.1656881,137.222222,123.6,2434.312968,53.671507,4.61726349,0.241091116,0.001300082,0.051490484,83.6,1.6722,0.052790567,0.285675,0.323196,0.391128
4324,OK,,195.0,571.8222086,33.1656881,138.333333,123.6,2454.024002,54.1060941,4.40589063,0.258419604,0.001391182,0.049090526,83.6,1.6722,0.050481708,0.285675,0.323196,0.391128
4325,OK,,195.0,571.8222086,33.1656881,139.444444,123.6,2473.735036,54.5406812,4.19818235,0.277141205,0.001489412,0.046732213,83.6,1.6722,0.048221625,0.285675,0.323196,0.391128
4326,OK,,195.0,571.8222086,33.1656881,140.555556,123.6,2493.446088,54.9752683,3.99006026,0.297660429,0.001596912,0.0443734,83.6,1.6722,0.045970312,0.285675,0.323196,0.391128
4327,OK,,195.0,571.8222086,33.1656881,141.666667,123.6,2513.157123,55.4098554,3.7860144,0.319867718,0.001713022,0.042061071,83.6,1.6722,0.043774092,0.285675,0.323196,0.391128
4328,OK,,195.0,571.8222086,33.1656881,142.777778,123.6,2532.868157,55.8444425,3.57824213,0.344581722,0.001842088,0.039713794,83.6,1.6722,0.041555882,0.285675,0.323196,0.391128
4329,OK,,195.0,571.8222086,33.1656881,143.888889,123.6,2552.579191,56.2790296,3.37812081,0.371131302,0.00198041,0.037451011,83.6,1.6722,0.039431421,0.285675,0.323196,0.391128
4330,OK,,195.0,571.8222086,33.1656881,145.0,123.6,2572.290225,56.7136167,3.17380641,0.400885452,0.002135258,0.035148542,83.6,1.6722,0.037283799,0.285675,0.323196,0.391128
4331,OK,,195.0,576.93135,33.4620183,135.0,123.6,2394.890899,52.8023328,5.10025043,0.207678928,0.001121779,0.056874117,83.6,1.6722,0.057995896,0.285675,0.323196,0.391128
4332,OK,,195.0,576.93135,33.4620183,136.111111,123.6,2414.601934,53.2369199,4.88917171,0.222809518,0.001201542,0.054474335,83.6,1.6722,0.055675877,0.285675,0.323196,0.391128
4333,OK,,195.0,576.93135,33.4620183,137.222222,123.6,2434.312968,53.671507,4.67860917,0.238389405,0.001283432,0.052083183,83.6,1.6722,0.053366615,0.285675,0.323196,0.391128
4334,OK,,195.0,576.93135,33.4620183,138.333333,123.6,2454.024002,54.1060941,4.46814797,0.255365535,0.001372522,0.04969645,83.6,1.6722,0.051068972,0.285675,0.323196,0.391128
4335,OK,,195.0,576.93135,33.4620183,139.444444,123.6,2473.735036,54.5406812,4.26103887,0.273707261,0.001468593,0.047348107,83.6,1.6722,0.048816699,0.285675,0.323196,0.391128
4336,OK,,195.0,576.93135,33.4620183,140.555556,123.6,2493.446088,54.9752683,4.05156816,0.293917365,0.001574312,0.044978919,83.6,1.6722,0.04655323,0.285675,0.323196,0.391128
4337,OK,,195.0,576.93135,33.4620183,141.666667,123.6,2513.157123,55.4098554,3.85010967,0.315493197,0.001686899,0.042697119,83.6,1.6722,0.044384017,0.285675,0.323196,0.391128
4338,OK,,195.0,576.93135,33.4620183,142.777778,123.6,2532.868157,55.8444425,3.64024777,0.339843666,0.001813882,0.040331625,83.6,1.6722,0.042145507,0.285675,0.323196,0.391128
4339,OK,,195.0,576.93135,33.4620183,143.888889,123.6,2552.579191,56.2790296,3.43967493,0.365853406,0.001949172,0.038067471,83.6,1.6722,0.040016643,0.285675,0.323196,0.391128
4340,OK,,195.0,576.93135,33.4620183,145.0,123.6,2572.290225,56.7136167,3.23529607,0.394930713,0.002100246,0.035767748,83.6,1.6722,0.037867993,0.285675,0.323196,0.391128
4341,OK,,195.0,582.0404931,33.7583486,135.0,123.6,2394.890899,52.8023328,5.16205209,0.205497051,0.001108182,0.057461623,83.6,1.6722,0.058569805,0.285675,0.323196,0.391128
4342,OK,,195.0,582.0404931,33.7583486,136.111111,123.6,2414.601934,53.2369199,4.95225494,0.220349129,0.001186339,0.05507886,83.6,1.6722,0.056265199,0.285675,0.323196,0.391128
4343,OK,,195.0,582.0404931,33.7583486,137.222222,123.6,2434.312968,53.671507,4.74420647,0.23554319,0.001266045,0.052717519,83.6,1.6722,0.053983564,0.285675,0.323196,0.391128
4344,OK,,195.0,582.0404931,33.7583486,138.333333,123.6,2454.024002,54.1060941,4.53301535,0.252244033,0.00135355,0.050327135,83.6,1.6722,0.051680685,0.285675,0.323196,0.391128
4345,OK,,195.0,582.0404931,33.7583486,139.444444,123.6,2473.735036,54.5406812,4.32187971,0.270473039,0.001448913,0.047940792,83.6,1.6722,0.049389704,0.285675,0.323196,0.391128
4346,OK,,195.0,582.0404931,33.7583486,140.555556,123.6,2493.446088,54.9752683,4.11565743,0.290097328,0.00155136,0.045609033,83.6,1.6722,0.047160393,0.285675,0.323196,0.391128
4347,OK,,195.0,582.0404931,33.7583486,141.666667,123.6,2513.157123,55.4098554,3.91472299,0.311196289,0.001661268,0.04333619,83.6,1.6722,0.044997458,0.285675,0.323196,0.391128
4348,OK,,195.0,582.0404931,33.7583486,142.777778,123.6,2532.868157,55.8444425,3.70248349,0.335213054,0.001786334,0.040949606,83.6,1.6722,0.04273594,0.285675,0.323196,0.391128
4349,OK,,195.0,582.0404931,33.7583486,143.888889,123.6,2552.579191,56.2790296,3.49814655,0.360998679,0.00192029,0.038649445,83.6,1.6722,0.040569735,0.285675,0.323196,0.391128
4350,OK,,195.0,582.0404931,33.7583486,145.0,123.6,2572.290225,56.7136167,3.2935983,0.389470249,0.002067975,0.036351297,83.6,1.6722,0.038419272,0.285675,0.323196,0.391128
4351,OK,,195.0,587.1496362,34.0546789,135.0,123.6,2394.890899,52.8023328,5.2270597,0.203419434,0.001095177,0.058079269,83.6,1.6722,0.059174446,0.285675,0.323196,0.391128
4352,OK,,195.0,587.1496362,34.0546789,136.111111,123.6,2414.601934,53.2369199,5.01505262,0.217955607,0.00117154,0.055677753,83.6,1.6722,0.056849293,0.285675,0.323196,0.391128
4353,OK,,195.0,587.1496362,34.0546789,137.222222,123.6,2434.312968,53.671507,4.80454311,0.233011148,0.00125041,0.053294935,83.6,1.6722,0.054545345,0.285675,0.323196,0.391128
4354,OK,,195.0,587.1496362,34.0546789,138.333333,123.6,2454.024002,54.1060941,4.59278268,0.249461731,0.001336466,0.050902443,83.6,1.6722,0.052238908,0.285675,0.323196,0.391128
4355,OK,,195.0,587.1496362,34.0546789,139.444444,123.6,2473.735036,54.5406812,4.3857792,0.267140097,0.001428752,0.048562567,83.6,1.6722,0.04999132,0.285675,0.323196,0.391128
4356,OK,,195.0,587.1496362,34.0546789,140.555556,123.6,2493.446088,54.9752683,4.1753614,0.286653898,0.0015305,0.046191013,83.6,1.6722,0.047721513,0.285675,0.323196,0.391128
4357,OK,,195.0,587.1496362,34.0546789,141.666667,123.6,2513.157123,55.4098554,3.97037238,0.307647021,0.001639726,0.043879481,83.6,1.6722,0.045519206,0.285675,0.323196,0.391128
4358,OK,,195.0,587.1496362,34.0546789,142.777778,123.6,2532.868157,55.8444425,3.76260826,0.33087328,0.001760419,0.04154305,83.6,1.6722,0.043303468,0.285675,0.323196,0.391128
4359,OK,,195.0,587.1496362,34.0546789,143.888889,123.6,2552.579191,56.2790296,3.55843908,0.356112013,0.001891314,0.039248078,83.6,1.6722,0.041139392,0.285675,0.323196,0.391128
4360,OK,,195.0,587.1496362,34.0546789,145.0,123.6,2572.290225,56.7136167,3.35441694,0.383911781,0.002035266,0.036958848,83.6,1.6722,0.038994114,0.285675,0.323196,0.391128
4361,OK,,195.0,592.2587793,34.3510092,135.0,123.6,2394.890899,52.8023328,5.28850387,0.201346366,0.001082253,0.058658772,83.6,1.6722,0.059741025,0.285675,0.323196,0.391128
4362,OK,,195.0,592.2587793,34.3510092,136.111111,123.6,2414.601934,53.2369199,5.08009828,0.215516877,0.001156544,0.056298043,83.6,1.6722,0.057454586,0.285675,0.323196,0.391128
4363,OK,,195.0,592.2587793,34.3510092,137.222222,123.6,2434.312968,53.671507,4.86522412,0.230511664,0.001235001,0.053874263,83.6,1.6722,0.055109264,0.285675,0.323196,0.391128
4364,OK,,195.0,592.2587793,34.3510092,138.333333,123.6,2454.024002,54.1060941,4.65381417,0.246672503,0.001319399,0.051489251,83.6,1.6722,0.05280865,0.285675,0.323196,0.391128
4365,OK,,195.0,592.2587793,34.3510092,139.444444,123.6,2473.735036,54.5406812,4.44754421,0.264002446,0.00140971,0.049160558,83.6,1.6722,0.050570268,0.285675,0.323196,0.391128
4366,OK,,195.0,592.2587793,34.3510092,140.555556,123.6,2493.446088,54.9752683,4.23877316,0.28305559,0.001508873,0.046809733,83.6,1.6722,0.048318606,0.285675,0.323196,0.391128
4367,OK,,195.0,592.2587793,34.3510092,141.666667,123.6,2513.157123,55.4098554,4.0329601,0.303693447,0.001616082,0.044493237,83.6,1.6722,0.046109319,0.285675,0.323196,0.391128
4368,OK,,195.0,592.2587793,34.3510092,142.777778,123.6,2532.868157,55.8444425,3.8259814,0.326388257,0.001733807,0.042168558,83.6,1.6722,0.043902365,0.285675,0.323196,0.391128
4369,OK,,195.0,592.2587793,34.3510092,143.888889,123.6,2552.579191,56.2790296,3.61770969,0.351436429,0.001863557,0.039834364,83.6,1.6722,0.041697921,0.285675,0.323196,0.391128
4370,OK,,195.0,592.2587793,34.3510092,145.0,123.6,2572.290225,56.7136167,3.41648193,0.378382359,0.002002814,0.03757764,83.6,1.6722,0.039580454,0.285675,0.323196,0.391128
4371,OK,,195.0,597.3679207,34.6473394,135.0,123.6,2394.890899,52.8023328,5.35283829,0.199201692,0.001068974,0.059265678,83.6,1.6722,0.060334653,0.285675,0.323196,0.391128
4372,OK,,195.0,597.3679207,34.6473394,136.111111,123.6,2414.601934,53.2369199,5.1399118,0.213345491,0.00114304,0.056862568,83.6,1.6722,0.058005608,0.285675,0.323196,0.391128
4373,OK,,195.0,597.3679207,34.6473394,137.222222,123.6,2434.312968,53.671507,4.92920015,0.227919448,0.001219136,0.054485305,83.6,1.6722,0.05570444,0.285675,0.323196,0.391128
4374,OK,,195.0,597.3679207,34.6473394,138.333333,123.6,2454.024002,54.1060941,4.71926139,0.24372432,0.001301523,0.05211915,83.6,1.6722,0.053420673,0.285675,0.323196,0.391128
4375,OK,,195.0,597.3679207,34.6473394,139.444444,123.6,2473.735036,54.5406812,4.50994685,0.260901961,0.001390922,0.049762899,83.6,1.6722,0.05115382,0.285675,0.323196,0.391128
4376,OK,,195.0,597.3679207,34.6473394,140.555556,123.6,2493.446088,54.9752683,4.30173493,0.279572242,0.001487926,0.047421513,83.6,1.6722,0.048909438,0.285675,0.323196,0.391128
4377,OK,,195.0,597.3679207,34.6473394,141.666667,123.6,2513.157123,55.4098554,4.09348892,0.299976686,0.001593775,0.045083444,83.6,1.6722,0.046677219,0.285675,0.323196,0.391128
4378,OK,,195.0,597.3679207,34.6473394,142.777778,123.6,2532.868157,55.8444425,3.88468896,0.322370292,0.001709769,0.042743423,83.6,1.6722,0.044453192,0.285675,0.323196,0.391128
4379,OK,,195.0,597.3679207,34.6473394,143.888889,123.6,2552.579191,56.2790296,3.68004455,0.346623553,0.001835145,0.040450368,83.6,1.6722,0.042285513,0.285675,0.323196,0.391128
4380,OK,,195.0,597.3679207,34.6473394,145.0,123.6,2572.290225,56.7136167,3.47263646,0.373560751,0.001974221,0.038132686,83.6,1.6722,0.040106907,0.285675,0.323196,0.391128
4381,OK,,195.0,602.4770638,34.9436697,135.0,123.6,2394.890899,52.8023328,5.41536806,0.197166081,0.001056328,0.059851694,83.6,1.6722,0.060908021,0.285675,0.323196,0.391128
4382,OK,,195.0,602.4770638,34.9436697,136.111111,123.6,2414.601934,53.2369199,5.20413928,0.210213731,0.001124431,0.057469965,83.6,1.6722,0.058594396,0.285675,0.323196,0.391128
4383,OK,,195.0,602.4770638,34.9436697,137.222222,123.6,2434.312968,53.671507,4.99272366,0.225401591,0.001203717,0.055089245,83.6,1.6722,0.056292962,0.285675,0.323196,0.391128
4384,OK,,195.0,602.4770638,34.9436697,138.333333,123.6,2454.024002,54.1060941,4.77997768,0.241074409,0.001285306,0.052698223,83.6,1.6722,0.053983529,0.285675,0.323196,0.391128
4385,OK,,195.0,602.4770638,34.9436697,139.444444,123.6,2473.735036,54.5406812,4.57145594,0.257918588,0.001372817,0.050353748,83.6,1.6722,0.051726565,0.285675,0.323196,0.391128
4386,OK,,195.0,602.4770638,34.9436697,140.555556,123.6,2493.446088,54.9752683,4.36164064,0.276352447,0.001468451,0.047999537,83.6,1.6722,0.049467988,0.285675,0.323196,0.391128
4387,OK,,195.0,602.4770638,34.9436697,141.666667,123.6,2513.157123,55.4098554,4.1545592,0.296313094,0.001571815,0.045677081,83.6,1.6722,0.047248896,0.285675,0.323196,0.391128
4388,OK,,195.0,602.4770638,34.9436697,142.777778,123.6,2532.868157,55.8444425,3.94363664,0.318430885,0.001686218,0.043318691,83.6,1.6722,0.045004909,0.285675,0.323196,0.391128
4389,OK,,195.0,602.4770638,34.9436697,143.888889,123.6,2552.579191,56.2790296,3.74100273,0.342051017,0.001808093,0.041049865,83.6,1.6722,0.042857959,0.285675,0.323196,0.391128
4390,OK,,195.0,602.4770638,34.9436697,145.0,123.6,2572.290225,56.7136167,3.53648768,0.368155409,0.001942605,0.038765672,83.6,1.6722,0.040708277,0.285675,0.323196,0.391128
4391,OK,,195.0,607.5862069,35.24,135.0,123.6,2394.890899,52.8023328,5.4807914,0.195068271,0.001043383,0.060465314,83.6,1.6722,0.061508697,0.285675,0.323196,0.391128
4392,OK,,195.0,607.5862069,35.24,136.111111,123.6,2414.601934,53.2369199,5.26534727,0.208066545,0.001111148,0.058044667,83.6,1.6722,0.059155816,0.285675,0.323196,0.391128
4393,OK,,195.0,607.5862069,35.24,137.222222,123.6,2434.312968,53.671507,5.05339498,0.22306011,0.001189298,0.055662317,83.6,1.6722,0.056851615,0.285675,0.323196,0.391128
4394,OK,,195.0,607.5862069,35.24,138.333333,123.6,2454.024002,54.1060941,4.84397445,0.238321802,0.001268587,0.053308997,83.6,1.6722,0.054577583,0.285675,0.323196,0.391128
4395,OK,,195.0,607.5862069,35.24,139.444444,123.6,2473.735036,54.5406812,4.63252194,0.255023433,0.001355241,0.050938281,83.6,1.6722,0.052293523,0.285675,0.323196,0.391128
4396,OK,,195.0,607.5862069,35.24,140.555556,123.6,2493.446088,54.9752683,4.42468096,0.27302017,0.001448434,0.048607962,83.6,1.6722,0.050056396,0.285675,0.323196,0.391128
4397,OK,,195.0,607.5862069,35.24,141.666667,123.6,2513.157123,55.4098554,4.21805514,0.292575792,0.001549528,0.046293769,83.6,1.6722,0.047843297,0.285675,0.323196,0.391128
4398,OK,,195.0,607.5862069,35.24,142.777778,123.6,2532.868157,55.8444425,4.00541858,0.314379317,0.001662141,0.043921434,83.6,1.6722,0.045583575,0.285675,0.323196,0.391128
4399,OK,,195.0,607.5862069,35.24,143.888889,123.6,2552.579191,56.2790296,3.80136331,0.337639186,0.001781979,0.041641306,83.6,1.6722,0.043423285,0.285675,0.323196,0.391128
4400,OK,,195.0,607.5862069,35.24,145.0,123.6,2572.290225,56.7136167,3.58945607,0.363867829,0.001917016,0.039283964,83.6,1.6722,0.04120098,0.285675,0.323196,0.391128
4401,OK,,200.0,50.68965517,2.94,135.0,123.6,2394.890899,52.8023328,0.03548364,2.88944259,0.018483357,0.000469634,83.6,1.6722,0.018952992,0.285675,0.323196,0.391128
4402,OK,,200.0,50.68965517,2.94,136.111111,123.6,2414.601934,53.2369199,0.025045869,3.31225767,0.021105378,0.000329708,83.6,1.6722,0.021435085,0.285675,0.323196,0.391128
4403,OK,,200.0,50.68965517,2.94,137.222222,123.6,2434.312968,53.671507,0.0182104,3.73546109,0.023708574,0.000238424,83.6,1.6722,0.023946998,0.285675,0.323196,0.391128
4404,OK,,200.0,50.68965517,2.94,138.333333,123.6,2454.024002,54.1060941,0.013473521,4.17599085,0.026398666,0.00017544,83.6,1.6722,0.026574106,0.285675,0.323196,0.391128
4405,OK,,200.0,50.68965517,2.94,139.444444,123.6,2473.735036,54.5406812,0.010117573,4.62499092,0.029113007,0.000130955,83.6,1.6722,0.029243962,0.285675,0.323196,0.391128
4406,OK,,200.0,50.68965517,2.94,140.555556,123.6,2493.446088,54.9752683,0.007963196,5.0380346,0.031593913,0.000102555,83.6,1.6722,0.031696468,0.285675,0.323196,0.391128
4407,OK,,200.0,50.68965517,2.94,141.666667,123.6,2513.157123,55.4098554,0.006135638,5.48613662,0.034264274,7.86e-05,83.6,1.6722,0.034342859,0.285675,0.323196,0.391128
4408,OK,,200.0,50.68965517,2.94,142.777778,123.6,2532.868157,55.8444425,0.004949454,5.92486242,0.036854267,6.3e-05,83.6,1.6722,0.036917312,0.285675,0.323196,0.391128
4409,OK,,200.0,50.68965517,2.94,143.888889,123.6,2552.579191,56.2790296,0.003886735,6.40717133,0.039673159,4.92e-05,83.6,1.6722,0.039722355,0.285675,0.323196,0.391128
4410,OK,,200.0,50.68965517,2.94,145.0,123.6,2572.290225,56.7136167,0.003235184,6.81637424,0.042052695,4.08e-05,83.6,1.6722,0.042093453,0.285675,0.323196,0.391128
4411,OK,,200.0,55.79879793,3.23633028,135.0,123.6,2394.890899,52.8023328,0.038424643,2.81666891,0.017990725,0.00050811,83.6,1.6722,0.018498835,0.285675,0.323196,0.391128
4412,OK,,200.0,55.79879793,3.23633028,136.111111,123.6,2414.601934,53.2369199,0.026759512,3.2513759,0.020685808,0.00035196,83.6,1.6722,0.021037767,0.285675,0.323196,0.391128
4413,OK,,200.0,55.79879793,3.23633028,137.222222,123.6,2434.312968,53.671507,0.019625103,3.65317712,0.023152135,0.000256724,83.6,1.6722,0.023408859,0.285675,0.323196,0.391128
4414,OK,,200.0,55.79879793,3.23633028,138.333333,123.6,2454.024002,54.1060941,0.014428864,4.09300596,0.025835771,0.000187706,83.6,1.6722,0.026023477,0.285675,0.323196,0.391128
4415,OK,,200.0,55.79879793,3.23633028,139.444444,123.6,2473.735036,54.5406812,0.010701149,4.55389889,0.028629382,0.000138461,83.6,1.6722,0.028767843,0.285675,0.323196,0.391128
4416,OK,,200.0,55.79879793,3.23633028,140.555556,123.6,2493.446088,54.9752683,0.008135582,5.01059145,0.031362205,0.000104611,83.6,1.6722,0.031466815,0.285675,0.323196,0.391128
4417,OK,,200.0,55.79879793,3.23633028,141.666667,123.6,2513.157123,55.4098554,0.006590127,5.40283129,0.033696578,8.43e-05,83.6,1.6722,0.033780918,0.285675,0.323196,0.391128
4418,OK,,200.0,55.79879793,3.23633028,142.777778,123.6,2532.868157,55.8444425,0.005233155,5.84336955,0.036296503,6.66e-05,83.6,1.6722,0.03636311,0.285675,0.323196,0.391128
4419,OK,,200.0,55.79879793,3.23633028,143.888889,123.6,2552.579191,56.2790296,0.004222612,6.27974938,0.038849053,5.35e-05,83.6,1.6722,0.038902504,0.285675,0.323196,0.391128
4420,OK,,200.0,55.79879793,3.23633028,145.0,123.6,2572.290225,56.7136167,0.003434662,6.72207598,0.041415494,4.32e-05,83.6,1.6722,0.041458733,0.285675,0.323196,0.391128
4421,OK,,200.0,60.90794052,3.53266055,135.0,123.6,2394.890899,52.8023328,0.042237043,2.7488207,0.017530705,0.000558017,83.6,1.6722,0.018088722,0.285675,0.323196,0.391128
4422,OK,,200.0,60.90794052,3.53266055,136.111111,123.6,2414.601934,53.2369199,0.028856164,3.16514083,0.020107919,0.000379215,83.6,1.6722,0.020487134,0.285675,0.323196,0.391128
4423,OK,,200.0,60.90794052,3.53266055,137.222222,123.6,2434.312968,53.671507,0.020930206,3.58081638,0.022660369,0.000273575,83.6,1.6722,0.022933944,0.285675,0.323196,0.391128
4424,OK,,200.0,60.90794052,3.53266055,138.333333,123.6,2454.024002,54.1060941,0.015444482,4.01026628,0.025277495,0.000200762,83.6,1.6722,0.025478258,0.285675,0.323196,0.391128
4425,OK,,200.0,60.90794052,3.53266055,139.444444,123.6,2473.735036,54.5406812,0.011598952,4.45066935,0.027942145,0.000149961,83.6,1.6722,0.028092106,0.285675,0.323196,0.391128
4426,OK,,200.0,60.90794052,3.53266055,140.555556,123.6,2493.446088,54.9752683,0.008647129,4.92874918,0.030802366,0.000111069,83.6,1.6722,0.030913435,0.285675,0.323196,0.391128
4427,OK,,200.0,60.90794052,3.53266055,141.666667,123.6,2513.157123,55.4098554,0.006965421,5.32583969,0.033169121,8.91e-05,83.6,1.6722,0.033258193,0.285675,0.323196,0.391128
4428,OK,,200.0,60.90794052,3.53266055,142.777778,123.6,2532.868157,55.8444425,0.005537462,5.7585146,0.035719785,7.04e-05,83.6,1.6722,0.03579021,0.285675,0.323196,0.391128
4429,OK,,200.0,60.90794052,3.53266055,143.888889,123.6,2552.579191,56.2790296,0.004424509,6.20962986,0.038360493,5.6e-05,83.6,1.6722,0.038416455,0.285675,0.323196,0.391128
4430,OK,,200.0,60.90794052,3.53266055,145.0,123.6,2572.290225,56.7136167,0.003609946,6.64421658,0.040878942,4.54e-05,83.6,1.6722,0.040924352,0.285675,0.323196,0.391128
4431,OK,,200.0,66.01708328,3.82899083,135.0,123.6,2394.890899,52.8023328,0.042283909,2.72347593,0.017332107,0.000557501,83.6,1.6722,0.017889608,0.285675,0.323196,0.391128
4432,OK,,200.0,66.01708328,3.82899083,136.111111,123.6,2414.601934,53.2369199,0.031011443,3.08914666,0.019596036,0.000407189,83.6,1.6722,0.020003225,0.285675,0.323196,0.391128
4433,OK,,200.0,66.01708328,3.82899083,137.222222,123.6,2434.312968,53.671507,0.021969609,3.52804267,0.022292099,0.000286913,83.6,1.6722,0.022579012,0.285675,0.323196,0.391128
4434,OK,,200.0,66.01708328,3.82899083,138.333333,123.6,2454.024002,54.1060941,0.0159368,3.9734007,0.024999432,0.000206864,83.6,1.6722,0.025206296,0.285675,0.323196,0.391128
4435,Errors,,200.0,66.01708328,3.82899083,139.444444,123.6,2473.735036,54.5406812,0.042395336,3.42397055,0.021105106,0.000549482,83.6,1.6722,0.021654588,0.285675,0.323196,0.391128
4436,OK,,200.0,66.01708328,3.82899083,140.555556,123.6,2493.446088,54.9752683,0.009407528,4.81674787,0.030075782,0.000120865,83.6,1.6722,0.030196647,0.285675,0.323196,0.391128
4437,OK,,200.0,66.01708328,3.82899083,141.666667,123.6,2513.157123,55.4098554,0.007408774,5.24022171,0.032589939,9.47e-05,83.6,1.6722,0.032684604,0.285675,0.323196,0.391128
4438,OK,,200.0,66.01708328,3.82899083,142.777778,123.6,2532.868157,55.8444425,0.005770186,5.70222271,0.035312687,7.33e-05,83.6,1.6722,0.035385987,0.285675,0.323196,0.391128
4439,OK,,200.0,66.01708328,3.82899083,143.888889,123.6,2552.579191,56.2790296,0.004660628,6.13462159,0.0378438,5.89e-05,83.6,1.6722,0.037902703,0.285675,0.323196,0.391128
4440,OK,,200.0,66.01708328,3.82899083,145.0,123.6,2572.290225,56.7136167,0.003676347,6.6184463,0.040656891,4.62e-05,83.6,1.6722,0.040703098,0.285675,0.323196,0.391128
4441,OK,,200.0,71.12622586,4.1253211,135.0,123.6,2394.890899,52.8023328,0.048488442,2.60833206,0.016584542,0.000639468,83.6,1.6722,0.01722401,0.285675,0.323196,0.391128
4442,OK,,200.0,71.12622586,4.1253211,136.111111,123.6,2414.601934,53.2369199,0.033686611,3.01191312,0.019077832,0.000441923,83.6,1.6722,0.019519755,0.285675,0.323196,0.391128
4443,OK,,200.0,71.12622586,4.1253211,137.222222,123.6,2434.312968,53.671507,0.022197131,3.51826112,0.022193409,0.000289621,83.6,1.6722,0.022483031,0.285675,0.323196,0.391128
4444,OK,,200.0,71.12622586,4.1253211,138.333333,123.6,2454.024002,54.1060941,0.01737643,3.87133617,0.024330019,0.00022551,83.6,1.6722,0.024555528,0.285675,0.323196,0.391128
4445,OK,,200.0,71.12622586,4.1253211,139.444444,123.6,2473.735036,54.5406812,0.013055528,4.30382411,0.026941616,0.000168517,83.6,1.6722,0.027110133,0.285675,0.323196,0.391128
4446,OK,,200.0,71.12622586,4.1253211,140.555556,123.6,2493.446088,54.9752683,0.009796124,4.76434567,0.029703725,0.000125753,83.6,1.6722,0.029829478,0.285675,0.323196,0.391128
4447,OK,,200.0,71.12622586,4.1253211,141.666667,123.6,2513.157123,55.4098554,0.007797594,5.16946888,0.03210392,9.96e-05,83.6,1.6722,0.032203476,0.285675,0.323196,0.391128
4448,OK,,200.0,71.12622586,4.1253211,142.777778,123.6,2532.868157,55.8444425,0.006142872,5.61204575,0.03471217,7.8e-05,83.6,1.6722,0.034790171,0.285675,0.323196,0.391128
4449,OK,,200.0,71.12622586,4.1253211,143.888889,123.6,2552.579191,56.2790296,0.004900489,6.05689843,0.037312062,6.19e-05,83.6,1.6722,0.037373949,0.285675,0.323196,0.391128
4450,OK,,200.0,71.12622586,4.1253211,145.0,123.6,2572.290225,56.7136167,0.003960241,6.50135609,0.039887426,4.97e-05,83.6,1.6722,0.039937166,0.285675,0.323196,0.391128
4451,OK,,200.0,76.23536862,4.42165138,135.0,123.6,2394.890899,52.8023328,0.053498483,2.52905613,0.016056529,0.000704895,83.6,1.6722,0.016761424,0.285675,0.323196,0.391128
4452,OK,,200.0,76.23536862,4.42165138,136.111111,123.6,2414.601934,53.2369199,0.036530969,2.9265923,0.018510457,0.000478833,83.6,1.6722,0.018989289,0.285675,0.323196,0.391128
4453,OK,,200.0,76.23536862,4.42165138,137.222222,123.6,2434.312968,53.671507,0.026070899,3.35029497,0.021108373,0.000339906,83.6,1.6722,0.021448279,0.285675,0.323196,0.391128
4454,OK,,200.0,76.23536862,4.42165138,138.333333,123.6,2454.024002,54.1060941,0.019268104,3.75332861,0.023557113,0.000249868,83.6,1.6722,0.023806981,0.285675,0.323196,0.391128
4455,OK,,200.0,76.23536862,4.42165138,139.444444,123.6,2473.735036,54.5406812,0.014163682,4.20285871,0.026273444,0.000182676,83.6,1.6722,0.02645612,0.285675,0.323196,0.391128
4456,OK,,200.0,76.23536862,4.42165138,140.555556,123.6,2493.446088,54.9752683,0.010855997,4.62887507,0.028822839,0.000139256,83.6,1.6722,0.028962095,0.285675,0.323196,0.391128
4457,OK,,200.0,76.23536862,4.42165138,141.666667,123.6,2513.157123,55.4098554,0.008365771,5.07352606,0.031465075,0.000106728,83.6,1.6722,0.031571802,0.285675,0.323196,0.391128
4458,OK,,200.0,76.23536862,4.42165138,142.777778,123.6,2532.868157,55.8444425,0.006404101,5.54283791,0.03423486,8.13e-05,83.6,1.6722,0.034316114,0.285675,0.323196,0.391128
4459,OK,,200.0,76.23536862,4.42165138,143.888889,123.6,2552.579191,56.2790296,0.005257811,5.95137494,0.036613935,6.63e-05,83.6,1.6722,0.036680285,0.285675,0.323196,0.391128
4460,OK,,200.0,76.23536862,4.42165138,145.0,123.6,2572.290225,56.7136167,0.004275352,6.38188645,0.039104817,5.37e-05,83.6,1.6722,0.039158475,0.285675,0.323196,0.391128
4461,OK,,200.0,81.34451121,4.71798165,135.0,123.6,2394.890899,52.8023328,0.061364482,2.39576234,0.015190142,0.00080782,83.6,1.6722,0.015997961,0.285675,0.323196,0.391128
4462,OK,,200.0,81.34451121,4.71798165,136.111111,123.6,2414.601934,53.2369199,0.042244574,2.80762454,0.017733809,0.000553244,83.6,1.6722,0.018287053,0.285675,0.323196,0.391128
4463,OK,,200.0,81.34451121,4.71798165,137.222222,123.6,2434.312968,53.671507,0.029115719,3.2254316,0.020294657,0.000379298,83.6,1.6722,0.020673955,0.285675,0.323196,0.391128
4464,OK,,200.0,81.34451121,4.71798165,138.333333,123.6,2454.024002,54.1060941,0.020811513,3.66527702,0.022971743,0.000269662,83.6,1.6722,0.023241405,0.285675,0.323196,0.391128
4465,OK,,200.0,81.34451121,4.71798165,139.444444,123.6,2473.735036,54.5406812,0.015676278,4.07838893,0.025462102,0.000202031,83.6,1.6722,0.025664132,0.285675,0.323196,0.391128
4466,OK,,200.0,81.34451121,4.71798165,140.555556,123.6,2493.446088,54.9752683,0.011930651,4.50603012,0.028021558,0.000152927,83.6,1.6722,0.028174485,0.285675,0.323196,0.391128
4467,OK,,200.0,81.34451121,4.71798165,141.666667,123.6,2513.157123,55.4098554,0.009194171,4.94435561,0.030625237,0.000117211,83.6,1.6722,0.030742448,0.285675,0.323196,0.391128
4468,OK,,200.0,81.34451121,4.71798165,142.777778,123.6,2532.868157,55.8444425,0.007178594,5.38873318,0.033243995,9.1e-05,83.6,1.6722,0.033335013,0.285675,0.323196,0.391128
4469,OK,,200.0,81.34451121,4.71798165,143.888889,123.6,2552.579191,56.2790296,0.005745688,5.81796663,0.035748215,7.24e-05,83.6,1.6722,0.035820665,0.285675,0.323196,0.391128
4470,OK,,200.0,81.34451121,4.71798165,145.0,123.6,2572.290225,56.7136167,0.004684502,6.26066799,0.038314536,5.88e-05,83.6,1.6722,0.038373289,0.285675,0.323196,0.391128
4471,OK,,200.0,86.45365397,5.01431193,135.0,123.6,2394.890899,52.8023328,0.06851621,2.29833311,0.014551295,0.000901119,83.6,1.6722,0.015452414,0.285675,0.323196,0.391128
4472,OK,,200.0,86.45365397,5.01431193,136.111111,123.6,2414.601934,53.2369199,0.047459898,2.69887272,0.017023172,0.000621002,83.6,1.6722,0.017644174,0.285675,0.323196,0.391128
4473,OK,,200.0,86.45365397,5.01431193,137.222222,123.6,2434.312968,53.671507,0.033235703,3.08857114,0.019408285,0.000432619,83.6,1.6722,0.019840904,0.285675,0.323196,0.391128
4474,OK,,200.0,86.45365397,5.01431193,138.333333,123.6,2454.024002,54.1060941,0.023589277,3.52316354,0.022053054,0.000305418,83.6,1.6722,0.022358472,0.285675,0.323196,0.391128
4475,OK,,200.0,86.45365397,5.01431193,139.444444,123.6,2473.735036,54.5406812,0.017300341,3.95884024,0.024683112,0.000222788,83.6,1.6722,0.0249059,0.285675,0.323196,0.391128
4476,OK,,200.0,86.45365397,5.01431193,140.555556,123.6,2493.446088,54.9752683,0.01304359,4.39269356,0.027280536,0.000167064,83.6,1.6722,0.027447601,0.285675,0.323196,0.391128
4477,OK,,200.0,86.45365397,5.01431193,141.666667,123.6,2513.157123,55.4098554,0.010123632,4.81435206,0.029782323,0.000128966,83.6,1.6722,0.029911289,0.285675,0.323196,0.391128
4478,OK,,200.0,86.45365397,5.01431193,142.777778,123.6,2532.868157,55.8444425,0.007703858,5.26245311,0.032423996,9.76e-05,83.6,1.6722,0.032521603,0.285675,0.323196,0.391128
4479,OK,,200.0,86.45365397,5.01431193,143.888889,123.6,2552.579191,56.2790296,0.006203713,5.70565621,0.03501393,7.82e-05,83.6,1.6722,0.035092105,0.285675,0.323196,0.391128
4480,OK,,200.0,86.45365397,5.01431193,145.0,123.6,2572.290225,56.7136167,0.005006205,6.13843008,0.037519523,6.27e-05,83.6,1.6722,0.037582266,0.285675,0.323196,0.391128
4481,OK,,200.0,91.56279655,5.3106422,135.0,123.6,2394.890899,52.8023328,0.078909472,2.19106685,0.013852556,0.001036801,83.6,1.6722,0.014889357,0.285675,0.323196,0.391128
4482,OK,,200.0,91.56279655,5.3106422,136.111111,123.6,2414.601934,53.2369199,0.052983302,2.58236554,0.016265993,0.000692674,83.6,1.6722,0.016958666,0.285675,0.323196,0.391128
4483,OK,,200.0,91.56279655,5.3106422,137.222222,123.6,2434.312968,53.671507,0.036708012,2.98509145,0.018729389,0.000477262,83.6,1.6722,0.019206651,0.285675,0.323196,0.391128
4484,OK,,200.0,91.56279655,5.3106422,138.333333,123.6,2454.024002,54.1060941,0.026302648,3.41121834,0.021323402,0.000340274,83.6,1.6722,0.021663676,0.285675,0.323196,0.391128
4485,OK,,200.0,91.56279655,5.3106422,139.444444,123.6,2473.735036,54.5406812,0.019404758,3.82341303,0.023808351,0.000249699,83.6,1.6722,0.02405805,0.285675,0.323196,0.391128
4486,OK,,200.0,91.56279655,5.3106422,140.555556,123.6,2493.446088,54.9752683,0.014418747,4.26613895,0.026460478,0.000184539,83.6,1.6722,0.026645018,0.285675,0.323196,0.391128
4487,OK,,200.0,91.56279655,5.3106422,141.666667,123.6,2513.157123,55.4098554,0.011048176,4.69818069,0.029025743,0.000140638,83.6,1.6722,0.029166381,0.285675,0.323196,0.391128
4488,OK,,200.0,91.56279655,5.3106422,142.777778,123.6,2532.868157,55.8444425,0.008581506,5.1374058,0.031613401,0.000108648,83.6,1.6722,0.031722049,0.285675,0.323196,0.391128
4489,OK,,200.0,91.56279655,5.3106422,143.888889,123.6,2552.579191,56.2790296,0.006787477,5.57384178,0.034162883,8.55e-05,83.6,1.6722,0.034248353,0.285675,0.323196,0.391128
4490,OK,,200.0,91.56279655,5.3106422,145.0,123.6,2572.290225,56.7136167,0.005027749,6.13492155,0.037398642,6.28e-05,83.6,1.6722,0.037461462,0.285675,0.323196,0.391128
4491,OK,,200.0,96.67193931,5.60697248,135.0,123.6,2394.890899,52.8023328,0.089562885,2.0903549,0.013196853,0.001175609,83.6,1.6722,0.014372462,0.285675,0.323196,0.391128
4492,OK,,200.0,96.67193931,5.60697248,136.111111,123.6,2414.601934,53.2369199,0.060091999,2.46809069,0.015524701,0.000784897,83.6,1.6722,0.016309598,0.285675,0.323196,0.391128
4493,OK,,200.0,96.67193931,5.60697248,137.222222,123.6,2434.312968,53.671507,0.041417601,2.8774735,0.018031573,0.000538203,83.6,1.6722,0.018569776,0.285675,0.323196,0.391128
4494,OK,,200.0,96.67193931,5.60697248,138.333333,123.6,2454.024002,54.1060941,0.029333593,3.28675433,0.020518185,0.00037918,83.6,1.6722,0.020897365,0.285675,0.323196,0.391128
4495,OK,,200.0,96.67193931,5.60697248,139.444444,123.6,2473.735036,54.5406812,0.021552038,3.70067883,0.023013801,0.00027711,83.6,1.6722,0.023290912,0.285675,0.323196,0.391128
4496,OK,,200.0,96.67193931,5.60697248,140.555556,123.6,2493.446088,54.9752683,0.016107128,4.1261487,0.025560166,0.000205995,83.6,1.6722,0.025766161,0.285675,0.323196,0.391128
4497,OK,,200.0,96.67193931,5.60697248,141.666667,123.6,2513.157123,55.4098554,0.012140839,4.57386407,0.0282214,0.000154432,83.6,1.6722,0.028375832,0.285675,0.323196,0.391128
4498,OK,,200.0,96.67193931,5.60697248,142.777778,123.6,2532.868157,55.8444425,0.009397282,5.01173985,0.030801065,0.000118889,83.6,1.6722,0.030919954,0.285675,0.323196,0.391128
4499,OK,,200.0,96.67193931,5.60697248,143.888889,123.6,2552.579191,56.2790296,0.007196977,5.49014686,0.03360356,9.06e-05,83.6,1.6722,0.033694117,0.285675,0.323196,0.391128
4500,OK,,200.0,96.67193931,5.60697248,145.0,123.6,2572.290225,56.7136167,0.005921333,5.88395769,0.035875289,7.41e-05,83.6,1.6722,0.035949398,0.285675,0.323196,0.391128
4501,OK,,200.0,101.7810819,5.90330275,135.0,123.6,2394.890899,52.8023328,0.102509813,1.98750829,0.012529624,0.001344177,83.6,1.6722,0.013873801,0.285675,0.323196,0.391128
4502,OK,,200.0,101.7810819,5.90330275,136.111111,123.6,2414.601934,53.2369199,0.068115302,2.35491853,0.014792342,0.000888881,83.6,1.6722,0.015681223,0.285675,0.323196,0.391128
4503,OK,,200.0,101.7810819,5.90330275,137.222222,123.6,2434.312968,53.671507,0.047464695,2.75318497,0.017229651,0.000616253,83.6,1.6722,0.017845904,0.285675,0.323196,0.391128
4504,OK,,200.0,101.7810819,5.90330275,138.333333,123.6,2454.024002,54.1060941,0.03326608,3.15639638,0.019677847,0.000429627,83.6,1.6722,0.020107474,0.285675,0.323196,0.391128
4505,OK,,200.0,101.7810819,5.90330275,139.444444,123.6,2473.735036,54.5406812,0.022805562,3.63381408,0.022556248,0.000292731,83.6,1.6722,0.022848979,0.285675,0.323196,0.391128
4506,OK,,200.0,101.7810819,5.90330275,140.555556,123.6,2493.446088,54.9752683,0.017686536,4.0137641,0.024830907,0.000226019,83.6,1.6722,0.025056926,0.285675,0.323196,0.391128
4507,OK,,200.0,101.7810819,5.90330275,141.666667,123.6,2513.157123,55.4098554,0.013474315,4.43929832,0.027356806,0.000171269,83.6,1.6722,0.027528074,0.285675,0.323196,0.391128
4508,OK,,200.0,101.7810819,5.90330275,142.777778,123.6,2532.868157,55.8444425,0.010341503,4.88471082,0.029982497,0.00013074,83.6,1.6722,0.030113238,0.285675,0.323196,0.391128
4509,OK,,200.0,101.7810819,5.90330275,143.888889,123.6,2552.579191,56.2790296,0.008178798,5.30070511,0.032409379,0.000102844,83.6,1.6722,0.032512223,0.285675,0.323196,0.391128
4510,OK,,200.0,101.7810819,5.90330275,145.0,123.6,2572.290225,56.7136167,0.00635615,5.76333506,0.035095683,7.95e-05,83.6,1.6722,0.035175177,0.285675,0.323196,0.391128
4511,OK,,200.0,106.8902247,6.19963303,135.0,123.6,2394.890899,52.8023328,0.117390627,1.8889266,0.011890943,0.001537668,83.6,1.6722,0.013428611,0.285675,0.323196,0.391128
4512,OK,,200.0,106.8902247,6.19963303,136.111111,123.6,2414.601934,53.2369199,0.078815008,2.24203604,0.014063719,0.001027518,83.6,1.6722,0.015091237,0.285675,0.323196,0.391128
4513,OK,,200.0,106.8902247,6.19963303,137.222222,123.6,2434.312968,53.671507,0.053294501,2.63456698,0.016464995,0.000691347,83.6,1.6722,0.017156342,0.285675,0.323196,0.391128
4514,OK,,200.0,106.8902247,6.19963303,138.333333,123.6,2454.024002,54.1060941,0.037001562,3.04216002,0.018940814,0.000477521,83.6,1.6722,0.019418335,0.285675,0.323196,0.391128
4515,OK,,200.0,106.8902247,6.19963303,139.444444,123.6,2473.735036,54.5406812,0.026723544,3.46597772,0.021496938,0.000343064,83.6,1.6722,0.021840002,0.285675,0.323196,0.391128
4516,OK,,200.0,106.8902247,6.19963303,140.555556,123.6,2493.446088,54.9752683,0.019655954,3.8876637,0.024019714,0.000250995,83.6,1.6722,0.02427071,0.285675,0.323196,0.391128
4517,OK,,200.0,106.8902247,6.19963303,141.666667,123.6,2513.157123,55.4098554,0.014937721,4.30755509,0.026511421,0.00018973,83.6,1.6722,0.026701151,0.285675,0.323196,0.391128
4518,OK,,200.0,106.8902247,6.19963303,142.777778,123.6,2532.868157,55.8444425,0.011273328,4.76479547,0.029208877,0.000142415,83.6,1.6722,0.029351293,0.285675,0.323196,0.391128
4519,OK,,200.0,106.8902247,6.19963303,143.888889,123.6,2552.579191,56.2790296,0.008945,5.1787749,0.031623769,0.000112398,83.6,1.6722,0.031736167,0.285675,0.323196,0.391128
4520,OK,,200.0,106.8902247,6.19963303,145.0,123.6,2572.290225,56.7136167,0.006999941,5.63534445,0.034273878,8.75e-05,83.6,1.6722,0.034361361,0.285675,0.323196,0.391128
4521,OK,,200.0,111.9993672,6.4959633,135.0,123.6,2394.890899,52.8023328,0.135227637,1.79053679,0.011255226,0.001769332,83.6,1.6722,0.013024558,0.285675,0.323196,0.391128
4522,OK,,200.0,111.9993672,6.4959633,136.111111,123.6,2414.601934,53.2369199,0.089443343,2.13933778,0.013400499,0.001164942,83.6,1.6722,0.014565441,0.285675,0.323196,0.391128
4523,OK,,200.0,111.9993672,6.4959633,137.222222,123.6,2434.312968,53.671507,0.060050392,2.52233194,0.0157419,0.000778294,83.6,1.6722,0.016520194,0.285675,0.323196,0.391128
4524,OK,,200.0,111.9993672,6.4959633,138.333333,123.6,2454.024002,54.1060941,0.041486236,2.92998981,0.018217617,0.000534947,83.6,1.6722,0.018752564,0.285675,0.323196,0.391128
4525,OK,,200.0,111.9993672,6.4959633,139.444444,123.6,2473.735036,54.5406812,0.029974584,3.33348623,0.020648527,0.000384497,83.6,1.6722,0.021033024,0.285675,0.323196,0.391128
4526,OK,,200.0,111.9993672,6.4959633,140.555556,123.6,2493.446088,54.9752683,0.02051921,3.83674486,0.02365724,0.000261486,83.6,1.6722,0.023918726,0.285675,0.323196,0.391128
4527,OK,,200.0,111.9993672,6.4959633,141.666667,123.6,2513.157123,55.4098554,0.01645765,4.18322381,0.025713083,0.000208878,83.6,1.6722,0.025921961,0.285675,0.323196,0.391128
4528,OK,,200.0,111.9993672,6.4959633,142.777778,123.6,2532.868157,55.8444425,0.012564537,4.61979427,0.028285651,0.000158614,83.6,1.6722,0.028444265,0.285675,0.323196,0.391128
4529,OK,,200.0,111.9993672,6.4959633,143.888889,123.6,2552.579191,56.2790296,0.009714633,5.06287226,0.030876318,0.00012198,83.6,1.6722,0.030998298,0.285675,0.323196,0.391128
4530,OK,,200.0,111.9993672,6.4959633,145.0,123.6,2572.290225,56.7136167,0.007548374,5.52357097,0.033541368,9.42e-05,83.6,1.6722,0.033635581,0.285675,0.323196,0.391128
4531,OK,,200.0,117.10851,6.79229358,135.0,123.6,2394.890899,52.8023328,0.154847192,1.70068271,0.01067463,0.002023689,83.6,1.6722,0.012698319,0.285675,0.323196,0.391128
4532,OK,,200.0,117.10851,6.79229358,136.111111,123.6,2414.601934,53.2369199,0.101467104,2.04128405,0.012767993,0.001320213,83.6,1.6722,0.014088206,0.285675,0.323196,0.391128
4533,OK,,200.0,117.10851,6.79229358,137.222222,123.6,2434.312968,53.671507,0.066123435,2.43110567,0.015150831,0.00085623,83.6,1.6722,0.016007061,0.285675,0.323196,0.391128
4534,OK,,200.0,117.10851,6.79229358,138.333333,123.6,2454.024002,54.1060941,0.047484746,2.81408026,0.017473273,0.000611767,83.6,1.6722,0.01808504,0.285675,0.323196,0.391128
4535,OK,,200.0,117.10851,6.79229358,139.444444,123.6,2473.735036,54.5406812,0.034059775,3.19915557,0.019790945,0.00043655,83.6,1.6722,0.020227495,0.285675,0.323196,0.391128
4536,OK,,200.0,117.10851,6.79229358,140.555556,123.6,2493.446088,54.9752683,0.024239826,3.64187362,0.022442467,0.000309049,83.6,1.6722,0.022751516,0.285675,0.323196,0.391128
4537,OK,,200.0,117.10851,6.79229358,141.666667,123.6,2513.157123,55.4098554,0.018039305,4.07224003,0.024997699,0.000228775,83.6,1.6722,0.025226474,0.285675,0.323196,0.391128
4538,OK,,200.0,117.10851,6.79229358,142.777778,123.6,2532.868157,55.8444425,0.013786072,4.49903033,0.027510823,0.000173905,83.6,1.6722,0.027684729,0.285675,0.323196,0.391128
4539,OK,,200.0,117.10851,6.79229358,143.888889,123.6,2552.579191,56.2790296,0.010683698,4.93204869,0.030037467,0.000134013,83.6,1.6722,0.03017148,0.285675,0.323196,0.391128
4540,OK,,200.0,117.10851,6.79229358,145.0,123.6,2572.290225,56.7136167,0.008187249,5.38327006,0.032659296,0.000102177,83.6,1.6722,0.032761473,0.285675,0.323196,0.391128
4541,OK,,200.0,122.2176526,7.08862385,135.0,123.6,2394.890899,52.8023328,0.174802827,1.62283714,0.010170656,0.002281794,83.6,1.6722,0.01245245,0.285675,0.323196,0.391128
4542,OK,,200.0,122.2176526,7.08862385,136.111111,123.6,2414.601934,53.2369199,0.115559191,1.94442418,0.012144651,0.001501997,83.6,1.6722,0.013646648,0.285675,0.323196,0.391128
4543,OK,,200.0,122.2176526,7.08862385,137.222222,123.6,2434.312968,53.671507,0.075682257,2.31585716,0.014412806,0.00097909,83.6,1.6722,0.015391896,0.285675,0.323196,0.391128
4544,OK,,200.0,122.2176526,7.08862385,138.333333,123.6,2454.024002,54.1060941,0.053358118,2.69225479,0.016694482,0.000686848,83.6,1.6722,0.017381329,0.285675,0.323196,0.391128
4545,OK,,200.0,122.2176526,7.08862385,139.444444,123.6,2473.735036,54.5406812,0.037308553,3.10154911,0.019160456,0.000477792,83.6,1.6722,0.019638248,0.285675,0.323196,0.391128
4546,OK,,200.0,122.2176526,7.08862385,140.555556,123.6,2493.446088,54.9752683,0.026933651,3.52155782,0.021672536,0.000343125,83.6,1.6722,0.022015661,0.285675,0.323196,0.391128
4547,OK,,200.0,122.2176526,7.08862385,141.666667,123.6,2513.157123,55.4098554,0.020024731,3.94584507,0.024190724,0.000253762,83.6,1.6722,0.024444486,0.285675,0.323196,0.391128
4548,OK,,200.0,122.2176526,7.08862385,142.777778,123.6,2532.868157,55.8444425,0.01504492,4.38625328,0.026786075,0.000189642,83.6,1.6722,0.026975716,0.285675,0.323196,0.391128
4549,OK,,200.0,122.2176526,7.08862385,143.888889,123.6,2552.579191,56.2790296,0.011670767,4.81220233,0.029273649,0.000146329,83.6,1.6722,0.029419977,0.285675,0.323196,0.391128
4550,OK,,200.0,122.2176526,7.08862385,145.0,123.6,2572.290225,56.7136167,0.009122584,5.25220088,0.031824901,0.000113769,83.6,1.6722,0.03193867,0.285675,0.323196,0.391128
4551,OK,,200.0,127.3267953,7.38495413,135.0,123.6,2394.890899,52.8023328,0.18439629,1.58924217,0.009937119,0.002400549,83.6,1.6722,0.012337668,0.285675,0.323196,0.391128
4552,OK,,200.0,127.3267953,7.38495413,136.111111,123.6,2414.601934,53.2369199,0.132557711,1.84653886,0.011516656,0.001721048,83.6,1.6722,0.013237704,0.285675,0.323196,0.391128
4553,OK,,200.0,127.3267953,7.38495413,137.222222,123.6,2434.312968,53.671507,0.087533802,2.19666724,0.013652366,0.00113131,83.6,1.6722,0.014783676,0.285675,0.323196,0.391128
4554,OK,,200.0,127.3267953,7.38495413,138.333333,123.6,2454.024002,54.1060941,0.059855761,2.58258213,0.015992432,0.000769808,83.6,1.6722,0.01676224,0.285675,0.323196,0.391128
4555,OK,,200.0,127.3267953,7.38495413,139.444444,123.6,2473.735036,54.5406812,0.04217801,2.97708726,0.018367332,0.000539705,83.6,1.6722,0.018907037,0.285675,0.323196,0.391128
4556,OK,,200.0,127.3267953,7.38495413,140.555556,123.6,2493.446088,54.9752683,0.029922161,3.40451656,0.020924486,0.000380893,83.6,1.6722,0.021305379,0.285675,0.323196,0.391128
4557,OK,,200.0,127.3267953,7.38495413,141.666667,123.6,2513.157123,55.4098554,0.022193459,3.82206368,0.023401578,0.000281029,83.6,1.6722,0.023682606,0.285675,0.323196,0.391128
4558,OK,,200.0,127.3267953,7.38495413,142.777778,123.6,2532.868157,55.8444425,0.016718165,4.24893348,0.025914623,0.000210564,83.6,1.6722,0.026125187,0.285675,0.323196,0.391128
4559,OK,,200.0,127.3267953,7.38495413,143.888889,123.6,2552.579191,56.2790296,0.012894189,4.67760759,0.028419705,0.000161551,83.6,1.6722,0.028581256,0.285675,0.323196,0.391128
4560,OK,,200.0,127.3267953,7.38495413,145.0,123.6,2572.290225,56.7136167,0.009996084,5.12304172,0.031003817,0.000124573,83.6,1.6722,0.031128391,0.285675,0.323196,0.391128
4561,OK,,200.0,132.4359379,7.6812844,135.0,123.6,2394.890899,52.8023328,0.224263007,1.46982676,0.009183756,0.002920028,83.6,1.6722,0.012103783,0.285675,0.323196,0.391128
4562,OK,,200.0,132.4359379,7.6812844,136.111111,123.6,2414.601934,53.2369199,0.150534922,1.75952209,0.010957815,0.001952257,83.6,1.6722,0.012910072,0.285675,0.323196,0.391128
4563,OK,,200.0,132.4359379,7.6812844,137.222222,123.6,2434.312968,53.671507,0.098852648,2.10124865,0.013040697,0.001276334,83.6,1.6722,0.014317031,0.285675,0.323196,0.391128
4564,OK,,200.0,132.4359379,7.6812844,138.333333,123.6,2454.024002,54.1060941,0.067392877,2.46886621,0.015267434,0.000865968,83.6,1.6722,0.016133402,0.285675,0.323196,0.391128
4565,OK,,200.0,132.4359379,7.6812844,139.444444,123.6,2473.735036,54.5406812,0.04779714,2.86984873,0.017681538,0.00061108,83.6,1.6722,0.018292618,0.285675,0.323196,0.391128
4566,OK,,200.0,132.4359379,7.6812844,140.555556,123.6,2493.446088,54.9752683,0.034007523,3.27014509,0.020072963,0.000432554,83.6,1.6722,0.020505517,0.285675,0.323196,0.391128
4567,OK,,200.0,132.4359379,7.6812844,141.666667,123.6,2513.157123,55.4098554,0.024675104,3.6990823,0.022619262,0.000312212,83.6,1.6722,0.022931474,0.285675,0.323196,0.391128
4568,OK,,200.0,132.4359379,7.6812844,142.777778,123.6,2532.868157,55.8444425,0.018511753,4.12132305,0.025105055,0.000232996,83.6,1.6722,0.025338051,0.285675,0.323196,0.391128
4569,OK,,200.0,132.4359379,7.6812844,143.888889,123.6,2552.579191,56.2790296,0.014015074,4.5681372,0.027718262,0.000175463,83.6,1.6722,0.027893725,0.285675,0.323196,0.391128
4570,OK,,200.0,132.4359379,7.6812844,145.0,123.6,2572.290225,56.7136167,0.010933037,4.99784239,0.03020827,0.000136152,83.6,1.6722,0.030344422,0.285675,0.323196,0.391128
4571,OK,,200.0,137.5450807,7.97761468,135.0,123.6,2394.890899,52.8023328,0.25528823,1.39405937,0.008697005,0.003319394,83.6,1.6722,0.012016399,0.285675,0.323196,0.391128
4572,OK,,200.0,137.5450807,7.97761468,136.111111,123.6,2414.601934,53.2369199,0.172637182,1.66959385,0.010382499,0.002236225,83.6,1.6722,0.012618724,0.285675,0.323196,0.391128
4573,OK,,200.0,137.5450807,7.97761468,137.222222,123.6,2434.312968,53.671507,0.114118724,1.99899508,0.012388542,0.001471893,83.6,1.6722,0.013860435,0.285675,0.323196,0.391128
4574,OK,,200.0,137.5450807,7.97761468,138.333333,123.6,2454.024002,54.1060941,0.076244923,2.36200738,0.014586418,0.000978805,83.6,1.6722,0.015565223,0.285675,0.323196,0.391128
4575,OK,,200.0,137.5450807,7.97761468,139.444444,123.6,2473.735036,54.5406812,0.053794266,2.74420263,0.016885146,0.000687171,83.6,1.6722,0.017572317,0.285675,0.323196,0.391128
4576,OK,,200.0,137.5450807,7.97761468,140.555556,123.6,2493.446088,54.9752683,0.037614425,3.16050558,0.019373846,0.000478041,83.6,1.6722,0.019851887,0.285675,0.323196,0.391128
4577,OK,,200.0,137.5450807,7.97761468,141.666667,123.6,2513.157123,55.4098554,0.027263679,3.58004284,0.021862729,0.000344696,83.6,1.6722,0.022207425,0.285675,0.323196,0.391128
4578,OK,,200.0,137.5450807,7.97761468,142.777778,123.6,2532.868157,55.8444425,0.020320524,4.00963222,0.024392545,0.000255565,83.6,1.6722,0.02464811,0.285675,0.323196,0.391128
4579,OK,,200.0,137.5450807,7.97761468,143.888889,123.6,2552.579191,56.2790296,0.015466197,4.43895755,0.026900663,0.000193488,83.6,1.6722,0.027094152,0.285675,0.323196,0.391128
4580,OK,,200.0,137.5450807,7.97761468,145.0,123.6,2572.290225,56.7136167,0.012253734,4.84025546,0.029221865,0.000152494,83.6,1.6722,0.02937436,0.285675,0.323196,0.391128
4581,OK,,200.0,142.6542233,8.27394495,135.0,123.6,2394.890899,52.8023328,0.285182411,1.33122373,0.008292053,0.003703036,83.6,1.6722,0.011995089,0.285675,0.323196,0.391128
4582,OK,,200.0,142.6542233,8.27394495,136.111111,123.6,2414.601934,53.2369199,0.194201248,1.5947222,0.009901931,0.002512511,83.6,1.6722,0.012414443,0.285675,0.323196,0.391128
4583,OK,,200.0,142.6542233,8.27394495,137.222222,123.6,2434.312968,53.671507,0.13056914,1.9006041,0.011761932,0.001682244,83.6,1.6722,0.013444176,0.285675,0.323196,0.391128
4584,OK,,200.0,142.6542233,8.27394495,138.333333,123.6,2454.024002,54.1060941,0.087467393,2.24748974,0.013860225,0.001121791,83.6,1.6722,0.014982016,0.285675,0.323196,0.391128
4585,OK,,200.0,142.6542233,8.27394495,139.444444,123.6,2473.735036,54.5406812,0.059972255,2.63910076,0.016216099,0.000765413,83.6,1.6722,0.016981511,0.285675,0.323196,0.391128
4586,OK,,200.0,142.6542233,8.27394495,140.555556,123.6,2493.446088,54.9752683,0.042356772,3.03801927,0.018598501,0.000537865,83.6,1.6722,0.019136366,0.285675,0.323196,0.391128
4587,OK,,200.0,142.6542233,8.27394495,141.666667,123.6,2513.157123,55.4098554,0.030393202,3.45941904,0.021096952,0.000383899,83.6,1.6722,0.021480851,0.285675,0.323196,0.391128
4588,OK,,200.0,142.6542233,8.27394495,142.777778,123.6,2532.868157,55.8444425,0.022691961,3.87330434,0.023533731,0.000285174,83.6,1.6722,0.023818905,0.285675,0.323196,0.391128
4589,OK,,200.0,142.6542233,8.27394495,143.888889,123.6,2552.579191,56.2790296,0.017024691,4.31231499,0.026100133,0.000212827,83.6,1.6722,0.02631296,0.285675,0.323196,0.391128
4590,OK,,200.0,142.6542233,8.27394495,145.0,123.6,2572.290225,56.7136167,0.013125092,4.74728157,0.028621865,0.000163212,83.6,1.6722,0.028785077,0.285675,0.323196,0.391128
4591,OK,,200.0,147.763366,8.57027523,135.0,123.6,2394.890899,52.8023328,0.317049344,1.27255618,0.007914133,0.004111037,83.6,1.6722,0.01202517,0.285675,0.323196,0.391128
4592,OK,,200.0,147.763366,8.57027523,136.111111,123.6,2414.601934,53.2369199,0.221036177,1.5142746,0.009388338,0.002856032,83.6,1.6722,0.012244371,0.285675,0.323196,0.391128
4593,OK,,200.0,147.763366,8.57027523,137.222222,123.6,2434.312968,53.671507,0.149405799,1.80613092,0.011161204,0.001922786,83.6,1.6722,0.01308399,0.285675,0.323196,0.391128
4594,OK,,200.0,147.763366,8.57027523,138.333333,123.6,2454.024002,54.1060941,0.098890912,2.14921461,0.013235509,0.001267064,83.6,1.6722,0.014502573,0.285675,0.323196,0.391128
4595,OK,,200.0,147.763366,8.57027523,139.444444,123.6,2473.735036,54.5406812,0.067705588,2.52021787,0.015464922,0.000863352,83.6,1.6722,0.016328274,0.285675,0.323196,0.391128
4596,OK,,200.0,147.763366,8.57027523,140.555556,123.6,2493.446088,54.9752683,0.048206733,2.92451144,0.017879681,0.000611633,83.6,1.6722,0.018491314,0.285675,0.323196,0.391128
4597,OK,,200.0,147.763366,8.57027523,141.666667,123.6,2513.157123,55.4098554,0.03396582,3.34151878,0.020352713,0.000428749,83.6,1.6722,0.020781462,0.285675,0.323196,0.391128
4598,OK,,200.0,147.763366,8.57027523,142.777778,123.6,2532.868157,55.8444425,0.025079003,3.75750029,0.022800349,0.00031493,83.6,1.6722,0.02311528,0.285675,0.323196,0.391128
4599,OK,,200.0,147.763366,8.57027523,143.888889,123.6,2552.579191,56.2790296,0.018889851,4.18041499,0.025270282,0.00023597,83.6,1.6722,0.025506252,0.285675,0.323196,0.391128
4600,OK,,200.0,147.763366,8.57027523,145.0,123.6,2572.290225,56.7136167,0.014502303,4.61405829,0.027784428,0.000180209,83.6,1.6722,0.027964637,0.285675,0.323196,0.391128
4601,OK,,200.0,152.8725086,8.8666055,135.0,123.6,2394.890899,52.8023328,0.353058779,1.21430739,0.007539922,0.004571159,83.6,1.6722,0.012111082,0.285675,0.323196,0.391128
4602,OK,,200.0,152.8725086,8.8666055,136.111111,123.6,2414.601934,53.2369199,0.247521589,1.44659129,0.008954952,0.003194099,83.6,1.6722,0.012149051,0.285675,0.323196,0.391128
4603,OK,,200.0,152.8725086,8.8666055,137.222222,123.6,2434.312968,53.671507,0.172372468,1.71002401,0.010551101,0.0022152,83.6,1.6722,0.012766302,0.285675,0.323196,0.391128
4604,OK,,200.0,152.8725086,8.8666055,138.333333,123.6,2454.024002,54.1060941,0.113565233,2.04189952,0.012556612,0.001453422,83.6,1.6722,0.014010034,0.285675,0.323196,0.391128
4605,OK,,200.0,152.8725086,8.8666055,139.444444,123.6,2473.735036,54.5406812,0.075018819,2.42976444,0.014888749,0.00095573,83.6,1.6722,0.015844478,0.285675,0.323196,0.391128
4606,OK,,200.0,152.8725086,8.8666055,140.555556,123.6,2493.446088,54.9752683,0.053961554,2.81032106,0.017158531,0.000684064,83.6,1.6722,0.017842595,0.285675,0.323196,0.391128
4607,OK,,200.0,152.8725086,8.8666055,141.666667,123.6,2513.157123,55.4098554,0.03807298,3.21582611,0.019561774,0.000480207,83.6,1.6722,0.020041981,0.285675,0.323196,0.391128
4608,OK,,200.0,152.8725086,8.8666055,142.777778,123.6,2532.868157,55.8444425,0.026785854,3.68180077,0.022309289,0.000336089,83.6,1.6722,0.022645378,0.285675,0.323196,0.391128
4609,OK,,200.0,152.8725086,8.8666055,143.888889,123.6,2552.579191,56.2790296,0.020925955,4.05572359,0.024485346,0.000261208,83.6,1.6722,0.024746553,0.285675,0.323196,0.391128
4610,OK,,200.0,152.8725086,8.8666055,145.0,123.6,2572.290225,56.7136167,0.015846935,4.49661575,0.027042563,0.000196771,83.6,1.6722,0.027239333,0.285675,0.323196,0.391128
4611,OK,,200.0,157.9816514,9.16293578,135.0,123.6,2394.890899,52.8023328,0.388481328,1.16374841,0.007214443,0.005022377,83.6,1.6722,0.01223682,0.285675,0.323196,0.391128
4612,OK,,200.0,157.9816514,9.16293578,136.111111,123.6,2414.601934,53.2369199,0.277903457,1.37907855,0.008523906,0.003581287,83.6,1.6722,0.012105193,0.285675,0.323196,0.391128
4613,OK,,200.0,157.9816514,9.16293578,137.222222,123.6,2434.312968,53.671507,0.191063453,1.64339377,0.010125554,0.002453141,83.6,1.6722,0.012578695,0.285675,0.323196,0.391128
4614,OK,,200.0,157.9816514,9.16293578,138.333333,123.6,2454.024002,54.1060941,0.130837025,1.93740233,0.011897812,0.001672858,83.6,1.6722,0.01357067,0.285675,0.323196,0.391128
4615,OK,,200.0,157.9816514,9.16293578,139.444444,123.6,2473.735036,54.5406812,0.085977745,2.31320132,0.014155378,0.001094315,83.6,1.6722,0.015249694,0.285675,0.323196,0.391128
4616,OK,,200.0,157.9816514,9.16293578,140.555556,123.6,2493.446088,54.9752683,0.06028086,2.69344347,0.01642305,0.000763521,83.6,1.6722,0.017186571,0.285675,0.323196,0.391128
4617,OK,,200.0,157.9816514,9.16293578,141.666667,123.6,2513.157123,55.4098554,0.042535682,3.09997777,0.018832187,0.000536057,83.6,1.6722,0.019368245,0.285675,0.323196,0.391128
4618,OK,,200.0,157.9816514,9.16293578,142.777778,123.6,2532.868157,55.8444425,0.030950438,3.51226242,0.021257342,0.000388058,83.6,1.6722,0.0216454,0.285675,0.323196,0.391128
4619,OK,,200.0,157.9816514,9.16293578,143.888889,123.6,2552.579191,56.2790296,0.023093112,3.93257977,0.023711646,0.000288043,83.6,1.6722,0.023999689,0.285675,0.323196,0.391128
4620,OK,,200.0,157.9816514,9.16293578,145.0,123.6,2572.290225,56.7136167,0.017577272,4.35991746,0.026188375,0.000218099,83.6,1.6722,0.026406475,0.285675,0.323196,0.391128
4621,OK,,200.0,163.0907941,9.45926606,135.0,123.6,2394.890899,52.8023328,0.427403627,1.11427004,0.006896602,0.005517061,83.6,1.6722,0.012413663,0.285675,0.323196,0.391128
4622,OK,,200.0,163.0907941,9.45926606,136.111111,123.6,2414.601934,53.2369199,0.304775332,1.326724,0.008187421,0.0039224,83.6,1.6722,0.012109821,0.285675,0.323196,0.391128
4623,OK,,200.0,163.0907941,9.45926606,137.222222,123.6,2434.312968,53.671507,0.21587206,1.56618215,0.009635399,0.002768212,83.6,1.6722,0.012403611,0.285675,0.323196,0.391128
4624,OK,,200.0,163.0907941,9.45926606,138.333333,123.6,2454.024002,54.1060941,0.144301133,1.86792672,0.011454073,0.001843066,83.6,1.6722,0.013297139,0.285675,0.323196,0.391128
4625,OK,,200.0,163.0907941,9.45926606,139.444444,123.6,2473.735036,54.5406812,0.097314094,2.21151351,0.013514286,0.001237401,83.6,1.6722,0.014751687,0.285675,0.323196,0.391128
4626,OK,,200.0,163.0907941,9.45926606,140.555556,123.6,2493.446088,54.9752683,0.066252515,2.59650667,0.01580691,0.000838028,83.6,1.6722,0.016644938,0.285675,0.323196,0.391128
4627,OK,,200.0,163.0907941,9.45926606,141.666667,123.6,2513.157123,55.4098554,0.04870389,2.97820755,0.018068769,0.000613275,83.6,1.6722,0.018682044,0.285675,0.323196,0.391128
4628,OK,,200.0,163.0907941,9.45926606,142.777778,123.6,2532.868157,55.8444425,0.034853225,3.38412816,0.020455677,0.000436646,83.6,1.6722,0.020892323,0.285675,0.323196,0.391128
4629,OK,,200.0,163.0907941,9.45926606,143.888889,123.6,2552.579191,56.2790296,0.025451293,3.81846894,0.022993618,0.000317211,83.6,1.6722,0.023310829,0.285675,0.323196,0.391128
4630,OK,,200.0,163.0907941,9.45926606,145.0,123.6,2572.290225,56.7136167,0.019240151,4.24259953,0.02545103,0.000238553,83.6,1.6722,0.025689583,0.285675,0.323196,0.391128
4631,OK,,200.0,168.1999367,9.75559633,135.0,123.6,2394.890899,52.8023328,0.470059881,1.06595766,0.006586924,0.006057959,83.6,1.6722,0.012644883,0.285675,0.323196,0.391128
4632,OK,,200.0,168.1999367,9.75559633,136.111111,123.6,2414.601934,53.2369199,0.344585159,1.25825705,0.007752875,0.004427996,83.6,1.6722,0.012180871,0.285675,0.323196,0.391128
4633,OK,,200.0,168.1999367,9.75559633,137.222222,123.6,2434.312968,53.671507,0.244799938,1.48846664,0.009143497,0.003134984,83.6,1.6722,0.012278481,0.285675,0.323196,0.391128
4634,OK,,200.0,168.1999367,9.75559633,138.333333,123.6,2454.024002,54.1060941,0.165315428,1.77405994,0.010862885,0.00210904,83.6,1.6722,0.012971925,0.285675,0.323196,0.391128
4635,OK,,200.0,168.1999367,9.75559633,139.444444,123.6,2473.735036,54.5406812,0.111823742,2.10115217,0.012822276,0.001420462,83.6,1.6722,0.014242737,0.285675,0.323196,0.391128
4636,OK,,200.0,168.1999367,9.75559633,140.555556,123.6,2493.446088,54.9752683,0.077719737,2.45288276,0.014916763,0.000982664,83.6,1.6722,0.015899427,0.285675,0.323196,0.391128
4637,OK,,200.0,168.1999367,9.75559633,141.666667,123.6,2513.157123,55.4098554,0.054122343,2.87162691,0.017398663,0.000680928,83.6,1.6722,0.018079591,0.285675,0.323196,0.391128
4638,OK,,200.0,168.1999367,9.75559633,142.777778,123.6,2532.868157,55.8444425,0.038240053,3.28007132,0.01979722,0.000478524,83.6,1.6722,0.020275745,0.285675,0.323196,0.391128
4639,OK,,200.0,168.1999367,9.75559633,143.888889,123.6,2552.579191,56.2790296,0.028184388,3.69318589,0.022210933,0.000351007,83.6,1.6722,0.02256194,0.285675,0.323196,0.391128
4640,OK,,200.0,168.1999367,9.75559633,145.0,123.6,2572.290225,56.7136167,0.021297308,4.11718307,0.024667578,0.000263863,83.6,1.6722,0.024931441,0.285675,0.323196,0.391128
4641,OK,,200.0,173.3090793,10.0519266,135.0,123.6,2394.890899,52.8023328,0.513144234,1.02237338,0.006307316,0.006602529,83.6,1.6722,0.012909846,0.285675,0.323196,0.391128
4642,OK,,200.0,173.3090793,10.0519266,136.111111,123.6,2414.601934,53.2369199,0.380550996,1.20439251,0.007409256,0.004882965,83.6,1.6722,0.012292222,0.285675,0.323196,0.391128
4643,OK,,200.0,173.3090793,10.0519266,137.222222,123.6,2434.312968,53.671507,0.269079369,1.43219696,0.008784299,0.003441639,83.6,1.6722,0.012225938,0.285675,0.323196,0.391128
4644,OK,,200.0,173.3090793,10.0519266,138.333333,123.6,2454.024002,54.1060941,0.184862341,1.69964909,0.010391819,0.002355703,83.6,1.6722,0.012747522,0.285675,0.323196,0.391128
4645,OK,,200.0,173.3090793,10.0519266,139.444444,123.6,2473.735036,54.5406812,0.126638003,2.00686603,0.012229464,0.001606955,83.6,1.6722,0.013836419,0.285675,0.323196,0.391128
4646,OK,,200.0,173.3090793,10.0519266,140.555556,123.6,2493.446088,54.9752683,0.084639221,2.37928268,0.01444804,0.001069145,83.6,1.6722,0.015517185,0.285675,0.323196,0.391128
4647,OK,,200.0,173.3090793,10.0519266,141.666667,123.6,2513.157123,55.4098554,0.060494689,2.75034254,0.01664198,0.000760456,83.6,1.6722,0.017402435,0.285675,0.323196,0.391128
4648,OK,,200.0,173.3090793,10.0519266,142.777778,123.6,2532.868157,55.8444425,0.042977459,3.15628571,0.019028278,0.000537559,83.6,1.6722,0.019565837,0.285675,0.323196,0.391128
4649,OK,,200.0,173.3090793,10.0519266,143.888889,123.6,2552.579191,56.2790296,0.031371328,3.57108607,0.021449084,0.000390394,83.6,1.6722,0.021839478,0.285675,0.323196,0.391128
4650,OK,,200.0,173.3090793,10.0519266,145.0,123.6,2572.290225,56.7136167,0.023503962,3.99247771,0.023890224,0.000290984,83.6,1.6722,0.024181208,0.285675,0.323196,0.391128
4651,OK,,200.0,178.4182224,10.3482569,135.0,123.6,2394.890899,52.8023328,0.54784241,0.990660585,0.006101624,0.007038526,83.6,1.6722,0.01314015,0.285675,0.323196,0.391128
4652,OK,,200.0,178.4182224,10.3482569,136.111111,123.6,2414.601934,53.2369199,0.41875411,1.15357882,0.007085357,0.00536501,83.6,1.6722,0.012450367,0.285675,0.323196,0.391128
4653,OK,,200.0,178.4182224,10.3482569,137.222222,123.6,2434.312968,53.671507,0.305280912,1.35845372,0.008319329,0.003899015,83.6,1.6722,0.012218343,0.285675,0.323196,0.391128
4654,OK,,200.0,178.4182224,10.3482569,138.333333,123.6,2454.024002,54.1060941,0.21151838,1.61243887,0.009844201,0.002691984,83.6,1.6722,0.012536185,0.285675,0.323196,0.391128
4655,OK,,200.0,178.4182224,10.3482569,139.444444,123.6,2473.735036,54.5406812,0.145379322,1.9061019,0.011599209,0.001842761,83.6,1.6722,0.01344197,0.285675,0.323196,0.391128
4656,OK,,200.0,178.4182224,10.3482569,140.555556,123.6,2493.446088,54.9752683,0.097694093,2.25872544,0.013697666,0.001232852,83.6,1.6722,0.014930518,0.285675,0.323196,0.391128
4657,OK,,200.0,178.4182224,10.3482569,141.666667,123.6,2513.157123,55.4098554,0.067546886,2.63662703,0.015932623,0.000848367,83.6,1.6722,0.01678099,0.285675,0.323196,0.391128
4658,OK,,200.0,178.4182224,10.3482569,142.777778,123.6,2532.868157,55.8444425,0.048984153,3.0376725,0.018289243,0.000612176,83.6,1.6722,0.018901418,0.285675,0.323196,0.391128
4659,OK,,200.0,178.4182224,10.3482569,143.888889,123.6,2552.579191,56.2790296,0.035424468,3.43788562,0.020623127,0.000440488,83.6,1.6722,0.021063615,0.285675,0.323196,0.391128
4660,OK,,200.0,178.4182224,10.3482569,145.0,123.6,2572.290225,56.7136167,0.025943474,3.87478116,0.023156172,0.00032094,83.6,1.6722,0.023477111,0.285675,0.323196,0.391128
4661,OK,,200.0,183.5273655,10.6445872,135.0,123.6,2394.890899,52.8023328,0.596479636,0.949804382,0.005840381,0.007650299,83.6,1.6722,0.01349068,0.285675,0.323196,0.391128
4662,OK,,200.0,183.5273655,10.6445872,136.111111,123.6,2414.601934,53.2369199,0.45742033,1.10763643,0.006792277,0.005851472,83.6,1.6722,0.012643748,0.285675,0.323196,0.391128
4663,OK,,200.0,183.5273655,10.6445872,137.222222,123.6,2434.312968,53.671507,0.337714731,1.30111083,0.007955774,0.004307241,83.6,1.6722,0.012263016,0.285675,0.323196,0.391128
4664,OK,,200.0,183.5273655,10.6445872,138.333333,123.6,2454.024002,54.1060941,0.237510103,1.53979902,0.009386667,0.003018976,83.6,1.6722,0.012405643,0.285675,0.323196,0.391128
4665,OK,,200.0,183.5273655,10.6445872,139.444444,123.6,2473.735036,54.5406812,0.1640954,1.82096527,0.01106514,0.002077686,83.6,1.6722,0.013142826,0.285675,0.323196,0.391128
4666,OK,,200.0,183.5273655,10.6445872,140.555556,123.6,2493.446088,54.9752683,0.110485933,2.15901344,0.013074827,0.001392904,83.6,1.6722,0.014467731,0.285675,0.323196,0.391128
4667,OK,,200.0,183.5273655,10.6445872,141.666667,123.6,2513.157123,55.4098554,0.076172952,2.52638381,0.015245982,0.000955855,83.6,1.6722,0.016201836,0.285675,0.323196,0.391128
4668,OK,,200.0,183.5273655,10.6445872,142.777778,123.6,2532.868157,55.8444425,0.05522953,2.91476559,0.017526517,0.000689652,83.6,1.6722,0.018216169,0.285675,0.323196,0.391128
4669,OK,,200.0,183.5273655,10.6445872,143.888889,123.6,2552.579191,56.2790296,0.039413679,3.31706112,0.019872718,0.000489705,83.6,1.6722,0.020362423,0.285675,0.323196,0.391128
4670,OK,,200.0,183.5273655,10.6445872,145.0,123.6,2572.290225,56.7136167,0.028422102,3.76080922,0.022446008,0.000351333,83.6,1.6722,0.022797341,0.285675,0.323196,0.391128
4671,OK,,200.0,188.6365069,10.9409174,135.0,123.6,2394.890899,52.8023328,0.642605035,0.914798483,0.005615838,0.008228112,83.6,1.6722,0.013843949,0.285675,0.323196,0.391128
4672,OK,,200.0,188.6365069,10.9409174,136.111111,123.6,2414.601934,53.2369199,0.499854078,1.06233992,0.006504021,0.006384137,83.6,1.6722,0.012888157,0.285675,0.323196,0.391128
4673,OK,,200.0,188.6365069,10.9409174,137.222222,123.6,2434.312968,53.671507,0.373670049,1.24485008,0.007599873,0.004758874,83.6,1.6722,0.012358748,0.285675,0.323196,0.391128
4674,OK,,200.0,188.6365069,10.9409174,138.333333,123.6,2454.024002,54.1060941,0.266987303,1.46837638,0.008937814,0.003389177,83.6,1.6722,0.01232699,0.285675,0.323196,0.391128
4675,OK,,200.0,188.6365069,10.9409174,139.444444,123.6,2473.735036,54.5406812,0.184612529,1.74078303,0.010562486,0.002334776,83.6,1.6722,0.012897261,0.285675,0.323196,0.391128
4676,Errors,,200.0,188.6365069,10.9409174,140.555556,123.6,2493.446088,54.9752683,0.099815427,2.38697973,0.014322696,0.001256774,83.6,1.6722,0.015579469,0.285675,0.323196,0.391128
4677,OK,,200.0,188.6365069,10.9409174,141.666667,123.6,2513.157123,55.4098554,0.086160892,2.41727283,0.014567827,0.001080188,83.6,1.6722,0.015648014,0.285675,0.323196,0.391128
4678,OK,,200.0,188.6365069,10.9409174,142.777778,123.6,2532.868157,55.8444425,0.060763984,2.80686932,0.016855195,0.000758123,83.6,1.6722,0.017613318,0.285675,0.323196,0.391128
4679,OK,,200.0,188.6365069,10.9409174,143.888889,123.6,2552.579191,56.2790296,0.043596732,3.20894153,0.019199536,0.000541239,83.6,1.6722,0.019740775,0.285675,0.323196,0.391128
4680,OK,,200.0,188.6365069,10.9409174,145.0,123.6,2572.290225,56.7136167,0.031913701,3.62641882,0.021617095,0.000394194,83.6,1.6722,0.022011289,0.285675,0.323196,0.391128
4681,OK,,200.0,193.74565,11.2372477,135.0,123.6,2394.890899,52.8023328,0.683983771,0.886095632,0.005430609,0.008743945,83.6,1.6722,0.014174554,0.285675,0.323196,0.391128
4682,OK,,200.0,193.74565,11.2372477,136.111111,123.6,2414.601934,53.2369199,0.543076152,1.02084285,0.006239828,0.006925008,83.6,1.6722,0.013164835,0.285675,0.323196,0.391128
4683,OK,,200.0,193.74565,11.2372477,137.222222,123.6,2434.312968,53.671507,0.410771667,1.19334272,0.007273933,0.005223615,83.6,1.6722,0.012497548,0.285675,0.323196,0.391128
4684,OK,,200.0,193.74565,11.2372477,138.333333,123.6,2454.024002,54.1060941,0.297164037,1.40468771,0.008537108,0.003767173,83.6,1.6722,0.012304282,0.285675,0.323196,0.391128
4685,OK,,200.0,193.74565,11.2372477,139.444444,123.6,2473.735036,54.5406812,0.209631066,1.65682633,0.010038426,0.002647934,83.6,1.6722,0.01268636,0.285675,0.323196,0.391128
4686,OK,,200.0,193.74565,11.2372477,140.555556,123.6,2493.446088,54.9752683,0.143943635,1.95779091,0.011823086,0.001810831,83.6,1.6722,0.013633917,0.285675,0.323196,0.391128
4687,OK,,200.0,193.74565,11.2372477,141.666667,123.6,2513.157123,55.4098554,0.097096641,2.31527375,0.013934011,0.001216131,83.6,1.6722,0.015150143,0.285675,0.323196,0.391128
4688,OK,,200.0,193.74565,11.2372477,142.777778,123.6,2532.868157,55.8444425,0.069142663,2.67286617,0.016029983,0.000861892,83.6,1.6722,0.016891875,0.285675,0.323196,0.391128
4689,OK,,200.0,193.74565,11.2372477,143.888889,123.6,2552.579191,56.2790296,0.049061283,3.10003687,0.018523397,0.000608571,83.6,1.6722,0.019131968,0.285675,0.323196,0.391128
4690,OK,,200.0,193.74565,11.2372477,145.0,123.6,2572.290225,56.7136167,0.035771895,3.49966573,0.020835134,0.0004415,83.6,1.6722,0.021276633,0.285675,0.323196,0.391128
4691,OK,,200.0,198.8547931,11.533578,135.0,123.6,2394.890899,52.8023328,0.734942602,0.853425079,0.005221679,0.009378915,83.6,1.6722,0.014600594,0.285675,0.323196,0.391128
4692,OK,,200.0,198.8547931,11.533578,136.111111,123.6,2414.601934,53.2369199,0.587710602,0.98205913,0.005992994,0.007481945,83.6,1.6722,0.013474939,0.285675,0.323196,0.391128
4693,OK,,200.0,198.8547931,11.533578,137.222222,123.6,2434.312968,53.671507,0.449244509,1.14560189,0.006971861,0.005704253,83.6,1.6722,0.012676114,0.285675,0.323196,0.391128
4694,OK,,200.0,198.8547931,11.533578,138.333333,123.6,2454.024002,54.1060941,0.330426445,1.34298658,0.008149606,0.004183006,83.6,1.6722,0.012332612,0.285675,0.323196,0.391128
4695,OK,,200.0,198.8547931,11.533578,139.444444,123.6,2473.735036,54.5406812,0.234933112,1.5838236,0.009581891,0.002963863,83.6,1.6722,0.012545754,0.285675,0.323196,0.391128
4696,OK,,200.0,198.8547931,11.533578,140.555556,123.6,2493.446088,54.9752683,0.15933871,1.88582323,0.011372022,0.002002428,83.6,1.6722,0.013374449,0.285675,0.323196,0.391128
4697,OK,,200.0,198.8547931,11.533578,141.666667,123.6,2513.157123,55.4098554,0.109997362,2.21196347,0.013294061,0.001376367,83.6,1.6722,0.014670428,0.285675,0.323196,0.391128
4698,OK,,200.0,198.8547931,11.533578,142.777778,123.6,2532.868157,55.8444425,0.076071794,2.5841707,0.015476653,0.000947454,83.6,1.6722,0.016424107,0.285675,0.323196,0.391128
4699,OK,,200.0,198.8547931,11.533578,143.888889,123.6,2552.579191,56.2790296,0.05497309,2.98879178,0.01783518,0.000681334,83.6,1.6722,0.018516514,0.285675,0.323196,0.391128
4700,OK,,200.0,198.8547931,11.533578,145.0,123.6,2572.290225,56.7136167,0.03962487,3.38220964,0.020109998,0.000488676,83.6,1.6722,0.020598674,0.285675,0.323196,0.391128
4701,OK,,200.0,203.9639362,11.8299083,135.0,123.6,2394.890899,52.8023328,0.787526754,0.822592379,0.005024614,0.010032004,83.6,1.6722,0.015056618,0.285675,0.323196,0.391128
4702,OK,,200.0,203.9639362,11.8299083,136.111111,123.6,2414.601934,53.2369199,0.633484169,0.945863051,0.005762604,0.008051058,83.6,1.6722,0.013813662,0.285675,0.323196,0.391128
4703,OK,,200.0,203.9639362,11.8299083,137.222222,123.6,2434.312968,53.671507,0.489304659,1.10092381,0.006689266,0.006203344,83.6,1.6722,0.012892611,0.285675,0.323196,0.391128
4704,OK,,200.0,203.9639362,11.8299083,138.333333,123.6,2454.024002,54.1060941,0.36872314,1.28058537,0.007758973,0.004660897,83.6,1.6722,0.01241987,0.285675,0.323196,0.391128
4705,OK,,200.0,203.9639362,11.8299083,139.444444,123.6,2473.735036,54.5406812,0.258517851,1.52419899,0.009207203,0.003257402,83.6,1.6722,0.012464605,0.285675,0.323196,0.391128
4706,OK,,200.0,203.9639362,11.8299083,140.555556,123.6,2493.446088,54.9752683,0.178250007,1.80616316,0.010875883,0.002237585,83.6,1.6722,0.013113468,0.285675,0.323196,0.391128
4707,OK,,200.0,203.9639362,11.8299083,141.666667,123.6,2513.157123,55.4098554,0.124845458,2.11273924,0.012680168,0.001560566,83.6,1.6722,0.014240733,0.285675,0.323196,0.391128
4708,OK,,200.0,203.9639362,11.8299083,142.777778,123.6,2532.868157,55.8444425,0.086104347,2.4722782,0.014786798,0.001071425,83.6,1.6722,0.015858223,0.285675,0.323196,0.391128
4709,OK,,200.0,203.9639362,11.8299083,143.888889,123.6,2552.579191,56.2790296,0.061354852,2.85891035,0.017038468,0.000759801,83.6,1.6722,0.017798269,0.285675,0.323196,0.391128
4710,OK,,200.0,203.9639362,11.8299083,145.0,123.6,2572.290225,56.7136167,0.044185718,3.26322879,0.019377616,0.000544486,83.6,1.6722,0.019922102,0.285675,0.323196,0.391128
4711,OK,,200.0,209.0730776,12.1262385,135.0,123.6,2394.890899,52.8023328,0.836075094,0.796458779,0.004856828,0.010632104,83.6,1.6722,0.015488932,0.285675,0.323196,0.391128
4712,OK,,200.0,209.0730776,12.1262385,136.111111,123.6,2414.601934,53.2369199,0.677373801,0.914273263,0.005561035,0.00859512,83.6,1.6722,0.014156156,0.285675,0.323196,0.391128
4713,OK,,200.0,209.0730776,12.1262385,137.222222,123.6,2434.312968,53.671507,0.531125665,1.05884433,0.006423253,0.006722942,83.6,1.6722,0.013146195,0.285675,0.323196,0.391128
4714,OK,,200.0,209.0730776,12.1262385,138.333333,123.6,2454.024002,54.1060941,0.401339582,1.23357992,0.007462438,0.005066068,83.6,1.6722,0.012528506,0.285675,0.323196,0.391128
4715,OK,,200.0,209.0730776,12.1262385,139.444444,123.6,2473.735036,54.5406812,0.291863098,1.45002198,0.008746047,0.003672492,83.6,1.6722,0.012418538,0.285675,0.323196,0.391128
4716,OK,,200.0,209.0730776,12.1262385,140.555556,123.6,2493.446088,54.9752683,0.204694687,1.7122919,0.010295964,0.002566384,83.6,1.6722,0.012862348,0.285675,0.323196,0.391128
4717,OK,,200.0,209.0730776,12.1262385,141.666667,123.6,2513.157123,55.4098554,0.140624982,2.0218864,0.012117832,0.00175597,83.6,1.6722,0.013873801,0.285675,0.323196,0.391128
4718,OK,,200.0,209.0730776,12.1262385,142.777778,123.6,2532.868157,55.8444425,0.096343773,2.37443024,0.014182102,0.001197713,83.6,1.6722,0.015379815,0.285675,0.323196,0.391128
4719,OK,,200.0,209.0730776,12.1262385,143.888889,123.6,2552.579191,56.2790296,0.068126174,2.75420073,0.01639246,0.000842926,83.6,1.6722,0.017235386,0.285675,0.323196,0.391128
4720,OK,,200.0,209.0730776,12.1262385,145.0,123.6,2572.290225,56.7136167,0.049771634,3.15117743,0.018687781,0.000612811,83.6,1.6722,0.019300592,0.285675,0.323196,0.391128
4721,OK,,200.0,214.1822207,12.4225688,135.0,123.6,2394.890899,52.8023328,0.88584956,0.771606678,0.004697376,0.011245465,83.6,1.6722,0.015942841,0.285675,0.323196,0.391128
4722,OK,,200.0,214.1822207,12.4225688,136.111111,123.6,2414.601934,53.2369199,0.726786373,0.881492548,0.005352801,0.009206259,83.6,1.6722,0.01455906,0.285675,0.323196,0.391128
4723,OK,,200.0,214.1822207,12.4225688,137.222222,123.6,2434.312968,53.671507,0.574903587,1.0189253,0.006171122,0.007265387,83.6,1.6722,0.013436509,0.285675,0.323196,0.391128
4724,OK,,200.0,214.1822207,12.4225688,138.333333,123.6,2454.024002,54.1060941,0.438639692,1.18509505,0.007157865,0.005528715,83.6,1.6722,0.012686579,0.285675,0.323196,0.391128
4725,OK,,200.0,214.1822207,12.4225688,139.444444,123.6,2473.735036,54.5406812,0.325815301,1.38448061,0.008338077,0.004093988,83.6,1.6722,0.012432066,0.285675,0.323196,0.391128
4726,OK,,200.0,214.1822207,12.4225688,140.555556,123.6,2493.446088,54.9752683,0.232270697,1.6293278,0.009782887,0.002908452,83.6,1.6722,0.012691339,0.285675,0.323196,0.391128
4727,OK,,200.0,214.1822207,12.4225688,141.666667,123.6,2513.157123,55.4098554,0.160369956,1.9249851,0.011521127,0.002000315,83.6,1.6722,0.013521442,0.285675,0.323196,0.391128
4728,OK,,200.0,214.1822207,12.4225688,142.777778,123.6,2532.868157,55.8444425,0.109124978,2.27005365,0.013540296,0.001355287,83.6,1.6722,0.014895583,0.285675,0.323196,0.391128
4729,OK,,200.0,214.1822207,12.4225688,143.888889,123.6,2552.579191,56.2790296,0.076131062,2.64104812,0.015698302,0.000941147,83.6,1.6722,0.016639449,0.285675,0.323196,0.391128
4730,OK,,200.0,214.1822207,12.4225688,145.0,123.6,2572.290225,56.7136167,0.055615535,3.04214127,0.018017424,0.000684191,83.6,1.6722,0.018701615,0.285675,0.323196,0.391128
4731,OK,,200.0,219.2913638,12.7188991,135.0,123.6,2394.890899,52.8023328,0.938421792,0.747200564,0.004541156,0.011891707,83.6,1.6722,0.016432863,0.285675,0.323196,0.391128
4732,OK,,200.0,219.2913638,12.7188991,136.111111,123.6,2414.601934,53.2369199,0.768672505,0.855977165,0.005189293,0.009721436,83.6,1.6722,0.014910729,0.285675,0.323196,0.391128
4733,OK,,200.0,219.2913638,12.7188991,137.222222,123.6,2434.312968,53.671507,0.620425478,0.981193447,0.005932999,0.007827935,83.6,1.6722,0.013760934,0.285675,0.323196,0.391128
4734,OK,,200.0,219.2913638,12.7188991,138.333333,123.6,2454.024002,54.1060941,0.480837278,1.13584294,0.006849603,0.006051201,83.6,1.6722,0.012900804,0.285675,0.323196,0.391128
4735,OK,,200.0,219.2913638,12.7188991,139.444444,123.6,2473.735036,54.5406812,0.360127512,1.32621547,0.007974974,0.004518817,83.6,1.6722,0.01249379,0.285675,0.323196,0.391128
4736,OK,,200.0,219.2913638,12.7188991,140.555556,123.6,2493.446088,54.9752683,0.257157761,1.56515339,0.009383574,0.003216148,83.6,1.6722,0.012599722,0.285675,0.323196,0.391128
4737,OK,,200.0,219.2913638,12.7188991,141.666667,123.6,2513.157123,55.4098554,0.17881577,1.84613545,0.011033228,0.002227959,83.6,1.6722,0.013261187,0.285675,0.323196,0.391128
4738,OK,,200.0,219.2913638,12.7188991,142.777778,123.6,2532.868157,55.8444425,0.123572695,2.16930979,0.012921757,0.001533202,83.6,1.6722,0.014454959,0.285675,0.323196,0.391128
4739,OK,,200.0,219.2913638,12.7188991,143.888889,123.6,2552.579191,56.2790296,0.085548249,2.53360175,0.01503964,0.001056622,83.6,1.6722,0.016096262,0.285675,0.323196,0.391128
4740,OK,,200.0,219.2913638,12.7188991,145.0,123.6,2572.290225,56.7136167,0.061276589,2.92330175,0.017291336,0.000753225,83.6,1.6722,0.018044561,0.285675,0.323196,0.391128
4741,OK,,200.0,224.4005069,13.0152294,135.0,123.6,2394.890899,52.8023328,0.989694862,0.725094242,0.004399375,0.012519342,83.6,1.6722,0.016918716,0.285675,0.323196,0.391128
4742,OK,,200.0,224.4005069,13.0152294,136.111111,123.6,2414.601934,53.2369199,0.821809585,0.825837887,0.004998265,0.010374968,83.6,1.6722,0.015373233,0.285675,0.323196,0.391128
4743,OK,,200.0,224.4005069,13.0152294,137.222222,123.6,2434.312968,53.671507,0.664663766,0.947752037,0.005721465,0.008372544,83.6,1.6722,0.014094009,0.285675,0.323196,0.391128
4744,OK,,200.0,224.4005069,13.0152294,138.333333,123.6,2454.024002,54.1060941,0.522860143,1.09183948,0.006573789,0.006569787,83.6,1.6722,0.013143576,0.285675,0.323196,0.391128
4745,OK,,200.0,224.4005069,13.0152294,139.444444,123.6,2473.735036,54.5406812,0.395140493,1.27337619,0.007645401,0.004951099,83.6,1.6722,0.0125965,0.285675,0.323196,0.391128
4746,OK,,200.0,224.4005069,13.0152294,140.555556,123.6,2493.446088,54.9752683,0.279574005,1.51309501,0.009057393,0.003491971,83.6,1.6722,0.012549364,0.285675,0.323196,0.391128
4747,OK,,200.0,224.4005069,13.0152294,141.666667,123.6,2513.157123,55.4098554,0.202472293,1.76020311,0.010504658,0.002519734,83.6,1.6722,0.013024392,0.285675,0.323196,0.391128
4748,OK,,200.0,224.4005069,13.0152294,142.777778,123.6,2532.868157,55.8444425,0.139266237,2.07591775,0.012348309,0.001726138,83.6,1.6722,0.014074447,0.285675,0.323196,0.391128
4749,OK,,200.0,224.4005069,13.0152294,143.888889,123.6,2552.579191,56.2790296,0.099338039,2.40907759,0.014282058,0.001225772,83.6,1.6722,0.01550783,0.285675,0.323196,0.391128
4750,OK,,200.0,224.4005069,13.0152294,145.0,123.6,2572.290225,56.7136167,0.0684972,2.80894259,0.016593263,0.000841266,83.6,1.6722,0.017434529,0.285675,0.323196,0.391128
4751,OK,,200.0,229.5096483,13.3115596,135.0,123.6,2394.890899,52.8023328,1.04409223,0.703188311,0.004259248,0.013183475,83.6,1.6722,0.017442723,0.285675,0.323196,0.391128
4752,OK,,200.0,229.5096483,13.3115596,136.111111,123.6,2414.601934,53.2369199,0.874127477,0.798534827,0.00482497,0.011015956,83.6,1.6722,0.015840926,0.285675,0.323196,0.391128
4753,OK,,200.0,229.5096483,13.3115596,137.222222,123.6,2434.312968,53.671507,0.710852808,0.915665244,0.005518735,0.008939599,83.6,1.6722,0.014458333,0.285675,0.323196,0.391128
4754,OK,,200.0,229.5096483,13.3115596,138.333333,123.6,2454.024002,54.1060941,0.564091972,1.05274564,0.006328282,0.007076879,83.6,1.6722,0.013405161,0.285675,0.323196,0.391128
4755,OK,,200.0,229.5096483,13.3115596,139.444444,123.6,2473.735036,54.5406812,0.431499462,1.22421499,0.007338797,0.005398839,83.6,1.6722,0.012737636,0.285675,0.323196,0.391128
4756,OK,,200.0,229.5096483,13.3115596,140.555556,123.6,2493.446088,54.9752683,0.321096345,1.42812374,0.008536088,0.004004554,83.6,1.6722,0.012540642,0.285675,0.323196,0.391128
4757,OK,,200.0,229.5096483,13.3115596,141.666667,123.6,2513.157123,55.4098554,0.227620121,1.68164064,0.010021284,0.002829259,83.6,1.6722,0.012850543,0.285675,0.323196,0.391128
4758,OK,,200.0,229.5096483,13.3115596,142.777778,123.6,2532.868157,55.8444425,0.156853644,1.98614586,0.011797789,0.001942053,83.6,1.6722,0.013739842,0.285675,0.323196,0.391128
4759,OK,,200.0,229.5096483,13.3115596,143.888889,123.6,2552.579191,56.2790296,0.109065828,2.32185711,0.013745804,0.001344554,83.6,1.6722,0.015090358,0.285675,0.323196,0.391128
4760,OK,,200.0,229.5096483,13.3115596,145.0,123.6,2572.290225,56.7136167,0.076424848,2.69612894,0.015906007,0.00093782,83.6,1.6722,0.016843827,0.285675,0.323196,0.391128
4761,OK,,200.0,234.6187914,13.6078899,135.0,123.6,2394.890899,52.8023328,1.09406277,0.684419533,0.004138562,0.013790418,83.6,1.6722,0.01792898,0.285675,0.323196,0.391128
4762,OK,,200.0,234.6187914,13.6078899,136.111111,123.6,2414.601934,53.2369199,0.925632607,0.773663249,0.004666891,0.011644588,83.6,1.6722,0.016311479,0.285675,0.323196,0.391128
4763,OK,,200.0,234.6187914,13.6078899,137.222222,123.6,2434.312968,53.671507,0.760660443,0.883826749,0.005318115,0.009549618,83.6,1.6722,0.014867733,0.285675,0.323196,0.391128
4764,OK,,200.0,234.6187914,13.6078899,138.333333,123.6,2454.024002,54.1060941,0.610294115,1.01282591,0.006078555,0.007644014,83.6,1.6722,0.013722569,0.285675,0.323196,0.391128
4765,OK,,200.0,234.6187914,13.6078899,139.444444,123.6,2473.735036,54.5406812,0.471907608,1.17508763,0.007033293,0.005895463,83.6,1.6722,0.012928756,0.285675,0.323196,0.391128
4766,OK,,200.0,234.6187914,13.6078899,140.555556,123.6,2493.446088,54.9752683,0.352792458,1.37214096,0.008189395,0.004394372,83.6,1.6722,0.012583767,0.285675,0.323196,0.391128
4767,OK,,200.0,234.6187914,13.6078899,141.666667,123.6,2513.157123,55.4098554,0.253610667,1.6117384,0.009590608,0.00314842,83.6,1.6722,0.012739028,0.285675,0.323196,0.391128
4768,OK,,200.0,234.6187914,13.6078899,142.777778,123.6,2532.868157,55.8444425,0.170842319,1.92384251,0.011410989,0.00211306,83.6,1.6722,0.01352405,0.285675,0.323196,0.391128
4769,OK,,200.0,234.6187914,13.6078899,143.888889,123.6,2552.579191,56.2790296,0.124471827,2.21267194,0.013081862,0.001532938,83.6,1.6722,0.0146148,0.285675,0.323196,0.391128
4770,OK,,200.0,234.6187914,13.6078899,145.0,123.6,2572.290225,56.7136167,0.085895053,2.59209353,0.015271871,0.001053081,83.6,1.6722,0.016324952,0.285675,0.323196,0.391128
4771,OK,,200.0,239.7279345,13.9042202,135.0,123.6,2394.890899,52.8023328,1.14947512,0.664823576,0.004013243,0.014462312,83.6,1.6722,0.018475556,0.285675,0.323196,0.391128
4772,OK,,200.0,239.7279345,13.9042202,136.111111,123.6,2414.601934,53.2369199,0.977372117,0.750433226,0.004519191,0.012273839,83.6,1.6722,0.01679303,0.285675,0.323196,0.391128
4773,OK,,200.0,239.7279345,13.9042202,137.222222,123.6,2434.312968,53.671507,0.81021587,0.854692883,0.005134351,0.010154364,83.6,1.6722,0.015288716,0.285675,0.323196,0.391128
4774,Errors,,200.0,239.7279345,13.9042202,138.333333,123.6,2454.024002,54.1060941,0.900394827,0.933353957,0.005509272,0.01122575,83.6,1.6722,0.016735022,0.285675,0.323196,0.391128
4775,OK,,200.0,239.7279345,13.9042202,139.444444,123.6,2473.735036,54.5406812,0.512382135,1.1308114,0.00675763,0.006391343,83.6,1.6722,0.013148973,0.285675,0.323196,0.391128
4776,OK,,200.0,239.7279345,13.9042202,140.555556,123.6,2493.446088,54.9752683,0.387909553,1.31674892,0.00784678,0.004824952,83.6,1.6722,0.012671732,0.285675,0.323196,0.391128
4777,OK,,200.0,239.7279345,13.9042202,141.666667,123.6,2513.157123,55.4098554,0.27516077,1.55986337,0.009267924,0.003411909,83.6,1.6722,0.012679833,0.285675,0.323196,0.391128
4778,OK,,200.0,239.7279345,13.9042202,142.777778,123.6,2532.868157,55.8444425,0.19993325,1.81040232,0.010723585,0.002469819,83.6,1.6722,0.013193404,0.285675,0.323196,0.391128
4779,OK,,200.0,239.7279345,13.9042202,143.888889,123.6,2552.579191,56.2790296,0.137442713,2.13391236,0.012598447,0.001691,83.6,1.6722,0.014289448,0.285675,0.323196,0.391128
4780,OK,,200.0,239.7279345,13.9042202,145.0,123.6,2572.290225,56.7136167,0.096064666,2.49433741,0.014676073,0.001176676,83.6,1.6722,0.015852749,0.285675,0.323196,0.391128
4781,OK,,200.0,244.8370776,14.2005505,135.0,123.6,2394.890899,52.8023328,1.19620592,0.649370317,0.003913336,0.015024897,83.6,1.6722,0.018938233,0.285675,0.323196,0.391128
4782,OK,,200.0,244.8370776,14.2005505,136.111111,123.6,2414.601934,53.2369199,1.02661911,0.729813939,0.004387665,0.012870137,83.6,1.6722,0.017257803,0.285675,0.323196,0.391128
4783,OK,,200.0,244.8370776,14.2005505,137.222222,123.6,2434.312968,53.671507,0.890287318,0.811448932,0.004865615,0.011128311,83.6,1.6722,0.015993926,0.285675,0.323196,0.391128
4784,OK,,200.0,244.8370776,14.2005505,138.333333,123.6,2454.024002,54.1060941,0.701035014,0.946770142,0.005663733,0.008752017,83.6,1.6722,0.014415751,0.285675,0.323196,0.391128
4785,OK,,200.0,244.8370776,14.2005505,139.444444,123.6,2473.735036,54.5406812,0.554584303,1.08897369,0.006497315,0.006907003,83.6,1.6722,0.013404318,0.285675,0.323196,0.391128
4786,OK,,200.0,244.8370776,14.2005505,140.555556,123.6,2493.446088,54.9752683,0.425260134,1.26411759,0.007521547,0.005281836,83.6,1.6722,0.012803383,0.285675,0.323196,0.391128
4787,OK,,200.0,244.8370776,14.2005505,141.666667,123.6,2513.157123,55.4098554,0.314580364,1.47575882,0.008755469,0.003895052,83.6,1.6722,0.012650521,0.285675,0.323196,0.391128
4788,OK,,200.0,244.8370776,14.2005505,142.777778,123.6,2532.868157,55.8444425,0.222686349,1.73646252,0.010270745,0.002747669,83.6,1.6722,0.013018415,0.285675,0.323196,0.391128
4789,OK,,200.0,244.8370776,14.2005505,143.888889,123.6,2552.579191,56.2790296,0.157282512,2.04108384,0.01203092,0.001932706,83.6,1.6722,0.013963626,0.285675,0.323196,0.391128
4790,OK,,200.0,244.8370776,14.2005505,145.0,123.6,2572.290225,56.7136167,0.109727652,2.3871084,0.01402332,0.001342546,83.6,1.6722,0.015365866,0.285675,0.323196,0.391128
4791,OK,,200.0,249.946219,14.4968807,135.0,123.6,2394.890899,52.8023328,1.25982343,0.629331041,0.003786103,0.015792978,83.6,1.6722,0.019579081,0.285675,0.323196,0.391128
4792,OK,,200.0,249.946219,14.4968807,136.111111,123.6,2414.601934,53.2369199,1.08099999,0.708417452,0.004251895,0.01352761,83.6,1.6722,0.017779504,0.285675,0.323196,0.391128
4793,OK,,200.0,249.946219,14.4968807,137.222222,123.6,2434.312968,53.671507,0.910347215,0.802235193,0.004803343,0.011370257,83.6,1.6722,0.0161736,0.285675,0.323196,0.391128
4794,OK,,200.0,249.946219,14.4968807,138.333333,123.6,2454.024002,54.1060941,0.753758186,0.911736227,0.005445322,0.009393909,83.6,1.6722,0.014839231,0.285675,0.323196,0.391128
4795,OK,,200.0,249.946219,14.4968807,139.444444,123.6,2473.735036,54.5406812,0.599294355,1.0486663,0.00624691,0.007451999,83.6,1.6722,0.013698909,0.285675,0.323196,0.391128
4796,OK,,200.0,249.946219,14.4968807,140.555556,123.6,2493.446088,54.9752683,0.464945628,1.21386603,0.007210759,0.00576487,83.6,1.6722,0.012975629,0.285675,0.323196,0.391128
4797,OK,,200.0,249.946219,14.4968807,141.666667,123.6,2513.157123,55.4098554,0.346972921,1.41598347,0.00838824,0.004290358,83.6,1.6722,0.012678598,0.285675,0.323196,0.391128
4798,OK,,200.0,249.946219,14.4968807,142.777778,123.6,2532.868157,55.8444425,0.252192591,1.66315445,0.009820605,0.003107347,83.6,1.6722,0.012927953,0.285675,0.323196,0.391128
4799,OK,,200.0,249.946219,14.4968807,143.888889,123.6,2552.579191,56.2790296,0.178125968,1.94782156,0.011465365,0.00218643,83.6,1.6722,0.013651794,0.285675,0.323196,0.391128
4800,OK,,200.0,249.946219,14.4968807,145.0,123.6,2572.290225,56.7136167,0.122179613,2.29092298,0.013440088,0.00149348,83.6,1.6722,0.014933568,0.285675,0.323196,0.391128
4801,OK,,200.0,255.0553621,14.793211,135.0,123.6,2394.890899,52.8023328,1.31172225,0.61410307,0.003688224,0.016414533,83.6,1.6722,0.020102757,0.285675,0.323196,0.391128
4802,OK,,200.0,255.0553621,14.793211,136.111111,123.6,2414.601934,53.2369199,1.1350058,0.68855109,0.004125714,0.014177988,83.6,1.6722,0.018303703,0.285675,0.323196,0.391128
4803,OK,,200.0,255.0553621,14.793211,137.222222,123.6,2434.312968,53.671507,0.960893944,0.778510604,0.004653578,0.011980918,83.6,1.6722,0.016634495,0.285675,0.323196,0.391128
4804,OK,,200.0,255.0553621,14.793211,138.333333,123.6,2454.024002,54.1060941,0.800069866,0.883567771,0.005268496,0.009954739,83.6,1.6722,0.015223234,0.285675,0.323196,0.391128
4805,OK,,200.0,255.0553621,14.793211,139.444444,123.6,2473.735036,54.5406812,0.643512617,1.01234624,0.006020929,0.007989127,83.6,1.6722,0.014010056,0.285675,0.323196,0.391128
4806,OK,,200.0,255.0553621,14.793211,140.555556,123.6,2493.446088,54.9752683,0.518461087,1.16042533,0.006881626,0.006417933,83.6,1.6722,0.013299559,0.285675,0.323196,0.391128
4807,OK,,200.0,255.0553621,14.793211,141.666667,123.6,2513.157123,55.4098554,0.3908907,1.35229092,0.007997007,0.004825238,83.6,1.6722,0.012822245,0.285675,0.323196,0.391128
4808,OK,,200.0,255.0553621,14.793211,142.777778,123.6,2532.868157,55.8444425,0.281268683,1.5916095,0.009384453,0.003461187,83.6,1.6722,0.01284564,0.285675,0.323196,0.391128
4809,OK,,200.0,255.0553621,14.793211,143.888889,123.6,2552.579191,56.2790296,0.201604378,1.85686306,0.01091337,0.002471118,83.6,1.6722,0.013384488,0.285675,0.323196,0.391128
4810,OK,,200.0,255.0553621,14.793211,145.0,123.6,2572.290225,56.7136167,0.138610932,2.18744604,0.012815822,0.001692613,83.6,1.6722,0.014508435,0.285675,0.323196,0.391128
4811,OK,,200.0,260.1645052,15.0895413,135.0,123.6,2394.890899,52.8023328,1.36750569,0.598574692,0.003588846,0.017081273,83.6,1.6722,0.020670119,0.285675,0.323196,0.391128
4812,OK,,200.0,260.1645052,15.0895413,136.111111,123.6,2414.601934,53.2369199,1.18660012,0.670749093,0.004012299,0.014796546,83.6,1.6722,0.018808845,0.285675,0.323196,0.391128
4813,OK,,200.0,260.1645052,15.0895413,137.222222,123.6,2434.312968,53.671507,1.01363348,0.755398633,0.004507932,0.012616284,83.6,1.6722,0.017124216,0.285675,0.323196,0.391128
4814,OK,,200.0,260.1645052,15.0895413,138.333333,123.6,2454.024002,54.1060941,0.846451504,0.8573714,0.005103953,0.010514562,83.6,1.6722,0.015618515,0.285675,0.323196,0.391128
4815,OK,,200.0,260.1645052,15.0895413,139.444444,123.6,2473.735036,54.5406812,0.694013421,0.980132299,0.00581864,0.008600323,83.6,1.6722,0.014418963,0.285675,0.323196,0.391128
4816,OK,,200.0,260.1645052,15.0895413,140.555556,123.6,2493.446088,54.9752683,0.551603489,1.12706015,0.006673243,0.006818669,83.6,1.6722,0.013491912,0.285675,0.323196,0.391128
4817,OK,,200.0,260.1645052,15.0895413,141.666667,123.6,2513.157123,55.4098554,0.419195156,1.31151791,0.007743957,0.005167977,83.6,1.6722,0.012911934,0.285675,0.323196,0.391128
4818,OK,,200.0,260.1645052,15.0895413,142.777778,123.6,2532.868157,55.8444425,0.304642145,1.54067381,0.009070509,0.003744312,83.6,1.6722,0.012814822,0.285675,0.323196,0.391128
4819,OK,,200.0,260.1645052,15.0895413,143.888889,123.6,2552.579191,56.2790296,0.222651934,1.78712278,0.010489681,0.002726729,83.6,1.6722,0.01321641,0.285675,0.323196,0.391128
4820,OK,,200.0,260.1645052,15.0895413,145.0,123.6,2572.290225,56.7136167,0.155393981,2.09703002,0.012269216,0.001895593,83.6,1.6722,0.014164809,0.285675,0.323196,0.391128
4821,OK,,200.0,265.2736483,15.3858716,135.0,123.6,2394.890899,52.8023328,1.42585814,0.583203452,0.00349072,0.017776799,83.6,1.6722,0.021267519,0.285675,0.323196,0.391128
4822,OK,,200.0,265.2736483,15.3858716,136.111111,123.6,2414.601934,53.2369199,1.24199053,0.652706134,0.003897792,0.015459174,83.6,1.6722,0.019356966,0.285675,0.323196,0.391128
4823,OK,,200.0,265.2736483,15.3858716,137.222222,123.6,2434.312968,53.671507,1.05961556,0.736605222,0.004388501,0.013166907,83.6,1.6722,0.017555407,0.285675,0.323196,0.391128
4824,OK,,200.0,265.2736483,15.3858716,138.333333,123.6,2454.024002,54.1060941,0.897765048,0.833256957,0.004951173,0.011131297,83.6,1.6722,0.01608247,0.285675,0.323196,0.391128
4825,OK,,200.0,265.2736483,15.3858716,139.444444,123.6,2473.735036,54.5406812,0.739216388,0.948901375,0.005624185,0.00914577,83.6,1.6722,0.014769955,0.285675,0.323196,0.391128
4826,OK,,200.0,265.2736483,15.3858716,140.555556,123.6,2493.446088,54.9752683,0.599711338,1.08234418,0.006398491,0.007401285,83.6,1.6722,0.013799776,0.285675,0.323196,0.391128
4827,OK,,200.0,265.2736483,15.3858716,141.666667,123.6,2513.157123,55.4098554,0.457357434,1.26115609,0.007435195,0.005630255,83.6,1.6722,0.01306545,0.285675,0.323196,0.391128
4828,OK,,200.0,265.2736483,15.3858716,142.777778,123.6,2532.868157,55.8444425,0.34391116,1.46421284,0.008607783,0.004220888,83.6,1.6722,0.012828671,0.285675,0.323196,0.391128
4829,OK,,200.0,265.2736483,15.3858716,143.888889,123.6,2552.579191,56.2790296,0.246377553,1.718412,0.010071794,0.00301372,83.6,1.6722,0.013085515,0.285675,0.323196,0.391128
4830,OK,,200.0,265.2736483,15.3858716,145.0,123.6,2572.290225,56.7136167,0.174869423,2.00494945,0.011714412,0.002130874,83.6,1.6722,0.013845286,0.285675,0.323196,0.391128
4831,OK,,200.0,270.3827897,15.6822018,135.0,123.6,2394.890899,52.8023328,1.48426164,0.568934059,0.003399498,0.018470323,83.6,1.6722,0.021869821,0.285675,0.323196,0.391128
4832,OK,,200.0,270.3827897,15.6822018,136.111111,123.6,2414.601934,53.2369199,1.29863816,0.635328134,0.003787616,0.01613469,83.6,1.6722,0.019922306,0.285675,0.323196,0.391128
4833,OK,,200.0,270.3827897,15.6822018,137.222222,123.6,2434.312968,53.671507,1.11992858,0.71761558,0.00426728,0.013888351,83.6,1.6722,0.01815563,0.285675,0.323196,0.391128
4834,OK,,200.0,270.3827897,15.6822018,138.333333,123.6,2454.024002,54.1060941,0.947529038,0.808840622,0.004798219,0.011728412,83.6,1.6722,0.01652663,0.285675,0.323196,0.391128
4835,OK,,200.0,270.3827897,15.6822018,139.444444,123.6,2473.735036,54.5406812,0.786096807,0.918929497,0.005437766,0.009709901,83.6,1.6722,0.015147667,0.285675,0.323196,0.391128
4836,OK,,200.0,270.3827897,15.6822018,140.555556,123.6,2493.446088,54.9752683,0.638306559,1.04974005,0.006195862,0.007865863,83.6,1.6722,0.014061726,0.285675,0.323196,0.391128
4837,OK,,200.0,270.3827897,15.6822018,141.666667,123.6,2513.157123,55.4098554,0.497432502,1.21346831,0.007143041,0.00611449,83.6,1.6722,0.013257531,0.285675,0.323196,0.391128
4838,OK,,200.0,270.3827897,15.6822018,142.777778,123.6,2532.868157,55.8444425,0.376466394,1.40870792,0.008269066,0.004614225,83.6,1.6722,0.01288329,0.285675,0.323196,0.391128
4839,OK,,200.0,270.3827897,15.6822018,143.888889,123.6,2552.579191,56.2790296,0.275708725,1.64280576,0.009614831,0.003368242,83.6,1.6722,0.012983072,0.285675,0.323196,0.391128
4840,OK,,200.0,270.3827897,15.6822018,145.0,123.6,2572.290225,56.7136167,0.196562285,1.91792803,0.011190484,0.002392544,83.6,1.6722,0.013583028,0.285675,0.323196,0.391128
4841,OK,,200.0,275.4919328,15.9785321,135.0,123.6,2394.890899,52.8023328,1.53708928,0.556507755,0.003319599,0.019093765,83.6,1.6722,0.022413364,0.285675,0.323196,0.391128
4842,OK,,200.0,275.4919328,15.9785321,136.111111,123.6,2414.601934,53.2369199,1.35723432,0.622155726,0.003702006,0.016828921,83.6,1.6722,0.020530926,0.285675,0.323196,0.391128
4843,OK,,200.0,275.4919328,15.9785321,137.222222,123.6,2434.312968,53.671507,1.17326342,0.698321811,0.004145635,0.014524085,83.6,1.6722,0.01866972,0.285675,0.323196,0.391128
4844,OK,,200.0,275.4919328,15.9785321,138.333333,123.6,2454.024002,54.1060941,0.99939757,0.785072418,0.004649569,0.012349045,83.6,1.6722,0.016998614,0.285675,0.323196,0.391128
4845,OK,,200.0,275.4919328,15.9785321,139.444444,123.6,2473.735036,54.5406812,0.838554431,0.887866981,0.005245456,0.010339992,83.6,1.6722,0.015585449,0.285675,0.323196,0.391128
4846,OK,,200.0,275.4919328,15.9785321,140.555556,123.6,2493.446088,54.9752683,0.680452581,1.01676627,0.005991723,0.008372293,83.6,1.6722,0.014364016,0.285675,0.323196,0.391128
4847,OK,,200.0,275.4919328,15.9785321,141.666667,123.6,2513.157123,55.4098554,0.539264076,1.16842571,0.006867256,0.006618624,83.6,1.6722,0.01348588,0.285675,0.323196,0.391128
4848,OK,,200.0,275.4919328,15.9785321,142.777778,123.6,2532.868157,55.8444425,0.413955871,1.35144809,0.007921039,0.005066487,83.6,1.6722,0.012987526,0.285675,0.323196,0.391128
4849,OK,,200.0,275.4919328,15.9785321,143.888889,123.6,2552.579191,56.2790296,0.305423936,1.57568984,0.009208587,0.00372649,83.6,1.6722,0.012935077,0.285675,0.323196,0.391128
4850,OK,,200.0,275.4919328,15.9785321,145.0,123.6,2572.290225,56.7136167,0.219634506,1.83771391,0.010707442,0.002670318,83.6,1.6722,0.01337776,0.285675,0.323196,0.391128
4851,OK,,200.0,280.6010759,16.2748624,135.0,123.6,2394.890899,52.8023328,1.59192059,0.547554463,0.003259926,0.019736273,83.6,1.6722,0.022996199,0.285675,0.323196,0.391128
4852,OK,,200.0,280.6010759,16.2748624,136.111111,123.6,2414.601934,53.2369199,1.40764259,0.608390267,0.003613996,0.017423686,83.6,1.6722,0.021037682,0.285675,0.323196,0.391128
4853,OK,,200.0,280.6010759,16.2748624,137.222222,123.6,2434.312968,53.671507,1.2125373,0.6850642,0.004060179,0.014986981,83.6,1.6722,0.019047161,0.285675,0.323196,0.391128
4854,OK,,200.0,280.6010759,16.2748624,138.333333,123.6,2454.024002,54.1060941,1.04669841,0.76668057,0.00453229,0.012905949,83.6,1.6722,0.017438239,0.285675,0.323196,0.391128
4855,OK,,200.0,280.6010759,16.2748624,139.444444,123.6,2473.735036,54.5406812,0.885791732,0.862062788,0.00508472,0.010904269,83.6,1.6722,0.015988989,0.285675,0.323196,0.391128
4856,OK,,200.0,280.6010759,16.2748624,140.555556,123.6,2493.446088,54.9752683,0.728221733,0.982249814,0.005779063,0.008945209,83.6,1.6722,0.014724272,0.285675,0.323196,0.391128
4857,OK,,200.0,280.6010759,16.2748624,141.666667,123.6,2513.157123,55.4098554,0.584457542,1.12430182,0.006597598,0.007161854,83.6,1.6722,0.013759452,0.285675,0.323196,0.391128
4858,OK,,200.0,280.6010759,16.2748624,142.777778,123.6,2532.868157,55.8444425,0.451861705,1.29962375,0.007605429,0.005521866,83.6,1.6722,0.013127295,0.285675,0.323196,0.391128
4859,OK,,200.0,280.6010759,16.2748624,143.888889,123.6,2552.579191,56.2790296,0.339612525,1.50736074,0.008796378,0.004137954,83.6,1.6722,0.012934332,0.285675,0.323196,0.391128
4860,OK,,200.0,280.6010759,16.2748624,145.0,123.6,2572.290225,56.7136167,0.243513435,1.76511425,0.010269746,0.002957123,83.6,1.6722,0.013226868,0.285675,0.323196,0.391128
4861,OK,,200.0,285.710219,16.5711927,135.0,123.6,2394.890899,52.8023328,1.64994493,0.535033339,0.003179974,0.020418073,83.6,1.6722,0.023598047,0.285675,0.323196,0.391128
4862,OK,,200.0,285.710219,16.5711927,136.111111,123.6,2414.601934,53.2369199,1.46821403,0.5928541,0.003515529,0.018137498,83.6,1.6722,0.021653027,0.285675,0.323196,0.391128
4863,OK,,200.0,285.710219,16.5711927,137.222222,123.6,2434.312968,53.671507,1.2828677,0.66208484,0.003917403,0.015824178,83.6,1.6722,0.01974158,0.285675,0.323196,0.391128
4864,OK,,200.0,285.710219,16.5711927,138.333333,123.6,2454.024002,54.1060941,1.09963679,0.743467181,0.00438869,0.013541507,83.6,1.6722,0.017930197,0.285675,0.323196,0.391128
4865,OK,,200.0,285.710219,16.5711927,139.444444,123.6,2473.735036,54.5406812,0.933886408,0.837491042,0.004931808,0.011477597,83.6,1.6722,0.016409405,0.285675,0.323196,0.391128
4866,OK,,200.0,285.710219,16.5711927,140.555556,123.6,2493.446088,54.9752683,0.766207167,0.956933704,0.005621184,0.009398106,83.6,1.6722,0.01501929,0.285675,0.323196,0.391128
4867,OK,,200.0,285.710219,16.5711927,141.666667,123.6,2513.157123,55.4098554,0.625339911,1.08792349,0.006374187,0.00765143,83.6,1.6722,0.014025617,0.285675,0.323196,0.391128
4868,OK,,200.0,285.710219,16.5711927,142.777778,123.6,2532.868157,55.8444425,0.488334288,1.25461609,0.007331129,0.005959756,83.6,1.6722,0.013290885,0.285675,0.323196,0.391128
4869,OK,,200.0,285.710219,16.5711927,143.888889,123.6,2552.579191,56.2790296,0.372050587,1.44988605,0.008448545,0.004527262,83.6,1.6722,0.012975807,0.285675,0.323196,0.391128
4870,OK,,200.0,285.710219,16.5711927,145.0,123.6,2572.290225,56.7136167,0.273708402,1.68463286,0.009787767,0.00331968,83.6,1.6722,0.013107448,0.285675,0.323196,0.391128
4871,OK,,200.0,290.8193603,16.8675229,135.0,123.6,2394.890899,52.8023328,1.70598687,0.523550669,0.003106422,0.021073006,83.6,1.6722,0.024179428,0.285675,0.323196,0.391128
4872,OK,,200.0,290.8193603,16.8675229,136.111111,123.6,2414.601934,53.2369199,1.52141507,0.579720625,0.003432087,0.018763406,83.6,1.6722,0.022195493,0.285675,0.323196,0.391128
4873,OK,,200.0,290.8193603,16.8675229,137.222222,123.6,2434.312968,53.671507,1.33893971,0.645108827,0.00381057,0.016485913,83.6,1.6722,0.020296483,0.285675,0.323196,0.391128
4874,OK,,200.0,290.8193603,16.8675229,138.333333,123.6,2454.024002,54.1060941,1.15873097,0.722982299,0.004260675,0.014242789,83.6,1.6722,0.018503463,0.285675,0.323196,0.391128
4875,OK,,200.0,290.8193603,16.8675229,139.444444,123.6,2473.735036,54.5406812,0.979583899,0.815684019,0.004795582,0.01201973,83.6,1.6722,0.016815312,0.285675,0.323196,0.391128
4876,OK,,200.0,290.8193603,16.8675229,140.555556,123.6,2493.446088,54.9752683,0.82187956,0.92216635,0.00540827,0.010063154,83.6,1.6722,0.015471425,0.285675,0.323196,0.391128
4877,OK,,200.0,290.8193603,16.8675229,141.666667,123.6,2513.157123,55.4098554,0.666504385,1.05419361,0.00616685,0.008142715,83.6,1.6722,0.014309565,0.285675,0.323196,0.391128
4878,OK,,200.0,290.8193603,16.8675229,142.777778,123.6,2532.868157,55.8444425,0.529694592,1.20809187,0.007048463,0.006454823,83.6,1.6722,0.013503286,0.285675,0.323196,0.391128
4879,OK,,200.0,290.8193603,16.8675229,143.888889,123.6,2552.579191,56.2790296,0.406278811,1.39549598,0.008119504,0.004937013,83.6,1.6722,0.013056517,0.285675,0.323196,0.391128
4880,OK,,200.0,290.8193603,16.8675229,145.0,123.6,2572.290225,56.7136167,0.300793082,1.62141522,0.009406823,0.003643683,83.6,1.6722,0.013050505,0.285675,0.323196,0.391128
4881,Errors,,200.0,295.9285034,17.1638532,135.0,123.6,2394.890899,52.8023328,1.58424025,0.544226292,0.003219411,0.019606977,83.6,1.6722,0.022826388,0.285675,0.323196,0.391128
4882,OK,,200.0,295.9285034,17.1638532,136.111111,123.6,2414.601934,53.2369199,1.57530653,0.567068967,0.003351532,0.019393574,83.6,1.6722,0.022745106,0.285675,0.323196,0.391128
4883,OK,,200.0,295.9285034,17.1638532,137.222222,123.6,2434.312968,53.671507,1.39467349,0.629161653,0.00371016,0.017141297,83.6,1.6722,0.020851457,0.285675,0.323196,0.391128
4884,OK,,200.0,295.9285034,17.1638532,138.333333,123.6,2454.024002,54.1060941,1.21187968,0.704143591,0.004142804,0.014870101,83.6,1.6722,0.019012905,0.285675,0.323196,0.391128
4885,OK,,200.0,295.9285034,17.1638532,139.444444,123.6,2473.735036,54.5406812,1.04383281,0.786795511,0.004618153,0.012783268,83.6,1.6722,0.017401421,0.285675,0.323196,0.391128
4886,OK,,200.0,295.9285034,17.1638532,140.555556,123.6,2493.446088,54.9752683,0.868604646,0.895366064,0.005242677,0.010618075,83.6,1.6722,0.015860752,0.285675,0.323196,0.391128
4887,OK,,200.0,295.9285034,17.1638532,141.666667,123.6,2513.157123,55.4098554,0.716695361,1.01618543,0.005935158,0.008741404,83.6,1.6722,0.014676562,0.285675,0.323196,0.391128
4888,OK,,200.0,295.9285034,17.1638532,142.777778,123.6,2532.868157,55.8444425,0.576057939,1.16070027,0.0067616,0.00700875,83.6,1.6722,0.01377035,0.285675,0.323196,0.391128
4889,OK,,200.0,295.9285034,17.1638532,143.888889,123.6,2552.579191,56.2790296,0.443112237,1.34278311,0.007801137,0.005377057,83.6,1.6722,0.013178194,0.285675,0.323196,0.391128
4890,OK,,200.0,295.9285034,17.1638532,145.0,123.6,2572.290225,56.7136167,0.334066094,1.55546827,0.009010833,0.004041007,83.6,1.6722,0.01305184,0.285675,0.323196,0.391128
4891,OK,,200.0,301.0376466,17.4601835,135.0,123.6,2394.890899,52.8023328,1.81745066,0.50047738,0.002959438,0.022368582,83.6,1.6722,0.02532802,0.285675,0.323196,0.391128
4892,OK,,200.0,301.0376466,17.4601835,136.111111,123.6,2414.601934,53.2369199,1.63659867,0.553309181,0.003264661,0.020109908,83.6,1.6722,0.023374569,0.285675,0.323196,0.391128
4893,OK,,200.0,301.0376466,17.4601835,137.222222,123.6,2434.312968,53.671507,1.4559789,0.612788505,0.003607552,0.017860904,83.6,1.6722,0.021468456,0.285675,0.323196,0.391128
4894,OK,,200.0,301.0376466,17.4601835,138.333333,123.6,2454.024002,54.1060941,1.26942553,0.684878544,0.004022774,0.015547678,83.6,1.6722,0.019570451,0.285675,0.323196,0.391128
4895,OK,,200.0,301.0376466,17.4601835,139.444444,123.6,2473.735036,54.5406812,1.08983512,0.767774206,0.00449918,0.01332536,83.6,1.6722,0.01782454,0.285675,0.323196,0.391128
4896,OK,,200.0,301.0376466,17.4601835,140.555556,123.6,2493.446088,54.9752683,0.923221801,0.866135658,0.005063357,0.011266039,83.6,1.6722,0.016329395,0.285675,0.323196,0.391128
4897,OK,,200.0,301.0376466,17.4601835,141.666667,123.6,2513.157123,55.4098554,0.763356729,0.983796076,0.005736902,0.009295521,83.6,1.6722,0.015032423,0.285675,0.323196,0.391128
4898,OK,,200.0,301.0376466,17.4601835,142.777778,123.6,2532.868157,55.8444425,0.613678353,1.12577435,0.006548012,0.007455737,83.6,1.6722,0.014003749,0.285675,0.323196,0.391128
4899,OK,,200.0,301.0376466,17.4601835,143.888889,123.6,2552.579191,56.2790296,0.482478337,1.29197478,0.007494689,0.00584629,83.6,1.6722,0.013340979,0.285675,0.323196,0.391128
4900,OK,,200.0,301.0376466,17.4601835,145.0,123.6,2572.290225,56.7136167,0.366914365,1.49256619,0.008634194,0.004432918,83.6,1.6722,0.013067111,0.285675,0.323196,0.391128
4901,OK,,200.0,306.1467897,17.7565138,135.0,123.6,2394.890899,52.8023328,1.88023846,0.48920679,0.002887833,0.023096619,83.6,1.6722,0.025984452,0.285675,0.323196,0.391128
4902,OK,,200.0,306.1467897,17.7565138,136.111111,123.6,2414.601934,53.2369199,1.68510734,0.543046207,0.003198731,0.020671053,83.6,1.6722,0.023869783,0.285675,0.323196,0.391128
4903,OK,,200.0,306.1467897,17.7565138,137.222222,123.6,2434.312968,53.671507,1.50179456,0.60116545,0.003533228,0.018392902,83.6,1.6722,0.021926129,0.285675,0.323196,0.391128
4904,OK,,200.0,306.1467897,17.7565138,138.333333,123.6,2454.024002,54.1060941,1.32228219,0.668280159,0.003918788,0.016167074,83.6,1.6722,0.020085862,0.285675,0.323196,0.391128
4905,OK,,200.0,306.1467897,17.7565138,139.444444,123.6,2473.735036,54.5406812,1.14039875,0.747952952,0.004375861,0.013919964,83.6,1.6722,0.018295825,0.285675,0.323196,0.391128
4906,OK,,200.0,306.1467897,17.7565138,140.555556,123.6,2493.446088,54.9752683,0.972597702,0.841656597,0.004912318,0.011848816,83.6,1.6722,0.016761134,0.285675,0.323196,0.391128
4907,OK,,200.0,306.1467897,17.7565138,141.666667,123.6,2513.157123,55.4098554,0.812818577,0.951942649,0.005542368,0.009881587,83.6,1.6722,0.015423955,0.285675,0.323196,0.391128
4908,OK,,200.0,306.1467897,17.7565138,142.777778,123.6,2532.868157,55.8444425,0.660681257,1.08544097,0.006303643,0.008014005,83.6,1.6722,0.014317648,0.285675,0.323196,0.391128
4909,OK,,200.0,306.1467897,17.7565138,143.888889,123.6,2552.579191,56.2790296,0.522343769,1.24543252,0.007213766,0.006320097,83.6,1.6722,0.013533862,0.285675,0.323196,0.391128
4910,OK,,200.0,306.1467897,17.7565138,145.0,123.6,2572.290225,56.7136167,0.400499965,1.43726316,0.008302018,0.004832189,83.6,1.6722,0.013134207,0.285675,0.323196,0.391128
4911,OK,,200.0,311.255931,18.052844,135.0,123.6,2394.890899,52.8023328,1.93770464,0.479404247,0.002825132,0.023758454,83.6,1.6722,0.026583585,0.285675,0.323196,0.391128
4912,OK,,200.0,311.255931,18.052844,136.111111,123.6,2414.601934,53.2369199,1.74756488,0.52999882,0.00311656,0.021395892,83.6,1.6722,0.024512452,0.285675,0.323196,0.391128
4913,OK,,200.0,311.255931,18.052844,137.222222,123.6,2434.312968,53.671507,1.55921166,0.587090482,0.003444703,0.019061055,83.6,1.6722,0.022505758,0.285675,0.323196,0.391128
4914,OK,,200.0,311.255931,18.052844,138.333333,123.6,2454.024002,54.1060941,1.37586686,0.652329112,0.003818898,0.016792571,83.6,1.6722,0.020611469,0.285675,0.323196,0.391128
4915,OK,,200.0,311.255931,18.052844,139.444444,123.6,2473.735036,54.5406812,1.19676627,0.727103908,0.004246884,0.014581714,83.6,1.6722,0.018828598,0.285675,0.323196,0.391128
4916,OK,,200.0,311.255931,18.052844,140.555556,123.6,2493.446088,54.9752683,1.02208938,0.818695327,0.004770566,0.012430885,83.6,1.6722,0.01720145,0.285675,0.323196,0.391128
4917,OK,,200.0,311.255931,18.052844,141.666667,123.6,2513.157123,55.4098554,0.860198845,0.923654697,0.005369125,0.010440592,83.6,1.6722,0.015809717,0.285675,0.323196,0.391128
4918,OK,,200.0,311.255931,18.052844,142.777778,123.6,2532.868157,55.8444425,0.705147644,1.05050983,0.006091265,0.008539994,83.6,1.6722,0.014631258,0.285675,0.323196,0.391128
4919,OK,,200.0,311.255931,18.052844,143.888889,123.6,2552.579191,56.2790296,0.562543617,1.20271723,0.006955719,0.00679642,83.6,1.6722,0.013752139,0.285675,0.323196,0.391128
4920,OK,,200.0,311.255931,18.052844,145.0,123.6,2572.290225,56.7136167,0.433401954,1.38835614,0.008005818,0.005219947,83.6,1.6722,0.013225765,0.285675,0.323196,0.391128
4921,OK,,200.0,316.3650741,18.3491743,135.0,123.6,2394.890899,52.8023328,2.00359382,0.468570845,0.002756555,0.024517946,83.6,1.6722,0.0272745,0.285675,0.323196,0.391128
4922,OK,,200.0,316.3650741,18.3491743,136.111111,123.6,2414.601934,53.2369199,1.80824848,0.516698661,0.003033217,0.022097376,83.6,1.6722,0.025130593,0.285675,0.323196,0.391128
4923,OK,,200.0,316.3650741,18.3491743,137.222222,123.6,2434.312968,53.671507,1.61512679,0.574055247,0.003362591,0.019709308,83.6,1.6722,0.023071899,0.285675,0.323196,0.391128
4924,OK,,200.0,316.3650741,18.3491743,138.333333,123.6,2454.024002,54.1060941,1.43406503,0.636138477,0.003717934,0.017471078,83.6,1.6722,0.021189012,0.285675,0.323196,0.391128
4925,OK,,200.0,316.3650741,18.3491743,139.444444,123.6,2473.735036,54.5406812,1.2497633,0.708685925,0.004132537,0.015201222,83.6,1.6722,0.019333758,0.285675,0.323196,0.391128
4926,OK,,200.0,316.3650741,18.3491743,140.555556,123.6,2493.446088,54.9752683,1.07389002,0.796103043,0.004631427,0.013038796,83.6,1.6722,0.017670224,0.285675,0.323196,0.391128
4927,OK,,200.0,316.3650741,18.3491743,141.666667,123.6,2513.157123,55.4098554,0.908510296,0.896750719,0.005204473,0.011009101,83.6,1.6722,0.016213574,0.285675,0.323196,0.391128
4928,OK,,200.0,316.3650741,18.3491743,142.777778,123.6,2532.868157,55.8444425,0.752557137,1.01608899,0.005882507,0.009099662,83.6,1.6722,0.01498217,0.285675,0.323196,0.391128
4929,OK,,200.0,316.3650741,18.3491743,143.888889,123.6,2552.579191,56.2790296,0.604281068,1.16210107,0.006710575,0.007289831,83.6,1.6722,0.014000406,0.285675,0.323196,0.391128
4930,OK,,200.0,316.3650741,18.3491743,145.0,123.6,2572.290225,56.7136167,0.474484435,1.33295149,0.007676624,0.005708823,83.6,1.6722,0.013385447,0.285675,0.323196,0.391128
4931,OK,,200.0,321.4742172,18.6455046,135.0,123.6,2394.890899,52.8023328,2.05475985,0.460622546,0.002705217,0.025100708,83.6,1.6722,0.027805925,0.285675,0.323196,0.391128
4932,OK,,200.0,321.4742172,18.6455046,136.111111,123.6,2414.601934,53.2369199,1.86302541,0.506574633,0.002968777,0.022726291,83.6,1.6722,0.025695068,0.285675,0.323196,0.391128
4933,OK,,200.0,321.4742172,18.6455046,137.222222,123.6,2434.312968,53.671507,1.66493179,0.563030971,0.003292529,0.020282777,83.6,1.6722,0.023575305,0.285675,0.323196,0.391128
4934,OK,,200.0,321.4742172,18.6455046,138.333333,123.6,2454.024002,54.1060941,1.49381435,0.620188212,0.003618737,0.018165897,83.6,1.6722,0.021784634,0.285675,0.323196,0.391128
4935,OK,,200.0,321.4742172,18.6455046,139.444444,123.6,2473.735036,54.5406812,1.30310439,0.691173114,0.00402381,0.015822601,83.6,1.6722,0.019846411,0.285675,0.323196,0.391128
4936,OK,,200.0,321.4742172,18.6455046,140.555556,123.6,2493.446088,54.9752683,1.12771683,0.773945458,0.004495253,0.013668731,83.6,1.6722,0.018163984,0.285675,0.323196,0.391128
4937,OK,,200.0,321.4742172,18.6455046,141.666667,123.6,2513.157123,55.4098554,0.955977994,0.872068162,0.00505318,0.011565647,83.6,1.6722,0.016618827,0.285675,0.323196,0.391128
4938,OK,,200.0,321.4742172,18.6455046,142.777778,123.6,2532.868157,55.8444425,0.797856747,0.985703987,0.005697674,0.009632331,83.6,1.6722,0.015330006,0.285675,0.323196,0.391128
4939,OK,,200.0,321.4742172,18.6455046,143.888889,123.6,2552.579191,56.2790296,0.649877992,1.12141521,0.006465721,0.007827738,83.6,1.6722,0.014293459,0.285675,0.323196,0.391128
4940,OK,,200.0,321.4742172,18.6455046,145.0,123.6,2572.290225,56.7136167,0.515090507,1.28367657,0.007381799,0.006188372,83.6,1.6722,0.013570171,0.285675,0.323196,0.391128
4941,OK,,200.0,326.5833603,18.9418349,135.0,123.6,2394.890899,52.8023328,2.1139787,0.451695671,0.002648265,0.025776029,83.6,1.6722,0.028424294,0.285675,0.323196,0.391128
4942,OK,,200.0,326.5833603,18.9418349,136.111111,123.6,2414.601934,53.2369199,1.91292075,0.497767257,0.002912268,0.023295277,83.6,1.6722,0.026207545,0.285675,0.323196,0.391128
4943,OK,,200.0,326.5833603,18.9418349,137.222222,123.6,2434.312968,53.671507,1.73014116,0.5488235,0.003204027,0.021036144,83.6,1.6722,0.024240171,0.285675,0.323196,0.391128
4944,OK,,200.0,326.5833603,18.9418349,138.333333,123.6,2454.024002,54.1060941,1.53940308,0.608664214,0.003545594,0.018689578,83.6,1.6722,0.022235171,0.285675,0.323196,0.391128
4945,OK,,200.0,326.5833603,18.9418349,139.444444,123.6,2473.735036,54.5406812,1.35393418,0.675400162,0.003925541,0.016411954,83.6,1.6722,0.020337494,0.285675,0.323196,0.391128
4946,OK,,200.0,326.5833603,18.9418349,140.555556,123.6,2493.446088,54.9752683,1.18147917,0.753162628,0.004367462,0.014295625,83.6,1.6722,0.018663088,0.285675,0.323196,0.391128
4947,OK,,200.0,326.5833603,18.9418349,141.666667,123.6,2513.157123,55.4098554,1.01024528,0.84559902,0.00489198,0.012201109,83.6,1.6722,0.01709309,0.285675,0.323196,0.391128
4948,OK,,200.0,326.5833603,18.9418349,142.777778,123.6,2532.868157,55.8444425,0.843289073,0.957349606,0.005525091,0.010164832,83.6,1.6722,0.015689923,0.285675,0.323196,0.391128
4949,OK,,200.0,326.5833603,18.9418349,143.888889,123.6,2552.579191,56.2790296,0.693244217,1.08593506,0.006251504,0.00833736,83.6,1.6722,0.014588865,0.285675,0.323196,0.391128
4950,OK,,200.0,326.5833603,18.9418349,145.0,123.6,2572.290225,56.7136167,0.55524735,1.23942905,0.007116612,0.006661113,83.6,1.6722,0.013777725,0.285675,0.323196,0.391128
4951,OK,,200.0,331.6925017,19.2381651,135.0,123.6,2394.890899,52.8023328,2.17204672,0.443935189,0.002598333,0.026435333,83.6,1.6722,0.029033666,0.285675,0.323196,0.391128
4952,OK,,200.0,331.6925017,19.2381651,136.111111,123.6,2414.601934,53.2369199,1.97996929,0.486244378,0.002839999,0.024063988,83.6,1.6722,0.026903987,0.285675,0.323196,0.391128
4953,OK,,200.0,331.6925017,19.2381651,137.222222,123.6,2434.312968,53.671507,1.79174411,0.536343633,0.0031259,0.021744111,83.6,1.6722,0.02487001,0.285675,0.323196,0.391128
4954,OK,,200.0,331.6925017,19.2381651,138.333333,123.6,2454.024002,54.1060941,1.59982924,0.593951881,0.003454125,0.019387143,83.6,1.6722,0.022841268,0.285675,0.323196,0.391128
4955,OK,,200.0,331.6925017,19.2381651,139.444444,123.6,2473.735036,54.5406812,1.41143438,0.65837563,0.003820295,0.017078177,83.6,1.6722,0.020898472,0.285675,0.323196,0.391128
4956,OK,,200.0,331.6925017,19.2381651,140.555556,123.6,2493.446088,54.9752683,1.23109306,0.735126119,0.004255983,0.014871238,83.6,1.6722,0.019127221,0.285675,0.323196,0.391128
4957,OK,,200.0,331.6925017,19.2381651,141.666667,123.6,2513.157123,55.4098554,1.06187119,0.822117849,0.004748535,0.012803063,83.6,1.6722,0.017551598,0.285675,0.323196,0.391128
4958,OK,,200.0,331.6925017,19.2381651,142.777778,123.6,2532.868157,55.8444425,0.89492476,0.927261077,0.00534302,0.010769247,83.6,1.6722,0.016112266,0.285675,0.323196,0.391128
4959,OK,,200.0,331.6925017,19.2381651,143.888889,123.6,2552.579191,56.2790296,0.739146138,1.05121394,0.00604227,0.008875511,83.6,1.6722,0.01491778,0.285675,0.323196,0.391128
4960,OK,,200.0,331.6925017,19.2381651,145.0,123.6,2572.290225,56.7136167,0.586190587,1.20819794,0.00692672,0.00702307,83.6,1.6722,0.01394979,0.285675,0.323196,0.391128
4961,OK,,200.0,336.8016448,19.5344954,135.0,123.6,2394.890899,52.8023328,2.23115805,0.435696829,0.002545765,0.02710425,83.6,1.6722,0.029650015,0.285675,0.323196,0.391128
4962,OK,,200.0,336.8016448,19.5344954,136.111111,123.6,2414.601934,53.2369199,2.0350456,0.477288908,0.002782991,0.024689192,83.6,1.6722,0.027472183,0.285675,0.323196,0.391128
4963,OK,,200.0,336.8016448,19.5344954,137.222222,123.6,2434.312968,53.671507,1.84310882,0.526491112,0.003063357,0.022329032,83.6,1.6722,0.025392389,0.285675,0.323196,0.391128
4964,OK,,200.0,336.8016448,19.5344954,138.333333,123.6,2454.024002,54.1060941,1.65557449,0.581116088,0.00337386,0.020026903,83.6,1.6722,0.023400763,0.285675,0.323196,0.391128
4965,OK,,200.0,336.8016448,19.5344954,139.444444,123.6,2473.735036,54.5406812,1.46963604,0.641984254,0.003719056,0.017750198,83.6,1.6722,0.021469254,0.285675,0.323196,0.391128
4966,OK,,200.0,336.8016448,19.5344954,140.555556,123.6,2493.446088,54.9752683,1.28812651,0.71544368,0.004135297,0.01553244,83.6,1.6722,0.019667737,0.285675,0.323196,0.391128
4967,OK,,200.0,336.8016448,19.5344954,141.666667,123.6,2513.157123,55.4098554,1.11362685,0.800031472,0.004613558,0.013404424,83.6,1.6722,0.018017981,0.285675,0.323196,0.391128
4968,OK,,200.0,336.8016448,19.5344954,142.777778,123.6,2532.868157,55.8444425,0.94631577,0.899451184,0.005174585,0.011368654,83.6,1.6722,0.016543239,0.285675,0.323196,0.391128
4969,OK,,200.0,336.8016448,19.5344954,143.888889,123.6,2552.579191,56.2790296,0.785856058,1.01853613,0.005845351,0.009421463,83.6,1.6722,0.015266814,0.285675,0.323196,0.391128
4970,OK,,200.0,336.8016448,19.5344954,145.0,123.6,2572.290225,56.7136167,0.638691871,1.15882433,0.006633607,0.007639434,83.6,1.6722,0.014273041,0.285675,0.323196,0.391128
4971,OK,,200.0,341.9107879,19.8308257,135.0,123.6,2394.890899,52.8023328,2.2903469,0.427142919,0.002491547,0.027771968,83.6,1.6722,0.030263515,0.285675,0.323196,0.391128
4972,OK,,200.0,341.9107879,19.8308257,136.111111,123.6,2414.601934,53.2369199,2.08774039,0.469054033,0.002730391,0.025284655,83.6,1.6722,0.028015046,0.285675,0.323196,0.391128
4973,OK,,200.0,341.9107879,19.8308257,137.222222,123.6,2434.312968,53.671507,1.9010883,0.514284165,0.002987333,0.022989757,83.6,1.6722,0.02597709,0.285675,0.323196,0.391128
4974,OK,,200.0,341.9107879,19.8308257,138.333333,123.6,2454.024002,54.1060941,1.71246667,0.568595819,0.003295694,0.020678112,83.6,1.6722,0.023973806,0.285675,0.323196,0.391128
4975,OK,,200.0,341.9107879,19.8308257,139.444444,123.6,2473.735036,54.5406812,1.52161674,0.628138932,0.003632909,0.018346877,83.6,1.6722,0.021979786,0.285675,0.323196,0.391128
4976,OK,,200.0,341.9107879,19.8308257,140.555556,123.6,2493.446088,54.9752683,1.34157611,0.698066088,0.004028323,0.016149282,83.6,1.6722,0.020177605,0.285675,0.323196,0.391128
4977,OK,,200.0,341.9107879,19.8308257,141.666667,123.6,2513.157123,55.4098554,1.16778405,0.778268506,0.004480871,0.014032243,83.6,1.6722,0.018513113,0.285675,0.323196,0.391128
4978,OK,,200.0,341.9107879,19.8308257,142.777778,123.6,2532.868157,55.8444425,0.99860819,0.873048792,0.005014762,0.011976837,83.6,1.6722,0.016991599,0.285675,0.323196,0.391128
4979,OK,,200.0,341.9107879,19.8308257,143.888889,123.6,2552.579191,56.2790296,0.835482428,0.9863186,0.00565167,0.010000252,83.6,1.6722,0.015651922,0.285675,0.323196,0.391128
4980,OK,,200.0,341.9107879,19.8308257,145.0,123.6,2572.290225,56.7136167,0.685234353,1.11917773,0.006396908,0.008183426,83.6,1.6722,0.014580334,0.285675,0.323196,0.391128
4981,OK,,200.0,347.019931,20.127156,135.0,123.6,2394.890899,52.8023328,2.3507845,0.41990581,0.002445155,0.028451415,83.6,1.6722,0.03089657,0.285675,0.323196,0.391128
4982,OK,,200.0,347.019931,20.127156,136.111111,123.6,2414.601934,53.2369199,2.15048138,0.460181464,0.002674194,0.025994893,83.6,1.6722,0.028669086,0.285675,0.323196,0.391128
4983,OK,,200.0,347.019931,20.127156,137.222222,123.6,2434.312968,53.671507,1.96193134,0.503489129,0.00291971,0.023681254,83.6,1.6722,0.026600964,0.285675,0.323196,0.391128
4984,OK,,200.0,347.019931,20.127156,138.333333,123.6,2454.024002,54.1060941,1.76717697,0.556744234,0.003221658,0.021301274,83.6,1.6722,0.024522932,0.285675,0.323196,0.391128
4985,OK,,200.0,347.019931,20.127156,139.444444,123.6,2473.735036,54.5406812,1.58004672,0.613256521,0.003541003,0.019016958,83.6,1.6722,0.022557961,0.285675,0.323196,0.391128
4986,OK,,200.0,347.019931,20.127156,140.555556,123.6,2493.446088,54.9752683,1.39839325,0.680549334,0.00392085,0.016803382,83.6,1.6722,0.020724232,0.285675,0.323196,0.391128
4987,OK,,200.0,347.019931,20.127156,141.666667,123.6,2513.157123,55.4098554,1.22037864,0.758403824,0.004359489,0.014639369,83.6,1.6722,0.018998858,0.285675,0.323196,0.391128
4988,OK,,200.0,347.019931,20.127156,142.777778,123.6,2532.868157,55.8444425,1.04669888,0.850379457,0.004876817,0.012533367,83.6,1.6722,0.017410184,0.285675,0.323196,0.391128
4989,OK,,200.0,347.019931,20.127156,143.888889,123.6,2552.579191,56.2790296,0.883530317,0.957395154,0.005477379,0.010558438,83.6,1.6722,0.016035817,0.285675,0.323196,0.391128
4990,OK,,200.0,347.019931,20.127156,145.0,123.6,2572.290225,56.7136167,0.726403053,1.08693481,0.00620309,0.008662256,83.6,1.6722,0.014865346,0.285675,0.323196,0.391128
4991,OK,,200.0,352.1290724,20.4234862,135.0,123.6,2394.890899,52.8023328,2.40941329,0.412616971,0.002398624,0.029107261,83.6,1.6722,0.031505885,0.285675,0.323196,0.391128
4992,OK,,200.0,352.1290724,20.4234862,136.111111,123.6,2414.601934,53.2369199,2.22005095,0.450022715,0.002610687,0.026781694,83.6,1.6722,0.029392381,0.285675,0.323196,0.391128
4993,OK,,200.0,352.1290724,20.4234862,137.222222,123.6,2434.312968,53.671507,2.01778626,0.4940383,0.00286011,0.02431199,83.6,1.6722,0.027172099,0.285675,0.323196,0.391128
4994,OK,,200.0,352.1290724,20.4234862,138.333333,123.6,2454.024002,54.1060941,1.8281546,0.544343462,0.003144661,0.02199535,83.6,1.6722,0.025140011,0.285675,0.323196,0.391128
4995,OK,,200.0,352.1290724,20.4234862,139.444444,123.6,2473.735036,54.5406812,1.63739331,0.599383264,0.003455206,0.019671871,83.6,1.6722,0.023127077,0.285675,0.323196,0.391128
4996,OK,,200.0,352.1290724,20.4234862,140.555556,123.6,2493.446088,54.9752683,1.45127519,0.665141384,0.003825855,0.017408997,83.6,1.6722,0.021234852,0.285675,0.323196,0.391128
4997,OK,,200.0,352.1290724,20.4234862,141.666667,123.6,2513.157123,55.4098554,1.27301219,0.739632498,0.00424475,0.015244828,83.6,1.6722,0.019489579,0.285675,0.323196,0.391128
4998,OK,,200.0,352.1290724,20.4234862,142.777778,123.6,2532.868157,55.8444425,1.10134484,0.826093964,0.00473001,0.013165038,83.6,1.6722,0.017895048,0.285675,0.323196,0.391128
4999,OK,,200.0,352.1290724,20.4234862,143.888889,123.6,2552.579191,56.2790296,0.93401296,0.929042942,0.005306852,0.011143404,83.6,1.6722,0.016450256,0.285675,0.323196,0.391128
5000,OK,,200.0,352.1290724,20.4234862,145.0,123.6,2572.290225,56.7136167,0.77297933,1.05276767,0.00599814,0.009200415,83.6,1.6722,0.015198555,0.285675,0.323196,0.391128
5001,OK,,200.0,357.2382155,20.7198165,135.0,123.6,2394.890899,52.8023328,2.46980822,0.405357042,0.002352414,0.029781328,83.6,1.6722,0.032133743,0.285675,0.323196,0.391128
5002,OK,,200.0,357.2382155,20.7198165,136.111111,123.6,2414.601934,53.2369199,2.27110258,0.442955294,0.002565391,0.027350974,83.6,1.6722,0.029916364,0.285675,0.323196,0.391128
5003,OK,,200.0,357.2382155,20.7198165,137.222222,123.6,2434.312968,53.671507,2.07633525,0.48449275,0.002800152,0.024971954,83.6,1.6722,0.027772106,0.285675,0.323196,0.391128
5004,OK,,200.0,357.2382155,20.7198165,138.333333,123.6,2454.024002,54.1060941,1.88328747,0.533672444,0.003077924,0.022618984,83.6,1.6722,0.025696907,0.285675,0.323196,0.391128
5005,OK,,200.0,357.2382155,20.7198165,139.444444,123.6,2473.735036,54.5406812,1.6929322,0.586588911,0.003375909,0.020303504,83.6,1.6722,0.023679413,0.285675,0.323196,0.391128
5006,OK,,200.0,357.2382155,20.7198165,140.555556,123.6,2493.446088,54.9752683,1.50852498,0.649235086,0.003728288,0.018063696,83.6,1.6722,0.021791984,0.285675,0.323196,0.391128
5007,OK,,200.0,357.2382155,20.7198165,141.666667,123.6,2513.157123,55.4098554,1.32572841,0.721834006,0.004135952,0.015849306,83.6,1.6722,0.019985258,0.285675,0.323196,0.391128
5008,OK,,200.0,357.2382155,20.7198165,142.777778,123.6,2532.868157,55.8444425,1.15122383,0.805331009,0.004603812,0.013738781,83.6,1.6722,0.018342593,0.285675,0.323196,0.391128
5009,OK,,200.0,357.2382155,20.7198165,143.888889,123.6,2552.579191,56.2790296,0.984323851,0.902670223,0.005148135,0.011724504,83.6,1.6722,0.016872639,0.285675,0.323196,0.391128
5010,OK,,200.0,357.2382155,20.7198165,145.0,123.6,2572.290225,56.7136167,0.818132125,1.0224241,0.005816992,0.009725873,83.6,1.6722,0.015542865,0.285675,0.323196,0.391128
5011,OK,,200.0,362.3473586,21.0161468,135.0,123.6,2394.890899,52.8023328,2.52798432,0.398626144,0.002309429,0.030427201,83.6,1.6722,0.032736631,0.285675,0.323196,0.391128
5012,OK,,200.0,362.3473586,21.0161468,136.111111,123.6,2414.601934,53.2369199,2.3269207,0.435475724,0.002517833,0.027973309,83.6,1.6722,0.030491142,0.285675,0.323196,0.391128
5013,OK,,200.0,362.3473586,21.0161468,137.222222,123.6,2434.312968,53.671507,2.13433857,0.47599589,0.002746448,0.025623155,83.6,1.6722,0.028369602,0.285675,0.323196,0.391128
5014,OK,,200.0,362.3473586,21.0161468,138.333333,123.6,2454.024002,54.1060941,1.9422897,0.52269321,0.003009604,0.023285257,83.6,1.6722,0.026294861,0.285675,0.323196,0.391128
5015,OK,,200.0,362.3473586,21.0161468,139.444444,123.6,2473.735036,54.5406812,1.7500018,0.574020401,0.00329815,0.02095064,83.6,1.6722,0.02424879,0.285675,0.323196,0.391128
5016,OK,,200.0,362.3473586,21.0161468,140.555556,123.6,2493.446088,54.9752683,1.56521749,0.634284703,0.003636505,0.018709503,83.6,1.6722,0.022346007,0.285675,0.323196,0.391128
5017,OK,,200.0,362.3473586,21.0161468,141.666667,123.6,2513.157123,55.4098554,1.38110406,0.704096534,0.004027822,0.016482706,83.6,1.6722,0.020510528,0.285675,0.323196,0.391128
5018,OK,,200.0,362.3473586,21.0161468,142.777778,123.6,2532.868157,55.8444425,1.20767519,0.783107531,0.004469633,0.014387383,83.6,1.6722,0.018857016,0.285675,0.323196,0.391128
5019,OK,,200.0,362.3473586,21.0161468,143.888889,123.6,2552.579191,56.2790296,1.03300397,0.878787059,0.005004062,0.01228457,83.6,1.6722,0.017288632,0.285675,0.323196,0.391128
5020,OK,,200.0,362.3473586,21.0161468,145.0,123.6,2572.290225,56.7136167,0.872042864,0.988437528,0.005614942,0.010349388,83.6,1.6722,0.015964329,0.285675,0.323196,0.391128
5021,OK,,200.0,367.4565017,21.3124771,135.0,123.6,2394.890899,52.8023328,2.58860485,0.39183426,0.002266221,0.031098723,83.6,1.6722,0.033364943,0.285675,0.323196,0.391128
5022,OK,,200.0,367.4565017,21.3124771,136.111111,123.6,2414.601934,53.2369199,2.3943265,0.426686428,0.002462815,0.028726896,83.6,1.6722,0.031189711,0.285675,0.323196,0.391128
5023,OK,,200.0,367.4565017,21.3124771,137.222222,123.6,2434.312968,53.671507,2.19368658,0.466965687,0.002689843,0.026287484,83.6,1.6722,0.028977327,0.285675,0.323196,0.391128
5024,OK,,200.0,367.4565017,21.3124771,138.333333,123.6,2454.024002,54.1060941,1.99775629,0.511400659,0.002939724,0.023908137,83.6,1.6722,0.026847861,0.285675,0.323196,0.391128
5025,OK,,200.0,367.4565017,21.3124771,139.444444,123.6,2473.735036,54.5406812,1.8083218,0.562347554,0.003225763,0.021609895,83.6,1.6722,0.024835658,0.285675,0.323196,0.391128
5026,OK,,200.0,367.4565017,21.3124771,140.555556,123.6,2493.446088,54.9752683,1.61884641,0.620849388,0.003553692,0.019317366,83.6,1.6722,0.022871058,0.285675,0.323196,0.391128
5027,OK,,200.0,367.4565017,21.3124771,141.666667,123.6,2513.157123,55.4098554,1.43908928,0.686488796,0.003920752,0.017144217,83.6,1.6722,0.021064968,0.285675,0.323196,0.391128
5028,OK,,200.0,367.4565017,21.3124771,142.777778,123.6,2532.868157,55.8444425,1.25909538,0.764101946,0.004354212,0.014975031,83.6,1.6722,0.019329243,0.285675,0.323196,0.391128
5029,OK,,200.0,367.4565017,21.3124771,143.888889,123.6,2552.579191,56.2790296,1.08718867,0.853761977,0.004853906,0.012907017,83.6,1.6722,0.017760923,0.285675,0.323196,0.391128
5030,OK,,200.0,367.4565017,21.3124771,145.0,123.6,2572.290225,56.7136167,0.917493059,0.961947782,0.005455998,0.010871946,83.6,1.6722,0.016327944,0.285675,0.323196,0.391128
5031,OK,,200.0,372.5656431,21.6088073,135.0,123.6,2394.890899,52.8023328,2.64853267,0.385349702,0.002224938,0.031759986,83.6,1.6722,0.033984924,0.285675,0.323196,0.391128
5032,OK,,200.0,372.5656431,21.6088073,136.111111,123.6,2414.601934,53.2369199,2.45146379,0.419580014,0.00241773,0.029359707,83.6,1.6722,0.031777437,0.285675,0.323196,0.391128
5033,OK,,200.0,372.5656431,21.6088073,137.222222,123.6,2434.312968,53.671507,2.25494748,0.457957223,0.002633545,0.026971576,83.6,1.6722,0.02960512,0.285675,0.323196,0.391128
5034,OK,,200.0,372.5656431,21.6088073,138.333333,123.6,2454.024002,54.1060941,2.05768583,0.501798895,0.002879746,0.024580446,83.6,1.6722,0.027460193,0.285675,0.323196,0.391128
5035,OK,,200.0,372.5656431,21.6088073,139.444444,123.6,2473.735036,54.5406812,1.86561908,0.550818038,0.003154442,0.022255088,83.6,1.6722,0.02540953,0.285675,0.323196,0.391128
5036,OK,,200.0,372.5656431,21.6088073,140.555556,123.6,2493.446088,54.9752683,1.67784851,0.606688434,0.003466976,0.019985526,83.6,1.6722,0.023452502,0.285675,0.323196,0.391128
5037,OK,,200.0,372.5656431,21.6088073,141.666667,123.6,2513.157123,55.4098554,1.49159857,0.671417045,0.003828507,0.017739908,83.6,1.6722,0.021568416,0.285675,0.323196,0.391128
5038,OK,,200.0,372.5656431,21.6088073,142.777778,123.6,2532.868157,55.8444425,1.31182307,0.745629774,0.004242184,0.015576006,83.6,1.6722,0.01981819,0.285675,0.323196,0.391128
5039,OK,,200.0,372.5656431,21.6088073,143.888889,123.6,2552.579191,56.2790296,1.13938062,0.831172595,0.004718042,0.01350422,83.6,1.6722,0.018222263,0.285675,0.323196,0.391128
5040,OK,,200.0,372.5656431,21.6088073,145.0,123.6,2572.290225,56.7136167,0.97119229,0.932546828,0.005281034,0.011489057,83.6,1.6722,0.016770091,0.285675,0.323196,0.391128
5041,OK,,200.0,377.6747862,21.9051376,135.0,123.6,2394.890899,52.8023328,2.70817781,0.379116897,0.002185235,0.032415229,83.6,1.6722,0.034600464,0.285675,0.323196,0.391128
5042,OK,,200.0,377.6747862,21.9051376,136.111111,123.6,2414.601934,53.2369199,2.5129556,0.412095839,0.002370602,0.030039925,83.6,1.6722,0.032410527,0.285675,0.323196,0.391128
5043,OK,,200.0,377.6747862,21.9051376,137.222222,123.6,2434.312968,53.671507,2.30237647,0.451363752,0.002591346,0.027493926,83.6,1.6722,0.030085272,0.285675,0.323196,0.391128
5044,OK,,200.0,377.6747862,21.9051376,138.333333,123.6,2454.024002,54.1060941,2.10336997,0.494387739,0.00283257,0.025086012,83.6,1.6722,0.027918582,0.285675,0.323196,0.391128
5045,OK,,200.0,377.6747862,21.9051376,139.444444,123.6,2473.735036,54.5406812,1.92260745,0.539843975,0.003086513,0.022894173,83.6,1.6722,0.025980686,0.285675,0.323196,0.391128
5046,OK,,200.0,377.6747862,21.9051376,140.555556,123.6,2493.446088,54.9752683,1.73307464,0.594093269,0.003389469,0.02060742,83.6,1.6722,0.023996889,0.285675,0.323196,0.391128
5047,OK,,200.0,377.6747862,21.9051376,141.666667,123.6,2513.157123,55.4098554,1.55074619,0.655200072,0.003729985,0.018410248,83.6,1.6722,0.022140233,0.285675,0.323196,0.391128
5048,OK,,200.0,377.6747862,21.9051376,142.777778,123.6,2532.868157,55.8444425,1.36606627,0.727619783,0.004133101,0.016192354,83.6,1.6722,0.020325455,0.285675,0.323196,0.391128
5049,OK,,200.0,377.6747862,21.9051376,143.888889,123.6,2552.579191,56.2790296,1.19271752,0.809436246,0.004587398,0.01411257,83.6,1.6722,0.018699968,0.285675,0.323196,0.391128
5050,OK,,200.0,377.6747862,21.9051376,145.0,123.6,2572.290225,56.7136167,1.02007828,0.907631898,0.005131935,0.012048018,83.6,1.6722,0.017179953,0.285675,0.323196,0.391128
5051,OK,,200.0,382.7839293,22.2014679,135.0,123.6,2394.890899,52.8023328,2.76841797,0.37302179,0.002146453,0.033074857,83.6,1.6722,0.035221311,0.285675,0.323196,0.391128
5052,OK,,200.0,382.7839293,22.2014679,136.111111,123.6,2414.601934,53.2369199,2.55536827,0.407231238,0.002338758,0.030499527,83.6,1.6722,0.032838285,0.285675,0.323196,0.391128
5053,OK,,200.0,382.7839293,22.2014679,137.222222,123.6,2434.312968,53.671507,2.37004994,0.442080688,0.002533777,0.028246585,83.6,1.6722,0.030780361,0.285675,0.323196,0.391128
5054,OK,,200.0,382.7839293,22.2014679,138.333333,123.6,2454.024002,54.1060941,2.17311676,0.48322653,0.002763984,0.02586636,83.6,1.6722,0.028630344,0.285675,0.323196,0.391128
5055,OK,,200.0,382.7839293,22.2014679,139.444444,123.6,2473.735036,54.5406812,1.98043104,0.529160313,0.003020455,0.023540608,83.6,1.6722,0.026561063,0.285675,0.323196,0.391128
5056,OK,,200.0,382.7839293,22.2014679,140.555556,123.6,2493.446088,54.9752683,1.78940569,0.581794828,0.003313894,0.02123989,83.6,1.6722,0.024553784,0.285675,0.323196,0.391128
5057,OK,,200.0,382.7839293,22.2014679,141.666667,123.6,2513.157123,55.4098554,1.60133134,0.642107721,0.003649172,0.018975605,83.6,1.6722,0.022624777,0.285675,0.323196,0.391128
5058,OK,,200.0,382.7839293,22.2014679,142.777778,123.6,2532.868157,55.8444425,1.41812468,0.711245285,0.004033637,0.016781326,83.6,1.6722,0.020814963,0.285675,0.323196,0.391128
5059,OK,,200.0,382.7839293,22.2014679,143.888889,123.6,2552.579191,56.2790296,1.2427308,0.790237665,0.004471521,0.014680376,83.6,1.6722,0.019151897,0.285675,0.323196,0.391128
5060,OK,,200.0,382.7839293,22.2014679,145.0,123.6,2572.290225,56.7136167,1.07468832,0.881394067,0.004975155,0.012668033,83.6,1.6722,0.017643188,0.285675,0.323196,0.391128
5061,OK,,200.0,387.8930724,22.4977982,135.0,123.6,2394.890899,52.8023328,2.82779909,0.367191019,0.002109327,0.03372233,83.6,1.6722,0.035831657,0.285675,0.323196,0.391128
5062,OK,,200.0,387.8930724,22.4977982,136.111111,123.6,2414.601934,53.2369199,2.6202894,0.399773933,0.002292054,0.031214429,83.6,1.6722,0.033506483,0.285675,0.323196,0.391128
5063,OK,,200.0,387.8930724,22.4977982,137.222222,123.6,2434.312968,53.671507,2.42535236,0.434865403,0.002488283,0.028854984,83.6,1.6722,0.031343267,0.285675,0.323196,0.391128
5064,OK,,200.0,387.8930724,22.4977982,138.333333,123.6,2454.024002,54.1060941,2.23201417,0.473512377,0.002703938,0.026519428,83.6,1.6722,0.029223366,0.285675,0.323196,0.391128
5065,OK,,200.0,387.8930724,22.4977982,139.444444,123.6,2473.735036,54.5406812,2.03186934,0.520085161,0.002963805,0.024111472,83.6,1.6722,0.027075277,0.285675,0.323196,0.391128
5066,OK,,200.0,387.8930724,22.4977982,140.555556,123.6,2493.446088,54.9752683,1.85331347,0.568395685,0.003232263,0.021957242,83.6,1.6722,0.025189505,0.285675,0.323196,0.391128
5067,OK,,200.0,387.8930724,22.4977982,141.666667,123.6,2513.157123,55.4098554,1.65841399,0.627869507,0.003562872,0.019621345,83.6,1.6722,0.023184217,0.285675,0.323196,0.391128
5068,OK,,200.0,387.8930724,22.4977982,142.777778,123.6,2532.868157,55.8444425,1.47210155,0.695073341,0.00393562,0.017390462,83.6,1.6722,0.021326082,0.285675,0.323196,0.391128
5069,OK,,200.0,387.8930724,22.4977982,143.888889,123.6,2552.579191,56.2790296,1.29515606,0.771140465,0.00435656,0.015274193,83.6,1.6722,0.019630753,0.285675,0.323196,0.391128
5070,OK,,200.0,387.8930724,22.4977982,145.0,123.6,2572.290225,56.7136167,1.12156215,0.860443139,0.004849943,0.01320348,83.6,1.6722,0.018053423,0.285675,0.323196,0.391128
5071,OK,,200.0,393.0022138,22.7941284,135.0,123.6,2394.890899,52.8023328,2.88649987,0.361558912,0.002073482,0.034360149,83.6,1.6722,0.036433631,0.285675,0.323196,0.391128
5072,OK,,200.0,393.0022138,22.7941284,136.111111,123.6,2414.601934,53.2369199,2.68080745,0.393090688,0.002249962,0.031876865,83.6,1.6722,0.034126827,0.285675,0.323196,0.391128
5073,OK,,200.0,393.0022138,22.7941284,137.222222,123.6,2434.312968,53.671507,2.48899731,0.42677795,0.002437928,0.029556615,83.6,1.6722,0.031994543,0.285675,0.323196,0.391128
5074,OK,,200.0,393.0022138,22.7941284,138.333333,123.6,2454.024002,54.1060941,2.29278078,0.464616372,0.002648749,0.027191743,83.6,1.6722,0.029840491,0.285675,0.323196,0.391128
5075,OK,,200.0,393.0022138,22.7941284,139.444444,123.6,2473.735036,54.5406812,2.09631903,0.508812149,0.002894783,0.024829591,83.6,1.6722,0.027724374,0.285675,0.323196,0.391128
5076,OK,,200.0,393.0022138,22.7941284,140.555556,123.6,2493.446088,54.9752683,1.90513014,0.558108155,0.003168626,0.022533535,83.6,1.6722,0.02570216,0.285675,0.323196,0.391128
5077,OK,,200.0,393.0022138,22.7941284,141.666667,123.6,2513.157123,55.4098554,1.71566225,0.614262345,0.003480035,0.020263222,83.6,1.6722,0.023743257,0.285675,0.323196,0.391128
5078,OK,,200.0,393.0022138,22.7941284,142.777778,123.6,2532.868157,55.8444425,1.53239901,0.677837692,0.00383188,0.01807043,83.6,1.6722,0.02190231,0.285675,0.323196,0.391128
5079,OK,,200.0,393.0022138,22.7941284,143.888889,123.6,2552.579191,56.2790296,1.35082204,0.751897438,0.00424113,0.015903525,83.6,1.6722,0.020144655,0.285675,0.323196,0.391128
5080,OK,,200.0,393.0022138,22.7941284,145.0,123.6,2572.290225,56.7136167,1.17661109,0.837024442,0.004710572,0.013828201,83.6,1.6722,0.018538773,0.285675,0.323196,0.391128
5081,OK,,200.0,398.1113569,23.0904587,135.0,123.6,2394.890899,52.8023328,2.94968067,0.355659625,0.002036199,0.035045968,83.6,1.6722,0.037082167,0.285675,0.323196,0.391128
5082,OK,,200.0,398.1113569,23.0904587,136.111111,123.6,2414.601934,53.2369199,2.75081344,0.385571596,0.002203182,0.032644086,83.6,1.6722,0.034847268,0.285675,0.323196,0.391128
5083,OK,,200.0,398.1113569,23.0904587,137.222222,123.6,2434.312968,53.671507,2.5463781,0.419793213,0.002394043,0.03018413,83.6,1.6722,0.032578173,0.285675,0.323196,0.391128
5084,OK,,200.0,398.1113569,23.0904587,138.333333,123.6,2454.024002,54.1060941,2.35227751,0.456247273,0.002596731,0.027846858,83.6,1.6722,0.030443589,0.285675,0.323196,0.391128
5085,OK,,200.0,398.1113569,23.0904587,139.444444,123.6,2473.735036,54.5406812,2.15320421,0.499512467,0.002837213,0.025458426,83.6,1.6722,0.02829564,0.285675,0.323196,0.391128
5086,OK,,200.0,398.1113569,23.0904587,140.555556,123.6,2493.446088,54.9752683,1.96142557,0.5473232,0.003102336,0.023158883,83.6,1.6722,0.026261219,0.285675,0.323196,0.391128
5087,OK,,200.0,398.1113569,23.0904587,141.666667,123.6,2513.157123,55.4098554,1.77414698,0.600987799,0.003399319,0.020916797,83.6,1.6722,0.024316116,0.285675,0.323196,0.391128
5088,OK,,200.0,398.1113569,23.0904587,142.777778,123.6,2532.868157,55.8444425,1.58845503,0.66267918,0.003740187,0.018699098,83.6,1.6722,0.022439285,0.285675,0.323196,0.391128
5089,OK,,200.0,398.1113569,23.0904587,143.888889,123.6,2552.579191,56.2790296,1.40784539,0.73324231,0.00412934,0.016546128,83.6,1.6722,0.020675468,0.285675,0.323196,0.391128
5090,OK,,200.0,398.1113569,23.0904587,145.0,123.6,2572.290225,56.7136167,1.2297718,0.815770408,0.004583766,0.014428925,83.6,1.6722,0.019012692,0.285675,0.323196,0.391128
5091,OK,,200.0,403.2205,23.386789,135.0,123.6,2394.890899,52.8023328,3.01470544,0.349774761,0.001999112,0.035749914,83.6,1.6722,0.037749027,0.285675,0.323196,0.391128
5092,OK,,200.0,403.2205,23.386789,136.111111,123.6,2414.601934,53.2369199,2.81092956,0.379401561,0.002164292,0.033296433,83.6,1.6722,0.035460725,0.285675,0.323196,0.391128
5093,OK,,200.0,403.2205,23.386789,137.222222,123.6,2434.312968,53.671507,2.60870444,0.412426425,0.002348102,0.030865387,83.6,1.6722,0.033213489,0.285675,0.323196,0.391128
5094,OK,,200.0,403.2205,23.386789,138.333333,123.6,2454.024002,54.1060941,2.41071853,0.448331179,0.002547458,0.028487554,83.6,1.6722,0.031035012,0.285675,0.323196,0.391128
5095,OK,,200.0,403.2205,23.386789,139.444444,123.6,2473.735036,54.5406812,2.21162725,0.49027718,0.002780017,0.026098612,83.6,1.6722,0.028878629,0.285675,0.323196,0.391128
5096,OK,,200.0,403.2205,23.386789,140.555556,123.6,2493.446088,54.9752683,2.02378475,0.535813033,0.003032122,0.023851142,83.6,1.6722,0.026883263,0.285675,0.323196,0.391128
5097,OK,,200.0,403.2205,23.386789,141.666667,123.6,2513.157123,55.4098554,1.8283379,0.589269194,0.003327659,0.021518952,83.6,1.6722,0.02484661,0.285675,0.323196,0.391128
5098,OK,,200.0,403.2205,23.386789,142.777778,123.6,2532.868157,55.8444425,1.64173155,0.648971724,0.003656964,0.019293737,83.6,1.6722,0.022950701,0.285675,0.323196,0.391128
5099,OK,,200.0,403.2205,23.386789,143.888889,123.6,2552.579191,56.2790296,1.4627004,0.716260417,0.004027304,0.017161604,83.6,1.6722,0.021188907,0.285675,0.323196,0.391128
5100,OK,,200.0,403.2205,23.386789,145.0,123.6,2572.290225,56.7136167,1.28266269,0.795798408,0.004464531,0.01502451,83.6,1.6722,0.019489041,0.285675,0.323196,0.391128
5101,OK,,200.0,408.3296431,23.6831193,135.0,123.6,2394.890899,52.8023328,3.07157873,0.344832523,0.001967562,0.036359648,83.6,1.6722,0.03832721,0.285675,0.323196,0.391128
5102,OK,,200.0,408.3296431,23.6831193,136.111111,123.6,2414.601934,53.2369199,2.86989608,0.373545599,0.002127326,0.033933538,83.6,1.6722,0.036060863,0.285675,0.323196,0.391128
5103,OK,,200.0,408.3296431,23.6831193,137.222222,123.6,2434.312968,53.671507,2.66899366,0.405557597,0.002305152,0.03152119,83.6,1.6722,0.033826343,0.285675,0.323196,0.391128
5104,OK,,200.0,408.3296431,23.6831193,138.333333,123.6,2454.024002,54.1060941,2.4683374,0.440801946,0.002500544,0.029116736,83.6,1.6722,0.03161728,0.285675,0.323196,0.391128
5105,OK,,200.0,408.3296431,23.6831193,139.444444,123.6,2473.735036,54.5406812,2.2722894,0.481099669,0.002723655,0.026769756,83.6,1.6722,0.029493411,0.285675,0.323196,0.391128
5106,OK,,200.0,408.3296431,23.6831193,140.555556,123.6,2493.446088,54.9752683,2.0769205,0.526479895,0.002974476,0.024436038,83.6,1.6722,0.027410514,0.285675,0.323196,0.391128
5107,OK,,200.0,408.3296431,23.6831193,141.666667,123.6,2513.157123,55.4098554,1.89484026,0.575396163,0.003243954,0.022258616,83.6,1.6722,0.02550257,0.285675,0.323196,0.391128
5108,OK,,200.0,408.3296431,23.6831193,142.777778,123.6,2532.868157,55.8444425,1.69845965,0.634984696,0.003572414,0.019925832,83.6,1.6722,0.023498246,0.285675,0.323196,0.391128
5109,OK,,200.0,408.3296431,23.6831193,143.888889,123.6,2552.579191,56.2790296,1.50623669,0.703537261,0.003949539,0.017645611,83.6,1.6722,0.02159515,0.285675,0.323196,0.391128
5110,OK,,200.0,408.3296431,23.6831193,145.0,123.6,2572.290225,56.7136167,1.33415415,0.777394025,0.004354445,0.01560213,83.6,1.6722,0.019956575,0.285675,0.323196,0.391128
5111,OK,,200.0,413.4387845,23.9794495,135.0,123.6,2394.890899,52.8023328,3.13338794,0.339588571,0.001934367,0.037022077,83.6,1.6722,0.038956444,0.285675,0.323196,0.391128
5112,OK,,200.0,413.4387845,23.9794495,136.111111,123.6,2414.601934,53.2369199,2.92755304,0.368007502,0.002092282,0.034553179,83.6,1.6722,0.036645461,0.285675,0.323196,0.391128
5113,OK,,200.0,413.4387845,23.9794495,137.222222,123.6,2434.312968,53.671507,2.72668572,0.399222604,0.002265371,0.032144926,83.6,1.6722,0.034410297,0.285675,0.323196,0.391128
5114,OK,,200.0,413.4387845,23.9794495,138.333333,123.6,2454.024002,54.1060941,2.52799184,0.433262412,0.002453703,0.029766285,83.6,1.6722,0.032219988,0.285675,0.323196,0.391128
5115,OK,,200.0,413.4387845,23.9794495,139.444444,123.6,2473.735036,54.5406812,2.33133296,0.472481464,0.002670463,0.027415922,83.6,1.6722,0.030086385,0.285675,0.323196,0.391128
5116,OK,,200.0,413.4387845,23.9794495,140.555556,123.6,2493.446088,54.9752683,2.13634896,0.516375673,0.002912619,0.025090008,83.6,1.6722,0.028002628,0.285675,0.323196,0.391128
5117,OK,,200.0,413.4387845,23.9794495,141.666667,123.6,2513.157123,55.4098554,1.9429986,0.565934025,0.003185549,0.022788303,83.6,1.6722,0.025973852,0.285675,0.323196,0.391128
5118,OK,,200.0,413.4387845,23.9794495,142.777778,123.6,2532.868157,55.8444425,1.7520204,0.622404149,0.003496023,0.0205194,83.6,1.6722,0.024015423,0.285675,0.323196,0.391128
5119,OK,,200.0,413.4387845,23.9794495,143.888889,123.6,2552.579191,56.2790296,1.57024672,0.685371466,0.0038414,0.01836146,83.6,1.6722,0.02220286,0.285675,0.323196,0.391128
5120,OK,,200.0,413.4387845,23.9794495,145.0,123.6,2572.290225,56.7136167,1.3920334,0.757722357,0.004237308,0.016248918,83.6,1.6722,0.020486226,0.285675,0.323196,0.391128
5121,OK,,200.0,418.5479276,24.2757798,135.0,123.6,2394.890899,52.8023328,3.1919008,0.334782387,0.001903797,0.037645841,83.6,1.6722,0.039549638,0.285675,0.323196,0.391128
5122,OK,,200.0,418.5479276,24.2757798,136.111111,123.6,2414.601934,53.2369199,2.98974883,0.362174861,0.002055676,0.03522209,83.6,1.6722,0.037277766,0.285675,0.323196,0.391128
5123,OK,,200.0,418.5479276,24.2757798,137.222222,123.6,2434.312968,53.671507,2.78924322,0.392529551,0.002223685,0.032821674,83.6,1.6722,0.035045359,0.285675,0.323196,0.391128
5124,OK,,200.0,418.5479276,24.2757798,138.333333,123.6,2454.024002,54.1060941,2.58550216,0.426247294,0.002410003,0.030389865,83.6,1.6722,0.032799867,0.285675,0.323196,0.391128
5125,OK,,200.0,418.5479276,24.2757798,139.444444,123.6,2473.735036,54.5406812,2.3897538,0.464255873,0.002619678,0.028053215,83.6,1.6722,0.030672893,0.285675,0.323196,0.391128
5126,OK,,200.0,418.5479276,24.2757798,140.555556,123.6,2493.446088,54.9752683,2.19468397,0.506653774,0.002853138,0.025729712,83.6,1.6722,0.02858285,0.285675,0.323196,0.391128
5127,OK,,200.0,418.5479276,24.2757798,141.666667,123.6,2513.157123,55.4098554,2.00319913,0.554404851,0.003115607,0.023452423,83.6,1.6722,0.026568029,0.285675,0.323196,0.391128
5128,OK,,200.0,418.5479276,24.2757798,142.777778,123.6,2532.868157,55.8444425,1.81222067,0.608789433,0.003414064,0.021186723,83.6,1.6722,0.024600787,0.285675,0.323196,0.391128
5129,OK,,200.0,418.5479276,24.2757798,143.888889,123.6,2552.579191,56.2790296,1.62750144,0.67002044,0.0037494,0.018998159,83.6,1.6722,0.022747559,0.285675,0.323196,0.391128
5130,OK,,200.0,418.5479276,24.2757798,145.0,123.6,2572.290225,56.7136167,1.44455543,0.740837809,0.004136637,0.016836061,83.6,1.6722,0.020972698,0.285675,0.323196,0.391128
5131,OK,,200.0,423.6570707,24.5721101,135.0,123.6,2394.890899,52.8023328,3.25206896,0.329975268,0.001873304,0.038285204,83.6,1.6722,0.040158508,0.285675,0.323196,0.391128
5132,OK,,200.0,423.6570707,24.5721101,136.111111,123.6,2414.601934,53.2369199,3.05193483,0.356530153,0.002020242,0.0358878,83.6,1.6722,0.037908041,0.285675,0.323196,0.391128
5133,OK,,200.0,423.6570707,24.5721101,137.222222,123.6,2434.312968,53.671507,2.84778534,0.386501731,0.0021859,0.03345038,83.6,1.6722,0.03563628,0.285675,0.323196,0.391128
5134,OK,,200.0,423.6570707,24.5721101,138.333333,123.6,2454.024002,54.1060941,2.64586359,0.419513277,0.002368,0.031042753,83.6,1.6722,0.033410753,0.285675,0.323196,0.391128
5135,OK,,200.0,423.6570707,24.5721101,139.444444,123.6,2473.735036,54.5406812,2.44141549,0.457290496,0.002576167,0.028611685,83.6,1.6722,0.031187852,0.285675,0.323196,0.391128
5136,OK,,200.0,423.6570707,24.5721101,140.555556,123.6,2493.446088,54.9752683,2.25290121,0.497503723,0.002797041,0.026365389,83.6,1.6722,0.02916243,0.285675,0.323196,0.391128
5137,OK,,200.0,423.6570707,24.5721101,141.666667,123.6,2513.157123,55.4098554,2.0636049,0.543326067,0.003048391,0.024116087,83.6,1.6722,0.027164478,0.285675,0.323196,0.391128
5138,OK,,200.0,423.6570707,24.5721101,142.777778,123.6,2532.868157,55.8444425,1.86113976,0.598313987,0.003349965,0.021723538,83.6,1.6722,0.025073503,0.285675,0.323196,0.391128
5139,OK,,200.0,423.6570707,24.5721101,143.888889,123.6,2552.579191,56.2790296,1.67868257,0.656997068,0.003670689,0.019563427,83.6,1.6722,0.023234116,0.285675,0.323196,0.391128
5140,OK,,200.0,423.6570707,24.5721101,145.0,123.6,2572.290225,56.7136167,1.49682793,0.724858526,0.004041042,0.017416474,83.6,1.6722,0.021457516,0.285675,0.323196,0.391128
5141,OK,,200.0,428.7662138,24.8684404,135.0,123.6,2394.890899,52.8023328,3.31065111,0.325431951,0.001844417,0.038904886,83.6,1.6722,0.040749303,0.285675,0.323196,0.391128
5142,OK,,200.0,428.7662138,24.8684404,136.111111,123.6,2414.601934,53.2369199,3.10924752,0.351511239,0.00198849,0.036497056,83.6,1.6722,0.038485546,0.285675,0.323196,0.391128
5143,OK,,200.0,428.7662138,24.8684404,137.222222,123.6,2434.312968,53.671507,2.90715511,0.380566148,0.002148761,0.03408634,83.6,1.6722,0.0362351,0.285675,0.323196,0.391128
5144,OK,,200.0,428.7662138,24.8684404,138.333333,123.6,2454.024002,54.1060941,2.70747254,0.412461331,0.002324345,0.031707487,83.6,1.6722,0.034031832,0.285675,0.323196,0.391128
5145,OK,,200.0,428.7662138,24.8684404,139.444444,123.6,2473.735036,54.5406812,2.51217853,0.447898605,0.002519071,0.029382977,83.6,1.6722,0.031902048,0.285675,0.323196,0.391128
5146,OK,,200.0,428.7662138,24.8684404,140.555556,123.6,2493.446088,54.9752683,2.31677542,0.487790648,0.002737945,0.027062662,83.6,1.6722,0.029800607,0.285675,0.323196,0.391128
5147,OK,,200.0,428.7662138,24.8684404,141.666667,123.6,2513.157123,55.4098554,2.1170339,0.53377839,0.002990004,0.024698907,83.6,1.6722,0.027688911,0.285675,0.323196,0.391128
5148,OK,,200.0,428.7662138,24.8684404,142.777778,123.6,2532.868157,55.8444425,1.92445345,0.585116839,0.003270795,0.022421419,83.6,1.6722,0.025692215,0.285675,0.323196,0.391128
5149,OK,,200.0,428.7662138,24.8684404,143.888889,123.6,2552.579191,56.2790296,1.73683408,0.642744814,0.003585346,0.02020587,83.6,1.6722,0.023791216,0.285675,0.323196,0.391128
5150,OK,,200.0,428.7662138,24.8684404,145.0,123.6,2572.290225,56.7136167,1.5491399,0.70959758,0.003949747,0.017995548,83.6,1.6722,0.021945295,0.285675,0.323196,0.391128
5151,OK,,200.0,433.8753552,25.1647706,135.0,123.6,2394.890899,52.8023328,3.3744495,0.320589966,0.001813915,0.039580192,83.6,1.6722,0.041394107,0.285675,0.323196,0.391128
5152,OK,,200.0,433.8753552,25.1647706,136.111111,123.6,2414.601934,53.2369199,3.17144457,0.346187049,0.001955097,0.037158435,83.6,1.6722,0.039113532,0.285675,0.323196,0.391128
5153,OK,,200.0,433.8753552,25.1647706,137.222222,123.6,2434.312968,53.671507,2.96926573,0.374528885,0.002111157,0.034750557,83.6,1.6722,0.036861715,0.285675,0.323196,0.391128
5154,OK,,200.0,433.8753552,25.1647706,138.333333,123.6,2454.024002,54.1060941,2.76512704,0.406103322,0.002284752,0.032325586,83.6,1.6722,0.034610339,0.285675,0.323196,0.391128
5155,OK,,200.0,433.8753552,25.1647706,139.444444,123.6,2473.735036,54.5406812,2.5691713,0.440709308,0.002474587,0.029997111,83.6,1.6722,0.032471698,0.285675,0.323196,0.391128
5156,OK,,200.0,433.8753552,25.1647706,140.555556,123.6,2493.446088,54.9752683,2.3729545,0.47962678,0.002687753,0.027671009,83.6,1.6722,0.030358762,0.285675,0.323196,0.391128
5157,OK,,200.0,433.8753552,25.1647706,141.666667,123.6,2513.157123,55.4098554,2.17399649,0.524125494,0.002931196,0.025319496,83.6,1.6722,0.028250692,0.285675,0.323196,0.391128
5158,OK,,200.0,433.8753552,25.1647706,142.777778,123.6,2532.868157,55.8444425,1.98389054,0.573308699,0.003199642,0.023073077,83.6,1.6722,0.026272719,0.285675,0.323196,0.391128
5159,OK,,200.0,433.8753552,25.1647706,143.888889,123.6,2552.579191,56.2790296,1.79570741,0.628961433,0.003502873,0.020854213,83.6,1.6722,0.024357087,0.285675,0.323196,0.391128
5160,OK,,200.0,433.8753552,25.1647706,145.0,123.6,2572.290225,56.7136167,1.5857747,0.699547221,0.003887753,0.018395415,83.6,1.6722,0.022283168,0.285675,0.323196,0.391128
5161,OK,,200.0,438.9844983,25.4611009,135.0,123.6,2394.890899,52.8023328,3.43549903,0.316104437,0.001785537,0.040222507,83.6,1.6722,0.042008043,0.285675,0.323196,0.391128
5162,OK,,200.0,438.9844983,25.4611009,136.111111,123.6,2414.601934,53.2369199,3.23104931,0.341249656,0.001924004,0.03778857,83.6,1.6722,0.039712573,0.285675,0.323196,0.391128
5163,OK,,200.0,438.9844983,25.4611009,137.222222,123.6,2434.312968,53.671507,3.0283099,0.368985649,0.002076468,0.035378199,83.6,1.6722,0.037454667,0.285675,0.323196,0.391128
5164,OK,,200.0,438.9844983,25.4611009,138.333333,123.6,2454.024002,54.1060941,2.82807828,0.399344637,0.002243012,0.033000527,83.6,1.6722,0.035243539,0.285675,0.323196,0.391128
5165,OK,,200.0,438.9844983,25.4611009,139.444444,123.6,2473.735036,54.5406812,2.62739727,0.433593384,0.002430649,0.03062282,83.6,1.6722,0.033053469,0.285675,0.323196,0.391128
5166,OK,,200.0,438.9844983,25.4611009,140.555556,123.6,2493.446088,54.9752683,2.4278423,0.471930409,0.002640339,0.028262763,83.6,1.6722,0.030903102,0.285675,0.323196,0.391128
5167,OK,,200.0,438.9844983,25.4611009,141.666667,123.6,2513.157123,55.4098554,2.23646451,0.513892078,0.002869304,0.025999616,83.6,1.6722,0.02886892,0.285675,0.323196,0.391128
5168,OK,,200.0,438.9844983,25.4611009,142.777778,123.6,2532.868157,55.8444425,2.04397877,0.561860223,0.00313071,0.023729697,83.6,1.6722,0.026860407,0.285675,0.323196,0.391128
5169,OK,,200.0,438.9844983,25.4611009,143.888889,123.6,2552.579191,56.2790296,1.85525466,0.615652041,0.003423316,0.021507899,83.6,1.6722,0.024931216,0.285675,0.323196,0.391128
5170,OK,,200.0,438.9844983,25.4611009,145.0,123.6,2572.290225,56.7136167,1.66438563,0.678168866,0.003762911,0.019267725,83.6,1.6722,0.023030636,0.285675,0.323196,0.391128
5171,OK,,200.0,444.0936414,25.7574312,135.0,123.6,2394.890899,52.8023328,3.49872847,0.311574015,0.00175699,0.04088656,83.6,1.6722,0.042643551,0.285675,0.323196,0.391128
5172,OK,,200.0,444.0936414,25.7574312,136.111111,123.6,2414.601934,53.2369199,3.29066875,0.336448358,0.001893778,0.038416644,83.6,1.6722,0.040310422,0.285675,0.323196,0.391128
5173,OK,,200.0,444.0936414,25.7574312,137.222222,123.6,2434.312968,53.671507,3.09505921,0.362858023,0.002038577,0.036089032,83.6,1.6722,0.038127608,0.285675,0.323196,0.391128
5174,OK,,200.0,444.0936414,25.7574312,138.333333,123.6,2454.024002,54.1060941,2.89030718,0.392884597,0.002203085,0.033664963,83.6,1.6722,0.035868048,0.285675,0.323196,0.391128
5175,OK,,200.0,444.0936414,25.7574312,139.444444,123.6,2473.735036,54.5406812,2.68634511,0.426615585,0.002387622,0.031254393,83.6,1.6722,0.033642016,0.285675,0.323196,0.391128
5176,OK,,200.0,444.0936414,25.7574312,140.555556,123.6,2493.446088,54.9752683,2.49116265,0.463279556,0.002587707,0.028946649,83.6,1.6722,0.031534357,0.285675,0.323196,0.391128
5177,OK,,200.0,444.0936414,25.7574312,141.666667,123.6,2513.157123,55.4098554,2.29677537,0.504412071,0.002811818,0.026653158,83.6,1.6722,0.029464975,0.285675,0.323196,0.391128
5178,OK,,200.0,444.0936414,25.7574312,142.777778,123.6,2532.868157,55.8444425,2.09984647,0.551482776,0.003067973,0.024336728,83.6,1.6722,0.0274047,0.285675,0.323196,0.391128
5179,OK,,200.0,444.0936414,25.7574312,143.888889,123.6,2552.579191,56.2790296,1.90942671,0.604079486,0.00335361,0.022098825,83.6,1.6722,0.025452435,0.285675,0.323196,0.391128
5180,OK,,200.0,444.0936414,25.7574312,145.0,123.6,2572.290225,56.7136167,1.72136342,0.66371469,0.003676904,0.019893268,83.6,1.6722,0.023570172,0.285675,0.323196,0.391128
5181,OK,,200.0,449.2027845,26.0537615,135.0,123.6,2394.890899,52.8023328,3.55890529,0.307399175,0.001730549,0.041514455,83.6,1.6722,0.043245003,0.285675,0.323196,0.391128
5182,OK,,200.0,449.2027845,26.0537615,136.111111,123.6,2414.601934,53.2369199,3.3536962,0.331495829,0.001862785,0.039079898,83.6,1.6722,0.040942684,0.285675,0.323196,0.391128
5183,OK,,200.0,449.2027845,26.0537615,137.222222,123.6,2434.312968,53.671507,3.14758984,0.358264631,0.002009469,0.036639897,83.6,1.6722,0.038649365,0.285675,0.323196,0.391128
5184,OK,,200.0,449.2027845,26.0537615,138.333333,123.6,2454.024002,54.1060941,2.9473931,0.387178509,0.002167526,0.034269872,83.6,1.6722,0.036437398,0.285675,0.323196,0.391128
5185,OK,,200.0,449.2027845,26.0537615,139.444444,123.6,2473.735036,54.5406812,2.75009282,0.419282977,0.002342726,0.031936908,83.6,1.6722,0.034279634,0.285675,0.323196,0.391128
5186,OK,,200.0,449.2027845,26.0537615,140.555556,123.6,2493.446088,54.9752683,2.54922576,0.455669147,0.002541065,0.029569406,83.6,1.6722,0.03211047,0.285675,0.323196,0.391128
5187,OK,,200.0,449.2027845,26.0537615,141.666667,123.6,2513.157123,55.4098554,2.35165623,0.496145924,0.002761289,0.027243743,83.6,1.6722,0.030005032,0.285675,0.323196,0.391128
5188,OK,,200.0,449.2027845,26.0537615,142.777778,123.6,2532.868157,55.8444425,2.15721505,0.541403887,0.003007077,0.02495836,83.6,1.6722,0.027965436,0.285675,0.323196,0.391128
5189,OK,,200.0,449.2027845,26.0537615,143.888889,123.6,2552.579191,56.2790296,1.9670835,0.592232363,0.003282608,0.022726775,83.6,1.6722,0.026009383,0.285675,0.323196,0.391128
5190,OK,,200.0,449.2027845,26.0537615,145.0,123.6,2572.290225,56.7136167,1.77793957,0.650005461,0.003595276,0.020512082,83.6,1.6722,0.024107357,0.285675,0.323196,0.391128
5191,OK,,200.0,454.3119259,26.3500917,135.0,123.6,2394.890899,52.8023328,3.61585229,0.30356629,0.001706129,0.042104668,83.6,1.6722,0.043810796,0.285675,0.323196,0.391128
5192,OK,,200.0,454.3119259,26.3500917,136.111111,123.6,2414.601934,53.2369199,3.41303717,0.326984566,0.001834384,0.039700227,83.6,1.6722,0.041534611,0.285675,0.323196,0.391128
5193,OK,,200.0,454.3119259,26.3500917,137.222222,123.6,2434.312968,53.671507,3.20612075,0.353235306,0.00197799,0.03725512,83.6,1.6722,0.03923311,0.285675,0.323196,0.391128
5194,OK,,200.0,454.3119259,26.3500917,138.333333,123.6,2454.024002,54.1060941,3.00881478,0.38118812,0.002130475,0.03492063,83.6,1.6722,0.037051105,0.285675,0.323196,0.391128
5195,OK,,200.0,454.3119259,26.3500917,139.444444,123.6,2473.735036,54.5406812,2.81067076,0.412568261,0.002301436,0.032581848,83.6,1.6722,0.034883284,0.285675,0.323196,0.391128
5196,OK,,200.0,454.3119259,26.3500917,140.555556,123.6,2493.446088,54.9752683,2.60759179,0.448267355,0.002495731,0.030193381,83.6,1.6722,0.032689112,0.285675,0.323196,0.391128
5197,OK,,200.0,454.3119259,26.3500917,141.666667,123.6,2513.157123,55.4098554,2.41215648,0.487292154,0.00270763,0.027894852,83.6,1.6722,0.030602482,0.285675,0.323196,0.391128
5198,OK,,200.0,454.3119259,26.3500917,142.777778,123.6,2532.868157,55.8444425,2.21510043,0.531607552,0.002947936,0.025583636,83.6,1.6722,0.028531573,0.285675,0.323196,0.391128
5199,OK,,200.0,454.3119259,26.3500917,143.888889,123.6,2552.579191,56.2790296,2.02395463,0.581021656,0.003215352,0.023343809,83.6,1.6722,0.02655916,0.285675,0.323196,0.391128
5200,OK,,200.0,454.3119259,26.3500917,145.0,123.6,2572.290225,56.7136167,1.82957922,0.638068108,0.003523705,0.021073581,83.6,1.6722,0.024597287,0.285675,0.323196,0.391128
5201,OK,,200.0,459.421069,26.646422,135.0,123.6,2394.890899,52.8023328,3.68402438,0.299032405,0.001677812,0.042815493,83.6,1.6722,0.044493305,0.285675,0.323196,0.391128
5202,OK,,200.0,459.421069,26.646422,136.111111,123.6,2414.601934,53.2369199,3.4760199,0.322305227,0.001805118,0.040358166,83.6,1.6722,0.042163284,0.285675,0.323196,0.391128
5203,OK,,200.0,459.421069,26.646422,137.222222,123.6,2434.312968,53.671507,3.27014477,0.347855311,0.001944629,0.037928452,83.6,1.6722,0.039873081,0.285675,0.323196,0.391128
5204,OK,,200.0,459.421069,26.646422,138.333333,123.6,2454.024002,54.1060941,3.06827179,0.375576502,0.002095663,0.03554727,83.6,1.6722,0.037642932,0.285675,0.323196,0.391128
5205,OK,,200.0,459.421069,26.646422,139.444444,123.6,2473.735036,54.5406812,2.86790197,0.406447296,0.002263596,0.033187438,83.6,1.6722,0.035451034,0.285675,0.323196,0.391128
5206,OK,,200.0,459.421069,26.646422,140.555556,123.6,2493.446088,54.9752683,2.66627007,0.44106654,0.002451655,0.030818552,83.6,1.6722,0.033270207,0.285675,0.323196,0.391128
5207,OK,,200.0,459.421069,26.646422,141.666667,123.6,2513.157123,55.4098554,2.46913206,0.479276959,0.002658804,0.028504471,83.6,1.6722,0.031163275,0.285675,0.323196,0.391128
5208,OK,,200.0,459.421069,26.646422,142.777778,123.6,2532.868157,55.8444425,2.27493341,0.521841081,0.002889134,0.026228325,83.6,1.6722,0.029117459,0.285675,0.323196,0.391128
5209,OK,,200.0,459.421069,26.646422,143.888889,123.6,2552.579191,56.2790296,2.08156613,0.570112424,0.003149963,0.023966912,83.6,1.6722,0.027116874,0.285675,0.323196,0.391128
5210,OK,,200.0,459.421069,26.646422,145.0,123.6,2572.290225,56.7136167,1.89314964,0.623841637,0.003439676,0.021766345,83.6,1.6722,0.025206021,0.285675,0.323196,0.391128
5211,OK,,200.0,464.5302121,26.9427523,135.0,123.6,2394.890899,52.8023328,3.74316173,0.295251603,0.00165384,0.043425129,83.6,1.6722,0.045078969,0.285675,0.323196,0.391128
5212,OK,,200.0,464.5302121,26.9427523,136.111111,123.6,2414.601934,53.2369199,3.53881896,0.317769467,0.001776753,0.041011726,83.6,1.6722,0.042788478,0.285675,0.323196,0.391128
5213,OK,,200.0,464.5302121,26.9427523,137.222222,123.6,2434.312968,53.671507,3.3327864,0.342753343,0.001912935,0.038584177,83.6,1.6722,0.040497111,0.285675,0.323196,0.391128
5214,OK,,200.0,464.5302121,26.9427523,138.333333,123.6,2454.024002,54.1060941,3.13102699,0.369806006,0.002060065,0.036207988,83.6,1.6722,0.038268053,0.285675,0.323196,0.391128
5215,OK,,200.0,464.5302121,26.9427523,139.444444,123.6,2473.735036,54.5406812,2.92728138,0.400268604,0.002225548,0.033814627,83.6,1.6722,0.036040175,0.285675,0.323196,0.391128
5216,OK,,200.0,464.5302121,26.9427523,140.555556,123.6,2493.446088,54.9752683,2.72497616,0.434091387,0.002408972,0.03144187,83.6,1.6722,0.033850842,0.285675,0.323196,0.391128
5217,OK,,200.0,464.5302121,26.9427523,141.666667,123.6,2513.157123,55.4098554,2.5293434,0.471062602,0.002609016,0.029147823,83.6,1.6722,0.031756839,0.285675,0.323196,0.391128
5218,OK,,200.0,464.5302121,26.9427523,142.777778,123.6,2532.868157,55.8444425,2.33651254,0.512148959,0.002830921,0.026890128,83.6,1.6722,0.029721048,0.285675,0.323196,0.391128
5219,OK,,200.0,464.5302121,26.9427523,143.888889,123.6,2552.579191,56.2790296,2.13925302,0.559595563,0.003086941,0.024588735,83.6,1.6722,0.027675676,0.285675,0.323196,0.391128
5220,OK,,200.0,464.5302121,26.9427523,145.0,123.6,2572.290225,56.7136167,1.95125443,0.611464039,0.003366108,0.022395803,83.6,1.6722,0.025761911,0.285675,0.323196,0.391128
5221,OK,,200.0,469.6393552,27.2390826,135.0,123.6,2394.890899,52.8023328,3.80400907,0.291449669,0.001629821,0.044051042,83.6,1.6722,0.045680862,0.285675,0.323196,0.391128
5222,OK,,200.0,469.6393552,27.2390826,136.111111,123.6,2414.601934,53.2369199,3.5984408,0.313597965,0.001750522,0.041628113,83.6,1.6722,0.043378636,0.285675,0.323196,0.391128
5223,OK,,200.0,469.6393552,27.2390826,137.222222,123.6,2434.312968,53.671507,3.39338926,0.337970778,0.001883128,0.039215107,83.6,1.6722,0.041098236,0.285675,0.323196,0.391128
5224,OK,,200.0,469.6393552,27.2390826,138.333333,123.6,2454.024002,54.1060941,3.19001957,0.364567439,0.002027553,0.036824957,83.6,1.6722,0.03885251,0.285675,0.323196,0.391128
5225,OK,,200.0,469.6393552,27.2390826,139.444444,123.6,2473.735036,54.5406812,2.9908351,0.393829587,0.002186156,0.034485332,83.6,1.6722,0.036671487,0.285675,0.323196,0.391128
5226,OK,,200.0,469.6393552,27.2390826,140.555556,123.6,2493.446088,54.9752683,2.7885819,0.426741754,0.002364325,0.032116848,83.6,1.6722,0.034481172,0.285675,0.323196,0.391128
5227,OK,,200.0,469.6393552,27.2390826,141.666667,123.6,2513.157123,55.4098554,2.59001231,0.463067423,0.002560592,0.029793847,83.6,1.6722,0.032354438,0.285675,0.323196,0.391128
5228,OK,,200.0,469.6393552,27.2390826,142.777778,123.6,2532.868157,55.8444425,2.39165306,0.50383863,0.002780539,0.027478287,83.6,1.6722,0.030258826,0.285675,0.323196,0.391128
5229,OK,,200.0,469.6393552,27.2390826,143.888889,123.6,2552.579191,56.2790296,2.19772297,0.549124239,0.003024359,0.025217013,83.6,1.6722,0.028241373,0.285675,0.323196,0.391128
5230,OK,,200.0,469.6393552,27.2390826,145.0,123.6,2572.290225,56.7136167,2.00660463,0.600176317,0.003298764,0.02299244,83.6,1.6722,0.026291204,0.285675,0.323196,0.391128
5231,OK,,200.0,474.7484966,27.5354128,135.0,123.6,2394.890899,52.8023328,3.86769541,0.287558738,0.001605368,0.044705146,83.6,1.6722,0.046310514,0.285675,0.323196,0.391128
5232,OK,,200.0,474.7484966,27.5354128,136.111111,123.6,2414.601934,53.2369199,3.65960838,0.309422239,0.001724343,0.042258788,83.6,1.6722,0.043983131,0.285675,0.323196,0.391128
5233,OK,,200.0,474.7484966,27.5354128,137.222222,123.6,2434.312968,53.671507,3.45526368,0.333216344,0.001853564,0.039857325,83.6,1.6722,0.041710889,0.285675,0.323196,0.391128
5234,OK,,200.0,474.7484966,27.5354128,138.333333,123.6,2454.024002,54.1060941,3.24953312,0.359427961,0.001995688,0.037445124,83.6,1.6722,0.039440812,0.285675,0.323196,0.391128
5235,OK,,200.0,474.7484966,27.5354128,139.444444,123.6,2473.735036,54.5406812,3.05066823,0.387982974,0.002150182,0.035112562,83.6,1.6722,0.037262744,0.285675,0.323196,0.391128
5236,OK,,200.0,474.7484966,27.5354128,140.555556,123.6,2493.446088,54.9752683,2.84867431,0.420053568,0.002323487,0.032750535,83.6,1.6722,0.035074021,0.285675,0.323196,0.391128
5237,OK,,200.0,474.7484966,27.5354128,141.666667,123.6,2513.157123,55.4098554,2.64789439,0.455719163,0.002515896,0.030406678,83.6,1.6722,0.032922574,0.285675,0.323196,0.391128
5238,OK,,200.0,474.7484966,27.5354128,142.777778,123.6,2532.868157,55.8444425,2.45038483,0.495253902,0.002728779,0.028103858,83.6,1.6722,0.030832637,0.285675,0.323196,0.391128
5239,OK,,200.0,474.7484966,27.5354128,143.888889,123.6,2552.579191,56.2790296,2.25250931,0.539897346,0.002968821,0.025802203,83.6,1.6722,0.028771023,0.285675,0.323196,0.391128
5240,OK,,200.0,474.7484966,27.5354128,145.0,123.6,2572.290225,56.7136167,2.06200852,0.589318449,0.003233975,0.023587486,83.6,1.6722,0.026821461,0.285675,0.323196,0.391128
5241,OK,,200.0,479.8576397,27.8317431,135.0,123.6,2394.890899,52.8023328,3.92688673,0.284053508,0.001583168,0.045308722,83.6,1.6722,0.04689189,0.285675,0.323196,0.391128
5242,OK,,200.0,479.8576397,27.8317431,136.111111,123.6,2414.601934,53.2369199,3.72125108,0.305316568,0.001698644,0.042892825,83.6,1.6722,0.044591468,0.285675,0.323196,0.391128
5243,OK,,200.0,479.8576397,27.8317431,137.222222,123.6,2434.312968,53.671507,3.51601932,0.328676831,0.001825302,0.040485499,83.6,1.6722,0.0423108,0.285675,0.323196,0.391128
5244,OK,,200.0,479.8576397,27.8317431,138.333333,123.6,2454.024002,54.1060941,3.31111516,0.35424081,0.001963661,0.038086087,83.6,1.6722,0.040049748,0.285675,0.323196,0.391128
5245,OK,,200.0,479.8576397,27.8317431,139.444444,123.6,2473.735036,54.5406812,3.11232674,0.382117746,0.002114222,0.035757913,83.6,1.6722,0.037872135,0.285675,0.323196,0.391128
5246,OK,,200.0,479.8576397,27.8317431,140.555556,123.6,2493.446088,54.9752683,2.90751935,0.413709272,0.002284693,0.033368686,83.6,1.6722,0.035653379,0.285675,0.323196,0.391128
5247,OK,,200.0,479.8576397,27.8317431,141.666667,123.6,2513.157123,55.4098554,2.70776661,0.448338949,0.002471167,0.031039575,83.6,1.6722,0.033510742,0.285675,0.323196,0.391128
5248,OK,,200.0,479.8576397,27.8317431,142.777778,123.6,2532.868157,55.8444425,2.51075589,0.486712981,0.002677426,0.028745598,83.6,1.6722,0.031423025,0.285675,0.323196,0.391128
5249,OK,,200.0,479.8576397,27.8317431,143.888889,123.6,2552.579191,56.2790296,2.31515338,0.529640002,0.002907775,0.026472341,83.6,1.6722,0.029380116,0.285675,0.323196,0.391128
5250,OK,,200.0,479.8576397,27.8317431,145.0,123.6,2572.290225,56.7136167,2.12384947,0.577582588,0.00316456,0.024251888,83.6,1.6722,0.027416448,0.285675,0.323196,0.391128
5251,OK,,200.0,484.9667828,28.1280734,135.0,123.6,2394.890899,52.8023328,4.00280035,0.279588101,0.001555636,0.046090297,83.6,1.6722,0.047645933,0.285675,0.323196,0.391128
5252,OK,,200.0,484.9667828,28.1280734,136.111111,123.6,2414.601934,53.2369199,3.78193624,0.301385029,0.001673996,0.043514008,83.6,1.6722,0.045188004,0.285675,0.323196,0.391128
5253,OK,,200.0,484.9667828,28.1280734,137.222222,123.6,2434.312968,53.671507,3.574409,0.324445387,0.001798844,0.041085616,83.6,1.6722,0.04288446,0.285675,0.323196,0.391128
5254,OK,,200.0,484.9667828,28.1280734,138.333333,123.6,2454.024002,54.1060941,3.37194847,0.349266919,0.001932916,0.038716425,83.6,1.6722,0.040649341,0.285675,0.323196,0.391128
5255,OK,,200.0,484.9667828,28.1280734,139.444444,123.6,2473.735036,54.5406812,3.17154252,0.376667852,0.002080677,0.036374169,83.6,1.6722,0.038454846,0.285675,0.323196,0.391128
5256,OK,,200.0,484.9667828,28.1280734,140.555556,123.6,2493.446088,54.9752683,2.96790162,0.407385894,0.002246126,0.034001315,83.6,1.6722,0.036247442,0.285675,0.323196,0.391128
5257,OK,,200.0,484.9667828,28.1280734,141.666667,123.6,2513.157123,55.4098554,2.76741057,0.44122645,0.002428049,0.031667598,83.6,1.6722,0.034095647,0.285675,0.323196,0.391128
5258,OK,,200.0,484.9667828,28.1280734,142.777778,123.6,2532.868157,55.8444425,2.5706472,0.478536973,0.002628236,0.02937968,83.6,1.6722,0.032007916,0.285675,0.323196,0.391128
5259,OK,,200.0,484.9667828,28.1280734,143.888889,123.6,2552.579191,56.2790296,2.36934218,0.521164264,0.002856716,0.027047006,83.6,1.6722,0.029903722,0.285675,0.323196,0.391128
5260,OK,,200.0,484.9667828,28.1280734,145.0,123.6,2572.290225,56.7136167,2.17983341,0.56742926,0.003104035,0.024849314,83.6,1.6722,0.027953349,0.285675,0.323196,0.391128
5261,OK,,200.0,490.0759259,28.4244037,135.0,123.6,2394.890899,52.8023328,4.05079666,0.276959527,0.001538495,0.046568457,83.6,1.6722,0.048106952,0.285675,0.323196,0.391128
5262,OK,,200.0,490.0759259,28.4244037,136.111111,123.6,2414.601934,53.2369199,3.84760143,0.297214127,0.001648082,0.04418661,83.6,1.6722,0.045834692,0.285675,0.323196,0.391128
5263,OK,,200.0,490.0759259,28.4244037,137.222222,123.6,2434.312968,53.671507,3.63897551,0.319848396,0.001770424,0.041750323,83.6,1.6722,0.043520747,0.285675,0.323196,0.391128
5264,OK,,200.0,490.0759259,28.4244037,138.333333,123.6,2454.024002,54.1060941,3.43545249,0.344202095,0.001901756,0.039373407,83.6,1.6722,0.041275164,0.285675,0.323196,0.391128
5265,OK,,200.0,490.0759259,28.4244037,139.444444,123.6,2473.735036,54.5406812,3.23410042,0.371051299,0.002046306,0.03702452,83.6,1.6722,0.039070826,0.285675,0.323196,0.391128
5266,OK,,200.0,490.0759259,28.4244037,140.555556,123.6,2493.446088,54.9752683,3.02710141,0.401380189,0.002209434,0.034618774,83.6,1.6722,0.036828209,0.285675,0.323196,0.391128
5267,OK,,200.0,490.0759259,28.4244037,141.666667,123.6,2513.157123,55.4098554,2.82935624,0.434056782,0.002384741,0.032318502,83.6,1.6722,0.034703243,0.285675,0.323196,0.391128
5268,OK,,200.0,490.0759259,28.4244037,142.777778,123.6,2532.868157,55.8444425,2.62795407,0.470993689,0.002582678,0.029983225,83.6,1.6722,0.032565902,0.285675,0.323196,0.391128
5269,OK,,200.0,490.0759259,28.4244037,143.888889,123.6,2552.579191,56.2790296,2.42859413,0.512127822,0.002802424,0.027669182,83.6,1.6722,0.030471607,0.285675,0.323196,0.391128
5270,OK,,200.0,490.0759259,28.4244037,145.0,123.6,2572.290225,56.7136167,2.23457312,0.557867346,0.00304693,0.025431028,83.6,1.6722,0.028477958,0.285675,0.323196,0.391128
5271,OK,,200.0,495.1850672,28.7207339,135.0,123.6,2394.890899,52.8023328,4.1138206,0.273478399,0.001516627,0.0472062,83.6,1.6722,0.048722827,0.285675,0.323196,0.391128
5272,OK,,200.0,495.1850672,28.7207339,136.111111,123.6,2414.601934,53.2369199,3.90416351,0.293763239,0.001626269,0.044758686,83.6,1.6722,0.046384954,0.285675,0.323196,0.391128
5273,OK,,200.0,495.1850672,28.7207339,137.222222,123.6,2434.312968,53.671507,3.70054608,0.315601274,0.001744039,0.042380167,83.6,1.6722,0.044124206,0.285675,0.323196,0.391128
5274,OK,,200.0,495.1850672,28.7207339,138.333333,123.6,2454.024002,54.1060941,3.49144663,0.339904572,0.001874956,0.039946697,83.6,1.6722,0.041821653,0.285675,0.323196,0.391128
5275,OK,,200.0,495.1850672,28.7207339,139.444444,123.6,2473.735036,54.5406812,3.29019184,0.366201241,0.002016287,0.037602353,83.6,1.6722,0.03961864,0.285675,0.323196,0.391128
5276,OK,,200.0,495.1850672,28.7207339,140.555556,123.6,2493.446088,54.9752683,3.08952607,0.395212438,0.002171952,0.035269003,83.6,1.6722,0.037440955,0.285675,0.323196,0.391128
5277,OK,,200.0,495.1850672,28.7207339,141.666667,123.6,2513.157123,55.4098554,2.88435549,0.427941039,0.002347377,0.032891354,83.6,1.6722,0.03523873,0.285675,0.323196,0.391128
5278,OK,,200.0,495.1850672,28.7207339,142.777778,123.6,2532.868157,55.8444425,2.69129556,0.462876807,0.002534112,0.030650006,83.6,1.6722,0.033184119,0.285675,0.323196,0.391128
5279,OK,,200.0,495.1850672,28.7207339,143.888889,123.6,2552.579191,56.2790296,2.49059784,0.503040578,0.002748603,0.028331317,83.6,1.6722,0.03107992,0.285675,0.323196,0.391128
5280,OK,,200.0,495.1850672,28.7207339,145.0,123.6,2572.290225,56.7136167,2.29598935,0.547455244,0.002985331,0.026083886,83.6,1.6722,0.029069217,0.285675,0.323196,0.391128
5281,OK,,200.0,500.2942103,29.0170642,135.0,123.6,2394.890899,52.8023328,4.17441695,0.270225739,0.001496101,0.047815366,83.6,1.6722,0.049311467,0.285675,0.323196,0.391128
5282,OK,,200.0,500.2942103,29.0170642,136.111111,123.6,2414.601934,53.2369199,3.96652009,0.290014863,0.001602858,0.045390687,83.6,1.6722,0.046993545,0.285675,0.323196,0.391128
5283,OK,,200.0,500.2942103,29.0170642,137.222222,123.6,2434.312968,53.671507,3.76063696,0.311575714,0.001718962,0.042991591,83.6,1.6722,0.044710553,0.285675,0.323196,0.391128
5284,OK,,200.0,500.2942103,29.0170642,138.333333,123.6,2454.024002,54.1060941,3.55522367,0.335083693,0.001845325,0.040601712,83.6,1.6722,0.042447038,0.285675,0.323196,0.391128
5285,OK,,200.0,500.2942103,29.0170642,139.444444,123.6,2473.735036,54.5406812,3.34868495,0.361259409,0.001985846,0.038203937,83.6,1.6722,0.040189783,0.285675,0.323196,0.391128
5286,OK,,200.0,500.2942103,29.0170642,140.555556,123.6,2493.446088,54.9752683,3.14828057,0.389605994,0.002137679,0.035876925,83.6,1.6722,0.038014604,0.285675,0.323196,0.391128
5287,OK,,200.0,500.2942103,29.0170642,141.666667,123.6,2513.157123,55.4098554,2.94740631,0.421071049,0.00230596,0.033549527,83.6,1.6722,0.035855487,0.285675,0.323196,0.391128
5288,OK,,200.0,500.2942103,29.0170642,142.777778,123.6,2532.868157,55.8444425,2.73205076,0.457993083,0.002503422,0.031069274,83.6,1.6722,0.033572696,0.285675,0.323196,0.391128
5289,OK,,200.0,500.2942103,29.0170642,143.888889,123.6,2552.579191,56.2790296,2.55555834,0.493811281,0.002693858,0.02901712,83.6,1.6722,0.031710977,0.285675,0.323196,0.391128
5290,OK,,200.0,500.2942103,29.0170642,145.0,123.6,2572.290225,56.7136167,2.35566336,0.537529888,0.002926573,0.026715253,83.6,1.6722,0.029641826,0.285675,0.323196,0.391128
5291,OK,,200.0,505.4033534,29.3133945,135.0,123.6,2394.890899,52.8023328,4.23677618,0.266942608,0.001475473,0.048441691,83.6,1.6722,0.049917164,0.285675,0.323196,0.391128
5292,OK,,200.0,505.4033534,29.3133945,136.111111,123.6,2414.601934,53.2369199,4.02877375,0.286361187,0.001580053,0.046019817,83.6,1.6722,0.04759987,0.285675,0.323196,0.391128
5293,OK,,200.0,505.4033534,29.3133945,137.222222,123.6,2434.312968,53.671507,3.8234111,0.307456036,0.001693446,0.043630122,83.6,1.6722,0.045323568,0.285675,0.323196,0.391128
5294,OK,,200.0,505.4033534,29.3133945,138.333333,123.6,2454.024002,54.1060941,3.61862454,0.330420168,0.001816665,0.041250764,83.6,1.6722,0.043067428,0.285675,0.323196,0.391128
5295,OK,,200.0,505.4033534,29.3133945,139.444444,123.6,2473.735036,54.5406812,3.3909496,0.357885474,0.001964178,0.038628905,83.6,1.6722,0.040593083,0.285675,0.323196,0.391128
5296,OK,,200.0,505.4033534,29.3133945,140.555556,123.6,2493.446088,54.9752683,3.20872485,0.383982952,0.002103426,0.036501413,83.6,1.6722,0.038604839,0.285675,0.323196,0.391128
5297,OK,,200.0,505.4033534,29.3133945,141.666667,123.6,2513.157123,55.4098554,3.00691397,0.414807258,0.002268014,0.034167352,83.6,1.6722,0.036435366,0.285675,0.323196,0.391128
5298,OK,,200.0,505.4033534,29.3133945,142.777778,123.6,2532.868157,55.8444425,2.81004145,0.448457736,0.002447315,0.031891579,83.6,1.6722,0.034338894,0.285675,0.323196,0.391128
5299,OK,,200.0,505.4033534,29.3133945,143.888889,123.6,2552.579191,56.2790296,2.60966331,0.48646787,0.002649613,0.02958271,83.6,1.6722,0.032232323,0.285675,0.323196,0.391128
5300,OK,,200.0,505.4033534,29.3133945,145.0,123.6,2572.290225,56.7136167,2.41326686,0.528489841,0.00287283,0.027322169,83.6,1.6722,0.030194999,0.285675,0.323196,0.391128
5301,OK,,200.0,510.5124966,29.6097248,135.0,123.6,2394.890899,52.8023328,4.29307771,0.264078375,0.001457243,0.049001241,83.6,1.6722,0.050458484,0.285675,0.323196,0.391128
5302,OK,,200.0,510.5124966,29.6097248,136.111111,123.6,2414.601934,53.2369199,4.09085807,0.282808731,0.001557879,0.046644816,83.6,1.6722,0.048202695,0.285675,0.323196,0.391128
5303,OK,,200.0,510.5124966,29.6097248,137.222222,123.6,2434.312968,53.671507,3.88452657,0.303556931,0.00166923,0.044248519,83.6,1.6722,0.045917749,0.285675,0.323196,0.391128
5304,OK,,200.0,510.5124966,29.6097248,138.333333,123.6,2454.024002,54.1060941,3.67792762,0.326199054,0.001790538,0.041853463,83.6,1.6722,0.043644001,0.285675,0.323196,0.391128
5305,OK,,200.0,510.5124966,29.6097248,139.444444,123.6,2473.735036,54.5406812,3.47428492,0.3510123,0.001923245,0.039494273,83.6,1.6722,0.041417518,0.285675,0.323196,0.391128
5306,OK,,200.0,510.5124966,29.6097248,140.555556,123.6,2493.446088,54.9752683,3.267938,0.378638029,0.002070805,0.037110353,83.6,1.6722,0.039181158,0.285675,0.323196,0.391128
5307,OK,,200.0,510.5124966,29.6097248,141.666667,123.6,2513.157123,55.4098554,3.06691247,0.408674197,0.002230896,0.034788255,83.6,1.6722,0.037019152,0.285675,0.323196,0.391128
5308,OK,,200.0,510.5124966,29.6097248,142.777778,123.6,2532.868157,55.8444425,2.86681069,0.441899272,0.002407691,0.032480851,83.6,1.6722,0.034888542,0.285675,0.323196,0.391128
5309,OK,,200.0,510.5124966,29.6097248,143.888889,123.6,2552.579191,56.2790296,2.67231796,0.478152191,0.002600179,0.030239126,83.6,1.6722,0.032839305,0.285675,0.323196,0.391128
5310,OK,,200.0,510.5124966,29.6097248,145.0,123.6,2572.290225,56.7136167,2.47140464,0.519671799,0.002820451,0.02793278,83.6,1.6722,0.030753232,0.285675,0.323196,0.391128
5311,OK,,200.0,515.6216379,29.906055,135.0,123.6,2394.890899,52.8023328,4.36055859,0.260660181,0.001435982,0.049677391,83.6,1.6722,0.051113373,0.285675,0.323196,0.391128
5312,OK,,200.0,515.6216379,29.906055,136.111111,123.6,2414.601934,53.2369199,4.15349945,0.27930648,0.001536049,0.047273319,83.6,1.6722,0.048809368,0.285675,0.323196,0.391128
5313,OK,,200.0,515.6216379,29.906055,137.222222,123.6,2434.312968,53.671507,3.94583841,0.299740847,0.001645545,0.044866703,83.6,1.6722,0.046512248,0.285675,0.323196,0.391128
5314,OK,,200.0,515.6216379,29.906055,138.333333,123.6,2454.024002,54.1060941,3.73903223,0.32194667,0.001764315,0.042473174,83.6,1.6722,0.044237489,0.285675,0.323196,0.391128
5315,OK,,200.0,515.6216379,29.906055,139.444444,123.6,2473.735036,54.5406812,3.5350202,0.346274808,0.00189421,0.040113697,83.6,1.6722,0.042007907,0.285675,0.323196,0.391128
5316,OK,,200.0,515.6216379,29.906055,140.555556,123.6,2493.446088,54.9752683,3.33120733,0.373058627,0.002036989,0.03776069,83.6,1.6722,0.039797679,0.285675,0.323196,0.391128
5317,OK,,200.0,515.6216379,29.906055,141.666667,123.6,2513.157123,55.4098554,3.13274751,0.40210386,0.002191487,0.035469775,83.6,1.6722,0.037661262,0.285675,0.323196,0.391128
5318,OK,,200.0,515.6216379,29.906055,142.777778,123.6,2532.868157,55.8444425,2.92796047,0.43500899,0.002366365,0.033115345,83.6,1.6722,0.03548171,0.285675,0.323196,0.391128
5319,OK,,200.0,515.6216379,29.906055,143.888889,123.6,2552.579191,56.2790296,2.72762335,0.471109973,0.002557842,0.030813627,83.6,1.6722,0.033371469,0.285675,0.323196,0.391128
5320,OK,,200.0,515.6216379,29.906055,145.0,123.6,2572.290225,56.7136167,2.52938796,0.511172786,0.002769961,0.028539565,83.6,1.6722,0.031309525,0.285675,0.323196,0.391128
5321,OK,,200.0,520.730781,30.2023853,135.0,123.6,2394.890899,52.8023328,4.42401243,0.257134095,0.001414211,0.050308337,83.6,1.6722,0.051722548,0.285675,0.323196,0.391128
5322,OK,,200.0,520.730781,30.2023853,136.111111,123.6,2414.601934,53.2369199,4.21517765,0.275946124,0.001515072,0.047889328,83.6,1.6722,0.0494044,0.285675,0.323196,0.391128
5323,OK,,200.0,520.730781,30.2023853,137.222222,123.6,2434.312968,53.671507,4.00803842,0.295959102,0.00162212,0.045492094,83.6,1.6722,0.047114215,0.285675,0.323196,0.391128
5324,OK,,200.0,520.730781,30.2023853,138.333333,123.6,2454.024002,54.1060941,3.80047374,0.317778353,0.001738634,0.043094276,83.6,1.6722,0.04483291,0.285675,0.323196,0.391128
5325,OK,,200.0,520.730781,30.2023853,139.444444,123.6,2473.735036,54.5406812,3.59611967,0.34163149,0.001865781,0.040734799,83.6,1.6722,0.04260058,0.285675,0.323196,0.391128
5326,OK,,200.0,520.730781,30.2023853,140.555556,123.6,2493.446088,54.9752683,3.39119252,0.367939068,0.002005799,0.038373455,83.6,1.6722,0.040379254,0.285675,0.323196,0.391128
5327,OK,,200.0,520.730781,30.2023853,141.666667,123.6,2513.157123,55.4098554,3.18967765,0.396651149,0.002158317,0.036053113,83.6,1.6722,0.03821143,0.285675,0.323196,0.391128
5328,OK,,200.0,520.730781,30.2023853,142.777778,123.6,2532.868157,55.8444425,2.99654883,0.427470888,0.002321618,0.033827667,83.6,1.6722,0.036149285,0.285675,0.323196,0.391128
5329,OK,,200.0,520.730781,30.2023853,143.888889,123.6,2552.579191,56.2790296,2.78814895,0.463589688,0.00251302,0.03144253,83.6,1.6722,0.03395555,0.285675,0.323196,0.391128
5330,OK,,200.0,520.730781,30.2023853,145.0,123.6,2572.290225,56.7136167,2.59149553,0.502336897,0.002717784,0.029188867,83.6,1.6722,0.031906651,0.285675,0.323196,0.391128
5331,OK,,200.0,525.8399241,30.4987156,135.0,123.6,2394.890899,52.8023328,4.48393841,0.254280366,0.001396205,0.050899064,83.6,1.6722,0.052295269,0.285675,0.323196,0.391128
5332,OK,,200.0,525.8399241,30.4987156,136.111111,123.6,2414.601934,53.2369199,4.27162174,0.272972955,0.001496294,0.048447072,83.6,1.6722,0.049943366,0.285675,0.323196,0.391128
5333,OK,,200.0,525.8399241,30.4987156,137.222222,123.6,2434.312968,53.671507,4.06539123,0.292586879,0.00160102,0.046063185,83.6,1.6722,0.047664205,0.285675,0.323196,0.391128
5334,OK,,200.0,525.8399241,30.4987156,138.333333,123.6,2454.024002,54.1060941,3.86667682,0.313379428,0.001711749,0.043763204,83.6,1.6722,0.045474953,0.285675,0.323196,0.391128
5335,OK,,200.0,525.8399241,30.4987156,139.444444,123.6,2473.735036,54.5406812,3.65483676,0.337304742,0.001839166,0.041327716,83.6,1.6722,0.043166882,0.285675,0.323196,0.391128
5336,OK,,200.0,525.8399241,30.4987156,140.555556,123.6,2493.446088,54.9752683,3.44995459,0.363071606,0.001976073,0.038970462,83.6,1.6722,0.040946535,0.285675,0.323196,0.391128
5337,OK,,200.0,525.8399241,30.4987156,141.666667,123.6,2513.157123,55.4098554,3.24820494,0.391190237,0.002125189,0.036651073,83.6,1.6722,0.038776262,0.285675,0.323196,0.391128
5338,OK,,200.0,525.8399241,30.4987156,142.777778,123.6,2532.868157,55.8444425,3.04629825,0.422304015,0.002289933,0.034334566,83.6,1.6722,0.036624499,0.285675,0.323196,0.391128
5339,OK,,200.0,525.8399241,30.4987156,143.888889,123.6,2552.579191,56.2790296,2.84289452,0.457049302,0.002473651,0.032006577,83.6,1.6722,0.034480228,0.285675,0.323196,0.391128
5340,OK,,200.0,525.8399241,30.4987156,145.0,123.6,2572.290225,56.7136167,2.64928933,0.494433414,0.002670807,0.029788935,83.6,1.6722,0.032459743,0.285675,0.323196,0.391128
5341,OK,,200.0,530.9490672,30.7950459,135.0,123.6,2394.890899,52.8023328,4.5442929,0.251461638,0.001378456,0.051492933,83.6,1.6722,0.052871389,0.285675,0.323196,0.391128
5342,OK,,200.0,530.9490672,30.7950459,136.111111,123.6,2414.601934,53.2369199,4.3373147,0.269530778,0.001474987,0.049101241,83.6,1.6722,0.050576228,0.285675,0.323196,0.391128
5343,OK,,200.0,530.9490672,30.7950459,137.222222,123.6,2434.312968,53.671507,4.13029996,0.288807852,0.001577748,0.046712938,83.6,1.6722,0.048290686,0.285675,0.323196,0.391128
5344,OK,,200.0,530.9490672,30.7950459,138.333333,123.6,2454.024002,54.1060941,3.92354535,0.309743264,0.001689153,0.044331289,83.6,1.6722,0.046020441,0.285675,0.323196,0.391128
5345,OK,,200.0,530.9490672,30.7950459,139.444444,123.6,2473.735036,54.5406812,3.7168754,0.332820492,0.001811777,0.041954518,83.6,1.6722,0.043766295,0.285675,0.323196,0.391128
5346,OK,,200.0,530.9490672,30.7950459,140.555556,123.6,2493.446088,54.9752683,3.50846604,0.358345475,0.001947221,0.039563302,83.6,1.6722,0.041510523,0.285675,0.323196,0.391128
5347,OK,,200.0,530.9490672,30.7950459,141.666667,123.6,2513.157123,55.4098554,3.30937501,0.385612874,0.002091534,0.037275762,83.6,1.6722,0.039367296,0.285675,0.323196,0.391128
5348,OK,,200.0,530.9490672,30.7950459,142.777778,123.6,2532.868157,55.8444425,3.10647728,0.416110868,0.002252761,0.034952109,83.6,1.6722,0.03720487,0.285675,0.323196,0.391128
5349,OK,,200.0,530.9490672,30.7950459,143.888889,123.6,2552.579191,56.2790296,2.9077694,0.449431246,0.002428553,0.032677984,83.6,1.6722,0.035106537,0.285675,0.323196,0.391128
5350,OK,,200.0,530.9490672,30.7950459,145.0,123.6,2572.290225,56.7136167,2.70888077,0.486518251,0.00262392,0.03040675,83.6,1.6722,0.03303067,0.285675,0.323196,0.391128
5351,OK,,200.0,536.0582086,31.0913761,135.0,123.6,2394.890899,52.8023328,4.61135223,0.248364505,0.001359221,0.052155309,83.6,1.6722,0.053514531,0.285675,0.323196,0.391128
5352,OK,,200.0,536.0582086,31.0913761,136.111111,123.6,2414.601934,53.2369199,4.4015565,0.266250954,0.001454643,0.049737888,83.6,1.6722,0.051192531,0.285675,0.323196,0.391128
5353,OK,,200.0,536.0582086,31.0913761,137.222222,123.6,2434.312968,53.671507,4.20732207,0.283863239,0.001548156,0.047488298,83.6,1.6722,0.049036454,0.285675,0.323196,0.391128
5354,OK,,200.0,536.0582086,31.0913761,138.333333,123.6,2454.024002,54.1060941,3.98813627,0.305660406,0.001664171,0.044979295,83.6,1.6722,0.046643466,0.285675,0.323196,0.391128
5355,OK,,200.0,536.0582086,31.0913761,139.444444,123.6,2473.735036,54.5406812,3.77984513,0.328379502,0.001784709,0.042589125,83.6,1.6722,0.044373834,0.285675,0.323196,0.391128
5356,OK,,200.0,536.0582086,31.0913761,140.555556,123.6,2493.446088,54.9752683,3.57408684,0.35313465,0.001915806,0.040229851,83.6,1.6722,0.042145657,0.285675,0.323196,0.391128
5357,OK,,200.0,536.0582086,31.0913761,141.666667,123.6,2513.157123,55.4098554,3.37153267,0.380095071,0.002058307,0.037908921,83.6,1.6722,0.039967228,0.285675,0.323196,0.391128
5358,OK,,200.0,536.0582086,31.0913761,142.777778,123.6,2532.868157,55.8444425,3.17298297,0.409420649,0.002212995,0.035635216,83.6,1.6722,0.037848212,0.285675,0.323196,0.391128
5359,OK,,200.0,536.0582086,31.0913761,143.888889,123.6,2552.579191,56.2790296,2.97254136,0.44207132,0.002384991,0.033345985,83.6,1.6722,0.035730976,0.285675,0.323196,0.391128
5360,OK,,200.0,536.0582086,31.0913761,145.0,123.6,2572.290225,56.7136167,2.76830106,0.47887504,0.002578645,0.031020717,83.6,1.6722,0.033599362,0.285675,0.323196,0.391128
5361,OK,,200.0,541.1673517,31.3877064,135.0,123.6,2394.890899,52.8023328,4.67458925,0.245532139,0.001341503,0.052774746,83.6,1.6722,0.054116249,0.285675,0.323196,0.391128
5362,OK,,200.0,541.1673517,31.3877064,136.111111,123.6,2414.601934,53.2369199,4.46219823,0.263246466,0.001435874,0.05033402,83.6,1.6722,0.051769894,0.285675,0.323196,0.391128
5363,OK,,200.0,541.1673517,31.3877064,137.222222,123.6,2434.312968,53.671507,4.2531719,0.28143054,0.001532436,0.047932191,83.6,1.6722,0.049464627,0.285675,0.323196,0.391128
5364,OK,,200.0,541.1673517,31.3877064,138.333333,123.6,2454.024002,54.1060941,4.04727825,0.302047519,0.001641837,0.045567093,83.6,1.6722,0.047208931,0.285675,0.323196,0.391128
5365,OK,,200.0,541.1673517,31.3877064,139.444444,123.6,2473.735036,54.5406812,3.84132782,0.324166114,0.001758961,0.043205372,83.6,1.6722,0.044964333,0.285675,0.323196,0.391128
5366,OK,,200.0,541.1673517,31.3877064,140.555556,123.6,2493.446088,54.9752683,3.63170122,0.348734024,0.001888903,0.040808717,83.6,1.6722,0.04269762,0.285675,0.323196,0.391128
5367,OK,,200.0,541.1673517,31.3877064,141.666667,123.6,2513.157123,55.4098554,3.43247542,0.374846007,0.002026635,0.038526607,83.6,1.6722,0.040553242,0.285675,0.323196,0.391128
5368,OK,,200.0,541.1673517,31.3877064,142.777778,123.6,2532.868157,55.8444425,3.23518977,0.403385053,0.002176896,0.036269715,83.6,1.6722,0.038446611,0.285675,0.323196,0.391128
5369,OK,,200.0,541.1673517,31.3877064,143.888889,123.6,2552.579191,56.2790296,3.02751268,0.436090185,0.002349022,0.033906662,83.6,1.6722,0.036255684,0.285675,0.323196,0.391128
5370,OK,,200.0,541.1673517,31.3877064,145.0,123.6,2572.290225,56.7136167,2.8301271,0.471156362,0.002533085,0.031658061,83.6,1.6722,0.034191146,0.285675,0.323196,0.391128
5371,OK,,200.0,546.2764948,31.6840367,135.0,123.6,2394.890899,52.8023328,4.73324202,0.242990699,0.001325433,0.053342962,83.6,1.6722,0.054668395,0.285675,0.323196,0.391128
5372,OK,,200.0,546.2764948,31.6840367,136.111111,123.6,2414.601934,53.2369199,4.5229096,0.259907786,0.001415334,0.050927734,83.6,1.6722,0.052343068,0.285675,0.323196,0.391128
5373,OK,,200.0,546.2764948,31.6840367,137.222222,123.6,2434.312968,53.671507,4.31557863,0.278071594,0.001511662,0.048547545,83.6,1.6722,0.050059208,0.285675,0.323196,0.391128
5374,OK,,200.0,546.2764948,31.6840367,138.333333,123.6,2454.024002,54.1060941,4.10532927,0.298596117,0.001620441,0.046140366,83.6,1.6722,0.047760807,0.285675,0.323196,0.391128
5375,OK,,200.0,546.2764948,31.6840367,139.444444,123.6,2473.735036,54.5406812,3.89952742,0.320303047,0.00173519,0.043783862,83.6,1.6722,0.045519052,0.285675,0.323196,0.391128
5376,OK,,200.0,546.2764948,31.6840367,140.555556,123.6,2493.446088,54.9752683,3.69031098,0.344369028,0.001862257,0.041395267,83.6,1.6722,0.043257524,0.285675,0.323196,0.391128
5377,OK,,200.0,546.2764948,31.6840367,141.666667,123.6,2513.157123,55.4098554,3.49052841,0.370006627,0.001997267,0.039110647,83.6,1.6722,0.041107913,0.285675,0.323196,0.391128
5378,OK,,200.0,546.2764948,31.6840367,142.777778,123.6,2532.868157,55.8444425,3.28905469,0.398372498,0.002146437,0.036812577,83.6,1.6722,0.038959014,0.285675,0.323196,0.391128
5379,OK,,200.0,546.2764948,31.6840367,143.888889,123.6,2552.579191,56.2790296,3.08665918,0.429804898,0.002311492,0.034509209,83.6,1.6722,0.036820701,0.285675,0.323196,0.391128
5380,OK,,200.0,546.2764948,31.6840367,145.0,123.6,2572.290225,56.7136167,2.88851838,0.464131265,0.002491381,0.032255812,83.6,1.6722,0.034747193,0.285675,0.323196,0.391128
5381,OK,,200.0,551.3856379,31.980367,135.0,123.6,2394.890899,52.8023328,4.79553329,0.240319129,0.00130871,0.05394877,83.6,1.6722,0.05525748,0.285675,0.323196,0.391128
5382,OK,,200.0,551.3856379,31.980367,136.111111,123.6,2414.601934,53.2369199,4.5868634,0.256858661,0.00139644,0.051554789,83.6,1.6722,0.05295123,0.285675,0.323196,0.391128
5383,OK,,200.0,551.3856379,31.980367,137.222222,123.6,2434.312968,53.671507,4.37731311,0.274817636,0.001491546,0.049155177,83.6,1.6722,0.050646723,0.285675,0.323196,0.391128
5384,OK,,200.0,551.3856379,31.980367,138.333333,123.6,2454.024002,54.1060941,4.16958271,0.294814586,0.001597323,0.046778256,83.6,1.6722,0.048375579,0.285675,0.323196,0.391128
5385,OK,,200.0,551.3856379,31.980367,139.444444,123.6,2473.735036,54.5406812,3.96314817,0.316134074,0.001709841,0.044418812,83.6,1.6722,0.046128653,0.285675,0.323196,0.391128
5386,OK,,200.0,551.3856379,31.980367,140.555556,123.6,2493.446088,54.9752683,3.75638543,0.339509204,0.001833019,0.042059865,83.6,1.6722,0.043892884,0.285675,0.323196,0.391128
5387,OK,,200.0,551.3856379,31.980367,141.666667,123.6,2513.157123,55.4098554,3.55422243,0.364780938,0.001965912,0.039753598,83.6,1.6722,0.04171951,0.285675,0.323196,0.391128
5388,OK,,200.0,551.3856379,31.980367,142.777778,123.6,2532.868157,55.8444425,3.34895758,0.392874826,0.002113465,0.037418828,83.6,1.6722,0.039532293,0.285675,0.323196,0.391128
5389,OK,,200.0,551.3856379,31.980367,143.888889,123.6,2552.579191,56.2790296,3.14738903,0.423508356,0.002274041,0.035127623,83.6,1.6722,0.037401663,0.285675,0.323196,0.391128
5390,OK,,200.0,551.3856379,31.980367,145.0,123.6,2572.290225,56.7136167,2.94637834,0.457363624,0.002451218,0.032846913,83.6,1.6722,0.035298131,0.285675,0.323196,0.391128
5391,OK,,200.0,556.4947793,32.2766972,135.0,123.6,2394.890899,52.8023328,4.858626,0.237670057,0.001292156,0.05456018,83.6,1.6722,0.055852336,0.285675,0.323196,0.391128
5392,OK,,200.0,556.4947793,32.2766972,136.111111,123.6,2414.601934,53.2369199,4.64952576,0.253949055,0.001378363,0.052165619,83.6,1.6722,0.053543982,0.285675,0.323196,0.391128
5393,OK,,200.0,556.4947793,32.2766972,137.222222,123.6,2434.312968,53.671507,4.44212202,0.271467202,0.001470955,0.049792264,83.6,1.6722,0.051263218,0.285675,0.323196,0.391128
5394,OK,,200.0,556.4947793,32.2766972,138.333333,123.6,2454.024002,54.1060941,4.23359248,0.291143878,0.001574872,0.047410827,83.6,1.6722,0.048985699,0.285675,0.323196,0.391128
5395,OK,,200.0,556.4947793,32.2766972,139.444444,123.6,2473.735036,54.5406812,4.02430675,0.31224306,0.001686076,0.045025194,83.6,1.6722,0.046711269,0.285675,0.323196,0.391128
5396,OK,,200.0,556.4947793,32.2766972,140.555556,123.6,2493.446088,54.9752683,3.81856813,0.335083062,0.001806218,0.042680663,83.6,1.6722,0.044486881,0.285675,0.323196,0.391128
5397,OK,,200.0,556.4947793,32.2766972,141.666667,123.6,2513.157123,55.4098554,3.6139101,0.36004413,0.001937294,0.040351604,83.6,1.6722,0.042288898,0.285675,0.323196,0.391128
5398,OK,,200.0,556.4947793,32.2766972,142.777778,123.6,2532.868157,55.8444425,3.40914534,0.387501682,0.002081255,0.03802562,83.6,1.6722,0.040106875,0.285675,0.323196,0.391128
5399,OK,,200.0,556.4947793,32.2766972,143.888889,123.6,2552.579191,56.2790296,3.20890004,0.417312241,0.00223723,0.035751812,83.6,1.6722,0.037989043,0.285675,0.323196,0.391128
5400,OK,,200.0,556.4947793,32.2766972,145.0,123.6,2572.290225,56.7136167,3.00683128,0.450482087,0.002410548,0.033463233,83.6,1.6722,0.035873781,0.285675,0.323196,0.391128
5401,OK,,200.0,561.6039224,32.5730275,135.0,123.6,2394.890899,52.8023328,4.92445831,0.234953924,0.001275283,0.055197677,83.6,1.6722,0.05647296,0.285675,0.323196,0.391128
5402,OK,,200.0,561.6039224,32.5730275,136.111111,123.6,2414.601934,53.2369199,4.71195149,0.251114966,0.001360753,0.052771674,83.6,1.6722,0.054132427,0.285675,0.323196,0.391128
5403,OK,,200.0,561.6039224,32.5730275,137.222222,123.6,2434.312968,53.671507,4.50451994,0.268328488,0.001451582,0.050401853,83.6,1.6722,0.051853434,0.285675,0.323196,0.391128
5404,OK,,200.0,561.6039224,32.5730275,138.333333,123.6,2454.024002,54.1060941,4.2923483,0.287454481,0.00155241,0.04798619,83.6,1.6722,0.0495386,0.285675,0.323196,0.391128
5405,OK,,200.0,561.6039224,32.5730275,139.444444,123.6,2473.735036,54.5406812,4.08601271,0.308407978,0.001662684,0.045635094,83.6,1.6722,0.047297778,0.285675,0.323196,0.391128
5406,OK,,200.0,561.6039224,32.5730275,140.555556,123.6,2493.446088,54.9752683,3.87895934,0.330903796,0.001780835,0.043280413,83.6,1.6722,0.045061247,0.285675,0.323196,0.391128
5407,OK,,200.0,561.6039224,32.5730275,141.666667,123.6,2513.157123,55.4098554,3.67443745,0.355357229,0.001909028,0.04095631,83.6,1.6722,0.042865338,0.285675,0.323196,0.391128
5408,OK,,200.0,561.6039224,32.5730275,142.777778,123.6,2532.868157,55.8444425,3.4710091,0.38211597,0.00204907,0.038647925,83.6,1.6722,0.040696994,0.285675,0.323196,0.391128
5409,OK,,200.0,561.6039224,32.5730275,143.888889,123.6,2552.579191,56.2790296,3.26965718,0.411372163,0.002201906,0.036365801,83.6,1.6722,0.038567707,0.285675,0.323196,0.391128
5410,OK,,200.0,561.6039224,32.5730275,145.0,123.6,2572.290225,56.7136167,3.06839521,0.443673249,0.002370385,0.034089129,83.6,1.6722,0.036459513,0.285675,0.323196,0.391128
5411,OK,,200.0,566.7130655,32.8693578,135.0,123.6,2394.890899,52.8023328,4.98652336,0.232470126,0.001259727,0.055793131,83.6,1.6722,0.057052858,0.285675,0.323196,0.391128
5412,OK,,200.0,566.7130655,32.8693578,136.111111,123.6,2414.601934,53.2369199,4.77221649,0.248454211,0.001344136,0.053352486,83.6,1.6722,0.054696622,0.285675,0.323196,0.391128
5413,OK,,200.0,566.7130655,32.8693578,137.222222,123.6,2434.312968,53.671507,4.56304146,0.265474321,0.001433812,0.050968281,83.6,1.6722,0.052402093,0.285675,0.323196,0.391128
5414,OK,,200.0,566.7130655,32.8693578,138.333333,123.6,2454.024002,54.1060941,4.3548717,0.284041321,0.001531486,0.048598096,83.6,1.6722,0.050129582,0.285675,0.323196,0.391128
5415,OK,,200.0,566.7130655,32.8693578,139.444444,123.6,2473.735036,54.5406812,4.14915194,0.304574909,0.001639362,0.046257157,83.6,1.6722,0.047896519,0.285675,0.323196,0.391128
5416,OK,,200.0,566.7130655,32.8693578,140.555556,123.6,2493.446088,54.9752683,3.93877726,0.326872656,0.001756319,0.043871431,83.6,1.6722,0.04562775,0.285675,0.323196,0.391128
5417,OK,,200.0,566.7130655,32.8693578,141.666667,123.6,2513.157123,55.4098554,3.73403065,0.350870274,0.001881916,0.041548507,83.6,1.6722,0.043430423,0.285675,0.323196,0.391128
5418,OK,,200.0,566.7130655,32.8693578,142.777778,123.6,2532.868157,55.8444425,3.53399092,0.37677936,0.002017231,0.039279226,83.6,1.6722,0.041296457,0.285675,0.323196,0.391128
5419,OK,,200.0,566.7130655,32.8693578,143.888889,123.6,2552.579191,56.2790296,3.32593918,0.406057931,0.00217004,0.036929949,83.6,1.6722,0.039099989,0.285675,0.323196,0.391128
5420,OK,,200.0,566.7130655,32.8693578,145.0,123.6,2572.290225,56.7136167,3.12700685,0.437409143,0.002333249,0.034681159,83.6,1.6722,0.037014408,0.285675,0.323196,0.391128
5421,OK,,200.0,571.8222086,33.1656881,135.0,123.6,2394.890899,52.8023328,5.04771921,0.23006775,0.001244677,0.056378966,83.6,1.6722,0.057623643,0.285675,0.323196,0.391128
5422,OK,,200.0,571.8222086,33.1656881,136.111111,123.6,2414.601934,53.2369199,4.83606011,0.245666403,0.001326889,0.053969553,83.6,1.6722,0.055296442,0.285675,0.323196,0.391128
5423,OK,,200.0,571.8222086,33.1656881,137.222222,123.6,2434.312968,53.671507,4.6278882,0.262335588,0.001414558,0.051599644,83.6,1.6722,0.053014203,0.285675,0.323196,0.391128
5424,OK,,200.0,571.8222086,33.1656881,138.333333,123.6,2454.024002,54.1060941,4.41704208,0.280717747,0.001511127,0.049205451,83.6,1.6722,0.050716578,0.285675,0.323196,0.391128
5425,OK,,200.0,571.8222086,33.1656881,139.444444,123.6,2473.735036,54.5406812,4.21009655,0.300964957,0.001617338,0.046855357,83.6,1.6722,0.048472695,0.285675,0.323196,0.391128
5426,OK,,200.0,571.8222086,33.1656881,140.555556,123.6,2493.446088,54.9752683,4.00255378,0.322643069,0.00173082,0.044502907,83.6,1.6722,0.046233726,0.285675,0.323196,0.391128
5427,OK,,200.0,571.8222086,33.1656881,141.666667,123.6,2513.157123,55.4098554,3.79910591,0.346046633,0.001853085,0.042197148,83.6,1.6722,0.044050233,0.285675,0.323196,0.391128
5428,OK,,200.0,571.8222086,33.1656881,142.777778,123.6,2532.868157,55.8444425,3.59196303,0.37201975,0.001988616,0.039856816,83.6,1.6722,0.041845432,0.285675,0.323196,0.391128
5429,OK,,200.0,571.8222086,33.1656881,143.888889,123.6,2552.579191,56.2790296,3.39248142,0.399849103,0.002133481,0.037601082,83.6,1.6722,0.039734563,0.285675,0.323196,0.391128
5430,OK,,200.0,571.8222086,33.1656881,145.0,123.6,2572.290225,56.7136167,3.18883924,0.430948109,0.002295189,0.035306053,83.6,1.6722,0.037601242,0.285675,0.323196,0.391128
5431,OK,,200.0,576.93135,33.4620183,135.0,123.6,2394.890899,52.8023328,5.1102438,0.227660151,0.001229639,0.056975874,83.6,1.6722,0.058205513,0.285675,0.323196,0.391128
5432,OK,,200.0,576.93135,33.4620183,136.111111,123.6,2414.601934,53.2369199,4.89925714,0.242975198,0.001310215,0.054577353,83.6,1.6722,0.055887569,0.285675,0.323196,0.391128
5433,OK,,200.0,576.93135,33.4620183,137.222222,123.6,2434.312968,53.671507,4.68914513,0.25945632,0.001396769,0.052191135,83.6,1.6722,0.053587904,0.285675,0.323196,0.391128
5434,OK,,200.0,576.93135,33.4620183,138.333333,123.6,2454.024002,54.1060941,4.47920363,0.277472014,0.001491246,0.049810074,83.6,1.6722,0.051301319,0.285675,0.323196,0.391128
5435,OK,,200.0,576.93135,33.4620183,139.444444,123.6,2473.735036,54.5406812,4.27285142,0.297327651,0.001595224,0.047469862,83.6,1.6722,0.049065085,0.285675,0.323196,0.391128
5436,OK,,200.0,576.93135,33.4620183,140.555556,123.6,2493.446088,54.9752683,4.06395571,0.318687981,0.001706872,0.045106977,83.6,1.6722,0.046813849,0.285675,0.323196,0.391128
5437,OK,,200.0,576.93135,33.4620183,141.666667,123.6,2513.157123,55.4098554,3.86308446,0.341438571,0.001825493,0.042831604,83.6,1.6722,0.044657097,0.285675,0.323196,0.391128
5438,OK,,200.0,576.93135,33.4620183,142.777778,123.6,2532.868157,55.8444425,3.65384883,0.367041897,0.001958902,0.04047301,83.6,1.6722,0.042431911,0.285675,0.323196,0.391128
5439,OK,,200.0,576.93135,33.4620183,143.888889,123.6,2552.579191,56.2790296,3.45390981,0.394319643,0.002100666,0.038215823,83.6,1.6722,0.040316489,0.285675,0.323196,0.391128
5440,OK,,200.0,576.93135,33.4620183,145.0,123.6,2572.290225,56.7136167,3.25019643,0.424728306,0.002258522,0.035923447,83.6,1.6722,0.038181969,0.285675,0.323196,0.391128
5441,OK,,200.0,582.0404931,33.7583486,135.0,123.6,2394.890899,52.8023328,5.17197428,0.225335853,0.001215099,0.057562379,83.6,1.6722,0.058777478,0.285675,0.323196,0.391128
5442,OK,,200.0,582.0404931,33.7583486,136.111111,123.6,2414.601934,53.2369199,4.96225762,0.240349269,0.001293945,0.055180749,83.6,1.6722,0.056474694,0.285675,0.323196,0.391128
5443,OK,,200.0,582.0404931,33.7583486,137.222222,123.6,2434.312968,53.671507,4.75464935,0.256423876,0.001378198,0.052824212,83.6,1.6722,0.05420241,0.285675,0.323196,0.391128
5444,OK,,200.0,582.0404931,33.7583486,138.333333,123.6,2454.024002,54.1060941,4.54397358,0.274155602,0.001471038,0.050439437,83.6,1.6722,0.051910475,0.285675,0.323196,0.391128
5445,OK,,200.0,582.0404931,33.7583486,139.444444,123.6,2473.735036,54.5406812,4.33359519,0.293899221,0.001574303,0.048061219,83.6,1.6722,0.049635522,0.285675,0.323196,0.391128
5446,OK,,200.0,582.0404931,33.7583486,140.555556,123.6,2493.446088,54.9752683,4.12793651,0.314650941,0.001682551,0.045735614,83.6,1.6722,0.047418165,0.285675,0.323196,0.391128
5447,OK,,200.0,582.0404931,33.7583486,141.666667,123.6,2513.157123,55.4098554,3.92758193,0.336909889,0.001798407,0.043469098,83.6,1.6722,0.045267505,0.285675,0.323196,0.391128
5448,OK,,200.0,582.0404931,33.7583486,142.777778,123.6,2532.868157,55.8444425,3.71596604,0.362174176,0.001929863,0.041089375,83.6,1.6722,0.043019238,0.285675,0.323196,0.391128
5449,OK,,200.0,582.0404931,33.7583486,143.888889,123.6,2552.579191,56.2790296,3.51226304,0.389228052,0.002070291,0.038796178,83.6,1.6722,0.040866468,0.285675,0.323196,0.391128
5450,OK,,200.0,582.0404931,33.7583486,145.0,123.6,2572.290225,56.7136167,3.30837398,0.419018383,0.002224684,0.03650529,83.6,1.6722,0.038729974,0.285675,0.323196,0.391128
5451,OK,,200.0,587.1496362,34.0546789,135.0,123.6,2394.890899,52.8023328,5.23681883,0.222932118,0.001200164,0.058178086,83.6,1.6722,0.059378251,0.285675,0.323196,0.391128
5452,OK,,200.0,587.1496362,34.0546789,136.111111,123.6,2414.601934,53.2369199,5.02497434,0.237793785,0.001278102,0.055778536,83.6,1.6722,0.057056638,0.285675,0.323196,0.391128
5453,OK,,200.0,587.1496362,34.0546789,137.222222,123.6,2434.312968,53.671507,4.81490118,0.253722173,0.001361473,0.053400477,83.6,1.6722,0.054761949,0.285675,0.323196,0.391128
5454,OK,,200.0,587.1496362,34.0546789,138.333333,123.6,2454.024002,54.1060941,4.60365137,0.271194167,0.001452807,0.05101353,83.6,1.6722,0.052466336,0.285675,0.323196,0.391128
5455,OK,,200.0,587.1496362,34.0546789,139.444444,123.6,2473.735036,54.5406812,4.39739449,0.290365814,0.001552871,0.04868163,83.6,1.6722,0.0502345,0.285675,0.323196,0.391128
5456,OK,,200.0,587.1496362,34.0546789,140.555556,123.6,2493.446088,54.9752683,4.1875406,0.311007671,0.001660417,0.046316228,83.6,1.6722,0.047976645,0.285675,0.323196,0.391128
5457,OK,,200.0,587.1496362,34.0546789,141.666667,123.6,2513.157123,55.4098554,3.98313204,0.333161985,0.001775592,0.044011028,83.6,1.6722,0.04578662,0.285675,0.323196,0.391128
5458,OK,,200.0,587.1496362,34.0546789,142.777778,123.6,2532.868157,55.8444425,3.77597767,0.357608047,0.00190252,0.041681274,83.6,1.6722,0.043583794,0.285675,0.323196,0.391128
5459,OK,,200.0,587.1496362,34.0546789,143.888889,123.6,2552.579191,56.2790296,3.57243558,0.384101299,0.002039807,0.039393173,83.6,1.6722,0.04143298,0.285675,0.323196,0.391128
5460,OK,,200.0,587.1496362,34.0546789,145.0,123.6,2572.290225,56.7136167,3.36906422,0.413203017,0.002190372,0.037111091,83.6,1.6722,0.039301463,0.285675,0.323196,0.391128
5461,OK,,200.0,592.2587793,34.3510092,135.0,123.6,2394.890899,52.8023328,5.29819187,0.22071674,0.001186306,0.058756603,83.6,1.6722,0.059942908,0.285675,0.323196,0.391128
5462,OK,,200.0,592.2587793,34.3510092,136.111111,123.6,2414.601934,53.2369199,5.08993749,0.235189958,0.001262047,0.056397705,83.6,1.6722,0.057659752,0.285675,0.323196,0.391128
5463,OK,,200.0,592.2587793,34.3510092,137.222222,123.6,2434.312968,53.671507,4.875498,0.251054255,0.001344984,0.053978664,83.6,1.6722,0.055323648,0.285675,0.323196,0.391128
5464,OK,,200.0,592.2587793,34.3510092,138.333333,123.6,2454.024002,54.1060941,4.66459285,0.268224862,0.001434592,0.05159912,83.6,1.6722,0.053033712,0.285675,0.323196,0.391128
5465,OK,,200.0,592.2587793,34.3510092,139.444444,123.6,2473.735036,54.5406812,4.45906391,0.287036939,0.00153261,0.049278319,83.6,1.6722,0.05081093,0.285675,0.323196,0.391128
5466,OK,,200.0,592.2587793,34.3510092,140.555556,123.6,2493.446088,54.9752683,4.25084808,0.307200748,0.001637473,0.046933532,83.6,1.6722,0.048571005,0.285675,0.323196,0.391128
5467,OK,,200.0,592.2587793,34.3510092,141.666667,123.6,2513.157123,55.4098554,4.04561046,0.328989731,0.001750571,0.0446233,83.6,1.6722,0.046373871,0.285675,0.323196,0.391128
5468,OK,,200.0,592.2587793,34.3510092,142.777778,123.6,2532.868157,55.8444425,3.83923372,0.352888739,0.001874443,0.042305192,83.6,1.6722,0.044179635,0.285675,0.323196,0.391128
5469,OK,,200.0,592.2587793,34.3510092,143.888889,123.6,2552.579191,56.2790296,3.63158807,0.379189384,0.002010567,0.039977855,83.6,1.6722,0.041988423,0.285675,0.323196,0.391128
5470,OK,,200.0,592.2587793,34.3510092,145.0,123.6,2572.290225,56.7136167,3.43100079,0.407416625,0.002156322,0.037728137,83.6,1.6722,0.039884459,0.285675,0.323196,0.391128
5471,OK,,200.0,597.3679207,34.6473394,135.0,123.6,2394.890899,52.8023328,5.36245536,0.218430177,0.001172097,0.05936252,83.6,1.6722,0.060534617,0.285675,0.323196,0.391128
5472,OK,,200.0,597.3679207,34.6473394,136.111111,123.6,2414.601934,53.2369199,5.14967648,0.232869479,0.001247576,0.056961212,83.6,1.6722,0.058208787,0.285675,0.323196,0.391128
5473,OK,,200.0,597.3679207,34.6473394,137.222222,123.6,2434.312968,53.671507,4.939387,0.24828794,0.001328011,0.054588532,83.6,1.6722,0.055916543,0.285675,0.323196,0.391128
5474,OK,,200.0,597.3679207,34.6473394,138.333333,123.6,2454.024002,54.1060941,4.72994542,0.265087334,0.00141552,0.052227745,83.6,1.6722,0.053643265,0.285675,0.323196,0.391128
5475,OK,,200.0,597.3679207,34.6473394,139.444444,123.6,2473.735036,54.5406812,4.52137058,0.28374444,0.001512603,0.049879359,83.6,1.6722,0.051391962,0.285675,0.323196,0.391128
5476,OK,,200.0,597.3679207,34.6473394,140.555556,123.6,2493.446088,54.9752683,4.31370785,0.30351333,0.001615236,0.047543927,83.6,1.6722,0.049159163,0.285675,0.323196,0.391128
5477,OK,,200.0,597.3679207,34.6473394,141.666667,123.6,2513.157123,55.4098554,4.10603489,0.325064114,0.001726944,0.045212088,83.6,1.6722,0.046939031,0.285675,0.323196,0.391128
5478,OK,,200.0,597.3679207,34.6473394,142.777778,123.6,2532.868157,55.8444425,3.89783118,0.348650511,0.001849018,0.042878567,83.6,1.6722,0.044727585,0.285675,0.323196,0.391128
5479,OK,,200.0,597.3679207,34.6473394,143.888889,123.6,2552.579191,56.2790296,3.69380238,0.3741353,0.001980651,0.040592224,83.6,1.6722,0.042572875,0.285675,0.323196,0.391128
5480,OK,,200.0,597.3679207,34.6473394,145.0,123.6,2572.290225,56.7136167,3.4870394,0.402363089,0.002126268,0.038281604,83.6,1.6722,0.040407872,0.285675,0.323196,0.391128
5481,OK,,200.0,602.4770638,34.9436697,135.0,123.6,2394.890899,52.8023328,5.42491737,0.216258988,0.001158557,0.059947588,83.6,1.6722,0.061106145,0.285675,0.323196,0.391128
5482,OK,,200.0,602.4770638,34.9436697,136.111111,123.6,2414.601934,53.2369199,5.21417473,0.23027902,0.001231692,0.05757106,83.6,1.6722,0.058802751,0.285675,0.323196,0.391128
5483,OK,,200.0,602.4770638,34.9436697,137.222222,123.6,2434.312968,53.671507,5.0028252,0.245599416,0.001311506,0.055191324,83.6,1.6722,0.05650283,0.285675,0.323196,0.391128
5484,OK,,200.0,602.4770638,34.9436697,138.333333,123.6,2454.024002,54.1060941,4.79057471,0.262263363,0.001398194,0.052805644,83.6,1.6722,0.054203839,0.285675,0.323196,0.391128
5485,OK,,200.0,602.4770638,34.9436697,139.444444,123.6,2473.735036,54.5406812,4.58278724,0.280576146,0.001493322,0.050468953,83.6,1.6722,0.051962274,0.285675,0.323196,0.391128
5486,OK,,200.0,602.4770638,34.9436697,140.555556,123.6,2493.446088,54.9752683,4.37351766,0.300101659,0.001594542,0.048120648,83.6,1.6722,0.049715191,0.285675,0.323196,0.391128
5487,OK,,200.0,602.4770638,34.9436697,141.666667,123.6,2513.157123,55.4098554,4.16700144,0.321192987,0.001703675,0.045804318,83.6,1.6722,0.047507993,0.285675,0.323196,0.391128
5488,OK,,200.0,602.4770638,34.9436697,142.777778,123.6,2532.868157,55.8444425,3.95667207,0.344497457,0.00182412,0.043452385,83.6,1.6722,0.045276505,0.285675,0.323196,0.391128
5489,OK,,200.0,602.4770638,34.9436697,143.888889,123.6,2552.579191,56.2790296,3.7546441,0.369329759,0.001952143,0.041190143,83.6,1.6722,0.043142286,0.285675,0.323196,0.391128
5490,OK,,200.0,602.4770638,34.9436697,145.0,123.6,2572.290225,56.7136167,3.55076235,0.396701115,0.002093064,0.038912854,83.6,1.6722,0.041005917,0.285675,0.323196,0.391128
5491,OK,,200.0,607.5862069,35.24,135.0,123.6,2394.890899,52.8023328,5.49027032,0.214020366,0.001144694,0.060560233,83.6,1.6722,0.061704926,0.285675,0.323196,0.391128
5492,OK,,200.0,607.5862069,35.24,136.111111,123.6,2414.601934,53.2369199,5.27530988,0.227986108,0.001217458,0.058144758,83.6,1.6722,0.059362216,0.285675,0.323196,0.391128
5493,OK,,200.0,607.5862069,35.24,137.222222,123.6,2434.312968,53.671507,5.06341597,0.243096788,0.001296056,0.055763311,83.6,1.6722,0.057059366,0.285675,0.323196,0.391128
5494,OK,,200.0,607.5862069,35.24,138.333333,123.6,2454.024002,54.1060941,4.85448138,0.259330504,0.001380335,0.053415208,83.6,1.6722,0.054795543,0.285675,0.323196,0.391128
5495,OK,,200.0,607.5862069,35.24,139.444444,123.6,2473.735036,54.5406812,4.64376279,0.277500031,0.001474594,0.051052259,83.6,1.6722,0.052526853,0.285675,0.323196,0.391128
5496,OK,,200.0,607.5862069,35.24,140.555556,123.6,2493.446088,54.9752683,4.43645873,0.296570811,0.001573273,0.048727731,83.6,1.6722,0.050301005,0.285675,0.323196,0.391128
5497,OK,,200.0,607.5862069,35.24,141.666667,123.6,2513.157123,55.4098554,4.23039124,0.317243329,0.001680057,0.046419572,83.6,1.6722,0.048099629,0.285675,0.323196,0.391128
5498,OK,,200.0,607.5862069,35.24,142.777778,123.6,2532.868157,55.8444425,4.018344,0.340225773,0.001798664,0.044053641,83.6,1.6722,0.045852305,0.285675,0.323196,0.391128
5499,OK,,200.0,607.5862069,35.24,143.888889,123.6,2552.579191,56.2790296,3.81489079,0.364690067,0.001924603,0.041780043,83.6,1.6722,0.043704646,0.285675,0.323196,0.391128
5500,OK,,200.0,607.5862069,35.24,145.0,123.6,2572.290225,56.7136167,3.60362361,0.392199175,0.002066117,0.039429688,83.6,1.6722,0.041495804,0.285675,0.323196,0.391128
5501,OK,,191.5,260.6896552,15.12,140.462884,123.6,2491.802093,54.9390217,0.530714923,1.04585185,0.006194074,0.006565307,83.6,1.6722,0.012759381,0.285675,0.323196,0.391128
