,i,j,steps,acidgas_Fm,acidgas_CO2,acidgas_H2O,acidgas_H2S,acidgas_T,acidgas_P,air,air_SP,second_air2,air2_SP,COG,COG_SP,burner_input_T_SP,burner_input_T_PV,burner_inputP,burner_output_T_SP,burner_output_T_PV,burner_output_P_SP,burner_output_P_PV,fur_F,fur_inputT,fur_inputP,fur_temp,fur_outputT,fur_outputP_SP,fur_outputP_PV,WHB_F,WHB_inputT,WHB_inputP,WHB_outputT,WHB_outputP,SEP1_F,SEP1_P_SP,SEP1_P_PV,SEP1_T,HEATER1_F,HEATER1_input_T,HEATER1_input_P,HEATER1_output_T_SP,HEATER1_output_T_PV,HEATER1_output_P,cat1_F,cat1_input_temp,cat1_output_temp,cat1_input_P,cat1_output_P_SP,cat1_output_P_PV,cat1_deltaP,SEP2_F,SEP2_P_SP,SEP2_P_PV,SEP2_T,HEATER2_F,HEATER2_input_T,HEATER2_input_P,HEATER2_output_T_SP,HEATER2_output_T_PV,HEATER2_output_P,cat2_F,cat2_input_temp,cat2_output_temp,cat2_input_P,cat2_output_P_SP,cat2_output_P_PV,cat2_deltaP,SEP3_F,SEP3_P_SP,SEP3_P_PV,SEP3_T,B35_H2S,B35_SO2,ratio,ratioSP,conv
0,0.0,0.0,0.0,140.5462327243749,40.150577527779184,45.42400049558759,54.971654701008134,83.6,1.6722000000000001,123.35155616342684,3458.888660705399,60.000019831474866,60.0,7.9775646009079555,7.513200533654371,599.9999587739113,599.999927616222,1.6221922861494376,1219.506405728874,1219.5063765661296,1.622195,1.6221949341692476,267.8163560654848,100.56324689942979,1.5719235590378955,888.2574600264761,881.9191925012892,1.571315,1.5713163822579306,264.9527924819434,881.9191925009305,1.5212777469184908,122.75664297686801,1.5211824040352915,264.9527924819434,1.520795,1.5208038018761665,98.67693964862184,235.2556779743425,98.67693964876922,1.4207054239320454,329.9231654528113,329.92299803905337,1.4201585202013842,235.2556779743425,329.92299803905337,369.072629068509,1.420008407140325,1.411445,1.4114450138768895,8.56339326343547,233.38998659247284,1.361375,1.3613744100788383,51.18288789405447,163.6050382245298,51.18288789405709,1.2604629301583496,190.0,190.0004432803697,1.4201585202013842,163.6050382245298,190.0004432803698,246.7525217988651,1.2602267116900132,1.251615,1.2516146074762924,8.612104213720828,161.8500740665396,1.200915,1.2009143924301033,120.53037323083532,0.020593141251853832,0.0002524098785325757,81.58611450381925,2.012651920994923,0.9392621354158034
1,0.0,1.0,1.0,140.5467356206425,40.1507211927867,45.4241630297222,54.9718513981336,83.6,1.6722000000000001,123.35223374331044,3458.900895104735,60.000017316010315,60.0,7.9775690501508745,7.513207283646636,599.9999587739113,599.9999414446389,1.6221922473080883,1219.506405728874,1219.5063580250758,1.622195,1.6221948953288965,267.81753751056783,100.56317759839483,1.571922841762048,888.2581155156499,881.9201199033299,1.571315,1.5713156589763269,264.9539459583199,881.9201199030645,1.5212766142303011,122.76140321302954,1.5211812703726866,264.9539459583199,1.520795,1.520802666528125,98.67684634754227,235.26266416105935,98.6768463475903,1.4207073032646986,329.9163393368426,329.91626473158414,1.4201603679269295,235.26266416105935,329.91626473158414,369.0672726179674,1.4200102478256238,1.411445,1.4114464314258466,8.563816399777213,233.39700597234636,1.361375,1.3613763742492835,51.18293178242085,163.61009985554122,51.18293178242051,1.2604650477126733,190.0,189.99877106091623,1.4201603679269295,163.61009985554122,189.99877106091643,246.75079738540768,1.2602288155670711,1.251615,1.2516162278904834,8.61258767658768,161.85508823021303,1.200915,1.2009162622642764,120.5303014141551,0.020593115704086215,0.00025240963981196685,81.58609044974314,2.012651920994923,0.9392606346278193
2,0.0,2.0,2.0,140.54726671822945,40.15087291421264,45.42433467841449,54.972059125602335,83.6,1.6722000000000001,123.35285200881016,3458.914029674447,60.00001295296908,60.0,7.977567762567953,7.513203804532525,599.9999587739113,599.9999559644833,1.6221922275019363,1219.506405728874,1219.5063965143886,1.622195,1.6221948755220823,267.81868624400454,100.56310389019363,1.57192208432338,888.2585147468299,881.9206911633637,1.571315,1.5713148958935363,264.95503753038753,881.920691163188,1.5212743595055098,122.76556185078464,1.5211790146758501,264.95503753038753,1.520795,1.5208004092429708,98.67675293770354,235.26446579511213,98.67675293774404,1.420707150116599,329.91445222342946,329.91442887422454,1.420160206546742,235.26446579511213,329.91442887422454,369.06569187219765,1.420010084604351,1.411445,1.4114461556579811,8.563928946369925,233.39888115392432,1.361375,1.3613766328761825,51.18297667618767,163.61239355169081,51.18297667618733,1.2604653815836748,190.0,189.99859120448627,1.420160206546742,163.61239355169081,189.99859120448593,246.7503452390603,1.2602291429428947,1.251615,1.2516163180776927,8.612824865201985,161.8574581935999,1.200915,1.2009167916088612,120.53023003001248,0.020593104126181084,0.00025240944565847745,81.58610733627053,2.012651920994923,0.9392597655654226
3,0.0,3.0,3.0,140.54755129338645,40.150954210286415,45.424426652007966,54.972170431092096,83.6,1.6722000000000001,123.35319817623095,3458.9211322348783,60.00000550710104,60.0,7.977566650332911,7.513202895293507,599.9999587739113,599.9999652791705,1.6221922517448975,1219.506405728874,1219.506405603074,1.622195,1.6221948997643358,267.8193164618,100.56306255798935,1.5719216784589896,888.258772099226,881.9210668423244,1.571315,1.5713144869509401,264.95561980350334,881.92106684226,1.5212725558132454,122.76786130994371,1.5211772104218115,264.95561980350334,1.520795,1.5207986040947046,98.67666088590946,235.26508017877762,98.67666088594649,1.4207066778316622,329.91373937822794,329.91373018659374,1.4201597314525274,235.26508017877762,329.91373018659374,369.06512112853756,1.4200096088755043,1.411445,1.4114456413498342,8.563967525670124,233.3995080849534,1.361375,1.3613762210880227,51.183022666858584,163.6129702200972,51.18302266685945,1.2604649421021297,190.0,189.9989803291622,1.4201597314525274,163.6129702200972,189.99898032916215,246.7506027896613,1.2602287015977023,1.251615,1.2516158064215512,8.612895176151047,161.85806161300164,1.200915,1.2009164205771874,120.53015870894755,0.02059310322983806,0.0002524095246051235,81.58607826727017,2.012651920994923,0.9392595588202863
4,0.0,4.0,4.0,140.5476535689646,40.15098342788585,45.424459707080466,54.9722104339983,83.6,1.6722000000000001,123.35334891155797,3458.9237159005393,59.999999513281544,60.0,7.977565540796855,7.513202599567015,599.9999587739113,599.9999682349905,1.6221922883382178,1219.506405728874,1219.5064069752316,1.622195,1.6221949363570403,267.8195690500413,100.56304518436848,1.5719215325761529,888.2589414425247,881.9213133746471,1.571315,1.5713143398220861,264.9558427848526,881.9213133746078,1.5212712908691548,122.76885772347332,1.5211759452184013,264.9558427848526,1.520795,1.5207973384963789,98.676569487336,235.26525352142679,98.67656948737086,1.4207063075444857,329.91346464986293,329.91346120639713,1.420159360458734,235.26525352142679,329.91346120639713,369.0648984796266,1.4200092377177291,1.411445,1.4114452601302536,8.563977587475513,233.39968431092083,1.361375,1.3613757573416208,51.18306917136997,163.61290238823042,51.18306917137326,1.2604644650880603,190.0,189.99940727459264,1.420159360458734,163.61290238823042,189.99940727459287,246.750969070477,1.2602282245623244,1.251615,1.2516153270776351,8.612897484689297,161.85799494928352,1.200915,1.2009158808516107,120.53008747264461,0.020593105000996606,0.000252409804884702,81.58599468987866,2.012651920994923,0.9392596145143683
5,0.0,5.0,5.0,140.54765150629495,40.150982838632224,45.4244590404336,54.97220962722917,83.6,1.6722000000000001,123.3533857237043,3458.9237014400314,59.999996185811185,60.0,7.977564909568708,7.513203018754442,599.9999587739113,599.9999667722717,1.6221923207534774,1219.506405728874,1219.5064036697365,1.622195,1.622194968771954,267.8196035897008,100.56304229452739,1.5719215354938214,888.259054892139,881.9214784565261,1.571315,1.5713143425499114,264.95586073366417,881.9214771547071,1.5212704473398149,122.76910226863745,1.5211751016102255,264.95586073366417,1.520795,1.520796494785848,98.67647818064216,235.26524559565982,98.676478180675,1.4207060892704295,329.91337346811355,329.9133724039731,1.4201591423851054,235.26524559565982,329.9133724039731,369.0648157752692,1.4200090196843695,1.411445,1.4114450443603308,8.563975324038742,233.3996774304033,1.361375,1.3613754159875082,51.183115869785794,163.61266177046426,51.18311586978935,1.2604641501879423,190.0,189.99972098412007,1.4201591423851054,163.61266177046426,189.9997209841203,246.75124192050586,1.260227910206794,1.251615,1.2516150321529431,8.612878053850803,161.85774949774276,1.200915,1.2009154528548753,120.53001631891672,0.02059310607744206,0.0002524101989326134,81.58587158730403,2.012651920994923,0.9392597240779192
6,0.0,6.0,6.0,140.5475996763741,40.1509680321076,45.424442289203014,54.972189355063506,83.6,1.6722000000000001,123.35336478643445,3458.922442262813,59.99999509884366,60.0,7.977564665919621,7.5132037112481385,599.9999587739113,599.9999637093133,1.622192343707695,1219.506405728874,1219.5064001861456,1.622195,1.6221949917260468,267.8195307684293,100.56304677184168,1.5719216093883972,888.2591318225296,881.9215904516759,1.571315,1.571314416775414,264.95578000048795,881.9215904516585,1.521269898949013,122.76896896510009,1.5211745532343044,264.95578000048795,1.520795,1.5207959464562595,98.67638664277143,235.26517558090256,98.67638664280476,1.4207059830304998,329.91334815311166,329.91334786003097,1.4201590366791892,235.26517558090256,329.91334786003097,369.0647809171582,1.4200089140942356,1.411445,1.4114449456014615,8.563968492774077,233.39960805531902,1.361375,1.361375203432462,51.183162625062366,163.61242048656655,51.18316262506699,1.2604639886722797,190.0,189.99991485632935,1.4201590366791892,163.61242048656655,189.9999148563296,246.75139599184993,1.260227749305002,1.251615,1.251614894063953,8.612855241048933,161.85750418858868,1.200915,1.2009151791412094,120.52994521830783,0.020593105753256135,0.00025241064741776697,81.58572534054917,2.012651920994923,0.9392598171941112
7,0.0,7.0,7.0,140.54753060913845,40.150948301309086,45.424419966938764,54.97216234089062,83.6,1.6722000000000001,123.35331985189174,3458.9207473219712,59.99999539515078,60.0,7.977564677849981,7.513204436211852,599.9999587739113,599.9999607816653,1.622192357507654,1219.506405728874,1219.5063980005693,1.622195,1.6221950055260208,267.81941680374575,100.56305420823574,1.5719217078688152,888.2591844554273,881.9216662801865,1.571315,1.5713145157873099,264.9556628365309,881.9216662801758,1.521269547807378,122.76867738865943,1.5211742021489925,264.9556628365309,1.520795,1.5207955954804206,98.67629473706518,235.2650995801843,98.6762947371004,1.4207059431133302,329.9133325549251,329.9133322679273,1.4201589973489612,235.2650995801843,329.9133322679273,369.0647509280943,1.4200088748919504,1.411445,1.4114449139962764,8.563960895674017,233.3995324733345,1.361375,1.361375084358389,51.18320938894023,163.61222818973803,51.18320938894328,1.2604639266356774,190.0,190.00002023460516,1.4201589973489612,163.61222818973803,190.0000202346052,246.7514579591615,1.2602276877879997,1.251615,1.2516148524832158,8.61283530478385,161.85730997801872,1.200915,1.2009150270960245,120.52987414229486,0.0205931042406717,0.0002524111156189185,81.58556801342478,2.012651920994923,0.9392598805087851
8,0.0,8.0,8.0,140.54746152823841,40.15092856660699,45.424397640258235,54.9721353213732,83.6,1.6722000000000001,123.35326929804673,3458.9190461161306,59.999996330761775,60.0,7.9775648147103535,7.513205051070172,599.9999587739113,599.9999587068817,1.6221923643682286,1219.506405728874,1219.506397409358,1.622195,1.6221950123866777,267.81929724411606,100.56306215200141,1.5719218063720926,888.2592206832719,881.9217183335055,1.571315,1.5713146148521804,264.95554255101086,881.9217183334983,1.5212693250542146,122.76834895689747,1.5211739794643362,264.95554255101086,1.520795,1.5207953729209875,98.6762023922734,235.26504033529991,98.67620239230746,1.4207059369500252,329.9133031644154,329.9133025923121,1.4201589917062027,235.26504033529991,329.9133025923121,369.06470807319465,1.4200088693622348,1.411445,1.4114449152040718,8.563954158163023,233.39947348855102,1.361375,1.3613750237536277,51.18325615110611,163.61208970039561,51.18325615111222,1.2604639174201633,190.0,190.00006951938698,1.4201589917062027,163.61208970039561,190.00006951938698,246.75146020255238,1.2602276789647828,1.251615,1.2516148592868146,8.612819677968231,161.8571713230356,1.200915,1.2009149542672248,120.52980307227152,0.020593101931138065,0.0002524115849964616,81.58540714930635,2.012651920994923,0.9392599185562821
9,0.0,9.0,9.0,140.5474001305748,40.150911026815244,45.424377796770095,54.972111306989476,83.6,1.6722000000000001,123.35322192545128,3458.9175315101243,59.99999741335638,60.0,7.977564989876553,7.513205509294433,599.9999587739113,599.9999575602474,1.622192366701676,1219.506405728874,1219.5063980214275,1.622195,1.6221950147202266,267.8191885541064,100.56306942663282,1.5719218939212458,888.25924573068,881.9217541701522,1.571315,1.5713147029135186,264.9554343061033,881.9217541701471,1.521269185587175,122.768040954265,1.5211738400636392,264.9554343061033,1.520795,1.520795233638573,98.67610967213278,235.26500755429828,98.67610967216649,1.420705946038892,329.913249742,329.91324874749563,1.4201590011964669,235.26500755429828,329.91324874749563,369.0646451791861,1.420008878938692,1.411445,1.411444929944286,8.563948994406045,233.3994406237457,1.361375,1.361374996991481,51.183302917607584,163.6119972259058,51.183302917611684,1.2604639315283437,190.0,190.00008637496236,1.4201590011964669,163.6119972259058,190.00008637496236,246.75142756955321,1.2602276933473686,1.251615,1.2516148851829931,8.612808164375485,161.85707973374468,1.200915,1.2009149276488922,120.5297319992678,0.0205930991551657,0.0002524120465835592,81.58524695590748,2.012651920994923,0.9392599387796906
10,0.0,10.0,10.0,140.54734922296012,40.15089648377066,45.42436134362532,54.97209139556417,83.6,1.6722000000000001,123.35318148575182,3458.916274270114,59.99999838752118,60.0,7.977565156029311,7.51320581419207,599.9999587739113,599.9999571294729,1.6221923663882496,1219.506405728874,1219.5063993165527,1.622195,1.622195014406894,267.81909727619546,100.56307554919897,1.5719219665129085,888.2592630859436,881.9217788957337,1.571315,1.571314775936002,264.95534395420844,881.9217788957299,1.5212690987441988,122.76777799495179,1.521173753278303,264.95534395420844,1.520795,1.520795146954647,98.6760165565378,235.2649993493883,98.67601655657104,1.4207059598507674,329.9131732909507,329.91317191865437,1.4201590152951564,235.2649993493883,329.91317191865437,369.06456312463155,1.4200088930976746,1.411445,1.411444947740383,8.563945357291658,233.3994321822093,1.361375,1.3613749882414787,51.183349697838715,163.6119397032901,51.18334969784254,1.26046395256952,190.0,190.0000864557213,1.4201590152951564,163.6119397032901,190.0000864557213,246.751376658492,1.2602277145689333,1.251615,1.2516149145796625,8.612799989270892,161.85702368178062,1.200915,1.2009149252727194,120.52966092041655,0.02059309614453665,0.0002524124968505256,81.58508949234607,2.012651920994923,0.9392599477360292
11,0.0,11.0,11.0,140.54730868738284,40.150884903760236,45.42434824268304,54.97207554093957,83.6,1.6722000000000001,123.35314868775488,3458.915272491299,59.99999914816686,60.0,7.977565291547899,7.513205992242396,599.9999587739113,599.9999571536854,1.6221923647734493,1219.506405728874,1219.5064008517672,1.622195,1.6221950127921685,267.81902399528036,100.56308045529113,1.5719220243149241,888.2592751334292,881.9217960013863,1.571315,1.5713148340842684,264.95527168966373,881.9217960013837,1.5212690457275981,122.7675646553046,1.5211737003090444,264.95527168966373,1.520795,1.5207950940679402,98.67592310339823,235.2650142289084,98.67592310343252,1.4207059741403592,329.9130749218217,329.9130731982395,1.4201590297623035,235.2650142289084,329.9130731982395,369.06446327503966,1.4200089076004276,1.411445,1.4114449644254576,8.563943174970001,233.3994465579454,1.361375,1.3613749886387714,51.183396502494524,163.61190828160267,51.183396502498894,1.2604639731448528,190.0,190.00007875654453,1.4201590297623035,163.61190828160267,190.00007875654453,246.75131728579518,1.260227735251931,1.251615,1.2516149408257442,8.612794426186898,161.85699394620315,1.200915,1.2009149341653815,120.52958983658962,0.020593093042383596,0.0002524129350897417,81.58493555436067,2.012651920994923,0.9392599497891326
12,0.0,12.0,12.0,140.54727737693128,40.15087595913975,45.42433812326582,54.97206329452572,83.6,1.6722000000000001,123.35312304133205,3458.9144982868893,59.99999968497919,60.0,7.977565391960686,7.513206076577533,599.9999587739113,599.9999574075639,1.6221923626743047,1219.506405728874,1219.5064023283276,1.622195,1.6221950106930785,267.818967074651,100.56308424838433,1.571922068962486,888.2592835001547,881.9218078436126,1.571315,1.5713148790009537,264.95521571110396,881.9218078436111,1.5212690140018517,122.7673978004582,1.5211736686206678,264.95521571110396,1.520795,1.5207950624443063,98.67582935132785,235.26504819055782,98.67582935136019,1.4207059870129313,329.91295819975767,329.9129561855317,1.4201590427211734,235.26504819055782,329.9129561855317,369.06434851685657,1.4200089205742787,1.411445,1.411444978364437,8.563942209841802,233.39947983093398,1.361375,1.3613749932180825,51.18344334066828,163.61189595134718,51.18344334067141,1.2604639904703927,190.0,190.0000683258545,1.4201590427211734,163.61189595134718,190.00006832585453,246.7512549295224,1.2602277526305086,1.251615,1.2516149617861594,8.612790844349183,161.85698334912755,1.200915,1.200914947164376,120.5295187503915,0.0205930899313596,0.0002524133619488684,81.58478526002581,2.012651920994923,0.9392599477080689
13,0.0,13.0,13.0,140.54725373431037,40.150869205028556,45.424330482061904,54.97205404721992,83.6,1.6722000000000001,123.35310350937932,3458.913913442805,60.00000002917564,60.0,7.977565460574207,7.513206097585671,599.9999587739113,599.9999577385169,1.6221923605554913,1219.506405728874,1219.5064035865166,1.622195,1.622195008574301,267.81892392268475,100.56308710397927,1.5719221026761019,888.259289308827,881.921816042163,1.571315,1.5713149129186808,264.9551733588234,881.9218160421616,1.5212689955585834,122.76727069902364,1.5211736502060815,264.9551733588234,1.520795,1.5207950440791598,98.67573533443267,235.2650973561725,98.67573533446648,1.420705997942671,329.91282670095734,329.9128244548414,1.4201590536639481,235.2650973561725,329.9128244548414,369.06422176164403,1.4200089315154751,1.411445,1.4114449892931373,8.563942222337806,233.39952816162577,1.361375,1.3613749993076307,51.18349021974616,163.61189738258145,51.18349021974885,1.2604640039869937,190.0,190.00005779118163,1.4201590536639481,163.61189738258145,190.00005779118166,246.75119247626705,1.2602277661599521,1.251615,1.25161497742772,8.612788732232035,161.8569864754288,1.200915,1.2009149605455012,120.5294476649577,0.020593086856790514,0.00025241377867925936,81.58463838441253,2.012651920994923,0.9392599432110762
14,0.0,14.0,14.0,140.54723620222327,40.15086419654552,45.424324815758965,54.972047189918804,83.6,1.6722000000000001,123.35308893692391,3458.9134796084927,60.00000022572992,60.0,7.9775655037621105,7.513206079694155,599.9999587739113,599.9999580583079,1.6221923586479836,1219.506405728874,1219.506404567914,1.622195,1.6221950066668152,267.81889183056,100.563089208773,1.57192212767635,888.2592933374285,881.9218217141361,1.571315,1.5713149380707672,264.9551419109634,881.921821714135,1.521268985278709,122.76717585078359,1.5211736399477507,264.9551419109634,1.520795,1.5207950338578082,98.67564108108796,235.26515826571983,98.67564108112231,1.4207060069954847,329.912683666134,329.9126812402932,1.4201590626728247,235.26515826571983,329.9126812402932,369.0640856164264,1.4200089405098928,1.411445,1.4114449975145806,8.563942995312157,233.39958812717143,1.361375,1.3613750055440255,51.183537145365854,163.61190863860713,51.1835371453693,1.2604640140930246,190.0,190.0000483666624,1.4201590626728247,163.61190863860713,190.00004836666244,246.75113128214608,1.260227776249667,1.251615,1.2516149885556946,8.612787693972335,161.85699935467895,1.200915,1.200914972584399,120.52937658336566,0.020593083841155792,0.0002524141867061764,81.58449455587551,2.012651920994923,0.9392599373336304
15,0.0,15.0,15.0,140.5472233979574,40.15086053868391,45.424320677469595,54.9720421818039,83.6,1.6722000000000001,123.35307824740912,3458.913162673662,60.00000031848217,60.0,7.977565528262792,7.513206040784232,599.9999587739113,599.9999583255378,1.6221923570414873,1219.506405728874,1219.5064052773134,1.622195,1.6221950050603304,267.8188683421913,100.56309073287512,1.5719221459348938,888.2592961267961,881.9218256324235,1.571315,1.5713149564404587,264.95511892359474,881.9218256324226,1.5212689799102872,122.76710626105104,1.5211736345952291,264.95511892359474,1.520795,1.5207950285324792,98.67554661414385,235.26522801203458,98.67554661417738,1.4207060144515677,329.9125318474242,329.91252928556975,1.4201590700417992,235.26522801203458,329.91252928556975,369.0639422824717,1.4200089478546438,1.411445,1.4114450035098989,8.563944344744945,233.39965685184526,1.361375,1.3613750112806806,51.18358412161142,163.61192683783662,51.18358412161478,1.2604640214843978,190.0,190.00004049040277,1.4201590700417992,163.61192683783662,190.00004049040277,246.75107185669515,1.2602277836038585,1.251615,1.2516149961745096,8.6127874293489,161.85701909886515,1.200915,1.200914982649911,120.52930550835953,0.020593080893632185,0.0002524145874166389,81.58435336243453,2.012651920994923,0.9392599306908586
16,0.0,16.0,16.0,140.5472141707958,40.15085790271239,45.424317695286554,54.97203857279688,83.6,1.6722000000000001,123.35307052012972,3458.9129342216615,60.000000343823565,60.0,7.977565539949165,7.513205992989256,599.9999587739113,599.9999585281417,1.6221923557472318,1219.506405728874,1219.506405752122,1.622195,1.622195003766079,267.81885138871803,100.56309181942602,1.5719221590926,888.2592980537705,881.9218283335647,1.571315,1.571314969678394,264.9551023495756,881.9218283335642,1.5212689774088546,122.76705594533969,1.5211736321053562,264.9551023495756,1.520795,1.5207950260623102,98.67545195164774,235.26530424875511,98.67545195168157,1.420706020634585,329.91237348477017,329.9123708221559,1.4201590761057334,235.26530424875511,329.9123708221559,369.06379354668854,1.4200089538871166,1.411445,1.4114450077657978,8.563946121318722,233.3997320143323,1.361375,1.361375016256225,51.18363115127427,163.61194988552174,51.1836311512779,1.260464026857709,190.0,190.00003419894583,1.4201590761057334,163.61194988552174,190.00003419894583,246.75101426805523,1.2602277889252713,1.251615,1.2516150012112557,8.612787714015635,161.8570436193327,1.200915,1.200914990671627,120.52923444225723,0.02059307801594152,0.0002524149820654864,81.58421440530365,2.012651920994923,0.9392599236447725
17,0.0,17.0,17.0,140.5472076018741,40.150856026134164,45.42431557223639,54.972036003503575,83.6,1.6722000000000001,123.35306500718193,3458.9127715454797,60.00000032915445,60.0,7.977565543426951,7.513205943936211,599.9999587739113,599.9999586698947,1.6221923547375166,1219.506405728874,1219.5064060416328,1.622195,1.6221950027563643,267.8188393052565,100.56309258307773,1.5719221684597315,888.259299381222,881.9218301906872,1.571315,1.5713149791027075,264.9550905475917,881.9218301906867,1.5212689765081346,122.76702004093059,1.5211736312129278,264.9550905475917,1.520795,1.520795025183973,98.67535710771483,235.26538513579888,98.67535710774892,1.4207060258417046,329.9122103477737,329.91220761206534,1.4201590811706137,235.26538513579888,329.91220761206534,369.063640820143,1.4200089589152853,1.411445,1.4114450107078014,8.563948207483962,233.39981179374917,1.361375,1.3613750204116155,51.18367823611259,163.61197627159413,51.18367823611529,1.2604640307999961,190.0,190.00002934004468,1.4201590811706137,163.61197627159413,190.00002934004468,246.75095837372865,1.2602277928054448,1.251615,1.2516150044228127,8.61278838263213,161.8570714166977,1.200915,1.2009149968405592,120.52916338695549,0.020593075205798034,0.00025241537174400995,81.58407732268677,2.012651920994923,0.9392599164054203
18,0.0,18.0,18.0,140.54720297864955,40.15085470539342,45.42431407802804,54.97203419522811,83.6,1.6722000000000001,123.35306112189316,3458.9126570276408,60.00000029363502,60.0,7.977565542054263,7.5132058979866505,599.9999587739113,599.9999587614517,1.6221923539690521,1219.506405728874,1219.5064061947544,1.622195,1.6221950019878977,267.8188307938831,100.56309311256895,1.5719221750523495,888.2593002926067,881.9218314634005,1.571315,1.5713149857356,264.9550822413985,881.9218314634006,1.521268976439659,122.76699473214511,1.521173631150326,264.9550822413985,1.520795,1.5207950251313256,98.67526209335864,235.26546926103342,98.67526209339343,1.4207060303204246,329.912043804065,329.91204101653506,1.4201590854907298,235.26546926103342,329.91204101653506,369.06348519491974,1.42000896319497,1.411445,1.411445012682226,8.563950512743945,233.39989479229342,1.361375,1.361375023789291,51.183725377076804,163.61200491868334,51.18372537707926,1.2604640337650586,190.0,190.00002568979247,1.4201590854907298,163.61200491868334,190.00002568979247,246.7509039478463,1.2602277957014296,1.251615,1.2516150063863802,8.612789315049385,161.85710142495856,1.200915,1.2009150014466585,120.529092343973,0.020593072458899297,0.000252415757380459,81.5839417975002,2.012651920994923,0.9392599090915408
19,0.0,19.0,19.0,140.54719976076146,40.1508537861225,45.424313038019015,54.972032936619975,83.6,1.6722000000000001,123.35305841577659,3458.9125773024425,60.00000024978955,60.0,7.977565538136543,7.513205857283417,599.9999587739113,599.9999588151003,1.6221923533957903,1219.506405728874,1219.5064062538938,1.622195,1.6221950014146327,267.81882486657736,100.56309347483023,1.5719221796409912,888.2593009158979,881.9218323322943,1.571315,1.5713149903522847,264.9550764614175,881.9218323322945,1.5212689767499572,122.76697710128565,1.5211736314647353,264.9550764614175,1.520795,1.5207950254526839,98.67516691721274,235.26555555932603,98.6751669172473,1.4207060342660283,329.91187489265116,329.911872069396,1.420159089266505,235.26555555932603,329.911872069396,369.0633275034257,1.4200089669277522,1.411445,1.411445013959111,8.563952968641209,233.39997995528535,1.361375,1.3613750264775797,51.18377257450402,163.61203506761544,51.18377257450661,1.2604640360853572,190.0,190.0000230141184,1.420159089266505,163.61203506761544,190.0000230141184,246.75085074841286,1.2602277979480012,1.251615,1.2516150075227617,8.612790425239547,161.85713289525327,1.200915,1.200915004794665,120.52902131451603,0.020593069770054307,0.00025241613975547167,81.58380755685377,2.012651920994923,0.9392599017671281
20,0.0,20.0,20.0,140.54719754572852,40.150853153342446,45.424312322128905,54.97203207025718,83.6,1.6722000000000001,123.3530565528681,3458.9125224112818,60.00000020522151,60.0,7.977565533167138,7.513205822555238,599.9999587739113,599.9999588420923,1.6221923529752988,1219.506405728874,1219.506406252769,1.622195,1.622195000994138,267.81882078538354,100.56309371932463,1.571922182799584,888.2593013402728,881.9218329229182,1.571315,1.5713149935301822,264.9550724845431,881.921832922918,1.5212689771819874,122.7669649620017,1.5211736318996083,264.9550724845431,1.520795,1.520795025892351,98.67507158612624,235.2656432389427,98.67507158616205,1.4207060378272063,329.91170439184714,329.91170154488265,1.4201590926504681,235.2656432389427,329.91170154488265,369.0631683726525,1.4200089702670242,1.411445,1.4114450147428843,8.56395552413991,233.40006649843957,1.361375,1.3613750285802118,51.1838198282724,163.61206619101904,51.183819828274125,1.260464037995122,190.0,190.00002109854796,1.4201590926504681,163.61206619101904,190.000021098548,246.75079855022906,1.2602277997810114,1.251615,1.2516150081284485,8.612791652562901,161.85716530886197,1.200915,1.2009150071639465,120.52895029953775,0.020593067133804883,0.000252416519522967,81.58367436775924,2.012651920994923,0.9392598944637238
21,0.0,21.0,21.0,140.54719603830145,40.150852722707874,45.424311834934294,54.97203148065931,83.6,1.6722000000000001,123.35305528570282,3458.9124850467,60.00000016411238,60.0,7.9775655280515,7.513205793694621,599.9999587739113,599.9999588515778,1.6221923526713726,1219.506405728874,1219.506406216465,1.622195,1.6221950006902084,267.81881800784714,100.56309388196783,1.5719221849491456,888.2593016277606,881.9218333223926,1.571315,1.5713149956928785,264.9550697799097,881.9218333223926,1.5212689775986934,122.76695670343885,1.5211736323182556,264.9550697799097,1.520795,1.5207950263142658,98.67497610562387,235.26573171842801,98.67497610566022,1.4207060411140844,329.9115328781998,329.9115300164033,1.4201590957555743,235.26573171842801,329.9115300164033,369.06300827079497,1.4200089733263774,1.411445,1.4114450151847335,8.563958141643901,233.4001538455115,1.361375,1.3613750302000933,51.18386713792705,163.61209792855092,51.18386713793071,1.2604640396541358,190.0,190.000019760182,1.4201590957555743,163.61209792855092,190.000019760182,246.750747158668,1.26022780136136,1.251615,1.2516150084063604,8.612792954999504,161.85719831236068,1.200915,1.200915008792502,120.52887929979237,0.02059306454475513,0.00025241689723163067,81.5835420314904,2.012651920994923,0.9392598871941269
22,0.0,22.0,22.0,140.5471950247331,40.1508524331565,45.42431150735291,54.972031084223715,83.6,1.6722000000000001,123.35305443460457,3458.912459917093,60.000000128397915,60.0,7.977565523291182,7.5132057701507255,599.9999587739113,599.9999588504274,1.6221923524545994,1219.506405728874,1219.5064061625735,1.622195,1.622195000473432,267.81881614065554,100.56309398845552,1.5719221863944748,888.2593018214064,881.9218335910552,1.571315,1.5713149971470342,264.9550679630228,881.9218335910565,1.5212689779345745,122.76695115574586,1.5211736326554441,264.9550679630228,1.520795,1.520795026653652,98.67488048026978,235.26582057579168,98.67488048030707,1.4207060442063888,329.9113607743372,329.91135790419764,1.420159098663615,235.26582057579168,329.91135790419764,369.06284754504367,1.4200089761880677,1.411445,1.4114450153942941,8.563960793773528,233.40024157802608,1.361375,1.3613750314311355,51.18391450276235,163.61213003846785,51.18391450276558,1.2604640411680854,190.0,190.00001885021365,1.420159098663615,163.61213003846785,190.00001885021365,246.7506964131374,1.260227802795489,1.251615,1.251615008491532,8.612794303956894,161.85723166936978,1.200915,1.2009150098736934,120.52880831588365,0.020593061997735095,0.0002524172733445909,81.58341037787139,2.012651920994923,0.939259879960864
23,0.0,23.0,23.0,140.54719435215236,40.150852241016835,45.4243112899774,54.97203082115813,83.6,1.6722000000000001,123.35305387081335,3458.912443237031,60.00000009863089,60.0,7.977565519124308,7.513205751182337,599.9999587739113,599.9999588434783,1.6221923523018877,1219.506405728874,1219.5064061027097,1.622195,1.6221950003207177,267.81881490219934,100.56309405691786,1.5719221873535623,888.2593019510052,881.9218337705856,1.571315,1.5713149981119734,264.95506675883064,881.9218337705852,1.5212689781651263,122.76694748036103,1.521173632886863,264.95506675883064,1.520795,1.5207950268865276,98.67478471392965,235.26590950765902,98.67478471396637,1.4207060471605792,329.91118838766374,329.91118551389263,1.4201591014325428,235.26590950765902,329.91118551389263,369.0626864518771,1.4200089789103836,1.411445,1.4114450154496148,8.56396346076882,233.40032939492352,1.361375,1.3613750323550076,51.183961921915326,163.6121623625664,51.18396192191771,1.260464042604845,190.0,190.0000182514919,1.4201591014325428,163.6121623625664,190.0000182514919,246.75064618517135,1.2602278041517705,1.251615,1.2516150084713418,8.61279568042872,161.85726522573526,1.200915,1.2009150105594513,120.5287373482999,0.020593059487868284,0.00025241764825621385,81.58327926011543,2.012651920994923,0.9392598727612347
24,0.0,24.0,24.0,140.5471939124233,40.150852115397136,45.42431114785867,54.97203064916751,83.6,1.6722000000000001,123.35305350313243,3458.912432328247,60.000000074576995,60.0,7.977565515626165,7.513205736010362,599.9999587739113,599.9999588339389,1.6221923521955768,1219.506405728874,1219.5064060440118,1.622195,1.6221950002144045,267.818814093118,100.56309409998306,1.5719221879806076,888.2593020371,881.921833889678,1.571315,1.5713149987428394,264.9550659727682,881.9218338896776,1.521268978288252,122.76694508320412,1.521173633010553,264.9550659727682,1.520795,1.5207950270111665,98.67468880997168,235.26599829844167,98.67468881000924,1.4207060500157658,329.9110159397917,329.91101306577747,1.4201591041025372,235.26599829844167,329.91101306577747,369.06252518019676,1.4200089815337442,1.411445,1.4114450154052205,8.563966128523726,233.40041708202722,1.361375,1.3613750330401089,51.18400939439671,163.6121947998389,51.184009394399624,1.2604640440062909,190.0,190.00001787438563,1.4201591041025372,163.6121947998389,190.00001787438563,246.75059637447922,1.2602278054724005,1.251615,1.2516150084003295,8.612797072071077,161.85729888347493,1.200915,1.2009150109658462,120.52866639744511,0.02059305701059501,0.0002524180223060012,81.5831485504251,2.012651920994923,0.939259865590491
25,0.0,25.0,25.0,140.54719362987254,40.15085203467938,45.424311056539345,54.97203053865381,83.6,1.6722000000000001,123.35305326770018,3458.9124253160953,60.000000055607394,60.0,7.977565512778695,7.513205723902989,599.9999587739113,599.9999588238024,1.6221923521224337,1219.506405728874,1219.5064059904435,1.622195,1.6221950001412597,267.81881357382525,100.56309412633748,1.5719221883835195,888.2593020938139,881.9218339679983,1.571315,1.5713149991482018,264.9550654687141,881.9218339679994,1.5212689783129931,122.76694354816908,1.521173633035652,264.9550654687141,1.520795,1.520795027036871,98.67459277140736,235.2660867964881,98.67459277144486,1.4207060527984687,329.9108435893578,329.91084071752147,1.4201591067008785,235.2660867964881,329.91084071752147,369.06236386912025,1.4200089840856003,1.411445,1.4114450152985398,8.56396878706045,233.40050448847185,1.361375,1.36137503354245,51.18405691914803,163.61222728849992,51.18405691914971,1.2604640453972273,190.0,190.00001765170228,1.4201591067008785,163.61222728849992,190.00001765170228,246.75054690400555,1.2602278067823816,1.251615,1.2516150083112194,8.612798471162142,161.85733258300877,1.200915,1.2009150111796447,120.5285954636584,0.02059305456166444,0.0002524183957895932,81.58301813640422,2.012651920994923,0.9392598584435031
26,0.0,26.0,26.0,140.5471934520884,40.15085198389087,45.42431099908021,54.97203046911736,83.6,1.6722000000000001,123.35305312027998,3458.9124209019196,60.00000004094275,60.0,7.977565510515943,7.51320571421654,599.9999587739113,599.9999588142067,1.6221923520727135,1219.506405728874,1219.506405943832,1.622195,1.6221950000915382,267.81881324761395,100.5630941418847,1.5719221886370363,888.2593021308027,881.9218340190039,1.571315,1.5713149994032563,264.95506515242096,881.9218340190034,1.5212689782530548,122.76694258696693,1.5211736329759336,264.95506515242096,1.520795,1.520795026977528,98.67449660099453,235.26617489659435,98.67449660103414,1.42070605552622,329.9106714489198,329.91066858097423,1.4201591092456314,235.26617489659435,329.91066858097423,369.06220262119484,1.420008986584136,1.411445,1.4114450151547258,8.563971429410344,233.40059150938558,1.361375,1.3613750339068458,51.18410449505931,163.61225979264597,51.184104495061035,1.2604640467913588,190.0,190.00001753415535,1.4201591092456314,163.61225979264597,190.00001753415535,246.75049771532989,1.2602278080955331,1.251615,1.2516150082224555,8.612799873077615,161.85736629004083,1.200915,1.2009150112643465,120.52852454723212,0.020593052137122054,0.00025241876896741136,81.58288791821471,2.012651920994923,0.9392598513157159
27,0.0,27.0,27.0,140.54719334315186,40.150851952770395,45.42431096387234,54.97203042650916,83.6,1.6722000000000001,123.35305303056622,3458.912418195524,60.00000002979589,60.0,7.977565508752532,7.513205706409131,599.9999587739113,599.9999588057188,1.6221923520393433,1219.506405728874,1219.506405904649,1.622195,1.622195000058167,267.8188130482018,100.56309415058018,1.5719221887923773,888.2593021546473,881.9218340518279,1.571315,1.5713149995595364,264.9550649593361,881.9218340518279,1.5212689781231872,122.7669420020361,1.5211736328461942,264.9550649593361,1.520795,1.520795026848013,98.67440030130938,235.26626252693976,98.67440030134682,1.4207060582103095,329.9104995975874,329.9104967347337,1.4201591117484555,235.26626252693976,329.9104967347337,369.0620415122381,1.420008989041095,1.411445,1.411445014990322,8.563974050773027,233.40067807296887,1.361375,1.3613750341685937,51.18415212099668,163.61229229332508,51.184152120998206,1.2604640481955212,190.0,190.00001748622168,1.4201591117484555,163.61229229332508,190.00001748622168,246.75044876451796,1.2602278094187533,1.251615,1.2516150081435007,8.612801275252657,161.85739998677334,1.200915,1.200915011265541,120.52845364842406,0.02059304973328956,0.00025241914207126825,81.58275780636042,2.012651920994923,0.9392598442035612
28,0.0,28.0,28.0,140.54719327871052,40.15085193436109,45.42431094304514,54.9720304013043,83.6,1.6722000000000001,123.35305297802987,3458.912416593243,60.000000021446404,60.0,7.977565507400496,7.51320570003919,599.9999587739113,599.9999587985455,1.622192352017258,1219.506405728874,1219.506405872569,1.622195,1.622195000036081,267.81881293065584,100.56309415504393,1.5719221888842694,888.2593021698077,881.9218340726576,1.571315,1.5713149996519806,264.95506484572996,881.9218340726575,1.5212689779373434,122.76694165954414,1.5211736326604188,264.95506484572996,1.520795,1.5207950266623635,98.67430387479469,235.2663496396412,98.67430387483458,1.420706060857782,329.9103280902645,329.9103252333322,1.420159114216648,235.2663496396412,329.9103252333322,369.0618805985401,1.4200089914638305,1.411445,1.411445014815922,8.563976647908422,233.4007641311402,1.361375,1.3613750343550552,51.184199795816326,163.61232478228166,51.184199795818515,1.2604640496124333,190.0,190.00001748278328,1.420159114216648,163.61232478228166,190.0000174827833,246.75040001866134,1.2602278107547884,1.251615,1.2516150080783428,8.612802676445597,161.85743366578384,1.200915,1.2009150112153233,120.52838276746594,0.020593047346747752,0.0002524195153093985,81.58262771999308,2.012651920994923,0.9392598371045658
29,0.0,29.0,29.0,140.5471932424482,40.150851924001856,45.4243109313253,54.97203038712107,83.6,1.6722000000000001,123.3530529489353,3458.9124156905164,60.00000001527347,60.0,7.977565506378211,7.51320569475561,599.9999587739113,599.9999587926826,1.6221923520028727,1219.506405728874,1219.5064058468506,1.622195,1.6221950000216951,267.8188128648804,100.56309415697993,1.5719221889359785,888.2593021792846,881.9218340856501,1.571315,1.571314999703998,264.9550647823278,881.9218340856501,1.5212689777078277,122.766941469911,1.5211736324309333,264.9550647823278,1.520795,1.5207950264329415,98.67420732379475,235.26643620383098,98.6742073238324,1.4207060634728552,329.9101569644072,329.91015411395944,1.4201591166545946,235.26643620383098,329.91015411395944,369.06171992214644,1.4200089938567657,1.411445,1.4114450146380757,8.56397921869001,233.40084965269216,1.361375,1.3613750344870956,51.18424751836787,163.61235725760065,51.18424751836974,1.2604640510424345,190.0,190.00001750645805,1.4201591166545946,163.61235725760065,190.00001750645805,246.75035145314664,1.260227812103985,1.251615,1.2516150080277626,8.612804076222336,161.85746732575973,1.200915,1.200915011135766,120.52831190456901,0.020593044974320386,0.0002524198888702617,81.58249758561917,2.012651920994923,0.9392598300173693
30,0.0,30.0,30.0,140.54719322356215,40.15085191860656,45.4243109252214,54.972030379734186,83.6,1.6722000000000001,123.35305293420583,3458.9124152194245,60.00000001076364,60.0,7.977565505614535,7.513205690284743,599.9999587739113,599.9999587880131,1.6221923519936812,1219.506405728874,1219.5064058265825,1.622195,1.622195000012503,267.8188128309602,100.56309415747917,1.5719221889629094,888.259302185084,881.9218340935784,1.571315,1.571314999731087,264.9550647497731,881.9218340935781,1.5212689774450983,122.76694137392376,1.5211736321682103,264.9550647497731,1.520795,1.520795026170243,98.67411065057964,235.26652220084068,98.67411065061926,1.4207060660580129,329.90998624482245,329.9099834012276,1.4201591190648861,235.26652220084068,329.9099834012276,369.06155951460096,1.420008996222516,1.411445,1.4114450144607233,8.563981761792627,233.4009346185111,1.361375,1.3613750345805566,51.184295287517436,163.61238972135502,51.18429528751872,1.2604640524847828,190.0,190.0000175453614,1.4201591190648861,163.61238972135502,190.0000175453614,246.75030304936598,1.260227813465595,1.251615,1.2516150079909334,8.6128054746617,161.85750096920418,1.200915,1.200915011041795,120.52824105992919,0.020593042613058953,0.0002524202629253546,81.58236733613062,2.012651920994923,0.9392598229414656
31,0.0,31.0,31.0,140.547193215016,40.150851916165145,45.42431092245931,54.972030376391544,83.6,1.6722000000000001,123.35305292794553,3458.9124150053935,60.000000007505236,60.0,7.9775655050501655,7.513205686417012,599.9999587739113,599.9999587843714,1.622192351987946,1219.506405728874,1219.5064058108346,1.622195,1.6221950000067675,267.8188128159343,100.56309415722438,1.5719221889750958,888.2593021885431,881.9218340982994,1.571315,1.5713149997433427,264.9550647354835,881.9218340982994,1.521268977157736,122.7669413331592,1.52117363188084,264.9550647354835,1.520795,1.5207950258828744,98.67401385735981,235.2666076205693,98.67401385739878,1.4207060686145754,329.9098159472602,329.90981311074955,1.4201591214489069,235.2666076205693,329.90981311074955,369.0613993997336,1.4200089985624802,1.411445,1.4114450142860242,8.563984276455994,233.4010190180007,1.361375,1.3613750346471196,51.18434310213606,163.6124221772705,51.18434310213892,1.2604640539380925,190.0,190.00001759171457,1.4201591214489069,163.6124221772705,190.00001759171457,246.75025479321081,1.2602278148382209,1.251615,1.2516150079661381,8.612806872082768,161.85753460018003,1.200915,1.200915010943098,120.52817023373082,0.020593040260233595,0.0002524206376313977,81.58223691006198,2.012651920994923,0.9392598158771721
32,0.0,32.0,32.0,140.5471932122997,40.15085191538917,45.42431092158142,54.972030375329126,83.6,1.6722000000000001,123.35305292638901,3458.912414936493,60.00000000517571,60.0,7.977565504637026,7.513205682993981,599.9999587739113,599.9999587815807,1.6221923519844794,1219.506405728874,1219.5064057987422,1.622195,1.6221950000033007,267.8188128115051,100.56309415663041,1.571922188978969,888.2593021905393,881.9218341010189,1.571315,1.5713149997472353,264.95506473140244,881.9218341010182,1.5212689768526797,122.76694132303078,1.5211736315757671,264.95506473140244,1.520795,1.5207950255777904,98.67391694629546,235.26669245894976,98.67391694633605,1.4207060711432775,329.9096460809773,329.90964325168204,1.4201591238074251,235.26669245894976,329.90964325168204,369.06123959569703,1.4200090008774342,1.411445,1.4114450141151131,8.563986762321063,233.4011028465585,1.361375,1.3613750346954656,51.18439096111548,163.61245463010056,51.18439096111714,1.2604640554009532,190.0,190.0000176404387,1.4201591238074251,163.61245463010056,190.0000176404387,246.75020667367917,1.260227816220437,1.251615,1.2516150079514856,8.612808268951389,161.85756822367662,1.200915,1.2009150108458044,120.5280994261471,0.020593037913320702,0.0002524210131319271,81.58210625102677,2.012651920994923,0.9392598088253729
33,0.0,33.0,33.0,140.54719321258645,40.15085191547109,45.4243109216741,54.972030375441285,83.6,1.6722000000000001,123.35305292718805,3458.912414942526,60.00000000352731,60.0,7.977565504337134,7.513205679897504,599.9999587739113,599.9999587794744,1.622192351982477,1219.506405728874,1219.5064057895459,1.622195,1.6221950000012981,267.8188128124805,100.56309415594093,1.57192218897856,888.2593021916348,881.9218341025194,1.571315,1.571314999746821,264.9550647324996,881.9218341025195,1.5212689765354555,122.76694132821719,1.5211736312585222,264.9550647324996,1.520795,1.5207950252605273,98.67381991950472,235.26677671628315,98.67381991954561,1.420706073644479,329.9094766504355,329.9094738284134,1.4201591261408113,235.26677671628315,329.9094738284134,369.0610801162936,1.4200090031677515,1.411445,1.411445013948433,8.563989219318557,233.40118610393233,1.361375,1.3613750347317817,51.18443886336365,163.61248708451808,51.18443886336485,1.2604640568719379,190.0,190.0000176884896,1.4201591261408113,163.61248708451808,190.00001768848963,246.7501586820767,1.2602278176108013,1.251615,1.2516150079450468,8.612809665754506,161.85760184458087,1.200915,1.2009150107535265,120.52802863734274,0.02059303556999547,0.0002524213895585554,81.58197530728039,2.012651920994923,0.9392598017874021
34,0.0,34.0,34.0,140.54719321415416,40.15085191591894,45.42431092218077,54.97203037605446,83.6,1.6722000000000001,123.35305292892232,3458.9124149807067,60.00000000237276,60.0,7.977565504121081,7.5132056770404665,599.9999587739113,599.9999587779055,1.6221923519814005,1219.506405728874,1219.5064057826053,1.622195,1.6221950000002219,267.81881281570537,100.56309415528953,1.5719221889763244,888.2593021922088,881.9218341032991,1.571315,1.5713149997445692,264.95506473572317,881.9218341032988,1.5212689762104146,122.76694133944684,1.5211736309334585,264.95506473572317,1.520795,1.5207950249354427,98.67372277906756,235.26686039585826,98.67372277910742,1.420706076118425,329.9093076567126,329.90930484196986,1.4201591284493058,235.26686039585826,329.90930484196986,369.06092097208955,1.4200090054336716,1.411445,1.4114450137860908,8.563991647580815,233.4012687928548,1.361375,1.3613750347605365,51.184486807809826,163.61251954506892,51.18448680781191,1.260464058349852,190.0,190.00001773406197,1.4201591284493058,163.61251954506892,190.00001773406197,246.75011081126866,1.2602278190081042,1.251615,1.251615007945128,8.612811062976178,161.85763546759713,1.200915,1.2009150106682283,120.52795786747485,0.020593033228124277,0.0002524217670319539,81.58184403137237,2.012651920994923,0.9392597947648798
35,0.0,35.0,35.0,140.54719321600004,40.150851916446264,45.42431092277736,54.97203037677644,83.6,1.6722000000000001,123.35305293077414,3458.912415026093,60.000000001572545,60.0,7.977565503966405,7.513205674359212,599.9999587739113,599.999958776751,1.6221923519808945,1219.506405728874,1219.5064057773957,1.622195,1.6221949999997154,267.8188128193497,100.56309415474318,1.571922188973692,888.2593021924886,881.92183410369,1.571315,1.5713149997419193,264.9550647393062,881.9218341036895,1.5212689758809335,122.7669413514069,1.5211736306039543,264.9550647393062,1.520795,1.520795024605917,98.67362552702568,235.26694350302472,98.67362552706592,1.4207060785652905,329.90913909847404,329.9091362909788,1.4201591307330679,235.26694350302472,329.9091362909788,369.0607621711946,1.4200090076753507,1.411445,1.411445013627972,8.563994047378731,233.40135091812365,1.361375,1.361375034784803,51.18453479340049,163.61255201570907,51.18453479340306,1.2604640598336534,190.0,190.00001777626207,1.4201591307330679,163.61255201570907,190.00001777626207,246.75006305525895,1.2602278204112896,1.251615,1.25161500795024,8.612812461049613,161.85766909683002,1.200915,1.200915010590757,120.52788711669314,0.020593030885755807,0.0002524221456626269,81.581712379861,2.012651920994923,0.939259787759627
36,0.0,36.0,36.0,140.5471932175712,40.15085191689511,45.42431092328515,54.97203037739096,83.6,1.6722000000000001,123.35305293230049,3458.912415064908,60.00000000102397,60.0,7.977565503856233,7.513205671807756,599.9999587739113,599.9999587759108,1.6221923519807275,1219.506405728874,1219.5064057734978,1.622195,1.6221949999995484,267.8188128224107,100.56309415432601,1.5719221889714516,888.2593021926205,881.9218341038868,1.571315,1.5713149997396643,264.9550647422844,881.9218341038871,1.5212689755496496,122.76694136120823,1.5211736302726475,264.9550647422844,1.520795,1.5207950242745893,98.67352816538944,235.2670260446945,98.67352816542997,1.4207060809853063,329.9089709725148,329.90896817220823,1.420159132992304,235.2670260446945,329.90896817220823,369.06060371970625,1.4200090098929898,1.411445,1.411445013473901,8.563996419088893,233.40143248610877,1.361375,1.3613750348067075,51.184582819105394,163.61258449993687,51.184582819106616,1.260464061322532,190.0,190.00001781471676,1.420159132992304,163.61258449993687,190.00001781471676,246.7500154088045,1.260227821819536,1.251615,1.2516150079591757,8.61281386036028,161.85770273590916,1.200915,1.2009150105212947,120.52781638514116,0.020593028541114763,0.0002524225255515556,81.58158031308017,2.012651920994923,0.9392597807735168
37,0.0,37.0,37.0,140.54719321859918,40.150851917188774,45.42431092361739,54.97203037779303,83.6,1.6722000000000001,123.35305293329456,3458.912415090446,60.00000000065241,60.0,7.977565503778035,7.5132056693531,599.9999587739113,599.9999587753057,1.6221923519807515,1219.506405728874,1219.506405770583,1.622195,1.6221949999995724,267.81881282440804,100.56309415404574,1.5719221889699857,888.2593021926888,881.9218341040007,1.571315,1.5713149997381888,264.9550647441969,881.9218341040006,1.5212689752185815,122.76694136748777,1.5211736299415572,264.9550647441969,1.520795,1.5207950239434795,98.67343069613614,235.2671080287659,98.67343069617617,1.420706083378739,329.90880327436935,329.9088004811722,1.4201591352272511,235.2671080287659,329.9088004811722,369.060445622209,1.4200090120868198,1.411445,1.4114450133236638,8.563998763156055,233.40151350417906,1.361375,1.3613750348276479,51.18463088391773,163.6126170006899,51.18463088391815,1.2604640628158423,190.0,190.00001784940773,1.4201591352272511,163.6126170006899,190.00001784940773,246.74996786720322,1.2602278232321882,1.251615,1.251615007970952,8.61281526123614,161.8577363878993,1.200915,1.200915010459608,120.52774567295616,0.020593026192594663,0.0002524229067907484,81.58144779493293,2.012651920994923,0.9392597738084101
38,0.0,38.0,38.0,140.54719321898932,40.15085191730022,45.424310923743484,54.97203037794563,83.6,1.6722000000000001,123.35305293369262,3458.9124151003134,60.00000000040415,60.0,7.977565503722608,7.513205666971825,599.9999587739113,599.9999587748741,1.622192351980873,1219.506405728874,1219.506405768396,1.622195,1.622194999999694,267.81881282517975,100.56309415388878,1.5719221889694293,888.2593021927449,881.9218341040862,1.571315,1.5713149997376288,264.95506474489525,881.9218341040859,1.5212689748892438,122.76694136983029,1.5211736296121985,264.95506474489525,1.520795,1.5207950236141028,98.6733331212073,235.26718946373273,98.67333312124765,1.4207060857458949,329.9086359987272,329.90863321254795,1.4201591374381823,235.26718946373273,329.90863321254795,369.0602878821122,1.420009014257107,1.411445,1.41144501317704,8.56400108006694,233.40159398032154,1.361375,1.3613750348484828,51.18467898684677,163.61264952027787,51.18467898684786,1.2604640643130482,190.0,190.00001788053555,1.4201591374381823,163.61264952027787,190.00001788053555,246.74992042617302,1.2602278246487015,1.251615,1.2516150079847639,8.61281666393765,161.8577700552269,1.200915,1.2009150104051867,120.52767498026894,0.020593023838751345,0.000252423289463735,81.58131479270614,2.012651920994923,0.9392597668661514
39,0.0,39.0,39.0,140.54719321873463,40.15085191722747,45.42431092366117,54.97203037784601,83.6,1.6722000000000001,123.35305293350146,3458.912415094306,60.00000000024078,60.0,7.977565503683229,7.513205664647356,599.9999587739113,599.9999587745694,1.6221923519810373,1219.506405728874,1219.5064057667444,1.622195,1.622194999999858,267.81881282472295,100.56309415384256,1.5719221889697927,888.2593021928144,881.9218341042065,1.571315,1.5713149997379943,264.9550647443829,881.9218341042064,1.5212689745628258,122.76694136831573,1.5211736292857603,264.9550647443829,1.520795,1.5207950232876486,98.67323544251674,235.26727035867125,98.67323544255743,1.4207060880871858,329.90846913950105,329.90846636023576,1.4201591396254718,235.26727035867125,329.90846636023576,369.0601305017402,1.420009016404218,1.411445,1.411445013033871,8.564003370347129,233.40167392311454,1.361375,1.3613750348697695,51.18472712692936,163.61268206069175,51.18472712693041,1.260464065813798,190.0,190.0000179083559,1.4201591396254718,163.61268206069175,190.0000179083559,246.74987308164566,1.2602278260687167,1.251615,1.2516150080000294,8.6128180686873,161.85780373999782,1.200915,1.20091501035747,120.5276043072048,0.0205930214782937,0.0002524236736459789,81.5811812769002,2.012651920994923,0.9392597599484142
40,0.0,40.0,40.0,140.54719321789028,40.15085191698626,45.424310923388276,54.972030377515765,83.6,1.6722000000000001,123.35305293277811,3458.9124150737625,60.0000000001354,60.0,7.977565503655124,7.513205662368186,599.9999587739113,599.9999587743563,1.6221923519812091,1219.506405728874,1219.5064057654818,1.622195,1.6221950000000303,267.8188128231482,100.56309415389094,1.5719221889709967,888.259302192911,881.9218341043724,1.571315,1.5713149997392057,264.95506474277073,881.9218341043729,1.5212689742401766,122.76694136331375,1.521173628963092,264.95506474277073,1.520795,1.5207950229649656,98.6731376619443,235.267350722822,98.67313766198471,1.420706090403015,329.9083026902393,329.908299917779,1.4201591417894865,235.267350722822,329.908299917779,369.0599734826653,1.4200090185285108,1.411445,1.4114450128939755,8.564005634535299,233.40175334133056,1.361375,1.3613750348917337,51.18477530321737,163.6127146233094,51.18477530321792,1.260464067317745,190.0,190.00001793323798,1.4201591417894865,163.6127146233094,190.000017933238,246.74982582981292,1.2602278274918826,1.251615,1.251615008016239,8.61281947564363,161.8578374437099,1.200915,1.2009150103157975,120.52753365388226,0.02059301911007871,0.0002524240594053044,81.58104722107156,2.012651920994923,0.9392597530567794
41,0.0,41.0,41.0,140.547193216532,40.150851916598235,45.42431092294929,54.972030376984506,83.6,1.6722000000000001,123.35305293159469,3458.9124150405373,60.00000000006898,60.0,7.977565503634789,7.513205660126206,599.9999587739113,599.9999587742088,1.6221923519813721,1219.506405728874,1219.506405764501,1.622195,1.622195000000193,267.818812820602,100.56309415401527,1.5719221889729336,888.2593021930362,881.9218341045819,1.571315,1.5713149997411553,264.95506474020436,881.9218341045819,1.521268973921933,122.766941355291,1.5211736286448303,264.95506474020436,1.520795,1.5207950226466904,98.67303978133847,235.26743056558038,98.67303978137947,1.4207060926938568,329.9081366441828,329.9081338784141,1.4201591439306598,235.26743056558038,329.9081338784141,369.05981682577215,1.4200090206304108,1.411445,1.411445012757229,8.5640078731819,233.40183224391257,1.361375,1.361375034914493,51.18482351478726,163.61274720926153,51.18482351478704,1.260464068824669,190.0,190.00001795551137,1.4201591439306598,163.61274720926153,190.00001795551137,246.749778666994,1.2602278289179742,1.251615,1.2516150080330406,8.612820884933647,161.85787116760383,1.200915,1.200915010279554,120.52746302041572,0.020593016733103306,0.0002524244468022539,81.58091260168479,2.012651920994923,0.9392597461926314
42,0.0,42.0,42.0,140.54719321473604,40.15085191608517,45.424310922368846,54.972030376282056,83.6,1.6722000000000001,123.35305293002169,3458.9124149965096,60.00000000002845,60.0,7.977565503619822,7.513205657915942,599.9999587739113,599.999958774108,1.6221923519815173,1219.506405728874,1219.506405763721,1.622195,1.6221950000003382,267.8188128172302,100.56309415420348,1.5719221889754946,888.2593021931939,881.9218341048245,1.571315,1.5713149997437323,264.95506473682656,881.9218341048249,1.5212689736085865,122.7669413446917,1.5211736283314665,264.95506473682656,1.520795,1.5207950223333146,98.67294180252023,235.26750989650822,98.67294180256123,1.4207060949602295,329.9079709942718,329.907968235076,1.4201591460494698,235.26750989650822,329.907968235076,369.05966053130777,1.4200090227103876,1.411445,1.4114450126235398,8.564010086847818,233.40191063998424,1.361375,1.361375034938048,51.18487176073362,163.61277981935476,51.18487176073388,1.2604640703343934,190.0,190.00001797549456,1.4201591460494698,163.61277981935476,190.0000179754946,246.74973158962175,1.2602278303468115,1.251615,1.2516150080501638,8.612822296647726,161.85790491259615,1.200915,1.2009150102481596,120.52739240691355,0.020593014346496068,0.00025242483589045305,81.58077739796171,2.012651920994923,0.9392597393571659
43,0.0,43.0,43.0,140.5471932125899,40.15085191547207,45.42431092167521,54.97203037544263,83.6,1.6722000000000001,123.35305292813833,3458.912414943828,60.00000000000492,60.0,7.977565503608507,7.513205655733549,599.9999587739113,599.9999587740396,1.6221923519816401,1219.506405728874,1219.5064057630848,1.622195,1.622195000000461,267.8188128131989,100.56309415444039,1.5719221889785548,888.2593021933787,881.9218341051069,1.571315,1.5713149997468123,264.9550647328049,881.9218341051064,1.5212689733004299,122.76694133206607,1.5211736280232935,264.9550647328049,1.520795,1.5207950220251307,98.67284372727694,235.26758872498212,98.67284372731741,1.4207060972026235,329.9078057334969,329.9078029807571,1.4201591481463676,235.26758872498212,329.9078029807571,369.0595045991348,1.420009024768884,1.411445,1.4114450124928,8.564012276083943,233.4019885385179,1.361375,1.3613750349623097,51.18492004017107,163.61281245409037,51.18492004017206,1.2604640718467581,190.0,190.00001799350125,1.4201591481463676,163.61281245409037,190.00001799350127,246.7496845942557,1.2602278317782323,1.251615,1.2516150080673887,8.612823710843598,161.85793867930224,1.200915,1.2009150102210684,120.52732181347781,0.020593011949510923,0.000252425226716944,81.58064159174872,2.012651920994923,0.9392597325513989
44,0.0,44.0,44.0,140.54719321016466,40.15085191477924,45.424310920891386,54.972030374494054,83.6,1.6722000000000001,123.35305292600853,3458.9124148842498,59.99999999999222,60.0,7.9775655035996555,7.5132056535764695,599.9999587739113,599.9999587739939,1.622192351981741,1219.506405728874,1219.5064057625493,1.622195,1.6221950000005616,267.81881280864286,100.56309415471506,1.5719221889820132,888.259302193587,881.9218341054321,1.571315,1.5713149997502924,264.95506472827,881.9218341054317,1.521268972997694,122.76694131783665,1.521173627720542,264.95506472827,1.520795,1.520795021722369,98.67274555736813,235.26766706043142,98.67274555741152,1.4207060994215708,329.9076408546979,329.90763810829515,1.4201591502218445,235.26766706043142,329.90763810829515,369.05934902863686,1.420009026806382,1.411445,1.4114450123649387,8.56401444144339,233.4020659485469,1.361375,1.3613750349871567,51.184968352231074,163.61284511374407,51.18496835223159,1.260464073361631,190.0,190.00001800980772,1.4201591502218445,163.61284511374407,190.00001800980775,246.74963767754318,1.260227833212103,1.251615,1.2516150080845518,8.612825127551238,161.85797246810554,1.200915,1.2009150101977897,120.52725124020652,0.020593009541519713,0.0002524256193225299,81.5805051673759,2.012651920994923,0.9392597257761468
45,0.0,45.0,45.0,140.54719320752432,40.150851914024955,45.42431092003803,54.97203037346134,83.6,1.6722000000000001,123.35305292368922,3458.912414819353,59.99999999998631,60.0,7.977565503592435,7.513205651442889,599.9999587739113,599.9999587739638,1.6221923519818215,1219.506405728874,1219.5064057620857,1.622195,1.6221950000006424,267.8188128036826,100.56309415501826,1.5719221889857786,888.2593021938173,881.9218341057837,1.571315,1.5713149997540816,264.95506472334085,881.9218341057842,1.5212689727005169,122.76694130236885,1.5211736274233496,264.95506472334085,1.520795,1.520795021425167,98.67264729452278,235.26774491214468,98.67264729456457,1.4207061016176035,329.90747635074956,329.9074736105642,1.420159152276392,235.26774491214468,329.9074736105642,369.0591938188706,1.4200090288233655,1.411445,1.4114450122398938,8.564016583471723,233.40214287898485,1.361375,1.3613750350124623,51.1850166960649,163.612877798438,51.18501669606531,1.2604640748789142,190.0,190.00001802464826,1.420159152276392,163.612877798438,190.00001802464826,246.7495908362158,1.2602278346483242,1.251615,1.2516150081015416,8.612826546782637,161.85800627923572,1.200915,1.200915010177897,120.52718068719163,0.02059300712200432,0.000252426013742075,81.58036811152886,2.012651920994923,0.9392597190320227
46,0.0,46.0,46.0,140.54719320472597,40.15085191322554,45.42431091913362,54.972030372366824,83.6,1.6722000000000001,123.3530529212311,3458.912414750545,59.99999999998452,60.0,7.977565503586292,7.513205649331613,599.9999587739113,599.9999587739445,1.6221923519818837,1219.506405728874,1219.5064057616719,1.622195,1.6221950000007048,267.8188127984258,100.563094155342,1.5719221889897688,888.2593021940623,881.9218341061516,1.571315,1.571314999758097,264.95506471812087,881.9218341061518,1.5212689724089636,122.76694128598207,1.521173627131782,264.95506471812087,1.520795,1.5207950211335908,98.67254894044126,235.26782228926567,98.67254894048396,1.4207061037912476,329.90731221459356,329.90730948050845,1.4201591543104974,235.26782228926567,329.90730948050845,369.0590389685929,1.4200090308203128,1.411445,1.411445012117609,8.564018702703846,233.40221933862503,1.361375,1.3613750350381075,51.1850650708462,163.6129105081984,51.18506507084724,1.2604640763985362,190.0,190.00001803821633,1.4201591543104974,163.6129105081984,190.00001803821633,246.74954406707357,1.260227836086824,1.251615,1.2516150081182853,8.612827968538683,161.85804011282525,1.200915,1.200915010161033,120.52711015452023,0.02059300469054923,0.00025242641000482066,81.58023041311708,2.012651920994923,0.9392597123194248
47,0.0,47.0,47.0,140.54719320181667,40.15085191239443,45.42431091819335,54.97203037122892,83.6,1.6722000000000001,123.35305291867581,3458.912414678987,59.99999999998511,60.0,7.97756550358087,7.513205647241846,599.9999587739113,599.9999587739322,1.6221923519819301,1219.506405728874,1219.5064057612926,1.622195,1.6221950000007508,267.81881279296107,100.563094155681,1.5719221889939177,888.2593021943151,881.9218341065377,1.571315,1.5713149997622722,264.9550647127003,881.9218341065384,1.5212689721230561,122.7669412689695,1.5211736268458602,264.9550647127003,1.520795,1.5207950208476608,98.6724504967968,235.2678992008154,98.6724504968388,1.4207061059430188,329.9071484392203,329.9071457111201,1.4201591563246363,235.2678992008154,329.9071457111201,369.05888447628115,1.420009032797691,1.411445,1.411445011998024,8.564020799667116,233.40229533615255,1.361375,1.3613750350639484,51.18511347576191,163.61294324285987,51.185113475761476,1.2604640779204033,190.0,190.00001805069866,1.4201591563246363,163.61294324285987,190.00001805069866,246.74949736702172,1.2602278375275087,1.251615,1.25161500813471,8.612829392798727,161.8580739688128,1.200915,1.200915010146861,120.5270396422752,0.020593002246835985,0.00025242680813469776,81.58009206315096,2.012651920994923,0.9392597056385827
48,0.0,48.0,48.0,140.54719319883483,40.150851911542595,45.424310917229626,54.97203037006263,83.6,1.6722000000000001,123.35305291605714,3458.912414605631,59.9999999999869,60.0,7.977565503575882,7.513205645172954,599.9999587739113,599.9999587739247,1.6221923519819632,1219.506405728874,1219.5064057609382,1.622195,1.6221950000007839,267.81881278736046,100.56309415602881,1.5719221889981696,888.2593021945761,881.9218341069302,1.571315,1.5713149997665512,264.95506470714724,881.9218341069301,1.521268971842772,122.76694125153689,1.5211736265655627,264.95506470714724,1.520795,1.5207950205673557,98.67235196523077,235.26797565559752,98.67235196527452,1.420706108073414,329.9069850177652,329.9069822955341,1.420159158319268,235.26797565559752,329.9069822955341,369.0587303402341,1.4200090347559522,1.411445,1.4114450118810775,8.564022874874677,233.40237088004983,1.361375,1.3613750350898397,51.1851619100162,163.61297600211773,51.18516191001666,1.2604640794444169,190.0,190.00001806226567,1.420159158319268,163.61297600211773,190.0000180622657,246.74945073305759,1.2602278389702797,1.251615,1.2516150081507529,8.612830819526796,161.85810784699729,1.200915,1.2009150101350752,120.52696915053306,0.02059299979063497,0.00025242720815061014,81.57995305461765,2.012651920994923,0.9392596989895614
49,0.0,49.0,49.0,140.54719319581073,40.150851910678675,45.424310916252246,54.97203036887982,83.6,1.6722000000000001,123.35305291340171,3458.9124145312194,59.99999999998922,60.0,7.977565503571182,7.513205643124577,599.9999587739113,599.9999587739204,1.6221923519819852,1219.506405728874,1219.5064057606005,1.622195,1.622195000000806,267.8188127816809,100.56309415638161,1.571922189002482,888.2593021948472,881.9218341073278,1.571315,1.5713149997708908,264.95506470151906,881.9218341073278,1.5212689715680752,122.76694123386763,1.5211736262908528,264.95506470151906,1.520795,1.5207950202926386,98.6722533473618,235.26805166231063,98.6722533474063,1.420706110182949,329.9068219434077,329.9068192269344,1.4201591602948704,235.26805166231063,329.9068192269344,369.0585765584865,1.4200090366955647,1.411445,1.4114450117667334,8.564024928831238,233.40244597871765,1.361375,1.3613750351156986,51.18521037283137,163.61300878570898,51.18521037283034,1.2604640809705348,190.0,190.00001807302016,1.4201591602948704,163.61300878570898,190.00001807302016,246.7494041622163,1.2602278404150946,1.251615,1.251615008166406,8.612832248688695,161.85814174721125,1.200915,1.2009150101254489,120.52689867936712,0.02059299732179903,0.000252427610066702,81.57981338236928,2.012651920994923,0.9392596923722194
50,0.0,50.0,50.0,140.5471931927715,40.15085190981044,45.42431091526998,54.97203036769108,83.6,1.6722000000000001,123.3530529107334,3458.9124144564285,59.999999999991736,60.0,7.977565503566669,7.513205641096375,599.9999587739113,599.9999587739179,1.622192351981998,1219.506405728874,1219.506405760275,1.622195,1.6221950000008187,267.81881277597324,100.56309415673698,1.5719221890068162,888.2593021951184,881.9218341077367,1.571315,1.5713149997752522,264.95506469586604,881.921834107737,1.5212689712988858,122.7669412161345,1.5211736260216506,264.95506469586604,1.520795,1.520795020023429,98.67215464477707,235.2681272293916,98.67215464481878,1.4207061122720845,329.90665920953654,329.90665649870976,1.4201591622518666,235.2681272293916,329.90665649870976,369.0584231289736,1.4200090386169448,1.411445,1.4114450116549186,8.564026962026183,233.40252064030548,1.361375,1.3613750351413945,51.185258863446016,163.6130415931912,51.185258863446606,1.260464082498661,190.0,190.00001808310023,1.4201591622518666,163.6130415931912,190.00001808310023,246.7493576516573,1.2602278418618595,1.251615,1.2516150081816262,8.612833680233356,161.85817566911834,1.200915,1.200915010117756,120.52682822884498,0.02059299484025749,0.0002524280138926519,81.57967304300429,2.012651920994923,0.9392596857862732
51,0.0,51.0,51.0,140.54719318973446,40.15085190894284,45.42431091428843,54.97203036650322,83.6,1.6722000000000001,123.35305290806738,3458.9124143816825,59.9999999999941,60.0,7.9775655035622455,7.513205639088086,599.9999587739113,599.9999587739168,1.6221923519820038,1219.506405728874,1219.5064057599582,1.622195,1.6221950000008247,267.81881277027014,100.56309415709151,1.5719221890111468,888.2593021953869,881.9218341081371,1.571315,1.5713149997796103,264.95506469021774,881.9218341081369,1.5212689710351364,122.76694119840411,1.5211736257578887,264.95506469021774,1.520795,1.5207950197596602,98.67205585904189,235.26820236518785,98.6720558590842,1.4207061143413129,329.9064968095777,329.9064941042903,1.420159164190713,235.26820236518785,329.9064941042903,369.0582700494072,1.420009040520541,1.411445,1.4114450115455999,8.56402897494113,233.40259487289197,1.361375,1.3613750351668634,51.185307381112416,163.61307442416225,51.185307381112175,1.2604640840287453,190.0,190.0000180925742,1.420159164190713,163.61307442416225,190.0000180925742,246.74931119858846,1.2602278433105245,1.251615,1.2516150081964135,8.61283511411104,161.85820961240262,1.200915,1.2009150101118142,120.5267577990303,0.02059299234600906,0.0002524284196339206,81.57953203475917,2.012651920994923,0.9392596792312855
52,0.0,52.0,52.0,140.54719318671798,40.1508519080811,45.42431091331351,54.972030365323384,83.6,1.6722000000000001,123.35305290541966,3458.912414307437,59.99999999999622,60.0,7.977565503557893,7.513205637099534,599.9999587739113,599.9999587739165,1.622192351982004,1219.506405728874,1219.5064057596478,1.622195,1.6221950000008247,267.8188127646058,100.56309415744357,1.5719221890154484,888.259302195655,881.9218341085383,1.571315,1.571314999783939,264.9550646846097,881.9218341085383,1.5212689707767166,122.76694118080331,1.5211736254994566,264.9550646846097,1.520795,1.5207950195012219,98.67195699169108,235.26827707774817,98.6719569917326,1.420706116391072,329.9063347372123,329.9063320373579,1.4201591661118123,235.26827707774817,329.9063320373579,369.0581173174531,1.4200090424067482,1.411445,1.4114450114387103,8.564030968037928,233.40266868427017,1.361375,1.3613750351920157,51.185355925099906,163.61310727811136,51.18535592509912,1.2604640855607099,190.0,190.0000181015368,1.4201591661118123,163.61310727811136,190.00001810153682,246.7492648003156,1.260227844761012,1.251615,1.2516150082107504,8.612836550261571,161.85824357665135,1.200915,1.2009150101074588,120.52668738998256,0.020592989839116768,0.00025242882729201535,81.57939035740294,2.012651920994923,0.9392596727066811
53,0.0,53.0,53.0,140.54719318373373,40.15085190722858,45.42431091234901,54.97203036415615,83.6,1.6722000000000001,123.35305290280048,3458.912414233979,59.999999999998074,60.0,7.9775655035535875,7.513205635130539,599.9999587739113,599.9999587739165,1.6221923519819996,1219.506405728874,1219.5064057593422,1.622195,1.6221950000008203,267.81881275900224,100.56309415779243,1.571922189019704,888.2593021959234,881.9218341089413,1.571315,1.5713149997882214,264.95506467906364,881.9218341089412,1.5212689705235247,122.76694116340748,1.5211736252462527,264.95506467906364,1.520795,1.5207950192480117,98.67185804423626,235.26835137499603,98.67185804428138,1.4207061184218075,329.90617298620316,329.9061702916792,1.4201591680155752,235.26835137499603,329.9061702916792,369.05796493061445,1.4200090442759707,1.411445,1.4114450113341994,8.564032941771327,233.4027420821249,1.361375,1.361375035216803,51.185404494695405,163.61314015458265,51.18540449469516,1.2604640870945047,190.0,190.00001811003926,1.4201591680155752,163.61314015458265,190.00001811003926,246.74921845420778,1.2602278462132745,1.251615,1.2516150082246442,8.612837988630329,161.85827756149956,1.200915,1.2009150101045627,120.526617001756,0.02059298731970173,0.00025242923686472784,81.57924801213551,2.012651920994923,0.9392596662117373
54,0.0,54.0,54.0,140.54719318078995,40.15085190638761,45.42431091139759,54.972030363004755,83.6,1.6722000000000001,123.35305290021708,3458.9124141615143,59.99999999999965,60.0,7.977565503549304,7.5132056331809025,599.9999587739113,599.9999587739168,1.6221923519819916,1219.506405728874,1219.5064057590407,1.622195,1.6221950000008123,267.8188127534749,100.56309415813675,1.5719221890239017,888.2593021961914,881.9218341093306,1.571315,1.5713149997924458,264.95506467359127,881.9218341093307,1.5212689702754585,122.76694114623085,1.521173624998175,264.95506467359127,1.520795,1.5207950189999278,98.67175901816442,235.26842526468118,98.67175901820674,1.4207061204339455,329.9060115504429,329.9060088611478,1.4201591699023939,235.26842526468118,329.9060088611478,369.05781288629316,1.4200090461285921,1.411445,1.4114450112320105,8.56403489658164,233.4028150739757,1.361375,1.3613750352411502,51.18545308919424,163.61317305298263,51.18545308919428,1.2604640886300396,190.0,190.00001811815562,1.4201591699023939,163.61317305298263,190.00001811815562,246.7491721577365,1.2602278476672222,1.251615,1.2516150082380757,8.61283942914648,161.85831156644008,1.200915,1.2009150101029806,120.5265466344018,0.020592984787937793,0.000252429648346386,81.57910500148515,2.012651920994923,0.9392596597456527
55,0.0,55.0,55.0,140.54719317789676,40.150851905561105,45.42431091046252,54.97203036187315,83.6,1.6722000000000001,123.35305289767825,3458.91241409029,60.000000000000995,60.0,7.977565503545061,7.513205631250504,599.9999587739113,599.999958773917,1.6221923519819805,1219.506405728874,1219.5064057587429,1.622195,1.6221950000008014,267.81881274804283,100.56309415847464,1.5719221890280273,888.2593021964484,881.9218341097137,1.571315,1.5713149997965976,264.95506466821644,881.9218341097129,1.5212689700323863,122.76694112936246,1.5211736247550913,264.95506466821644,1.520795,1.5207950187568382,98.67165991493606,235.26849875428195,98.67165991497906,1.4207061224278927,329.90585042406144,329.9058477398988,1.4201591717726423,235.26849875428195,329.9058477398988,369.05766118186284,1.4200090479649805,1.411445,1.411445011132086,8.564036832894528,233.40288766709202,1.361375,1.3613750352650367,51.18550170791249,163.6132059728234,51.18550170791245,1.2604640901672755,190.0,190.00001812591404,1.4201591717726423,163.6132059728234,190.00001812591407,246.74912590841993,1.2602278491228167,1.251615,1.2516150082510646,8.61284087175207,161.85834559107101,1.200915,1.2009150101026256,120.52647628796687,0.020592982244046716,0.0002524300617280616,81.57896132922221,2.012651920994923,0.9392596533074806
56,0.0,56.0,56.0,140.54719317505504,40.150851904749295,45.4243109095441,54.97203036076168,83.6,1.6722000000000001,123.3530528951847,3458.9124140203335,60.000000000002004,60.0,7.977565503540821,7.513205629339158,599.9999587739113,599.9999587739175,1.6221923519819679,1219.506405728874,1219.5064057584477,1.622195,1.6221950000007888,267.8188127427074,100.56309415880555,1.5719221890320798,888.2593021967031,881.9218341100966,1.571315,1.5713149998006752,264.95506466293625,881.9218341100964,1.5212689697942123,122.76694111279733,1.5211736245169065,264.95506466293625,1.520795,1.5207950185186474,98.67156073599,235.2685718512147,98.6715607360323,1.420706124404052,329.9056896012252,329.9056869220975,1.4201591736266914,235.2685718512147,329.9056869220975,369.05750981454906,1.4200090497854996,1.411445,1.4114450110343708,8.564038751128766,233.4029598686814,1.361375,1.3613750352884038,51.18555035017485,163.61323891349807,51.18555035017333,1.2604640917061252,190.0,190.0000181333742,1.4201591736266914,163.61323891349807,190.0000181333742,246.74907970388557,1.2602278505799733,1.251615,1.2516150082635968,8.61284231637649,161.85837963487106,1.200915,1.2009150101033856,120.52640596249329,0.020592979688292577,0.0002524304769978076,81.57881700026034,2.012651920994923,0.9392596468962101
57,0.0,57.0,57.0,140.5471931722717,40.150851903954155,45.42431090864453,54.97203035967303,83.6,1.6722000000000001,123.35305289274251,3458.91241395181,60.00000000000287,60.0,7.977565503536586,7.5132056274466485,599.9999587739113,599.9999587739179,1.6221923519819534,1219.506405728874,1219.506405758156,1.622195,1.6221950000007743,267.8188127374816,100.56309415912979,1.5719221890360489,888.2593021969542,881.9218341104688,1.571315,1.5713149998046694,264.9550646577661,881.9218341104691,1.5212689695608077,122.76694109657531,1.5211736242834906,264.9550646577661,1.520795,1.5207950182852257,98.67146148274037,235.26864456262317,98.67146148278307,1.4207061263628045,329.9055290763302,329.90552640214537,1.4201591754648901,235.26864456262317,329.90552640214537,369.0573587815691,1.420009051590491,1.411445,1.4114450109388055,8.56404065168559,233.4030316857027,1.361375,1.3613750353112262,51.185599015319966,163.61327187443965,51.18559901531959,1.2604640932465276,190.0,190.00001814056523,1.4201591754648901,163.61327187443965,190.00001814056523,246.74903354181575,1.260227852038632,1.251615,1.2516150082756794,8.612843762952682,161.85841369735277,1.200915,1.2009150101051784,120.52633565802063,0.020592977120977764,0.0002524308941408615,81.57867202057476,2.012651920994923,0.9392596405107376
58,0.0,58.0,58.0,140.54719316954922,40.15085190317641,45.42431090776463,54.97203035860819,83.6,1.6722000000000001,123.35305289035381,3458.9124138847833,60.00000000000355,60.0,7.977565503532409,7.513205625572924,599.9999587739113,599.9999587739183,1.622192351981938,1219.506405728874,1219.5064057578663,1.622195,1.6221950000007588,267.8188127323703,100.56309415944841,1.5719221890399313,888.2593021972025,881.9218341108306,1.571315,1.5713149998085765,264.95506465270836,881.9218341108308,1.521268969332052,122.76694108070105,1.5211736240547242,264.95506465270836,1.520795,1.5207950180564538,98.67136215657703,235.26871689547616,98.67136215661897,1.4207061283045237,329.90536884391827,329.9053661745855,1.4201591772875823,235.26871689547616,329.9053661745855,369.0572080800933,1.4200090533802934,1.411445,1.4114450108453378,8.564042534955574,233.4031031249439,1.361375,1.3613750353334988,51.18564770270361,163.61330485512056,51.18564770270242,1.2604640947884378,190.0,190.00001814750289,1.4201591772875823,163.61330485512056,190.00001814750289,246.7489874199598,1.2602278534987492,1.251615,1.251615008287332,8.612845211417142,161.8584477780659,1.200915,1.2009150101079427,120.5262653745839,0.0205929745424378,0.00025243131313984094,81.5785263971185,2.012651920994923,0.9392596341498727
59,0.0,59.0,59.0,140.54719316688698,40.15085190241588,45.4243109069042,54.97203035756691,83.6,1.6722000000000001,123.35305288801806,3458.9124138192406,60.000000000004015,60.0,7.977565503528216,7.513205623717719,599.9999587739113,599.9999587739186,1.622192351981922,1219.506405728874,1219.5064057575794,1.622195,1.6221950000007426,267.8188127273721,100.5630941597596,1.5719221890437274,888.2593021974423,881.9218341111899,1.571315,1.5713149998123965,264.95506464776366,881.9218341111895,1.521268969107837,122.7669410651916,1.5211736238304987,264.95506464776366,1.520795,1.5207950178322227,98.67126275886912,235.2687888566216,98.6712627589126,1.4207061302295712,329.9052088986301,329.9052062340607,1.4201591790950994,235.2687888566216,329.9052062340607,369.0570577072132,1.420009055155231,1.411445,1.4114450107539114,8.564044401319526,233.4031741930831,1.361375,1.3613750353551917,51.18569641169069,163.61333785494483,51.185696411689264,1.2604640963317815,190.0,190.00001815422132,1.4201591790950994,163.61333785494483,190.00001815422132,246.74894133615598,1.2602278549602521,1.251615,1.2516150082985509,8.612846661701257,161.8584818764919,1.200915,1.2009150101116042,120.52619511221495,0.020592971953038507,0.00025243173397495125,81.57838013774426,2.012651920994923,0.939259627812374
60,0.0,60.0,60.0,140.54719316428626,40.150851901672915,45.42431090606366,54.972030356549695,83.6,1.6722000000000001,123.35305288573632,3458.9124137552108,60.000000000004356,60.0,7.9775655035240725,7.513205621880956,599.9999587739113,599.9999587739187,1.6221923519819055,1219.506405728874,1219.506405757295,1.622195,1.6221950000007261,267.81881272248944,100.56309416006224,1.5719221890474362,888.2593021976757,881.9218341115389,1.571315,1.5713149998161287,264.9550646429327,881.9218341115395,1.521268968888052,122.76694105003372,1.5211736236107039,264.9550646429327,1.520795,1.520795017612422,98.67116329096356,235.26886045272948,98.67116329100679,1.420706132138303,329.9050492352511,329.90504657535877,1.4201591808877678,235.26886045272948,329.90504657535877,369.05690765998025,1.4200090569156247,1.411445,1.4114450106644765,8.56404625114826,233.40324489663135,1.361375,1.3613750353763066,51.18574514165993,163.61337087337668,51.1857451416594,1.2604640978765114,190.0,190.00001816073006,1.4201591808877678,163.61337087337668,190.00001816073006,246.74889528829945,1.2602278564230942,1.251615,1.2516150083093531,8.612848113741078,161.85851599216736,1.200915,1.2009150101161106,120.52612487094132,0.02059296935317031,0.0002524321566241583,81.57823325112582,2.012651920994923,0.9392596214969396
61,0.0,61.0,61.0,140.5471931617499,40.15085190094834,45.42431090524392,54.972030355557656,83.6,1.6722000000000001,123.35305288351113,3458.9124136927635,60.00000000000465,60.0,7.977565503519949,7.513205620062388,599.9999587739113,599.9999587739189,1.6221923519818882,1219.506405728874,1219.5064057570132,1.622195,1.622195000000709,267.81881271772767,100.56309416035747,1.5719221890510529,888.2593021979046,881.9218341118765,1.571315,1.5713149998197684,264.95506463822136,881.9218341118768,1.5212689686725689,122.7669410352487,1.5211736233952102,264.95506463822136,1.520795,1.5207950173969234,98.67106375418429,235.26893169025115,98.67106375422911,1.4207061340310339,329.90488984875975,329.9048871934614,1.420159182665875,235.26893169025115,329.9048871934614,369.0567579354623,1.4200090586617555,1.411445,1.4114450105769587,8.564048084796827,233.4033152418938,1.361375,1.361375035396795,51.18579389199886,163.61340390976085,51.18579389199773,1.2604640994225298,190.0,190.00001816707942,1.420159182665875,163.61340390976085,190.00001816707942,246.74884927438396,1.2602278578871802,1.251615,1.2516150083197175,8.612849567462666,161.85855012451398,1.200915,1.200915010121386,120.52605465078878,0.020592966743247145,0.0002524325810633821,81.57808574669113,2.012651920994923,0.9392596152022425
62,0.0,62.0,62.0,140.54719315927426,40.15085190024111,45.42431090444381,54.97203035458936,83.6,1.6722000000000001,123.35305288133924,3458.912413631813,60.00000000000483,60.0,7.977565503515837,7.51320561826186,599.9999587739113,599.9999587739192,1.6221923519818713,1219.506405728874,1219.5064057567345,1.622195,1.6221950000006922,267.8188127130799,100.56309416064516,1.5719221890545831,888.259302198131,881.9218341122138,1.571315,1.5713149998233207,264.95506463362517,881.9218341122131,1.5212689684612903,122.7669410208343,1.521173623183922,264.95506463362517,1.520795,1.5207950171856295,98.67096414983409,235.26900257552523,98.67096414987878,1.4207061359081241,329.9047307342203,329.9047280834343,1.420159184429753,235.26900257552523,329.9047280834343,369.0566085306636,1.4200090603939495,1.411445,1.4114450104913365,8.564049902612947,233.4033852350659,1.361375,1.3613750354167233,51.18584266211458,163.61343696368698,51.185842662112655,1.2604641009698438,190.0,190.00001817322462,1.420159184429753,163.61343696368698,190.00001817322462,246.74880329241427,1.2602278593525182,1.251615,1.251615008329704,8.612851022814283,161.8585842731791,1.200915,1.20091501012742,120.52598445177793,0.02059296412369951,0.0002524330072666372,81.5779376345495,2.012651920994923,0.9392596089268752
63,0.0,63.0,63.0,140.54719315686282,40.15085189955222,45.424310903664434,54.972030353646176,83.6,1.6722000000000001,123.35305287922368,3458.9124135724396,60.00000000000496,60.0,7.977565503511781,7.513205616479266,599.9999587739113,599.9999587739192,1.6221923519818542,1219.506405728874,1219.5064057564578,1.622195,1.622195000000675,267.81881270855274,100.56309416092553,1.571922189058022,888.259302198351,881.9218341125342,1.571315,1.5713149998267812,264.9550646291449,881.9218341125345,1.5212689682540934,122.76694100677301,1.521173622976715,264.9550646291449,1.520795,1.5207950169784175,98.67086447919483,235.26907311471317,98.6708644792378,1.4207061377698502,329.9045718868543,329.90456924050164,1.4201591861796514,235.26907311471317,329.90456924050164,369.0564594425909,1.4200090621124513,1.411445,1.4114450104075174,8.564051704933906,233.40345488218003,1.361375,1.3613750354359986,51.18589145141453,163.6134700344091,51.18589145141297,1.2604641025183132,190.0,190.0000181792555,1.4201591861796514,163.6134700344091,190.0000181792555,246.74875734053873,1.2602278608189696,1.251615,1.2516150083392557,8.612852479713995,161.85861843749933,1.200915,1.2009150101341213,120.52591427392755,0.020592961494975404,0.00025243343520624104,81.57778892542787,2.012651920994923,0.9392596026694622
64,0.0,64.0,64.0,140.54719315450723,40.15085189887929,45.424310902903116,54.972030352724836,83.6,1.6722000000000001,123.35305287715715,3458.9124135144452,60.000000000004945,60.0,7.977565503507718,7.513205614714344,599.9999587739113,599.9999587739194,1.622192351981838,1219.506405728874,1219.5064057561838,1.622195,1.6221950000006589,267.8188127041304,100.5630941612,1.5719221890613808,888.2593021985622,881.9218341128536,1.571315,1.5713149998301614,264.9550646247705,881.9218341128537,1.5212689680509026,122.76694099305371,1.5211736227735144,264.9550646247705,1.520795,1.5207950167752116,98.67076474352977,235.2691433138963,98.67076474357337,1.4207061396165659,329.90441330194807,329.90441065995003,1.4201591879158983,235.2691433138963,329.90441065995003,369.0563106681857,1.4200090638175826,1.411445,1.4114450103254932,8.56405349208944,233.403524189188,1.361375,1.3613750354546952,51.18594025932634,163.61350312152376,51.18594025932526,1.2604641040679487,190.0,190.00001818511842,1.4201591879158983,163.61350312152376,190.00001818511845,246.74871141689374,1.2602278622865464,1.251615,1.251615008348435,8.612853938111398,161.8586526171221,1.200915,1.2009150101414858,120.52584411725255,0.0205929588575337,0.00025243386485291095,81.57763963061325,2.012651920994923,0.9392595964285472
65,0.0,65.0,65.0,140.54719315221556,40.15085189822462,45.42431090216246,54.9720303518285,83.6,1.6722000000000001,123.35305287514673,3458.91241345802,60.000000000005016,60.0,7.97756550350374,7.513205612967031,599.9999587739113,599.9999587739193,1.6221923519818209,1219.506405728874,1219.5064057559123,1.622195,1.6221950000006418,267.81881269982813,100.56309416146627,1.5719221890646489,888.259302198769,881.9218341131556,1.571315,1.5713149998334501,264.9550646205142,881.9218341131552,1.521268967851581,122.76694097969143,1.5211736225741836,264.9550646205142,1.520795,1.5207950165758757,98.67066494407963,235.26921317888176,98.67066494412364,1.4207061414485351,329.9042549750177,329.9042523373015,1.4201591896387313,235.26921317888176,329.9042523373015,369.0561622044489,1.4200090655095765,1.411445,1.4114450102451823,8.564055264394188,233.40359316178998,1.361375,1.3613750354727783,51.18598908528474,163.61353622442527,51.185989085282195,1.2604641056186643,190.0,190.00001819085512,1.4201591896387313,163.61353622442527,190.00001819085512,246.74866551972428,1.2602278637551638,1.251615,1.2516150083572253,8.612855397938546,161.85868681151405,1.200915,1.200915010149466,120.52577398176534,0.02059295621184378,0.00025243429617595876,81.5774897618884,2.012651920994923,0.93925959020269
66,0.0,66.0,66.0,140.54719314997905,40.15085189758571,45.42431090143963,54.972030350953744,83.6,1.6722000000000001,123.3530528731847,3458.9124134029576,60.00000000000493,60.0,7.977565503499754,7.513205611237063,599.9999587739113,599.9999587739194,1.6221923519818051,1219.506405728874,1219.5064057556438,1.622195,1.6221950000006258,267.81881269562933,100.56309416172645,1.571922189067838,888.2593021989686,881.9218341134589,1.571315,1.5713149998366596,264.95506461636046,881.9218341134584,1.5212689676560551,122.76694096666355,1.5211736223786485,264.95506461636046,1.520795,1.5207950163803354,98.67056508206667,235.26928271545484,98.67056508211101,1.4207061432660686,329.90409690160124,329.90409426809146,1.4201591913484373,235.26928271545484,329.90409426809146,369.0560140483292,1.420009067188714,1.411445,1.4114450101665552,8.564057022158789,233.40366180565357,1.361375,1.3613750354902654,51.186037928735935,163.61356934259814,51.186037928734265,1.2604641071704146,190.0,190.00001819646133,1.4201591913484373,163.61356934259814,190.00001819646135,246.74861964732273,1.2602278652247785,1.251615,1.2516150083656428,8.612856859135709,161.85872102021455,1.200915,1.2009150101580253,120.5257038674753,0.02059295355838214,0.0002524347291434055,81.57733933148121,2.012651920994923,0.9392595839904371
67,0.0,67.0,67.0,140.54719314779905,40.15085189696293,45.424310900735065,54.97203035010108,83.6,1.6722000000000001,123.35305287127224,3458.912413349284,60.000000000004846,60.0,7.977565503495813,7.5132056095243245,599.9999587739113,599.9999587739193,1.6221923519817893,1219.506405728874,1219.5064057553773,1.622195,1.6221950000006102,267.81881269153666,100.56309416197978,1.571922189070947,888.2593021991679,881.921834113753,1.571315,1.5713149998397875,264.9550646123124,881.9218341137531,1.521268967464221,122.76694095396566,1.5211736221868053,264.9550646123124,1.520795,1.5207950161884871,98.67046515869362,235.26935192921323,98.67046515874014,1.420706145069441,329.903939077393,329.90393644801856,1.4201591930452655,235.26935192921323,329.90393644801856,369.055866196768,1.4200090688552396,1.411445,1.4114450100895564,8.564058765683225,233.40373012627836,1.361375,1.3613750355071483,51.186086789134826,163.61360247548652,51.18608678913281,1.2604641087231363,190.0,190.00001820195462,1.4201591930452655,163.61360247548652,190.00001820195462,246.74857379804888,1.2602278666953275,1.251615,1.251615008373688,8.612858321639383,161.85875524273,1.200915,1.2009150101671284,120.52563377438817,0.02059295089762992,0.00025243516372212187,81.57718835200961,2.012651920994923,0.9392595777903362
68,0.0,68.0,68.0,140.5471931456777,40.15085189635692,45.424310900049456,54.972030349271364,83.6,1.6722000000000001,123.35305286941129,3458.9124132970514,60.00000000000485,60.0,7.977565503491923,7.513205607828626,599.9999587739113,599.9999587739193,1.6221923519817734,1219.506405728874,1219.5064057551137,1.622195,1.6221950000005942,267.81881268755416,100.56309416222696,1.571922189073972,888.2593021993619,881.9218341140396,1.571315,1.571314999842832,264.9550646083729,881.92183411404,1.5212689672759698,122.76694094160904,1.5211736219985452,264.9550646083729,1.520795,1.5207950160002222,98.67036517514417,235.26942082558315,98.67036517519013,1.42070614685892,329.9037814982312,329.9037788729246,1.420159194729461,235.26942082558315,329.9037788729246,369.0557186467449,1.4200090705093928,1.411445,1.4114450100141371,8.56406049525571,233.40379812899963,1.361375,1.3613750355234449,51.18613566594949,163.6136356226077,51.18613566594799,1.26046411027679,190.0,190.00001820733098,1.420159194729461,163.6136356226077,190.00001820733098,246.74852797030275,1.2602278681667736,1.251615,1.251615008381379,8.6128597853945,161.85878947863415,1.200915,1.2009150101767565,120.52556370250805,0.02059294823007131,0.0002524355998779494,81.57703683643604,2.012651920994923,0.9392595716009217
69,0.0,69.0,69.0,140.5471931436056,40.15085189576496,45.42431089937975,54.97203034846089,83.6,1.6722000000000001,123.35305286759348,3458.9124132460365,60.00000000000468,60.0,7.977565503488032,7.513205606149794,599.9999587739113,599.9999587739193,1.622192351981759,1219.506405728874,1219.5064057548527,1.622195,1.6221950000005796,267.818812683664,100.56309416246701,1.5719221890769266,888.2593021995489,881.9218341143126,1.571315,1.5713149998458051,264.955064604524,881.9218341143123,1.521268967091244,122.7669409295272,1.5211736218138106,264.955064604524,1.520795,1.5207950158154828,98.67026513258469,235.2694894099968,98.6702651326291,1.4207061486347885,329.9036241599534,329.90362153864413,1.420159196401283,235.2694894099968,329.90362153864413,369.05557139517015,1.420009072151429,1.411445,1.4114450099402631,8.56406221116579,233.4038658191492,1.361375,1.3613750355391443,51.186184558653274,163.6136687833967,51.18618455865086,1.2604641118313042,190.0,190.00001821261165,1.420159196401283,163.6136687833967,190.00001821261168,246.74848216256757,1.2602278696390472,1.251615,1.2516150083887099,8.612861250337334,161.85882372741582,1.200915,1.2009150101868638,120.52549365183637,0.020592945556191143,0.00025243603757583674,81.57688479801391,2.012651920994923,0.9392595654207623
70,0.0,70.0,70.0,140.54719314158828,40.150851895188666,45.42431089872777,54.97203034767187,83.6,1.6722000000000001,123.35305286582376,3458.9124131963677,60.00000000000461,60.0,7.977565503484205,7.513205604487697,599.9999587739113,599.9999587739192,1.622192351981744,1219.506405728874,1219.5064057545942,1.622195,1.6221950000005647,267.81881267987677,100.56309416270129,1.5719221890798034,888.25930219973,881.9218341145865,1.571315,1.5713149998487004,264.9550646007767,881.921834114586,1.5212689669099264,122.76694091777175,1.521173621632484,264.9550646007767,1.520795,1.5207950156341514,98.67016503216128,235.26955768758526,98.67016503220663,1.4207061503972966,329.9034670586508,329.90346444127493,1.4201591980609591,235.26955768758526,329.90346444127493,369.0554244390444,1.4200090737815703,1.411445,1.4114450098678877,8.564063913682585,233.40393320178526,1.361375,1.3613750355542786,51.186233466733256,163.6137019574065,51.18623346673109,1.2604641133866563,190.0,190.0000182177779,1.4201591980609591,163.6137019574065,190.00001821777792,246.7484363733519,1.260227871112125,1.251615,1.2516150083957092,8.612862716415925,161.8588579886795,1.200915,1.2009150101974435,120.52542362237126,0.020592942876473008,0.0002524364767799219,81.57673225025344,2.012651920994923,0.9392595592484122
71,0.0,71.0,71.0,140.5471931396218,40.15085189462689,45.4243108980922,54.97203034690272,83.6,1.6722000000000001,123.35305286409863,3458.9124131479516,60.00000000000453,60.0,7.9775655034804265,7.513205602842167,599.9999587739113,599.9999587739192,1.6221923519817296,1219.506405728874,1219.506405754338,1.622195,1.6221950000005503,267.8188126761849,100.56309416292886,1.5719221890826076,888.2593021999076,881.9218341148428,1.571315,1.5713149998515221,264.9550645971253,881.9218341148437,1.521268966731939,122.766940906307,1.5211736214544882,264.9550645971253,1.520795,1.520795015456151,98.67006487500251,235.26962566346765,98.67006487504695,1.4207061521466922,329.90331019042173,329.9033075769143,1.420159199708715,235.26962566346765,329.9033075769143,369.05527777532467,1.4200090754000378,1.411445,1.4114450097969635,8.564065603074322,233.4040002819441,1.361375,1.3613750355688339,51.18628238968427,163.61373514410255,51.18628238968117,1.2604641149427764,190.0,190.0000182228535,1.420159199708715,163.61373514410255,190.0000182228535,246.748390601241,1.2602278725859408,1.251615,1.2516150084023692,8.612864183571656,161.858892261946,1.200915,1.2009150102084614,120.52535361410884,0.020592940191397773,0.0002524369174536686,81.57657920687187,2.012651920994923,0.9392595530824577
72,0.0,72.0,72.0,140.54719313770383,40.150851894078976,45.42431089747233,54.97203034615255,83.6,1.6722000000000001,123.35305286241608,3458.91241310073,60.0000000000044,60.0,7.977565503476642,7.5132056012129596,599.9999587739113,599.9999587739192,1.6221923519817156,1219.506405728874,1219.5064057540847,1.622195,1.6221950000005365,267.8188126725843,100.56309416315052,1.5719221890853425,888.25930220008,881.9218341151105,1.571315,1.5713149998542744,264.9550645935643,881.9218341151109,1.5212689665572048,122.76694089514815,1.5211736212797455,264.9550645935643,1.520795,1.5207950152814034,98.6699646622198,235.2696933426323,98.66996466226578,1.4207061538832295,329.9031535514798,329.90315094177834,1.4201592013447843,235.2696933426323,329.90315094177834,369.0551314009824,1.4200090770070608,1.411445,1.4114450097274582,8.564067279602572,233.4040670645427,1.361375,1.361375035582831,51.1863313270109,163.6137683430207,51.18633132700851,1.2604641164996269,190.0,190.00001822783145,1.4201592013447843,163.6137683430207,190.00001822783145,246.74834484486033,1.2602278740604569,1.251615,1.2516150084087052,8.612865651751678,161.85892654679694,1.200915,1.2009150102198942,120.52528362704224,0.02059293750144244,0.00025243735955995635,81.57642568175973,2.012651920994923,0.939259546921503
73,0.0,73.0,73.0,140.54719313583288,40.15085189354449,45.42431089686764,54.97203034542076,83.6,1.6722000000000001,123.35305286077472,3458.9124130546647,60.00000000000426,60.0,7.977565503472912,7.513205599600019,599.9999587739113,599.9999587739192,1.6221923519817025,1219.506405728874,1219.5064057538336,1.622195,1.6221950000005232,267.8188126690717,100.5630941633685,1.5719221890880106,888.259302200251,881.9218341153568,1.571315,1.571314999856959,264.9550645900877,881.921834115357,1.5212689663856473,122.76694088423339,1.52117362110818,264.9550645900877,1.520795,1.5207950151098333,98.66986439490897,235.26976072997405,98.66986439495385,1.420706155607149,329.90299713810475,329.90299453214794,1.420159202969386,235.26976072997405,329.90299453214794,369.054985312976,1.4200090786028539,1.411445,1.4114450096593327,8.56406894352113,233.40413355440606,1.361375,1.361375035596273,51.18638027822537,163.6138015536734,51.18638027822312,1.260464118057157,190.0,190.00001823271938,1.420159202969386,163.6138015536734,190.00001823271938,246.7482991028889,1.2602278755356244,1.251615,1.2516150084147226,8.612867120901813,161.85896084279412,1.200915,1.200915010231722,120.52521366116248,0.020592934807078096,0.00025243780306116986,81.57627168894386,2.012651920994923,0.9392595407641735
74,0.0,74.0,74.0,140.54719313400787,40.15085189302313,45.4243108962778,54.97203034470695,83.6,1.6722000000000001,123.35305285917373,3458.9124130097334,60.00000000000414,60.0,7.977565503469216,7.5132055980031245,599.9999587739113,599.999958773919,1.6221923519816894,1219.506405728874,1219.5064057535849,1.622195,1.6221950000005103,267.81881266564545,100.56309416357895,1.5719221890906132,888.2593022004169,881.9218341156076,1.571315,1.5713149998595781,264.9550645866999,881.921834115607,1.5212689662171834,122.76694087361238,1.5211736209397078,264.9550645866999,1.520795,1.5207950149413565,98.66976407414606,235.26982783022177,98.66976407419207,1.4207061573186794,329.9028409467332,329.90283834446075,1.4201592045827283,235.26982783022177,329.90283834446075,369.05483950833025,1.420009080187621,1.411445,1.4114450095925466,8.564070595074469,233.404199756201,1.361375,1.3613750356091743,51.18642924285238,163.6138347756173,51.1864292428502,1.2604641196153297,190.0,190.00001823751677,1.4201592045827283,163.6138347756173,190.00001823751677,246.74825337404863,1.2602278770114066,1.251615,1.2516150084204345,8.6128685909721,161.8589951495414,1.200915,1.2009150102439325,120.52514371645913,0.020592932108769134,0.00025243824791930527,81.57611724254994,2.012651920994923,0.9392595346091105
75,0.0,75.0,75.0,140.54719313222844,40.150851892514794,45.4243108957027,54.97203034401097,83.6,1.6722000000000001,123.35305285761268,3458.912412965922,60.000000000004036,60.0,7.977565503465573,7.513205596422161,599.9999587739113,599.9999587739189,1.6221923519816768,1219.506405728874,1219.5064057533389,1.622195,1.6221950000004977,267.8188126623048,100.56309416378684,1.5719221890931505,888.2593022005781,881.9218341158444,1.571315,1.5713149998621316,264.9550645833934,881.9218341158443,1.5212689660517391,122.76694086323599,1.5211736207742554,264.9550645833934,1.520795,1.5207950147758997,98.66966370099313,235.26989464804817,98.66966370103988,1.4207061590180485,329.90268497383397,329.9026823751892,1.4201592061850192,235.26989464804817,329.9026823751892,369.05469398403324,1.420009081761566,1.411445,1.411445009527063,8.564072234503062,233.40426567454347,1.361375,1.3613750356215284,51.18647822041697,163.61386800833512,51.18647822041421,1.2604641211740788,190.0,190.00001824223577,1.4201592061850192,163.61386800833512,190.00001824223577,246.74820765713204,1.2602278784877399,1.251615,1.2516150084258337,8.612870061906142,161.8590294665624,1.200915,1.2009150102564807,120.5250737929187,0.020592929406972518,0.00025243869409604763,81.5759623567746,2.012651920994923,0.9392595284550249
76,0.0,76.0,76.0,140.54719313049156,40.15085189201861,45.424310895141346,54.97203034333162,83.6,1.6722000000000001,123.35305285608895,3458.9124129231604,60.00000000000391,60.0,7.977565503461944,7.513205594856905,599.9999587739113,599.9999587739188,1.6221923519816646,1219.506405728874,1219.5064057530954,1.622195,1.6221950000004852,267.818812659044,100.56309416398862,1.5719221890956274,888.2593022007336,881.921834116071,1.571315,1.571314999864624,264.95506458016786,881.9218341160706,1.521268965889244,122.7669408531082,1.5211736206117525,264.95506458016786,1.520795,1.5207950146133922,98.66956327649369,235.26996118800125,98.669563276539,1.4207061607054756,329.90252921598886,329.9025266209136,1.4201592077764584,235.26996118800125,329.9025266209136,369.05454873712034,1.4200090833248844,1.411445,1.411445009462845,8.56407386203939,233.40433131392317,1.361375,1.3613750356333432,51.18652721045954,163.61390125137927,51.18652721045774,1.2604641227333657,190.0,190.00001824688232,1.4201592077764584,163.61390125137927,190.00001824688232,246.74816195095266,1.2602278799645854,1.251615,1.251615008430931,8.61287153365442,161.85906379345806,1.200915,1.2009150102693587,120.52500389052504,0.020592926702135285,0.0002524391415528375,81.57580704585395,2.012651920994923,0.9392595223006223
77,0.0,77.0,77.0,140.54719312879925,40.150851891535154,45.42431089459439,54.972030342669704,83.6,1.6722000000000001,123.35305285460431,3458.912412881493,60.0000000000038,60.0,7.977565503458351,7.513205593307233,599.9999587739113,599.9999587739187,1.6221923519816523,1219.506405728874,1219.5064057528543,1.622195,1.6221950000004732,267.8188126558668,100.56309416418355,1.5719221890980406,888.2593022008873,881.9218341163075,1.571315,1.5713149998670526,264.9550645770254,881.9218341163079,1.5212689657296137,122.76694084326088,1.5211736204521145,264.9550645770254,1.520795,1.5207950144537496,98.66946280167448,235.27002745447723,98.66946280171989,1.4207061623811776,329.90237366990794,329.9023710783488,1.4201592093572442,235.27002745447723,329.9023710783488,369.0544037646587,1.4200090848777707,1.411445,1.4114450093998632,8.564075477907496,233.4043966786915,1.361375,1.3613750356446552,51.186576212528514,163.61393450436296,51.18657621252569,1.2604641242931722,190.0,190.0000182514336,1.4201592093572442,163.61393450436296,190.00001825143363,246.74811625436055,1.2602278814419277,1.251615,1.2516150084357536,8.612873006174082,161.8590981298763,1.200915,1.200915010282564,120.5249340092618,0.020592923994695565,0.000252439590250964,81.57565132403761,2.012651920994923,0.9392595161446401
78,0.0,78.0,78.0,140.5471931271407,40.15085189106136,45.424310894058365,54.972030342021014,83.6,1.6722000000000001,123.35305285314931,3458.912412840662,60.00000000000361,60.0,7.977565503454784,7.5132055917730165,599.9999587739113,599.9999587739187,1.6221923519816417,1219.506405728874,1219.5064057526154,1.622195,1.6221950000004626,267.8188126527531,100.5630941643762,1.5719221891004056,888.2593022010366,881.9218341165268,1.571315,1.5713149998694325,264.955064573944,881.9218341165272,1.5212689655728284,122.76694083358854,1.5211736202953214,264.955064573944,1.520795,1.5207950142969526,98.66936227755295,235.2700934519979,98.6693622775987,1.4207061640453946,329.9022183321813,329.9022157440811,1.4201592109275971,235.2700934519979,329.9022157440811,369.05425906361614,1.4200090864204413,1.411445,1.4114450093381037,8.56407708233764,233.40446177331268,1.361375,1.36137503565547,51.18662522617896,163.61396776685706,51.18662522617552,1.2604641258534546,190.0,190.00001825589592,1.4201592109275971,163.61396776685706,190.00001825589592,246.74807056626886,1.260227882919723,1.251615,1.2516150084403048,8.612874479418275,161.8591324754309,1.200915,1.200915010296079,120.52486414910881,0.020592921285080737,0.00025244004015162556,81.57549520556171,2.012651920994923,0.939259509985855
79,0.0,79.0,79.0,140.54719312552587,40.15085189060003,45.42431089353645,54.97203034138939,83.6,1.6722000000000001,123.35305285173261,3458.9124128009034,60.00000000000351,60.0,7.977565503451271,7.513205590254078,599.9999587739113,599.9999587739187,1.6221923519816306,1219.506405728874,1219.5064057523791,1.622195,1.6221950000004515,267.81881264972134,100.56309416456212,1.5719221891027084,888.2593022011813,881.9218341167423,1.571315,1.5713149998717497,264.9550645709442,881.9218341167424,1.521268965418769,122.76694082417475,1.5211736201412545,264.9550645709442,1.520795,1.5207950141428812,98.66926170512299,235.27015918467652,98.66926170516885,1.4207061656982842,329.90206319975766,329.9020606150653,1.4201592124876576,235.27015918467652,329.9020606150653,369.05411463114723,1.4200090879530327,1.411445,1.4114450092774966,8.564078675536102,233.40452660186727,1.361375,1.3613750356657528,51.186674250968935,163.6140010383243,51.186674250965524,1.2604641274141277,190.0,190.0000182603073,1.4201592124876576,163.6140010383243,190.0000182603073,246.74802488565516,1.260227884397888,1.251615,1.2516150084445585,8.61287595332949,161.85916682962576,1.200915,1.2009150103098538,120.52479431004481,0.020592918573707004,0.00025244049121601273,81.57533870462045,2.012651920994923,0.9392595038231261
80,0.0,80.0,80.0,140.5471931239493,40.15085189014965,45.42431089302692,54.97203034077276,83.6,1.6722000000000001,123.35305285034957,3458.912412762087,60.00000000000343,60.0,7.977565503447789,7.51320558875026,599.9999587739113,599.9999587739185,1.6221923519816197,1219.506405728874,1219.5064057521447,1.622195,1.6221950000004404,267.81881264676156,100.56309416474505,1.5719221891049566,888.259302201325,881.9218341169508,1.571315,1.5713149998740121,264.955064568017,881.9218341169504,1.5212689652673916,122.7669408149873,1.52117361998987,264.955064568017,1.520795,1.5207950139914923,98.66916108536775,235.27022465673224,98.66916108541561,1.4207061673400794,329.9019082694883,329.90190568815336,1.4201592140376404,235.27022465673224,329.90190568815336,369.0539704643261,1.4200090894757564,1.411445,1.4114450092180406,8.564080257715823,233.40459116853248,1.361375,1.3613750356755714,51.186723286474006,163.6140343184819,51.186723286471015,1.2604641289752119,190.0,190.00001826461963,1.4201592140376404,163.6140343184819,190.00001826461965,246.7479792114769,1.2602278858764435,1.251615,1.2516150084485675,8.612877427875976,161.8592011922102,1.200915,1.2009150103239152,120.52472449204639,0.020592915860978347,0.000252440943405337,81.5751818353527,2.012651920994923,0.9392594976552775
81,0.0,81.0,81.0,140.54719312240826,40.15085188970941,45.42431089252885,54.97203034017001,83.6,1.6722000000000001,123.35305284899758,3458.912412724147,60.00000000000329,60.0,7.977565503444323,7.513205587261397,599.9999587739113,599.9999587739185,1.6221923519816095,1219.506405728874,1219.5064057519132,1.622195,1.6221950000004304,267.8188126438683,100.56309416492329,1.5719221891071542,888.2593022014664,881.9218341171579,1.571315,1.5713149998762237,264.95506456515375,881.9218341171577,1.521268965118641,122.76694080600465,1.521173619841112,264.95506456515375,1.520795,1.5207950138427304,98.6690604192542,235.27028987228275,98.66906041930008,1.4207061689709597,329.9017535383064,329.9017509602765,1.420159215577708,235.27028987228275,329.9017509602765,369.0538265602525,1.4200090909887713,1.411445,1.4114450091596886,8.564081829082637,233.404655477384,1.361375,1.361375035684879,51.18677233226826,163.61406760679813,51.18677233226489,1.2604641305366135,190.0,190.00001826888231,1.420159215577708,163.61406760679813,190.00001826888231,246.74793354279947,1.260227887355298,1.251615,1.2516150084522955,8.612878903002441,161.85923556269518,1.200915,1.200915010338213,120.52465469508832,0.020592913147287437,0.0002524413966809273,81.57502461181436,2.012651920994923,0.939259491481235
82,0.0,82.0,82.0,140.54719312090347,40.15085188927953,45.42431089204251,54.97203033958145,83.6,1.6722000000000001,123.35305284767746,3458.9124126870997,60.00000000000321,60.0,7.977565503440921,7.513205585787409,599.9999587739113,599.9999587739184,1.6221923519815995,1219.506405728874,1219.5064057516838,1.622195,1.6221950000004202,267.8188126410432,100.56309416509681,1.5719221891093,888.2593022016019,881.9218341173633,1.571315,1.571314999878383,264.955064562359,881.9218341173629,1.5212689649724493,122.76694079723985,1.521173619694913,264.955064562359,1.520795,1.5207950136965274,98.6689597077351,235.27035483529508,98.66895970778234,1.4207061705911268,329.90159900327836,329.9015964285057,1.4201592171080446,235.27035483529508,329.9015964285057,369.0536829160805,1.4200090924922575,1.411445,1.411445009102424,8.564083389833499,233.40471953236073,1.361375,1.361375035693719,51.18682138793646,163.6141009029263,51.186821387931815,1.2604641320983256,190.0,190.00001827306573,1.4201592171080446,163.6141009029263,190.00001827306573,246.74788787867544,1.2602278888344445,1.251615,1.2516150084557744,8.61288037867003,161.8592699407601,1.200915,1.200915010352744,120.52458491914409,0.020592910433013346,0.00025244185100425714,81.57486704796057,2.012651920994923,0.9392594852999407
83,0.0,83.0,83.0,140.54719311943157,40.150851888859044,45.4243108915668,54.97203033900574,83.6,1.6722000000000001,123.35305284638615,3458.912412650862,60.0000000000031,60.0,7.977565503437529,7.51320558432805,599.9999587739113,599.9999587739184,1.6221923519815897,1219.506405728874,1219.5064057514564,1.622195,1.6221950000004104,267.81881263827984,100.56309416526717,1.5719221891113988,888.2593022017348,881.921834117559,1.571315,1.571314999880495,264.95506455962504,881.9218341175584,1.5212689648287712,122.76694078866036,1.521173619551228,264.95506455962504,1.520795,1.5207950135528379,98.6688589517495,235.27041954973333,98.66885895179473,1.4207061722007746,329.90144466145915,329.9014420898948,1.4201592186288274,235.27041954973333,329.9014420898948,369.0535395289399,1.4200090939863892,1.411445,1.4114450090462236,8.564084940165584,233.4047833373911,1.361375,1.3613750357021042,51.18687045307229,163.61413420649163,51.18687045306804,1.2604641336603186,190.0,190.00001827716892,1.4201592186288274,163.61413420649163,190.00001827716895,246.7478422182038,1.2602278903138553,1.251615,1.2516150084590156,8.61288185483966,161.85930432606696,1.200915,1.2009150103675088,120.52451516418506,0.020592907718522287,0.0002524423063369967,81.57470915763176,2.012651920994923,0.939259479110362
84,0.0,84.0,84.0,140.54719311799445,40.1508518884485,45.42431089110233,54.972030338443645,83.6,1.6722000000000001,123.35305284512538,3458.9124126154798,60.00000000000303,60.0,7.977565503434176,7.513205582883235,599.9999587739113,599.9999587739183,1.6221923519815802,1219.506405728874,1219.5064057512316,1.622195,1.622195000000401,267.81881263558176,100.56309416543309,1.5719221891134483,888.2593022018622,881.9218341177448,1.571315,1.5713149998825573,264.95506455695516,881.921834117745,1.521268964687538,122.76694078027515,1.5211736194099879,264.95506455695516,1.520795,1.5207950134115937,98.66875815222068,235.2704840194142,98.66875815226845,1.4207061738000668,329.90129051004,329.9012879416371,1.4201592201402045,235.2704840194142,329.9012879416371,369.0533963960325,1.4200090954713107,1.411445,1.411445008991044,8.564086480266742,233.40484689626732,1.361375,1.3613750357100114,51.18691952727279,163.61416751703885,51.186919527269275,1.2604641352225265,190.0,190.00001828122072,1.4201592201402045,163.61416751703885,190.00001828122072,246.74779656055048,1.260227891793465,1.251615,1.2516150084620015,8.612883331463594,161.85933871819657,1.200915,1.200915010382472,120.52444543018044,0.0205929050041675,0.0002524427626410743,81.57455095453342,2.012651920994923,0.9392594729115424
85,0.0,85.0,85.0,140.54719311658727,40.150851888046496,45.42431089064753,54.97203033789326,83.6,1.6722000000000001,123.35305284389082,3458.912412580836,60.00000000000291,60.0,7.977565503430857,7.513205581452815,599.9999587739113,599.9999587739181,1.6221923519815713,1219.506405728874,1219.506405751009,1.622195,1.6221950000003922,267.8188126329398,100.56309416559671,1.571922189115455,888.25930220199,881.9218341179425,1.571315,1.5713149998845766,264.9550645543422,881.9218341179427,1.5212689645487116,122.76694077208748,1.5211736192711545,264.9550645543422,1.520795,1.5207950132727563,98.66865731005988,235.27054824813024,98.6686573101075,1.4207061753892114,329.9011365462174,329.9011339809296,1.4201592216423677,235.27054824813024,329.9011339809296,369.0532535145344,1.4200090969472106,1.411445,1.411445008936887,8.56408801032349,233.40491021275236,1.361375,1.3613750357175038,51.18696861014716,163.6142008343014,51.18696861014385,1.2604641367849643,190.0,190.00001828517432,1.4201592216423677,163.6142008343014,190.00001828517432,246.74775090486247,1.2602278932732898,1.251615,1.251615008464777,8.612884808512744,161.85937311690247,1.200915,1.200915010397651,120.52437571709935,0.020592902290287943,0.0002524432198787017,81.57439245222263,2.012651920994923,0.9392594667025274
86,0.0,86.0,86.0,140.54719311521538,40.15085188765458,45.42431089020414,54.97203033735667,83.6,1.6722000000000001,123.35305284268725,3458.912412547059,60.00000000000284,60.0,7.977565503427573,7.513205580036619,599.9999587739113,599.9999587739181,1.6221923519815622,1219.506405728874,1219.5064057507886,1.622195,1.622195000000383,267.81881263036416,100.56309416575336,1.571922189117411,888.2593022021127,881.9218341181225,1.571315,1.5713149998865454,264.95506455179316,881.9218341181221,1.5212689644122117,122.76694076408509,1.5211736191346479,264.95506455179316,1.520795,1.520795013136246,98.6685564261619,235.27061223951318,98.66855642620888,1.4207061769683431,329.9009827673339,329.90098020511755,1.4201592231354356,235.27061223951318,329.90098020511755,369.053110881712,1.420009098414205,1.411445,1.4114450088836912,8.564089530513908,233.40497329046013,1.361375,1.361375035724523,51.18701770130369,163.6142341577584,51.1870177012995,1.2604641383475343,190.0,190.00001828908802,1.4201592231354356,163.6142341577584,190.00001828908802,246.74770525039224,1.2602278947532333,1.251615,1.2516150084672995,8.612886285933818,161.85940752170458,1.200915,1.2009150104129926,120.52430602490816,0.020592899577209643,0.00025244367801243735,81.57423366409309,2.012651920994923,0.9392594604824626
87,0.0,87.0,87.0,140.5471931138713,40.15085188727061,45.424310889769735,54.97203033683096,83.6,1.6722000000000001,123.35305284150807,3458.9124125139692,60.00000000000274,60.0,7.97756550342431,7.51320557863453,599.9999587739113,599.9999587739181,1.6221923519815538,1219.506405728874,1219.5064057505704,1.622195,1.6221950000003744,267.8188126278407,100.56309416590875,1.5719221891193278,888.2593022022334,881.921834118297,1.571315,1.571314999888474,264.95506454929586,881.921834118297,1.5212689642780142,122.76694075624341,1.521173619000444,264.95506454929586,1.520795,1.5207950130020378,98.66845550141085,235.2706759972333,98.66845550145632,1.4207061785376633,329.9008291706846,329.9008266114944,1.4201592246195953,235.2706759972333,329.9008266114944,369.05296849478157,1.4200090998724768,1.411445,1.4114450088314607,8.564091041016075,233.4050361330339,1.361375,1.36137503573112,51.18706680036399,163.61426748713058,51.1870668003597,1.2604641399102445,190.0,190.0000182929259,1.4201592246195953,163.61426748713058,190.0000182929259,246.74765959636085,1.2602278962333036,1.251615,1.2516150084696067,8.612887763696842,161.8594419323452,1.200915,1.20091501042851,120.52423635357162,0.020592896865244466,0.0002524441370051928,81.57407460336808,2.012651920994923,0.9392594542504833
88,0.0,88.0,88.0,140.54719311255622,40.15085188689492,45.42431088934471,54.97203033631659,83.6,1.6722000000000001,123.35305284035434,3458.912412481593,60.00000000000265,60.0,7.977565503421089,7.513205577246406,599.9999587739113,599.9999587739179,1.6221923519815455,1219.506405728874,1219.5064057503544,1.622195,1.6221950000003662,267.8188126253717,100.5630941660602,1.5719221891212032,888.2593022023518,881.9218341184758,1.571315,1.5713149998903615,264.95506454685335,881.9218341184762,1.5212689641460644,122.76694074858278,1.5211736188684875,264.95506454685335,1.520795,1.5207950128700778,98.668354536677,235.27073952484187,98.66835453672451,1.4207061800973304,329.90067575367084,329.9006731974639,1.4201592260949893,235.27073952484187,329.9006731974639,369.052826351012,1.4200091013221663,1.411445,1.4114450087801633,8.564092542002966,233.40509874400848,1.361375,1.3613750357372865,51.18711590695257,163.61430082202898,51.18711590694905,1.2604641414730473,190.0,190.0000182967047,1.4201592260949893,163.61430082202898,190.0000182967047,246.74761394205115,1.260227897713455,1.251615,1.2516150084716926,8.61288924176229,161.8594763484666,1.200915,1.2009150104441857,120.5241667030538,0.020592894154690032,0.00025244459682028725,81.57391528308251,2.012651920994923,0.9392594480057904
89,0.0,89.0,89.0,140.5471931112702,40.15085188652754,45.42431088892908,54.9720303358136,83.6,1.6722000000000001,123.35305283922611,3458.912412449931,60.00000000000257,60.0,7.97756550341791,7.513205575872131,599.9999587739113,599.9999587739179,1.6221923519815376,1219.506405728874,1219.5064057501404,1.622195,1.6221950000003582,267.81881262295735,100.56309416620932,1.571922189123037,888.2593022024718,881.9218341186461,1.571315,1.5713149998922067,264.95506454446485,881.9218341186462,1.5212689640163093,122.76694074108653,1.5211736187387261,264.95506454446485,1.520795,1.5207950127403125,98.66825353281753,235.2708028257907,98.66825353286526,1.420706181647515,329.90052251377494,329.90051996051,1.4201592275617745,235.2708028257907,329.90051996051,369.05268444771315,1.4200091027634265,1.411445,1.4114450087297856,8.56409403364089,233.40516112681968,1.361375,1.3613750357430596,51.18716502070318,163.61433416216005,51.18716502069785,1.2604641430359376,190.0,190.00001830039807,1.4201592275617745,163.61433416216005,190.00001830039807,246.7475682867616,1.260227899193683,1.251615,1.2516150084735833,8.612890720099742,161.85951076979495,1.200915,1.2009150104600221,120.524097073317,0.02059289144583023,0.00025244505742147416,81.57375571607646,2.012651920994923,0.9392594417476158
90,0.0,90.0,90.0,140.5471931100104,40.15085188616765,45.424310888521916,54.97203033532085,83.6,1.6722000000000001,123.35305283812085,3458.9124124189193,60.00000000000245,60.0,7.977565503414734,7.51320557451149,599.9999587739113,599.9999587739179,1.62219235198153,1219.506405728874,1219.506405749929,1.622195,1.6221950000003507,267.8188126205921,100.56309416635416,1.5719221891248336,888.2593022025848,881.9218341188187,1.571315,1.5713149998940146,264.95506454212483,881.9218341188183,1.5212689638887096,122.76694073374874,1.5211736186111198,264.95506454212483,1.520795,1.5207950126127023,98.66815249067572,235.27086590351124,98.66815249072289,1.4207061831883636,329.9003694484934,329.9003668981271,1.4201592290200822,235.27086590351124,329.9003668981271,369.0525427822046,1.420009104196386,1.411445,1.4114450086802912,8.564095516094827,233.40522328487938,1.361375,1.3613750357483982,51.18721414125024,163.61436750706164,51.18721414124584,1.2604641445988378,190.0,190.0000183040508,1.4201592290200822,163.61436750706164,190.0000183040508,246.7475226298556,1.2602279006739108,1.251615,1.2516150084752486,8.612892198662125,161.85954519590052,1.200915,1.2009150104759803,120.52402746432256,0.020592888738935555,0.00025244551877297517,81.57359591498548,2.012651920994923,0.9392594354752646
91,0.0,91.0,91.0,140.54719310877843,40.150851885815705,45.42431088812374,54.97203033483899,83.6,1.6722000000000001,123.35305283704001,3458.9124123885867,60.00000000000242,60.0,7.977565503411621,7.513205573164435,599.9999587739113,599.9999587739177,1.6221923519815222,1219.506405728874,1219.506405749719,1.622195,1.622195000000343,267.81881261827914,100.56309416649704,1.5719221891265904,888.2593022026947,881.921834118991,1.571315,1.5713149998957825,264.95506453983603,881.9218341189909,1.5212689637632144,122.76694072657595,1.5211736184856184,264.95506453983603,1.520795,1.5207950124871974,98.66805141108469,235.27092876135086,98.66805141113373,1.4207061847200402,329.90021655538453,329.9002140078783,1.4201592304700628,235.27092876135086,329.9002140078783,369.0524013518192,1.420009105621193,1.411445,1.4114450086316666,8.564096989526426,233.40528522152783,1.361375,1.3613750357533394,51.18726326823926,163.61440085646746,51.18726326823474,1.2604641461617474,190.0,190.0000183076366,1.4201592304700628,163.61440085646746,190.00001830763662,246.7474769706807,1.2602279021541392,1.251615,1.2516150084767164,8.612893677422795,161.85957962654,1.200915,1.20091501049207,120.52395787602987,0.020592886034261612,0.0002524459808394839,81.57343589223336,2.012651920994923,0.9392594291880466
92,0.0,92.0,92.0,140.54719310757372,40.15085188547155,45.42431088773439,54.9720303343678,83.6,1.6722000000000001,123.35305283598309,3458.9124123589268,60.00000000000236,60.0,7.977565503408519,7.513205571830757,599.9999587739113,599.9999587739177,1.622192351981515,1219.506405728874,1219.5064057495115,1.622195,1.6221950000003356,267.81881261601734,100.56309416663507,1.5719221891283082,888.2593022028033,881.9218341191483,1.571315,1.571314999897511,264.95506453759793,881.921834119149,1.521268963639776,122.76694071954893,1.521173618362174,264.95506453759793,1.520795,1.5207950123637493,98.6679502948628,235.2709914025622,98.66795029491104,1.4207061862427002,329.9000638320944,329.90006128740924,1.420159231911858,235.2709914025622,329.90006128740924,369.05226015395397,1.4200091070379854,1.411445,1.4114450085838963,8.56409845408912,233.40534694000442,1.361375,1.3613750357579066,51.18731240132229,163.61443421007303,51.18731240131697,1.26046414772465,190.0,190.00001831114457,1.420159231911858,163.61443421007303,190.00001831114457,246.74743130862933,1.2602279036343522,1.251615,1.2516150084780022,8.612895156349998,161.85961406142644,1.200915,1.2009150105082889,120.52388830839769,0.02059288333205091,0.0002524464435862154,81.57327566002346,2.012651920994923,0.9392594228853232
93,0.0,93.0,93.0,140.5471931063934,40.15085188513436,45.42431088735291,54.97203033390614,83.6,1.6722000000000001,123.35305283494753,3458.9124123298693,60.00000000000228,60.0,7.977565503405441,7.513205570510348,599.9999587739113,599.9999587739176,1.6221923519815076,1219.506405728874,1219.5064057493064,1.622195,1.6221950000003287,267.8188126138013,100.56309416677057,1.5719221891299913,888.2593022029077,881.9218341192997,1.571315,1.5713149998992049,264.95506453540463,881.9218341193001,1.5212689635183596,122.76694071265928,1.5211736182407516,264.95506453540463,1.520795,1.5207950122423233,98.667849142817,235.2710538303893,98.66784914286626,1.4207061877564853,329.89991127626905,329.89990873436494,1.4201592333455964,235.2710538303893,329.89990873436494,369.0521191859985,1.4200091084468893,1.411445,1.4114450085369512,8.564099909938117,233.40540844354015,1.361375,1.361375035762076,51.18736154015377,163.61446756749004,51.18736154015,1.2604641492874882,190.0,190.0000183146019,1.4201592333455964,163.61446756749004,190.0000183146019,246.74738564313958,1.2602279051144936,1.251615,1.2516150084790874,8.612896635406209,161.85964850020034,1.200915,1.200915010524608,120.52381876138313,0.020592880632532305,0.0002524469069789159,81.57311523033317,2.012651920994923,0.9392594165665146
94,0.0,94.0,94.0,140.5471931052366,40.15085188480389,45.42431088697904,54.97203033345369,83.6,1.6722000000000001,123.35305283393267,3458.912412301391,60.00000000000218,60.0,7.977565503402406,7.513205569203121,599.9999587739113,599.9999587739176,1.622192351981501,1219.506405728874,1219.5064057491027,1.622195,1.6221950000003218,267.8188126116294,100.56309416690398,1.571922189131641,888.2593022030127,881.9218341194551,1.571315,1.5713149999008649,264.9550645332556,881.9218341194545,1.5212689633989267,122.76694070591529,1.5211736181213127,264.9550645332556,1.520795,1.5207950121228808,98.66774795574358,235.27111604800695,98.66774795579121,1.420706189261548,329.8997588856041,329.89975634644304,1.4201592347714165,235.27111604800695,329.89975634644304,369.05197844535707,1.4200091098480405,1.411445,1.4114450084908166,8.564101357223963,233.40546973530266,1.361375,1.361375035765855,51.18741068439241,163.61450092837714,51.18741068438732,1.2604641508502314,190.0,190.00001831800716,1.4201592347714165,163.61450092837714,190.00001831800716,246.74733997366002,1.2602279065945339,1.251615,1.2516150084799773,8.612898114556566,161.85968294253854,1.200915,1.2009150105410142,120.52374923494246,0.020592877935921128,0.00025244737098388607,81.57295461490699,2.012651920994923,0.9392594102310795
95,0.0,95.0,95.0,140.5471931041046,40.15085188448051,45.424310886613185,54.97203033301093,83.6,1.6722000000000001,123.35305283293951,3458.9124122735216,60.00000000000214,60.0,7.977565503399408,7.513205567908904,599.9999587739113,599.9999587739175,1.6221923519814943,1219.506405728874,1219.5064057489014,1.622195,1.622195000000315,267.8188126095041,100.56309416703459,1.5719221891332553,888.2593022031157,881.9218341196025,1.571315,1.5713149999024894,264.9550645311533,881.9218341196024,1.5212689632814291,122.76694069931547,1.5211736180038093,264.9550645311533,1.520795,1.520795012005374,98.66764673442525,235.27117805848283,98.66764673447284,1.4207061907580398,329.8996066578921,329.8996041214379,1.4201592361894575,235.27117805848283,329.8996041214379,369.05183792950214,1.4200091112415758,1.411445,1.411445008445485,8.564102796090767,233.4055308183552,1.361375,1.3613750357692993,51.18745983371225,163.61453429254718,51.18745983370742,1.2604641524129043,190.0,190.00001832132233,1.4201592361894575,163.61453429254718,190.00001832132236,246.74729429963472,1.2602279080744976,1.251615,1.2516150084807152,8.61289959378242,161.8597173882721,1.200915,1.2009150105575386,120.52367972903059,0.020592875242418693,0.00025244783556797515,81.57279382525651,2.012651920994923,0.93925940387847
96,0.0,96.0,96.0,140.5471931029957,40.15085188416372,45.42431088625479,54.9720303325772,83.6,1.6722000000000001,123.35305283196665,3458.9124122462213,60.000000000002096,60.0,7.977565503396432,7.513205566627553,599.9999587739113,599.9999587739175,1.6221923519814876,1219.506405728874,1219.506405748702,1.622195,1.6221950000003083,267.81881260742216,100.56309416716141,1.5719221891348365,888.2593022032136,881.9218341197562,1.571315,1.5713149999040805,264.9550645290935,881.9218341197562,1.5212689631658314,122.76694069285854,1.5211736178882056,264.9550645290935,1.520795,1.5207950118897668,98.66754547963444,235.27123986489528,98.66754547968357,1.4207061922460764,329.8994545909109,329.8994520571265,1.4201592375998218,235.27123986489528,329.8994520571265,369.05169763589515,1.4200091126275949,1.411445,1.4114450084009107,8.564104226684188,233.40559169576744,1.361375,1.3613750357723293,51.187508987777015,163.61456765948523,51.18750898777299,1.260464153975392,190.0,190.0000183246208,1.4201592375998218,163.61456765948523,190.0000183246208,246.74724862061748,1.260227909554272,1.251615,1.2516150084812379,8.612901073034251,161.85975183691448,1.200915,1.2009150105741102,120.52361024360161,0.020592872552214675,0.00025244830069864584,81.57263287264875,2.012651920994923,0.939259397508265
97,0.0,97.0,97.0,140.54719310190765,40.150851883852894,45.42431088590314,54.97203033215164,83.6,1.6722000000000001,123.35305283101204,3458.9124122194357,60.000000000002004,60.0,7.977565503393477,7.513205565358962,599.9999587739113,599.9999587739175,1.6221923519814814,1219.506405728874,1219.5064057485047,1.622195,1.6221950000003023,267.8188126053794,100.56309416728641,1.571922189136388,888.2593022033114,881.9218341199022,1.571315,1.571314999905642,264.9550645270715,881.9218341199016,1.5212689630521048,122.7669406865154,1.5211736177744737,264.9550645270715,1.520795,1.5207950117760314,98.66744419213265,235.271301470228,98.66744419218003,1.4207061937258387,329.89930268250987,329.8993001513598,1.4201592390026787,235.271301470228,329.8993001513598,369.0515575620333,1.4200091140062638,1.411445,1.4114450083571208,8.564105649143006,233.40565237051922,1.361375,1.3613750357750638,51.1875581462729,163.61460102913193,51.18755814626879,1.2604641555377774,190.0,190.00001832780737,1.4201592390026787,163.61460102913193,190.0000183278074,246.74720293606873,1.2602279110339398,1.251615,1.2516150084816349,8.612902552304957,161.85978628840914,1.200915,1.2009150105907918,120.52354077860842,0.02059286986548361,0.00025244876634392024,81.57247176810992,2.012651920994923,0.9392593911199789
98,0.0,98.0,98.0,140.54719310084388,40.15085188354901,45.424310885559336,54.972030331735574,83.6,1.6722000000000001,123.35305283007874,3458.9124121932473,60.00000000000193,60.0,7.977565503390548,7.513205564102977,599.9999587739113,599.9999587739172,1.6221923519814752,1219.506405728874,1219.5064057483094,1.622195,1.622195000000296,267.8188126033821,100.56309416740886,1.5719221891379052,888.2593022034057,881.9218341200433,1.571315,1.5713149999071685,264.955064525095,881.9218341200434,1.5212689629401919,122.7669406803109,1.5211736176625548,264.955064525095,1.520795,1.5207950116641091,98.66734287266729,235.2713628773862,98.66734287271606,1.4207061951974103,329.89915093061194,329.89914840206103,1.420159240398099,235.2713628773862,329.89914840206103,369.05141770546885,1.4200091153776517,1.411445,1.4114450083140484,8.564107063603332,233.40571284551433,1.361375,1.361375035777402,51.18760730887756,163.61463440096804,51.187607308871584,1.2604641570999329,190.0,190.00001833097434,1.420159240398099,163.61463440096804,190.00001833097437,246.74715724558587,1.2602279125133748,1.251615,1.2516150084818296,8.612904031545243,161.8598207422733,1.200915,1.2009150106075117,120.52347133400237,0.02059286718238951,0.0002524492324724584,81.57231052241818,2.012651920994923,0.9392593847132612
99,0.0,99.0,99.0,140.54719309979913,40.150851883250546,45.42431088522168,54.97203033132694,83.6,1.6722000000000001,123.35305282916212,3458.912412167527,60.00000000000188,60.0,7.977565503387669,7.513205562859537,599.9999587739113,599.9999587739171,1.6221923519814694,1219.506405728874,1219.5064057481156,1.622195,1.6221950000002903,267.81881260142063,100.5630941675293,1.5719221891393949,888.2593022035044,881.9218341201823,1.571315,1.5713149999086677,264.9550645231547,881.921834120182,1.5212689628300804,122.76694067422136,1.521173617552438,264.9550645231547,1.520795,1.520795011553989,98.66724152197959,235.2714240893053,98.66724152202715,1.4207061966609673,329.89899933309863,329.89899680711267,1.4201592417862468,235.2714240893053,329.89899680711267,369.0512780637142,1.4200091167419198,1.411445,1.4114450082717185,8.564108470201282,233.40577312368384,1.361375,1.3613750357794288,51.187656475283326,163.61466777486118,51.18765647527868,1.2604641586619083,190.0,190.0000183340571,1.4201592417862468,163.61466777486118,190.0000183340571,246.74711154870383,1.2602279139926271,1.251615,1.2516150084818856,8.612905510741564,161.8598551983772,1.200915,1.200915010624308,120.52340190973494,0.020592864503082696,0.0002524496990535145,81.57214914610536,2.012651920994923,0.939259378287719
100,0.0,100.0,100.0,140.54719309877618,40.150851882958314,45.424310884891064,54.97203033092683,83.6,1.6722000000000001,123.35305282826464,3458.9124121423433,60.00000000000183,60.0,7.977565503384806,7.513205561628452,599.9999587739113,599.9999587739171,1.6221923519814636,1219.506405728874,1219.5064057479242,1.622195,1.6221950000002845,267.8188125995,100.56309416764714,1.5719221891408535,888.2593022035966,881.9218341203198,1.571315,1.5713149999101357,264.95506452125426,881.9218341203208,1.5212689627217182,122.76694066825974,1.5211736174440702,264.95506452125426,1.520795,1.5207950114456181,98.66714014079567,235.27148510877737,98.66714014084312,1.4207061981166105,329.89884788797895,329.8988453645242,1.4201592431672114,235.27148510877737,329.8988453645242,369.051138634379,1.420009118099155,1.411445,1.411445008230088,8.564109869066971,233.40583320782034,1.361375,1.3613750357811036,51.18770564518217,163.61470115043136,51.187705645176514,1.2604641602236362,190.0,190.00001833709572,1.4201592431672114,163.61470115043136,190.00001833709575,246.74706584503176,1.2602279154716305,1.251615,1.251615008481772,8.612906989858393,161.8598896563667,1.200915,1.2009150106411504,120.52333250575641,0.020592861827701696,0.000252450166056985,81.57198764944887,2.012651920994923,0.9392593718430461
101,0.0,101.0,101.0,140.54719309777423,40.15085188267208,45.42431088456723,54.972030330534935,83.6,1.6722000000000001,123.35305282738555,3458.912412117676,60.000000000001805,60.0,7.977565503381972,7.513205560409611,599.9999587739113,599.9999587739171,1.6221923519814576,1219.506405728874,1219.5064057477346,1.622195,1.6221950000002785,267.81881259761883,100.5630941677623,1.5719221891422823,888.2593022036865,881.9218341204572,1.571315,1.5713149999115734,264.95506451939264,881.921834120457,1.5212689626150722,122.76694066242236,1.5211736173374188,264.95506451939264,1.520795,1.5207950113389634,98.66703872983193,235.27154593856787,98.66703872988154,1.4207061995644772,329.8986965932809,329.898694072325,1.4201592445411184,235.27154593856787,329.898694072325,369.05099941507535,1.4200091194494808,1.411445,1.4114450081891539,8.564111260326968,233.40589310069046,1.361375,1.3613750357824577,51.18775481827345,163.61473452743994,51.18775481826906,1.2604641617851127,190.0,190.00001834006886,1.4201592445411184,163.61473452743994,190.0000183400689,246.74702013417354,1.2602279169503818,1.251615,1.2516150084815094,8.612908468872416,161.85992411601188,1.200915,1.2009150106580346,120.52326312201505,0.02059285915637291,0.0002524506334533836,81.5718260424785,2.012651920994923,0.9392593653789569
102,0.0,102.0,102.0,140.5471930967912,40.15085188239125,45.42431088424952,54.972030330150446,83.6,1.6722000000000001,123.35305282652313,3458.9124120934757,60.00000000000173,60.0,7.977565503379161,7.513205559202908,599.9999587739113,599.9999587739171,1.6221923519814523,1219.506405728874,1219.506405747547,1.622195,1.6221950000002732,267.81881259577324,100.56309416787549,1.571922189143684,888.2593022037735,881.9218341205873,1.571315,1.571314999912984,264.95506451756626,881.9218341205872,1.5212689625101177,122.76694065668997,1.521173617232459,264.95506451756626,1.520795,1.5207950112340005,98.66693728979614,235.271606581447,98.66693728984477,1.4207062010046894,329.898545447018,329.89854292852834,1.4201592459080794,235.271606581447,329.89854292852834,369.05086040341104,1.4200091207930061,1.411445,1.4114450081488965,8.564112644109612,233.40595280506327,1.361375,1.3613750357834797,51.187803994260314,163.61476790558032,51.18780399425443,1.2604641633463025,190.0,190.00001834299363,1.4201592459080794,163.61476790558032,190.00001834299363,246.74697441576896,1.260227918428846,1.251615,1.2516150084810906,8.612909947755432,161.85995857702753,1.200915,1.2009150106749538,120.52319375845987,0.02059285648921143,0.000252451101213871,81.57166433497004,2.012651920994923,0.9392593588951945
103,0.0,103.0,103.0,140.54719309582592,40.15085188211549,45.42431088393754,54.97203032977289,83.6,1.6722000000000001,123.35305282567623,3458.9124120697124,60.00000000000165,60.0,7.977565503376382,7.513205558008229,599.9999587739113,599.999958773917,1.6221923519814472,1219.506405728874,1219.506405747361,1.622195,1.622195000000268,267.81881259396084,100.56309416798565,1.5719221891450608,888.25930220386,881.921834120718,1.571315,1.5713149999143694,264.9550645157735,881.9218341207187,1.5212689624068254,122.76694065106716,1.5211736171291619,264.9550645157735,1.520795,1.5207950111307,98.66683582138494,235.27166704010142,98.66683582143293,1.4207062024373804,329.8983944472767,329.8983919312212,1.4201592472682152,235.27166704010142,329.8983919312212,369.05072159703934,1.4200091221298494,1.411445,1.4114450081093113,8.564114020538138,233.4060123236267,1.361375,1.3613750357841927,51.18785317284978,163.61480128460428,51.18785317284346,1.2604641649071961,190.0,190.00001834585314,1.4201592472682152,163.61480128460428,190.00001834585314,246.74692868945797,1.2602279199070148,1.251615,1.2516150084805315,8.612911426483238,161.8599930391729,1.200915,1.2009150106919038,120.5231244150376,0.02059285382632021,0.0002524515693102393,81.571502536447,2.012651920994923,0.9392593523915429
104,0.0,104.0,104.0,140.5471930948814,40.15085188184567,45.42431088363228,54.97203032940347,83.6,1.6722000000000001,123.35305282484754,3458.912412046458,60.00000000000169,60.0,7.977565503373646,7.5132055568254374,599.9999587739113,599.9999587739168,1.6221923519814416,1219.506405728874,1219.5064057471768,1.622195,1.6221950000002623,267.81881259218756,100.56309416809479,1.5719221891464075,888.2593022039467,881.9218341208468,1.571315,1.5713149999157245,264.95506451401883,881.9218341208469,1.521268962305148,122.76694064556526,1.5211736170274792,264.95506451401883,1.520795,1.5207950110290145,98.66673432528304,235.2717273171202,98.66673432533088,1.4207062038626548,329.89824359222786,329.89824107857635,1.4201592486216204,235.2717273171202,329.89824107857635,369.0505829936753,1.4200091234601038,1.411445,1.4114450080703733,8.564115389730453,233.40607165897663,1.361375,1.3613750357846017,51.18790235375779,163.6148346642624,51.18790235375337,1.260464166467775,190.0,190.0000183486528,1.4201592486216204,163.6148346642624,190.0000183486528,246.74688295490765,1.2602279213848702,1.251615,1.2516150084798363,8.612912905033854,161.86002750221735,1.200915,1.200915010708888,120.52305509169543,0.020592851167792296,0.0002524520377149264,81.57134065618489,2.012651920994923,0.9392593458678006
105,0.0,105.0,105.0,140.54719309395333,40.150851881580536,45.424310883332325,54.972030329040464,83.6,1.6722000000000001,123.35305282403327,3458.912412023612,60.0000000000016,60.0,7.97756550337091,7.513205555654405,599.9999587739113,599.9999587739168,1.6221923519814367,1219.506405728874,1219.5064057469947,1.622195,1.6221950000002576,267.818812590445,100.56309416820054,1.5719221891477309,888.2593022040276,881.9218341209728,1.571315,1.5713149999170564,264.9550645122935,881.9218341209728,1.521268962205071,122.76694064015265,1.521173616927397,264.9550645122935,1.520795,1.5207950109289292,98.66663280216763,235.2717874151419,98.66663280221738,1.4207062052806354,329.8980928799834,329.8980903687041,1.4201592499684068,235.2717874151419,329.8980903687041,369.0504445910027,1.420009124783878,1.411445,1.4114450080320713,8.564116751806683,233.40613081374997,1.361375,1.3613750357846905,51.18795153669885,163.61486804422984,51.187951536692474,1.2604641680279927,190.0,190.00001835140876,1.4201592499684068,163.61486804422984,190.00001835140876,246.74683721182532,1.2602279228623663,1.251615,1.2516150084789903,8.61291438337597,161.86006196584776,1.200915,1.2009150107258768,120.52298578837897,0.0205928485137091,0.00025245250640102096,81.57117870320269,2.012651920994923,0.9392593393238342
106,0.0,106.0,106.0,140.54719309304286,40.15085188132045,45.424310883038075,54.97203032868437,83.6,1.6722000000000001,123.35305282323448,3458.912412001199,60.00000000000155,60.0,7.977565503368211,7.513205554495029,599.9999587739113,599.9999587739168,1.6221923519814319,1219.506405728874,1219.5064057468144,1.622195,1.6221950000002527,267.8188125887357,100.56309416830473,1.5719221891490291,888.2593022041112,881.9218341210853,1.571315,1.5713149999183629,264.95506451060163,881.9218341210849,1.5212689621065594,122.7669406348324,1.5211736168288807,264.95506451060163,1.520795,1.5207950108304096,98.66653125270503,235.27184733669222,98.66653125275549,1.420706206691448,329.89794230875907,329.8979397998225,1.4201592513086903,235.27184733669222,329.8979397998225,369.0503063867592,1.4200091261012857,1.411445,1.4114450079944039,8.564118106881846,233.40618979047983,1.361375,1.36137503578451,51.18800072139915,163.61490142436188,51.18800072139254,1.2604641695878749,190.0,190.00001835408492,1.4201592513086903,163.61490142436188,190.00001835408494,246.74679145988324,1.2602279243395298,1.251615,1.2516150084780322,8.612915861497594,161.86009642992832,1.200915,1.2009150107428985,120.5229165050334,0.02059284586414168,0.00025245297534224476,81.57101668627367,2.012651920994923,0.9392593327594885
107,0.0,107.0,107.0,140.54719309215025,40.15085188106544,45.42431088274958,54.97203032833524,83.6,1.6722000000000001,123.35305282245132,3458.9124119792245,60.00000000000151,60.0,7.977565503365542,7.513205553347196,599.9999587739113,599.9999587739167,1.622192351981427,1219.506405728874,1219.506405746636,1.622195,1.6221950000002479,267.8188125870597,100.56309416840723,1.5719221891503021,888.2593022041917,881.9218341212032,1.571315,1.5713149999196439,264.95506450894374,881.9218341212027,1.5212689620095783,122.76694062962825,1.5211736167318948,264.95506450894374,1.520795,1.5207950107334205,98.66642967755057,235.271907084258,98.66642967760072,1.4207062080951893,329.8977918767953,329.8977893701722,1.4201592526425564,235.271907084258,329.8977893701722,369.05016837871904,1.4200091274124111,1.411445,1.4114450079573428,8.564119455068298,233.40624859165803,1.361375,1.3613750357840322,51.18804990758415,163.61493480433163,51.1880499075786,1.2604641711473672,190.0,190.00001835671065,1.4201592526425564,163.61493480433163,190.00001835671068,246.74674569883373,1.2602279258163065,1.251615,1.2516150084769377,8.612917339368753,161.86013089414726,1.200915,1.200915010759923,120.52284724160282,0.02059284321915146,0.00025245344451297615,81.57085461392064,2.012651920994923,0.9392593261746857
108,0.0,108.0,108.0,140.54719309127375,40.150851880815054,45.4243108824663,54.97203032799242,83.6,1.6722000000000001,123.35305282168228,3458.9124119576463,60.000000000001464,60.0,7.9775655033629045,7.513205552210808,599.9999587739113,599.9999587739167,1.6221923519814225,1219.506405728874,1219.5064057464592,1.622195,1.6221950000002432,267.8188125854141,100.56309416850739,1.571922189151552,888.2593022042697,881.921834121324,1.571315,1.5713149999209015,264.9550645073152,881.9218341213243,1.5212689619141075,122.76694062452351,1.5211736166364191,264.9550645073152,1.520795,1.520795010637942,98.666328077353,235.27196666033544,98.66632807740329,1.4207062094919751,329.89764158232055,329.89763907798186,1.4201592539701116,235.27196666033544,329.89763907798186,369.0500305646474,1.420009128717358,1.411445,1.411445007920879,8.564120796479058,233.40630721978556,1.361375,1.3613750357832604,51.188099094984985,163.61496818389767,51.18809909497971,1.2604641727064512,190.0,190.00001835928742,1.4201592539701116,163.61496818389767,190.00001835928742,246.7466999284073,1.260227927292679,1.251615,1.2516150084757116,8.612918816967463,161.8601653582763,1.200915,1.2009150107769488,120.52277799803132,0.020592840578789493,0.0002524539138882363,81.57069249441757,2.012651920994923,0.9392593195693529
109,0.0,109.0,109.0,140.5471930904147,40.15085188056965,45.424310882188664,54.97203032765643,83.6,1.6722000000000001,123.35305282092862,3458.912411936499,60.000000000001435,60.0,7.977565503360276,7.513205551085688,599.9999587739113,599.9999587739167,1.6221923519814179,1219.506405728874,1219.5064057462841,1.622195,1.6221950000002385,267.8188125838012,100.56309416860552,1.571922189152777,888.2593022043458,881.9218341214284,1.571315,1.5713149999221343,264.95506450571855,881.9218341214277,1.5212689618201096,122.76694061949942,1.5211736165424166,264.95506450571855,1.520795,1.5207950105439365,98.66622645274902,235.27202606729935,98.6662264527988,1.4207062108819077,329.8974914236678,329.89748892158576,1.420159255291448,235.27202606729935,329.89748892158576,369.049892942379,1.4200091300162168,1.411445,1.4114450078849963,8.564122131220486,233.40636567724493,1.361375,1.3613750357821939,51.188148283334066,163.6150015627746,51.18814828332779,1.2604641742650962,190.0,190.00001836182133,1.420159255291448,163.6150015627746,190.00001836182133,246.74665414837312,1.2602279287686171,1.251615,1.2516150084743496,8.612920294267523,161.86019982203678,1.200915,1.2009150107939548,120.52270877426213,0.020592837943097967,0.0002524543834436892,81.57053033579538,2.012651920994923,0.9392593129434714
110,0.0,110.0,110.0,140.54719308957013,40.150851880328375,45.4243108819157,54.97203032732609,83.6,1.6722000000000001,123.35305282018759,3458.912411915707,60.000000000001386,60.0,7.977565503357673,7.513205549971772,599.9999587739113,599.9999587739167,1.6221923519814134,1219.506405728874,1219.5064057461109,1.622195,1.6221950000002343,267.81881258221546,100.56309416870313,1.5719221891539814,888.2593022044208,881.9218341215495,1.571315,1.5713149999233462,264.9550645041505,881.9218341215494,1.521268961727571,122.7669406145907,1.521173616449873,264.9550645041505,1.520795,1.5207950104513903,98.66612480436794,235.2720853075654,98.66612480441864,1.4207062122651146,329.8973413991255,329.8973388992718,1.4201592566066834,235.2720853075654,329.8973388992718,369.04975550973126,1.420009131309103,1.411445,1.4114450078497014,8.564123459401607,233.40642396645728,1.361375,1.3613750357808811,51.18819747237596,163.6150349408457,51.18819747236845,1.260464175823332,190.0,190.00001836427583,1.4201592566066834,163.6150349408457,190.00001836427583,246.74660835846674,1.2602279302441508,1.251615,1.251615008472891,8.61292177125983,161.8602342853222,1.200915,1.2009150108109758,120.52263957023708,0.020592835312108742,0.0002524548531556219,81.57036814584272,2.012651920994923,0.9392593062969886
111,0.0,111.0,111.0,140.54719308874226,40.15085188009187,45.42431088164813,54.97203032700227,83.6,1.6722000000000001,123.35305281946123,3458.912411895326,60.000000000001386,60.0,7.977565503355133,7.513205548869003,599.9999587739113,599.9999587739165,1.622192351981409,1219.506405728874,1219.506405745939,1.622195,1.6221950000002296,267.8188125806611,100.56309416879697,1.571922189155162,888.2593022044967,881.921834121668,1.571315,1.5713149999245344,264.95506450261234,881.9218341216682,1.5212689616364523,122.76694060977394,1.5211736163587497,264.95506450261234,1.520795,1.5207950103602643,98.66602313282799,235.2721443834393,98.66602313287953,1.420706213641677,329.8971915070766,329.89718900942404,1.4201592579158893,235.2721443834393,329.89718900942404,369.04961826458145,1.4200091325960862,1.411445,1.4114450078149614,8.564124781124782,233.40648208973596,1.361375,1.3613750357792842,51.18824666185222,163.61506831777993,51.1882466618447,1.2604641773810954,190.0,190.00001836668898,1.4201592579158893,163.61506831777993,190.00001836668898,246.7465625585058,1.2602279317192187,1.251615,1.2516150084713045,8.612923247914184,161.8602687478138,1.200915,1.2009150108279767,120.52257038589872,0.02059283268584596,0.00025245532300097564,81.57020593210615,2.012651920994923,0.9392592996299407
112,0.0,112.0,112.0,140.54719308792878,40.15085187985948,45.424310881385225,54.972030326684106,83.6,1.6722000000000001,123.35305281874751,3458.9124118752993,60.00000000000134,60.0,7.977565503352585,7.513205547777143,599.9999587739113,599.9999587739165,1.6221923519814048,1219.506405728874,1219.5064057457694,1.622195,1.6221950000002254,267.81881257913375,100.56309416889079,1.571922189156322,888.2593022045728,881.9218341217728,1.571315,1.5713149999257017,264.95506450110094,881.9218341217737,1.5212689615467392,122.7669406050266,1.5211736162690321,264.95506450110094,1.520795,1.5207950102705436,98.66592143874155,235.27220329724543,98.66592143879157,1.420706215011721,329.89704174587973,329.8970392504018,1.420159259219182,235.27220329724543,329.8970392504018,369.0494812048006,1.420009133877281,1.411445,1.411445007780787,8.56412609649393,233.4065400494141,1.361375,1.3613750357774566,51.18829585151568,163.6151016934696,51.188295851508784,1.2604641789384177,190.0,190.0000183690201,1.420159259219182,163.6151016934696,190.0000183690201,246.74651674825688,1.2602279331938515,1.251615,1.2516150084696285,8.612924724223037,161.86030320940773,1.200915,1.2009150108449835,120.52250122118781,0.020592830064324545,0.00025245579295730806,81.57004370189647,2.012651920994923,0.9392592929423351
113,0.0,113.0,113.0,140.547193087132,40.15085187963186,45.42431088112771,54.97203032637246,83.6,1.6722000000000001,123.35305281804843,3458.9124118556833,60.00000000000132,60.0,7.977565503350074,7.513205546696171,599.9999587739113,599.9999587739165,1.6221923519814003,1219.506405728874,1219.5064057456013,1.622195,1.622195000000221,267.81881257763774,100.56309416898155,1.5719221891574582,888.2593022046443,881.9218341218789,1.571315,1.5713149999268452,264.9550644996198,881.921834121879,1.5212689614583905,122.7669406003785,1.521173616180679,264.9550644996198,1.520795,1.5207950101821879,98.66581972270819,235.27226205120812,98.6658197227583,1.4207062163753141,329.89689211398354,329.89688962065424,1.4201592605166211,235.27226205120812,329.89688962065424,369.04934432832215,1.4200091351527449,1.411445,1.411445007747137,8.564127405607858,233.40659784772467,1.361375,1.3613750357753351,51.18834504111227,163.61513506752328,51.188345041105435,1.2604641804952124,190.0,190.00001837132785,1.4201592605166211,163.61513506752328,190.00001837132785,246.74647092758417,1.2602279346679641,1.251615,1.2516150084678137,8.612926200150417,161.86033766972744,1.200915,1.2009150108619429,120.52243207604523,0.020592827447551493,0.00025245626300282316,81.56988146228406,2.012651920994923,0.9392592862342769
114,0.0,114.0,114.0,140.5471930863459,40.15085187940729,45.42431088087365,54.972030326065,83.6,1.6722000000000001,123.35305281735874,3458.9124118363343,60.00000000000123,60.0,7.9775655033475745,7.5132055456259605,599.9999587739113,599.9999587739164,1.6221923519813968,1219.506405728874,1219.506405745435,1.622195,1.6221950000002177,267.81881257616186,100.56309416907247,1.571922189158579,888.2593022047155,881.9218341219826,1.571315,1.5713149999279732,264.9550644981592,881.9218341219818,1.5212689613714088,122.76694059579287,1.521173616093693,264.9550644981592,1.520795,1.5207950100951992,98.66571798532348,235.27232064761864,98.66571798537511,1.4207062177325893,329.8967426097663,329.8967401185582,1.4201592618083292,235.27232064761864,329.8967401185582,369.04920763304153,1.4200091364225984,1.411445,1.4114450077140295,8.56412870856893,233.4066554869636,1.361375,1.3613750357729684,51.18839423039967,163.61516843981707,51.18839423039261,1.260464182051508,190.0,190.00001837357425,1.4201592618083292,163.61516843981707,190.00001837357428,246.74642509628177,1.2602279361415847,1.251615,1.2516150084658983,8.612927675686333,161.86037212865327,1.200915,1.2009150108788806,120.52236295041128,0.0205928248355258,0.00025245673311632635,81.56971922011323,2.012651920994923,0.9392592795058231
115,0.0,115.0,115.0,140.5471930855785,40.15085187918805,45.42431088062561,54.972030325764834,83.6,1.6722000000000001,123.35305281668543,3458.91241181744,60.000000000001265,60.0,7.977565503345116,7.513205544566389,599.9999587739113,599.9999587739163,1.6221923519813923,1219.506405728874,1219.50640574527,1.622195,1.622195000000213,267.818812574721,100.56309416915991,1.5719221891596733,888.2593022047841,881.9218341220878,1.571315,1.571314999929074,264.95506449673456,881.9218341220875,1.5212689612857313,122.7669405913261,1.521173616008011,264.95506449673456,1.520795,1.5207950100095142,98.66561622716827,235.27237908854173,98.66561622722064,1.420706219083617,329.8965932318058,329.8965907426958,1.4201592630943685,235.27237908854173,329.8965907426958,369.04907111699225,1.4200091376869024,1.411445,1.4114450076814358,8.56413000546663,233.40671296921371,1.361375,1.3613750357703645,51.188443419140306,163.61520181014816,51.188443419134245,1.2604641836072912,190.0,190.00001837575817,1.4201592630943685,163.61520181014816,190.00001837575817,246.74637925418835,1.2602279376147014,1.251615,1.2516150084638877,8.612929150813686,161.86040658598947,1.200915,1.2009150108957987,120.52229384422573,0.02059282222823846,0.0002524572032772391,81.56955698199742,2.012651920994923,0.9392592727570753
116,0.0,116.0,116.0,140.54719308482115,40.15085187897171,45.424310880380844,54.972030325468616,83.6,1.6722000000000001,123.35305281602093,3458.912411798796,60.0000000000012,60.0,7.9775655033426744,7.513205543517381,599.9999587739113,599.9999587739162,1.6221923519813888,1219.506405728874,1219.5064057451068,1.622195,1.6221950000002097,267.818812573299,100.56309416924626,1.5719221891607535,888.2593022048509,881.921834122193,1.571315,1.5713149999301612,264.95506449532644,881.921834122193,1.5212689612013754,122.76694058691321,1.5211736159236509,264.95506449532644,1.520795,1.5207950099251517,98.66551444882235,235.27243737625358,98.66551444887249,1.42070622042852,329.89644397848417,329.89644149144556,1.4201592643748528,235.27243737625358,329.89644149144556,369.0489347780827,1.4200091389457687,1.411445,1.4114450076493654,8.564131296403321,233.40677029675146,1.361375,1.361375035767532,51.18849260709854,163.61523517832634,51.18849260709281,1.2604641851625515,190.0,190.00001837787744,1.4201592643748528,163.61523517832634,190.00001837787747,246.7463334011532,1.2602279390873037,1.251615,1.2516150084617867,8.612930625516935,161.86044104155317,1.200915,1.2009150109126956,120.52222475742762,0.02059281962567343,0.0002524576734655925,81.56939475432515,2.012651920994923,0.9392592659881497
117,0.0,117.0,117.0,140.54719308407869,40.150851878759596,45.42431088014088,54.97203032517822,83.6,1.6722000000000001,123.35305281536952,3458.912411780518,60.00000000000118,60.0,7.977565503340255,7.513205542478792,599.9999587739113,599.9999587739161,1.6221923519813848,1219.506405728874,1219.5064057449454,1.622195,1.6221950000002057,267.81881257190497,100.56309416933041,1.5719221891618123,888.259302204917,881.9218341222883,1.571315,1.5713149999312266,264.9550644939469,881.9218341222877,1.521268961118293,122.76694058257965,1.5211736158405642,264.9550644939469,1.520795,1.5207950098420622,98.66541265085199,235.27249551281423,98.66541265090326,1.420706221767359,329.8962948483714,329.89629236338016,1.420159265649834,235.27249551281423,329.89629236338016,369.0487986143527,1.4200091401992476,1.411445,1.411445007617779,8.564132581468709,233.4068274716521,1.361375,1.361375035764423,51.1885417940367,163.61526854401654,51.18854179402924,1.2604641867172202,190.0,190.00001837997564,1.420159265649834,163.61526854401654,190.00001837997564,246.74628753707506,1.260227940559324,1.251615,1.2516150084595572,8.612932099766768,161.86047549502163,1.200915,1.2009150109295308,120.5221556899559,0.020592817027807783,0.00025245814366202683,81.5692325432607,2.012651920994923,0.9392592591992258
118,0.0,118.0,118.0,140.54719308334953,40.15085187855129,45.42431087990522,54.97203032489302,83.6,1.6722000000000001,123.35305281472975,3458.912411762568,60.00000000000117,60.0,7.977565503337853,7.513205541450528,599.9999587739113,599.9999587739162,1.6221923519813812,1219.506405728874,1219.5064057447855,1.622195,1.622195000000202,267.8188125705359,100.56309416941365,1.5719221891628519,888.2593022049824,881.9218341223835,1.571315,1.5713149999322729,264.9550644925921,881.9218341223843,1.5212689610364665,122.76694057832603,1.5211736157587337,264.9550644925921,1.520795,1.5207950097602292,98.66531083381594,235.27255350027414,98.66531083386694,1.4207062231002576,329.8961458400474,329.8961433570795,1.420159266919428,235.27255350027414,329.8961433570795,369.0486626238572,1.4200091414474527,1.411445,1.4114450075867007,8.564133860752055,233.4068844959757,1.361375,1.3613750357611305,51.18859097973376,163.61530190721456,51.18859097972718,1.2604641882713696,190.0,190.00001838197923,1.420159266919428,163.61530190721456,190.00001838197923,246.74624166178182,1.2602279420308342,1.251615,1.25161500845727,8.612933573564296,161.86050994638515,1.200915,1.2009150109463562,120.52208664174898,0.02059281443461151,0.0002524586138477575,81.56907035475442,2.012651920994923,0.9392592523904221
119,0.0,119.0,119.0,140.5471930826339,40.150851878346856,45.42431087967393,54.972030324613115,83.6,1.6722000000000001,123.35305281410187,3458.9124117449505,60.000000000001144,60.0,7.9775655033354935,7.51320554043253,599.9999587739113,599.9999587739161,1.6221923519813775,1219.506405728874,1219.5064057446273,1.622195,1.6221950000001983,267.81881256919223,100.5630941694952,1.5719221891638726,888.259302205045,881.921834122478,1.571315,1.5713149999333,264.955064491262,881.9218341224777,1.5212689609558714,122.76694057415088,1.5211736156781344,264.955064491262,1.520795,1.5207950096796274,98.66520899826632,235.27261134070477,98.66520899831703,1.4207062244272781,329.8959969520613,329.8959944710937,1.4201592681836885,235.27261134070477,329.8959944710937,369.048526804635,1.4200091426904362,1.411445,1.4114450075560914,8.564135134344841,233.4069413718054,1.361375,1.361375035757578,51.1886401639579,163.615335267541,51.18864016395066,1.2604641898249058,190.0,190.00001838395661,1.4201592681836885,163.615335267541,190.00001838395664,246.74619577520377,1.2602279435017423,1.251615,1.2516150084548652,8.612935046877102,161.86054439528087,1.200915,1.200915010963118,120.52201761274475,0.020592811846048508,0.0002524590840046037,81.56890819453734,2.012651920994923,0.939259245561962
120,0.0,120.0,120.0,140.5471930819281,40.15085187814523,45.42431087944583,54.97203032433706,83.6,1.6722000000000001,123.3530528134826,3458.9124117275765,60.000000000001066,60.0,7.977565503333129,7.513205539424634,599.9999587739113,599.9999587739161,1.6221923519813743,1219.506405728874,1219.5064057444704,1.622195,1.622195000000195,267.8188125678671,100.56309416957593,1.571922189164879,888.2593022051095,881.9218341225687,1.571315,1.5713149999343126,264.9550644899509,881.9218341225686,1.5212689608765042,122.76694057003141,1.521173615598763,264.9550644899509,1.520795,1.5207950096002536,98.66510714474826,235.2726690361616,98.66510714479952,1.4207062257485357,329.8958481829699,329.8958457039779,1.4201592694427216,235.2726690361616,329.8958457039779,369.0483911547424,1.420009143928303,1.411445,1.4114450075259657,8.564136402337219,233.40699810120358,1.361375,1.3613750357538188,51.18868934649191,163.6153686249167,51.18868934648458,1.2604641913778656,190.0,190.00001838586743,1.4201592694427216,163.6153686249167,190.00001838586743,246.74614987721054,1.260227944972084,1.251615,1.2516150084523843,8.612936519699632,161.8605788416305,1.200915,1.200915010979848,120.52194860288074,0.020592809262075854,0.00025245955411494297,81.56874606813295,2.012651920994923,0.9392592387140147
121,0.0,121.0,121.0,140.54719308123785,40.15085187794804,45.42431087922274,54.972030324067084,83.6,1.6722000000000001,123.353052812877,3458.9124117105844,60.00000000000108,60.0,7.977565503330829,7.513205538426806,599.9999587739113,599.999958773916,1.6221923519813706,1219.506405728874,1219.506405744315,1.622195,1.6221950000001915,267.8188125665711,100.56309416965524,1.5719221891658632,888.2593022051698,881.921834122663,1.571315,1.5713149999353033,264.9550644886682,881.9218341226631,1.521268960798314,122.76694056600849,1.5211736155205688,264.9550644886682,1.520795,1.5207950095220568,98.66500527379483,235.2727265885304,98.66500527384675,1.4207062270640929,329.89569953148794,329.8956970544499,1.4201592706965829,235.2727265885304,329.8956970544499,369.0482556723423,1.4200091451611068,1.411445,1.4114450074962974,8.564137664809346,233.40705468607308,1.361375,1.361375035749842,51.188738527116975,163.61540197911268,51.18873852711022,1.260464192930217,190.0,190.00001838772508,1.4201592706965829,163.61540197911268,190.00001838772508,246.74610396772317,1.2602279464418287,1.251615,1.2516150084498157,8.612937992013014,161.86061328520992,1.200915,1.2009150109965274,120.52187961209393,0.02059280668264546,0.00025246002416173623,81.56858398085578,2.012651920994923,0.9392592318468109
122,0.0,122.0,122.0,140.54719308055854,40.15085187775398,45.42431087900319,54.972030323801384,83.6,1.6722000000000001,123.35305281228098,3458.912411693859,60.00000000000109,60.0,7.977565503328523,7.513205537438868,599.9999587739113,599.9999587739159,1.6221923519813672,1219.506405728874,1219.5064057441616,1.622195,1.622195000000188,267.8188125652957,100.56309416973339,1.571922189166832,888.2593022052315,881.9218341227553,1.571315,1.571314999936278,264.9550644874067,881.9218341227559,1.5212689607213024,122.76694056205277,1.5211736154435533,264.9550644874067,1.520795,1.520795009445039,98.66490338593673,235.27278399983575,98.6649033859896,1.4207062283740501,329.8955509961895,329.8955485210831,1.4201592719453646,235.27278399983575,329.8955485210831,369.0481203555093,1.420009146388938,1.411445,1.4114450074670875,8.564138921850484,233.4071111284471,1.361375,1.3613750357456582,51.188787705620875,163.61543532997408,51.18878770561289,1.2604641944819568,190.0,190.00001838952502,1.4201592719453646,163.61543532997408,190.00001838952502,246.74605804665237,1.2602279479109737,1.251615,1.2516150084471682,8.61293946380548,161.86064772587133,1.200915,1.200915011013166,120.5218106403211,0.020592804107703196,0.00025246049412849396,81.5684219378187,2.012651920994923,0.9392592249605652
123,0.0,123.0,123.0,140.54719307988893,40.150851877562694,45.42431087878678,54.972030323539485,83.6,1.6722000000000001,123.35305281169346,3458.912411677378,60.000000000000995,60.0,7.977565503326233,7.513205536460771,599.9999587739113,599.9999587739159,1.6221923519813641,1219.506405728874,1219.5064057440093,1.622195,1.622195000000185,267.8188125640384,100.56309416980906,1.5719221891677868,888.2593022052915,881.9218341228416,1.571315,1.5713149999372389,264.9550644861614,881.9218341228419,1.5212689606454524,122.76694055814183,1.5211736153676996,264.9550644861614,1.520795,1.5207950093691827,98.66480148169437,235.2728412719978,98.66480148174453,1.4207062296784905,329.8954025757412,329.89540010254285,1.4201592731891421,235.2728412719978,329.89540010254285,369.04798520239694,1.4200091476118706,1.411445,1.411445007438326,8.564140173544565,233.40716743025408,1.361375,1.3613750357412548,51.188836881787616,163.61546867725403,51.18883688177945,1.2604641960330505,190.0,190.00001839128078,1.4201592731891421,163.61546867725403,190.00001839128078,246.7460121139467,1.2602279493794848,1.251615,1.2516150084444286,8.612940935056157,161.8606821633682,1.200915,1.2009150110297353,120.52174168749958,0.02059280153719041,0.0002524609639992924,81.56825994393385,2.012651920994923,0.9392592180555502
124,0.0,124.0,124.0,140.54719307923412,40.15085187737563,45.42431087857514,54.97203032328338,83.6,1.6722000000000001,123.35305281111894,3458.9124116612575,60.000000000001,60.0,7.977565503323992,7.513205535492426,599.9999587739113,599.999958773916,1.6221923519813608,1219.506405728874,1219.5064057438585,1.622195,1.6221950000001815,267.818812562809,100.56309416988354,1.5719221891687207,888.2593022053493,881.9218341229255,1.571315,1.5713149999381786,264.9550644849446,881.9218341229256,1.5212689605707201,122.76694055431821,1.5211736152929634,264.9550644849446,1.520795,1.5207950092944442,98.6646995615794,235.2728984068334,98.66469956163012,1.4207062309774827,329.8952542689011,329.8952517975907,1.4201592744279763,235.2728984068334,329.8952517975907,369.0478502112184,1.420009148829964,1.411445,1.4114450074099962,8.564141419967752,233.4072235933303,1.361375,1.3613750357366485,51.18888605541344,163.615502020818,51.18888605540671,1.260464197583505,190.0,190.00001839298278,1.4201592744279763,163.615502020818,190.00001839298278,246.74596616952908,1.2602279508473688,1.251615,1.2516150084416133,8.612942405755497,161.8607165975755,1.200915,1.200915011046255,120.52167275356463,0.02059279897104185,0.0002524614337587266,81.56809800391954,2.012651920994923,0.9392592111320089
125,0.0,125.0,125.0,140.5471930785877,40.15085187719096,45.424310878366214,54.97203032303053,83.6,1.6722000000000001,123.35305281055177,3458.9124116453436,60.00000000000095,60.0,7.977565503321753,7.513205534533708,599.9999587739113,599.9999587739159,1.622192351981358,1219.506405728874,1219.5064057437094,1.622195,1.6221950000001788,267.8188125615952,100.5630941699567,1.5719221891696422,888.2593022054069,881.9218341230123,1.571315,1.571314999939106,264.9550644837439,881.9218341230135,1.5212689604971141,122.76694055055323,1.5211736152193536,264.9550644837439,1.520795,1.520795009220832,98.66459762609986,235.27295540628194,98.66459762615258,1.4207062322711295,329.8951060743098,329.89510360486537,1.420159275661963,235.27295540628194,329.89510360486537,369.0477153801225,1.4200091500433119,1.411445,1.411445007382106,8.564142661205754,233.40727961962168,1.361375,1.3613750357318521,51.188935226293154,163.6155353605079,51.18893522628543,1.2604641991333116,190.0,190.0000183946236,1.420159275661963,163.6155353605079,190.0000183946236,246.74592021333902,1.2602279523146187,1.251615,1.251615008438727,8.612943875891732,161.86075102833325,1.200915,1.2009150110627203,120.52160383845221,0.020592796409188836,0.00025246190339193813,81.56793612230378,2.012651920994923,0.9392592041902127
126,0.0,126.0,126.0,140.5471930779552,40.150851877010275,45.4243108781618,54.97203032278315,83.6,1.6722000000000001,123.35305280999683,3458.912411629774,60.00000000000097,60.0,7.9775655033195525,7.513205533584521,599.9999587739113,599.9999587739158,1.6221923519813546,1219.506405728874,1219.506405743562,1.622195,1.6221950000001752,267.8188125604077,100.56309417002944,1.5719221891705442,888.2593022054639,881.921834123097,1.571315,1.5713149999400138,264.9550644825684,881.9218341230975,1.5212689604245884,122.7669405468638,1.5211736151468243,264.9550644825684,1.520795,1.5207950091483005,98.66449567575172,235.2730122720801,98.66449567580335,1.420706233559487,329.89495799078355,329.8949555231844,1.4201592768911502,235.2730122720801,329.8949555231844,369.0475807073796,1.4200091512519617,1.411445,1.4114450073546303,8.5641438973314,233.40733551088036,1.361375,1.3613750357268568,51.188984394226786,163.61556869612386,51.18898439421983,1.2604642006824494,190.0,190.0000183962155,1.4201592768911502,163.61556869612386,190.0000183962155,246.74587424534934,1.260227953781213,1.251615,1.2516150084357647,8.61294534544843,161.86078545544854,1.200915,1.2009150110791251,120.52153494209885,0.020592793851557694,0.0002524623728845913,81.56777430342589,2.012651920994923,0.9392591972304521
127,0.0,127.0,127.0,140.54719307733035,40.15085187683177,45.424310877959854,54.97203032253876,83.6,1.6722000000000001,123.35305280944857,3458.9124116143917,60.0000000000009,60.0,7.977565503317342,7.513205532644764,599.9999587739113,599.9999587739158,1.622192351981352,1219.506405728874,1219.5064057434156,1.622195,1.6221950000001726,267.8188125592345,100.56309417010102,1.5719221891714354,888.2593022055189,881.9218341231834,1.571315,1.5713149999409104,264.9550644814083,881.9218341231834,1.5212689603531546,122.76694054322711,1.5211736150753867,264.9550644814083,1.520795,1.5207950090768605,98.66439371102936,235.2730690061204,98.6643937110818,1.420706234842662,329.8948100169935,329.8948075512186,1.4201592781156378,235.2730690061204,329.8948075512186,369.0474461911705,1.420009152456011,1.411445,1.4114450073275835,8.564145128427514,233.40739126900823,1.361375,1.3613750357216918,51.1890335590175,163.61560202755987,51.18903355900963,1.26046420223093,190.0,190.00001839773654,1.4201592781156378,163.61560202755987,190.00001839773654,246.7458282655033,1.2602279552471642,1.251615,1.2516150084327453,8.612946814418931,161.86081987881366,1.200915,1.2009150110954796,120.52146606443874,0.020592791298069797,0.00025246284222285435,81.56761255144272,2.012651920994923,0.9392591902530123
128,0.0,128.0,128.0,140.54719307671897,40.150851876657114,45.42431087776226,54.97203032229963,83.6,1.6722000000000001,123.35305280891217,3458.9124115993413,60.000000000000924,60.0,7.977565503315184,7.5132055317143775,599.9999587739113,599.9999587739158,1.6221923519813486,1219.506405728874,1219.506405743271,1.622195,1.6221950000001695,267.81881255808656,100.56309417016973,1.5719221891723072,888.2593022055755,881.9218341232616,1.571315,1.5713149999417877,264.95506448027083,881.921834123262,1.5212689602827638,122.76694053965393,1.5211736150049926,264.95506448027083,1.520795,1.5207950090064641,98.66429173241471,235.27312561009447,98.66429173246748,1.4207062361206906,329.894662151794,329.8946596878235,1.4201592793354547,235.27312561009447,329.8946596878235,369.0473118298096,1.420009153655488,1.411445,1.4114450073009228,8.56414635456515,233.40744689571346,1.361375,1.3613750357162977,51.18908272046542,163.61563535449892,51.18908272045696,1.2604642037786815,190.0,190.00001839924107,1.4201592793354547,163.61563535449892,190.0000183992411,246.74578227380994,1.2602279567124008,1.251615,1.251615008429624,8.612948282776811,161.8608542981234,1.200915,1.2009150111117406,120.52139720540742,0.020592788748643995,0.00025246331139341385,81.56745087033352,2.012651920994923,0.9392591832582392
129,0.0,129.0,129.0,140.5471930761161,40.150851876484886,45.4243108775674,54.972030322063816,83.6,1.6722000000000001,123.35305280838317,3458.912411584498,60.00000000000092,60.0,7.9775655033130475,7.513205530793268,599.9999587739113,599.9999587739156,1.622192351981346,1219.506405728874,1219.5064057431277,1.622195,1.6221950000001666,267.8188125569545,100.56309417023881,1.571922189173167,888.2593022056326,881.9218341233429,1.571315,1.5713149999426528,264.95506447915227,881.9218341233432,1.5212689602134237,122.76694053614511,1.521173614935649,264.95506447915227,1.520795,1.5207950089371183,98.66418974038761,235.27318208580206,98.66418974044115,1.4207062373936905,329.8945143939277,329.89451193174204,1.4201592805507117,235.27318208580206,329.89451193174204,369.04717762153814,1.4200091548505014,1.411445,1.411445007274679,8.564147575822467,233.407502392806,1.361375,1.3613750357107532,51.18913187838369,163.61566867694867,51.18913187837457,1.2604642053257673,190.0,190.00001840066537,1.4201592805507117,163.61566867694867,190.00001840066537,246.74573627020786,1.2602279581769864,1.251615,1.251615008426461,8.6129497505254,161.86088871337788,1.200915,1.2009150111279554,120.52132836493982,0.02059278620319364,0.00025246378038343184,81.56728926390211,2.012651920994923,0.9392591762464108
130,0.0,130.0,130.0,140.54719307552364,40.150851876315635,45.42431087737592,54.972030321832094,83.6,1.6722000000000001,123.35305280786335,3458.912411569916,60.000000000000874,60.0,7.97756550331092,7.513205529881312,599.9999587739113,599.9999587739156,1.6221923519813433,1219.506405728874,1219.5064057429859,1.622195,1.622195000000164,267.81881255584216,100.56309417030663,1.5719221891740116,888.259302205685,881.9218341234279,1.571315,1.571314999943503,264.9550644780508,881.921834123428,1.5212689601451037,122.76694053269517,1.5211736148673254,264.9550644780508,1.520795,1.5207950088687925,98.66408773541731,235.27323843491683,98.66408773547204,1.4207062386617118,329.89436674225396,329.8943642818323,1.4201592817614521,235.27323843491683,329.8943642818323,369.04704356469585,1.4200091560410937,1.411445,1.4114450072488243,8.56414879226941,233.40755776197173,1.361375,1.3613750357050278,51.18918103258361,163.61570199468454,51.18918103257609,1.2604642068721439,190.0,190.00001840203998,1.4201592817614521,163.61570199468454,190.00001840204,246.74569025470174,1.260227959640878,1.251615,1.2516150084232307,8.61295121764738,161.8609231243603,1.200915,1.2009150111441032,120.52125954297034,0.020592783661629283,0.0002524642491805591,81.56712773578327,2.012651920994923,0.9392591692178694
131,0.0,131.0,131.0,140.54719307494108,40.15085187614922,45.42431087718765,54.972030321604244,83.6,1.6722000000000001,123.35305280735223,3458.912411555574,60.00000000000086,60.0,7.977565503308809,7.513205528978404,599.9999587739113,599.9999587739156,1.6221923519813404,1219.506405728874,1219.5064057428456,1.622195,1.622195000000161,267.8188125547484,100.56309417037247,1.5719221891748425,888.2593022057382,881.9218341235111,1.571315,1.571314999944339,264.95506447696874,881.9218341235111,1.5212689600777916,122.76694052930648,1.52117361480001,264.95506447696874,1.520795,1.5207950088014748,98.66398571796917,235.27329465916534,98.66398571802212,1.4207062399248294,329.8942191955696,329.8942167368934,1.420159282967744,235.27329465916534,329.8942167368934,369.04690965757413,1.4200091572273308,1.411445,1.4114450072233506,8.564150003980142,233.40761300495242,1.361375,1.3613750356991094,51.18923018287593,163.6157353075084,51.18923018286705,1.2604642084177857,190.0,190.00001840337714,1.420159282967744,163.6157353075084,190.00001840337714,246.7456442272992,1.2602279611040506,1.251615,1.2516150084199236,8.612952684126984,161.8609575308752,1.200915,1.2009150111601683,120.52119073943395,0.020592781123858366,0.00025246471777293,81.56696628944317,2.012651920994923,0.9392591621729646
132,0.0,132.0,132.0,140.5471930743687,40.150851875985694,45.424310877002654,54.972030321380366,83.6,1.6722000000000001,123.35305280685004,3458.912411541484,60.00000000000081,60.0,7.977565503306725,7.513205528084504,599.9999587739113,599.9999587739156,1.6221923519813377,1219.506405728874,1219.5064057427062,1.622195,1.6221950000001584,267.8188125536737,100.56309417043796,1.5719221891756585,888.2593022057885,881.9218341235824,1.571315,1.5713149999451603,264.9550644759036,881.9218341235824,1.5212689600114668,122.76694052595843,1.5211736147336818,264.9550644759036,1.520795,1.5207950087351445,98.6638836885002,235.2733507601724,98.6638836885541,1.4207062411831237,329.89407175277347,329.894069295824,1.4201592841696609,235.2733507601724,329.894069295824,369.0467758985521,1.4200091584092855,1.411445,1.411445007198262,8.564151211023496,233.4076681233856,1.361375,1.3613750356930372,51.18927932908082,163.61576861534343,51.189279329072235,1.2604642099627166,190.0,190.00001840464725,1.4201592841696609,163.61576861534343,190.00001840464725,246.74559818797943,1.260227962566528,1.251615,1.251615008416568,8.612954149959995,161.8609919328421,1.200915,1.2009150111761686,120.52112195426429,0.020592778589784394,0.0002524651861491259,81.56680492818788,2.012651920994923,0.9392591551120304
133,0.0,133.0,133.0,140.5471930738049,40.15085187582463,45.424310876820435,54.97203032115985,83.6,1.6722000000000001,123.35305280635535,3458.9124115276045,60.0000000000008,60.0,7.977565503304673,7.513205527199517,599.9999587739113,599.9999587739156,1.622192351981335,1219.506405728874,1219.5064057425686,1.622195,1.622195000000156,267.8188125526151,100.56309417050187,1.5719221891764628,888.2593022058387,881.921834123654,1.571315,1.5713149999459695,264.95506447485593,881.9218341236538,1.52126895994612,122.766940522666,1.5211736146683315,264.95506447485593,1.520795,1.5207950086697921,98.66378164746178,235.27340673960578,98.66378164751528,1.4207062424366632,329.8939244127106,329.8939219574686,1.4201592853672647,235.27340673960578,329.8939219574686,369.0466422859725,1.4200091595870181,1.411445,1.4114450071735485,8.564152413469639,233.40772311895043,1.361375,1.361375035686805,51.18932847101958,163.61580191803534,51.189328471011144,1.2604642115069216,190.0,190.00001840586023,1.4201592853672647,163.61580191803534,190.00001840586023,246.74555213675353,1.2602279640282958,1.251615,1.2516150084131594,8.61295561513642,161.86102633011245,1.200915,1.2009150111921059,120.52105318739564,0.020592776059308163,0.0002524656542981862,81.56664365516473,2.012651920994923,0.939259148035412
134,0.0,134.0,134.0,140.54719307325243,40.15085187566681,45.42431087664188,54.97203032094376,83.6,1.6722000000000001,123.35305280587062,3458.9124115140025,60.00000000000084,60.0,7.977565503302636,7.513205526323301,599.9999587739113,599.9999587739154,1.6221923519813322,1219.506405728874,1219.5064057424324,1.622195,1.6221950000001528,267.8188125515778,100.56309417056448,1.5719221891772504,888.2593022058878,881.9218341237208,1.571315,1.5713149999467622,264.9550644738297,881.9218341237208,1.521268959881721,122.76694051943736,1.5211736146039292,264.9550644738297,1.520795,1.5207950086053879,98.66367959529757,235.27346259903484,98.6636795953509,1.4207062436855078,329.8937771743122,329.8937747207605,1.4201592865606094,235.27346259903484,329.8937747207605,369.04650881825194,1.4200091607605816,1.411445,1.4114450071491964,8.564153611385183,233.40777799323362,1.361375,1.361375035680411,51.18937760851522,163.6158352154263,51.189377608506454,1.2604642130503836,190.0,190.00001840702058,1.4201592865606094,163.6158352154263,190.00001840702058,246.74550607364148,1.2602279654893374,1.251615,1.2516150084096933,8.612957079644046,161.86106072252753,1.200915,1.2009150112079683,120.52098443876251,0.020592773532328527,0.00025246612220960107,81.56648247336767,2.012651920994923,0.9392591409434787
135,0.0,135.0,135.0,140.54719307270793,40.150851875511265,45.4243108764659,54.972030320730795,83.6,1.6722000000000001,123.35305280539286,3458.9124115006002,60.000000000000796,60.0,7.977565503300614,7.513205525455821,599.9999587739113,599.9999587739155,1.6221923519813297,1219.506405728874,1219.5064057422976,1.622195,1.6221950000001506,267.81881255055544,100.56309417062685,1.571922189178027,888.2593022059366,881.9218341237951,1.571315,1.5713149999475438,264.9550644728188,881.9218341237937,1.521268959818267,122.76694051626693,1.5211736145404717,264.9550644728188,1.520795,1.5207950085419284,98.66357753244624,235.2735183400816,98.66357753249883,1.4207062449297234,329.89363003646025,329.89362758457935,1.420159287749754,235.2735183400816,329.89362758457935,369.04637549378054,1.4200091619300335,1.411445,1.4114450071251947,8.564154804838742,233.4078327478655,1.361375,1.3613750356738314,51.1894267413925,163.61586850731388,51.18942674138549,1.2604642145930698,190.0,190.00001840815142,1.420159287749754,163.61586850731388,190.00001840815142,246.74545999868124,1.2602279669496204,1.251615,1.2516150084061524,8.612958543467997,161.86109510989127,1.200915,1.2009150112237377,120.5209157082979,0.020592771008741077,0.0002524665898732929,81.56632138563802,2.012651920994923,0.9392591338366117
136,0.0,136.0,136.0,140.54719307217255,40.15085187535831,45.42431087629287,54.97203032052139,83.6,1.6722000000000001,123.35305280492312,3458.91241148742,60.000000000000796,60.0,7.977565503298614,7.513205524596968,599.9999587739113,599.9999587739154,1.622192351981327,1219.506405728874,1219.5064057421641,1.622195,1.6221950000001477,267.8188125495502,100.56309417068763,1.5719221891787902,888.2593022059835,881.9218341238641,1.571315,1.571314999948312,264.955064471823,881.921834123864,1.5212689597557392,122.76694051313804,1.521173614477941,264.955064471823,1.520795,1.5207950084793957,98.66347545933998,235.27357396429034,98.66347545939445,1.420706246169394,329.89348299809916,329.8934805478726,1.4201592889347763,235.27357396429034,329.8934805478726,369.04624231099405,1.42000916309545,1.411445,1.4114450071015556,8.564155993894484,233.40788738440762,1.361375,1.36137503566711,51.18947586947797,163.61590179361716,51.189475869467884,1.260464216135006,190.0,190.00001840921658,1.4201592889347763,163.61590179361716,190.00001840921658,246.7454139118799,1.2602279684091704,1.251615,1.251615008402568,8.6129600066025,161.8611294921125,1.200915,1.200915011239428,120.52084699593557,0.020592768488438804,0.00025246705727959804,81.56616039467306,2.012651920994923,0.9392591267151846
137,0.0,137.0,137.0,140.54719307164498,40.1508518752076,45.42431087612236,54.97203032031504,83.6,1.6722000000000001,123.35305280446019,3458.912411474433,60.00000000000077,60.0,7.977565503296626,7.5132055237466515,599.9999587739113,599.9999587739153,1.6221923519813248,1219.506405728874,1219.506405742032,1.622195,1.6221950000001455,267.8188125485596,100.56309417074743,1.5719221891795425,888.2593022060319,881.9218341239347,1.571315,1.571314999949069,264.9550644708431,881.921834123934,1.5212689596941256,122.766940510065,1.5211736144163241,264.9550644708431,1.520795,1.5207950084177766,98.66337337640473,235.27362947321436,98.66337337645899,1.4207062474045733,329.89333605816216,329.8933336095712,1.420159290115724,235.27362947321436,329.8933336095712,369.0461092683335,1.4200091642568782,1.411445,1.4114450070782596,8.564157178618581,233.40794190442358,1.361375,1.3613750356602294,51.18952499260582,163.61593507418863,51.18952499259631,1.2604642176761733,190.0,190.000018410237,1.420159290115724,163.61593507418863,190.00001841023703,246.74536781326822,1.26022796986797,1.251615,1.2516150083989306,8.612961469039337,161.8611638690563,1.200915,1.2009150112550473,120.52077830160927,0.020592765971312904,0.0002524675244192654,81.56599950302954,2.012651920994923,0.9392591195795569
138,0.0,138.0,138.0,140.54719307112575,40.15085187505926,45.42431087595454,54.972030320111955,83.6,1.6722000000000001,123.35305280400462,3458.912411461651,60.00000000000072,60.0,7.97756550329466,7.513205522904814,599.9999587739113,599.9999587739153,1.6221923519813226,1219.506405728874,1219.5064057419008,1.622195,1.6221950000001435,267.8188125475847,100.5630941708059,1.571922189180283,888.2593022060772,881.9218341240107,1.571315,1.5713149999498142,264.9550644698785,881.9218341240114,1.521268959633411,122.76694050704717,1.5211736143556065,264.9550644698785,1.520795,1.5207950083570572,98.66327128406095,235.27368486836053,98.66327128411525,1.4207062486353392,329.89318921562113,329.89318676864906,1.4201592912926693,235.27368486836053,329.89318676864906,369.0459763642712,1.4200091654143885,1.411445,1.411445007055315,8.564158359073426,233.4079963094358,1.361375,1.3613750356532237,51.18957411061062,163.61596834895053,51.18957411060117,1.2604642192165867,190.0,190.0000184111858,1.4201592912926693,163.61596834895053,190.0000184111858,246.74532170287708,1.260227971326033,1.251615,1.2516150083952593,8.612962930773627,161.86119824063414,1.200915,1.2009150112705969,120.52070962525232,0.02059276345725265,0.0002524679912834512,81.56583871312509,2.012651920994923,0.9392591124301144
139,0.0,139.0,139.0,140.54719307061657,40.150851874913805,45.424310875789985,54.972030319912804,83.6,1.6722000000000001,123.35305280355787,3458.9124114491165,60.00000000000071,60.0,7.9775655032927215,7.513205522071347,599.9999587739113,599.9999587739152,1.6221923519813202,1219.506405728874,1219.5064057417712,1.622195,1.6221950000001408,267.8188125466287,100.56309417086469,1.5719221891810091,888.2593022061228,881.9218341240777,1.571315,1.5713149999505447,264.9550644689315,881.9218341240776,1.5212689595735722,122.76694050407295,1.521173614295765,264.9550644689315,1.520795,1.5207950082972135,98.66316918272204,235.27374015121055,98.66316918277595,1.4207062498617338,329.8930424694651,329.8930400240954,1.4201592924656476,235.27374015121055,329.8930400240954,369.04584359729733,1.4200091665680155,1.411445,1.4114450070326943,8.564159535321192,233.40805060094004,1.361375,1.3613750356460501,51.18962322332653,163.6160016176752,51.1896232233182,1.2604642207561971,190.0,190.0000184121022,1.4201592924656476,163.6160016176752,190.0000184121022,246.74527558077187,1.2602279727833117,1.251615,1.2516150083915236,8.612964391788047,161.86123260662737,1.200915,1.2009150112860525,120.52064096679796,0.020592760946145452,0.00025246845786370804,81.56567802724172,2.012651920994923,0.9392591052672642
140,0.0,140.0,140.0,140.5471930701151,40.15085187477055,45.42431087562791,54.97203031971666,83.6,1.6722000000000001,123.35305280311788,3458.9124114367714,60.00000000000071,60.0,7.977565503290795,7.513205521246162,599.9999587739113,599.9999587739152,1.6221923519813177,1219.506405728874,1219.506405741643,1.622195,1.6221950000001386,267.8188125456871,100.56309417092153,1.5719221891817243,888.2593022061669,881.9218341241368,1.571315,1.5713149999512643,264.95506446799965,881.9218341241369,1.5212689595146027,122.76694050113977,1.5211736142367922,264.95506446799965,1.520795,1.5207950082382389,98.6630670727961,235.27379532324233,98.66306707285068,1.4207062510838318,329.89289581868513,329.89289337490084,1.4201592936347285,235.27379532324233,329.89289337490084,369.04571096592053,1.420009167717827,1.411445,1.4114450070104034,8.564160707423607,233.40810478042658,1.361375,1.361375035638735,51.18967233059417,163.61603488028598,51.189672330585594,1.26046422229502,190.0,190.0000184129662,1.4201592936347285,163.61603488028598,190.0000184129662,246.74522944698572,1.260227974239822,1.251615,1.2516150083877426,8.612965852079268,161.8612669669561,1.200915,1.200915011301428,120.5205723261799,0.02059275843787697,0.00025246892415196496,81.56551744753294,2.012651920994923,0.9392590980913872
141,0.0,141.0,141.0,140.54719306962113,40.15085187462944,45.42431087546826,54.972030319523455,83.6,1.6722000000000001,123.35305280268446,3458.9124114246115,60.00000000000069,60.0,7.977565503288896,7.513205520429209,599.9999587739113,599.9999587739151,1.6221923519813155,1219.506405728874,1219.506405741516,1.622195,1.6221950000001364,267.8188125447596,100.56309417097731,1.5719221891824287,888.2593022062113,881.9218341242065,1.571315,1.5713149999519733,264.95506446708254,881.9218341242066,1.5212689594564897,122.76694049826617,1.521173614178676,264.95506446708254,1.520795,1.520795008180121,98.66296495468599,235.2738503858974,98.66296495474127,1.420706252301704,329.8927492622937,329.8927468200787,1.4201592947999766,235.2738503858974,329.8927468200787,369.04557846866635,1.4200091688638872,1.411445,1.4114450069884463,8.564161875440846,233.4081588493504,1.361375,1.3613750356313044,51.189721432256796,163.61606813670258,51.189721432247566,1.2604642238330679,190.0,190.00001841375868,1.4201592947999766,163.61606813670258,190.00001841375868,246.74518330156226,1.2602279756955757,1.251615,1.2516150083839332,8.612967311642405,161.86130132153383,1.200915,1.200915011316729,120.52050370333059,0.02059275593233109,0.00025246939014052444,81.56535697602456,2.012651920994923,0.9392590909028766
142,0.0,142.0,142.0,140.54719306913648,40.15085187449099,45.424310875311626,54.972030319333896,83.6,1.6722000000000001,123.35305280225923,3458.9124114126816,60.00000000000069,60.0,7.977565503287015,7.51320551962037,599.9999587739113,599.9999587739151,1.6221923519813133,1219.506405728874,1219.5064057413902,1.622195,1.6221950000001342,267.8188125438496,100.56309417103223,1.5719221891831199,888.2593022062555,881.9218341242761,1.571315,1.5713149999526688,264.95506446618157,881.9218341242766,1.521268959399209,122.76694049544516,1.5211736141213925,264.95506446618157,1.520795,1.5207950081228354,98.66286282878646,235.2739053405839,98.66286282883975,1.4207062535153847,329.89260279933944,329.89260035867704,1.4201592959614207,235.2739053405839,329.89260035867704,369.04544610408885,1.4200091700062232,1.411445,1.4114450069667923,8.564163039430861,233.4082128091336,1.361375,1.361375035623709,51.18977052815677,163.6161013866993,51.18977052814738,1.2604642253702887,190.0,190.00001841452578,1.4201592959614207,163.6161013866993,190.00001841452578,246.74513714458453,1.260227977150522,1.251615,1.2516150083800603,8.612968770461693,161.86133567014664,1.200915,1.2009150113319342,120.52043509818343,0.02059275342939152,0.00025246985582206015,81.56519661462167,2.012651920994923,0.939259083702144
143,0.0,143.0,143.0,140.5471930686586,40.150851874354466,45.424310875157175,54.97203031914699,83.6,1.6722000000000001,123.35305280183992,3458.9124114009173,60.000000000000654,60.0,7.977565503285144,7.513205518819581,599.9999587739113,599.9999587739151,1.6221923519813113,1219.506405728874,1219.5064057412656,1.622195,1.622195000000132,267.81881254295234,100.56309417108669,1.5719221891838013,888.2593022062972,881.9218341243353,1.571315,1.5713149999533544,264.95506446529265,881.9218341243351,1.5212689593427613,122.76694049265122,1.521173614064942,264.95506446529265,1.520795,1.520795008066383,98.66276069549053,235.27396018873156,98.6627606955462,1.420706254724961,329.89245642883975,329.89245398971485,1.4201592971191421,235.27396018873156,329.89245398971485,369.04531387073695,1.4200091711449154,1.411445,1.4114450069454618,8.564164199453606,233.40826666121993,1.361375,1.361375035615999,51.18981961814138,163.61613463024366,51.18981961813195,1.260464226906716,190.0,190.0000184152263,1.4201592971191421,163.61613463024366,190.0000184152263,246.7450909760934,1.2602279786046946,1.251615,1.2516150083761581,8.612970228536465,161.86137001274912,1.200915,1.200915011347059,120.52036651067135,0.020592750928939266,0.00025247032118959334,81.56503636510637,2.012651920994923,0.9392590764895845
144,0.0,144.0,144.0,140.5471930681874,40.15085187421985,45.42431087500488,54.97203031896267,83.6,1.6722000000000001,123.35305280142647,3458.9124113893185,60.00000000000063,60.0,7.977565503283294,7.513205518026757,599.9999587739113,599.9999587739151,1.622192351981309,1219.506405728874,1219.5064057411423,1.622195,1.6221950000001297,267.8188125420676,100.56309417113978,1.571922189184473,888.259302206339,881.9218341243982,1.571315,1.5713149999540306,264.9550644644177,881.9218341243976,1.5212689592871302,122.76694048990431,1.5211736140093077,264.9550644644177,1.520795,1.5207950080107473,98.66265855518326,235.27401493172312,98.66265855523902,1.4207062559304797,329.8923101498556,329.8923077122516,1.4201592982731823,235.27401493172312,329.8923077122516,369.04518176719415,1.4200091722800043,1.411445,1.411445006924438,8.564165355566367,233.40832040700352,1.361375,1.3613750356081584,51.18986870206131,163.61616786719603,51.18986870205145,1.2604642284423317,190.0,190.000018415878,1.4201592982731823,163.61616786719603,190.000018415878,246.74504479615445,1.2602279800580753,1.251615,1.251615008372217,8.612971685858284,161.861404349209,1.200915,1.2009150113621054,120.52029794072773,0.020592748430855522,0.00025247078623649163,81.56487622914959,2.012651920994923,0.9392590692655928
145,0.0,145.0,145.0,140.54719306772566,40.15085187408795,45.42431087485565,54.97203031878208,83.6,1.6722000000000001,123.35305280102135,3458.912411377951,60.000000000000654,60.0,7.977565503281468,7.513205517241825,599.9999587739113,599.9999587739151,1.6221923519813068,1219.506405728874,1219.50640574102,1.622195,1.6221950000001275,267.8188125412006,100.56309417119178,1.5719221891851316,888.2593022063817,881.9218341244583,1.571315,1.5713149999546934,264.95506446356,881.921834124459,1.5212689592322923,122.76694048721095,1.5211736139544672,264.95506446356,1.520795,1.5207950079559047,98.66255640824426,235.27406957089295,98.66255640829925,1.4207062571319906,329.89216396148066,329.8921615253834,1.4201592994235859,235.27406957089295,329.8921615253834,369.0450497920708,1.420009173411533,1.411445,1.411445006903709,8.56416650782399,233.40837404783605,1.361375,1.3613750356001775,51.189917779765295,163.61620109740196,51.189917779756236,1.2604642299771123,190.0,190.00001841648978,1.4201592994235859,163.61620109740196,190.00001841648978,246.74499860485486,1.2602279815106412,1.251615,1.2516150083682251,8.612973142416047,161.86143867936846,1.200915,1.2009150113770504,120.52022938828537,0.02059274593501987,0.0002524712509564616,81.5647162083063,2.012651920994923,0.9392590620305991
146,0.0,146.0,146.0,140.54719306727094,40.15085187395804,45.42431087470869,54.972030318604226,83.6,1.6722000000000001,123.35305280062234,3458.9124113667567,60.00000000000061,60.0,7.977565503279654,7.513205516464706,599.9999587739113,599.9999587739151,1.6221923519813048,1219.506405728874,1219.5064057408993,1.622195,1.6221950000001255,267.8188125403468,100.5630941712444,1.57192218918578,888.2593022064212,881.9218341245265,1.571315,1.5713149999553457,264.95506446271554,881.9218341245273,1.5212689591782418,122.76694048457082,1.521173613900414,264.95506446271554,1.520795,1.5207950079018497,98.66245425504793,235.27412410758242,98.66245425510313,1.4207062583295613,329.89201786280535,329.8920154281991,1.4201593005704147,235.27412410758242,329.8920154281991,369.0449179439903,1.4200091745395627,1.411445,1.411445006883281,8.564167656281763,233.40842758506946,1.361375,1.361375035592085,51.18996685111024,163.6162343208074,51.18996685110052,1.26046423151108,190.0,190.0000184170416,1.4201593005704147,163.6162343208074,190.0000184170416,246.74495240224837,1.2602279829624143,1.251615,1.251615008364206,8.612974598208423,161.86147300317063,1.200915,1.2009150113919165,120.52016085327708,0.020592743441311595,0.0002524717153435294,81.56455630402705,2.012651920994923,0.9392590547849906
147,0.0,147.0,147.0,140.54719306682344,40.1508518738302,45.42431087456405,54.9720303184292,83.6,1.6722000000000001,123.3530528002297,3458.9124113557396,60.00000000000063,60.0,7.977565503277856,7.513205515695303,599.9999587739113,599.999958773915,1.6221923519813026,1219.506405728874,1219.5064057407797,1.622195,1.6221950000001235,267.8188125395066,100.56309417129425,1.5719221891864181,888.25930220646,881.9218341245845,1.571315,1.5713149999559881,264.95506446188347,881.9218341245843,1.5212689591249686,122.76694048195705,1.521173613847138,264.95506446188347,1.520795,1.5207950078485721,98.66235209596408,235.2741785431318,98.66235209602067,1.420706259523244,329.8918718529168,329.8918694197872,1.420159301713716,235.2741785431318,329.8918694197872,369.0447862215746,1.4200091756641389,1.411445,1.4114450068631434,8.56416880099542,233.40848102005896,1.361375,1.3613750355838652,51.190015915950454,163.61626753726304,51.19001591594117,1.2604642330442113,190.0,190.00001841754894,1.420159301713716,163.61626753726304,190.00001841754894,246.7449061884255,1.260227984413372,1.251615,1.2516150083601465,8.612976053225418,161.8615073204669,1.200915,1.2009150114066909,120.52009233563584,0.020592740949608942,0.0002524721793920433,81.56439651765419,2.012651920994923,0.939259047529187
148,0.0,148.0,148.0,140.54719306638083,40.15085187370376,45.42431087442101,54.97203031825608,83.6,1.6722000000000001,123.35305279984134,3458.9124113448456,60.000000000000576,60.0,7.977565503276083,7.5132055149335875,599.9999587739113,599.999958773915,1.622192351981301,1219.506405728874,1219.506405740661,1.622195,1.622195000000122,267.8188125386755,100.56309417134484,1.5719221891870494,888.2593022064985,881.921834124645,1.571315,1.5713149999566232,264.95506446106015,881.9218341246448,1.5212689590724686,122.76694047937642,1.5211736137946352,264.95506446106015,1.520795,1.5207950077960675,98.6622499313581,235.27423287886245,98.66224993141373,1.4207062607131018,329.8917259309118,329.89172349924274,1.4201593028535473,235.27423287886245,329.89172349924274,369.0446546234667,1.420009176785319,1.411445,1.4114450068432995,8.564169942019362,233.40853435413544,1.361375,1.3613750355755343,51.19006497414595,163.61630074669844,51.19006497413622,1.2604642345765145,190.0,190.0000184179997,1.4201593028535473,163.61630074669844,190.00001841799974,246.74485996345638,1.2602279858635228,1.251615,1.2516150083560582,8.612977507464592,161.86154163118482,1.200915,1.2009150114213822,120.52002383529462,0.0205927384597901,0.00025247264309665547,81.56423685043164,2.012651920994923,0.9392590402635866
149,0.0,149.0,149.0,140.54719306594728,40.15085187357991,45.424310874280884,54.97203031808651,83.6,1.6722000000000001,123.35305279946095,3458.912411334173,60.000000000000576,60.0,7.977565503274322,7.513205514179429,599.9999587739113,599.9999587739148,1.6221923519812993,1219.506405728874,1219.5064057405439,1.622195,1.62219500000012,267.81881253786145,100.5630941713929,1.5719221891876678,888.2593022065385,881.9218341247021,1.571315,1.571314999957245,264.9550644602559,881.9218341247021,1.5212689590207107,122.76694047684985,1.5211736137428746,264.9550644602559,1.520795,1.520795007744305,98.66214776158714,235.27428711599777,98.66214776164115,1.4207062618991773,329.89158009597213,329.89157766575056,1.420159303989947,235.27428711599777,329.89157766575056,369.04452314836743,1.4200091779031399,1.411445,1.4114450068237365,8.564171079403327,233.4085875885416,1.361375,1.361375035567096,51.190114025557754,163.61633394900375,51.19011402554907,1.2604642361079836,190.0,190.00001841839483,1.420159303989947,163.61633394900375,190.00001841839483,246.74481372742568,1.2602279873128603,1.251615,1.251615008351941,8.612978960919282,161.8615759352103,1.200915,1.2009150114359872,120.5199553521861,0.020592735971732355,0.0002524731064523195,81.56407730350232,2.012651920994923,0.9392590329886056
150,0.0,150.0,150.0,140.54719306552116,40.15085187345817,45.42431087414316,54.97203031791984,83.6,1.6722000000000001,123.35305279908705,3458.9124113236826,60.000000000000604,60.0,7.977565503272585,7.513205513432766,599.9999587739113,599.9999587739148,1.6221923519812969,1219.506405728874,1219.5064057404277,1.622195,1.6221950000001177,267.8188125370613,100.56309417144114,1.5719221891882753,888.2593022065773,881.9218341247592,1.571315,1.5713149999578568,264.9550644594635,881.9218341247583,1.5212689589696886,122.76694047436439,1.5211736136918497,264.9550644594635,1.520795,1.5207950076932788,98.66204558700522,235.27434125581811,98.6620455870616,1.4207062630815193,329.8914343472275,329.89143191843914,1.4201593051229577,235.27434125581811,329.89143191843914,369.0443917949583,1.420009179017643,1.411445,1.4114450068044437,8.564172213199273,233.40864072456873,1.361375,1.3613750355585288,51.19016307004731,163.61636714402678,51.19016307003778,1.2604642376385928,190.0,190.0000184187547,1.4201593051229577,163.61636714402678,190.0000184187547,246.744767480435,1.2602279887613597,1.251615,1.2516150083477804,8.612980413579274,161.8616102323952,1.200915,1.200915011450493,120.51988688624394,0.020592733485313805,0.0002524735694542856,81.56391787791652,2.012651920994923,0.939259025704661
151,0.0,151.0,151.0,140.54719306510128,40.150851873338226,45.42431087400746,54.97203031775561,83.6,1.6722000000000001,123.35305279871865,3458.9124113133466,60.000000000000576,60.0,7.977565503270872,7.51320551269357,599.9999587739113,599.9999587739148,1.6221923519812953,1219.506405728874,1219.5064057403126,1.622195,1.622195000000116,267.818812536273,100.56309417148981,1.571922189188874,888.2593022066146,881.9218341248182,1.571315,1.5713149999584592,264.95506445868307,881.9218341248178,1.5212689589193957,122.76694047191978,1.5211736136415543,264.95506445868307,1.520795,1.5207950076429817,98.6619434079617,235.2743952995708,98.66194340801636,1.4207062642601915,329.89128868383006,329.8912862564608,1.4201593062526399,235.2743952995708,329.8912862564608,369.0442605619423,1.4200091801288879,1.411445,1.4114450067854283,8.564173343459602,233.40869376347712,1.361375,1.3613750355498615,51.190212107481464,163.6164003317218,51.19021210747126,1.2604642391683616,190.0,190.00001841905558,1.4201593062526399,163.6164003317218,190.00001841905558,246.74472122256103,1.2602279902090403,1.251615,1.2516150083435964,8.612981865443903,161.8616445226871,1.200915,1.2009150114649123,120.51981843740018,0.020592731000410997,0.0002524740320980772,81.56375857463017,2.012651920994923,0.9392590184121545
152,0.0,152.0,152.0,140.5471930646876,40.150851873220056,45.424310873873765,54.97203031759381,83.6,1.6722000000000001,123.35305279835572,3458.9124113031626,60.00000000000056,60.0,7.977565503269161,7.513205511961695,599.9999587739113,599.9999587739147,1.6221923519812933,1219.506405728874,1219.506405740199,1.622195,1.622195000000114,267.8188125354963,100.56309417153584,1.571922189189464,888.2593022066513,881.9218341248717,1.571315,1.5713149999590528,264.955064457915,881.9218341248718,1.521268958869821,122.76694046950675,1.5211736135919771,264.955064457915,1.520795,1.520795007593403,98.66184122480078,235.27444924849627,98.66184122485612,1.4207062654352378,329.8911431049374,329.89114067897344,1.4201593073790313,235.27444924849627,329.89114067897344,369.0441294480307,1.4200091812369113,1.411445,1.411445006766677,8.564174470234276,233.4087467065201,1.361375,1.3613750355410725,51.19026113772523,163.61643351193834,51.19026113771543,1.260464240697264,190.0,190.00001841932092,1.4201593073790313,163.61643351193834,190.00001841932092,246.7446749539091,1.2602279916558765,1.251615,1.2516150083393731,8.612983316503398,161.8616788059379,1.200915,1.200915011479234,120.51975000558852,0.02059272851690141,0.00025247449437949614,81.56359939451286,2.012651920994923,0.939259011111503
153,0.0,153.0,153.0,140.54719306427955,40.15085187310348,45.42431087374188,54.9720303174342,83.6,1.6722000000000001,123.35305279799765,3458.912411293119,60.00000000000052,60.0,7.977565503267457,7.513205511237096,599.9999587739113,599.9999587739148,1.622192351981292,1219.506405728874,1219.5064057400864,1.622195,1.6221950000001126,267.81881253473006,100.56309417158204,1.571922189190046,888.259302206691,881.9218341249235,1.571315,1.5713149999596383,264.95506445715586,881.9218341249236,1.5212689588209556,122.76694046712097,1.521173613543109,264.95506445715586,1.520795,1.5207950075445333,98.66173903786117,235.27450310378222,98.6617390379168,1.4207062666067225,329.890997609751,329.890995185178,1.4201593085021913,235.27450310378222,329.890995185178,369.04399845197497,1.4200091823417722,1.411445,1.4114450067482003,8.564175593571921,233.40879955489768,1.361375,1.3613750355322043,51.19031016065253,163.61646668467102,51.190310160641474,1.2604642422253323,190.0,190.00001841951558,1.4201593085021913,163.61646668467102,190.0000184195156,246.7446286745532,1.260227993101901,1.251615,1.2516150083351398,8.61298476676109,161.8617130821337,1.200915,1.2009150114934786,120.51968159074147,0.02059272603466228,0.00025247495629460165,81.56344033835005,2.012651920994923,0.9392590038030966
154,0.0,154.0,154.0,140.5471930638785,40.1508518729889,45.42431087361226,54.972030317277344,83.6,1.6722000000000001,123.35305279764574,3458.9124112832465,60.00000000000052,60.0,7.977565503265801,7.5132055105197475,599.9999587739113,599.9999587739147,1.62219235198129,1219.506405728874,1219.5064057399745,1.622195,1.6221950000001109,267.818812533977,100.5630941716266,1.5719221891906177,888.2593022067272,881.921834124982,1.571315,1.571314999960214,264.95506445641064,881.9218341249825,1.5212689587727821,122.76694046478953,1.5211736134949334,264.95506445641064,1.520795,1.5207950074963559,98.66163684747782,235.27455686662674,98.66163684753455,1.4207062677746771,329.8908521974575,329.8908497742628,1.4201593096221476,235.27455686662674,329.8908497742628,369.04386757251905,1.4200091834434967,1.411445,1.4114450067299753,8.564176713521388,233.40885230982366,1.361375,1.3613750355232144,51.19035917613005,163.6164998497256,51.190359176120026,1.2604642437525204,190.0,190.00001841967858,1.4201593096221476,163.6164998497256,190.00001841967858,246.7445823846164,1.2602279945470674,1.251615,1.251615008330865,8.612986216202323,161.8617473510848,1.200915,1.2009150115076197,120.51961319279228,0.020592723553571026,0.00025247541783972224,81.56328140684099,2.012651920994923,0.9392589964873651
155,0.0,155.0,155.0,140.54719306348375,40.15085187287614,45.42431087348468,54.97203031712295,83.6,1.6722000000000001,123.35305279729941,3458.9124112735285,60.00000000000052,60.0,7.977565503264129,7.513205509809484,599.9999587739113,599.9999587739146,1.6221923519812884,1219.506405728874,1219.5064057398642,1.622195,1.622195000000109,267.81881253323587,100.56309417167142,1.5719221891911805,888.2593022067629,881.9218341250346,1.571315,1.5713149999607803,264.95506445567764,881.9218341250345,1.5212689587252923,122.76694046248849,1.5211736134474407,264.95506445567764,1.520795,1.5207950074488616,98.66153465398042,235.27461053819823,98.66153465403657,1.4207062689391594,329.89070686726564,329.89070444543626,1.420159310738953,235.27461053819823,329.89070444543626,369.0437368084398,1.4200091845421363,1.411445,1.4114450067120061,8.564177830130193,233.4089049724789,1.361375,1.3613750355141272,51.190408184033906,163.6165330070633,51.19040818402403,1.2604642452788475,190.0,190.00001841978946,1.420159310738953,163.6165330070633,190.00001841978946,246.74453608418634,1.2602279959913953,1.251615,1.2516150083265674,8.612987664827987,161.86178161274796,1.200915,1.2009150115216736,120.5195448116743,0.02059272107350522,0.00025247587901142614,81.563122600608,2.012651920994923,0.9392589891646997
156,0.0,156.0,156.0,140.54719306309494,40.15085187276507,45.42431087335902,54.97203031697087,83.6,1.6722000000000001,123.35305279695825,3458.9124112639583,60.0000000000005,60.0,7.977565503262492,7.51320550910632,599.9999587739113,599.9999587739147,1.6221923519812866,1219.506405728874,1219.506405739755,1.622195,1.6221950000001073,267.8188125325058,100.56309417171629,1.571922189191735,888.2593022067967,881.9218341250893,1.571315,1.571314999961338,264.9550644549548,881.9218341250889,1.5212689586784758,122.76694046022389,1.5211736134006222,264.9550644549548,1.520795,1.5207950074020415,98.66143245769362,235.2746641196407,98.66143245775032,1.4207062701002202,329.8905616184104,329.890559197933,1.4201593118526534,235.2746641196407,329.890559197933,369.04360615853113,1.4200091856377373,1.411445,1.4114450066942925,8.564178943444745,233.40895754401865,1.361375,1.3613750355049512,51.19045718423893,163.6165661565979,51.19045718422833,1.2604642468043115,190.0,190.00001841984522,1.4201593118526534,163.6165661565979,190.00001841984525,246.74448977336826,1.2602279974348833,1.251615,1.251615008322249,8.612989112634306,161.86181586703117,1.200915,1.2009150115356348,120.51947644732047,0.02059271859434299,0.0002524763398065259,81.56296392019668,2.012651920994923,0.9392589818355107
157,0.0,157.0,157.0,140.54719306271437,40.15085187265634,45.42431087323602,54.97203031682202,83.6,1.6722000000000001,123.35305279662433,3458.9124112545874,60.00000000000053,60.0,7.977565503260888,7.5132055084101665,599.9999587739113,599.9999587739146,1.6221923519812846,1219.506405728874,1219.5064057396464,1.622195,1.6221950000001053,267.81881253179125,100.56309417175997,1.5719221891922779,888.2593022068305,881.9218341251355,1.571315,1.5713149999618845,264.95506445424763,881.921834125136,1.5212689586323132,122.76694045799967,1.521173613354457,264.95506445424763,1.520795,1.520795007355875,98.66133025893734,235.2747176120769,98.66133025899539,1.4207062712578935,329.8904164501308,329.89041403099395,1.4201593129632792,235.2747176120769,329.89041403099395,369.04347562159916,1.4200091867303282,1.411445,1.4114450066768176,8.564180053510562,233.40901002558314,1.361375,1.3613750354956722,51.19050617662348,163.61659929821917,51.19050617661375,1.2604642483288981,190.0,190.00001841986045,1.4201593129632792,163.61659929821917,190.00001841986048,246.74444345227116,1.2602279988775171,1.251615,1.2516150083179032,8.612990559613953,161.8618501138281,1.200915,1.2009150115495044,120.51940809966449,0.020592716115962906,0.0002524768002220685,81.56280536607868,2.012651920994923,0.939258974500197
158,0.0,158.0,158.0,140.5471930623363,40.150851872548344,45.42431087311383,54.97203031667415,83.6,1.6722000000000001,123.3530527962926,3458.912411245282,60.00000000000049,60.0,7.977565503259271,7.513205507720914,599.9999587739113,599.9999587739146,1.6221923519812833,1219.506405728874,1219.5064057395393,1.622195,1.622195000000104,267.81881253108133,100.56309417180164,1.571922189192817,888.2593022068655,881.9218341251884,1.571315,1.5713149999624272,264.9550644535453,881.921834125188,1.521268958586818,122.7669404557974,1.5211736133089595,264.9550644535453,1.520795,1.520795007310376,98.6612280580293,235.27477101668276,98.66122805808776,1.4207062724122512,329.8902713616266,329.8902689438161,1.4201593140708966,235.27477101668276,329.8902689438161,369.04334519643425,1.4200091878199743,1.411445,1.411445006659599,8.564181160375384,233.4090624183538,1.361375,1.3613750354863152,51.190555161067316,163.61663243188073,51.190555161057695,1.2604642498526217,190.0,190.0000184198153,1.4201593140708966,163.61663243188073,190.0000184198153,246.74439712099635,1.2602280003193107,1.251615,1.2516150083135438,8.612992005766928,161.86188435308233,1.200915,1.2009150115632852,120.51933976863891,0.02059271363824365,0.0002524772602553216,81.56264693865477,2.012651920994923,0.9392589671591576
159,0.0,159.0,159.0,140.54719306196642,40.15085187244268,45.42431087299429,54.972030316529484,83.6,1.6722000000000001,123.35305279596807,3458.9124112361774,60.000000000000504,60.0,7.977565503257684,7.513205507038521,599.9999587739113,599.9999587739146,1.6221923519812815,1219.506405728874,1219.5064057394336,1.622195,1.6221950000001022,267.8188125303868,100.56309417184316,1.5719221891933444,888.2593022068992,881.9218341252351,1.571315,1.5713149999629576,264.9550644528573,881.9218341252349,1.5212689585419528,122.76694045363662,1.521173613264092,264.9550644528573,1.520795,1.520795007265507,98.66112585527834,235.27482433448995,98.66112585533699,1.420706273563309,329.8901263522134,329.89012393571727,1.4201593151755183,235.27482433448995,329.89012393571727,369.04321488191044,1.4200091889066877,1.411445,1.411445006642607,8.564182264080733,233.40911472338115,1.361375,1.3613750354768528,51.19060413745116,163.6166655574467,51.19060413744131,1.2604642513754547,190.0,190.00001841973568,1.4201593151755183,163.6166655574467,190.00001841973568,246.74435077966564,1.2602280017602374,1.251615,1.2516150083091522,8.612993451085238,161.86191858466347,1.200915,1.200915011576967,120.51927145417753,0.020592711161065088,0.00025247771990378044,81.56248863825685,2.012651920994923,0.9392589598127964
160,0.0,160.0,160.0,140.54719306160112,40.15085187233832,45.42431087287623,54.9720303163866,83.6,1.6722000000000001,123.35305279564753,3458.9124112271834,60.00000000000051,60.0,7.977565503256108,7.513205506362919,599.9999587739113,599.9999587739145,1.6221923519812798,1219.506405728874,1219.5064057393283,1.622195,1.6221950000001006,267.8188125297009,100.56309417188491,1.5719221891938653,888.2593022069318,881.9218341252828,1.571315,1.571314999963482,264.9550644521788,881.9218341252831,1.5212689584977277,122.76694045150619,1.5211736132198648,264.9550644521788,1.520795,1.5207950072212784,98.66102365099425,235.27487756664866,98.66102365104894,1.4207062747111343,329.8899814211031,329.88997900590994,1.4201593162772064,235.27487756664866,329.88997900590994,369.04308467683416,1.4200091899905298,1.411445,1.4114450066258564,8.564183364673461,233.40916694182664,1.361375,1.361375035467307,51.190653105658285,163.6166986748666,51.19065310564765,1.2604642528974108,190.0,190.00001841960372,1.4201593162772064,163.6166986748666,190.00001841960372,246.7443044283829,1.2602280032003108,1.251615,1.2516150083047433,8.61299489556755,161.8619528085123,1.200915,1.2009150115905578,120.5192031562143,0.020592708684307463,0.00025247817916514555,81.56233046515203,2.012651920994923,0.9392589524615037
161,0.0,161.0,161.0,140.54719306124207,40.15085187223575,45.42431087276018,54.97203031624616,83.6,1.6722000000000001,123.35305279533252,3458.9124112183454,60.000000000000476,60.0,7.977565503254547,7.513205505694042,599.9999587739113,599.9999587739145,1.6221923519812782,1219.506405728874,1219.5064057392242,1.622195,1.622195000000099,267.81881252902673,100.56309417192489,1.571922189194377,888.2593022069609,881.9218341253332,1.571315,1.5713149999639973,264.955064451512,881.9218341253328,1.5212689584541212,122.76694044941738,1.5211736131762557,264.955064451512,1.520795,1.5207950071776677,98.66092144547802,235.2749307141812,98.66092144553505,1.4207062758557623,329.88983656762053,329.88983415371786,1.4201593173759925,235.2749307141812,329.88983415371786,369.0429545801117,1.420009191071531,1.411445,1.4114450066093365,8.564184462194424,233.40921907472475,1.361375,1.3613750354576797,51.19070206557497,163.61673178406656,51.19070206556423,1.2604642544184872,190.0,190.0000184194212,1.4201593173759925,163.61673178406656,190.0000184194212,246.74425806726063,1.2602280046395282,1.251615,1.2516150083003177,8.612996339210532,161.86198702455408,1.200915,1.2009150116040561,120.5191348746822,0.020592706207851537,0.00025247863803732083,81.56217241954374,2.012651920994923,0.939258945105674
162,0.0,162.0,162.0,140.54719306088765,40.1508518721345,45.424310872645634,54.97203031610754,83.6,1.6722000000000001,123.35305279502151,3458.912411209622,60.00000000000045,60.0,7.977565503253001,7.513205505031821,599.9999587739113,599.9999587739145,1.6221923519812769,1219.506405728874,1219.5064057391214,1.622195,1.6221950000000975,267.81881252836126,100.56309417196556,1.5719221891948827,888.2593022069933,881.9218341253825,1.571315,1.5713149999645057,264.9550644508526,881.9218341253827,1.5212689584111316,122.76694044735163,1.521173613133264,264.9550644508526,1.520795,1.5207950071346747,98.66081923902856,235.27498377816732,98.66081923908636,1.4207062769972427,329.8896917910319,329.8896893784075,1.420159318471922,235.27498377816732,329.8896893784075,369.0428245905976,1.4200091921497355,1.411445,1.4114450065930486,8.56418555668692,233.4092711231664,1.361375,1.3613750354479757,51.190751017088445,163.61676488497392,51.19075101707844,1.2604642559386843,190.0,190.00001841918623,1.420159318471922,163.61676488497392,190.00001841918623,246.74421169641306,1.2602280060778903,1.251615,1.2516150082958781,8.612997782012188,161.86202123271187,1.200915,1.2009150116174658,120.51906660951512,0.020592703731579134,0.00025247909651840775,81.56201450157582,2.012651920994923,0.9392589377456925
163,0.0,163.0,163.0,140.54719306054005,40.150851872035204,45.42431087253329,54.97203031597159,83.6,1.6722000000000001,123.35305279471655,3458.912411201063,60.000000000000476,60.0,7.977565503251463,7.513205504376159,599.9999587739113,599.9999587739144,1.622192351981275,1219.506405728874,1219.5064057390196,1.622195,1.622195000000096,267.8188125277086,100.56309417200505,1.5719221891953783,888.2593022070247,881.9218341254227,1.571315,1.5713149999650045,264.95506445020703,881.9218341254224,1.5212689583687402,122.76694044531716,1.5211736130908704,264.95506445020703,1.520795,1.5207950070922798,98.66071703194045,235.27503675964155,98.6607170319977,1.4207062781356015,329.88954709063887,329.8895446792821,1.4201593195650168,235.27503675964155,329.8895446792821,369.0426947071878,1.4200091932251655,1.411445,1.411445006576972,8.564186648193584,233.4093230882029,1.361375,1.3613750354381637,51.190799960085236,163.6167979774443,51.19079996007371,1.260464257457969,190.0,190.00001841892595,1.4201593195650168,163.6167979774443,190.00001841892595,246.74416531597421,1.2602280075153647,1.251615,1.251615008291402,8.612999223962747,161.86205543284507,1.200915,1.2009150116307683,120.51899836064663,0.02059270125537295,0.0002524795546067036,81.56185671133227,2.012651920994923,0.9392589303819606
164,0.0,164.0,164.0,140.54719306019712,40.15085187193723,45.42431087242245,54.97203031583746,83.6,1.6722000000000001,123.35305279441563,3458.912411192622,60.00000000000048,60.0,7.9775655032499735,7.513205503727084,599.9999587739113,599.9999587739143,1.6221923519812735,1219.506405728874,1219.5064057389181,1.622195,1.6221950000000944,267.8188125270647,100.56309417204386,1.5719221891958672,888.259302207058,881.9218341254731,1.571315,1.5713149999654967,264.95506444957033,881.9218341254725,1.5212689583269454,122.7669404433251,1.5211736130490734,264.95506444957033,1.520795,1.520795007050481,98.66061482450289,235.27508965961206,98.66061482455879,1.4207062792709038,329.88940246577465,329.8894000556735,1.420159320655338,235.27508965961206,329.8894000556735,369.04256492880694,1.4200091942978803,1.411445,1.411445006561127,8.56418773675327,233.40937497085054,1.361375,1.3613750354282979,51.19084889445918,163.6168310615041,51.19084889444956,1.2604642589763861,190.0,190.00001841859827,1.420159320655338,163.6168310615041,190.00001841859827,246.74411892604027,1.2602280089519953,1.251615,1.2516150082869273,8.613000665067982,161.86208962496625,1.200915,1.2009150116439877,120.51893012801094,0.020592698779116656,0.00025248001230068155,81.56169904884415,2.012651920994923,0.9392589230148455
165,0.0,165.0,165.0,140.54719305985708,40.15085187184008,45.42431087231255,54.97203031570446,83.6,1.6722000000000001,123.35305279411727,3458.912411184252,60.00000000000039,60.0,7.977565503248453,7.5132055030844285,599.9999587739113,599.9999587739144,1.6221923519812727,1219.506405728874,1219.5064057388183,1.622195,1.6221950000000935,267.8188125264262,100.56309417208104,1.5719221891963522,888.2593022070882,881.9218341255172,1.571315,1.5713149999659846,264.9550644489373,881.9218341255171,1.5212689582857495,122.76694044133644,1.5211736130078755,264.9550644489373,1.520795,1.5207950070092817,98.66051261700446,235.27514247915423,98.66051261706265,1.4207062804031927,329.88925791569494,329.88925550683757,1.4201593217429245,235.27514247915423,329.88925550683757,369.0424352543334,1.4200091953679184,1.411445,1.411445006545507,8.564188822411278,233.40942677219712,1.361375,1.361375035418363,51.190897820101505,163.61686413706053,51.19089782009063,1.2604642604939207,190.0,190.00001841821637,1.4201593217429245,163.61686413706053,190.00001841821637,246.74407252673404,1.2602280103877679,1.251615,1.2516150082824435,8.613002105324341,161.8621238089853,1.200915,1.2009150116571239,120.51886191154196,0.020592696302694488,0.0002524804695989912,81.56154151408774,2.012651920994923,0.9392589156447215
166,0.0,166.0,166.0,140.54719305952656,40.15085187174567,45.42431087220574,54.97203031557518,83.6,1.6722000000000001,123.35305279382727,3458.912411176115,60.00000000000043,60.0,7.977565503246972,7.51320550244816,599.9999587739113,599.9999587739143,1.622192351981271,1219.506405728874,1219.5064057387194,1.622195,1.6221950000000918,267.81881252580564,100.56309417211838,1.5719221891968236,888.2593022071171,881.9218341255603,1.571315,1.571314999966459,264.9550644483233,881.9218341255598,1.5212689582451093,122.7669404394084,1.521173612967233,264.9550644483233,1.520795,1.5207950069686382,98.66041040972439,235.27519521916,98.66041040978156,1.420706281532474,329.88911343982613,329.88911103220266,1.4201593228277787,235.27519521916,329.88911103220266,369.0423056827665,1.4200091964352812,1.411445,1.41144500653008,8.564189905201136,233.40947849315194,1.361375,1.3613750354083258,51.190946736906504,163.6168972039685,51.19094673689549,1.2604642620105362,190.0,190.00001841781128,1.4201593228277787,163.6168972039685,190.00001841781128,246.74402611819454,1.260228011822646,1.251615,1.2516150082779243,8.613003544721831,161.86215798475914,1.200915,1.200915011670152,120.51879371117373,0.02059269382599251,0.0002524809265004644,81.5613841069877,2.012651920994923,0.9392589082719861
167,0.0,167.0,167.0,140.54719305919676,40.15085187165145,45.42431087209914,54.97203031544618,83.6,1.6722000000000001,123.35305279353787,3458.9124111679976,60.000000000000405,60.0,7.977565503245515,7.513205501818267,599.9999587739113,599.9999587739143,1.6221923519812698,1219.506405728874,1219.5064057386212,1.622195,1.6221950000000906,267.8188125251863,100.563094172156,1.5719221891972937,888.2593022071453,881.9218341255964,1.571315,1.571314999966932,264.9550644477096,881.9218341255961,1.5212689582050578,122.7669404374733,1.5211736129271796,264.9550644477096,1.520795,1.5207950069285832,98.66030820294333,235.27524788071614,98.66030820299906,1.4207062826588315,329.88896903741494,329.88896663101286,1.4201593239099797,235.27524788071614,329.88896663101286,369.0421762129953,1.4200091975000473,1.411445,1.4114450065148791,8.56419098516814,233.40953013480592,1.361375,1.3613750353982268,51.19099564476809,163.6169302622177,51.19099564475658,1.2604642635262628,190.0,190.0000184173498,1.4201593239099797,163.6169302622177,190.0000184173498,246.74397970053394,1.2602280132566603,1.251615,1.2516150082733974,8.613004983262895,161.86219215226325,1.200915,1.2009150116830836,120.51872552684047,0.020592691348896814,0.00025248138300408844,81.56122682741862,2.012651920994923,0.9392589008970085
168,0.0,168.0,168.0,140.54719305887622,40.15085187155988,45.42431087199555,54.972030315320815,83.6,1.6722000000000001,123.35305279325665,3458.9124111601063,60.000000000000426,60.0,7.977565503244057,7.513205501194583,599.9999587739113,599.9999587739142,1.6221923519812682,1219.506405728874,1219.5064057385246,1.622195,1.6221950000000889,267.8188125245845,100.56309417219182,1.5719221891977508,888.2593022071744,881.921834125636,1.571315,1.571314999967392,264.95506444711424,881.9218341256357,1.5212689581655445,122.76694043560185,1.5211736128876643,264.95506444711424,1.520795,1.5207950068890668,98.66020599693225,235.2753004646784,98.66020599699112,1.4207062837822662,329.8888247079139,329.8888223027241,1.420159324989526,235.2753004646784,329.8888223027241,369.04204684404476,1.420009198562214,1.411445,1.4114450064998694,8.564192062344711,233.409581698036,1.361375,1.3613750353880394,51.191044543584226,163.61696331169276,51.19104454357351,1.2604642650410784,190.0,190.00001841685713,1.420159324989526,163.61696331169276,190.00001841685713,246.74393327387847,1.2602280146897888,1.251615,1.2516150082688473,8.613006420941538,161.8622263113896,1.200915,1.200915011695917,120.51865735847657,0.020592688871295697,0.000252481839109009,81.5610696752126,2.012651920994923,0.9392588935201583
169,0.0,169.0,169.0,140.54719305855693,40.15085187146867,45.42431087189235,54.97203031519593,83.6,1.6722000000000001,123.35305279297647,3458.912411152247,60.000000000000405,60.0,7.977565503242613,7.513205500577124,599.9999587739113,599.9999587739142,1.6221923519812669,1219.506405728874,1219.5064057384286,1.622195,1.6221950000000875,267.81881252398495,100.56309417222816,1.5719221891982063,888.2593022072017,881.9218341256775,1.571315,1.5713149999678504,264.95506444652096,881.9218341256781,1.5212689581265992,122.7669404337383,1.521173612848717,264.95506444652096,1.520795,1.5207950068501181,98.66010379196426,235.27535297208772,98.6601037920234,1.4207062849028618,329.88868045059877,329.88867804660975,1.4201593260664962,235.27535297208772,329.88867804660975,369.04191757484574,1.4200091996218602,1.411445,1.411445006485086,8.564193136774145,233.40963318388745,1.361375,1.3613750353778251,51.19109343325789,163.61699635245503,51.19109343324705,1.260464266555034,190.0,190.00001841628278,1.4201593260664962,163.61699635245503,190.00001841628278,246.74388683833016,1.2602280161220822,1.251615,1.2516150082643158,8.61300785776642,161.86226046218425,1.200915,1.2009150117086813,120.5185892060167,0.020592686393077427,0.00025248229481451763,81.56091265015449,2.012651920994923,0.9392588861417757
170,0.0,170.0,170.0,140.54719305824452,40.15085187137942,45.424310871791384,54.97203031507374,83.6,1.6722000000000001,123.35305279270236,3458.912411144556,60.00000000000041,60.0,7.977565503241183,7.513205499965805,599.9999587739113,599.9999587739142,1.6221923519812653,1219.506405728874,1219.5064057383336,1.622195,1.6221950000000862,267.8188125233983,100.5630941722628,1.571922189198652,888.2593022072303,881.9218341257223,1.571315,1.5713149999682987,264.95506444594093,881.921834125723,1.5212689580881882,122.76694043192255,1.5211736128103037,264.95506444594093,1.520795,1.5207950068117038,98.66000158830421,235.2754054038494,98.66000158836312,1.4207062860206103,329.8885362648728,329.88853386207427,1.4201593271408797,235.2754054038494,329.88853386207427,369.0417884044052,1.420009200678973,1.411445,1.411445006470482,8.564194208491083,233.40968459328192,1.361375,1.3613750353674992,51.19114231368494,163.61702938426902,51.19114231367335,1.2604642680680502,190.0,190.00001841569969,1.4201593271408797,163.61702938426902,190.00001841569969,246.74384039405413,1.2602280175534613,1.251615,1.2516150082597404,8.613009293720886,161.86229460442465,1.200915,1.2009150117213314,120.51852106939545,0.020592683914132933,0.00025248275012006914,81.56075575198703,2.012651920994923,0.9392588787622531
171,0.0,171.0,171.0,140.54719305793526,40.150851871291074,45.42431087169143,54.972030314952775,83.6,1.6722000000000001,123.35305279243101,3458.9124111369433,60.000000000000384,60.0,7.977565503239769,7.513205499360577,599.9999587739113,599.9999587739142,1.6221923519812642,1219.506405728874,1219.5064057382394,1.622195,1.622195000000085,267.81881252281767,100.56309417229768,1.5719221891990929,888.2593022072574,881.9218341257731,1.571315,1.5713149999687426,264.9550644453668,881.9218341257729,1.5212689580503198,122.76694043013234,1.5211736127724336,264.9550644453668,1.520795,1.5207950067738323,98.65989938621686,235.27545776090395,98.6598993862751,1.4207062871355913,329.8883921501028,329.8883897484843,1.4201593282127514,235.27545776090395,329.8883897484843,369.04165933171817,1.4200092017336277,1.411445,1.4114450064560935,8.564195277534159,233.40973592716918,1.361375,1.36137503535715,51.19119118477442,163.61706240725556,51.19119118476358,1.2604642695802042,190.0,190.00001841503604,1.4201593282127514,163.61706240725556,190.00001841503604,246.74379394113666,1.2602280189840036,1.251615,1.2516150082551847,8.613010728818926,161.8623287382119,1.200915,1.2009150117339125,120.51845294854758,0.020592681434353013,0.0002524832050252425,81.56059898041225,2.012651920994923,0.9392588713819136
172,0.0,172.0,172.0,140.54719305763294,40.15085187120471,45.42431087159372,54.97203031483453,83.6,1.6722000000000001,123.35305279216573,3458.912411129499,60.000000000000426,60.0,7.977565503238386,7.513205498761378,599.9999587739113,599.999958773914,1.6221923519812627,1219.506405728874,1219.5064057381462,1.622195,1.6221950000000833,267.81881252224997,100.56309417233216,1.5719221891995239,888.2593022072843,881.921834125814,1.571315,1.5713149999691762,264.95506444480446,881.9218341258138,1.5212689580129672,122.76694042836755,1.5211736127350792,264.95506444480446,1.520795,1.5207950067364766,98.65979718595983,235.2755100441331,98.6597971860197,1.420706288247802,329.88824810570577,329.88824570525804,1.4201593292821062,235.2755100441331,329.88824570525804,369.04153035582397,1.4200092027858182,1.411445,1.4114450064418802,8.564196343938013,233.40978718644598,1.361375,1.3613750353466973,51.1912400464234,163.61709542116782,51.19124004641251,1.260464271091417,190.0,190.00001841436165,1.4201593292821062,163.61709542116782,190.00001841436168,246.74374747975128,1.2602280204136302,1.251615,1.2516150082505877,8.613012163042555,161.86236286330768,1.200915,1.2009150117463738,120.51838484340793,0.020592678953631077,0.00025248365952977456,81.5604423350916,2.012651920994923,0.939258864001152
173,0.0,173.0,173.0,140.5471930573326,40.15085187111891,45.42431087149666,54.97203031471706,83.6,1.6722000000000001,123.3530527919022,3458.9124111221086,60.00000000000036,60.0,7.977565503236987,7.513205498168118,599.9999587739113,599.999958773914,1.6221923519812618,1219.506405728874,1219.5064057380541,1.622195,1.6221950000000827,267.818812521686,100.56309417236493,1.571922189199952,888.259302207311,881.9218341258569,1.571315,1.5713149999696072,264.95506444424666,881.9218341258572,1.5212689579761447,122.76694042662143,1.5211736126982547,264.95506444424666,1.520795,1.5207950066996507,98.6596949877892,235.27556225446867,98.65969498784825,1.420706289357318,329.8881041310453,329.888101731757,1.4201593303490152,235.27556225446867,329.888101731757,369.041401475731,1.4200092038356145,1.411445,1.411445006427875,8.564197407739504,233.4098383720503,1.361375,1.3613750353362126,51.19128889854151,163.6171284260912,51.19128889852962,1.2604642726017536,190.0,190.00001841361464,1.4201593303490152,163.6171284260912,190.00001841361464,246.74370100998746,1.2602280218424065,1.251615,1.2516150082460038,8.613013596402652,161.8623969797833,1.200915,1.2009150117587564,120.51831675391199,0.02059267647186083,0.00025248411363350856,81.56028581565324,2.012651920994923,0.9392588566202865
174,0.0,174.0,174.0,140.54719305703912,40.150851871035066,45.4243108714018,54.972030314602264,83.6,1.6722000000000001,123.35305279164471,3458.9124111148826,60.00000000000039,60.0,7.977565503235624,7.513205497580776,599.9999587739113,599.999958773914,1.6221923519812604,1219.506405728874,1219.5064057379627,1.622195,1.622195000000081,267.81881252113493,100.56309417239781,1.5719221892003707,888.259302207338,881.9218341259001,1.571315,1.5713149999700284,264.9550644437015,881.9218341258995,1.5212689579398224,122.76694042491516,1.5211736126619304,264.9550644437015,1.520795,1.5207950066633253,98.65959279195575,235.27561439275942,98.65959279201418,1.4207062904641412,329.887960225565,329.8879578274273,1.4201593314134777,235.27561439275942,329.8879578274273,369.0412726905027,1.420009204883016,1.411445,1.4114450064140438,8.564198468972162,233.4098894848485,1.361375,1.3613750353256422,51.191337741033294,163.6171614218593,51.191337741022146,1.2604642741111631,190.0,190.00001841284603,1.4201593314134777,163.6171614218593,190.00001841284606,246.74365453199795,1.2602280232702816,1.251615,1.2516150082413935,8.613015028888116,161.86243108748036,1.200915,1.2009150117710348,120.51824867999416,0.02059267398893766,0.00025248456733642315,81.56012942168836,2.012651920994923,0.9392588492396798
175,0.0,175.0,175.0,140.547193056747,40.15085187095162,45.42431087130739,54.972030314488016,83.6,1.6722000000000001,123.35305279138838,3458.9124111076935,60.00000000000035,60.0,7.977565503234261,7.513205496999281,599.9999587739113,599.999958773914,1.6221923519812596,1219.506405728874,1219.506405737872,1.622195,1.6221950000000802,267.81881252058645,100.5630941724316,1.5719221892007873,888.2593022073644,881.9218341259391,1.571315,1.5713149999704477,264.9550644431578,881.9218341259394,1.521268957904018,122.76694042320989,1.521173612626124,264.9550644431578,1.520795,1.520795006627518,98.6594905987098,235.27566645993502,98.65949059877006,1.420706291568339,329.88781638863213,329.88781399163406,1.4201593324755566,235.27566645993502,329.88781399163406,369.04114399916483,1.420009205928084,1.411445,1.4114450064004105,8.56419952767351,233.40994052577545,1.361375,1.3613750353150273,51.19138657380838,163.61719440848944,51.191386573796834,1.2604642756196798,190.0,190.00001841201956,1.4201593324755566,163.61719440848944,190.00001841201956,246.74360804589548,1.2602280246972895,1.251615,1.2516150082367852,8.613016460504275,161.8624651864031,1.200915,1.2009150117832266,120.51818062159057,0.020592671504758322,0.00025248502063861706,81.5599731527547,2.012651920994923,0.9392588418596592
176,0.0,176.0,176.0,140.54719305646387,40.15085187087073,45.42431087121588,54.97203031437727,83.6,1.6722000000000001,123.35305279113996,3458.912411100721,60.00000000000037,60.0,7.977565503232925,7.513205496423566,599.9999587739113,599.999958773914,1.6221923519812578,1219.506405728874,1219.5064057377826,1.622195,1.6221950000000787,267.8188125200548,100.56309417246268,1.571922189201191,888.2593022073893,881.921834125974,1.571315,1.571314999970854,264.9550644426317,881.9218341259739,1.521268957868688,122.76694042155594,1.5211736125907922,264.9550644426317,1.520795,1.5207950065921847,98.6593884082931,235.27571845675766,98.65938840835136,1.4207062926699145,329.88767261975386,329.88767022388805,1.420159333535253,235.27571845675766,329.88767022388805,369.0410154008364,1.4200092069708192,1.411445,1.411445006386947,8.564200583872195,233.40999149561355,1.361375,1.3613750353043528,51.19143539677877,163.6172273859097,51.19143539676701,1.2604642771272911,190.0,190.00001841115227,1.420159333535253,163.6172273859097,190.00001841115227,246.74356155181994,1.2602280261234182,1.251615,1.2516150082321695,8.613017891248687,161.862499276483,1.200915,1.200915011795332,120.51811257863719,0.020592669019221153,0.0002524854735403009,81.55981700838018,2.012651920994923,0.939258834480556
177,0.0,177.0,177.0,140.54719305618121,40.150851870789985,45.42431087112453,54.97203031426672,83.6,1.6722000000000001,123.35305279089195,3458.912411093764,60.00000000000036,60.0,7.977565503231599,7.513205495853581,599.9999587739113,599.999958773914,1.6221923519812567,1219.506405728874,1219.506405737694,1.622195,1.6221950000000773,267.8188125195241,100.56309417249457,1.571922189201594,888.2593022074151,881.921834126006,1.571315,1.5713149999712595,264.9550644421067,881.9218341260057,1.5212689578338627,122.76694041990021,1.5211736125559652,264.9550644421067,1.520795,1.5207950065573568,98.65928622095014,235.27577038418306,98.65928622100822,1.4207062937689288,329.8875289182665,329.8875265235218,1.4201593345926231,235.27577038418306,329.8875265235218,369.04088689454125,1.4200092080112778,1.411445,1.4114450063736699,8.56420163760796,233.41004239531998,1.361375,1.3613750352936171,51.19148420985245,163.61726035404166,51.19148420984103,1.2604642786339866,190.0,190.0000184102447,1.4201593345926231,163.61726035404166,190.0000184102447,246.7435150499066,1.2602280275486573,1.251615,1.2516150082275401,8.613019321117132,161.86253335763283,1.200915,1.2009150118073328,120.51804455106844,0.020592666532225842,0.0002524859260417986,81.55966098806142,2.012651920994923,0.9392588271027181
178,0.0,178.0,178.0,140.547193055904,40.15085187071079,45.42431087103493,54.97203031415829,83.6,1.6722000000000001,123.35305279064869,3458.9124110869398,60.00000000000035,60.0,7.9775655032302755,7.513205495289257,599.9999587739113,599.9999587739139,1.6221923519812556,1219.506405728874,1219.5064057376062,1.622195,1.6221950000000762,267.8188125190036,100.56309417252619,1.5719221892019895,888.259302207438,881.9218341260467,1.571315,1.5713149999716576,264.9550644415919,881.921834126047,1.5212689577995127,122.76694041829015,1.5211736125216133,264.9550644415919,1.520795,1.5207950065230038,98.65918403691659,235.2758222429729,98.65918403697592,1.4207062948654066,329.8873852836819,329.8873828900496,1.4201593356476896,235.2758222429729,329.8873828900496,369.04075847941664,1.4200092090494814,1.411445,1.4114450063605717,8.564202688909672,233.4100932256734,1.361375,1.3613750352828402,51.191533012945285,163.6172933128756,51.19153301293324,1.2604642801397874,190.0,190.00001840928286,1.4201593356476896,163.6172933128756,190.00001840928286,246.74346854027172,1.2602280289730279,1.251615,1.2516150082229147,8.613020750113165,161.86256742983937,1.200915,1.2009150118192498,120.51797653882123,0.020592664043673218,0.0002524863781435356,81.55950509126684,2.012651920994923,0.939258819726457
179,0.0,179.0,179.0,140.54719305563003,40.15085187063252,45.42431087094639,54.97203031405114,83.6,1.6722000000000001,123.35305279040834,3458.9124110801968,60.00000000000031,60.0,7.977565503228969,7.513205494730558,599.9999587739113,599.999958773914,1.6221923519812544,1219.506405728874,1219.5064057375191,1.622195,1.6221950000000753,267.8188125184892,100.56309417255729,1.5719221892023798,888.2593022074627,881.9218341260776,1.571315,1.5713149999720504,264.95506444108116,881.9218341260776,1.5212689577656424,122.76694041668068,1.5211736124877413,264.95506444108116,1.520795,1.5207950064891307,98.6590818564292,235.27587403400486,98.6590818564884,1.4207062959593824,329.88724171539906,329.8872393228696,1.4201593367004832,235.27587403400486,329.8872393228696,369.04063015453164,1.4200092100854593,1.411445,1.4114450063476467,8.564203737812637,233.41014398756028,1.361375,1.3613750352720082,51.1915818059721,163.6173262623477,51.19158180596114,1.2604642816446823,190.0,190.00001840828045,1.4201593367004832,163.6173262623477,190.00001840828045,246.74342202305792,1.2602280303965188,1.251615,1.2516150082182835,8.61302217823523,161.8626014930408,1.200915,1.2009150118310827,120.51790854183147,0.020592661553466104,0.00025248682984603944,81.55934931743975,2.012651920994923,0.9392588123520854
180,0.0,180.0,180.0,140.54719305536221,40.15085187055602,45.424310870859834,54.97203031394639,83.6,1.6722000000000001,123.35305279017335,3458.9124110736016,60.000000000000384,60.0,7.977565503227697,7.513205494177429,599.9999587739113,599.9999587739138,1.6221923519812531,1219.506405728874,1219.5064057374332,1.622195,1.622195000000074,267.8188125179863,100.56309417258747,1.571922189202762,888.2593022074863,881.921834126111,1.571315,1.5713149999724347,264.9550644405845,881.9218341261106,1.5212689577322307,122.76694041511787,1.5211736124543278,264.9550644405845,1.520795,1.5207950064557159,98.65897967971776,235.27592575804204,98.65897967977682,1.420706297050881,329.88709821291764,329.88709582148334,1.4201593377510262,235.27592575804204,329.88709582148334,369.0405019190255,1.4200092111192342,1.411445,1.4114450063348878,8.564204784346385,233.4101946817575,1.361375,1.3613750352611176,51.19163058884606,163.61735920237427,51.19163058883411,1.260464283148657,190.0,190.0000184072409,1.4201593377510262,163.61735920237427,190.0000184072409,246.74337549840226,1.2602280318191161,1.251615,1.2516150082136381,8.613023605477999,161.86263554714316,1.200915,1.200915011842809,120.51784056003503,0.0205926590615089,0.00025248728114994086,81.55919366599637,2.012651920994923,0.9392588049799458
181,0.0,181.0,181.0,140.5471930550961,40.15085187048,45.42431087077383,54.9720303138423,83.6,1.6722000000000001,123.35305278993987,3458.9124110670546,60.00000000000031,60.0,7.977565503226405,7.513205493629782,599.9999587739113,599.9999587739138,1.6221923519812522,1219.506405728874,1219.5064057373481,1.622195,1.622195000000073,267.81881251748666,100.56309417261676,1.5719221892031412,888.2593022075092,881.9218341261477,1.571315,1.5713149999728167,264.95506444008976,881.9218341261474,1.5212689576992853,122.76694041356745,1.5211736124213808,264.95506444008976,1.520795,1.5207950064227678,98.6588775070104,235.27597741591023,98.65887750706898,1.4207062981399465,329.8869547756816,329.88695238533137,1.4201593387993585,235.27597741591023,329.88695238533137,369.040373772024,1.420009212150845,1.411445,1.4114450063223014,8.564205828543558,233.4102453090959,1.361375,1.36137503525018,51.191679361486024,163.61739213293413,51.19167936147381,1.2604642846517273,190.0,190.00001840615548,1.4201593387993585,163.61739213293413,190.00001840615548,246.74332896643236,1.260228033240836,1.251615,1.2516150082089914,8.613025031844579,161.8626695921247,1.200915,1.2009150118544463,120.5177725933686,0.02059265656770686,0.00025248773205595445,81.55903813632922,2.012651920994923,0.9392587976103344
182,0.0,182.0,182.0,140.54719305483414,40.15085187040516,45.42431087068916,54.97203031373984,83.6,1.6722000000000001,123.35305278970998,3458.912411060604,60.0000000000003,60.0,7.977565503225138,7.5132054930875904,599.9999587739113,599.9999587739138,1.6221923519812513,1219.506405728874,1219.5064057372638,1.622195,1.6221950000000722,267.81881251699474,100.56309417264654,1.5719221892035151,888.2593022075331,881.921834126177,1.571315,1.5713149999731926,264.9550644396021,881.9218341261773,1.5212689576667973,122.76694041203075,1.521173612388891,264.9550644396021,1.520795,1.5207950063902766,98.65877533853389,235.27602900841717,98.65877533859305,1.4207062992266124,329.88681140314657,329.8868090138731,1.4201593398455112,235.27602900841717,329.8868090138731,369.04024571264375,1.4200092131803221,1.411445,1.4114450063098856,8.564206870436575,233.41029587039986,1.361375,1.3613750352392053,51.1917281238118,163.6174250540125,51.191728123799926,1.2604642861539028,190.0,190.00001840501938,1.4201593398455112,163.6174250540125,190.00001840501938,246.74328242726867,1.2602280346616872,1.251615,1.2516150082043505,8.613026457336748,161.86270362796657,1.200915,1.200915011866006,120.51770464176917,0.020592654071967288,0.00025248818256488,81.55888272781142,2.012651920994923,0.9392587902435447
183,0.0,183.0,183.0,140.54719305457667,40.15085187033161,45.42431087060595,54.97203031363914,83.6,1.6722000000000001,123.35305278948408,3458.9124110542675,60.00000000000029,60.0,7.977565503223893,7.513205492550818,599.9999587739113,599.9999587739138,1.6221923519812502,1219.506405728874,1219.50640573718,1.622195,1.622195000000071,267.8188125165113,100.5630941726748,1.5719221892038822,888.2593022075575,881.9218341262097,1.571315,1.571314999973562,264.95506443912427,881.9218341262092,1.52126895763475,122.76694041052875,1.5211736123568422,264.95506443912427,1.520795,1.520795006358227,98.65867317450795,235.2760805362997,98.6586731745682,1.4207063003108966,329.88666809483317,329.88666570662724,1.4201593408894995,235.2760805362997,329.88666570662724,369.0401177400692,1.4200092142076801,1.411445,1.4114450062976267,8.564207910053412,233.4103463664136,1.361375,1.3613750352281715,51.19177687574114,163.6174579654992,51.1917768757298,1.260464287655155,190.0,190.00001840385178,1.4201593408894995,163.6174579654992,190.0000184038518,246.74323588106668,1.2602280360816422,1.251615,1.2516150081996942,8.613027881948065,161.86273765455448,1.200915,1.2009150118774605,120.51763670517322,0.02059265157419909,0.0002524886326776162,81.55872743979054,2.012651920994923,0.9392587828799036
184,0.0,184.0,184.0,140.54719305432457,40.15085187025959,45.42431087052447,54.97203031354053,83.6,1.6722000000000001,123.35305278926288,3458.9124110480593,60.000000000000334,60.0,7.97756550322265,7.513205492019337,599.9999587739113,599.9999587739138,1.622192351981249,1219.506405728874,1219.5064057370978,1.622195,1.6221950000000698,267.8188125160379,100.56309417270253,1.5719221892042416,888.2593022075791,881.9218341262435,1.571315,1.571314999973924,264.95506443865526,881.921834126243,1.5212689576031377,122.76694040905883,1.5211736123252284,264.95506443865526,1.520795,1.520795006326612,98.65857101515174,235.27613200033156,98.65857101521253,1.4207063013928345,329.88652485021663,329.88652246307095,1.4201593419313552,235.27613200033156,329.88652246307095,369.03998985344816,1.4200092152329507,1.411445,1.4114450062855257,8.564208947424934,233.41039679792513,1.361375,1.361375035217092,51.19182561719646,163.61749086738305,51.191825617184534,1.2604642891555007,190.0,190.00001840264136,1.4201593419313552,163.61749086738305,190.0000184026414,246.74318932795046,1.2602280375007173,1.251615,1.251615008195036,8.613029305681419,161.862771671875,1.200915,1.2009150118888268,120.51756878351777,0.020592649074312214,0.0002524890823951256,81.5585722715976,2.012651920994923,0.9392587755196956
185,0.0,185.0,185.0,140.5471930540741,40.15085187018804,45.42431087044353,54.97203031344257,83.6,1.6722000000000001,123.35305278904313,3458.912411041895,60.000000000000306,60.0,7.9775655032214265,7.5132054914931885,599.9999587739113,599.9999587739138,1.622192351981248,1219.506405728874,1219.5064057370157,1.622195,1.6221950000000689,267.81881251556763,100.56309417273116,1.5719221892045987,888.2593022075996,881.9218341262732,1.571315,1.5713149999742833,264.95506443818977,881.9218341262736,1.5212689575719665,122.76694040759118,1.5211736122940553,264.95506443818977,1.520795,1.5207950062954378,98.65846886068138,235.27618340129618,98.65846886074253,1.4207063024724647,329.886381668775,329.88637928268,1.4201593429711141,235.27618340129618,329.88637928268,369.0398620519457,1.4200092162561684,1.411445,1.4114450062735864,8.564209982582005,233.4104471657229,1.361375,1.361375035205963,51.191874348098224,163.61752375959534,51.19187434808605,1.2604642906549308,190.0,190.00001840139345,1.4201593429711141,163.61752375959534,190.00001840139345,246.74314276805586,1.2602280389189042,1.251615,1.2516150081903703,8.613030728533921,161.86280567985298,1.200915,1.2009150119000946,120.51750087674006,0.020592646572218883,0.000252489531718457,81.55841722254482,2.012651920994923,0.939258768163222
186,0.0,186.0,186.0,140.54719305382804,40.15085187011774,45.42431087036399,54.97203031334632,83.6,1.6722000000000001,123.35305278882718,3458.9124110358366,60.00000000000032,60.0,7.977565503220209,7.5132054909722426,599.9999587739113,599.9999587739137,1.6221923519812471,1219.506405728874,1219.5064057369348,1.622195,1.6221950000000678,267.81881251510555,100.56309417275882,1.5719221892049497,888.2593022076221,881.9218341263031,1.571315,1.5713149999746365,264.9550644377325,881.921834126303,1.521268957541221,122.76694040615412,1.5211736122633084,264.9550644377325,1.520795,1.52079500626469,98.65836671130941,235.2762347399178,98.6583667113701,1.4207063035498169,329.8862385500251,329.8862361649732,1.420159344008803,235.2762347399178,329.8862361649732,369.0397343347506,1.4200092172773595,1.411445,1.411445006261807,8.564211015552603,233.41049747054555,1.361375,1.3613750351948066,51.19192306837345,163.61755664215448,51.19192306836098,1.2604642921534703,190.0,190.00001840009122,1.420159344008803,163.61755664215448,190.00001840009122,246.74309620150007,1.260228040336227,1.251615,1.2516150081857158,8.613032150511124,161.862839678504,1.200915,1.2009150119112857,120.51743298477716,0.020592644067832025,0.00025248998064871826,81.55826229192814,2.012651920994923,0.9392587608107508
187,0.0,187.0,187.0,140.5471930535859,40.15085187004856,45.42431087028572,54.97203031325161,83.6,1.6722000000000001,123.3530527886147,3458.9124110298762,60.00000000000031,60.0,7.977565503219006,7.5132054904564916,599.9999587739113,599.9999587739138,1.6221923519812458,1219.506405728874,1219.5064057368545,1.622195,1.6221950000000667,267.81881251465086,100.56309417278607,1.571922189205295,888.2593022076446,881.9218341263424,1.571315,1.5713149999749838,264.95506443728334,881.9218341263429,1.5212689575108924,122.76694040475375,1.5211736122329782,264.95506443728334,1.520795,1.520795006234359,98.65826456724393,235.2762860169167,98.6582645673036,1.420706304624912,329.88609549349303,329.8860931094757,1.4201593450444405,235.2762860169167,329.8860931094757,369.0396067010765,1.4200092182965423,1.411445,1.4114450062501773,8.564212046364927,233.410547713122,1.361375,1.3613750351836027,51.191971777945206,163.61758951496628,51.191971777932935,1.2604642936510946,190.0,190.00001839875375,1.4201593450444405,163.61758951496628,190.00001839875378,246.74304962843604,1.260228041752662,1.251615,1.2516150081810535,8.613033571608364,161.86287366772987,1.200915,1.2009150119223806,120.51736510756704,0.02059264156106731,0.0002524904291871036,81.55810747902643,2.012651920994923,0.9392587534625798
188,0.0,188.0,188.0,140.5471930533467,40.15085186998023,45.42431087020842,54.97203031315805,83.6,1.6722000000000001,123.35305278840482,3458.9124110239877,60.0000000000003,60.0,7.977565503217823,7.5132054899458955,599.9999587739113,599.9999587739137,1.6221923519812451,1219.506405728874,1219.5064057367752,1.622195,1.6221950000000658,267.8188125142017,100.56309417281133,1.571922189205636,888.2593022076663,881.9218341263747,1.571315,1.571314999975327,264.9550644368382,881.9218341263744,1.5212689574809835,122.76694040335711,1.5211736122030677,264.9550644368382,1.520795,1.5207950062044473,98.65816242869315,235.27633723305462,98.65816242875344,1.420706305697783,329.8859524986599,329.8859501156691,1.4201593460780557,235.27633723305462,329.8859501156691,369.03947915009627,1.4200092193137455,1.411445,1.4114450062386958,8.56421307504962,233.4105978942239,1.361375,1.361375035172341,51.19202047673741,163.6176223779581,51.19202047672359,1.2604642951477945,190.0,190.00001839738886,1.4201593460780557,163.6176223779581,190.00001839738889,246.74300304899919,1.2602280431681998,1.251615,1.2516150081763777,8.613034991822088,161.8629076474565,1.200915,1.2009150119333738,120.51729724504762,0.020592639051841076,0.0002524908773348628,81.55795278310333,2.012651920994923,0.9392587461189937
189,0.0,189.0,189.0,140.54719305311008,40.150851869912636,45.424310870131954,54.97203031306551,83.6,1.6722000000000001,123.35305278819723,3458.9124110181647,60.00000000000027,60.0,7.9775655032166375,7.513205489440348,599.9999587739113,599.9999587739138,1.622192351981244,1219.506405728874,1219.5064057366967,1.622195,1.622195000000065,267.8188125137574,100.56309417283939,1.5719221892059736,888.2593022076869,881.9218341264125,1.571315,1.5713149999756666,264.9550644363988,881.9218341264129,1.5212689574514875,122.76694040198635,1.52117361217357,264.9550644363988,1.520795,1.5207950061749487,98.65806029586055,235.27638838902462,98.65806029592075,1.4207063067684762,329.885809565071,329.8858071830985,1.4201593471096932,235.27638838902462,329.8858071830985,369.0393516810432,1.4200092203290127,1.411445,1.4114450062273798,8.564214101632883,233.4106480145542,1.361375,1.361375035161086,51.19206916468544,163.617655231253,51.19206916467274,1.2604642966436341,190.0,190.00001839594532,1.4201593471096932,163.617655231253,190.00001839594532,246.74295646328673,1.2602280445829044,1.251615,1.2516150081717365,8.61303641116784,161.86294161779705,1.200915,1.2009150119443115,120.51722939715611,0.020592636540071044,0.0002524913250932929,81.55779820341264,2.012651920994923,0.9392587387802214
190,0.0,190.0,190.0,140.54719305287858,40.150851869846505,45.42431087005714,54.97203031297497,83.6,1.6722000000000001,123.35305278799413,3458.912411012466,60.000000000000306,60.0,7.977565503215473,7.51320548893984,599.9999587739113,599.9999587739137,1.622192351981243,1219.506405728874,1219.5064057366187,1.622195,1.6221950000000636,267.8188125133228,100.5630941728654,1.5719221892063036,888.2593022077082,881.9218341264421,1.571315,1.5713149999759988,264.9550644359689,881.9218341264423,1.5212689574223872,122.76694040063529,1.5211736121444683,264.9550644359689,1.520795,1.5207950061458462,98.65795816894673,235.2764394855283,98.65795816900935,1.420706307836986,329.8856666922564,329.88566431129516,1.4201593481393444,235.2764394855283,329.88566431129516,369.03922429314247,1.4200092213423348,1.411445,1.4114450062161923,8.564215126142471,233.41069807482648,1.361375,1.36137503514975,51.19211784170899,163.6176880745995,51.19211784169611,1.2604642981385226,190.0,190.00001839449862,1.4201593481393444,163.6176880745995,190.00001839449862,246.74290987148638,1.2602280459966857,1.251615,1.2516150081670603,8.613037829625414,161.8629755785038,1.200915,1.2009150119551277,120.51716156383142,0.02059263402567793,0.00025249177246378405,81.55764373919003,2.012651920994923,0.9392587314465876
191,0.0,191.0,191.0,140.54719305264973,40.15085186978113,45.42431086998317,54.97203031288546,83.6,1.6722000000000001,123.35305278779329,3458.912411006833,60.000000000000256,60.0,7.977565503214299,7.513205488444284,599.9999587739113,599.9999587739137,1.622192351981242,1219.506405728874,1219.5064057365416,1.622195,1.622195000000063,267.81881251289303,100.5630941728904,1.57192218920663,888.2593022077289,881.9218341264757,1.571315,1.5713149999763272,264.9550644355433,881.9218341264752,1.5212689573936855,122.7669403993029,1.521173612115765,264.9550644355433,1.520795,1.5207950061171418,98.65785604814904,235.27649052324588,98.65785604820951,1.4207063089033698,329.88552387976694,329.88552149980865,1.4201593491670632,235.27649052324588,329.88552149980865,369.0390969856385,1.4200092223537655,1.411445,1.4114450062051613,8.564216148604142,233.41074807572835,1.361375,1.361375035138408,51.19216650774469,163.6177209081276,51.19216650773032,1.260464299632536,190.0,190.00001839298454,1.4201593491670632,163.6177209081276,190.00001839298457,246.74286327369,1.2602280474096188,1.251615,1.2516150081624076,8.61303924721124,161.86300952969552,1.200915,1.2009150119658734,120.51709374501152,0.02059263150858263,0.00025249221944775147,81.55748938966371,2.012651920994923,0.9392587241183135
192,0.0,192.0,192.0,140.54719305242565,40.150851869717116,45.424310869910755,54.97203031279781,83.6,1.6722000000000001,123.35305278759671,3458.912411001315,60.000000000000284,60.0,7.977565503213174,7.513205487953716,599.9999587739113,599.9999587739137,1.6221923519812411,1219.506405728874,1219.5064057364652,1.622195,1.622195000000062,267.81881251247233,100.56309417291509,1.5719221892069497,888.259302207749,881.9218341265022,1.571315,1.571314999976649,264.9550644351265,881.9218341265016,1.5212689573653708,122.76694039799075,1.521173612087449,264.9550644351265,1.520795,1.5207950060888245,98.65775393366386,235.27654150287796,98.65775393372547,1.4207063099676347,329.8853811271334,329.8853787481717,1.4201593501928553,235.27654150287796,329.8853787481717,369.03896975776735,1.4200092233633095,1.411445,1.4114450061942632,8.564217169046318,233.41079801797363,1.361375,1.3613750351270122,51.19221516272042,163.61775373170337,51.19221516270763,1.2604643011256278,190.0,190.0000183914482,1.4201593501928553,163.61775373170337,190.0000183914482,246.7428166700536,1.2602280488216584,1.251615,1.2516150081577424,8.613040663915994,161.86304347124198,1.200915,1.2009150119765244,120.51702594063546,0.020592628988708263,0.00025249266604667934,81.55733515404847,2.012651920994923,0.9392587167956733
193,0.0,193.0,193.0,140.54719305220172,40.15085186965314,45.42431086983837,54.972030312710224,83.6,1.6722000000000001,123.35305278740017,3458.9124109958043,60.00000000000022,60.0,7.97756550321202,7.513205487467988,599.9999587739113,599.9999587739137,1.6221923519812407,1219.506405728874,1219.50640573639,1.622195,1.6221950000000613,267.8188125120518,100.56309417294067,1.5719221892072688,888.2593022077706,881.9218341265274,1.571315,1.57131499997697,264.95506443471,881.9218341265274,1.521268957337454,122.76694039667728,1.521173612059531,264.95506443471,1.520795,1.5207950060609055,98.65765182568356,235.2765924251282,98.6576518257443,1.4207063110298266,329.88523843387924,329.88523605590467,1.4201593512167632,235.2765924251282,329.88523605590467,369.0388426087694,1.4200092243710092,1.411445,1.4114450061835124,8.564218187496753,233.41084790226876,1.361375,1.361375035115584,51.1922638065681,163.61778654531986,51.19226380655549,1.2604643026178148,190.0,190.00001838986896,1.4201593512167632,163.61778654531986,190.00001838986896,246.74277006070437,1.2602280502328203,1.251615,1.251615008153078,8.613042079742339,161.86307740312554,1.200915,1.2009150119870802,120.51695815064123,0.02059262646597966,0.00025249311226209145,81.55718103155313,2.012651920994923,0.9392587094789231
194,0.0,194.0,194.0,140.5471930519834,40.150851869590774,45.424310869767815,54.97203031262484,83.6,1.6722000000000001,123.35305278720865,3458.91241099043,60.000000000000256,60.0,7.977565503210911,7.513205486987113,599.9999587739113,599.9999587739136,1.6221923519812396,1219.506405728874,1219.5064057363152,1.622195,1.6221950000000602,267.8188125116419,100.56309417296525,1.5719221892075803,888.2593022077906,881.9218341265611,1.571315,1.5713149999772835,264.9550644343048,881.9218341265616,1.521268957309908,122.76694039541145,1.5211736120319834,264.9550644343048,1.520795,1.5207950060333573,98.65754972439761,235.27664329060767,98.6575497244596,1.420706312089958,329.88509579961027,329.8850934226168,1.4201593522387967,235.27664329060767,329.8850934226168,369.0387155379428,1.4200092253768737,1.411445,1.411445006172896,8.564219203977652,233.41089772924195,1.361375,1.3613750351041238,51.192312439222604,163.6178193489567,51.19231243921059,1.2604643041091026,190.0,190.00001838824986,1.4201593522387967,163.6178193489567,190.00001838824986,246.74272344577153,1.2602280516431108,1.251615,1.2516150081484179,8.61304349469294,161.8631113253269,1.200915,1.200915011997555,120.51689037496858,0.020592623940322997,0.00025249355809556267,81.55702702137529,2.012651920994923,0.9392587021682977
195,0.0,195.0,195.0,140.54719305177008,40.15085186952983,45.42431086969887,54.97203031254139,83.6,1.6722000000000001,123.35305278702148,3458.912410985177,60.000000000000284,60.0,7.977565503209812,7.513205486511021,599.9999587739113,599.9999587739135,1.6221923519812382,1219.506405728874,1219.506405736241,1.622195,1.622195000000059,267.81881251124133,100.56309417298775,1.5719221892078843,888.2593022078096,881.9218341265866,1.571315,1.5713149999775897,264.95506443390815,881.9218341265858,1.5212689572827258,122.76694039416422,1.5211736120047998,264.95506443390815,1.520795,1.5207950060061728,98.65744762999199,235.27669409995465,98.65744763005415,1.4207063131480535,329.88495322390565,329.88495084788707,1.4201593532589787,235.27669409995465,329.88495084788707,369.0385885445712,1.4200092263809256,1.411445,1.4114450061624115,8.564220218514107,233.41094749953982,1.361375,1.3613750350926317,51.192361060617586,163.61785214256363,51.19236106060458,1.260464305599485,190.0,190.00001838659125,1.4201593532589787,163.61785214256363,190.00001838659125,246.7426768253924,1.2602280530525236,1.251615,1.251615008143758,8.613044908765577,161.86314523778788,1.200915,1.200915012007937,120.51682261355666,0.020592621411666453,0.0002524940035487107,81.55687312270669,2.012651920994923,0.9392586948640513
196,0.0,196.0,196.0,140.5471930515559,40.150851869468646,45.42431086962964,54.972030312457626,83.6,1.6722000000000001,123.35305278683352,3458.9124109799054,60.000000000000256,60.0,7.977565503208694,7.51320548603963,599.9999587739113,599.9999587739136,1.6221923519812376,1219.506405728874,1219.506405736168,1.622195,1.6221950000000585,267.8188125108391,100.56309417301323,1.5719221892081896,888.2593022078288,881.9218341266161,1.571315,1.5713149999778968,264.9550644335108,881.9218341266162,1.521268957255931,122.76694039291806,1.5211736119780035,264.9550644335108,1.520795,1.5207950059793756,98.65734554265332,235.27674485390477,98.65734554271664,1.4207063142041607,329.88481070625716,329.88480833120445,1.4201593542773534,235.27674485390477,329.88480833120445,369.0384616278918,1.420009227383208,1.411445,1.4114450061520722,8.56422123113565,233.41099721390128,1.361375,1.3613750350811156,51.19240967068833,163.61788492613337,51.1924096706745,1.2604643070889738,190.0,190.00001838488748,1.4201593542773534,163.61788492613337,190.00001838488748,246.74263019969013,1.2602280544610704,1.251615,1.2516150081391066,8.613046321963802,161.86317914049843,1.200915,1.2009150120182381,120.51675486634511,0.02059261887993878,0.00025249444862319293,81.55671933472854,2.012651920994923,0.93925868756641
197,0.0,197.0,197.0,140.54719305134748,40.15085186940911,45.42431086956229,54.97203031237611,83.6,1.6722000000000001,123.35305278665066,3458.912410974775,60.000000000000256,60.0,7.977565503207619,7.513205485572977,599.9999587739113,599.9999587739135,1.6221923519812367,1219.506405728874,1219.5064057360953,1.622195,1.6221950000000573,267.8188125104478,100.56309417303693,1.5719221892084871,888.2593022078479,881.9218341266442,1.571315,1.5713149999781961,264.9550644331231,881.9218341266438,1.5212689572294875,122.7669403917005,1.5211736119515586,264.9550644331231,1.520795,1.5207950059529298,98.65724346256167,235.2767955530092,98.65724346262469,1.4207063152582782,329.8846682463122,329.8846658722191,1.4201593552939176,235.2767955530092,329.8846658722191,369.0383347872466,1.4200092283837176,1.411445,1.4114450061418546,8.564222241862929,233.4110468728931,1.361375,1.3613750350695606,51.192458269372736,163.61791769960521,51.1924582693584,1.2604643085775535,190.0,190.00001838315356,1.4201593552939176,163.61791769960521,190.0000183831536,246.74258356880654,1.2602280558687362,1.251615,1.2516150081344508,8.613047734285395,161.8632130333974,1.200915,1.200915012028448,120.51668713327267,0.02059261634507161,0.0002524948933207014,81.55656565662224,2.012651920994923,0.9392586802756142
198,0.0,198.0,198.0,140.5471930511412,40.15085186935017,45.42431086949561,54.972030312295416,83.6,1.6722000000000001,123.35305278646966,3458.9124109696963,60.00000000000024,60.0,7.977565503206532,7.513205485110931,599.9999587739113,599.9999587739135,1.6221923519812358,1219.506405728874,1219.5064057360235,1.622195,1.6221950000000567,267.8188125100604,100.56309417305893,1.5719221892087811,888.2593022078663,881.9218341266718,1.571315,1.5713149999784919,264.95506443273973,881.9218341266709,1.5212689572034064,122.76694039049802,1.5211736119254762,264.95506443273973,1.520795,1.5207950059268465,98.65714138989735,235.2768461979402,98.65714138996016,1.4207063163104485,329.88452584361914,329.88452347047894,1.4201593563087107,235.2768461979402,329.88452347047894,369.03820802191314,1.4200092293824937,1.411445,1.4114450061317712,8.564223250722591,233.4110964771939,1.361375,1.3613750350579805,51.19250685660759,163.61795046296893,51.19250685659334,1.2604643100652366,190.0,190.0000183813782,1.4201593563087107,163.61795046296893,190.0000183813782,246.74253693287403,1.260228057275533,1.251615,1.2516150081298003,8.613049145732798,161.86324691646627,1.200915,1.2009150120385719,120.51661941428006,0.02059261380699748,0.0002524953376429703,81.55641208755917,2.012651920994923,0.939258672991888
199,0.0,199.0,199.0,140.54719305093727,40.15085186929192,45.4243108694297,54.972030312215665,83.6,1.6722000000000001,123.35305278629072,3458.912410964677,60.000000000000256,60.0,7.977565503205475,7.513205484653522,599.9999587739113,599.9999587739135,1.6221923519812351,1219.506405728874,1219.5064057359523,1.622195,1.6221950000000558,267.81881250967746,100.56309417308195,1.571922189209072,888.259302207885,881.9218341266975,1.571315,1.5713149999787845,264.9550644323606,881.9218341266978,1.5212689571776825,122.76694038930718,1.521173611899751,264.9550644323606,1.520795,1.5207950059011204,98.65703932483744,235.27689678931642,98.65703932490047,1.4207063173606975,329.88438349776334,329.8843811255687,1.4201593573217568,235.27689678931642,329.8843811255687,369.0380813312082,1.4200092303795593,1.411445,1.4114450061218209,8.564224257738395,233.41114602743127,1.361375,1.3613750350463847,51.1925554323334,163.61798321622422,51.19255543232027,1.2604643115520333,190.0,190.00001837955475,1.4201593573217568,163.61798321622422,190.00001837955475,246.7424902920081,1.2602280586814716,1.251615,1.251615008125162,8.613050556309565,161.86328078970124,1.200915,1.2009150120486187,120.51655170930708,0.02059261126565051,0.0002524957815917633,81.55625862670755,2.012651920994923,0.9392586657154463
200,0.0,200.0,200.0,140.54719305073704,40.15085186923472,45.424310869364994,54.97203031213735,83.6,1.6722000000000001,123.35305278611503,3458.9124109597487,60.00000000000024,60.0,7.977565503204403,7.513205484200609,599.9999587739113,599.9999587739135,1.6221923519812342,1219.506405728874,1219.506405735882,1.622195,1.622195000000055,267.81881250930155,100.56309417310462,1.5719221892093573,888.2593022079029,881.9218341267223,1.571315,1.5713149999790719,264.95506443198843,881.9218341267217,1.521268957152301,122.76694038813699,1.5211736118743682,264.95506443198843,1.520795,1.5207950058757367,98.65693726755558,235.27694732772602,98.65693726761742,1.4207063184090327,329.8842412083598,329.8842388371041,1.4201593583330607,235.27694732772602,329.8842388371041,369.0379547144666,1.4200092313749189,1.411445,1.411445006111986,8.564225262932768,233.41119552420312,1.361375,1.361375035034735,51.19260399648537,163.61801595924052,51.19260399647154,1.2604643130379052,190.0,190.0000183777154,1.4201593583330607,163.61801595924052,190.00001837771543,246.7424436463733,1.260228060086513,1.251615,1.251615008120506,8.613051966007035,161.8633146529714,1.200915,1.200915012058558,120.51648401829421,0.020592608720967066,0.0002524962251688831,81.55610527323178,2.012651920994923,0.9392586584465344
201,0.0,201.0,201.0,140.54719305054024,40.1508518691785,45.424310869301394,54.972030312060376,83.6,1.6722000000000001,123.35305278594238,3458.9124109549034,60.000000000000234,60.0,7.977565503203362,7.513205483752246,599.9999587739113,599.9999587739134,1.6221923519812336,1219.506405728874,1219.506405735812,1.622195,1.6221950000000542,267.81881250893207,100.56309417312568,1.571922189209638,888.2593022079187,881.9218341267506,1.571315,1.5713149999793543,264.95506443162304,881.9218341267514,1.5212689571272615,122.76694038699246,1.5211736118493273,264.95506443162304,1.520795,1.520795005850695,98.65683521822382,235.276997813767,98.6568352182863,1.4207063194554994,329.8840989750121,329.88409660468915,1.4201593593426658,235.276997813767,329.88409660468915,369.03782817102393,1.4200092323686153,1.411445,1.4114450061022865,8.5642262663288,233.41124496811767,1.361375,1.3613750350230964,51.19265254901259,163.61804869215413,51.192652548997884,1.260464314522919,190.0,190.00001837580862,1.4201593593426658,163.61804869215413,190.00001837580865,246.74239699605224,1.2602280614907244,1.251615,1.251615008115883,8.613053374841417,161.863348506404,1.200915,1.2009150120684409,120.51641634118191,0.020592606172883526,0.00025249666837614117,81.55595202629357,2.012651920994923,0.9392586511853218
202,0.0,202.0,202.0,140.54719305034462,40.15085186912261,45.42431086923816,54.97203031198386,83.6,1.6722000000000001,123.35305278577069,3458.9124109500885,60.000000000000206,60.0,7.977565503202323,7.513205483308334,599.9999587739113,599.9999587739134,1.622192351981233,1219.506405728874,1219.5064057357429,1.622195,1.6221950000000538,267.8188125085647,100.56309417314827,1.571922189209917,888.2593022079358,881.9218341267754,1.571315,1.571314999979635,264.9550644312589,881.921834126775,1.521268957102567,122.76694038584854,1.5211736118246315,264.9550644312589,1.520795,1.5207950058259985,98.65673317701194,235.27704824807583,98.65673317707561,1.4207063205001071,329.88395679728774,329.88395442789005,1.4201593603505787,235.27704824807583,329.88395442789005,369.03770170018765,1.420009233360655,1.411445,1.411445006092703,8.56422726795203,233.41129435981577,1.361375,1.3613750350114056,51.19270108984941,163.6180814147828,51.19270108983603,1.2604643160070095,190.0,190.00001837388726,1.4201593603505787,163.6180814147828,190.00001837388726,246.74235034122182,1.2602280628940405,1.251615,1.2516150081112418,8.613054782798724,161.86338234981744,1.200915,1.200915012078217,120.51634867791091,0.02059260362134003,0.00025249711121540084,81.55579888505275,2.012651920994923,0.9392586439320557
203,0.0,203.0,203.0,140.54719305015217,40.150851869067644,45.42431086917597,54.9720303119086,83.6,1.6722000000000001,123.35305278560183,3458.9124109453514,60.00000000000024,60.0,7.977565503201294,7.5132054828688215,599.9999587739113,599.9999587739134,1.622192351981232,1219.506405728874,1219.5064057356747,1.622195,1.622195000000053,267.81881250820334,100.56309417316943,1.5719221892101913,888.2593022079541,881.9218341267992,1.571315,1.571314999979911,264.955064430901,881.9218341267989,1.521268957078205,122.76694038472226,1.521173611800268,264.955064430901,1.520795,1.5207950058016342,98.65663114408731,235.27709863120864,98.65663114415058,1.4207063215428866,329.8838146748204,329.88381230634195,1.4201593613568282,235.27709863120864,329.88381230634195,369.03757530133163,1.4200092343510664,1.411445,1.4114450060832433,8.564228267823104,233.4113436998662,1.361375,1.3613750349996976,51.19274961894144,163.61811412717665,51.19274961892727,1.2604643174902135,190.0,190.00001837192292,1.4201593613568282,163.61811412717665,190.00001837192292,246.7423036819866,1.2602280642964985,1.251615,1.2516150081066106,8.613056189887836,161.86341618325545,1.200915,1.2009150120879126,120.51628102842233,0.020592601066276615,0.00025249755368853043,81.55564584866718,2.012651920994923,0.9392586366869231
204,0.0,204.0,204.0,140.54719304996382,40.150851869013835,45.4243108691151,54.97203031183492,83.6,1.6722000000000001,123.35305278543659,3458.9124109407153,60.00000000000023,60.0,7.97756550320029,7.513205482433709,599.9999587739113,599.9999587739134,1.6221923519812314,1219.506405728874,1219.506405735607,1.622195,1.622195000000052,267.8188125078497,100.56309417319056,1.57192218921046,888.2593022079701,881.9218341268189,1.571315,1.5713149999801814,264.9550644305506,881.9218341268185,1.5212689570541655,122.7669403836159,1.5211736117762276,264.9550644305506,1.520795,1.520795005777593,98.65652911961406,235.2771489637206,98.65652911967747,1.420706322583858,329.8836726072519,329.88367023968675,1.4201593623614328,235.2771489637206,329.88367023968675,369.03744897382376,1.420009235339867,1.411445,1.4114450060739037,8.564229265963341,233.41139298883266,1.361375,1.3613750349879792,51.19279813623421,163.61814682932982,51.192798136220674,1.2604643189725382,190.0,190.00001836991132,1.4201593623614328,163.61814682932982,190.00001836991134,246.74225701847675,1.2602280656981049,1.251615,1.251615008101994,8.613057596110751,161.8634500067075,1.200915,1.200915012097533,120.5162133926573,0.02059259850763492,0.0002524979957974266,81.55549291629188,2.012651920994923,0.9392586294501178
205,0.0,205.0,205.0,140.54719304977857,40.150851868960906,45.42431086905521,54.97203031176246,83.6,1.6722000000000001,123.35305278527404,3458.912410936153,60.00000000000026,60.0,7.977565503199286,7.5132054820028955,599.9999587739113,599.9999587739132,1.6221923519812302,1219.506405728874,1219.50640573554,1.622195,1.622195000000051,267.8188125075018,100.56309417321114,1.5719221892107242,888.2593022079881,881.9218341268468,1.571315,1.5713149999804474,264.9550644302076,881.9218341268474,1.521268957030447,122.7669403825447,1.5211736117525076,264.9550644302076,1.520795,1.520795005753872,98.6564271037545,235.27719924620072,98.65642710381692,1.4207063236230355,329.8835305941786,329.88352822752074,1.4201593633644034,235.27719924620072,329.88352822752074,369.0373227170168,1.4200092363270675,1.411445,1.4114450060646717,8.564230262395833,233.41144222731242,1.361375,1.3613750349762173,51.192846641669334,163.61817952114134,51.19284664165573,1.260464320453951,190.0,190.0000183678819,1.4201593633644034,163.61817952114134,190.0000183678819,246.7422103508363,1.260228067098828,1.251615,1.251615008097366,8.61305900146192,161.8634838200731,1.200915,1.2009150121070549,120.51614577055719,0.020592595945359362,0.000252498437544011,81.55534008708482,2.012651920994923,0.9392586222218509
206,0.0,206.0,206.0,140.5471930495943,40.150851868908276,45.42431086899567,54.972030311690396,83.6,1.6722000000000001,123.35305278511237,3458.912410931619,60.000000000000206,60.0,7.977565503198286,7.513205481576391,599.9999587739113,599.9999587739134,1.6221923519812298,1219.506405728874,1219.506405735474,1.622195,1.6221950000000505,267.8188125071558,100.5630941732313,1.5719221892109871,888.259302208004,881.9218341268712,1.571315,1.571314999980712,264.95506442986425,881.9218341268706,1.521268957007055,122.76694038146596,1.5211736117291144,264.95506442986425,1.520795,1.5207950057304778,98.65632509666925,235.27724947922619,98.65632509673284,1.4207063246604563,329.88338863522085,329.88338626946285,1.4201593643657755,235.27724947922619,329.88338626946285,369.03719653028315,1.4200092373127031,1.411445,1.4114450060555603,8.564231257142785,233.41149141588738,1.361375,1.3613750349644356,51.19289513519351,163.61821220263027,51.19289513517912,1.2604643219344756,190.0,190.0000183658135,1.4201593643657755,163.61821220263027,190.00001836581353,246.7421636791841,1.2602280684986908,1.251615,1.2516150080927444,8.613060405946449,161.86351762336346,1.200915,1.2009150121164918,120.51607816206368,0.02059259337939467,0.0002524988789302178,81.55518736020119,2.012651920994923,0.9392586150023047
207,0.0,207.0,207.0,140.54719304941375,40.15085186885669,45.42431086893731,54.97203031161977,83.6,1.6722000000000001,123.35305278495393,3458.912410927173,60.000000000000256,60.0,7.977565503197311,7.513205481154129,599.9999587739113,599.9999587739132,1.622192351981229,1219.506405728874,1219.506405735408,1.622195,1.6221950000000496,267.8188125068168,100.56309417325163,1.5719221892112445,888.2593022080183,881.9218341268969,1.571315,1.571314999980971,264.95506442952905,881.9218341268971,1.5212689569839724,122.76694038041623,1.5211736117060306,264.95506442952905,1.520795,1.5207950057073933,98.6562230985158,235.2772996633125,98.6562230985796,1.420706325696144,329.8832467300379,329.88324436517524,1.4201593653655713,235.2772996633125,329.88324436517524,369.0370704130171,1.4200092382967955,1.411445,1.4114450060465717,8.564232250223736,233.41154055508724,1.361375,1.3613750349526677,51.19294361675755,163.61824487385942,51.19294361674472,1.2604643234141462,190.0,190.00001836368273,1.4201593653655713,163.61824487385942,190.00001836368276,246.74211700362795,1.260228069897728,1.251615,1.2516150080881545,8.613061809573441,161.86355141663492,1.200915,1.2009150121258694,120.51601056711874,0.020592590809687273,0.0002524993199579906,81.55503473479989,2.012651920994923,0.9392586077916399
208,0.0,208.0,208.0,140.54719304923643,40.15085186880603,45.42431086888,54.972030311550405,83.6,1.6722000000000001,123.35305278479834,3458.9124109228082,60.00000000000021,60.0,7.977565503196325,7.513205480736045,599.9999587739113,599.9999587739134,1.622192351981228,1219.506405728874,1219.5064057353432,1.622195,1.622195000000049,267.8188125064839,100.56309417327194,1.5719221892114974,888.259302208035,881.9218341269177,1.571315,1.5713149999812255,264.95506442919947,881.921834126917,1.521268956961195,122.76694037937835,1.5211736116832522,264.95506442919947,1.520795,1.5207950056846142,98.65612110944876,235.27734979901686,98.65612110951311,1.4207063267300952,329.8831048782612,329.8831025142868,1.420159366363784,235.27734979901686,329.8831025142868,369.0369443646138,1.4200092392793375,1.411445,1.411445006037677,8.564233241660446,233.4115896454729,1.361375,1.3613750349408342,51.192992086301935,163.61827753462003,51.19299208628712,1.2604643248928846,190.0,190.0000183615527,1.420159366363784,163.61827753462003,190.00001836155272,246.7420703243427,1.2602280712958616,1.251615,1.251615008083535,8.613063212326466,161.8635851996833,1.200915,1.2009150121351326,120.51594298566505,0.020592588236186128,0.0002524997606293141,81.55488221003652,2.012651920994923,0.9392586005900836
209,0.0,209.0,209.0,140.5471930490584,40.150851868755176,45.42431086882247,54.972030311480786,83.6,1.6722000000000001,123.35305278464213,3458.9124109184263,60.00000000000018,60.0,7.977565503195353,7.513205480322143,599.9999587739113,599.9999587739132,1.6221923519812278,1219.506405728874,1219.5064057352786,1.622195,1.6221950000000485,267.8188125061495,100.56309417329159,1.5719221892117512,888.2593022080512,881.9218341269433,1.571315,1.5713149999814808,264.9550644288684,881.9218341269435,1.5212689569387396,122.76694037834307,1.5211736116607957,264.9550644288684,1.520795,1.5207950056621569,98.65601912962451,235.27739988693193,98.65601912968908,1.4207063277623693,329.882963079485,329.8829607163927,1.4201593673604715,235.27739988693193,329.8829607163927,369.0368183844326,1.4200092402603868,1.411445,1.4114450060289105,8.564234231476231,233.4116386876452,1.361375,1.3613750349290086,51.19304054377949,163.61831018505265,51.19304054376495,1.260464326370765,190.0,190.00001835936538,1.4201593673604715,163.61831018505265,190.00001835936538,246.742023641412,1.260228072693165,1.251615,1.2516150080789428,8.613064614222177,161.8636189726376,1.200915,1.2009150121443306,120.515875417644,0.020592585658840104,0.0002525002009461508,81.55472978507356,2.012651920994923,0.9392585933977723
210,0.0,210.0,210.0,140.54719304888573,40.15085186870584,45.42431086876665,54.97203031141324,83.6,1.6722000000000001,123.35305278449061,3458.9124109141762,60.000000000000185,60.0,7.977565503194396,7.513205479912343,599.9999587739113,599.9999587739132,1.622192351981227,1219.506405728874,1219.5064057352151,1.622195,1.6221950000000476,267.8188125058253,100.5630941733112,1.5719221892119972,888.2593022080658,881.921834126966,1.571315,1.5713149999817286,264.9550644285475,881.9218341269659,1.521268956916572,122.76694037733633,1.5211736116386267,264.9550644285475,1.520795,1.5207950056399873,98.65591715919142,235.27744992749413,98.6559171592554,1.4207063287929598,329.88282133343813,329.8828189712225,1.4201593683556257,235.27744992749413,329.8828189712225,369.03669247193824,1.420009241239934,1.411445,1.4114450060202477,8.564235219686411,233.4116876820516,1.361375,1.3613750349171745,51.19308898914213,163.61834282511532,51.1930889891276,1.2604643278477725,190.0,190.0000183571353,1.4201593683556257,163.61834282511532,190.00001835713533,246.7419769549713,1.260228074089624,1.251615,1.2516150080743638,8.613066015260129,161.86365273545482,1.200915,1.200915012153455,120.51580786299904,0.020592583077600618,0.00025250064091049775,81.55457745907242,2.012651920994923,0.9392585862148799
211,0.0,211.0,211.0,140.54719304871475,40.150851868657,45.424310868711395,54.972030311346366,83.6,1.6722000000000001,123.35305278434059,3458.912410909967,60.00000000000019,60.0,7.977565503193449,7.5132054795066345,599.9999587739113,599.9999587739132,1.6221923519812262,1219.506405728874,1219.506405735152,1.622195,1.6221950000000471,267.81881250550424,100.56309417332955,1.5719221892122412,888.2593022080805,881.921834126994,1.571315,1.571314999981974,264.95506442823034,881.9218341269939,1.5212689568947053,122.76694037634594,1.521173611616759,264.95506442823034,1.520795,1.5207950056181188,98.65581519830049,235.27749992130006,98.65581519836351,1.420706329821889,329.8826796397088,329.88267727836404,1.4201593693492665,235.27749992130006,329.88267727836404,369.03656662650155,1.4200092422179997,1.411445,1.411445006011684,8.564236206315634,233.41173662929475,1.361375,1.3613750349052942,51.19313742233447,163.618375454691,51.19313742232077,1.2604643293238689,190.0,190.00001835489542,1.4201593693492665,163.618375454691,190.00001835489542,246.74193026516957,1.2602280754852002,1.251615,1.251615008069768,8.613067415432107,161.86368648801692,1.200915,1.2009150121624772,120.51574032167277,0.02059258049242063,0.00025250108052436243,81.55442523119724,2.012651920994923,0.9392585790415988
212,0.0,212.0,212.0,140.547193048546,40.1508518686088,45.42431086865686,54.97203031128038,83.6,1.6722000000000001,123.35305278419253,3458.912410905814,60.00000000000019,60.0,7.977565503192506,7.5132054791049425,599.9999587739113,599.9999587739131,1.6221923519812256,1219.506405728874,1219.5064057350896,1.622195,1.6221950000000462,267.8188125051874,100.56309417334847,1.571922189212482,888.2593022080946,881.9218341270144,1.571315,1.5713149999822162,264.95506442791617,881.9218341270139,1.521268956873133,122.7669403753576,1.5211736115951855,264.95506442791617,1.520795,1.5207950055965445,98.65571324709835,235.27754986883244,98.65571324716407,1.4207063308491927,329.8825379979847,329.882535637505,1.4201593703414277,235.27754986883244,329.882535637505,369.03644084756667,1.4200092431946167,1.411445,1.4114450060032353,8.56423719138144,233.41178552986526,1.361375,1.3613750348934195,51.1931858433117,163.61840807387094,51.1931858432971,1.2604643307991064,190.0,190.00001835260173,1.4201593703414277,163.61840807387094,190.00001835260176,246.7418835721043,1.260228076879946,1.251615,1.2516150080651958,8.613068814750324,161.86372023040468,1.200915,1.2009150121714285,120.51567279360746,0.02059257790325362,0.0002525015197897452,81.55427310061657,2.012651920994923,0.9392585718780695
213,0.0,213.0,213.0,140.54719304838216,40.150851868561986,45.424310868603904,54.97203031121629,83.6,1.6722000000000001,123.35305278404876,3458.912410901778,60.000000000000234,60.0,7.977565503191589,7.513205478707272,599.9999587739113,599.9999587739131,1.6221923519812247,1219.506405728874,1219.5064057350278,1.622195,1.6221950000000456,267.8188125048797,100.56309417336657,1.5719221892127155,888.2593022081094,881.9218341270386,1.571315,1.5713149999824514,264.9550644276127,881.9218341270381,1.5212689568518363,122.76694037440863,1.5211736115738876,264.9550644276127,1.520795,1.520795005575246,98.65561130572884,235.27759977056974,98.65561130579381,1.4207063318748712,329.88239640795035,329.88239404833155,1.4201593713321077,235.27759977056974,329.88239404833155,369.03631513457634,1.4200092441697836,1.411445,1.411445005994882,8.564238174901595,233.41183438425267,1.361375,1.361375034881522,51.193234252024936,163.61844068257906,51.19323425201031,1.2604643322734599,190.0,190.0000183502802,1.4201593713321077,163.61844068257906,190.0000183502802,246.74183687591582,1.2602280782738362,1.251615,1.2516150080606256,8.61307021321056,161.86375396254417,1.200915,1.2009150121802972,120.51560527874734,0.020592575310055466,0.00025250195870866706,81.55412106650178,2.012651920994923,0.9392585647244568
214,0.0,214.0,214.0,140.5471930482157,40.15085186851443,45.4243108685501,54.97203031115117,83.6,1.6722000000000001,123.35305278390267,3458.912410897683,60.00000000000014,60.0,7.977565503190657,7.513205478313548,599.9999587739113,599.9999587739131,1.6221923519812247,1219.506405728874,1219.5064057349666,1.622195,1.6221950000000454,267.8188125045671,100.56309417338461,1.571922189212953,888.2593022081254,881.9218341270596,1.571315,1.57131499998269,264.95506442730226,881.9218341270598,1.5212689568308464,122.76694037343317,1.5211736115528967,264.95506442730226,1.520795,1.5207950055542543,98.65550937433751,235.27764962711066,98.65550937440305,1.4207063328989709,329.8822548691916,329.88225251042525,1.4201593723213508,235.27764962711066,329.88225251042525,369.0361894869188,1.4200092451435433,1.411445,1.4114450059866424,8.564239156900966,233.41188319305385,1.361375,1.361375034869613,51.19328264842674,163.6184732808201,51.19328264841369,1.2604643337469401,190.0,190.0000183479219,1.4201593723213508,163.6184732808201,190.0000183479219,246.74179017672014,1.2602280796668814,1.251615,1.2516150080560648,8.613071610816592,161.8637876844329,1.200915,1.200915012189087,120.51553777703596,0.020592572712782965,0.00025250239728315027,81.55396912802748,2.012651920994923,0.9392585575809098
215,0.0,215.0,215.0,140.54719304805687,40.15085186846906,45.42431086849877,54.97203031108906,83.6,1.6722000000000001,123.35305278376335,3458.9124108937717,60.00000000000022,60.0,7.977565503189762,7.513205477923744,599.9999587739113,599.9999587739131,1.6221923519812234,1219.506405728874,1219.506405734906,1.622195,1.622195000000044,267.8188125042689,100.56309417340253,1.5719221892131794,888.259302208139,881.9218341270823,1.571315,1.5713149999829181,264.9550644270074,881.921834127082,1.521268956810113,122.76694037250876,1.5211736115321621,264.9550644270074,1.520795,1.520795005533519,98.65540745306203,235.27769943881967,98.65540745312623,1.4207063339214785,329.88211338149193,329.88211102357553,1.420159373309142,235.27769943881967,329.88211102357553,369.03606390410914,1.420009246115881,1.411445,1.4114450059784902,8.564240137390877,233.41193195665414,1.361375,1.3613750348576812,51.193331032470475,163.61850586854942,51.1933310324568,1.2604643352195373,190.0,190.00001834553623,1.420159373309142,163.61850586854942,190.00001834553623,246.74174347464972,1.2602280810590722,1.251615,1.251615008051505,8.613073007567307,161.8638213960251,1.200915,1.2009150121977892,120.51547028841696,0.0205925701113948,0.0002525028355152224,81.55381728437403,2.012651920994923,0.9392585504475887
216,0.0,216.0,216.0,140.5471930478974,40.1508518684235,45.42431086844723,54.97203031102668,83.6,1.6722000000000001,123.3530527836234,3458.9124108898463,60.000000000000185,60.0,7.977565503188863,7.513205477537824,599.9999587739113,599.9999587739131,1.622192351981223,1219.506405728874,1219.5064057348457,1.622195,1.6221950000000436,267.8188125039694,100.56309417342028,1.5719221892134068,888.2593022081526,881.9218341270993,1.571315,1.5713149999831468,264.9550644267108,881.921834127099,1.521268956789668,122.7669403715732,1.521173611511716,264.9550644267108,1.520795,1.5207950055130723,98.6553055420433,235.2777492062755,98.65530554210861,1.4207063349424416,329.8819719444512,329.8819695873778,1.4201593742955272,235.2777492062755,329.8819695873778,369.0359383855545,1.4200092470868424,1.411445,1.4114450059704466,8.564241116395754,233.4119806756294,1.361375,1.3613750348457454,51.19337940411215,163.61853844579025,51.19337940409794,1.2604643366912707,190.0,190.00001834310964,1.4201593742955272,163.61853844579025,190.00001834310964,246.74169676981626,1.2602280824504282,1.251615,1.2516150080469601,8.613074403468035,161.86385509733753,1.200915,1.2009150122064178,120.51540281283418,0.02059256750585036,0.0002525032734069089,81.55366553472537,2.012651920994923,0.9392585433246251
217,0.0,217.0,217.0,140.54719304774054,40.150851868378695,45.42431086839654,54.97203031096533,83.6,1.6722000000000001,123.35305278348578,3458.912410885986,60.00000000000017,60.0,7.977565503187969,7.513205477155731,599.9999587739113,599.9999587739131,1.6221923519812225,1219.506405728874,1219.506405734786,1.622195,1.6221950000000431,267.81881250367496,100.56309417343738,1.5719221892136304,888.2593022081668,881.9218341271256,1.571315,1.571314999983372,264.95506442642005,881.921834127126,1.5212689567694935,122.76694037066774,1.5211736114915406,264.95506442642005,1.520795,1.5207950054928963,98.65520364141771,235.27779892992916,98.6552036414841,1.4207063359618664,329.8818305577738,329.8818282015384,1.4201593752805104,235.27779892992916,329.8818282015384,369.03581293072455,1.4200092480564308,1.411445,1.411445005962499,8.564242093931806,233.41202935044208,1.361375,1.3613750348337939,51.19342776330598,163.6185710125029,51.193427763290735,1.2604643381621308,190.0,190.00001834065182,1.4201593752805104,163.6185710125029,190.00001834065182,246.74165006235057,1.2602280838409385,1.251615,1.2516150080424204,8.61307579851811,161.86388878832847,1.200915,1.2009150122149648,120.51533535023178,0.02059256489611084,0.00025250371096024196,81.55351387827028,2.012651920994923,0.9392585362121674
218,0.0,218.0,218.0,140.5471930475855,40.1508518683344,45.42431086834643,54.97203031090469,83.6,1.6722000000000001,123.35305278334974,3458.9124108821698,60.00000000000017,60.0,7.977565503187073,7.513205476777423,599.9999587739113,599.9999587739131,1.6221923519812218,1219.506405728874,1219.5064057347277,1.622195,1.6221950000000427,267.8188125033838,100.56309417345523,1.5719221892138515,888.2593022081816,881.9218341271451,1.571315,1.5713149999835945,264.95506442613095,881.9218341271451,1.5212689567495905,122.76694036975923,1.5211736114716365,264.95506442613095,1.520795,1.5207950054729913,98.65510175132127,235.27784861026595,98.65510175138664,1.420706336979778,329.8816892211331,329.88168686573044,1.4201593762641151,235.27784861026595,329.88168686573044,369.03568753908183,1.4200092490246694,1.411445,1.4114450059546513,8.56424307001813,233.41207798158428,1.361375,1.3613750348218354,51.193476110008476,163.6186035686865,51.193476109993505,1.2604643396321258,190.0,190.0000183381572,1.4201593762641151,163.6186035686865,190.00001833815722,246.7416033523662,1.260228085230613,1.251615,1.2516150080378923,8.613077192720642,161.8639224689913,1.200915,1.2009150122234347,120.51526790055476,0.02059256228213896,0.0002525041481772536,81.55336231420378,2.012651920994923,0.9392585291103486
219,0.0,219.0,219.0,140.54719304743432,40.15085186829121,45.42431086829757,54.97203031084556,83.6,1.6722000000000001,123.3530527832171,3458.9124108784467,60.00000000000019,60.0,7.977565503186216,7.5132054764029235,599.9999587739113,599.999958773913,1.622192351981221,1219.506405728874,1219.5064057346692,1.622195,1.6221950000000416,267.81881250309993,100.5630941734718,1.5719221892140671,888.2593022081953,881.921834127162,1.571315,1.5713149999838112,264.95506442585025,881.9218341271619,1.5212689567299447,122.76694036887567,1.5211736114519898,264.95506442585025,1.520795,1.520795005453344,98.65499987188574,235.2778982477282,98.65499987195189,1.420706337996182,329.88154793424275,329.88154557966806,1.4201593772463448,235.2778982477282,329.88154557966806,369.0355622101169,1.4200092499915618,1.411445,1.4114450059468908,8.564244044670932,233.41212656950668,1.361375,1.361375034809856,51.193524444177704,163.6186361143119,51.193524444163124,1.260464341101248,190.0,190.000018335638,1.4201593772463448,163.6186361143119,190.00001833563803,246.74155663999224,1.2602280866194426,1.251615,1.2516150080333668,8.61307858607585,161.86395613929872,1.200915,1.2009150122318262,120.51520046374766,0.020592559663898356,0.00025250458505997634,81.5532108417243,2.012651920994923,0.939258522019299
220,0.0,220.0,220.0,140.54719304728403,40.150851868248274,45.42431086824899,54.97203031078677,83.6,1.6722000000000001,123.3530527830852,3458.9124108747487,60.000000000000156,60.0,7.9775655031853425,7.513205476032112,599.9999587739113,599.9999587739131,1.6221923519812205,1219.506405728874,1219.5064057346117,1.622195,1.6221950000000411,267.8188125028177,100.5630941734878,1.5719221892142816,888.2593022082084,881.9218341271846,1.571315,1.5713149999840272,264.9550644255717,881.9218341271845,1.5212689567105628,122.76694036800325,1.5211736114326069,264.9550644255717,1.520795,1.5207950054339603,98.65489800324245,235.27794784278774,98.65489800330776,1.4207063390111094,329.88140669678637,329.8814043430338,1.4201593782272293,235.27794784278774,329.8814043430338,369.03543694330756,1.4200092509571363,1.411445,1.4114450059392278,8.564245017908423,233.41217511468574,1.361375,1.3613750347978686,51.19357276576987,163.61866864936584,51.193572765754645,1.2604643425695032,190.0,190.00001833308363,1.4201593782272293,163.61866864936584,190.00001833308363,246.74150992535075,1.2602280880074341,1.251615,1.2516150080288484,8.613079978585736,161.86398979922583,1.200915,1.200915012240131,120.51513303975507,0.020592557041354202,0.0002525050216104401,81.55305946003722,2.012651920994923,0.9392585149391612
221,0.0,221.0,221.0,140.54719304713566,40.1508518682059,45.42431086820105,54.97203031072875,83.6,1.6722000000000001,123.35305278295503,3458.9124108710953,60.000000000000185,60.0,7.977565503184497,7.513205475665018,599.9999587739113,599.9999587739129,1.6221923519812198,1219.506405728874,1219.5064057345544,1.622195,1.6221950000000407,267.8188125025392,100.56309417350467,1.571922189214493,888.2593022082214,881.9218341272075,1.571315,1.57131499998424,264.9550644252955,881.9218341272077,1.5212689566914417,122.76694036714088,1.5211736114134844,264.9550644252955,1.520795,1.5207950054148376,98.65479614552245,235.27799739592183,98.65479614558673,1.4207063400245776,329.8812655084432,329.8812631555087,1.4201593792067837,235.27799739592183,329.8812631555087,369.0353117381176,1.420009251921409,1.411445,1.4114450059316592,8.564245989749697,233.41222361760833,1.361375,1.3613750347858706,51.1936210747427,163.618701173839,51.193621074727254,1.2604643440368966,190.0,190.00001833049726,1.4201593792067837,163.618701173839,190.00001833049726,246.74146320855158,1.2602280893945925,1.251615,1.2516150080243407,8.613081370251852,161.8640234487644,1.200915,1.200915012248361,120.51506562852258,0.020592554414473205,0.00025250545783066914,81.55290816835583,2.012651920994923,0.9392585078700472
222,0.0,222.0,222.0,140.54719304698943,40.15085186816412,45.42431086815378,54.97203031067155,83.6,1.6722000000000001,123.35305278282672,3458.912410867497,60.00000000000015,60.0,7.977565503183625,7.513205475301529,599.9999587739113,599.999958773913,1.6221923519812196,1219.506405728874,1219.5064057344982,1.622195,1.6221950000000402,267.81881250226456,100.56309417352142,1.5719221892147015,888.2593022082327,881.9218341272236,1.571315,1.5713149999844498,264.95506442502307,881.9218341272233,1.521268956672573,122.76694036628182,1.521173611394615,264.95506442502307,1.520795,1.5207950053959671,98.65469429885201,235.27804690755545,98.65469429891773,1.4207063410365985,329.88112436893545,329.88112201681287,1.420159380185018,235.27804690755545,329.88112201681287,369.0351865940693,1.4200092528843888,1.411445,1.4114450059241788,8.564246960210076,233.41227207870378,1.361375,1.3613750347738567,51.19366937105588,163.61873368770762,51.19366937104116,1.2604643455034226,190.0,190.00001832788342,1.420159380185018,163.61873368770762,190.00001832788342,246.74141648971866,1.2602280907809118,1.251615,1.2516150080198365,8.613082761075308,161.8640570878877,1.200915,1.200915012256509,120.5149982299954,0.020592551783223088,0.00025250589372268525,81.55275696589827,2.012651920994923,0.9392585008120836
223,0.0,223.0,223.0,140.54719304684676,40.15085186812336,45.42431086810767,54.97203031061574,83.6,1.6722000000000001,123.35305278270154,3458.9124108639835,60.00000000000017,60.0,7.9775655031828,7.513205474941706,599.9999587739113,599.999958773913,1.6221923519812187,1219.506405728874,1219.506405734442,1.622195,1.6221950000000394,267.8188125019966,100.563094173537,1.5719221892149051,888.2593022082441,881.9218341272426,1.571315,1.5713149999846545,264.95506442475823,881.9218341272419,1.521268956653948,122.76694036544886,1.521173611375989,264.95506442475823,1.520795,1.5207950053773407,98.6545924633565,235.27809637810537,98.65459246342095,1.4207063420471968,329.8809832779928,329.8809809266788,1.4201593811619562,235.27809637810537,329.8809809266788,369.0350615106687,1.4200092538460993,1.411445,1.4114450059167942,8.564247929305102,233.41232049840005,1.361375,1.3613750347618605,51.193717654673385,163.61876619103663,51.19371765465754,1.2604643469691157,190.0,190.0000183252168,1.4201593811619562,163.61876619103663,190.00001832521681,246.74136976895758,1.260228092166427,1.251615,1.2516150080153612,8.613084151065875,161.8640907166518,1.200915,1.2009150122645988,120.51493084411953,0.020592549147572713,0.0002525063292885015,81.55260585189001,2.012651920994923,0.9392584937653676
224,0.0,224.0,224.0,140.547193046703,40.15085186808229,45.424310868061205,54.97203031055952,83.6,1.6722000000000001,123.3530527825754,3458.9124108604483,60.00000000000012,60.0,7.9775655031819594,7.513205474585448,599.9999587739113,599.999958773913,1.6221923519812185,1219.506405728874,1219.5064057343866,1.622195,1.6221950000000394,267.8188125017267,100.56309417355293,1.57192218921511,888.2593022082569,881.921834127263,1.571315,1.5713149999848608,264.9550644244907,881.9218341272631,1.5212689566355813,122.76694036461207,1.5211736113576213,264.9550644244907,1.520795,1.5207950053589723,98.6544906391612,235.2781458080749,98.65449063922699,1.4207063430563813,329.88084223526687,329.88083988475427,1.4201593821376046,235.2781458080749,329.88083988475427,369.0349364873956,1.4200092548065466,1.411445,1.4114450059094914,8.564248897055204,233.41236887720007,1.361375,1.3613750347498201,51.19376592554913,163.61879868366645,51.193765925533626,1.2604643484339149,190.0,190.00001832254853,1.4201593821376046,163.61879868366645,190.00001832254853,246.74132304641716,1.260228093551077,1.251615,1.251615008010867,8.613085540210008,161.86412433490048,1.200915,1.2009150122725856,120.51486347084116,0.0205925465074932,0.0002525067645301451,81.5524548255609,2.012651920994923,0.9392584867300474
225,0.0,225.0,225.0,140.54719304656467,40.15085186804277,45.4243108680165,54.97203031050541,83.6,1.6722000000000001,123.35305278245401,3458.912410857039,60.00000000000016,60.0,7.977565503181136,7.513205474232718,599.9999587739113,599.9999587739129,1.6221923519812176,1219.506405728874,1219.506405734332,1.622195,1.6221950000000385,267.8188125014669,100.56309417356823,1.5719221892153072,888.2593022082706,881.9218341272807,1.571315,1.5713149999850595,264.95506442423414,881.9218341272805,1.5212689566174455,122.76694036380636,1.5211736113394847,264.95506442423414,1.520795,1.520795005340835,98.65438882638752,235.2781951978232,98.65438882645459,1.4207063440641774,329.8807012405317,329.88069889081885,1.420159383111987,235.2781951978232,329.88069889081885,369.03481152378924,1.4200092557657544,1.411445,1.4114450059022816,8.564249863472817,233.41241721548002,1.361375,1.3613750347378033,51.19381418365073,163.6188311657478,51.19381418363581,1.2604643498978911,190.0,190.00001831982223,1.420159383111987,163.6188311657478,190.00001831982226,246.741276322172,1.2602280949349325,1.251615,1.2516150080064066,8.613086928525915,161.86415794277474,1.200915,1.2009150122805188,120.51479611010572,0.02059254386295523,0.0002525071994496058,81.55230388615114,2.012651920994923,0.9392584797061949
226,0.0,226.0,226.0,140.54719304642697,40.150851868003436,45.424310867972,54.97203031045156,83.6,1.6722000000000001,123.35305278233321,3458.9124108536503,60.00000000000015,60.0,7.977565503180328,7.5132054738835246,599.9999587739113,599.999958773913,1.6221923519812171,1219.506405728874,1219.5064057342777,1.622195,1.622195000000038,267.8188125012084,100.56309417358413,1.5719221892155035,888.2593022082814,881.921834127296,1.571315,1.571314999985257,264.955064423978,881.9218341272966,1.5212689565995525,122.76694036299757,1.5211736113215906,264.955064423978,1.520795,1.5207950053229404,98.6542870251562,235.27824454781293,98.65428702522266,1.4207063450705926,329.8805602934745,329.8805579445551,1.4201593840851097,235.27824454781293,329.8805579445551,369.03468661936506,1.4200092567237286,1.411445,1.411445005895152,8.564250828576592,233.41246551370048,1.361375,1.3613750347257605,51.19386242893654,163.61886363715115,51.193862428920426,1.260464351360995,190.0,190.00001831708173,1.4201593840851097,163.61886363715115,190.00001831708175,246.7412295963761,1.2602280963179442,1.251615,1.2516150080019401,8.613088316004047,161.86419154014544,1.200915,1.2009150122883616,120.51472876185983,0.020592541213932208,0.0002525076340488926,81.55215303290557,2.012651920994923,0.939258472693943
227,0.0,227.0,227.0,140.54719304629134,40.15085186796469,45.424310867928156,54.97203031039851,83.6,1.6722000000000001,123.35305278221419,3458.912410850311,60.000000000000156,60.0,7.977565503179518,7.513205473537778,599.9999587739113,599.9999587739129,1.6221923519812167,1219.506405728874,1219.5064057342238,1.622195,1.6221950000000374,267.81881250095364,100.56309417359842,1.571922189215697,888.2593022082949,881.9218341273137,1.571315,1.5713149999854514,264.95506442372607,881.9218341273137,1.5212689565818962,122.76694036220651,1.5211736113039334,264.95506442372607,1.520795,1.5207950053052823,98.65418523558614,235.2782938584519,98.654185235653,1.4207063460756522,329.8804193938255,329.8804170456954,1.420159385056996,235.2782938584519,329.8804170456954,369.03456177364825,1.420009257680492,1.411445,1.4114450058881107,8.564251792381183,233.41251377227923,1.361375,1.3613750347137152,51.193910661369536,163.61889609791044,51.193910661353385,1.2604643528232509,190.0,190.00001831430555,1.420159385056996,163.61889609791044,190.00001831430555,246.74118286912523,1.2602280977001363,1.251615,1.2516150079974862,8.613089702650178,161.86422512703973,1.200915,1.2009150122961283,120.51466142605062,0.020592538560398114,0.0002525080683299971,81.55200226507688,2.012651920994923,0.9392584656933866
228,0.0,228.0,228.0,140.54719304615696,40.150851867926306,45.42431086788473,54.97203031034595,83.6,1.6722000000000001,123.35305278209628,3458.9124108470046,60.000000000000135,60.0,7.977565503178723,7.513205473195506,599.9999587739113,599.9999587739129,1.6221923519812163,1219.506405728874,1219.5064057341706,1.622195,1.622195000000037,267.81881250070137,100.56309417361331,1.5719221892158888,888.2593022083062,881.9218341273302,1.571315,1.5713149999856444,264.9550644234762,881.9218341273296,1.5212689565644757,122.7669403614206,1.521173611286512,264.9550644234762,1.520795,1.5207950052878605,98.65408345779466,235.27834313016396,98.65408345786055,1.42070634707937,329.88027854130075,329.88027619395456,1.4201593860276585,235.27834313016396,329.88027619395456,369.034436986167,1.4200092586360569,1.411445,1.4114450058811534,8.564252754903467,233.41256199164516,1.361375,1.361375034701669,51.19395888091664,163.61892854804262,51.193958880900716,1.2604643542846659,190.0,190.00001831149592,1.4201593860276585,163.61892854804262,190.00001831149592,246.74113614052933,1.2602280990815165,1.251615,1.2516150079930468,8.613091088469638,161.86425870347577,1.200915,1.2009150123038304,120.51459410262433,0.02059253590232814,0.0002525085022948922,81.55185158192867,2.012651920994923,0.939258458704606
229,0.0,229.0,229.0,140.54719304602614,40.15085186788893,45.42431086784245,54.97203031029478,83.6,1.6722000000000001,123.35305278198148,3458.9124108437845,60.00000000000015,60.0,7.977565503177919,7.513205472856582,599.9999587739113,599.9999587739129,1.6221923519812156,1219.506405728874,1219.506405734118,1.622195,1.6221950000000362,267.8188125004557,100.56309417362696,1.5719221892160753,888.2593022083175,881.9218341273498,1.571315,1.571314999985832,264.9550644232329,881.9218341273497,1.521268956547273,122.7669403606596,1.5211736112693086,264.9550644232329,1.520795,1.5207950052706563,98.65398169189481,235.27839236330033,98.65398169196052,1.4207063480817481,329.8801377356805,329.88013538911406,1.4201593869970977,235.27839236330033,329.88013538911406,369.0343122564972,1.4200092595904235,1.411445,1.411445005874268,8.564253716155434,233.41261017215828,1.361375,1.361375034689599,51.19400708753842,163.61896098746286,51.1940070875228,1.2604643557452133,190.0,190.00001830867197,1.4201593869970977,163.61896098746286,190.00001830867197,246.741089410727,1.260228100462058,1.251615,1.251615007988602,8.613092473455985,161.86429226936139,1.200915,1.2009150123114396,120.51452679152918,0.0205925332396992,0.0002525089359455687,81.55170098272549,2.012651920994923,0.9392584517277262
230,0.0,230.0,230.0,140.5471930458954,40.150851867851586,45.424310867800195,54.972030310243646,83.6,1.6722000000000001,123.35305278186675,3458.912410840564,60.00000000000016,60.0,7.977565503177161,7.51320547252111,599.9999587739113,599.9999587739129,1.622192351981215,1219.506405728874,1219.5064057340653,1.622195,1.6221950000000356,267.8188125002102,100.56309417364261,1.5719221892162616,888.2593022083294,881.9218341273669,1.571315,1.5713149999860199,264.9550644229901,881.9218341273664,1.5212689565303092,122.76694035989792,1.5211736112523437,264.9550644229901,1.520795,1.5207950052536912,98.65387993800434,235.2784415583455,98.65387993807191,1.4207063490828336,329.8799969766214,329.8799946308313,1.4201593879653582,235.2784415583455,329.8799946308313,369.0341875841288,1.4200092605436365,1.411445,1.4114450058674792,8.56425467615729,233.4126583143087,1.361375,1.3613750346775497,51.19405528120287,163.6189934162727,51.19405528118765,1.2604643572049425,190.0,190.00001830579495,1.4201593879653582,163.6189934162727,190.00001830579495,246.74104267979766,1.2602281018418093,1.251615,1.2516150079841868,8.613093857622545,161.86432582479287,1.200915,1.200915012318992,120.51445949271118,0.02059253057248838,0.00025250936928397215,81.55155046674729,2.012651920994923,0.9392584447628061
231,0.0,231.0,231.0,140.54719304576665,40.150851867814794,45.42431086775858,54.97203031019328,83.6,1.6722000000000001,123.35305278175379,3458.9124108373953,60.000000000000135,60.0,7.977565503176366,7.513205472188902,599.9999587739113,599.9999587739129,1.6221923519812145,1219.506405728874,1219.5064057340142,1.622195,1.6221950000000354,267.81881249996843,100.56309417365685,1.5719221892164452,888.2593022083419,881.9218341273869,1.571315,1.5713149999862044,264.9550644227514,881.9218341273876,1.5212689565135666,122.76694035915426,1.5211736112356005,264.9550644227514,1.520795,1.5207950052369472,98.6537781962337,235.27849071565188,98.65377819630147,1.4207063500826196,329.8798562639029,329.8798539188837,1.4201593889324327,235.27849071565188,329.8798539188837,369.0340629686483,1.4200092614956876,1.411445,1.4114450058607657,8.564255634921913,233.41270641845313,1.361375,1.3613750346654894,51.194103461874214,163.61902583439573,51.19410346185916,1.2604643586638224,190.0,190.00001830289537,1.4201593889324327,163.61902583439573,190.0000183028954,246.74099594787438,1.2602281032207403,1.251615,1.2516150079797759,8.61309524096443,161.8643593696937,1.200915,1.2009150123264665,120.51439220611863,0.020592527900674864,0.0002525098023120642,81.55140003327709,2.012651920994923,0.9392584378099484
232,0.0,232.0,232.0,140.54719304564043,40.15085186777875,45.424310867717786,54.97203031014392,83.6,1.6722000000000001,123.35305278164306,3458.9124108342903,60.000000000000156,60.0,7.977565503175611,7.513205471860038,599.9999587739113,599.9999587739128,1.6221923519812138,1219.506405728874,1219.506405733963,1.622195,1.6221950000000347,267.81881249973145,100.56309417367035,1.5719221892166253,888.2593022083528,881.9218341274048,1.571315,1.5713149999863858,264.95506442251576,881.9218341274039,1.5212689564970399,122.76694035841493,1.5211736112190726,264.95506442251576,1.520795,1.5207950052204187,98.65367646669246,235.2785398355978,98.65367646676124,1.4207063510811155,329.87971559727356,329.8797132530208,1.4201593898983291,235.2785398355978,329.8797132530208,369.0339384096133,1.4200092624465845,1.411445,1.4114450058541221,8.564256592462405,233.41275448497723,1.361375,1.3613750346533993,51.194151629515254,163.61905824176324,51.19415162949846,1.2604643601218362,190.0,190.0000182999861,1.4201593898983291,163.61905824176324,190.0000182999861,246.7409492150842,1.2602281045988337,1.251615,1.2516150079753556,8.61309662347809,161.8643929039922,1.200915,1.2009150123338466,120.51432493169959,0.02059252522423876,0.00025251023503179454,81.55124968160548,2.012651920994923,0.939258430869257
233,0.0,233.0,233.0,140.54719304551574,40.15085186774313,45.42431086767749,54.97203031009515,83.6,1.6722000000000001,123.35305278153363,3458.91241083122,60.000000000000135,60.0,7.977565503174855,7.513205471534455,599.9999587739113,599.9999587739128,1.6221923519812136,1219.506405728874,1219.5064057339123,1.622195,1.6221950000000342,267.8188124994973,100.56309417368468,1.571922189216803,888.259302208365,881.9218341274187,1.571315,1.5713149999865645,264.95506442228395,881.9218341274178,1.5212689564807307,122.76694035768422,1.5211736112027627,264.95506442228395,1.520795,1.5207950052041084,98.65357474949113,235.2785889185768,98.65357474956019,1.4207063520783574,329.879574976472,329.8795726329822,1.4201593908630816,235.2785889185768,329.8795726329822,369.0338139065844,1.4200092633963617,1.411445,1.4114450058475667,8.564257548794973,233.4128025142825,1.361375,1.361375034641338,51.19419978409958,163.61909063852048,51.194199784083736,1.2604643615790456,190.0,190.0000182970223,1.4201593908630816,163.61909063852048,190.0000182970223,246.740902481492,1.2602281059761515,1.251615,1.2516150079709714,8.613098005180175,161.8644264278273,1.200915,1.2009150123411805,120.51425766940191,0.020592522543160588,0.0002525106674450761,81.55109941103653,2.012651920994923,0.9392584239407668
234,0.0,234.0,234.0,140.5471930453931,40.150851867708084,45.42431086763785,54.972030310047174,83.6,1.6722000000000001,123.35305278142602,3458.9124108282,60.00000000000014,60.0,7.977565503174089,7.513205471212063,599.9999587739113,599.9999587739128,1.622192351981213,1219.506405728874,1219.5064057338623,1.622195,1.6221950000000336,267.818812499267,100.56309417369732,1.571922189216978,888.2593022083751,881.9218341274321,1.571315,1.5713149999867406,264.9550644220566,881.9218341274334,1.521268956464635,122.76694035696677,1.521173611186666,264.9550644220566,1.520795,1.520795005188011,98.65347304473666,235.27863796497323,98.65347304480507,1.4207063530743465,329.8794344012398,329.87943205850905,1.42015939182669,235.27863796497323,329.87943205850905,369.0336894591277,1.420009264345018,1.411445,1.411445005841084,8.564258503934052,233.41285050675776,1.361375,1.3613750346292584,51.194247925587966,163.61912302452978,51.19424792557256,1.2604643630354,190.0,190.0000182940411,1.42015939182669,163.61912302452978,190.0000182940411,246.74085574725157,1.2602281073526425,1.251615,1.251615007966583,8.613099386059364,161.86445994105688,1.200915,1.2009150123484222,120.514190419174,0.02059251985742302,0.00025251109955384035,81.55094922087689,2.012651920994923,0.9392584170245988
235,0.0,235.0,235.0,140.54719304527126,40.15085186767328,45.42431086759848,54.972030309999525,83.6,1.6722000000000001,123.35305278131912,3458.9124108252017,60.000000000000114,60.0,7.977565503173346,7.5132054708929195,599.9999587739113,599.9999587739128,1.6221923519812127,1219.506405728874,1219.5064057338125,1.622195,1.6221950000000334,267.81881249903824,100.56309417371158,1.5719221892171515,888.2593022083868,881.9218341274463,1.571315,1.5713149999869154,264.9550644218297,881.9218341274471,1.5212689564487536,122.76694035625209,1.5211736111707839,264.9550644218297,1.520795,1.5207950051721284,98.65337135253543,235.278686975175,98.65337135260397,1.4207063540690983,329.8792938713196,329.8792915293425,1.4201593927891683,235.278686975175,329.8792915293425,369.03356506681513,1.4200092652925678,1.411445,1.4114450058346735,8.564259457894297,233.41289846279514,1.361375,1.3613750346171671,51.194296053952016,163.6191553998244,51.19429605393489,1.2604643644909164,190.0,190.00001829103974,1.4201593927891683,163.6191553998244,190.00001829103977,246.74080901245173,1.2602281087283245,1.251615,1.2516150079622013,8.613100766123205,161.86449344371889,1.200915,1.200915012355595,120.51412318096435,0.02059251716700898,0.0002525115313599838,81.55079911044542,2.012651920994923,0.9392584101208024
236,0.0,236.0,236.0,140.5471930451518,40.150851867639155,45.42431086755987,54.9720303099528,83.6,1.6722000000000001,123.35305278121427,3458.912410822262,60.000000000000114,60.0,7.9775655031726025,7.51320547057693,599.9999587739113,599.9999587739128,1.622192351981212,1219.506405728874,1219.5064057337634,1.622195,1.622195000000033,267.8188124988138,100.563094173724,1.571922189217322,888.2593022083962,881.9218341274586,1.571315,1.5713149999870868,264.9550644216076,881.9218341274585,1.521268956433077,122.76694035554969,1.5211736111551064,264.9550644216076,1.520795,1.5207950051564505,98.65326967299109,235.27873594951404,98.65326967305825,1.4207063550626335,329.8791533864939,329.87915104526695,1.4201593937505361,235.27873594951404,329.87915104526695,369.0334407292457,1.42000926623903,1.411445,1.4114450058283425,8.564260410687474,233.41294638273533,1.361375,1.3613750346050868,51.19434416916006,163.6191877644269,51.19434416914399,1.2604643659456107,190.0,190.0000182879978,1.4201593937505361,163.6191877644269,190.00001828799782,246.74076227720292,1.260228110103213,1.251615,1.2516150079578383,8.613102145374585,161.8645269358212,1.200915,1.200915012362697,120.51405595472193,0.02059251447190311,0.0002525119628654007,81.55064907906866,2.012651920994923,0.9392584032294546
237,0.0,237.0,237.0,140.5471930450352,40.150851867605844,45.42431086752218,54.97203030990719,83.6,1.6722000000000001,123.35305278111197,3458.9124108193887,60.00000000000014,60.0,7.977565503171885,7.513205470264104,599.9999587739113,599.9999587739127,1.6221923519812114,1219.506405728874,1219.5064057337147,1.622195,1.6221950000000323,267.8188124985949,100.56309417373751,1.5719221892174884,888.2593022084061,881.9218341274794,1.571315,1.5713149999872542,264.9550644213915,881.9218341274797,1.5212689564175994,122.76694035487947,1.5211736111396281,264.9550644213915,1.520795,1.5207950051409715,98.65316800620688,235.278784888359,98.65316800627411,1.42070635605496,329.87901294652124,329.8790106060416,1.4201593947107995,235.278784888359,329.8790106060416,369.0333164460023,1.4200092671844105,1.411445,1.4114450058220827,8.564261362327796,233.41299426695412,1.361375,1.3613750345930073,51.194392271181854,163.61922011832237,51.19439227116568,1.2604643673994793,190.0,190.00001828492606,1.4201593947107995,163.61922011832237,190.00001828492609,246.74071554160963,1.2602281114773044,1.251615,1.251615007953488,8.61310352381639,161.86456041735238,1.200915,1.2009150123697312,120.51398874039573,0.020592511772090358,0.0002525123940719656,81.55049912608064,2.012651920994923,0.9392583963506187
238,0.0,238.0,238.0,140.54719304491636,40.150851867571895,45.42431086748377,54.97203030986071,83.6,1.6722000000000001,123.35305278100768,3458.9124108164674,60.00000000000008,60.0,7.977565503171143,7.513205469954371,599.9999587739113,599.9999587739129,1.6221923519812116,1219.506405728874,1219.5064057336665,1.622195,1.6221950000000323,267.81881249837176,100.56309417375023,1.5719221892176578,888.2593022084155,881.9218341274945,1.571315,1.5713149999874247,264.9550644211696,881.9218341274947,1.5212689564023414,122.76694035418122,1.5211736111243692,264.9550644211696,1.520795,1.520795005125712,98.6530663522852,235.27883379213327,98.65306635235503,1.4207063570461023,329.8788725511039,329.8788702113647,1.4201593956699818,235.27883379213327,329.8788702113647,369.03319221664543,1.4200092681287322,1.411445,1.4114450058158992,8.564262312833026,233.4130421158722,1.361375,1.3613750345809184,51.19444035998658,163.6192524614816,51.194440359970145,1.2604643688525128,190.0,190.00001828183366,1.4201593956699818,163.6192524614816,190.00001828183366,246.74066880579127,1.2602281128505894,1.251615,1.251615007949142,8.61310490144751,161.8645938882792,1.200915,1.2009150123766892,120.51392153793488,0.02059250906755754,0.00025251282498154536,81.55034925082528,2.012651920994923,0.9392583894843625
239,0.0,239.0,239.0,140.54719304480432,40.150851867539885,45.42431086744756,54.97203030981689,83.6,1.6722000000000001,123.35305278090941,3458.912410813706,60.000000000000156,60.0,7.977565503170443,7.5132054696477315,599.9999587739113,599.9999587739127,1.6221923519812105,1219.506405728874,1219.506405733619,1.622195,1.6221950000000311,267.8188124981614,100.56309417376247,1.5719221892178175,888.259302208426,881.9218341275056,1.571315,1.5713149999875857,264.95506442096195,881.9218341275051,1.521268956387261,122.76694035352614,1.521173611109288,264.95506442096195,1.520795,1.5207950051106303,98.65296471132494,235.27888266108118,98.65296471139342,1.4207063580360568,329.87873220010255,329.87872986110386,1.4201593966280783,235.27888266108118,329.87872986110386,369.03306804082297,1.42000926907199,1.411445,1.4114450058097805,8.564263262209604,233.41308992975345,1.361375,1.361375034568834,51.19448843554453,163.61928479392003,51.19448843552828,1.2604643703047256,190.0,190.00001827870838,1.4201593966280783,163.61928479392003,190.00001827870838,246.74062206984414,1.2602281142230822,1.251615,1.25161500794481,8.613106278272165,161.86462734861064,1.200915,1.2009150123835768,120.51385434728948,0.020592506358292087,0.00025251325559598844,81.55019945265491,2.012651920994923,0.9392583826307499
240,0.0,240.0,240.0,140.54719304469114,40.150851867507555,45.42431086741098,54.97203030977262,83.6,1.6722000000000001,123.35305278081009,3458.912410810921,60.000000000000114,60.0,7.977565503169718,7.51320546934412,599.9999587739113,599.9999587739128,1.6221923519812103,1219.506405728874,1219.5064057335717,1.622195,1.622195000000031,267.8188124979489,100.56309417377474,1.5719221892179789,888.259302208435,881.9218341275235,1.571315,1.5713149999877478,264.955064420752,881.9218341275239,1.5212689563723865,122.76694035287211,1.5211736110944125,264.955064420752,1.520795,1.5207950050957546,98.65286308342533,235.27893149563403,98.65286308349309,1.4207063590248492,329.8785918932162,329.8785895549516,1.4201593975851132,235.27893149563403,329.8785895549516,369.0329439181068,1.4200092700142084,1.411445,1.4114450058037327,8.564264210475736,233.41313770902264,1.361375,1.3613750345567401,51.194536497826704,163.6193171156114,51.194536497810766,1.2604643717561084,190.0,190.00001827556392,1.4201593975851132,163.6193171156114,190.00001827556392,246.74057533387926,1.2602281155947734,1.251615,1.2516150079404829,8.613107654290575,161.86466079832184,1.200915,1.2009150123903898,120.5137871684087,0.02059250364428229,0.0002525136859171304,81.55004973092947,2.012651920994923,0.939258375789837
241,0.0,241.0,241.0,140.54719304457967,40.150851867475716,45.424310867374956,54.97203030972903,83.6,1.6722000000000001,123.3530527807123,3458.9124108081783,60.00000000000011,60.0,7.977565503169023,7.513205469043557,599.9999587739113,599.9999587739128,1.6221923519812098,1219.506405728874,1219.506405733525,1.622195,1.6221950000000307,267.8188124977396,100.56309417378692,1.5719221892181379,888.259302208446,881.9218341275379,1.571315,1.571314999987908,264.95506442054426,881.921834127538,1.5212689563577053,122.76694035221952,1.5211736110797307,264.95506442054426,1.520795,1.5207950050810721,98.65276146868327,235.2789802961084,98.65276146875122,1.420706360012489,329.8784516302367,329.8784492927026,1.4201593985410947,235.2789802961084,329.8784492927026,369.03281984811287,1.420009270955395,1.411445,1.411445005797752,8.564265157643192,233.41318545400654,1.361375,1.3613750345446376,51.1945845468038,163.6193494265403,51.19458454678617,1.260464373206661,190.0,190.00001827239822,1.4201593985410947,163.6193494265403,190.00001827239822,246.74052859800457,1.2602281169656633,1.251615,1.2516150079361594,8.613109029503851,161.86469423739146,1.200915,1.2009150123971233,120.513720001243,0.02059250092551744,0.0002525141159467909,81.54990008501797,2.012651920994923,0.9392583689616885
242,0.0,242.0,242.0,140.5471930444698,40.150851867444324,45.42431086733944,54.97203030968605,83.6,1.6722000000000001,123.35305278061587,3458.912410805472,60.00000000000012,60.0,7.9775655031683375,7.513205468745998,599.9999587739113,599.9999587739127,1.6221923519812094,1219.506405728874,1219.5064057334785,1.622195,1.6221950000000303,267.81881249753326,100.56309417379953,1.5719221892182946,888.2593022084565,881.9218341275558,1.571315,1.5713149999880656,264.955064420341,881.9218341275562,1.5212689563432154,122.76694035158572,1.52117361106524,264.955064420341,1.520795,1.5207950050665808,98.65265986719506,235.2790290628442,98.65265986726384,1.4207063609989996,329.87831141094244,329.8783090741358,1.4201593994960449,235.2790290628442,329.8783090741358,369.0326958304526,1.4200092718955715,1.411445,1.4114450057918473,8.564266103724183,233.4132331650518,1.361375,1.3613750345325581,51.194632582451376,163.61938172678623,51.19463258243561,1.2604643746564195,190.0,190.0000182691878,1.4201593994960449,163.61938172678623,190.0000182691878,246.74048186230232,1.2602281183357873,1.251615,1.2516150079318653,8.613110403921986,161.86472766589378,1.200915,1.2009150124038055,120.5136528457424,0.0205924982019881,0.00025251454568676586,81.54975051430212,2.012651920994923,0.9392583621463296
243,0.0,243.0,243.0,140.5471930443604,40.15085186741307,45.42431086730409,54.97203030964326,83.6,1.6722000000000001,123.35305278051987,3458.912410802779,60.00000000000011,60.0,7.977565503167646,7.513205468451374,599.9999587739113,599.9999587739127,1.6221923519812091,1219.506405728874,1219.5064057334328,1.622195,1.6221950000000298,267.81881249732777,100.56309417381064,1.5719221892184507,888.2593022084662,881.921834127571,1.571315,1.5713149999882225,264.9550644201368,881.9218341275712,1.5212689563289208,122.76694035094474,1.5211736110509446,264.9550644201368,1.520795,1.5207950050522852,98.65255827905627,235.2790777962058,98.65255827912401,1.4207063619843892,329.8781712350774,329.8781688989936,1.4201594004499707,235.2790777962058,329.8781688989936,369.0325718647282,1.4200092728347449,1.411445,1.411445005786011,8.564267048733809,233.4132808425243,1.361375,1.3613750345204765,51.19468060474047,163.61941401629002,51.19468060472434,1.2604643761053582,190.0,190.0000182659531,1.4201594004499707,163.61941401629002,190.0000182659531,246.74043512689633,1.2602281197051206,1.251615,1.251615007927579,8.613111777541649,161.8647610837686,1.200915,1.200915012410416,120.51358570185776,0.02059249547368556,0.0002525149751388503,81.54960101816683,2.012651920994923,0.9392583553438254
244,0.0,244.0,244.0,140.54719304425618,40.150851867383295,45.4243108672704,54.97203030960249,83.6,1.6722000000000001,123.35305278042843,3458.912410800213,60.00000000000015,60.0,7.97756550316697,7.513205468159673,599.9999587739113,599.9999587739127,1.6221923519812083,1219.506405728874,1219.5064057333875,1.622195,1.622195000000029,267.81881249713206,100.56309417382299,1.5719221892185993,888.2593022084757,881.9218341275811,1.571315,1.5713149999883722,264.95506441994286,881.9218341275811,1.521268956314793,122.76694035033152,1.5211736110368164,264.95506441994286,1.520795,1.5207950050381562,98.65245670435714,235.2791264964375,98.65245670442775,1.4207063629686512,329.8780311025085,329.8780287671454,1.4201594014028645,235.2791264964375,329.8780287671454,369.03244795061977,1.4200092737729066,1.411445,1.411445005780228,8.564267992678731,233.41332848667997,1.361375,1.3613750345083813,51.19472861364377,163.61944629501787,51.19472861362697,1.260464377553469,190.0,190.00001826270397,1.4201594014028645,163.61944629501787,190.00001826270397,246.74038839189308,1.2602281210736541,1.251615,1.2516150079232915,8.613113150362617,161.86479449097965,1.200915,1.2009150124169454,120.51351856953971,0.020592492740602375,0.0002525154043048188,81.54945159600864,2.012651920994923,0.9392583485542332
245,0.0,245.0,245.0,140.547193044149,40.15085186735268,45.42431086723576,54.97203030956057,83.6,1.6722000000000001,123.3530527803344,3458.9124107975767,60.00000000000009,60.0,7.977565503166279,7.5132054678708675,599.9999587739113,599.9999587739128,1.6221923519812083,1219.506405728874,1219.5064057333427,1.622195,1.622195000000029,267.8188124969308,100.5630941738342,1.571922189218752,888.2593022084844,881.9218341275918,1.571315,1.5713149999885259,264.95506441974356,881.9218341275919,1.5212689563008668,122.76694034970247,1.521173611022889,264.95506441974356,1.520795,1.5207950050242287,98.65235514319161,235.2791751639629,98.65235514326153,1.4207063639518325,329.8778910129222,329.87788867827413,1.420159402354771,235.2791751639629,329.87788867827413,369.03232408769276,1.420009274710102,1.411445,1.411445005774525,8.564268935577157,233.41337609793928,1.361375,1.3613750344963034,51.194776609136575,163.6194785630306,51.19477660912119,1.260464379000783,190.0,190.00001825941558,1.420159402354771,163.6194785630306,190.0000182594156,246.74034165737748,1.2602281224414198,1.251615,1.251615007919027,8.613114522392884,161.86482788758053,1.200915,1.2009150124234131,120.5134514487389,0.02059249000273131,0.00025251583318642256,81.54930224723248,2.012651920994923,0.9392583417775812
246,0.0,246.0,246.0,140.54719304404483,40.15085186732292,45.4243108672021,54.97203030951984,83.6,1.6722000000000001,123.35305278024302,3458.912410795013,60.00000000000011,60.0,7.977565503165624,7.5132054675849735,599.9999587739113,599.9999587739127,1.6221923519812076,1219.506405728874,1219.506405733298,1.622195,1.6221950000000285,267.8188124967353,100.56309417384676,1.5719221892189004,888.259302208494,881.9218341276022,1.571315,1.571314999988675,264.95506441954984,881.9218341276027,1.5212689562871164,122.76694034908982,1.5211736110091383,264.95506441954984,1.520795,1.520795005010477,98.6522535956506,235.27922379906815,98.65225359571919,1.4207063649339182,329.87775096614143,329.87774863220613,1.420159403305675,235.27922379906815,329.87774863220613,369.0322002755971,1.4200092756463156,1.411445,1.4114450057688759,8.564269877439745,233.4134236766005,1.361375,1.3613750344842037,51.194824591190155,163.61951082024476,51.19482459117352,1.260464380447267,190.0,190.0000182561206,1.420159403305675,163.61951082024476,190.00001825612063,246.74029492347103,1.2602281238083841,1.251615,1.2516150079147572,8.6131158936269,161.86486127349167,1.200915,1.2009150124298014,120.51338433940717,0.02059248726006702,0.0002525162617854052,81.54915297125316,2.012651920994923,0.9392583350139242
247,0.0,247.0,247.0,140.54719304394462,40.15085186729429,45.424310867169716,54.97203030948064,83.6,1.6722000000000001,123.35305278015507,3458.912410792544,60.00000000000013,60.0,7.977565503164962,7.5132054673018915,599.9999587739113,599.9999587739127,1.6221923519812071,1219.506405728874,1219.506405733254,1.622195,1.6221950000000278,267.8188124965471,100.56309417385663,1.5719221892190436,888.2593022085025,881.9218341276214,1.571315,1.5713149999888192,264.95506441936493,881.9218341276211,1.5212689562735315,122.76694034851751,1.5211736109955525,264.95506441936493,1.520795,1.520795004996891,98.65215206182125,235.279272402014,98.6521520618909,1.4207063659149295,329.87761096200364,329.8776086287785,1.4201594042555963,235.279272402014,329.8776086287785,369.03207651401095,1.4200092765815664,1.411445,1.4114450057632917,8.56427081827471,233.41347122292962,1.361375,1.3613750344721245,51.194872559783136,163.61954306674704,51.19487255976616,1.2604643818929613,190.0,190.00001825278466,1.4201594042555963,163.61954306674704,190.00001825278466,246.74024819025107,1.2602281251745868,1.251615,1.2516150079105117,8.613117264075099,161.86489464878906,1.200915,1.2009150124361303,120.5133172414951,0.02059248451260377,0.00025251669010348265,81.549003767493,2.012651920994923,0.9392583282632877
248,0.0,248.0,248.0,140.54719304384176,40.15085186726491,45.42431086713647,54.97203030944041,83.6,1.6722000000000001,123.3530527800648,3458.9124107900134,60.00000000000008,60.0,7.977565503164287,7.513205467021616,599.9999587739113,599.9999587739127,1.6221923519812071,1219.506405728874,1219.5064057332106,1.622195,1.6221950000000278,267.8188124963539,100.56309417386875,1.5719221892191901,888.2593022085123,881.9218341276371,1.571315,1.5713149999889666,264.9550644191733,881.921834127638,1.5212689562601402,122.76694034791818,1.5211736109821605,264.9550644191733,1.520795,1.5207950049834986,98.65205054179414,235.27932097321874,98.65205054186413,1.4207063668948876,329.87747100020783,329.87746866768754,1.420159405204555,235.27932097321874,329.87746866768754,369.0319528025133,1.420009277515874,1.411445,1.4114450057577739,8.56427175810004,233.413518737343,1.361375,1.3613750344600326,51.19492051488654,163.6195753024545,51.19492051486911,1.2604643833378357,190.0,190.0000182494357,1.420159405204555,163.6195753024545,190.0000182494357,246.74020145783845,1.2602281265399984,1.251615,1.2516150079062662,8.613118633732153,161.86492801339077,1.200915,1.2009150124423804,120.51325015495563,0.02059248176033812,0.0002525171181423689,81.54885463538398,2.012651920994923,0.9392583215257215
249,0.0,249.0,249.0,140.54719304374274,40.15085186723662,45.42431086710446,54.972030309401674,83.6,1.6722000000000001,123.35305277997794,3458.9124107875755,60.00000000000011,60.0,7.977565503163651,7.513205466744159,599.9999587739113,599.9999587739126,1.6221923519812065,1219.506405728874,1219.5064057331674,1.622195,1.6221950000000271,267.81881249616805,100.56309417387943,1.5719221892193314,888.2593022085221,881.9218341276548,1.571315,1.5713149999891087,264.9550644189896,881.921834127654,1.5212689562469122,122.76694034734716,1.5211736109689318,264.9550644189896,1.520795,1.5207950049702692,98.65194903565424,235.27936951290008,98.65194903572292,1.4207063678737974,329.8773310806281,329.8773287488103,1.4201594061525546,235.27936951290008,329.8773287488103,369.0318291408061,1.4200092784492424,1.411445,1.4114450057523202,8.56427269692217,233.41356622007095,1.361375,1.361375034447965,51.1949684564815,163.61960752746327,51.19496845646485,1.26046438478193,190.0,190.00001824604362,1.4201594061525546,163.61960752746327,190.00001824604365,246.74015472630578,1.260228127904658,1.251615,1.2516150079020485,8.613120002609609,161.86496136738765,1.200915,1.2009150124485788,120.51318307973939,0.02059247900326599,0.0002525175459037397,81.54870557436786,2.012651920994923,0.9392583148012366
250,0.0,250.0,250.0,140.5471930436452,40.15085186720876,45.42431086707293,54.972030309363525,83.6,1.6722000000000001,123.35305277989235,3458.912410785174,60.00000000000011,60.0,7.977565503163016,7.513205466469473,599.9999587739113,599.9999587739127,1.6221923519812063,1219.506405728874,1219.5064057331244,1.622195,1.622195000000027,267.8188124959848,100.56309417389014,1.5719221892194704,888.2593022085306,881.9218341276651,1.571315,1.5713149999892488,264.95506441880735,881.9218341276652,1.521268956233854,122.76694034677173,1.521173610955873,264.95506441880735,1.520795,1.52079500495721,98.65184754348707,235.27941802139762,98.65184754355762,1.4207063688516643,329.87719120303325,329.8771888719147,1.4201594070995995,235.27941802139762,329.8771888719147,369.03170552852225,1.4200092793816752,1.411445,1.4114450057469208,8.564273634754427,233.41361367145487,1.361375,1.3613750344358815,51.19501638454007,163.6196397416746,51.19501638452261,1.2604643862252056,190.0,190.0000182426426,1.4201594070995995,163.6196397416746,190.00001824264262,246.74010799577772,1.260228129268528,1.251615,1.2516150078978274,8.613121370700583,161.86499471068026,1.200915,1.200915012454697,120.51311601579951,0.020592476241385604,0.0002525179733892767,81.54855658389374,2.012651920994923,0.9392583080898869
251,0.0,251.0,251.0,140.5471930435482,40.15085186718104,45.424310867041584,54.97203030932558,83.6,1.6722000000000001,123.35305277980721,3458.9124107827874,60.00000000000008,60.0,7.977565503162383,7.513205466197508,599.9999587739113,599.9999587739127,1.6221923519812058,1219.506405728874,1219.5064057330824,1.622195,1.6221950000000267,267.81881249580266,100.56309417390048,1.571922189219609,888.259302208539,881.9218341276722,1.571315,1.571314999989388,264.955064418627,881.9218341276721,1.5212689562209658,122.76694034619864,1.521173610942984,264.955064418627,1.520795,1.5207950049443208,98.65174606537651,235.27946649900568,98.65174606544716,1.4207063698285063,329.87705136722616,329.8770490368024,1.4201594080457063,235.27946649900568,329.8770490368024,369.03158196532115,1.4200092803131896,1.411445,1.4114450057415817,8.56427457160791,233.41366109179253,1.361375,1.3613750344237987,51.195064299041185,163.61967194512266,51.1950642990237,1.2604643876676815,190.0,190.00001823921934,1.4201594080457063,163.61967194512266,190.00001823921937,246.74006126634282,1.2602281306316265,1.251615,1.2516150078936161,8.613122738010404,161.86502804329905,1.200915,1.2009150124607477,120.51304896308822,0.020592473474695065,0.00025251840060063244,81.54840766341955,2.012651920994923,0.9392583013916906
252,0.0,252.0,252.0,140.54719304345323,40.15085186715392,45.4243108670109,54.97203030928845,83.6,1.6722000000000001,123.3530527797239,3458.9124107804487,60.000000000000114,60.0,7.97756550316175,7.513205465928228,599.9999587739113,599.9999587739126,1.6221923519812054,1219.506405728874,1219.5064057330405,1.622195,1.622195000000026,267.8188124956244,100.56309417391154,1.5719221892197441,888.2593022085467,881.9218341276857,1.571315,1.5713149999895244,264.9550644184511,881.9218341276855,1.5212689562082413,122.76694034564728,1.521173610930259,264.9550644184511,1.520795,1.520795004931595,98.65164460140662,235.27951494601643,98.65164460147578,1.4207063708043366,329.8769115730134,329.87690924328285,1.4201594089908873,235.27951494601643,329.87690924328285,369.03145845086067,1.420009281243797,1.411445,1.4114450057363033,8.564275507493724,233.41370848138533,1.361375,1.3613750344117226,51.19511219996078,163.6197041378118,51.19511219994377,1.2604643891093636,190.0,190.00001823576818,1.4201594089908873,163.6197041378118,190.0000182357682,246.74001453809566,1.2602281319939597,1.251615,1.251615007889418,8.613124104541736,161.86506136524278,1.200915,1.2009150124667296,120.51298192155829,0.020592470703193328,0.0002525188275394409,81.54825881241267,2.012651920994923,0.9392582947066798
253,0.0,253.0,253.0,140.5471930433571,40.15085186712645,45.42431086697982,54.97203030925084,83.6,1.6722000000000001,123.35305277963953,3458.912410778083,60.00000000000006,60.0,7.977565503161125,7.513205465661654,599.9999587739113,599.9999587739126,1.6221923519812054,1219.506405728874,1219.5064057329992,1.622195,1.622195000000026,267.8188124954438,100.56309417392161,1.5719221892198811,888.2593022085543,881.9218341277008,1.571315,1.571314999989662,264.955064418272,881.9218341277008,1.5212689561956934,122.7669403450876,1.5211736109177103,264.955064418272,1.520795,1.520795004919046,98.65154315165996,235.27956336276475,98.65154315173115,1.4207063717791784,329.8767718201621,329.8767694911198,1.4201594099351644,235.27956336276475,329.8767694911198,369.03133498478877,1.4200092821735188,1.411445,1.4114450057310937,8.56427644242519,233.4137558405665,1.361375,1.3613750343996698,51.19516008728014,163.61973631980047,51.19516008726333,1.2604643905502737,190.0,190.00001823227743,1.4201594099351644,163.61973631980047,190.00001823227745,246.73996781111313,1.2602281333555492,1.251615,1.2516150078852464,8.613125470302796,161.86509467656856,1.200915,1.200915012472663,120.51291489116173,0.02059246792688034,0.0002525192542073127,81.5481100303519,2.012651920994923,0.9392582880348523
254,0.0,254.0,254.0,140.547193043266,40.15085186710042,45.42431086695038,54.97203030921521,83.6,1.6722000000000001,123.35305277955959,3458.9124107758403,60.000000000000085,60.0,7.977565503160509,7.513205465397711,599.9999587739113,599.9999587739126,1.6221923519812047,1219.506405728874,1219.5064057329582,1.622195,1.6221950000000254,267.8188124952727,100.56309417393186,1.5719221892200113,888.2593022085624,881.9218341277151,1.571315,1.571314999989793,264.955064418103,881.9218341277145,1.5212689561832882,122.76694034456055,1.5211736109053047,264.955064418103,1.520795,1.5207950049066399,98.65144171621453,235.27961174944815,98.65144171628184,1.4207063727530094,329.8766321085608,329.8766297802049,1.4201594108785147,235.27961174944815,329.8766297802049,369.0312115668275,1.4200092831023328,1.411445,1.411445005725925,8.564277376407858,233.41380316954513,1.361375,1.361375034387596,51.19520796097385,163.61976849097545,51.19520796095585,1.2604643919903677,190.0,190.00001822878343,1.4201594108785147,163.61976849097545,190.00001822878343,246.7399210855284,1.260228134716351,1.251615,1.2516150078810664,8.613126835284701,161.86512797716145,1.200915,1.2009150124785124,120.51284787185287,0.02059246514575741,0.0002525196806058633,81.54796131671992,2.012651920994923,0.9392582813762632
255,0.0,255.0,255.0,140.54719304317612,40.15085186707475,45.42431086692134,54.972030309180056,83.6,1.6722000000000001,123.35305277948078,3458.912410773627,60.00000000000011,60.0,7.977565503159908,7.513205465136409,599.9999587739113,599.9999587739126,1.6221923519812043,1219.506405728874,1219.5064057329173,1.622195,1.622195000000025,267.81881249510405,100.56309417394156,1.5719221892201394,888.2593022085696,881.9218341277259,1.571315,1.5713149999899219,264.9550644179357,881.9218341277253,1.5212689561710413,122.76694034403349,1.521173610893057,264.9550644179357,1.520795,1.520795004894392,98.65134029515056,235.27966010639162,98.65134029522038,1.42070637372586,329.87649243798563,329.8764901103132,1.4201594118209673,235.27966010639162,329.8764901103132,369.0310881966265,1.420009284030267,1.411445,1.4114450057208123,8.56427830945461,233.41385046864863,1.361375,1.3613750343755238,51.19525582102205,163.61980065138522,51.195255821005055,1.2604643934296698,190.0,190.00001822526866,1.4201594118209673,163.61980065138522,190.0000182252687,246.73987436141414,1.2602281360763896,1.251615,1.251615007876895,8.613128199494557,161.8651612670662,1.200915,1.200915012484292,120.51278086358437,0.020592462359825633,0.00025252010673667045,81.54781267101072,2.012651920994923,0.939258274730921
256,0.0,256.0,256.0,140.54719304308384,40.15085186704838,45.42431086689151,54.97203030914395,83.6,1.6722000000000001,123.35305277939975,3458.9124107713565,60.00000000000005,60.0,7.977565503159287,7.513205464877688,599.9999587739113,599.9999587739126,1.6221923519812043,1219.506405728874,1219.5064057328773,1.622195,1.6221950000000251,267.8188124949306,100.56309417395171,1.571922189220271,888.2593022085772,881.9218341277369,1.571315,1.5713149999900544,264.95506441776416,881.9218341277369,1.5212689561589683,122.76694034349362,1.5211736108809832,264.95506441776416,1.520795,1.5207950048823178,98.65123888854826,235.2797084339264,98.65123888861923,1.4207063746977586,329.8763528082033,329.87635048120967,1.420159412762549,235.2797084339264,329.87635048120967,369.030964873837,1.4200092849573487,1.411445,1.411445005715769,8.564279241579653,233.41389773820785,1.361375,1.3613750343634696,51.19530366740422,163.6198328010605,51.195303667386256,1.2604643948681986,190.0,190.00001822171848,1.420159412762549,163.6198328010605,190.0000182217185,246.73982763886048,1.260228137435683,1.251615,1.251615007872746,8.613129562937027,161.86519454630698,1.200915,1.2009150124900134,120.51271386630995,0.020592459569087118,0.0002525205326012954,81.54766409272764,2.012651920994923,0.9392582680988335
257,0.0,257.0,257.0,140.54719304299513,40.15085186702305,45.42431086686284,54.972030309109265,83.6,1.6722000000000001,123.35305277932191,3458.9124107691714,60.00000000000009,60.0,7.977565503158696,7.513205464621554,599.9999587739113,599.9999587739125,1.6221923519812038,1219.506405728874,1219.5064057328373,1.622195,1.6221950000000247,267.81881249476413,100.56309417396082,1.5719221892203972,888.2593022085853,881.9218341277467,1.571315,1.5713149999901816,264.9550644175995,881.9218341277463,1.5212689561470412,122.76694034297392,1.5211736108690554,264.9550644175995,1.520795,1.5207950048703893,98.65113749648395,235.27975673226695,98.6511374965562,1.4207063756686975,329.87621321908443,329.87621089276837,1.4201594137032514,235.27975673226695,329.87621089276837,369.0308415981736,1.4200092858835687,1.411445,1.4114450057107795,8.564280172789207,233.41394497844956,1.361375,1.3613750343514284,51.19535150010005,163.6198649400008,51.19535150008256,1.2604643963059516,190.0,190.00001821813828,1.4201594137032514,163.6198649400008,190.00001821813828,246.73978091796164,1.2602281387942293,1.251615,1.2516150078686148,8.613130925614554,161.86522781488304,1.200915,1.2009150124956776,120.51264687998393,0.02059245677354475,0.00025252095820129067,81.54751558137997,2.012651920994923,0.939258261480013
258,0.0,258.0,258.0,140.54719304290862,40.15085186699833,45.42431086683488,54.97203030907543,83.6,1.6722000000000001,123.35305277924603,3458.912410767042,60.0000000000001,60.0,7.977565503158118,7.513205464367987,599.9999587739113,599.9999587739125,1.6221923519812032,1219.506405728874,1219.5064057327977,1.622195,1.6221950000000238,267.8188124946016,100.5630941739705,1.5719221892205208,888.2593022085936,881.9218341277574,1.571315,1.5713149999903058,264.95506441743856,881.921834127757,1.5212689561352615,122.76694034246857,1.5211736108572753,264.95506441743856,1.520795,1.520795004858609,98.6510361190328,235.27980500169352,98.6510361191032,1.4207063766386772,329.8760736704371,329.8760713447947,1.4201594146430747,235.27980500169352,329.8760713447947,369.03071836932554,1.4200092868089267,1.411445,1.411445005705833,8.564281103093707,233.4139921896539,1.361375,1.3613750343393687,51.195399319088715,163.61989706814148,51.195399319071115,1.2604643977429013,190.0,190.000018214555,1.4201594146430747,163.61989706814148,190.00001821455504,246.73973419881995,1.2602281401520006,1.251615,1.2516150078644772,8.613132287523362,161.86526107273068,1.200915,1.200915012501264,120.51257990455947,0.020592453973202487,0.00025252138353818083,81.54736713649021,2.012651920994923,0.9392582548744868
259,0.0,259.0,259.0,140.54719304282108,40.150851866973326,45.424310866806586,54.972030309041195,83.6,1.6722000000000001,123.35305277916922,3458.9124107648886,60.00000000000007,60.0,7.97756550315752,7.513205464116908,599.9999587739113,599.9999587739125,1.6221923519812032,1219.506405728874,1219.5064057327588,1.622195,1.6221950000000238,267.8188124944373,100.56309417398033,1.5719221892206456,888.2593022086014,881.9218341277677,1.571315,1.5713149999904314,264.9550644172754,881.9218341277683,1.521268956123642,122.7669403419541,1.521173610845655,264.9550644172754,1.520795,1.5207950048469885,98.65093475627111,235.2798532425039,98.65093475634102,1.4207063776077333,329.87593416206374,329.87593183709157,1.4201594155820523,235.2798532425039,329.87593183709157,369.0305951869636,1.4200092877334571,1.411445,1.4114450057009518,8.564282032505366,233.41403937212212,1.361375,1.3613750343273332,51.195447124352675,163.6199291855679,51.19544712433445,1.260464399179089,190.0,190.00001821093386,1.4201594155820523,163.6199291855679,190.0000182109339,246.73968748151214,1.2602281415090377,1.251615,1.2516150078603643,8.613133648673443,161.86529431992483,1.200915,1.2009150125067953,120.51251293999162,0.020592451168064595,0.0002525218086134808,81.54721875758524,2.012651920994923,0.9392582482822478
260,0.0,260.0,260.0,140.54719304273738,40.15085186694941,45.42431086677953,54.97203030900845,83.6,1.6722000000000001,123.35305277909575,3458.912410762826,60.000000000000114,60.0,7.977565503156951,7.513205463868343,599.9999587739113,599.9999587739125,1.6221923519812025,1219.506405728874,1219.5064057327202,1.622195,1.6221950000000231,267.81881249428005,100.56309417398853,1.571922189220765,888.2593022086074,881.9218341277817,1.571315,1.5713149999905516,264.95506441712064,881.9218341277813,1.5212689561121584,122.7669403414729,1.521173610834171,264.95506441712064,1.520795,1.520795004835504,98.65083340827142,235.27990145491128,98.65083340834363,1.4207063785758505,329.87579469382933,329.87579236952587,1.4201594165201685,235.27990145491128,329.87579236952587,369.0304720508157,1.4200092886571434,1.411445,1.4114450056961119,8.56428296103151,233.41408652607697,1.361375,1.3613750343152862,51.19549491587069,163.61996129220196,51.19549491585254,1.2604644006144827,190.0,190.00001820730424,1.4201594165201685,163.61996129220196,190.00001820730424,246.73964076614766,1.2602281428653097,1.251615,1.25161500785625,8.613135009059691,161.86532755639055,1.200915,1.2009150125122514,120.5124459862348,0.02059244835813604,0.0002525222334286858,81.54707044420113,2.012651920994923,0.9392582417033227
261,0.0,261.0,261.0,140.54719304265168,40.15085186692494,45.424310866751846,54.972030308974944,83.6,1.6722000000000001,123.35305277902059,3458.9124107607186,60.00000000000009,60.0,7.977565503156367,7.513205463622237,599.9999587739113,599.9999587739125,1.6221923519812023,1219.506405728874,1219.506405732682,1.622195,1.6221950000000231,267.8188124941192,100.56309417399814,1.571922189220887,888.259302208616,881.9218341277912,1.571315,1.5713149999906744,264.9550644169611,881.9218341277912,1.5212689561008355,122.76694034097068,1.521173610822847,264.9550644169611,1.520795,1.5207950048241796,98.65073207510835,235.279949639245,98.65073207518,1.4207063795430646,329.87565526549815,329.8756529418587,1.4201594174574579,235.279949639245,329.8756529418587,369.0303489605429,1.4200092895800196,1.411445,1.4114450056913344,8.564283888685242,233.41413365184488,1.361375,1.361375034303257,51.19554269362646,163.61999338811685,51.19554269360867,1.2604644020491143,190.0,190.00001820364304,1.4201594174574579,163.61999338811685,190.00001820364307,246.7395940527943,1.2602281442208476,1.251615,1.2516150078521566,8.613136368690988,161.86536078219484,1.200915,1.2009150125176526,120.51237904324348,0.02059244554342263,0.00025252265798526814,81.54692219588458,2.012651920994923,0.9392582351376971
262,0.0,262.0,262.0,140.54719304257057,40.15085186690176,45.42431086672562,54.972030308943204,83.6,1.6722000000000001,123.3530527789494,3458.912410758719,60.000000000000135,60.0,7.977565503155813,7.513205463378606,599.9999587739113,599.9999587739125,1.6221923519812018,1219.506405728874,1219.5064057326438,1.622195,1.6221950000000225,267.8188124939669,100.56309417400735,1.5719221892210027,888.2593022086236,881.9218341278008,1.571315,1.5713149999907907,264.9550644168108,881.921834127801,1.5212689560896422,122.76694034049649,1.5211736108116536,264.9550644168108,1.520795,1.5207950048129857,98.65063075685237,235.27999779569242,98.6506307569254,1.42070638050936,329.87551587696225,329.8755135539861,1.4201594183939044,235.27999779569242,329.8755135539861,369.0302259158845,1.4200092905020698,1.411445,1.4114450056865977,8.564284815472112,233.4141807496258,1.361375,1.3613750342912196,51.19559045759944,163.62002547324954,51.19559045758185,1.260464403482959,190.0,190.000018199971,1.4201594183939044,163.62002547324954,190.000018199971,246.73954734156126,1.2602281455756277,1.251615,1.251615007848064,8.61313772756378,161.8653939972738,1.200915,1.200915012522981,120.51231211097299,0.02059244272393073,0.00025252308228468985,81.54677401218788,2.012651920994923,0.9392582285853938
263,0.0,263.0,263.0,140.54719304248806,40.15085186687819,45.42431086669896,54.97203030891094,83.6,1.6722000000000001,123.35305277887701,3458.9124107566904,60.00000000000008,60.0,7.977565503155234,7.513205463137373,599.9999587739113,599.9999587739125,1.6221923519812016,1219.506405728874,1219.5064057326065,1.622195,1.6221950000000223,267.818812493812,100.56309417401702,1.5719221892211204,888.2593022086305,881.9218341278116,1.571315,1.571314999990909,264.95506441665674,881.9218341278122,1.521268956078601,122.76694034001257,1.5211736108006118,264.95506441665674,1.520795,1.5207950048019434,98.65052945357444,235.28004592455474,98.65052945364661,1.4207063814747691,329.8753765280091,329.87537420569134,1.4201594193295386,235.28004592455474,329.87537420569134,369.03010291653214,1.4200092914233244,1.411445,1.4114450056819197,8.564285741404776,233.41422781971693,1.361375,1.3613750342791973,51.1956382077733,163.62005754764982,51.195638207754996,1.2604644049160414,190.0,190.0000181962699,1.4201594193295386,163.62005754764982,190.0000181962699,246.73950063252255,1.2602281469296726,1.251615,1.2516150078439887,8.61313908568384,161.8654272016714,1.200915,1.2009150125282486,120.51224518937849,0.02059243989966714,0.0002525235063283874,81.54662589267335,2.012651920994923,0.939258222046405
264,0.0,264.0,264.0,140.54719304240572,40.150851866854666,45.42431086667234,54.97203030887873,83.6,1.6722000000000001,123.35305277880474,3458.912410754664,60.00000000000006,60.0,7.977565503154673,7.513205462898549,599.9999587739113,599.9999587739125,1.6221923519812016,1219.506405728874,1219.5064057325694,1.622195,1.6221950000000225,267.81881249365733,100.56309417402646,1.571922189221238,888.259302208638,881.9218341278242,1.571315,1.5713149999910276,264.9550644165037,881.9218341278236,1.5212689560677057,122.76694033953433,1.5211736107897158,264.9550644165037,1.520795,1.5207950047910472,98.65042816534503,235.28009402608777,98.6504281654173,1.420706382439297,329.87523721846907,329.875234896807,1.4201594202643653,235.28009402608777,329.875234896807,369.0299799621843,1.420009292343788,1.411445,1.4114450056772951,8.564286666492782,233.41427486238126,1.361375,1.361375034267186,51.195685944131334,163.6200896113222,51.19568594411294,1.260464406348362,190.0,190.00001819254322,1.4201594202643653,163.6200896113222,190.00001819254322,246.73945392576826,1.2602281482829847,1.251615,1.2516150078399295,8.613140443055167,161.86546039539172,1.200915,1.2009150125334607,120.51217827841523,0.020592437070639496,0.000252523930117784,81.54647783691084,2.012651920994923,0.9392582155207237
265,0.0,265.0,265.0,140.5471930423284,40.150851866832575,45.42431086664735,54.97203030884848,83.6,1.6722000000000001,123.35305277873692,3458.912410752758,60.00000000000009,60.0,7.977565503154128,7.513205462662105,599.9999587739113,599.9999587739123,1.622192351981201,1219.506405728874,1219.5064057325326,1.622195,1.6221950000000216,267.8188124935121,100.56309417403392,1.5719221892213482,888.259302208645,881.9218341278316,1.571315,1.5713149999911382,264.95506441635996,881.9218341278314,1.521268956056931,122.7669403390793,1.5211736107789404,264.95506441635996,1.520795,1.5207950047802714,98.65032689223167,235.28014210047084,98.6503268923038,1.4207063834029354,329.8750979482345,329.87509562722727,1.4201594211983752,235.28014210047084,329.87509562722727,369.02985705259954,1.420009293263451,1.411445,1.4114450056727095,8.56428759074146,233.414321877808,1.361375,1.3613750342551745,51.19573366665614,163.62012166424037,51.19573366663736,1.2604644077799096,190.0,190.0000181888019,1.4201594211983752,163.62012166424037,190.0000181888019,246.7394072213891,1.260228149635552,1.251615,1.2516150078358756,8.613141799676427,161.86549357840565,1.200915,1.2009150125386059,120.51211137803922,0.020592434236856277,0.00025252435365428284,81.54632984448004,2.012651920994923,0.9392582090083591
266,0.0,266.0,266.0,140.54719304224898,40.15085186680989,45.42431086662168,54.972030308817416,83.6,1.6722000000000001,123.35305277866719,3458.9124107508037,60.00000000000008,60.0,7.977565503153581,7.513205462428017,599.9999587739113,599.9999587739123,1.6221923519812007,1219.506405728874,1219.5064057324962,1.622195,1.6221950000000216,267.8188124933629,100.56309417404296,1.5719221892214617,888.2593022086515,881.9218341278389,1.571315,1.5713149999912526,264.9550644162121,881.9218341278385,1.5212689560463073,122.76694033861294,1.5211736107683163,264.9550644162121,1.520795,1.5207950047696468,98.65022563430391,235.28019014803274,98.65022563437535,1.4207063843657186,329.8749587170681,329.8749563967116,1.4201594221316012,235.28019014803274,329.8749563967116,369.0297341874478,1.4200092941823461,1.411445,1.4114450056681813,8.564288514164797,233.41436886632079,1.361375,1.3613750342431745,51.195781375330384,163.6201537064257,51.19578137531175,1.2604644092106974,190.0,190.00001818503517,1.4201594221316012,163.6201537064257,190.00001818503517,246.73936051946737,1.2602281509873872,1.251615,1.251615007831836,8.613143155551173,161.8655267507288,1.200915,1.2009150125436874,120.51204448820597,0.02059243139832616,0.00025252477693927166,81.54618191496641,2.012651920994923,0.9392582025093061
267,0.0,267.0,267.0,140.54719304217244,40.150851866788024,45.42431086659695,54.97203030878748,83.6,1.6722000000000001,123.35305277860004,3458.9124107489197,60.00000000000009,60.0,7.977565503153041,7.513205462196237,599.9999587739113,599.9999587739125,1.6221923519812003,1219.506405728874,1219.5064057324603,1.622195,1.6221950000000211,267.8188124932192,100.56309417405124,1.5719221892215705,888.2593022086592,881.9218341278511,1.571315,1.571314999991362,264.95506441607023,881.9218341278506,1.5212689560358084,122.76694033816949,1.5211736107578169,264.95506441607023,1.520795,1.520795004759147,98.65012439162659,235.28023816895572,98.65012439169702,1.42070638532763,329.8748195248628,329.8748172051547,1.4201594230640266,235.28023816895572,329.8748172051547,369.02961136648673,1.4200092951004566,1.411445,1.411445005663688,8.564289436768568,233.41441582811197,1.361375,1.3613750342311566,51.195829070136554,163.62018573781899,51.19582907011844,1.2604644106407017,190.0,190.00001818126827,1.4201594230640266,163.62018573781899,190.00001818126827,246.73931382010412,1.2602281523384673,1.251615,1.2516150078277906,8.61314451067674,161.86555991230676,1.200915,1.2009150125486954,120.51197760887204,0.02059242855505873,0.0002525251999741218,81.5460340479643,2.012651920994923,0.9392581960235671
268,0.0,268.0,268.0,140.54719304209553,40.15085186676605,45.42431086657209,54.972030308757404,83.6,1.6722000000000001,123.35305277853257,3458.9124107470266,60.00000000000008,60.0,7.977565503152501,7.513205461966774,599.9999587739113,599.9999587739123,1.6221923519812,1219.506405728874,1219.5064057324246,1.622195,1.6221950000000207,267.8188124930748,100.56309417405923,1.5719221892216804,888.2593022086663,881.9218341278615,1.571315,1.5713149999914726,264.95506441592727,881.9218341278607,1.5212689560254493,122.76694033772027,1.5211736107474572,264.95506441592727,1.520795,1.520795004748787,98.6500231642665,235.2802861635001,98.65002316433764,1.4207063862887122,329.8746803714379,329.87467805237543,1.420159423995692,235.2802861635001,329.87467805237543,369.02948858943074,1.420009296017823,1.411445,1.41144500565926,8.564290358562987,233.41446276344286,1.361375,1.3613750342191884,51.1958767510646,163.62021775857602,51.19587675104669,1.2604644120699875,190.0,190.0000181774457,1.420159423995692,163.62021775857602,190.0000181774457,246.7392671233463,1.260228153688857,1.251615,1.2516150078237875,8.61314586506956,161.8655930632809,1.200915,1.200915012553667,120.5119107399936,0.02059242570706338,0.00025252562276017614,81.54588624307654,2.012651920994923,0.9392581895511046
269,0.0,269.0,269.0,140.54719304202033,40.15085186674457,45.424310866547785,54.97203030872799,83.6,1.6722000000000001,123.35305277846659,3458.9124107451757,60.00000000000007,60.0,7.977565503151972,7.513205461739602,599.9999587739113,599.9999587739123,1.6221923519811998,1219.506405728874,1219.506405732389,1.622195,1.6221950000000207,267.81881249293366,100.56309417406769,1.5719221892217876,888.2593022086728,881.921834127873,1.571315,1.5713149999915805,264.9550644157878,881.9218341278724,1.5212689560152182,122.76694033728408,1.5211736107372256,264.9550644157878,1.520795,1.520795004738555,98.64992195228871,235.28033413190374,98.64992195236067,1.4207063872489412,329.8745412566348,329.87453893821544,1.4201594249265739,235.28033413190374,329.87453893821544,369.0293658560079,1.420009296934421,1.411445,1.411445005654864,8.564291279556935,233.41450967255662,1.361375,1.3613750342071913,51.195924418093284,163.62024976852825,51.19592441807493,1.2604644134984826,190.0,190.0000181736334,1.4201594249265739,163.62024976852825,190.0000181736334,246.7392204293233,1.2602281550384846,1.251615,1.2516150078197692,8.613147218715422,161.86562620349153,1.200915,1.2009150125585575,120.51184388152723,0.020592422854351578,0.0002525260452987786,81.54573849991377,2.012651920994923,0.9392581830919438
270,0.0,270.0,270.0,140.5471930419465,40.15085186672349,45.42431086652393,54.972030308699125,83.6,1.6722000000000001,123.35305277840185,3458.9124107433595,60.000000000000085,60.0,7.977565503151456,7.513205461514697,599.9999587739113,599.9999587739123,1.6221923519811994,1219.506405728874,1219.506405732354,1.622195,1.62219500000002,267.818812492795,100.56309417407627,1.5719221892218926,888.2593022086793,881.9218341278803,1.571315,1.5713149999916864,264.9550644156507,881.9218341278806,1.5212689560051142,122.76694033685176,1.521173610727121,264.9550644156507,1.520795,1.5207950047284502,98.64982075575637,235.28038207437132,98.64982075582799,1.4207063882083473,329.87440218031924,329.87439986254066,1.4201594258567005,235.28038207437132,329.87439986254066,369.02924316596346,1.420009297850279,1.411445,1.4114450056505219,8.564292199757073,233.4145565556619,1.361375,1.3613750341952224,51.19597207121033,163.62028176779108,51.19597207119119,1.260464414926241,190.0,190.00001816978232,1.4201594258567005,163.62028176779108,190.00001816978235,246.73917373808584,1.2602281563874032,1.251615,1.251615007815776,8.613148571627205,161.8656593330414,1.200915,1.2009150125633932,120.51177703343004,0.02059241999693378,0.0002525264675912404,81.54559081809326,2.012651920994923,0.9392581766460589
271,0.0,271.0,271.0,140.5471930418732,40.15085186670253,45.42431086650023,54.97203030867043,83.6,1.6722000000000001,123.35305277833747,3458.9124107415532,60.000000000000085,60.0,7.977565503150933,7.513205461292012,599.9999587739113,599.9999587739123,1.6221923519811992,1219.506405728874,1219.5064057323195,1.622195,1.62219500000002,267.8188124926573,100.563094174084,1.5719221892219974,888.2593022086852,881.9218341278898,1.571315,1.5713149999917917,264.95506441551385,881.9218341278904,1.5212689559951411,122.76694033642248,1.5211736107171474,264.95506441551385,1.520795,1.5207950047184762,98.64971957473342,235.2804299911673,98.64971957480594,1.420706389166932,329.8742631423105,329.8742608251701,1.420159426786073,235.2804299911673,329.8742608251701,369.0291205190157,1.4200092987653985,1.411445,1.4114450056462233,8.56429311917517,233.41460341302601,1.361375,1.3613750341832545,51.19601971040047,163.6203137563228,51.19601971038246,1.260464416353243,190.0,190.00001816591896,1.420159426786073,163.6203137563228,190.00001816591896,246.73912704972838,1.2602281577355936,1.251615,1.251615007811791,8.613149923802688,161.86569245189372,1.200915,1.200915012568171,120.51171019565896,0.020592417134821676,0.0002525268896388598,81.54544319724134,2.012651920994923,0.9392581702134352
272,0.0,272.0,272.0,140.54719304180034,40.15085186668173,45.42431086647669,54.972030308641955,83.6,1.6722000000000001,123.35305277827356,3458.912410739762,60.00000000000004,60.0,7.977565503150402,7.51320546107153,599.9999587739113,599.9999587739123,1.6221923519811992,1219.506405728874,1219.5064057322852,1.622195,1.62219500000002,267.8188124925205,100.56309417409105,1.5719221892221011,888.2593022086921,881.9218341279025,1.571315,1.571314999991896,264.9550644153786,881.9218341279019,1.5212689559852932,122.76694033600124,1.521173610707299,264.9550644153786,1.520795,1.5207950047086276,98.64961840928125,235.28047788249415,98.64961840935496,1.4207063901246995,329.8741241424757,329.87412182596995,1.420159427714695,235.28047788249415,329.87412182596995,369.0289979149239,1.4200092996797817,1.411445,1.4114450056419645,8.564294037817222,233.41465024485404,1.361375,1.3613750341712767,51.19606733564715,163.62034573408815,51.1960673356274,1.2604644177794766,190.0,190.00001816204843,1.420159427714695,163.62034573408815,190.00001816204846,246.73908036434452,1.2602281590830438,1.251615,1.2516150078078028,8.613151275240982,161.8657255600084,1.200915,1.2009150125728716,120.51164336817102,0.020592414268027763,0.0002525273114429224,81.54529563699161,2.012651920994923,0.9392581637940787
273,0.0,273.0,273.0,140.54719304172917,40.1508518666614,45.42431086645369,54.972030308614116,83.6,1.6722000000000001,123.35305277821111,3458.9124107380094,60.00000000000002,60.0,7.977565503149888,7.513205460853264,599.9999587739113,599.9999587739125,1.622192351981199,1219.506405728874,1219.5064057322513,1.622195,1.6221950000000198,267.8188124923868,100.56309417409949,1.5719221892222028,888.2593022086996,881.9218341279116,1.571315,1.5713149999919984,264.9550644152462,881.9218341279112,1.5212689559755694,122.76694033558401,1.5211736106975746,264.9550644152462,1.520795,1.5207950046989027,98.6495172594615,235.28052574857657,98.64951725953314,1.4207063910816717,329.8739851806613,329.873982864789,1.420159428642587,235.28052574857657,329.873982864789,369.0288753534173,1.4200093005934504,1.411445,1.4114450056377579,8.564294955692553,233.41469705137808,1.361375,1.3613750341593343,51.19611494694184,163.62037770120727,51.196114946923196,1.2604644192049914,190.0,190.00001815813752,1.420159428642587,163.62037770120727,190.00001815813752,246.73903368198262,1.2602281604298027,1.251615,1.2516150078038482,8.613152625954523,161.86575865750075,1.200915,1.200915012577536,120.51157655092419,0.020592411396564134,0.00025252773300468283,81.54514813698609,2.012651920994923,0.9392581573879374
274,0.0,274.0,274.0,140.54719304166028,40.15085186664171,45.42431086643142,54.972030308587165,83.6,1.6722000000000001,123.35305277815067,3458.912410736313,60.00000000000008,60.0,7.977565503149406,7.513205460637186,599.9999587739113,599.9999587739123,1.6221923519811983,1219.506405728874,1219.5064057322174,1.622195,1.6221950000000191,267.8188124922575,100.5630941741068,1.571922189222301,888.259302208705,881.921834127921,1.571315,1.5713149999920972,264.9550644151183,881.9218341279209,1.5212689559659593,122.76694033518442,1.5211736106879639,264.9550644151183,1.520795,1.520795004689292,98.64941612533339,235.2805735896102,98.64941612540721,1.420706392037837,329.8738462567468,329.8738439415056,1.4201594295697366,235.2805735896102,329.8738439415056,369.0287528342721,1.4200093015063915,1.411445,1.411445005633584,8.564295872807381,233.41474383279578,1.361375,1.3613750341473778,51.196162544266244,163.62040965756447,51.19616254424747,1.2604644206297373,190.0,190.0000181542258,1.4201594295697366,163.62040965756447,190.0000181542258,246.73898700276152,1.260228161775821,1.251615,1.251615007799886,8.613153975935095,161.8657917442551,1.200915,1.2009150125821215,120.51150974387583,0.02059240852044447,0.00025252815432539975,81.54500069687178,2.012651920994923,0.9392581509950316
275,0.0,275.0,275.0,140.5471930415905,40.15085186662178,45.42431086640887,54.97203030855987,83.6,1.6722000000000001,123.35305277808942,3458.9124107345942,60.000000000000085,60.0,7.977565503148898,7.5132054604232215,599.9999587739113,599.9999587739122,1.6221923519811983,1219.506405728874,1219.5064057321842,1.622195,1.622195000000019,267.8188124921264,100.56309417411525,1.5719221892224005,888.2593022087112,881.9218341279271,1.571315,1.5713149999921974,264.95506441498856,881.9218341279272,1.5212689559564792,122.76694033477335,1.5211736106784834,264.95506441498856,1.520795,1.5207950046798109,98.6493150069582,235.28062140586292,98.64931500703038,1.4207063929932238,329.87370737053635,329.8737050559235,1.4201594304961715,235.28062140586292,329.8737050559235,369.0286303571969,1.4200093024186322,1.411445,1.411445005629459,8.564296789173254,233.41479058937662,1.361375,1.361375034135431,51.19621012760753,163.62044160321045,51.19621012758905,1.2604644220537415,190.0,190.0000181502931,1.4201594304961715,163.62044160321045,190.0000181502931,246.73894032673903,1.2602281631211258,1.251615,1.2516150077959372,8.613155325188693,161.86582482031767,1.200915,1.2009150125866481,120.51144294698393,0.020592405639681764,0.0002525285754062968,81.54485331630431,2.012651920994923,0.9392581446153296
276,0.0,276.0,276.0,140.5471930415222,40.15085186660227,45.42431086638679,54.97203030853316,83.6,1.6722000000000001,123.35305277802951,3458.912410732915,60.000000000000036,60.0,7.977565503148398,7.5132054602114025,599.9999587739113,599.9999587739123,1.622192351981198,1219.506405728874,1219.5064057321517,1.622195,1.6221950000000187,267.8188124919982,100.56309417412311,1.571922189222498,888.2593022087182,881.921834127935,1.571315,1.5713149999922955,264.9550644148611,881.921834127935,1.5212689559471135,122.76694033436998,1.5211736106691172,264.9550644148611,1.520795,1.5207950046704442,98.64921390439197,235.2806691974883,98.64921390446548,1.4207063939478337,329.8735685219467,329.87356620795936,1.420159431421893,235.2806691974883,329.87356620795936,369.02850792199314,1.4200093033301735,1.411445,1.4114450056253793,8.564297704794166,233.4148373212791,1.361375,1.3613750341235078,51.19625769695551,163.62047353818448,51.196257696935774,1.2604644234770195,190.0,190.0000181463296,1.420159431421893,163.62047353818448,190.0000181463296,246.7388936539909,1.2602281644657323,1.251615,1.2516150077920112,8.61315667372109,161.86585788572393,1.200915,1.2009150125911259,120.51137616020713,0.020592402754290542,0.00025252899624858533,81.54470599494928,2.012651920994923,0.9392581382488014
277,0.0,277.0,277.0,140.54719304145522,40.15085186658313,45.42431086636515,54.972030308506966,83.6,1.6722000000000001,123.35305277797073,3458.912410731265,60.00000000000009,60.0,7.977565503147917,7.513205460001691,599.9999587739113,599.9999587739122,1.6221923519811976,1219.506405728874,1219.506405732119,1.622195,1.6221950000000185,267.81881249187245,100.5630941741307,1.5719221892225932,888.2593022087226,881.9218341279445,1.571315,1.5713149999923912,264.9550644147371,881.9218341279438,1.5212689559378643,122.76694033398168,1.5211736106598674,264.9550644147371,1.520795,1.5207950046611942,98.64911281769459,235.2807169647362,98.64911281776894,1.4207063949016705,329.87342971079335,329.8734273974303,1.4201594323469036,235.2807169647362,329.8734273974303,369.0283855283795,1.4200093042410187,1.411445,1.4114450056213377,8.564298619680999,233.4148840287587,1.361375,1.361375034111584,51.1963052522951,163.6205054624448,51.19630525227605,1.2604644248995505,190.0,190.0000181423543,1.4201594323469036,163.6205054624448,190.0000181423543,246.7388469846034,1.2602281658096197,1.251615,1.2516150077880897,8.613158021530065,161.8658909404333,1.200915,1.200915012595541,120.51130938350315,0.02059239986428503,0.0002525294168534609,81.54455873247629,2.012651920994923,0.9392581318954363
278,0.0,278.0,278.0,140.5471930413881,40.15085186656396,45.424310866343454,54.972030308480704,83.6,1.6722000000000001,123.35305277791181,3458.9124107296134,60.00000000000004,60.0,7.977565503147413,7.513205459794045,599.9999587739113,599.9999587739122,1.6221923519811976,1219.506405728874,1219.506405732087,1.622195,1.6221950000000183,267.8188124917463,100.56309417413678,1.5719221892226891,888.2593022087282,881.9218341279521,1.571315,1.5713149999924878,264.955064414612,881.9218341279515,1.521268955928736,122.7669403335879,1.5211736106507388,264.955064414612,1.520795,1.5207950046520653,98.64901174692228,235.28076470781383,98.64901174699672,1.4207063958547472,329.8732909369418,329.87328862419923,1.4201594332712153,235.28076470781383,329.87328862419923,369.02826317612926,1.4200093051511784,1.411445,1.411445005617338,8.564299533840414,233.41493071202095,1.361375,1.3613750340996644,51.196352793614636,163.62053737599987,51.196352793595565,1.26046442632134,190.0,190.00001813836573,1.4201594332712153,163.62053737599987,190.00001813836576,246.73880031865693,1.2602281671527937,1.251615,1.2516150077841757,8.613159368618062,161.86592398445006,1.200915,1.2009150125998937,120.5112426168309,0.02059239696968053,0.0002525298372221058,81.54441152856343,2.012651920994923,0.9392581255552118
279,0.0,279.0,279.0,140.54719304132357,40.15085186654552,45.4243108663226,54.97203030845547,83.6,1.6722000000000001,123.35305277785524,3458.912410728024,60.00000000000007,60.0,7.977565503146946,7.513205459588492,599.9999587739113,599.9999587739122,1.622192351981197,1219.506405728874,1219.5064057320546,1.622195,1.6221950000000178,267.81881249162524,100.56309417414332,1.571922189222781,888.2593022087334,881.9218341279649,1.571315,1.5713149999925802,264.9550644144926,881.9218341279642,1.5212689559197128,122.76694033321887,1.521173610641715,264.9550644144926,1.520795,1.5207950046430412,98.64891069213033,235.28081242689396,98.64891069220425,1.4207063968070621,329.87315220028233,329.87314988815945,1.4201594341948256,235.28081242689396,329.87314988815945,369.02814086501735,1.4200093060606511,1.411445,1.4114450056133716,8.564300447279516,233.41497737124848,1.361375,1.3613750340877457,51.19640032090268,163.62056927885024,51.19640032088272,1.2604644277423889,190.0,190.00001813436512,1.4201594341948256,163.62056927885024,190.00001813436512,246.73875365622962,1.2602281684952548,1.251615,1.2516150077802675,8.6131607149873,161.86595701777395,1.200915,1.200915012604186,120.51117586014948,0.020592394070492306,0.0002525302573556837,81.54426438289468,2.012651920994923,0.9392581192281033
280,0.0,280.0,280.0,140.54719304125874,40.150851866527006,45.424310866301646,54.972030308430114,83.6,1.6722000000000001,123.35305277779834,3458.91241072643,60.00000000000006,60.0,7.977565503146473,7.5132054593849835,599.9999587739113,599.9999587739123,1.622192351981197,1219.506405728874,1219.506405732023,1.622195,1.6221950000000176,267.8188124915035,100.56309417415102,1.5719221892228734,888.2593022087402,881.9218341279706,1.571315,1.5713149999926732,264.95506441437146,881.92183412797,1.5212689559108066,122.766940332836,1.5211736106328084,264.95506441437146,1.520795,1.5207950046341343,98.64880965337417,235.28086012219313,98.64880965344733,1.4207063977586403,329.8730135006676,329.87301118916116,1.42015943511776,235.28086012219313,329.87301118916116,369.0280185948116,1.420009306969461,1.411445,1.4114450056094554,8.564301360005633,233.4150240066557,1.361375,1.3613750340758537,51.19644783414777,163.62060117104497,51.19644783412732,1.2604644291627198,190.0,190.0000181303315,1.42015943511776,163.62060117104497,190.00001813033154,246.73870699738498,1.260228169837026,1.251615,1.2516150077763821,8.613162060643775,161.86599004044442,1.200915,1.2009150126084245,120.51110911341752,0.020592391166736022,0.000252530677255337,81.5441172951625,2.012651920994923,0.939258112914084
281,0.0,281.0,281.0,140.54719304119635,40.15085186650918,45.42431086628148,54.972030308405714,83.6,1.6722000000000001,123.35305277774359,3458.9124107248913,60.00000000000008,60.0,7.977565503146006,7.5132054591834985,599.9999587739113,599.9999587739122,1.6221923519811967,1219.506405728874,1219.5064057319917,1.622195,1.6221950000000174,267.81881249138627,100.56309417415818,1.5719221892229627,888.2593022087455,881.921834127983,1.571315,1.5713149999927631,264.9550644142568,881.921834127983,1.5212689559020054,122.76694033247983,1.5211736106240068,264.9550644142568,1.520795,1.5207950046253322,98.64870863070813,235.2809077939043,98.64870863078089,1.4207063987094724,329.8728748379672,329.87287252707614,1.420159436040007,235.2809077939043,329.87287252707614,369.0278963652733,1.4200093078775977,1.411445,1.4114450056055712,8.564302272026536,233.41507061844388,1.361375,1.3613750340639605,51.19649533333858,163.62063305254551,51.19649533331938,1.2604644305823136,190.0,190.00001812628943,1.420159436040007,163.62063305254551,190.00001812628943,246.73866034220765,1.2602281711780876,1.251615,1.2516150077725021,8.613163405585489,161.86602305242968,1.200915,1.200915012612606,120.51104237659467,0.020592388258428025,0.0002525310969221995,81.54397026506477,2.012651920994923,0.9392581066131255
282,0.0,282.0,282.0,140.54719304113118,40.150851866490555,45.42431086626041,54.97203030838022,83.6,1.6722000000000001,123.35305277768639,3458.912410723289,60.000000000000036,60.0,7.9775655031455255,7.513205458984,599.9999587739113,599.9999587739123,1.6221923519811967,1219.506405728874,1219.5064057319607,1.622195,1.6221950000000174,267.8188124912639,100.56309417416395,1.5719221892230555,888.2593022087506,881.9218341279928,1.571315,1.5713149999928564,264.9550644141344,881.9218341279927,1.5212689558933299,122.76694033209749,1.521173610615331,264.9550644141344,1.520795,1.520795004616656,98.64860762418738,235.2809554422786,98.64860762426198,1.420706399659586,329.87273621200285,329.87273390172294,1.420159436961594,235.2809554422786,329.87273390172294,369.02777417615033,1.4200093087850874,1.411445,1.4114450056017351,8.564303183352218,233.41511720685963,1.361375,1.3613750340520827,51.19654281846498,163.62066492338863,51.196542818445664,1.2604644320011855,190.0,190.00001812222482,1.420159436961594,163.62066492338863,190.00001812222482,246.73861369077065,1.2602281725184552,1.251615,1.2516150077686372,8.613164749817992,161.86605605375829,1.200915,1.2009150126167336,120.51097564964044,0.020592385345584965,0.00025253151635738405,81.54382329230741,2.012651920994923,0.9392581003251962
283,0.0,283.0,283.0,140.54719304107115,40.15085186647342,45.424310866241015,54.97203030835675,83.6,1.6722000000000001,123.35305277763375,3458.9124107218104,60.00000000000009,60.0,7.9775655031450805,7.5132054587865085,599.9999587739113,599.9999587739122,1.622192351981196,1219.506405728874,1219.50640573193,1.622195,1.6221950000000167,267.8188124911512,100.56309417417114,1.5719221892231412,888.2593022087556,881.9218341280007,1.571315,1.5713149999929428,264.95506441402387,881.9218341280006,1.5212689558847428,122.76694033175121,1.5211736106067433,264.95506441402387,1.520795,1.520795004608068,98.6485066338622,235.28100306741143,98.64850663393567,1.4207064006089605,329.8725976227269,329.87259531305835,1.4201594378824998,235.28100306741143,329.87259531305835,369.02765202726926,1.4200093096919095,1.411445,1.411445005597925,8.564304093984454,233.41516377201197,1.361375,1.3613750340402027,51.196590289514376,163.62069678353518,51.19659028949478,1.260464433419319,190.0,190.00001811815233,1.4201594378824998,163.62069678353518,190.00001811815235,246.73856704315526,1.260228173858112,1.251615,1.2516150077647732,8.613166093338842,161.86608904439092,1.200915,1.200915012620793,120.51090893251434,0.020592382428223983,0.0002525319355619933,81.54367637660158,2.012651920994923,0.9392580940502845
284,0.0,284.0,284.0,140.54719304100897,40.150851866455646,45.424310866220914,54.972030308332414,83.6,1.6722000000000001,123.35305277757915,3458.91241072028,60.00000000000004,60.0,7.977565503144612,7.513205458590967,599.9999587739113,599.9999587739122,1.622192351981196,1219.506405728874,1219.5064057318996,1.622195,1.622195000000017,267.8188124910344,100.56309417417812,1.5719221892232298,888.2593022087614,881.9218341280133,1.571315,1.5713149999930318,264.95506441390796,881.9218341280132,1.521268955876275,122.7669403313926,1.5211736105982752,264.95506441390796,1.520795,1.5207950045995997,98.6484056597868,235.28105066958136,98.64840565986033,1.4207064015576263,329.87245906993866,329.87245676087747,1.4201594388027534,235.28105066958136,329.87245676087747,369.02752991836957,1.4200093105980922,1.411445,1.4114450055941565,8.56430500393568,233.41521031417332,1.361375,1.3613750340283224,51.19663774647527,163.62072863298522,51.1966377464553,1.2604644348367193,190.0,190.00001811407006,1.4201594388027534,163.62072863298522,190.00001811407006,246.73852039943463,1.260228175197064,1.251615,1.2516150077609143,8.613167436149816,161.86612202432528,1.200915,1.200915012624789,120.51084222517625,0.020592379506362245,0.00025253235453710576,81.54352951766626,2.012651920994923,0.939258087788358
285,0.0,285.0,285.0,140.54719304094962,40.1508518664387,45.42431086620174,54.972030308309215,83.6,1.6722000000000001,123.3530527775271,3458.9124107188195,60.00000000000007,60.0,7.97756550314415,7.513205458397341,599.9999587739113,599.9999587739122,1.6221923519811958,1219.506405728874,1219.5064057318698,1.622195,1.6221950000000165,267.818812490923,100.563094174185,1.5719221892233142,888.2593022087661,881.9218341280208,1.571315,1.5713149999931169,264.9550644137977,881.9218341280208,1.5212689558679027,122.76694033104556,1.521173610589902,264.9550644137977,1.520795,1.5207950045912264,98.64830470201024,235.28109824889663,98.64830470208534,1.4207064025055864,329.8723205535813,329.8723182451265,1.4201594397223583,235.28109824889663,329.8723182451265,369.0274078492736,1.4200093115036392,1.411445,1.4114450055904315,8.56430591320767,233.4152568334618,1.361375,1.3613750340164819,51.19668518934293,163.62076047184627,51.19668518932264,1.2604644362534294,190.0,190.00001810994618,1.4201594397223583,163.62076047184627,190.00001810994618,246.73847375965948,1.2602281765353531,1.251615,1.2516150077570898,8.613168778263347,161.86615499366266,1.200915,1.2009150126287509,120.5107755275869,0.02059237658001738,0.0002525327732837843,81.54338271522741,2.012651920994923,0.9392580815393585
286,0.0,286.0,286.0,140.5471930408897,40.15085186642158,45.424310866182374,54.97203030828578,83.6,1.6722000000000001,123.35305277747452,3458.912410717344,60.00000000000007,60.0,7.977565503143727,7.513205458205723,599.9999587739113,599.9999587739122,1.6221923519811954,1219.506405728874,1219.5064057318395,1.622195,1.6221950000000163,267.8188124908105,100.5630941741908,1.5719221892233997,888.2593022087723,881.9218341280305,1.571315,1.571314999993203,264.95506441368667,881.9218341280308,1.5212689558596417,122.76694033069927,1.521173610581641,264.95506441368667,1.520795,1.5207950045829648,98.64820376058559,235.28114580562107,98.6482037606598,1.4207064034528467,329.87218207345745,329.87217976560686,1.4201594406413185,235.28114580562107,329.87217976560686,369.02728581971735,1.4200093124085542,1.411445,1.411445005586742,8.564306821812195,233.41530333014072,1.361375,1.3613750340046402,51.19673261810442,163.62079230004045,51.19673261808453,1.2604644376694092,190.0,190.0000181058154,1.4201594406413185,163.62079230004045,190.0000181058154,246.73842712392144,1.2602281778729398,1.251615,1.2516150077532673,8.613170119672553,161.86618795232766,1.200915,1.20091501263265,120.51070883970587,0.020592373649207785,0.00025253319180308203,81.54323596901715,2.012651920994923,0.9392580753032739
287,0.0,287.0,287.0,140.5471930408322,40.150851866405155,45.42431086616379,54.972030308263285,83.6,1.6722000000000001,123.35305277742408,3458.9124107159287,60.000000000000064,60.0,7.9775655031432615,7.513205458015922,599.9999587739113,599.9999587739122,1.6221923519811952,1219.506405728874,1219.5064057318102,1.622195,1.6221950000000158,267.8188124907025,100.56309417419757,1.5719221892234816,888.2593022087773,881.9218341280352,1.571315,1.5713149999932854,264.95506441357924,881.9218341280342,1.5212689558514738,122.76694033035973,1.5211736105734726,264.95506441357924,1.520795,1.5207950045747962,98.64810283556021,235.28119333987644,98.64810283563588,1.4207064043994002,329.8720436295027,329.8720413222541,1.4201594415596273,235.28119333987644,329.8720413222541,369.02716382952815,1.4200093133128309,1.411445,1.4114450055830776,8.564307729753251,233.41534980433616,1.361375,1.3613750339927861,51.196780032748556,163.6208241175313,51.19678003272765,1.26046443908465,190.0,190.00001810168638,1.4201594415596273,163.6208241175313,190.00001810168638,246.7383804923071,1.2602281792098151,1.251615,1.2516150077494383,8.613171460376767,161.86622090028152,1.200915,1.2009150126364772,120.51064216149449,0.020592370713952098,0.00025253361009604507,81.5430892787708,2.012651920994923,0.9392580690800838
288,0.0,288.0,288.0,140.5471930407728,40.15085186638819,45.424310866144594,54.97203030824006,83.6,1.6722000000000001,123.35305277737196,3458.912410714469,60.000000000000036,60.0,7.977565503142823,7.5132054578280645,599.9999587739113,599.9999587739122,1.6221923519811952,1219.506405728874,1219.5064057317811,1.622195,1.622195000000016,267.818812490591,100.5630941742036,1.5719221892235664,888.259302208783,881.9218341280409,1.571315,1.5713149999933707,264.95506441346856,881.9218341280406,1.5212689558434178,122.76694033000949,1.5211736105654161,264.95506441346856,1.520795,1.5207950045667396,98.64800192698453,235.28124085189478,98.64800192705998,1.420706405345276,329.8719052215467,329.871902914897,1.420159442477312,235.28124085189478,329.871902914897,369.0270418784682,1.420009314216496,1.411445,1.4114450055794567,8.564308637039275,233.41539625628027,1.361375,1.3613750339809438,51.19682743326602,163.62085592437205,51.19682743324709,1.260464440499177,190.0,190.00001809753854,1.420159442477312,163.62085592437205,190.00001809753854,246.73833386486638,1.2602281805460043,1.251615,1.2516150077456227,8.613172800381541,161.86625383757183,1.200915,1.2009150126402468,120.51057549291261,0.020592367774268518,0.0002525340281636835,81.5429426442336,2.012651920994923,0.9392580628697456
289,0.0,289.0,289.0,140.5471930407164,40.150851866372065,45.424310866126355,54.97203030821798,83.6,1.6722000000000001,123.35305277732242,3458.9124107130788,60.00000000000006,60.0,7.977565503142393,7.513205457642061,599.9999587739113,599.9999587739122,1.622192351981195,1219.506405728874,1219.5064057317518,1.622195,1.6221950000000156,267.818812490485,100.56309417420937,1.571922189223647,888.259302208788,881.9218341280497,1.571315,1.571314999993452,264.95506441336386,881.9218341280497,1.521268955835452,122.76694032968255,1.52117361055745,264.95506441336386,1.520795,1.5207950045587733,98.64790103490583,235.28128834178938,98.64790103498147,1.4207064062904766,329.8717668495298,329.87176454347855,1.4201594433943756,235.28128834178938,329.87176454347855,369.02691996636497,1.420009315119552,1.411445,1.4114450055758783,8.56430954367382,233.4154426860951,1.361375,1.3613750339691448,51.19687481965308,163.62088772065124,51.196874819632924,1.2604644419130246,190.0,190.0000180933475,1.4201594433943756,163.62088772065124,190.0000180933475,246.73828724165173,1.2602281818815417,1.251615,1.2516150077418442,8.613174139697533,161.86628676428302,1.200915,1.2009150126439865,120.5105088339223,0.02059236483017642,0.0002525344460069972,81.54279606515877,2.012651920994923,0.9392580566721972
290,0.0,290.0,290.0,140.54719304066109,40.15085186635626,45.424310866108485,54.972030308196345,83.6,1.6722000000000001,123.35305277727393,3458.912410711716,60.00000000000007,60.0,7.977565503141969,7.513205457457916,599.9999587739113,599.9999587739122,1.6221923519811945,1219.506405728874,1219.5064057317234,1.622195,1.6221950000000152,267.81881249038116,100.56309417421629,1.5719221892237258,888.2593022087932,881.9218341280562,1.571315,1.5713149999935312,264.95506441326114,881.9218341280559,1.5212689558275825,122.76694032935912,1.52117361054958,264.95506441326114,1.520795,1.5207950045509029,98.64780015937228,235.28133580978448,98.64780015944697,1.4207064072349902,329.8716285132852,329.87162620783033,1.4201594443108048,235.28133580978448,329.87162620783033,369.0267980929857,1.4200093160219862,1.411445,1.4114450055723202,8.56431044966599,233.41548909400512,1.361375,1.3613750339573214,51.19692219189611,163.62091950623451,51.196922191876546,1.2604644433261294,190.0,190.0000180891696,1.4201594443108048,163.62091950623451,190.0000180891696,246.73824062277387,1.2602281832163638,1.251615,1.2516150077380501,8.61317547831364,161.86631968028766,1.200915,1.2009150126476529,120.51044218448388,0.020592361881695286,0.00025253486362698693,81.54264954129961,2.012651920994923,0.9392580504874346
291,0.0,291.0,291.0,140.54719304060546,40.15085186634038,45.42431086609051,54.972030308174595,83.6,1.6722000000000001,123.35305277722512,3458.9124107103466,60.000000000000064,60.0,7.977565503141543,7.513205457275593,599.9999587739113,599.9999587739122,1.6221923519811943,1219.506405728874,1219.506405731695,1.622195,1.622195000000015,267.81881249027674,100.56309417422273,1.571922189223805,888.2593022087981,881.921834128061,1.571315,1.571314999993611,264.9550644131577,881.9218341280614,1.5212689558198145,122.76694032903072,1.5211736105418114,264.9550644131577,1.520795,1.520795004543134,98.6476993004313,235.28138325604556,98.64769930050545,1.4207064081788492,329.8714902127085,329.8714879078478,1.4201594452266315,235.28138325604556,329.8714879078478,369.0266762581364,1.4200093169238301,1.411445,1.4114450055688081,8.564311355022003,233.41553548017677,1.361375,1.3613750339455306,51.19696954999005,163.6209512812374,51.196969549970646,1.2604644447385451,190.0,190.000018084957,1.4201594452266315,163.6209512812374,190.000018084957,246.73819400827472,1.2602281845505243,1.251615,1.2516150077342822,8.613176816242074,161.86635258568762,1.200915,1.2009150126512722,120.5103755445594,0.020592358928844746,0.00025253528102462395,81.5425030724196,2.012651920994923,0.9392580443154036
292,0.0,292.0,292.0,140.5471930405501,40.150851866324565,45.42431086607262,54.972030308152945,83.6,1.6722000000000001,123.35305277717654,3458.912410708985,60.00000000000003,60.0,7.9775655031411095,7.5132054570950775,599.9999587739113,599.9999587739122,1.6221923519811943,1219.506405728874,1219.506405731667,1.622195,1.622195000000015,267.8188124901728,100.56309417422747,1.5719221892238842,888.2593022088035,881.9218341280686,1.571315,1.5713149999936904,264.955064413055,881.921834128069,1.5212689558121433,122.7669403287095,1.52117361053414,264.955064413055,1.520795,1.5207950045354623,98.64759845812817,235.28143068075437,98.64759845820312,1.4207064091220394,329.8713519476743,329.87134964340487,1.4201594461418412,235.28143068075437,329.87134964340487,369.0265544616123,1.420009317825069,1.411445,1.41144500556532,8.564312259748963,233.41558184479487,1.361375,1.3613750339337232,51.19701689392407,163.62098304556784,51.19701689390422,1.2604644461502306,190.0,190.00001808075157,1.4201594461418412,163.62098304556784,190.00001808075157,246.7381473982415,1.2602281858839826,1.251615,1.251615007730507,8.61317815347551,161.86638548039917,1.200915,1.2009150126548267,120.51030891411064,0.020592355971644993,0.0002525356982008778,81.54235665828499,2.012651920994923,0.9392580381560772
293,0.0,293.0,293.0,140.5471930404958,40.15085186630905,45.424310866055066,54.97203030813171,83.6,1.6722000000000001,123.3530527771289,3458.9124107076486,60.000000000000036,60.0,7.9775655031407,7.513205456916387,599.9999587739113,599.9999587739122,1.622192351981194,1219.506405728874,1219.506405731639,1.622195,1.622195000000015,267.8188124900708,100.56309417423361,1.5719221892239614,888.2593022088083,881.9218341280789,1.571315,1.5713149999937681,264.95506441295385,881.921834128078,1.5212689558045651,122.76694032839494,1.5211736105265612,264.95506441295385,1.520795,1.5207950045278833,98.64749763250904,235.281478084056,98.64749763258416,1.4207064100645832,329.8712137180864,329.8712114144071,1.4201594470564554,235.281478084056,329.8712114144071,369.02643270322875,1.4200093187257241,1.411445,1.4114450055618728,8.564313163851311,233.41562818800978,1.361375,1.3613750339219455,51.197064223692536,163.62101479932616,51.197064223672186,1.2604644475612286,190.0,190.00001807651395,1.4201594470564554,163.62101479932616,190.00001807651398,246.7381007927215,1.2602281872167806,1.251615,1.2516150077267554,8.613179490025269,161.86641836451088,1.200915,1.2009150126583332,120.5102422930987,0.020592353010116228,0.0002525361151566859,81.54221029867237,2.012651920994923,0.9392580320094063
294,0.0,294.0,294.0,140.54719304044366,40.150851866294154,45.42431086603821,54.97203030811131,83.6,1.6722000000000001,123.35305277708314,3458.912410706364,60.00000000000006,60.0,7.97756550314028,7.513205456739433,599.9999587739113,599.9999587739122,1.6221923519811936,1219.506405728874,1219.5064057316115,1.622195,1.6221950000000145,267.81881248997286,100.56309417423873,1.5719221892240358,888.2593022088139,881.9218341280883,1.571315,1.571314999993843,264.9550644128577,881.9218341280886,1.5212689557970724,122.76694032809648,1.521173610519068,264.9550644128577,1.520795,1.5207950045203897,98.647396823618,235.28152546610286,98.64739682369397,1.4207064110064755,329.8710755238462,329.87107322075605,1.4201594479704684,235.28152546610286,329.87107322075605,369.0263109828014,1.4200093196257904,1.411445,1.4114450055584555,8.564314067334822,233.41567450997735,1.361375,1.3613750339101756,51.197111539286574,163.62104654246548,51.19711153926613,1.260464448971521,190.0,190.0000180722636,1.4201594479704684,163.62104654246548,190.0000180722636,246.7380541917959,1.2602281885489008,1.251615,1.251615007723013,8.6131808258878,161.86645123797734,1.200915,1.200915012661784,120.51017568148627,0.02059235004427883,0.00025253653189298515,81.54206399335935,2.012651920994923,0.9392580258753597
295,0.0,295.0,295.0,140.54719304039094,40.1508518662791,45.42431086602117,54.972030308090694,83.6,1.6722000000000001,123.35305277703688,3458.912410705068,60.00000000000004,60.0,7.977565503139866,7.513205456564257,599.9999587739113,599.9999587739122,1.6221923519811936,1219.506405728874,1219.5064057315844,1.622195,1.6221950000000143,267.81881248987384,100.56309417424552,1.5719221892241109,888.2593022088198,881.9218341281004,1.571315,1.5713149999939187,264.95506441275967,881.9218341281004,1.5212689557896755,122.76694032779518,1.5211736105116709,264.95506441275967,1.520795,1.5207950045129925,98.64729603149937,235.28157282709708,98.64729603157478,1.420706411947723,329.8709373648125,329.87093506230826,1.4201594488838865,235.28157282709708,329.87093506230826,369.02618930012096,1.4200093205252724,1.411445,1.411445005555065,8.564314970207487,233.41572081089848,1.361375,1.361375033898395,51.197158840697846,163.6210782749582,51.19715884067786,1.260464450381095,190.0,190.0000180680161,1.4201594488838865,163.6210782749582,190.0000180680161,246.738007595534,1.2602281898803296,1.251615,1.2516150077192667,8.613182161062882,161.86648410077353,1.200915,1.2009150126651718,120.51010907923569,0.02059234707415397,0.0002525369484106973,81.54191774213145,2.012651920994923,0.9392580197538981
296,0.0,296.0,296.0,140.5471930403399,40.15085186626451,45.424310866004674,54.97203030807072,83.6,1.6722000000000001,123.3530527769921,3458.91241070381,60.00000000000004,60.0,7.977565503139472,7.513205456390842,599.9999587739113,599.9999587739122,1.6221923519811934,1219.506405728874,1219.5064057315574,1.622195,1.622195000000014,267.81881248977805,100.56309417424995,1.571922189224184,888.2593022088238,881.9218341281047,1.571315,1.571314999993992,264.9550644126645,881.9218341281053,1.5212689557823653,122.76694032749349,1.5211736105043603,264.9550644126645,1.520795,1.5207950045056817,98.64719525619623,235.28162016716456,98.6471952562727,1.420706412888341,329.87079924090324,329.8707969389841,1.420159449796724,235.28162016716456,329.8707969389841,369.0260676550131,1.420009321424186,1.411445,1.4114450055517125,8.564315872473527,233.41576709090583,1.361375,1.361375033886645,51.19720612792207,163.62110999689895,51.19720612790241,1.2604644517899886,190.0,190.00001806373717,1.420159449796724,163.62110999689895,190.00001806373717,246.73796100398698,1.2602281912111057,1.251615,1.2516150077155455,8.613183495560284,161.86651695298443,1.200915,1.2009150126685153,120.51004248630909,0.020592344099762485,0.000252537364710721,81.54177154478035,2.012651920994923,0.9392580136449681
297,0.0,297.0,297.0,140.54719304028882,40.150851866249916,45.42431086598817,54.97203030805075,83.6,1.6722000000000001,123.35305277694725,3458.9124107025523,60.00000000000007,60.0,7.977565503139068,7.513205456219128,599.9999587739113,599.9999587739121,1.6221923519811932,1219.506405728874,1219.5064057315308,1.622195,1.6221950000000138,267.81881248968205,100.56309417425653,1.5719221892242567,888.2593022088295,881.9218341281099,1.571315,1.5713149999940652,264.95506441256896,881.9218341281097,1.521268955775147,122.76694032719118,1.5211736104971418,264.95506441256896,1.520795,1.5207950044984628,98.64709449775229,235.28166748649525,98.64709449782791,1.4207064138283296,329.8706611519847,329.87065885064845,1.4201594507089803,235.28166748649525,329.87065885064845,369.0259460472807,1.4200093223225299,1.411445,1.4114450055483896,8.564316774140268,233.4158133501895,1.361375,1.3613750338748951,51.19725340095028,163.62114170822582,51.19725340092863,1.260464453198176,190.0,190.00001805945237,1.4201594507089803,163.62114170822582,190.00001805945237,246.73791441723162,1.260228192541203,1.251615,1.2516150077118273,8.613184829375786,161.86654979455014,1.200915,1.2009150126718013,120.50997590266913,0.020592341121125735,0.00025253778079394783,81.54162540110211,2.012651920994923,0.939258007548537
298,0.0,298.0,298.0,140.54719304023686,40.15085186623508,45.42431086597137,54.972030308030426,83.6,1.6722000000000001,123.35305277690166,3458.9124107012735,60.000000000000036,60.0,7.977565503138676,7.513205456049155,599.9999587739113,599.9999587739121,1.6221923519811932,1219.506405728874,1219.5064057315042,1.622195,1.6221950000000138,267.8188124895845,100.56309417426262,1.571922189224331,888.2593022088347,881.921834128118,1.571315,1.5713149999941398,264.9550644124733,881.921834128118,1.521268955768025,122.76694032689296,1.521173610490019,264.9550644124733,1.520795,1.5207950044913399,98.64699375621092,235.28171478527048,98.64699375628732,1.4207064147677038,329.87052309793046,329.87052079717523,1.4201594516206704,235.28171478527048,329.87052079717523,369.02582447671824,1.4200093232203186,1.411445,1.4114450055451029,8.564317675215705,233.41585958893296,1.361375,1.361375033863158,51.19730065977519,163.62117340897248,51.19730065975437,1.260464454605671,190.0,190.00001805515095,1.4201594516206704,163.62117340897248,190.00001805515097,246.73786783532748,1.2602281938706354,1.251615,1.2516150077081218,8.613186162513609,161.86658262550074,1.200915,1.200915012675035,120.50990932827871,0.020592338138265255,0.00025253819666125457,81.5414793108983,2.012651920994923,0.939258001464558
299,0.0,299.0,299.0,140.54719304018832,40.15085186622121,45.42431086595568,54.97203030801143,83.6,1.6722000000000001,123.35305277685907,3458.912410700079,60.000000000000036,60.0,7.977565503138277,7.513205455880837,599.9999587739113,599.9999587739122,1.622192351981193,1219.506405728874,1219.5064057314783,1.622195,1.6221950000000136,267.8188124894933,100.56309417426688,1.5719221892244,888.2593022088381,881.9218341281276,1.571315,1.5713149999942095,264.9550644123831,881.9218341281274,1.5212689557609758,122.76694032661342,1.5211736104829696,264.9550644123831,1.520795,1.5207950044842902,98.64689303161073,235.28176206355903,98.6468930316868,1.420706415706458,329.8703850787147,329.870382778539,1.420159452531788,235.28176206355903,329.870382778539,369.02570294320594,1.420009324117546,1.411445,1.4114450055418466,8.564318575699392,233.41590580721072,1.361375,1.3613750338514514,51.197347904396395,163.62120509920018,51.1973479043759,1.2604644560124942,190.0,190.0000180508195,1.420159452531788,163.62120509920018,190.0000180508195,246.73782125832966,1.2602281951994234,1.251615,1.2516150077044417,8.613187494981744,161.86661544589433,1.200915,1.200915012678232,120.50984276310109,0.020592335151202974,0.00025253861231350243,81.541333273977,2.012651920994923,0.9392579953929704
300,0.0,300.0,300.0,140.5471930401389,40.15085186620709,45.42431086593972,54.97203030799211,83.6,1.6722000000000001,123.3530527768157,3458.912410698863,60.00000000000003,60.0,7.977565503137883,7.513205455714204,599.9999587739113,599.9999587739121,1.622192351981193,1219.506405728874,1219.5064057314523,1.622195,1.6221950000000136,267.8188124894005,100.56309417427245,1.5719221892244704,888.2593022088416,881.921834128134,1.571315,1.5713149999942804,264.9550644122906,881.9218341281336,1.5212689557540187,122.76694032632302,1.521173610476012,264.9550644122906,1.520795,1.5207950044773324,98.6467923239947,235.28180932159816,98.64679232407119,1.420706416644596,329.87024709415533,329.8702447945569,1.4201594534423356,235.28180932159816,329.8702447945569,369.02558144651,1.4200093250142143,1.411445,1.4114450055386114,8.564319475602877,233.41595200525921,1.361375,1.3613750338397212,51.19739513480084,163.6212367787838,51.19739513477982,1.260464457418593,190.0,190.00001804650276,1.4201594534423356,163.6212367787838,190.00001804650276,246.73777468633344,1.2602281965275144,1.251615,1.251615007700745,8.613188826769314,161.86664825560894,1.200915,1.2009150126813533,120.50977620709968,0.020592332159961018,0.0002525390277515519,81.54118729014738,2.012651920994923,0.9392579893337636
301,0.0,301.0,301.0,140.54719304009203,40.150851866193705,45.42431086592457,54.97203030797378,83.6,1.6722000000000001,123.35305277677462,3458.9124106977083,60.00000000000007,60.0,7.977565503137509,7.513205455549238,599.9999587739113,599.9999587739121,1.6221923519811925,1219.506405728874,1219.5064057314266,1.622195,1.6221950000000132,267.81881248931256,100.56309417427691,1.5719221892245372,888.259302208847,881.9218341281347,1.571315,1.5713149999943474,264.9550644122038,881.9218341281345,1.5212689557471368,122.7669403260436,1.5211736104691298,264.9550644122038,1.520795,1.52079500447045,98.64669163340199,235.2818565594761,98.64669163347747,1.4207064175821265,329.87010914420523,329.87010684518344,1.4201594543523224,235.2818565594761,329.87010684518344,369.0254599864906,1.420009325910333,1.411445,1.4114450055354053,8.564320374927714,233.41599818317326,1.361375,1.3613750338280035,51.1974423509842,163.62126844779684,51.19744235096404,1.260464458824004,190.0,190.00001804217072,1.4201594543523224,163.62126844779684,190.00001804217072,246.7377281193833,1.2602281978549448,1.251615,1.2516150076970602,8.613190157884532,161.8666810547101,1.200915,1.2009150126844192,120.50970966023819,0.020592329164561704,0.0002525394429762414,81.54104135922643,2.012651920994923,0.9392579832868811
302,0.0,302.0,302.0,140.5471930400434,40.15085186617981,45.42431086590886,54.97203030795476,83.6,1.6722000000000001,123.35305277673194,3458.912410696513,60.00000000000004,60.0,7.977565503137123,7.513205455385911,599.9999587739113,599.9999587739122,1.6221923519811925,1219.506405728874,1219.5064057314012,1.622195,1.6221950000000132,267.8188124892213,100.56309417428218,1.5719221892246067,888.2593022088502,881.9218341281394,1.571315,1.5713149999944174,264.9550644121127,881.9218341281401,1.521268955740349,122.76694032575674,1.521173610462342,264.9550644121127,1.520795,1.5207950044636616,98.64659095987328,235.28190377739318,98.64659095994976,1.4207064185190732,329.8699712287192,329.869968930271,1.420159455261771,235.28190377739318,329.869968930271,369.02533856294804,1.420009326805924,1.411445,1.4114450055322416,8.56432127368234,233.4160443411504,1.361375,1.361375033816322,51.19748955294485,163.62130010631526,51.19748955292417,1.2604644602287551,190.0,190.00001803780356,1.420159455261771,163.62130010631526,190.00001803780359,246.73768155752293,1.2602281991817423,1.251615,1.2516150076934063,8.613191488336058,161.86671384327227,1.200915,1.2009150126874548,120.50964312247977,0.02059232616502686,0.0002525398579883834,81.54089548103765,2.012651920994923,0.9392579772522522
303,0.0,303.0,303.0,140.54719303999755,40.15085186616671,45.424310865894036,54.97203030793682,83.6,1.6722000000000001,123.35305277669171,3458.9124106953823,60.00000000000006,60.0,7.977565503136753,7.513205455224209,599.9999587739113,599.9999587739121,1.622192351981192,1219.506405728874,1219.506405731376,1.622195,1.6221950000000127,267.81881248913515,100.56309417428787,1.571922189224672,888.2593022088561,881.9218341281455,1.571315,1.5713149999944833,264.9550644120285,881.9218341281453,1.5212689557336336,122.76694032549115,1.5211736104556262,264.9550644120285,1.520795,1.5207950044569456,98.64649030344737,235.28195097546077,98.64649030352415,1.420706419455415,329.86983334763056,329.86983104975604,1.4201594561706594,235.28195097546077,329.86983104975604,369.0252171757227,1.420009327700966,1.411445,1.4114450055290955,8.564322171870531,233.4160904793105,1.361375,1.361375033804629,51.19753674067302,163.62133175423497,51.19753674065265,1.2604644616327987,190.0,190.00001803344145,1.4201594561706594,163.62133175423497,190.00001803344145,246.73763500084263,1.26022820050786,1.251615,1.2516150076897445,8.613192818115456,161.86674662119202,1.200915,1.200915012690421,120.5095765937884,0.020592323161379635,0.00025254027278880087,81.54074965540633,2.012651920994923,0.939257971229864
304,0.0,304.0,304.0,140.54719303995077,40.150851866153346,45.424310865878915,54.97203030791853,83.6,1.6722000000000001,123.35305277665063,3458.9124106942318,60.00000000000002,60.0,7.977565503136363,7.5132054550640985,599.9999587739113,599.9999587739121,1.6221923519811923,1219.506405728874,1219.5064057313514,1.622195,1.622195000000013,267.8188124890473,100.56309417429236,1.5719221892247388,888.2593022088593,881.9218341281501,1.571315,1.5713149999945504,264.95506441194067,881.9218341281504,1.5212689557270043,122.76694032521489,1.5211736104489963,264.95506441194067,1.520795,1.5207950044503156,98.64638966416221,235.28199815384664,98.6463896642379,1.4207064203911721,329.8696955008194,329.8696932035152,1.4201594570790075,235.28199815384664,329.8696932035152,369.02509582464324,1.4200093285954782,1.411445,1.4114450055259795,8.564323069498725,233.41613659781748,1.361375,1.3613750337929427,51.197583914163744,163.6213633915928,51.19758391414214,1.2604644630361557,190.0,190.00001802907087,1.4201594570790075,163.6213633915928,190.00001802907087,246.73758844939715,1.2602282018333184,1.251615,1.2516150076860912,8.613194147227166,161.86677938850352,1.200915,1.200915012693334,120.50951007412877,0.020592320153643005,0.0002525406873782914,81.54060388216533,2.012651920994923,0.9392579652196565
305,0.0,305.0,305.0,140.54719303990362,40.150851866139874,45.42431086586367,54.97203030790008,83.6,1.6722000000000001,123.35305277660926,3458.912410693072,60.000000000000014,60.0,7.977565503136001,7.5132054549056075,599.9999587739113,599.9999587739121,1.622192351981192,1219.506405728874,1219.5064057313264,1.622195,1.6221950000000127,267.8188124889587,100.56309417429749,1.5719221892248059,888.2593022088629,881.9218341281553,1.571315,1.5713149999946179,264.9550644118531,881.9218341281552,1.5212689557204597,122.76694032493768,1.5211736104424516,264.9550644118531,1.520795,1.5207950044437706,98.64628904205674,235.282045312693,98.64628904213515,1.4207064213263616,329.86955768819035,329.86955539145504,1.4201594579868324,235.282045312693,329.86955539145504,369.02497450953484,1.4200093294894773,1.411445,1.4114450055229053,8.56432396657203,233.41618269681905,1.361375,1.361375033781301,51.19763107341747,163.6213950185014,51.19763107339714,1.2604644644388665,190.0,190.00001802465798,1.4201594579868324,163.6213950185014,190.000018024658,246.73754190321864,1.260228203158157,1.251615,1.2516150076824735,8.613195475683622,161.86681214531316,1.200915,1.2009150126962198,120.50944356346477,0.020592317141839334,0.0002525411017576323,81.54045816115156,2.012651920994923,0.939257959221557
306,0.0,306.0,306.0,140.54719303986016,40.15085186612747,45.424310865849634,54.97203030788309,83.6,1.6722000000000001,123.35305277657115,3458.9124106920012,60.00000000000005,60.0,7.97756550313563,7.513205454748661,599.9999587739113,599.9999587739121,1.6221923519811916,1219.506405728874,1219.5064057313023,1.622195,1.6221950000000123,267.81881248887714,100.56309417430266,1.571922189224868,888.2593022088676,881.9218341281648,1.571315,1.5713149999946805,264.9550644117731,881.9218341281653,1.5212689557139811,122.76694032469196,1.5211736104359725,264.9550644117731,1.520795,1.5207950044372913,98.6461884371677,235.28209245211855,98.64618843724524,1.4207064222609511,329.86941990966443,329.8694176134977,1.4201594588941002,235.28209245211855,329.8694176134977,369.02485323024666,1.42000933038293,1.411445,1.4114450055198355,8.564324863094441,233.41622877643945,1.361375,1.3613750337696187,51.19767821842143,163.62142663476408,51.197678218400505,1.2604644658408477,190.0,190.00001802027543,1.4201594588941002,163.62142663476408,190.00001802027546,246.73749536242198,1.2602282044822941,1.251615,1.2516150076788266,8.613196803467504,161.86684489143238,1.200915,1.2009150126990211,120.5093770617612,0.02059231412599279,0.00025254151592761607,81.54031249220425,2.012651920994923,0.9392579532355665
307,0.0,307.0,307.0,140.54719303981503,40.15085186611457,45.42431086583505,54.97203030786544,83.6,1.6722000000000001,123.35305277653156,3458.9124106908916,60.00000000000003,60.0,7.977565503135267,7.513205454593299,599.9999587739113,599.9999587739121,1.6221923519811916,1219.506405728874,1219.506405731278,1.622195,1.6221950000000123,267.8188124887924,100.56309417430708,1.5719221892249322,888.2593022088719,881.9218341281719,1.571315,1.571314999994745,264.9550644116888,881.921834128172,1.521268955707588,122.76694032442865,1.5211736104295792,264.9550644116888,1.520795,1.5207950044308975,98.64608784953191,235.28213957228027,98.6460878496089,1.4207064231949862,329.86928216513616,329.86927986953526,1.4201594598008567,235.28213957228027,329.86927986953526,369.02473198661187,1.420009331275882,1.411445,1.4114450055168095,8.5643257590724,233.41627483683223,1.361375,1.361375033757977,51.19772534917588,163.6214582405558,51.19772534915513,1.2604644672421792,190.0,190.00001801585518,1.4201594598008567,163.6214582405558,190.00001801585518,246.73744882702263,1.260228205805808,1.251615,1.251615007675212,8.613198130596134,161.86687762702104,1.200915,1.2009150127017858,120.50931056898226,0.020592311106125687,0.00025254192988899323,81.5401668751688,2.012651920994923,0.939257947261603
308,0.0,308.0,308.0,140.54719303977006,40.150851866101725,45.4243108658205,54.972030307847845,83.6,1.6722000000000001,123.35305277649206,3458.912410689784,60.000000000000014,60.0,7.9775655031349055,7.513205454439477,599.9999587739113,599.9999587739121,1.6221923519811914,1219.506405728874,1219.5064057312538,1.622195,1.6221950000000123,267.8188124887079,100.5630941743119,1.5719221892249964,888.259302208875,881.9218341281777,1.571315,1.5713149999948095,264.95506441160524,881.9218341281777,1.521268955701275,122.76694032416547,1.5211736104232658,264.95506441160524,1.520795,1.5207950044245842,98.64598727918637,235.28218667333286,98.64598727926496,1.4207064241284602,329.86914445449327,329.86914215945677,1.4201594607070946,235.28218667333286,329.86914215945677,369.02461077845135,1.4200093321683247,1.411445,1.4114450055138132,8.564326654511456,233.41632087815717,1.361375,1.3613750337463562,51.197772465678774,163.62148983587355,51.197772465657465,1.2604644686428492,190.0,190.0000180114151,1.4201594607070946,163.62148983587355,190.00001801141514,246.73740229707818,1.2602282071286879,1.251615,1.2516150076716166,8.613199457071286,161.86691035208366,1.200915,1.200915012704516,120.50924408509323,0.020592308082262076,0.000252542343642513,81.54002130989792,2.012651920994923,0.9392579412996029
309,0.0,309.0,309.0,140.54719303972843,40.15085186608983,45.42431086580705,54.97203030783157,83.6,1.6722000000000001,123.35305277645556,3458.9124106887593,60.00000000000004,60.0,7.9775655031345565,7.513205454287189,599.9999587739113,599.9999587739121,1.6221923519811912,1219.506405728874,1219.5064057312304,1.622195,1.6221950000000118,267.81881248862976,100.56309417431514,1.5719221892250557,888.2593022088793,881.921834128182,1.571315,1.5713149999948695,264.95506441152764,881.921834128182,1.5212689556950236,122.76694032392173,1.5211736104170142,264.95506441152764,1.520795,1.520795004418332,98.64588672616534,235.2822337553573,98.64588672624163,1.4207064250613544,329.8690067776923,329.8690044832193,1.4201594616127946,235.2822337553573,329.8690044832193,369.02448960564345,1.4200093330602401,1.411445,1.411445005510826,8.564327549414052,233.4163669004995,1.361375,1.3613750337347097,51.19781956791973,163.62152142059185,51.19781956789797,1.2604644700428076,190.0,190.00001800699306,1.4201594616127946,163.62152142059185,190.00001800699306,246.7373557726912,1.2602282084508833,1.251615,1.2516150076680013,8.61320078288208,161.86694306649136,1.200915,1.2009150127071662,120.50917761005935,0.0205923050544256,0.0002525427571889294,81.53987579624119,2.012651920994923,0.9392579353495639
310,0.0,310.0,310.0,140.5471930396855,40.15085186607757,45.42431086579318,54.972030307814784,83.6,1.6722000000000001,123.3530527764179,3458.912410687702,60.000000000000036,60.0,7.977565503134207,7.513205454136422,599.9999587739113,599.9999587739121,1.622192351981191,1219.506405728874,1219.506405731207,1.622195,1.6221950000000116,267.81881248854916,100.56309417432148,1.571922189225117,888.259302208883,881.9218341281866,1.571315,1.5713149999949312,264.95506441144784,881.9218341281867,1.521268955688856,122.76694032366933,1.5211736104108458,264.95506441144784,1.520795,1.5207950044121636,98.64578619050525,235.28228081854297,98.64578619058284,1.4207064259937066,329.8688691345952,329.8688668406839,1.4201594625179939,235.28228081854297,329.8688668406839,369.0243684679982,1.4200093339516644,1.411445,1.4114450055078767,8.564328443787739,233.41641290404752,1.361375,1.361375033723092,51.19786665589916,163.62155299484365,51.19786665587728,1.2604644714421132,190.0,190.0000180025439,1.4201594625179939,163.62155299484365,190.0000180025439,246.7373092538771,1.2602282097724529,1.251615,1.251615007664411,8.61320210804184,161.86697577037177,1.200915,1.200915012709779,120.50911114384559,0.020592302022639904,0.00025254317052895785,81.5397303340606,2.012651920994923,0.939257929411399
311,0.0,311.0,311.0,140.54719260190387,40.15085174101419,45.424310724303844,54.97203013658584,83.6,1.6722000000000001,123.35305238996611,3458.912400261266,59.99999999105001,60.0,7.977565497732128,7.513205447014124,599.9999587739113,599.9999587902756,1.6221923520525598,1219.506405728874,1219.5064057840173,1.622195,1.6221950000713792,267.81881166319687,100.56309422246773,1.5719221898493971,888.2593023722584,881.9218344207588,1.571315,1.5713150006229741,264.9550636487734,881.9218338998957,1.5212689578529355,122.76693810852827,1.5211736125756001,264.9550636487734,1.520795,1.520795006577934,98.64568598777726,235.282334846524,98.64568586353609,1.4207064286450177,329.86872533592305,329.8687228362648,1.4201594651101994,235.282334846524,329.8687228362648,369.0242433490381,1.4200093365230397,1.411445,1.4114450067776037,8.564329745436083,233.41646536813045,1.361375,1.3613750346190823,51.19791373418127,163.62158683128317,51.19791371988823,1.2604644737269646,190.0,190.00001720547132,1.4201594651101994,163.62158683128317,190.00001720547132,246.73726215708004,1.2602282119734491,1.251615,1.2516150083280464,8.613203645402745,161.86701061051207,1.200915,1.20091501330645,120.50904468660652,0.020592298979232485,0.0002525435833929194,81.5395849800468,2.012651920994923,0.9392579227546763
312,0.0,312.0,312.0,140.5471964598185,40.15085284312486,45.42431197116698,54.9720316455267,83.6,1.6722000000000001,123.35305579614496,3458.9124930758558,60.00000005688764,60.0,7.977564821137713,7.513204079933478,599.9999587739113,599.9999595395217,1.6221923515518004,1219.506405728874,1219.506416078479,1.622195,1.6221949995707432,267.818818975317,100.56309413722354,1.5719221843478737,888.2593021711322,881.9218274687285,1.571315,1.5713149950894723,264.9550704568398,881.9218130433176,1.5212689379138276,122.76695358202464,1.5211735926305907,264.9550704568398,1.520795,1.5207949866245132,98.64558306338394,235.28231441199037,98.6455829483612,1.4207064132777136,329.868648625189,329.86864766470325,1.4201594500229513,235.28231441199037,329.86864766470325,369.02416360505515,1.4200093214898526,1.411445,1.4114449947839338,8.564326705918779,233.4164479661145,1.361375,1.361375025352644,51.19796075447766,163.62159468724977,51.197960747947775,1.2604644657979942,190.0,190.00002523876992,1.4201594500229513,163.62159468724977,190.00002523876992,246.73722186252303,1.2602282040310206,1.251615,1.2516150012990797,8.613202731940994,161.86702070522878,1.200915,1.200915006466877,120.50897822788677,0.02059229602192766,0.0002525439984178336,81.53943926973764,2.012651920994923,0.9392579249297721
313,0.0,313.0,313.0,140.54719237702972,40.15085167677322,45.42431065162538,54.972030048631126,83.6,1.6722000000000001,123.35305218634961,3458.9123950629814,60.00000006835222,60.0,7.977560722138884,7.513195981675346,599.9999587739113,599.999963368656,1.6221923511860776,1219.506405728874,1219.5064635076426,1.622195,1.6221949992041147,267.818810694238,100.56309282080774,1.571922190170718,888.2593002813466,881.9218306758362,1.571315,1.5713150009501444,264.95506276756055,881.921830675835,1.5212689553634,122.76693111312339,1.5211736100867337,264.95506276756055,1.520795,1.5207950040907534,98.64548263551058,235.2824004943977,98.64548263606079,1.4207064275265533,329.86847598354916,329.8684733341735,1.4201594640674315,235.2824004943977,329.8684733341735,369.02402183541244,1.4200093354810785,1.411445,1.411445005623305,8.564329857773556,233.41652901567733,1.361375,1.3613750320249371,51.198007783410404,163.62163572833842,51.19800778359991,1.2604644733015495,190.0,190.00001927354444,1.4201594640674315,163.62163572833842,190.00001927354447,246.73717195816263,1.2602282114325953,1.251615,1.2516150065882832,8.613204844312161,161.86706157336863,1.200915,1.2009150097344288,120.50891178446992,0.020592292946599512,0.0002525444115024614,81.53929371903291,2.012651920994923,0.9392579167618421
314,0.0,314.0,314.0,140.5471923706464,40.15085167494967,45.42431064956232,54.972030046134435,83.6,1.6722000000000001,123.35305218408502,3458.9123941393696,60.000000077716166,60.0,7.9775542619901145,7.513183274821137,599.9999587739113,599.9999676754965,1.622192350933663,1219.506405728874,1219.5065210071882,1.622195,1.6221949989509201,267.81881029730226,100.563091958906,1.5719221901802172,888.2592989497344,881.921830323675,1.571315,1.5713150009619343,264.9550621637084,881.9218297698012,1.5212689570941498,122.76692856579629,1.521173611818087,264.9550621637084,1.520795,1.5207950058230861,98.64538219930337,235.28245366275482,98.64538219985263,1.4207064306196353,329.86833227097503,329.8683299158079,1.4201594671051048,235.28245366275482,329.8683299158079,369.0238952352709,1.4200093384986967,1.411445,1.4114450073554885,8.564331143208204,233.41658163006065,1.361375,1.3613750354604774,51.19805479276203,163.62167569912754,51.19805479295147,1.260464478705455,190.0,190.000016325219,1.4201594671051048,163.62167569912754,190.000016325219,246.73712190078572,1.2602282167362389,1.251615,1.2516150097567589,8.613206979479981,161.86710287258012,1.200915,1.2009150140867744,120.50884535264012,0.02059228984583809,0.00025254482273141907,81.53914866723659,2.012651920994923,0.9392579073619686
315,0.0,315.0,315.0,140.5471927421121,40.15085178106821,45.4243107696186,54.97203019142529,83.6,1.6722000000000001,123.35305251395629,3458.912403206454,60.000000160980214,60.0,7.977542885963646,7.513160897671003,599.9999587739113,599.9999748487166,1.6221923499449287,1219.506405728874,1219.5066174090018,1.622195,1.6221949979607093,267.818810172652,100.56308973753465,1.5719221896514497,888.2592949320593,881.921826650898,1.571315,1.57131500043505,264.9550619467743,881.9218253781763,1.5212689567137112,122.76692346718782,1.521173611437997,264.9550619467743,1.520795,1.5207950054440456,98.64528177574921,235.28250179181163,98.64528177629957,1.4207064310718542,329.8681935587804,329.86819125606235,1.420159467524341,235.28250179181163,329.86819125606235,369.02377330187807,1.420009338902856,1.411445,1.4114450067831168,8.564332119739282,233.4166287863007,1.361375,1.3613750355271423,51.19810179003155,163.62170961004486,51.19810179022106,1.2604644801877671,190.0,190.00001628434723,1.420159467524341,163.62170961004486,190.00001628434725,246.73707495979227,1.2602282181341034,1.251615,1.251615009577022,8.613208557081364,161.86713806658835,1.200915,1.2009150148497931,120.50877892927089,0.020592286779814693,0.00025254523408426696,81.53900371346406,2.012651920994923,0.9392579002122253
316,0.0,316.0,316.0,140.54719313369597,40.15085189293403,45.424310896177,54.97203034458496,83.6,1.6722000000000001,123.35305286015748,3458.9124128498624,60.00000030109995,60.0,7.97752233342858,7.513120490289965,599.9999587739113,599.99998786338,1.6221923481254203,1219.506405728874,1219.5067904481546,1.622195,1.6221949961384095,267.81880933816365,100.56308539164874,1.571922189094894,888.2592820846969,881.9218194122789,1.571315,1.571314999885491,264.9550608894921,881.9218171255185,1.52126895599432,122.76691142401187,1.5211736107197502,264.9550608894921,1.520795,1.5207950047286416,98.64518136126519,235.28254806751974,98.6451813618137,1.4207064310984874,329.86805663883376,329.8680543619846,1.4201594675263864,235.28254806751974,329.8680543619846,369.02365284764454,1.420009338891694,1.411445,1.4114450059081116,8.564332983582279,233.4166740511941,1.361375,1.361375034590513,51.1981487739741,163.6217406123959,51.198148774162625,1.2604644804766407,190.0,190.00001710246414,1.4201594675263864,163.6217406123959,190.00001710246414,246.73702916014273,1.2602282183464062,1.251615,1.2516150084964943,8.613209849911874,161.86717025164987,1.200915,1.2009150140519416,120.50871251414083,0.02059228372854525,0.0002525456457217247,81.53885872669332,2.012651920994923,0.9392578944944199
317,0.0,317.0,317.0,140.54719193610507,40.15085155081197,45.42431050912024,54.972029876172876,83.6,1.6722000000000001,123.35305180257721,3458.9123841595183,59.99999834891047,60.0,7.9775741639602415,7.513224339520203,599.9999587739113,599.9999167685962,1.6221923642391622,1219.506405728874,1219.505907273446,1.622195,1.6221950122613018,267.81881355825175,100.56309932924377,1.571922190795542,888.2593137516901,881.9218307370082,1.571315,1.5713150015494706,264.95506845887144,881.9218246003194,1.521268957874698,122.76694946511245,1.5211736125938378,264.95506845887144,1.520795,1.5207950065907596,98.64508097449567,235.2826020913642,98.64508097505191,1.4207064334657193,329.86791264279765,329.8679102013098,1.4201594698341018,235.2826020913642,329.8679102013098,369.0235276395612,1.420009341178431,1.411445,1.4114450068801516,8.564334298279297,233.41672656533189,1.361375,1.3613750352016416,51.198195747812846,163.62177463917138,51.19819574800428,1.2604644823783266,190.0,190.00001657505416,1.4201594698341018,163.62177463917138,190.0000165750542,246.73698240813002,1.2602282201635036,1.251615,1.251615008746808,8.613211416695465,161.8672052460835,1.200915,1.2009150142179852,120.50864610792257,0.02059228066256343,0.0002525460570577885,81.53871377944907,2.012651920994923,0.9392578875264781
318,0.0,318.0,318.0,140.54719306098576,40.15085187216252,45.42431087267734,54.97203031614591,83.6,1.6722000000000001,123.3530527971277,3458.91241077719,60.00000059636983,60.0,7.977562832343645,7.5132007650233605,599.9999587739113,599.9999497004395,1.6221923492917723,1219.506405728874,1219.5063014753612,1.622195,1.6221949973099534,267.81881221796795,100.5630910880909,1.5719221891956427,888.2593009309943,881.9218366305076,1.571315,1.5713149999683917,264.9550633645604,881.9218366305072,1.5212689563879365,122.76693975482476,1.5211736111104537,264.9550633645604,1.520795,1.5207950051124894,98.64498058513449,235.28264719823346,98.64498058569136,1.4207064333621593,329.86777674750556,329.86777450210525,1.4201594697116713,235.28264719823346,329.86777450210525,369.0234073581395,1.4200093410440748,1.411445,1.4114450059497843,8.564335094290554,233.41677100590556,1.361375,1.3613750347633764,51.19824270600532,163.62180670968692,51.19824270619599,1.2604644834530951,190.0,190.00001698643007,1.4201594697116713,163.62180670968692,190.00001698643007,246.73693605886072,1.2602282211588967,1.251615,1.2516150083466895,8.613212812207172,161.86723856068747,1.200915,1.2009150140655838,120.50857971078179,0.020592277595682194,0.00025254646822708783,81.53856888295812,2.012651920994923,0.9392578817011161
319,0.0,319.0,319.0,140.5471930454386,40.15085186772109,45.424310867652565,54.97203031006498,83.6,1.6722000000000001,123.35305278285456,3458.912410866199,60.00000007117833,60.0,7.977564697391459,7.513204672943252,599.9999587739113,599.9999524169638,1.6221923518993189,1219.506405728874,1219.5063090438434,1.622195,1.622194999918057,267.81881255261715,100.56309276129393,1.5719221892172004,888.2593022367965,881.9218337456083,1.571315,1.5713149999864393,264.9550645402052,881.9218337456086,1.5212689559981276,122.76694023046797,1.5211736107200573,264.9550645402052,1.520795,1.520795004721318,98.64488023857986,235.28269375407083,98.64488023913722,1.4207064338308557,329.8676397510368,329.8676374573848,1.4201594701548623,235.28269375407083,329.8676374573848,369.02328703987365,1.4200093414738713,1.411445,1.4114450055089447,8.564335964926562,233.41681641171914,1.361375,1.3613750340184363,51.19828965079775,163.6218372245322,51.19828965098937,1.2604644840829846,190.0,190.00001763755284,1.4201594701548623,163.6218372245322,190.00001763755284,246.73689023444877,1.2602282217137457,1.251615,1.2516150076671069,8.61321404663884,161.86727020446105,1.200915,1.200915013272406,120.50851332189316,0.020592274533111,0.000252546879540903,81.53842395734625,2.012651920994923,0.9392578761884942
320,0.0,320.0,320.0,140.5471930627862,40.15085187267687,45.42431087325923,54.972030316850116,83.6,1.6722000000000001,123.35305279762254,3458.9124112465356,60.00000005561974,60.0,7.977564900472173,7.5132050562908,599.9999587739113,599.9999555478639,1.6221923518693673,1219.506405728874,1219.506347385442,1.622195,1.6221949998880991,267.818812542766,100.5630932277768,1.5719221891923834,888.2593021704758,881.9218340756166,1.571315,1.571314999961955,264.95506445455703,881.9218340756172,1.5212689559304269,122.76694037679887,1.5211736106523954,264.95506445455703,1.520795,1.5207950046536813,98.64477991044929,235.28274093383732,98.64477991100529,1.4207064347207796,329.8675021393572,329.86749984675436,1.4201594710165113,235.28274093383732,329.86749984675436,369.0231661161759,1.4200093423215132,1.411445,1.411445005447117,8.564336874396172,233.41686251764727,1.361375,1.3613750337267163,51.19833658185098,163.62186824749807,51.19833658204274,1.2604644852221523,190.0,190.0000178851022,1.4201594710165113,163.62186824749807,190.0000178851022,246.73684404734757,1.2602282227766264,1.251615,1.251615007453359,8.61321532326742,161.86730233804036,1.200915,1.2009150128735506,120.50844694146573,0.020592271462661443,0.00025254729070263145,81.53827905011407,2.012651920994923,0.939257870608729
321,0.0,321.0,321.0,140.54719305934015,40.15085187169241,45.42431087214548,54.97203031550226,83.6,1.6722000000000001,123.35305279425485,3458.912411173978,60.00000002271607,60.0,7.977565110194603,7.513205475449402,599.9999587739113,599.9999569910731,1.6221923519814363,1219.506405728874,1219.506367940422,1.622195,1.622195000000201,267.81881253181666,100.56309355761329,1.5719221891972253,888.259302181219,881.9218340657465,1.571315,1.5713149999668197,264.955064455883,881.9218340657465,1.521268955897794,122.76694037915142,1.5211736106197637,264.955064455883,1.520795,1.5207950046210497,98.64467959922716,235.28278807746113,98.64467959978346,1.4207064356823615,329.8673645834934,329.86736229083317,1.420159471949984,235.28278807746113,329.86736229083317,369.023045233124,1.4200093432410175,1.411445,1.4114450054594105,8.564337781606923,233.41690859050644,1.361375,1.3613750336049208,51.19838349895156,163.62189945568488,51.19838349914264,1.2604644865621122,190.0,190.0000179795756,1.420159471949984,163.62189945568488,190.0000179795756,246.73679768511474,1.2602282240398457,1.251615,1.2516150074236965,8.613216616149222,161.86733466909163,1.200915,1.2009150127145076,120.50838056947559,0.020592268385902876,0.00025254770165394165,81.53813418630841,2.012651920994923,0.9392578649295386
322,0.0,322.0,322.0,140.5471930555163,40.15085187060003,45.42431087090963,54.972030314006645,83.6,1.6722000000000001,123.35305279066759,3458.912411078577,60.00000001174459,60.0,7.977565250229286,7.513205748170172,599.9999587739113,599.9999577706508,1.6221923520106867,1219.506405728874,1219.506381499418,1.622195,1.6221950000294714,267.81881252248513,100.56309377900823,1.571922189202629,888.259302194192,881.9218340926402,1.571315,1.5713149999722733,264.95506444570617,881.9218340926396,1.521268955879372,122.76694038311685,1.521173610601348,264.95506444570617,1.520795,1.52079500460264,98.64457930510675,235.2828352155558,98.64457930566356,1.4207064366619147,329.8672270526433,329.867224760669,1.4201594729014295,235.2828352155558,329.867224760669,369.0229243680685,1.4200093441784958,1.411445,1.4114450054897036,8.564338688792139,233.41695466002997,1.361375,1.3613750335569144,51.19843040214122,163.6219307629107,51.198430402332434,1.2604644879728018,190.0,190.0000180041211,1.4201594729014295,163.6219307629107,190.00001800412113,246.7367512482917,1.2602282253735375,1.251615,1.2516150074551156,8.613217918421956,161.86736710371298,1.200915,1.2009150126650616,120.50831420585638,0.02059226530437526,0.0002525481123815676,81.53798937630943,2.012651920994923,0.9392578592053477
323,0.0,323.0,323.0,140.54719305299534,40.15085186987986,45.42431087009487,54.97203031302063,83.6,1.6722000000000001,123.35305278831503,3458.9124110161847,60.00000000706074,60.0,7.977565339319608,7.513205918422783,599.9999587739113,599.9999581964222,1.6221923520153239,1219.506405728874,1219.5063901832398,1.622195,1.6221950000341212,267.8188125160481,100.56309391946127,1.5719221892061932,888.2593021992958,881.9218341052697,1.571315,1.5713149999758704,264.9550644391368,881.9218341052695,1.5212689558599084,122.76694038008907,1.5211736105818883,264.9550644391368,1.520795,1.520795004583185,98.64447902810716,235.28288232307992,98.64447902866343,1.420706437633267,329.867089570688,329.8670872795264,1.4201594738447822,235.28288232307992,329.8670872795264,369.0228035411032,1.4200093451079057,1.411445,1.411445005513387,8.564339594518744,233.41700070021076,1.361375,1.3613750335348318,51.19847729141935,163.62196210996504,51.19847729160961,1.2604644893959913,190.0,190.0000180025618,1.4201594738447822,163.62196210996504,190.0000180025618,246.73670478673796,1.2602282267196183,1.251615,1.2516150074946282,8.613219224990143,161.8673995801674,1.200915,1.2009150126580588,120.50824785056261,0.020592262218971386,0.0002525485228837151,81.5378446242309,2.012651920994923,0.9392578534662273
324,0.0,324.0,324.0,140.5471930515166,40.15085186945741,45.42431086961694,54.97203031244224,83.6,1.6722000000000001,123.35305278693252,3458.9124109793706,60.00000000501936,60.0,7.977565397979112,7.513206027395146,599.9999587739113,599.9999584341701,1.6221923520110388,1219.506405728874,1219.5063957627167,1.622195,1.6221950000298448,267.8188125124443,100.5630940108387,1.5719221892082818,888.2593022032223,881.9218341138546,1.571315,1.5713149999779774,264.95506443540313,881.9218341138547,1.5212689558386847,122.76694038029488,1.5211736105606664,264.95506443540313,1.520795,1.520795004561965,98.64437876828569,235.2829293978832,98.6443787688442,1.4207064385932597,329.8669521394289,329.86694984912384,1.4201594747768918,235.2829293978832,329.86694984912384,369.0226827544839,1.4200093460260983,1.411445,1.411445005527424,8.564340498674383,233.4170467085175,1.361375,1.3613750335215353,51.198524166771136,163.62199347209582,51.198524166962265,1.2604644908139517,190.0,190.00001799201942,1.4201594747768918,163.62199347209582,190.00001799201942,246.73665832102867,1.2602282280604218,1.251615,1.251615007526793,8.613220533628674,161.86743207225413,1.200915,1.2009150126656134,120.50818150355971,0.02059225913014136,0.0002525489331614413,81.5376999315131,2.012651920994923,0.9392578477255303
325,0.0,325.0,325.0,140.54719305063853,40.150851869206576,45.42431086933315,54.97203031209881,83.6,1.6722000000000001,123.35305278611071,3458.912410957567,60.000000003950106,60.0,7.977565435873183,7.513206094841386,599.9999587739113,599.9999585706693,1.6221923520043156,1219.506405728874,1219.5063993538026,1.622195,1.6221950000231269,267.8188125102572,100.56309406961914,1.5719221892095208,888.2593022054516,881.9218341192188,1.571315,1.571314999979228,264.9550644331679,881.9218341192188,1.521268955816466,122.76694038073417,1.521173610538448,264.9550644331679,1.520795,1.5207950045397474,98.64427852569658,235.28297643840665,98.64427852625398,1.4207064395434958,329.86681476003264,329.86681247059187,1.4201594756993674,235.28297643840665,329.86681247059187,369.0225620095811,1.4200093469346848,1.411445,1.4114450055335195,8.564341401165354,233.4170926832867,1.361375,1.3613750335110741,51.198571028178954,163.6220248382231,51.19857102836904,1.260464492223386,190.0,190.00001797918316,1.4201594756993674,163.6220248382231,190.00001797918318,246.7366118592369,1.2602282293926808,1.251615,1.251615007549395,8.613221843285723,161.86746456836906,1.200915,1.2009150126771428,120.50811516481748,0.020592256038117287,0.0002525493432165438,81.53755529849403,2.012651920994923,0.9392578419886615
326,0.0,326.0,326.0,140.54719304998807,40.150851869020755,45.424310869122934,54.97203031184441,83.6,1.6722000000000001,123.35305278550814,3458.9124109414947,60.00000000320863,60.0,7.977565460413584,7.513206135704741,599.9999587739113,599.9999586506467,1.6221923519980481,1219.506405728874,1219.506401665076,1.622195,1.622195000016863,267.8188125086998,100.56309410750781,1.5719221892104398,888.2593022068162,881.9218341225273,1.571315,1.5713149999801554,264.9550644315052,881.9218341225279,1.5212689557944052,122.76694038011136,1.5211736105163873,264.9550644315052,1.520795,1.5207950045176872,98.64417830039038,235.28302344514918,98.64417830094716,1.4207064404865895,329.86667743170887,329.8666751431123,1.4201594766148207,235.28302344514918,329.8666751431123,369.022441306216,1.4200093478362763,1.411445,1.4114450055342536,8.564342302022743,233.41713862493145,1.361375,1.3613750335016135,51.19861787562524,163.62205620334922,51.198617875815266,1.260464493625443,190.0,190.00001796643198,1.4201594766148207,163.62205620334922,190.00001796643198,246.73656540435115,1.260228230717558,1.251615,1.2516150075641088,8.613223153449256,161.86749706332475,1.200915,1.2009150126889654,120.50804883430868,0.02059225294302913,0.00025254975305101784,81.53741072504342,2.012651920994923,0.9392578362577121
327,0.0,327.0,327.0,140.54719304933644,40.1508518688346,45.42431086891232,54.97203031158953,83.6,1.6722000000000001,123.35305278491586,3458.912410925468,60.00000000259516,60.0,7.977565476249589,7.513206159318567,599.9999587739113,599.9999586983942,1.6221923519930346,1219.506405728874,1219.5064031533277,1.622195,1.6221950000118517,267.8188125072517,100.56309413190169,1.5719221892113637,888.2593022076263,881.9218341245943,1.571315,1.5713149999810865,264.9550644300245,881.9218341245949,1.5212689557733996,122.76694037829374,1.5211736104953815,264.9550644300245,1.520795,1.5207950044966814,98.64407809241986,235.28307041975887,98.64407809297742,1.4207064414248032,329.86654015257596,329.86653786479184,1.420159477525506,235.28307041975887,329.86653786479184,369.022320643316,1.4200093487331256,1.411445,1.411445005531774,8.564343201351576,233.41718453503378,1.361375,1.3613750334927124,51.19866470909434,163.62208756528736,51.19866470928538,1.2604644950221555,190.0,190.00001795442876,1.420159477525506,163.62208756528736,190.00001795442876,246.73651895731695,1.2602282320370932,1.251615,1.251615007573223,8.61322446387014,161.86752955488208,1.200915,1.2009150127000503,120.50798251200538,0.020592249844954395,0.0002525501626668429,81.53726621082842,2.012651920994923,0.9392578305334098
328,0.0,328.0,328.0,140.5471930486275,40.150851868632074,45.42431086868319,54.97203031131224,83.6,1.6722000000000001,123.35305278428025,3458.9124109080476,60.00000000206044,60.0,7.97756548645561,7.51320617182767,599.9999587739113,599.9999587273097,1.622192351989327,1219.506405728874,1219.5064041116086,1.622195,1.6221950000081458,267.8188125057675,100.56309414760865,1.5719221892123714,888.2593022081161,881.9218341259071,1.571315,1.5713149999821017,264.9550644284894,881.9218341259066,1.5212689557538384,122.76694037528368,1.5211736104758202,264.9550644284894,1.520795,1.5207950044771208,98.64397790183192,235.28311736381877,98.64397790239101,1.4207064423596378,329.8664029208218,329.86640063381986,1.420159478432917,235.28311736381877,329.86640063381986,369.0222000198017,1.420009349626724,1.411445,1.4114450055274683,8.564344099255772,233.41723041513973,1.361375,1.3613750334841679,51.198711528567216,163.62211892267462,51.198711528757,1.2604644964151395,190.0,190.00001794333983,1.420159478432917,163.62211892267462,190.00001794333983,246.7364725184386,1.2602282333529076,1.251615,1.2516150075785235,8.613225774384059,161.86756204168168,1.200915,1.2009150127101502,120.50791619787977,0.020592246743943502,0.00025255057206599753,81.53712175540926,2.012651920994923,0.9392578248161265
329,0.0,329.0,329.0,140.54719304785675,40.15085186841189,45.42431086843409,54.972030311010776,83.6,1.6722000000000001,123.35305278359488,3458.9124108891037,60.00000000160067,60.0,7.977565493022888,7.513206177198827,599.9999587739113,599.9999587450137,1.6221923519867065,1219.506405728874,1219.506404728557,1.622195,1.622195000005526,267.8188125042139,100.56309415772807,1.5719221892134683,888.2593022084109,881.9218341267257,1.571315,1.5713149999832066,264.9550644269266,881.9218341267251,1.5212689557358527,122.76694037144269,1.5211736104578346,264.9550644269266,1.520795,1.520795004459136,98.64387772867022,235.2831642788939,98.64387772922836,1.4207064432920842,329.8662657346807,329.8662634484308,1.4201594793380359,235.2831642788939,329.8662634484308,369.0220794346062,1.4200093505180529,1.411445,1.4114450055222119,8.564344995841022,233.41727626677297,1.361375,1.3613750334758608,51.19875833403118,163.62215027463282,51.19875833422073,1.2604644978055484,190.0,190.00001793312617,1.4201594793380359,163.62215027463282,190.00001793312617,246.73642608777612,1.260228234666157,1.251615,1.251615007581278,8.613227084879105,161.8675945228553,1.200915,1.200915012719277,120.50784989190431,0.020592243640030296,0.00025255098125044303,81.53697735828604,2.012651920994923,0.9392578191060946
330,0.0,330.0,330.0,140.54719304705267,40.15085186818219,45.42431086817422,54.97203031069628,83.6,1.6722000000000001,123.35305278288324,3458.912410869323,60.0000000012181,60.0,7.977565497243034,7.5132061779982635,599.9999587739113,599.9999587559386,1.6221923519849055,1219.506405728874,1219.5064051256052,1.622195,1.6221950000037255,267.8188125026296,100.563094164253,1.5719221892146134,888.2593022085975,881.9218341272511,1.571315,1.5713149999843594,264.95506442534554,881.9218341272509,1.52126895571942,122.76694036710677,1.521173610441402,264.95506442534554,1.520795,1.5207950044427045,98.6437775729802,235.28321116649127,98.64377757353792,1.4207064442227824,329.8661285924791,329.8661263069562,1.4201594802414954,235.28321116649127,329.8661263069562,369.02195888669445,1.4200093514077428,1.411445,1.4114450055165344,8.564345891208358,233.41732209140804,1.361375,1.3613750334676724,51.19880512547375,163.6221816204613,51.198805125663526,1.260464499194126,190.0,190.00001792369824,1.4201594802414954,163.6221816204613,190.00001792369827,246.73637966532968,1.2602282359775883,1.251615,1.2516150075823222,8.613228395266015,161.86762699771154,1.200915,1.2009150127274846,120.50778359405095,0.020592240533236692,0.0002525513902221258,81.53683301891648,2.012651920994923,0.9392578134035414
331,0.0,331.0,331.0,140.54719304624643,40.150851867951864,45.42431086791364,54.97203031038094,83.6,1.6722000000000001,123.3530527821718,3458.9124108494807,60.000000000910234,60.0,7.977565499950897,7.513206175881274,599.9999587739113,599.9999587627165,1.6221923519836903,1219.506405728874,1219.506405380974,1.622195,1.6221950000025107,267.8188125010635,100.56309416846511,1.5719221892157622,888.2593022087219,881.921834127597,1.571315,1.571314999985516,264.95506442378235,881.9218341275963,1.5212689557044297,122.76694036257787,1.521173610426412,264.95506442378235,1.520795,1.5207950044277154,98.64367743480238,235.28325802793134,98.64367743535924,1.4207064451521194,329.8659914927494,329.86598920792795,1.420159481143676,235.28325802793134,329.86598920792795,369.02183837518214,1.4200093522961728,1.411445,1.4114450055107244,8.564346785448373,233.4173678903271,1.361375,1.3613750334594403,51.19885190287904,163.6222129594303,51.19885190306768,1.2604645005812893,190.0,190.0000179150054,1.420159481143676,163.6222129594303,190.00001791500543,246.73633325110828,1.2602282372876203,1.251615,1.2516150075821637,8.613229705456638,161.86765946553612,1.200915,1.2009150127348038,120.50771730429202,0.02059223742357723,0.0002525517989829812,81.53668873673274,2.012651920994923,0.9392578077087168
332,0.0,332.0,332.0,140.54719304546413,40.15085186772838,45.42431086766081,54.972030310074956,83.6,1.6722000000000001,123.35305278148287,3458.912410830216,60.00000000066973,60.0,7.977565501685347,7.513206171914471,599.9999587739113,599.9999587669365,1.6221923519828794,1219.506405728874,1219.5064055450603,1.622195,1.6221950000017,267.818812499558,100.56309417119003,1.5719221892168773,888.2593022088114,881.9218341278403,1.571315,1.5713149999866383,264.9550644222911,881.9218341278407,1.5212689556907413,122.76694035812726,1.5211736104127236,264.9550644222911,1.520795,1.5207950044140284,98.64357731417803,235.28330486438642,98.64357731473613,1.4207064460803835,329.8658544341964,329.86585215005636,1.4201594820448595,235.28330486438642,329.86585215005636,369.0217178992817,1.4200093531836233,1.411445,1.4114450055049828,8.56434767864056,233.4174136646773,1.361375,1.3613750334511352,51.19889866624119,163.62224429115102,51.198898666429805,1.260464501967389,190.0,190.00001790690666,1.4201594820448595,163.62224429115102,190.00001790690666,246.73628684504894,1.2602282385966055,1.251615,1.2516150075812063,8.613231015399236,161.86769192593852,1.200915,1.2009150127413375,120.50765102259881,0.02059223431105871,0.0002525522075348974,81.53654451115142,2.012651920994923,0.9392578020218106
333,0.0,333.0,333.0,140.54719304473056,40.15085186751882,45.42431086742372,54.97203030978804,83.6,1.6722000000000001,123.35305278083784,3458.91241081214,60.00000000048658,60.0,7.977565502793738,7.513206166784331,599.9999587739113,599.999958769569,1.6221923519823405,1219.506405728874,1219.506405650339,1.622195,1.6221950000011611,267.81881249815524,100.5630941729558,1.5719221892179227,888.2593022088793,881.9218341280055,1.571315,1.5713149999876905,264.9550644209078,881.9218341280052,1.5212689556781778,122.76694035389528,1.5211736104001605,264.9550644209078,1.520795,1.5207950044014662,98.64347721114525,235.28335167684125,98.64347721170282,1.4207064470076987,329.86571741572857,329.86571513225283,1.4201594829451651,235.28335167684125,329.86571513225283,369.0215974583418,1.4200093540702128,1.411445,1.41144500549936,8.564348570852864,233.4174594154196,1.361375,1.3613750334425934,51.19894541554416,163.6222756149554,51.198945415733625,1.2604645033525148,190.0,190.0000178994026,1.4201594829451651,163.6222756149554,190.0000178994026,246.73624044717886,1.2602282399046354,1.251615,1.2516150075796164,8.613232325018982,161.8677243782724,1.200915,1.2009150127470936,120.50758474894351,0.020592231195684745,0.00025255261587975623,81.53640034157868,2.012651920994923,0.9392577963430759
334,0.0,334.0,334.0,140.54719304405157,40.150851867324846,45.42431086720428,54.97203030952247,83.6,1.6722000000000001,123.35305278024138,3458.912410795408,60.00000000034981,60.0,7.977565503499637,7.513206160932169,599.9999587739113,599.9999587712134,1.6221923519819836,1219.506405728874,1219.5064057177374,1.622195,1.6221950000008043,267.8188124968627,100.56309417410478,1.5719221892188908,888.2593022089357,881.9218341281311,1.571315,1.571314999988665,264.9550644196208,881.9218341281312,1.521268955666623,122.7669403499354,1.521173610388606,264.9550644196208,1.520795,1.5207950043899128,98.6433771257428,235.28339846621975,98.64337712630012,1.4207064479342317,329.865580436348,329.8655781535189,1.420159483844755,235.28339846621975,329.8655781535189,369.0214770517807,1.420009354956102,1.411445,1.4114450054939547,8.564349462147236,233.41750514344756,1.361375,1.3613750334338615,51.198992150783425,163.62230693061395,51.19899215097245,1.26046450473686,190.0,190.00001789234332,1.420159483844755,163.62230693061395,190.00001789234332,246.73619405742977,1.2602282412119044,1.251615,1.2516150075776213,8.613233634283013,161.86775682229498,1.200915,1.2009150127521837,120.50751848329803,0.0205922280774542,0.0002525530240193811,81.53625622742074,2.012651920994923,0.9392577906726763
335,0.0,335.0,335.0,140.5471930434385,40.15085186714971,45.424310867006135,54.97203030928269,83.6,1.6722000000000001,123.35305277970335,3458.9124107802922,60.0000000002495,60.0,7.977565503947019,7.51320615464169,599.9999587739113,599.9999587722406,1.6221923519817456,1219.506405728874,1219.5064057607387,1.622195,1.6221950000005665,267.8188124956995,100.56309417485384,1.5719221892197648,888.2593022089801,881.9218341282311,1.571315,1.5713149999895446,264.9550644184796,881.9218341282312,1.5212689556559091,122.76694034638876,1.521173610377892,264.9550644184796,1.520795,1.5207950043791996,98.64327705800495,235.2834452332263,98.64327705856294,1.4207064488600252,329.8654434952693,329.865441213076,1.4201594847436676,235.2834452332263,329.865441213076,369.0213566791372,1.4200093558413285,1.411445,1.4114450054887553,8.564350352573191,233.41755084945532,1.361375,1.3613750334248749,51.199038871949895,163.62233823771118,51.19903887213895,1.2604645061204607,190.0,190.00001788569963,1.4201594847436676,163.62233823771118,190.00001788569963,246.73614767579215,1.26022824251845,1.251615,1.2516150075753052,8.613234943144699,161.86778925760558,1.200915,1.2009150127566595,120.50745222563408,0.020592224956363994,0.00025255343195555827,81.53611216808805,2.012651920994923,0.9392577850107968
336,0.0,336.0,336.0,140.5471930428868,40.15085186699209,45.424310866827824,54.97203030906689,83.6,1.6722000000000001,123.35305277921947,3458.9124107666885,60.00000000017684,60.0,7.977565504228319,7.5132061480947945,599.9999587739113,599.9999587728822,1.6221923519815862,1219.506405728874,1219.5064057880325,1.622195,1.622195000000407,267.81881249465516,100.56309417534585,1.5719221892205515,888.2593022090242,881.9218341283073,1.571315,1.5713149999903364,264.95506441745414,881.921834128307,1.5212689556459498,122.76694034317573,1.521173610367933,264.95506441745414,1.520795,1.520795004369241,98.64317700796961,235.28349197863207,98.64317700852664,1.4207064497851507,329.86530659168375,329.86530431011266,1.4201594856419713,235.28349197863207,329.86530431011266,369.02123633994796,1.4200093567259602,1.411445,1.4114450054837784,8.5643512421818,233.41759653418646,1.361375,1.3613750334156212,51.199085579036016,163.6223695359441,51.19908557922437,1.2604645075033551,190.0,190.00001787941804,1.4201594856419713,163.6223695359441,190.00001787941804,246.7361013022516,1.2602282438243113,1.251615,1.2516150075727424,8.613236251568956,161.86782168390542,1.200915,1.2009150127605792,120.50738597592327,0.020592221832409212,0.00025255383969003786,81.53596816299556,2.012651920994923,0.939257779357599
337,0.0,337.0,337.0,140.54719304239987,40.15085186685299,45.424310866670446,54.97203030887644,83.6,1.6722000000000001,123.35305277879266,3458.9124107546795,60.00000000012488,60.0,7.9775655044030565,7.513206141408244,599.9999587739113,599.9999587732826,1.6221923519814778,1219.506405728874,1219.5064058052146,1.622195,1.6221950000002987,267.81881249373527,100.56309417566729,1.5719221892212458,888.259302209064,881.9218341283687,1.571315,1.571314999991035,264.9550644165511,881.9218341283687,1.5212689556366152,122.76694034033636,1.5211736103585982,264.9550644165511,1.520795,1.5207950043599072,98.64307697566831,235.28353870293253,98.64307697622549,1.4207064507096363,329.8651697250453,329.8651674440875,1.4201594865396914,235.28353870293253,329.8651674440875,369.02111603390495,1.4200093576100214,1.411445,1.4114450054790146,8.564352131006814,233.41764219812669,1.361375,1.3613750334061159,51.19913227203361,163.62240082506028,51.19913227222229,1.2604645088855766,190.0,190.0000178734371,1.4201594865396914,163.62240082506028,190.0000178734371,246.73605493679418,1.2602282451295224,1.251615,1.2516150075699968,8.613237559525588,161.86785410093708,1.200915,1.200915012764,120.50731973413788,0.020592218705584104,0.00025255424722452524,81.5358242115693,2.012651920994923,0.9392577737132404
338,0.0,338.0,338.0,140.54719304196752,40.15085186672948,45.42431086653072,54.97203030870734,83.6,1.6722000000000001,123.35305277841388,3458.9124107440193,60.00000000008792,60.0,7.97756550450942,7.513206134656792,599.9999587739113,599.9999587735326,1.6221923519814034,1219.506405728874,1219.5064058158907,1.622195,1.6221950000002245,267.8188124929196,100.56309417587998,1.5719221892218622,888.2593022090966,881.9218341284327,1.571315,1.5713149999916554,264.955064415742,881.9218341284339,1.521268955627846,122.76694033781742,1.521173610349829,264.955064415742,1.520795,1.5207950043511385,98.64297696113465,235.28358540673253,98.64297696169164,1.4207064516335308,329.8650328947273,329.8650306143718,1.4201594874368735,235.28358540673253,329.8650306143718,369.02099576065956,1.420009358493558,1.411445,1.411445005474469,8.564353019089088,233.4176878418596,1.361375,1.3613750333963888,51.199178950938865,163.62243210490615,51.19917895112782,1.2604645102671672,190.0,190.0000178676981,1.4201594874368735,163.62243210490615,190.0000178676981,246.73600857938342,1.2602282464341255,1.251615,1.2516150075671288,8.613238866996609,161.86788650855357,1.200915,1.2009150127670059,120.5072535002502,0.020592215575882037,0.00025255465456066706,81.5356803132508,2.012651920994923,0.9392577680778181
339,0.0,339.0,339.0,140.54719304158766,40.15085186662096,45.42431086640794,54.972030308558764,83.6,1.6722000000000001,123.35305277808116,3458.9124107346474,60.00000000006193,60.0,7.977565504571954,7.513206127888137,599.9999587739113,599.9999587736883,1.6221923519813513,1219.506405728874,1219.5064058223825,1.622195,1.6221950000001721,267.8188124922037,100.56309417602054,1.571922189222404,888.2593022091235,881.9218341284757,1.571315,1.5713149999922005,264.95506441503665,881.9218341284752,1.5212689556195582,122.7669403355974,1.5211736103415412,264.95506441503665,1.520795,1.520795004342851,98.64287696440255,235.2836320905026,98.6428769649592,1.4207064525568458,329.8648961002387,329.86489382047927,1.4201594883335271,235.2836320905026,329.86489382047927,369.0208755199297,1.420009359376578,1.411445,1.411445005470119,8.564353906458821,233.417733465849,1.361375,1.3613750333864385,51.199225615743046,163.62246337526122,51.199225615931745,1.2604645116481155,190.0,190.00001786217624,1.4201594883335271,163.62246337526122,190.00001786217624,246.73596223002443,1.2602282477381108,1.251615,1.2516150075641537,8.613240173957148,161.86791890653504,1.200915,1.200915012769631,120.50718727423204,0.020592212443296367,0.0002525550617000715,81.53553646749396,2.012651920994923,0.9392577624514614
340,0.0,340.0,340.0,140.54719304125612,40.15085186652626,45.4243108663008,54.97203030842909,83.6,1.6722000000000001,123.3530527777909,3458.91241072647,60.00000000004369,60.0,7.977565504606408,7.5132061211326935,599.9999587739113,599.999958773785,1.6221923519813137,1219.506405728874,1219.506405826185,1.622195,1.6221950000001346,267.8188124915793,100.56309417611307,1.5719221892228767,888.2593022091492,881.921834128511,1.571315,1.571314999992676,264.95506441442745,881.9218341285115,1.5212689556116756,122.76694033367104,1.5211736103336586,264.95506441442745,1.520795,1.5207950043349687,98.64277698550016,235.2836787545957,98.6427769860576,1.4207064534795923,329.8647593412084,329.86475706203794,1.4201594892296614,235.2836787545957,329.86475706203794,369.0207553115246,1.4200093602590906,1.411445,1.4114450054659502,8.564354793140438,233.41777907043408,1.361375,1.3613750333763086,51.19927226644488,163.62249463603789,51.199272266633514,1.2604645130284529,190.0,190.00001785681823,1.4201594892296614,163.62249463603789,190.00001785681823,246.7359158886925,1.260228249041509,1.251615,1.251615007561112,8.613241480396994,161.8679512947936,1.200915,1.2009150127719388,120.50712105605525,0.020592209307820724,0.0002525554686442908,81.53539267377185,2.012651920994923,0.9392577568342537
341,0.0,341.0,341.0,140.5471930409666,40.150851866443546,45.42431086620723,54.97203030831585,83.6,1.6722000000000001,123.35305277753744,3458.9124107193284,60.00000000003093,60.0,7.977565504622888,7.513206114409741,599.9999587739113,599.9999587738453,1.6221923519812862,1219.506405728874,1219.5064058282608,1.622195,1.622195000000107,267.8188124910343,100.56309417617395,1.5719221892232897,888.2593022091716,881.9218341285462,1.571315,1.5713149999930918,264.95506441388926,881.9218341285457,1.5212689556041539,122.76694033198014,1.5211736103261368,264.95506441388926,1.520795,1.5207950043274474,98.64267702445734,235.28372539941654,98.64267702501643,1.4207064544017793,329.8646226172292,329.8646203386412,1.4201594901252832,235.28372539941654,329.8646203386412,369.0206351352161,1.420009361141102,1.411445,1.4114450054619423,8.564355679159696,233.4178246560087,1.361375,1.361375033365994,51.19931890303849,163.6225258870606,51.19931890322689,1.2604645144081585,190.0,190.00001785161962,1.4201594901252832,163.6225258870606,190.00001785161962,246.73586955540603,1.2602282503443005,1.251615,1.2516150075580035,8.613242786297048,161.86798367315842,1.200915,1.2009150127739574,120.50705484569241,0.02059220616944921,0.00025255587539483915,81.53524893157169,2.012651920994923,0.93925775122629
342,0.0,342.0,342.0,140.54719304070775,40.15085186636959,45.42431086612356,54.9720303082146,83.6,1.6722000000000001,123.35305277731084,3458.9124107129446,60.000000000021956,60.0,7.977565504627898,7.513206107731445,599.9999587739113,599.9999587738824,1.6221923519812662,1219.506405728874,1219.5064058292287,1.622195,1.622195000000087,267.8188124905472,100.56309417621483,1.571922189223659,888.2593022091895,881.921834128575,1.571315,1.5713149999934632,264.95506441340706,881.9218341285753,1.5212689555969792,122.7669403304627,1.5211736103189621,264.95506441340706,1.520795,1.520795004320273,98.64257708130737,235.28377202541247,98.64257708186364,1.4207064553234448,329.8644859278597,329.86448364984716,1.4201594910204283,235.28377202541247,329.86448364984716,369.02051499074986,1.4200093620226477,1.411445,1.4114450054581027,8.564356564545017,233.41787022300568,1.361375,1.3613750333555323,51.19936552551782,163.62255712826004,51.199365525704806,1.2604645157872492,190.0,190.00001784653662,1.4201594910204283,163.62255712826004,190.00001784653662,246.73582323014477,1.260228251646502,1.251615,1.2516150075548536,8.613244091648431,161.86801604155588,1.200915,1.2009150127757278,120.50698864311644,0.020592203028177398,0.0002525562819531761,81.53510524040415,2.012651920994923,0.9392577456276389
343,0.0,343.0,343.0,140.54719304048515,40.150851866306006,45.42431086605162,54.972030308127536,83.6,1.6722000000000001,123.35305277711605,3458.9124107074526,60.00000000001581,60.0,7.977565504625635,7.513206101105343,599.9999587739113,599.9999587739054,1.62219235198125,1219.506405728874,1219.5064058294886,1.622195,1.6221950000000709,267.8188124901285,100.56309417623955,1.5719221892239763,888.2593022092062,881.9218341286008,1.571315,1.5713149999937825,264.95506441299864,881.9218341286008,1.5212689555900618,122.76694032917503,1.5211736103120446,264.95506441299864,1.520795,1.5207950043133556,98.642477156075,235.28381863274032,98.64247715663252,1.4207064562445604,329.8643492729385,329.864346995499,1.420159491915068,235.28381863274032,329.864346995499,369.0203948780518,1.4200093629036987,1.411445,1.4114450054543917,8.564357449307058,233.41791577158432,1.361375,1.3613750333449401,51.19941213388097,163.62258835955453,51.19941213406889,1.2604645171657267,190.0,190.0000178415547,1.420159491915068,163.62258835955453,190.0000178415547,246.73577691292178,1.2602282529481155,1.251615,1.251615007551672,8.61324539644337,161.86804839990867,1.200915,1.2009150127772887,120.50692244829935,0.020592199884000194,0.0002525566883207086,81.5349615997943,2.012651920994923,0.9392577400383626
344,0.0,344.0,344.0,140.5471930402856,40.150851866249,45.424310865987124,54.97203030804948,83.6,1.6722000000000001,123.35305277694141,3458.9124107025314,60.000000000011404,60.0,7.977565504618716,7.513206094536036,599.9999587739113,599.9999587739195,1.622192351981238,1219.506405728874,1219.5064058292958,1.622195,1.6221950000000591,267.8188124897531,100.56309417625532,1.5719221892242607,888.2593022092215,881.9218341286196,1.571315,1.5713149999940688,264.95506441262694,881.9218341286196,1.5212689555834182,122.76694032799792,1.521173610305401,264.95506441262694,1.520795,1.5207950043067118,98.64237724879148,235.2838652218325,98.64237724935118,1.4207064571651644,329.86421265204683,329.8642103751739,1.4201594928092383,235.2838652218325,329.8642103751739,369.02027479687956,1.420009363784291,1.411445,1.4114450054508187,8.564358333472244,233.4179613021577,1.361375,1.3613750333342363,51.19945872812345,163.62261958087782,51.19945872831187,1.26046451854359,190.0,190.0000178366523,1.4201594928092383,163.62261958087782,190.0000178366523,246.73573060373656,1.2602282542491403,1.251615,1.2516150075484662,8.613246700674093,161.86808074814846,1.200915,1.2009150127786608,120.50685626121319,0.020592196736915043,0.0002525570944987983,81.53481800929184,2.012651920994923,0.9392577344585158
345,0.0,345.0,345.0,140.54719304011002,40.150851866198835,45.42431086593037,54.972030307980816,83.6,1.6722000000000001,123.35305277678773,3458.9124106982017,60.00000000000832,60.0,7.9775655046088865,7.513206088026243,599.9999587739113,599.999958773928,1.6221923519812287,1219.506405728874,1219.506405828816,1.622195,1.6221950000000496,267.8188124894228,100.563094176263,1.571922189224511,888.2593022092317,881.9218341286344,1.571315,1.5713149999943208,264.9550644123002,881.9218341286337,1.5212689555769952,122.76694032696474,1.5211736102989777,264.9550644123002,1.520795,1.5207950043002887,98.64227735948228,235.28391179287252,98.64227736004173,1.4207064580852462,329.8640760650111,329.8640737887009,1.4201594937029274,235.28391179287252,329.8640737887009,369.02015474714364,1.4200093646644123,1.411445,1.41144500544736,8.564359217052342,233.4180068149079,1.361375,1.361375033323439,51.19950530824313,163.62265079218264,51.19950530843064,1.260464519920843,190.0,190.00001783181528,1.4201594937029274,163.62265079218264,190.00001783181528,246.7356843025953,1.2602282555495805,1.251615,1.2516150075452448,8.613248004335716,161.86811308622907,1.200915,1.2009150127798767,120.50679008183165,0.020592193586919647,0.0002525575004887617,81.53467446846211,2.012651920994923,0.9392577288881369
346,0.0,346.0,346.0,140.54719303995464,40.15085186615445,45.42431086588015,54.972030307920036,83.6,1.6722000000000001,123.35305277665175,3458.9124106943705,60.00000000000613,60.0,7.977565504597246,7.513206081577489,599.9999587739113,599.9999587739334,1.6221923519812211,1219.506405728874,1219.5064058281555,1.622195,1.622195000000042,267.81881248913044,100.56309417626662,1.5719221892247328,888.2593022092428,881.9218341286565,1.571315,1.571314999994544,264.9550644120128,881.9218341286564,1.5212689555707721,122.76694032606541,1.5211736102927544,264.9550644120128,1.520795,1.5207950042940654,98.64217748817325,235.28395834610635,98.64217748873125,1.420706459004813,329.8639395115944,329.86393723584337,1.4201594945961422,235.28395834610635,329.86393723584337,369.0200347287108,1.4200093655440686,1.411445,1.4114450054440064,8.56436010006223,233.4180523100742,1.361375,1.3613750333125585,51.1995518742358,163.62268199340465,51.19955187442318,1.2604645212974788,190.0,190.00001782703308,1.4201594945961422,163.62268199340465,190.0000178270331,246.7356380095136,1.2602282568494287,1.251615,1.2516150075420072,8.613249307421578,161.86814541408415,1.200915,1.2009150127809425,120.50672391012704,0.020592190434013457,0.00025255790629186544,81.53453097689345,2.012651920994923,0.9392577233272772
347,0.0,347.0,347.0,140.5471930398134,40.1508518661141,45.424310865834514,54.9720303078648,83.6,1.6722000000000001,123.35305277652812,3458.9124106908885,60.00000000000458,60.0,7.977565504584494,7.513206075190508,599.9999587739113,599.9999587739363,1.622192351981215,1219.506405728874,1219.506405827382,1.622195,1.622195000000036,267.81881248886464,100.5630941762658,1.5719221892249342,888.2593022092525,881.9218341286773,1.571315,1.5713149999947464,264.95506441175326,881.9218341286771,1.5212689555647492,122.76694032525243,1.521173610286731,264.95506441175326,1.520795,1.520795004288042,98.64207763489355,235.28400488183746,98.64207763545227,1.4207064599238841,329.8638029915192,329.86380071632317,1.4201594954888994,235.28400488183746,329.86380071632317,369.019914741413,1.4200093664232776,1.411445,1.411445005440757,8.564360982520558,233.41809778795178,1.361375,1.3613750333016166,51.199598426100685,163.62271318454646,51.199598426287984,1.2604645226735107,190.0,190.00001782229,1.4201594954888994,163.62271318454646,190.00001782229,246.73559172448435,1.2602282581486994,1.251615,1.2516150075387675,8.6132506099319,161.8681777317197,1.200915,1.2009150127818962,120.5066577460724,0.020592187278196707,0.00025255831190931874,81.53438753419586,2.012651920994923,0.9392577177759428
348,0.0,348.0,348.0,140.5471930396903,40.150851866078945,45.42431086579474,54.97203030781666,83.6,1.6722000000000001,123.35305277642043,3458.912410687852,60.00000000000353,60.0,7.977565504571097,7.513206068865557,599.9999587739113,599.999958773938,1.6221923519812094,1219.506405728874,1219.5064058265393,1.622195,1.6221950000000305,267.818812488633,100.56309417626218,1.5719221892251096,888.25930220926,881.9218341286892,1.571315,1.5713149999949232,264.95506441152406,881.9218341286885,1.5212689555588785,122.76694032452765,1.5211736102808604,264.95506441152406,1.520795,1.5207950042821714,98.64197779966581,235.28405140017847,98.6419778002233,1.4207064608424451,329.86366650467744,329.8636642300348,1.420159496381185,235.28405140017847,329.8636642300348,369.0197947851922,1.4200093673020244,1.411445,1.4114450054375907,8.564361864433767,233.41814324865285,1.361375,1.3613750332906251,51.19964496383672,163.62274436557675,51.19964496402297,1.260464524048936,190.0,190.00001781757578,1.420159496381185,163.62274436557675,190.00001781757578,246.73554544753296,1.2602282594473893,1.251615,1.2516150075355252,8.613251911864017,161.86821003910055,1.200915,1.2009150127827428,120.50659158964079,0.020592184119471342,0.0002525587173422996,81.53424413999618,2.012651920994923,0.9392577122341663
349,0.0,349.0,349.0,140.54719303957702,40.15085186604659,45.42431086575812,54.97203030777235,83.6,1.6722000000000001,123.35305277632122,3458.9124106850604,60.00000000000272,60.0,7.977565504557343,7.513206062602602,599.9999587739113,599.9999587739389,1.622192351981205,1219.506405728874,1219.5064058256555,1.622195,1.622195000000026,267.81881248841967,100.56309417625691,1.571922189225271,888.2593022092678,881.9218341287008,1.571315,1.5713149999950857,264.9550644113132,881.9218341287013,1.521268955553172,122.76694032386315,1.5211736102751536,264.9550644113132,1.520795,1.5207950042764646,98.64187798251581,235.2840979014054,98.64187798307346,1.4207064617605094,329.8635300508226,329.86352777672863,1.4201594972730114,235.2840979014054,329.86352777672863,369.0196748599079,1.4200093681803208,1.411445,1.4114450054345031,8.564362745817622,233.4181886924422,1.361375,1.3613750332795662,51.19969148743825,163.62277553640087,51.19969148762479,1.260464525423727,190.0,190.00001781290618,1.4201594972730114,163.62277553640087,190.00001781290618,246.7354991786884,1.2602282607454707,1.251615,1.251615007532262,8.613253213208605,161.86824233613441,1.200915,1.2009150127834731,120.50652544080563,0.020592180957840555,0.00025255912259194123,81.53410079394067,2.012651920994923,0.9392577067019824
350,0.0,350.0,350.0,140.54719303947437,40.150851866017256,45.42431086572494,54.9720303077322,83.6,1.6722000000000001,123.35305277623134,3458.91241068253,60.0000000000021,60.0,7.977565504543376,7.513206056401293,599.9999587739113,599.9999587739394,1.6221923519812018,1219.506405728874,1219.5064058247494,1.622195,1.6221950000000227,267.8188124882263,100.56309417625005,1.5719221892254176,888.259302209273,881.9218341287136,1.571315,1.571314999995233,264.95506441112303,881.9218341287134,1.5212689555476084,122.76694032326495,1.5211736102695896,264.95506441112303,1.520795,1.5207950042709006,98.6417781834681,235.28414438567037,98.64177818402663,1.4207064626780965,329.86339362981573,329.86339135626855,1.4201594981643964,235.28414438567037,329.86339135626855,369.0195549654666,1.420009369058185,1.411445,1.4114450054315033,8.56436362668167,233.41823411947183,1.361375,1.3613750332685106,51.19973799691017,163.62280669715307,51.19973799709706,1.2604645267979477,190.0,190.00001780822356,1.4201594981643964,163.62280669715307,190.00001780822356,246.73545291792018,1.2602282620430079,1.251615,1.2516150075290289,8.613254513978985,161.86827462294983,1.200915,1.2009150127841453,120.50645929954013,0.020592177793308655,0.00025255952765931134,81.53395749570117,2.012651920994923,0.93925770117936
351,0.0,351.0,351.0,140.5471930393809,40.15085186599055,45.42431086569473,54.97203030769563,83.6,1.6722000000000001,123.3530527761495,3458.912410680225,60.00000000000166,60.0,7.97756550452937,7.513206050261348,599.9999587739113,599.9999587739395,1.6221923519811987,1219.506405728874,1219.5064058238315,1.622195,1.6221950000000198,267.8188124880502,100.56309417624244,1.571922189225551,888.2593022092777,881.9218341287219,1.571315,1.5713149999953673,264.9550644109498,881.921834128721,1.521268955542179,122.76694032271544,1.5211736102641602,264.9550644109498,1.520795,1.520795004265471,98.64167840254717,235.28419085319297,98.641678403107,1.4207064635951863,329.86325724146315,329.86325496846007,1.4201594990553192,235.28419085319297,329.86325496846007,369.01943510174675,1.4200093699355962,1.411445,1.4114450054285579,8.564364507038347,233.41827952995567,1.361375,1.3613750332573853,51.19978449224432,163.6228378476411,51.19978449243177,1.2604645281715203,190.0,190.00001780359062,1.4201594990553192,163.6228378476411,190.00001780359062,246.73540666530087,1.260228263339923,1.251615,1.251615007525766,8.613255814157172,161.86830689936403,1.200915,1.2009150127847168,120.50639316581793,0.020592174625881407,0.00025255993254546047,81.53381424496081,2.012651920994923,0.9392576956663438
352,0.0,352.0,352.0,140.54719303929593,40.15085186596628,45.42431086566727,54.97203030766241,83.6,1.6722000000000001,123.3530527760751,3458.912410678133,60.000000000001315,60.0,7.977565504515356,7.513206044182215,599.9999587739113,599.9999587739395,1.6221923519811963,1219.506405728874,1219.50640582291,1.622195,1.6221950000000172,267.81881248789006,100.5630941762341,1.5719221892256723,888.259302209283,881.9218341287253,1.571315,1.5713149999954892,264.9550644107918,881.9218341287257,1.5212689555368684,122.76694032220942,1.5211736102588493,264.9550644107918,1.520795,1.5207950042601601,98.64157863977488,235.2842373040824,98.64157864033366,1.420706464511801,329.8631208856691,329.86311861320746,1.4201594999458025,235.2842373040824,329.86311861320746,369.019315268692,1.4200093708125765,1.411445,1.4114450054256829,8.564365386893646,233.41832492399936,1.361375,1.3613750332462593,51.1998309734435,163.62286898797961,51.19983097363086,1.2604645295445025,190.0,190.00001779894936,1.4201594999458025,163.62286898797961,190.00001779894936,246.73536042080588,1.2602282646362737,1.251615,1.2516150075225199,8.613257113753825,161.86833916547988,1.200915,1.2009150127852253,120.50632703961257,0.020592171455565807,0.00025256033725137703,81.53367104142768,2.012651920994923,0.9392576901629148
353,0.0,353.0,353.0,140.54719303921598,40.15085186594344,45.42431086564144,54.97203030763113,83.6,1.6722000000000001,123.35305277600506,3458.912410676161,60.000000000001066,60.0,7.977565504501402,7.513206038163406,599.9999587739113,599.9999587739393,1.622192351981194,1219.506405728874,1219.506405821989,1.622195,1.6221950000000152,267.8188124877393,100.56309417622425,1.571922189225786,888.259302209286,881.9218341287354,1.571315,1.5713149999956038,264.95506441064254,881.9218341287349,1.521268955531683,122.76694032174093,1.5211736102536637,264.95506441064254,1.520795,1.5207950042549745,98.64147889517635,235.284283738578,98.64147889573516,1.420706465427944,329.86298456222323,329.8629822903007,1.4201595008358472,235.284283738578,329.8629822903007,369.0191954661608,1.4200093716891269,1.411445,1.4114450054228656,8.564366266261336,233.41837030183822,1.361375,1.3613750332351044,51.19987744050514,163.62290011810683,51.19987744069212,1.260464530916868,190.0,190.00001779432588,1.4201595008358472,163.62290011810683,190.0000177943259,246.7353141844653,1.260228265932034,1.251615,1.2516150075192694,8.613258412764724,161.86837142124432,1.200915,1.2009150127856691,120.50626092089769,0.020592168282369955,0.0002525607417780102,81.53352788482688,2.012651920994923,0.9392576846690667
354,0.0,354.0,354.0,140.54719303914197,40.1508518659223,45.424310865617514,54.97203030760218,83.6,1.6722000000000001,123.35305277594021,3458.9124106743384,60.00000000000085,60.0,7.97756550448753,7.513206032204393,599.9999587739113,599.9999587739392,1.6221923519811925,1219.506405728874,1219.5064058210721,1.622195,1.6221950000000136,267.8188124875997,100.56309417621526,1.5719221892258917,888.2593022092902,881.9218341287385,1.571315,1.5713149999957101,264.95506441050475,881.9218341287376,1.521268955526607,122.76694032130051,1.5211736102485875,264.95506441050475,1.520795,1.5207950042498979,98.64137916877321,235.28433015679133,98.64137916933153,1.4207064663436229,329.8628482710354,329.86284599964944,1.4201595017254613,235.28433015679133,329.86284599964944,369.0190756940899,1.420009372565255,1.411445,1.4114450054201082,8.564367145146745,233.41841566358056,1.361375,1.3613750332239554,51.199923893431965,163.6229312380875,51.19992389361785,1.260464532288645,190.0,190.00001778969119,1.4201595017254613,163.6229312380875,190.00001778969119,246.73526795628612,1.2602282672272318,1.251615,1.2516150075160364,8.61325971119542,161.86840366671515,1.200915,1.2009150127860675,120.50619480964735,0.02059216510630327,0.00025256114612626755,81.53338477490219,2.012651920994923,0.9392576791847778
355,0.0,355.0,355.0,140.54719303907436,40.15085186590298,45.424310865595665,54.97203030757574,83.6,1.6722000000000001,123.35305277588097,3458.912410672671,60.000000000000746,60.0,7.977565504473793,7.513206026304626,599.9999587739113,599.9999587739388,1.6221923519811907,1219.506405728874,1219.5064058201608,1.622195,1.6221950000000116,267.8188124874721,100.56309417620403,1.571922189225988,888.2593022092917,881.9218341287402,1.571315,1.5713149999958071,264.95506441037804,881.9218341287407,1.5212689555216288,122.76694032089443,1.521173610243609,264.95506441037804,1.520795,1.5207950042449196,98.64127946058765,235.28437655886643,98.64127946114611,1.420706467258833,329.86271201197917,329.86270974112875,1.4201595026146394,235.28437655886643,329.86270974112875,369.01895595239336,1.4200093734409553,1.411445,1.4114450054173966,8.564368023558755,233.4184610093703,1.361375,1.3613750332127867,51.19997033221976,163.62296234784205,51.19997033240618,1.2604645336598028,190.0,190.0000177850683,1.4201595026146394,163.62296234784205,190.0000177850683,246.73522173630735,1.2602282685218364,1.251615,1.2516150075127974,8.61326100903903,161.86843590181388,1.200915,1.2009150127864,120.50612870583556,0.0205921619273764,0.0002525615502970262,81.53324171141209,2.012651920994923,0.9392576737100575
356,0.0,356.0,356.0,140.54719303901015,40.15085186588463,45.42431086557491,54.972030307550625,83.6,1.6722000000000001,123.35305277582468,3458.912410671091,60.00000000000058,60.0,7.977565504460122,7.513206020463456,599.9999587739113,599.9999587739386,1.6221923519811896,1219.506405728874,1219.5064058192565,1.622195,1.6221950000000105,267.81881248735084,100.56309417619335,1.5719221892260795,888.2593022092952,881.9218341287432,1.571315,1.5713149999958993,264.9550644102588,881.9218341287437,1.5212689555167491,122.76694032051185,1.5211736102387292,264.9550644102588,1.520795,1.5207950042400395,98.64117977064014,235.28442294493902,98.64117977119896,1.4207064681735868,329.8625757849444,329.86257351462604,1.4201595035033932,235.28442294493902,329.86257351462604,369.01883624099344,1.4200093743162396,1.411445,1.411445005414736,8.564368901503583,233.41850633933598,1.361375,1.3613750332016252,51.20001675687287,163.62299344743533,51.20001675705953,1.2604645350303698,190.0,190.00001778043617,1.4201595035033932,163.62299344743533,190.00001778043617,246.73517552452742,1.260228269815876,1.251615,1.2516150075095733,8.61326230630266,161.86846812660517,1.200915,1.2009150127866932,120.50606260943654,0.020592158745601132,0.0002525619542911131,81.53309869413577,2.012651920994923,0.9392576682448642
357,0.0,357.0,357.0,140.54719303895143,40.150851865867864,45.42431086555593,54.97203030752766,83.6,1.6722000000000001,123.35305277577324,3458.9124106696427,60.000000000000504,60.0,7.977565504446619,7.513206014680452,599.9999587739113,599.9999587739384,1.6221923519811883,1219.506405728874,1219.5064058183596,1.622195,1.6221950000000092,267.81881248724,100.56309417618255,1.5719221892261634,888.259302209296,881.921834128747,1.571315,1.5713149999959835,264.9550644101498,881.9218341287462,1.5212689555119565,122.76694032016671,1.5211736102339364,264.9550644101498,1.520795,1.5207950042352465,98.64108009895288,235.28446931515484,98.64108009951043,1.4207064690878788,329.8624395898036,329.86243732001736,1.4201595043917166,235.28446931515484,329.86243732001736,369.018716559792,1.4200093751911018,1.411445,1.411445005412112,8.564369778989889,233.41855165362716,1.361375,1.361375033190444,51.200063167387334,163.62302453679908,51.20006316757367,1.2604645364003153,190.0,190.00001777581662,1.4201595043917166,163.62302453679908,190.00001777581662,246.73512932098296,1.260228271109321,1.251615,1.2516150075063404,8.613263602980537,161.86850034102173,1.200915,1.200915012786926,120.50599652042418,0.02059215556099039,0.0002525623581093242,81.53295572286692,2.012651920994923,0.9392576627891974
358,0.0,358.0,358.0,140.54719303889422,40.15085186585152,45.42431086553744,54.972030307505285,83.6,1.6722000000000001,123.3530527757231,3458.912410668234,60.0000000000004,60.0,7.977565504433207,7.513206008954915,599.9999587739113,599.999958773938,1.6221923519811876,1219.506405728874,1219.506405817471,1.622195,1.6221950000000085,267.8188124871319,100.56309417617081,1.571922189226245,888.2593022092985,881.9218341287499,1.571315,1.5713149999960656,264.95506441004295,881.9218341287506,1.52126895550726,122.76694031982584,1.5211736102292395,264.95506441004295,1.520795,1.5207950042305496,98.64098044554694,235.28451566966817,98.6409804461048,1.420706470001728,329.862303426431,329.86230115717365,1.420159505279628,235.28451566966817,329.86230115717365,369.018596908698,1.4200093760655599,1.411445,1.4114450054095342,8.564370656025666,233.4185969523892,1.361375,1.3613750331792644,51.20010956376459,163.62305561597097,51.20010956394967,1.2604645377696604,190.0,190.00001777119266,1.420159505279628,163.62305561597097,190.00001777119266,246.73508312568293,1.260228272402191,1.251615,1.2516150075031147,8.613264899076212,161.8685325450985,1.200915,1.200915012787115,120.50593043877348,0.020592152373557732,0.00025256276175241626,81.53281279741442,2.012651920994923,0.9392576573430214
359,0.0,359.0,359.0,140.5471930388412,40.150851865836366,45.424310865520305,54.97203030748454,83.6,1.6722000000000001,123.35305277567659,3458.9124106669265,60.000000000000355,60.0,7.977565504419946,7.513206003286353,599.9999587739113,599.9999587739378,1.6221923519811865,1219.506405728874,1219.5064058165904,1.622195,1.6221950000000074,267.8188124870316,100.56309417615785,1.5719221892263207,888.2593022093,881.921834128753,1.571315,1.5713149999961418,264.9550644099436,881.9218341287528,1.5212689555026437,122.76694031950883,1.5211736102246232,264.9550644099436,1.520795,1.520795004225933,98.64088081044243,235.28456200857087,98.64088081100047,1.420706470915137,329.8621672947528,329.8621650260235,1.4201595061671297,235.28456200857087,329.8621650260235,369.01847728764994,1.4200093769396158,1.411445,1.4114450054070007,8.564371532615134,233.41864223571667,1.361375,1.3613750331681043,51.200155946006774,163.62308668499756,51.200155946192,1.2604645391384226,190.0,190.00001776655137,1.4201595061671297,163.62308668499756,190.00001776655137,246.7350369386406,1.260228273694504,1.251615,1.251615007499909,8.613266194595015,161.86856473887988,1.200915,1.2009150127872765,120.50586436445882,0.020592149183318056,0.00025256316522110554,81.53266991760549,2.012651920994923,0.9392576519062943
360,0.0,360.0,360.0,140.54719303879114,40.15085186582207,45.42431086550412,54.97203030746496,83.6,1.6722000000000001,123.35305277563275,3458.912410665694,60.00000000000034,60.0,7.977565504406818,7.51320599767418,599.9999587739113,599.9999587739375,1.6221923519811856,1219.506405728874,1219.5064058157182,1.622195,1.6221950000000065,267.818812486937,100.56309417614675,1.571922189226392,888.2593022093013,881.9218341287548,1.571315,1.5713149999962137,264.95506440985014,881.9218341287554,1.5212689554981056,122.76694031920796,1.5211736102200848,264.95506440985014,1.520795,1.5207950042213947,98.64078119365894,235.28460833199892,98.64078119421747,1.4207064718280955,329.86203119465625,329.8620289264528,1.4201595070542108,235.28460833199892,329.8620289264528,369.0183576965592,1.4200093778132592,1.411445,1.4114450054044934,8.564372408765841,233.4186875037417,1.361375,1.3613750331569199,51.20020231411123,163.62311774378125,51.20020231429711,1.2604645405065569,190.0,190.0000177619283,1.4201595070542108,163.62311774378125,190.0000177619283,246.73499075989687,1.2602282749862155,1.251615,1.2516150074966874,8.613267489528065,161.8685969222732,1.200915,1.2009150127873778,120.50579829745479,0.020592145990287403,0.0002525635685160825,81.53252708328026,2.012651920994923,0.9392576464790113
361,0.0,361.0,361.0,140.54719303874228,40.15085186580811,45.42431086548833,54.97203030744585,83.6,1.6722000000000001,123.35305277558989,3458.9124106644927,60.000000000000256,60.0,7.977565504393803,7.513205992117834,599.9999587739113,599.9999587739374,1.6221923519811852,1219.506405728874,1219.5064058148548,1.622195,1.622195000000006,267.8188124868447,100.56309417613555,1.5719221892264617,888.2593022093022,881.9218341287622,1.571315,1.5713149999962837,264.9550644097594,881.9218341287605,1.5212689554936472,122.76694031892427,1.5211736102156261,264.9550644097594,1.520795,1.520795004216936,98.64068159521555,235.28465464006032,98.64068159577474,1.4207064727406256,329.8618951260547,329.8618928583748,1.420159507940893,235.28465464006032,329.8618928583748,369.0182381353564,1.4200093786865111,1.411445,1.4114450054020278,8.56437328448334,233.41873275656982,1.361375,1.3613750331457541,51.20024866808143,163.62314879241256,51.200248668265885,1.2604645418741056,190.0,190.00001775728882,1.420159507940893,163.62314879241256,190.00001775728882,246.73494458944884,1.2602282762773676,1.251615,1.2516150074934829,8.613268783884687,161.8686290953617,1.200915,1.2009150127874475,120.50573223773617,0.020592142794482016,0.00025256397163799524,81.53238429429328,2.012651920994923,0.9392576410611185
362,0.0,362.0,362.0,140.54719303869658,40.150851865795055,45.42431086547356,54.97203030742797,83.6,1.6722000000000001,123.35305277554983,3458.912410663364,60.00000000000025,60.0,7.977565504380923,7.513205986616759,599.9999587739113,599.9999587739369,1.6221923519811843,1219.506405728874,1219.5064058139997,1.622195,1.6221950000000054,267.8188124867582,100.56309417612313,1.5719221892265267,888.2593022093027,881.9218341287615,1.571315,1.5713149999963492,264.95506440967415,881.9218341287612,1.5212689554892629,122.76694031864852,1.5211736102112416,264.95506440967415,1.520795,1.5207950042125513,98.64058201513356,235.28470093288928,98.64058201569259,1.420706473652731,329.8617590888335,329.8617568216777,1.4201595088271792,235.28470093288928,329.8617568216777,369.0181186039381,1.4200093795593745,1.411445,1.4114450053996004,8.564374159774069,233.41877799433823,1.361375,1.3613750331346077,51.200295007918534,163.62317983090662,51.20029500810416,1.2604645432410713,190.0,190.00001775263274,1.4201595088271792,163.62317983090662,190.00001775263277,246.73489842731829,1.260228277567962,1.251615,1.2516150074902948,8.613270077667323,161.86866125816218,1.200915,1.2009150127874917,120.50566618527832,0.020592139595919122,0.0002525643745874622,81.53224155051262,2.012651920994923,0.9392576356525717
363,0.0,363.0,363.0,140.54719303865036,40.15085186578186,45.42431086545863,54.9720303074099,83.6,1.6722000000000001,123.35305277550931,3458.912410662229,60.00000000000016,60.0,7.977565504368163,7.513205981170418,599.9999587739113,599.9999587739368,1.6221923519811843,1219.506405728874,1219.5064058131527,1.622195,1.6221950000000052,267.8188124866708,100.56309417611095,1.5719221892265927,888.2593022093039,881.9218341287597,1.571315,1.5713149999964158,264.95506440958695,881.9218341287591,1.5212689554849617,122.76694031836513,1.5211736102069402,264.95506440958695,1.520795,1.5207950042082499,98.64048245343172,235.28474721061903,98.64048245399172,1.4207064745644205,329.86162308288993,329.86162081625406,1.4201595097130777,235.28474721061903,329.86162081625406,369.01799910222815,1.4200093804318576,1.411445,1.4114450053972125,8.564375034645133,233.41882321717034,1.361375,1.3613750331234804,51.200341333625815,163.62321085928116,51.20034133381028,1.2604645446074536,190.0,190.00001774796095,1.4201595097130777,163.62321085928116,190.00001774796095,246.734852273524,1.2602282788579993,1.251615,1.2516150074871217,8.613271370877529,161.8686934106908,1.200915,1.2009150127875103,120.50560014005606,0.02059213639461738,0.0002525647773650711,81.53209885182194,2.012651920994923,0.9392576302533251
364,0.0,364.0,364.0,140.54719303860924,40.1508518657701,45.424310865445335,54.97203030739381,83.6,1.6722000000000001,123.35305277547326,3458.9124106612157,60.000000000000156,60.0,7.977565504355541,7.513205975778259,599.9999587739113,599.9999587739364,1.6221923519811836,1219.506405728874,1219.5064058123144,1.622195,1.6221950000000047,267.81881248659295,100.56309417609918,1.5719221892266513,888.2593022093054,881.9218341287641,1.571315,1.5713149999964746,264.95506440951004,881.9218341287633,1.5212689554807124,122.76694031812363,1.5211736102026907,264.95506440951004,1.520795,1.5207950042040002,98.64038291012632,235.28479347328283,98.64038291068383,1.4207064754756684,329.8614871081958,329.8614848420801,1.420159510598563,235.28479347328283,329.8614848420801,369.01787963018614,1.4200093813039352,1.411445,1.4114450053948373,8.564375909097866,233.41886842510746,1.361375,1.3613750331123329,51.20038764520105,163.62324187744102,51.200387645386314,1.260464545973213,190.0,190.00001774330786,1.420159510598563,163.62324187744102,190.00001774330786,246.73480612811406,1.2602282801474392,1.251615,1.2516150074839316,8.613272663507532,161.86872555285598,1.200915,1.200915012787472,120.50553410204473,0.020592133190595767,0.0002525651799713925,81.53195619811169,2.012651920994923,0.9392576248633683
365,0.0,365.0,365.0,140.54719303857004,40.15085186575891,45.42431086543267,54.97203030737849,83.6,1.6722000000000001,123.35305277543888,3458.91241066025,60.000000000000156,60.0,7.977565504343052,7.513205970439752,599.9999587739113,599.9999587739361,1.622192351981183,1219.506405728874,1219.5064058114842,1.622195,1.6221950000000038,267.81881248651877,100.56309417608732,1.5719221892267072,888.259302209305,881.9218341287662,1.571315,1.5713149999965308,264.95506440943694,881.9218341287658,1.5212689554765275,122.76694031789054,1.5211736101985056,264.95506440943694,1.520795,1.5207950041998148,98.64028338523656,235.28483972101117,98.64028338579458,1.4207064763865016,329.86135116465323,329.8613488990568,1.420159511483661,235.28483972101117,329.8613488990568,369.01776018772426,1.420009382175632,1.411445,1.4114450053924938,8.564376783138261,233.41891361827558,1.361375,1.3613750331011982,51.200433942646605,163.62327288545364,51.200433942831054,1.2604645473383829,190.0,190.00001773864292,1.420159511483661,163.62327288545364,190.00001773864295,246.7347599910875,1.2602282814363157,1.251615,1.251615007480752,8.613273955563772,161.86875768471856,1.200915,1.2009150127873987,120.5054680712197,0.02059212998387395,0.0002525655824069521,81.53181358928947,2.012651920994923,0.9392576194826439
366,0.0,366.0,366.0,140.54719303853236,40.15085186574814,45.42431086542048,54.97203030736374,83.6,1.6722000000000001,123.35305277540581,3458.9124106593194,60.00000000000018,60.0,7.977565504330686,7.513205965154345,599.9999587739113,599.9999587739359,1.6221923519811823,1219.506405728874,1219.5064058106627,1.622195,1.6221950000000034,267.81881248644726,100.56309417607464,1.571922189226761,888.259302209305,881.9218341287606,1.571315,1.571314999996585,264.9550644093659,881.9218341287605,1.5212689554724064,122.7669403176537,1.5211736101943845,264.9550644093659,1.520795,1.5207950041956935,98.64018387878018,235.28488595391812,98.64018387933858,1.4207064772969178,329.8612152521652,329.8612129870865,1.4201595123683688,235.28488595391812,329.8612129870865,369.0176407747577,1.4200093830469467,1.411445,1.4114450053901737,8.564377656772981,233.41895879678717,1.361375,1.3613750330900594,51.20048022596316,163.62330388329207,51.200480226148116,1.2604645487029493,190.0,190.00001773398353,1.4201595123683688,163.62330388329207,190.00001773398355,246.73471386247033,1.2602282827246147,1.251615,1.2516150074775698,8.613275247044916,161.86878980625693,1.200915,1.2009150127872847,120.50540204755646,0.02059212677447178,0.00025256598467225476,81.53167102527047,2.012651920994923,0.9392576141111098
367,0.0,367.0,367.0,140.547193038493,40.1508518657369,45.42431086540776,54.97203030734835,83.6,1.6722000000000001,123.3530527753713,3458.912410658352,60.00000000000011,60.0,7.9775655043184255,7.513205959921518,599.9999587739113,599.9999587739358,1.6221923519811823,1219.506405728874,1219.506405809849,1.622195,1.6221950000000032,267.81881248637274,100.5630941760627,1.5719221892268174,888.2593022093058,881.9218341287651,1.571315,1.5713149999966416,264.9550644092924,881.9218341287651,1.5212689554683612,122.76694031742218,1.5211736101903388,264.9550644092924,1.520795,1.5207950041916478,98.64008439077564,235.2849321721337,98.6400843913339,1.4207064782069425,329.8610793706274,329.8610771060639,1.4201595132527123,235.2849321721337,329.8610771060639,369.0175213911974,1.4200093839179035,1.411445,1.411445005387896,8.564378530007577,233.4190039607684,1.361375,1.3613750330789547,51.200526495154904,163.62333487104908,51.20052649533916,1.2604645500669498,190.0,190.00001772929633,1.4201595132527123,163.62333487104908,190.00001772929633,246.7346677422675,1.2602282840123735,1.251615,1.251615007474414,8.613276537959624,161.86882191755586,1.200915,1.200915012787154,120.50533603103062,0.020592123562410244,0.0002525663867677681,81.53152850598629,2.012651920994923,0.9392576087486966
368,0.0,368.0,368.0,140.5471930384573,40.15085186572669,45.42431086539622,54.972030307334386,83.6,1.6722000000000001,123.35305277533999,3458.9124106574723,60.0000000000001,60.0,7.977565504306297,7.513205954740744,599.9999587739113,599.9999587739354,1.6221923519811818,1219.506405728874,1219.5064058090434,1.622195,1.6221950000000027,267.8188124863051,100.56309417605061,1.571922189226868,888.2593022093049,881.9218341287661,1.571315,1.5713149999966927,264.95506440922605,881.9218341287661,1.521268955464366,122.76694031720876,1.5211736101863436,264.95506440922605,1.520795,1.5207950041876523,98.63998492123926,235.2849783756988,98.639984921797,1.4207064791165542,329.86094352001084,329.86094125596253,1.4201595141366685,235.2849783756988,329.86094125596253,369.01740203699745,1.4200093847884805,1.411445,1.411445005385636,8.56437940284449,233.41904911026523,1.361375,1.3613750330678518,51.200572750222186,163.62336584866316,51.20057275040761,1.260464551430353,190.0,190.00001772460917,1.4201595141366685,163.62336584866316,190.0000177246092,246.73462163051363,1.2602282852995612,1.251615,1.2516150074712578,8.613277828303456,161.8688540185582,1.200915,1.2009150127869863,120.50527002161807,0.02059212034771049,0.0002525667886939478,81.53138603137307,2.012651920994923,0.9392576033953725
369,0.0,369.0,369.0,140.54719303842168,40.150851865716525,45.424310865384726,54.97203030732046,83.6,1.6722000000000001,123.35305277530877,3458.9124106565955,60.000000000000085,60.0,7.97756550429429,7.513205949611527,599.9999587739113,599.9999587739351,1.6221923519811816,1219.506405728874,1219.506405808246,1.622195,1.6221950000000027,267.8188124862377,100.56309417603875,1.5719221892269186,888.2593022093051,881.9218341287694,1.571315,1.5713149999967437,264.95506440915926,881.9218341287697,1.5212689554604344,122.76694031699878,1.5211736101824118,264.95506440915926,1.520795,1.5207950041837204,98.63988547018876,235.28502456474857,98.63988547074881,1.42070648002577,329.8608077002073,329.86080543667236,1.4201595150202557,235.28502456474857,329.86080543667236,369.01728271206355,1.4200093856586948,1.411445,1.4114450053834051,8.564380275289718,233.4190942454077,1.361375,1.3613750330567658,51.200618991168795,163.623396816181,51.20061899135324,1.2604645527931762,190.0,190.00001771990958,1.4201595150202557,163.623396816181,190.00001771990958,246.73457552722155,1.2602282865861942,1.251615,1.2516150074681138,8.613279118080408,161.86888610930845,1.200915,1.200915012786793,120.50520401929491,0.020592117130394532,0.0002525671904512184,81.53124360138042,2.012651920994923,0.9392575980510743
370,0.0,370.0,370.0,140.54719303838857,40.15085186570707,45.42431086537401,54.972030307307506,83.6,1.6722000000000001,123.35305277527972,3458.91241065578,60.00000000000008,60.0,7.977565504282391,7.513205944533319,599.9999587739113,599.9999587739348,1.6221923519811816,1219.506405728874,1219.506405807456,1.622195,1.6221950000000025,267.81881248617486,100.5630941760267,1.5719221892269661,888.259302209305,881.9218341287718,1.571315,1.5713149999967913,264.9550644090968,881.9218341287713,1.5212689554565526,122.76694031680009,1.5211736101785296,264.9550644090968,1.520795,1.5207950041798384,98.6397860376392,235.28507073933628,98.63978603819731,1.420706480934581,329.86067191117553,329.86066964815285,1.420159515903463,235.28507073933628,329.86066964815285,369.0171634163428,1.4200093865285364,1.411445,1.4114450053811907,8.564381147345701,233.4191393662508,1.361375,1.361375033045677,51.20066521799503,163.62342777355857,51.200665218177825,1.2604645541553992,190.0,190.00001771521468,1.420159515903463,163.62342777355857,190.00001771521468,246.73452943242464,1.260228287872253,1.251615,1.251615007464965,8.613280407288038,161.8689181897628,1.200915,1.200915012786556,120.50513802403671,0.020592113910484787,0.00025256759203998587,81.53110121596556,2.012651920994923,0.9392575927157669
371,0.0,371.0,371.0,140.54719303835608,40.15085186569779,45.42431086536352,54.97203030729481,83.6,1.6722000000000001,123.35305277525123,3458.9124106549807,60.00000000000007,60.0,7.977565504270618,7.513205939505623,599.9999587739113,599.9999587739347,1.6221923519811812,1219.506405728874,1219.5064058066746,1.622195,1.6221950000000023,267.8188124861133,100.56309417601467,1.5719221892270123,888.2593022093049,881.9218341287688,1.571315,1.571314999996838,264.9550644090361,881.9218341287699,1.5212689554527263,122.76694031660014,1.521173610174703,264.9550644090361,1.520795,1.5207950041760117,98.63968662360735,235.28511689956454,98.63968662416515,1.4207064818430006,329.8605361528375,329.86053389032605,1.4201595167863041,235.28511689956454,329.86053389032605,369.01704414975904,1.4200093873980186,1.411445,1.411445005379001,8.564382019017547,233.41918447289584,1.361375,1.3613750330346013,51.20071143070422,163.62345872083708,51.200711430888724,1.2604645555170402,190.0,190.00001771051086,1.4201595167863041,163.62345872083708,190.0000177105109,246.7344833461347,1.2602282891577552,1.251615,1.251615007461825,8.61328169593012,161.8689502599602,1.200915,1.2009150127862889,120.50507203582009,0.02059211068800351,0.0002525679934606299,81.53095887509355,2.012651920994923,0.9392575873893884
372,0.0,372.0,372.0,140.54719303832485,40.15085186568886,45.42431086535342,54.97203030728258,83.6,1.6722000000000001,123.35305277522383,3458.9124106542095,60.00000000000007,60.0,7.9775655042589575,7.513205934527942,599.9999587739113,599.9999587739344,1.622192351981181,1219.506405728874,1219.5064058059004,1.622195,1.6221950000000018,267.818812486054,100.5630941760024,1.571922189227057,888.2593022093043,881.9218341287664,1.571315,1.5713149999968827,264.95506440897765,881.9218341287661,1.5212689554489536,122.76694031640861,1.5211736101709303,264.95506440897765,1.520795,1.520795004172239,98.63958722810985,235.2851630455331,98.63958722866944,1.4207064827510325,329.86040042511104,329.8603981631104,1.4201595176687825,235.2851630455331,329.8603981631104,369.0169249122317,1.4200093882671445,1.411445,1.4114450053768346,8.564382890309918,233.41922956544363,1.361375,1.361375033023537,51.20075762929878,163.62348965802198,51.20075762948338,1.2604645568780986,190.0,190.0000177058004,1.4201595176687825,163.62348965802198,190.00001770580042,246.73443726837135,1.260228290442701,1.251615,1.2516150074586931,8.613282984007764,161.86898231990637,1.200915,1.2009150127859922,120.50500605462116,0.020592107462974088,0.0002525683947135093,81.53081657874061,2.012651920994923,0.9392575820718814
373,0.0,373.0,373.0,140.5471930382931,40.1508518656798,45.424310865343166,54.97203030727017,83.6,1.6722000000000001,123.35305277519599,3458.91241065343,60.00000000000008,60.0,7.977565504247432,7.513205929599807,599.9999587739113,599.9999587739342,1.6221923519811807,1219.506405728874,1219.5064058051341,1.622195,1.6221950000000016,267.8188124859938,100.56309417599007,1.5719221892271023,888.2593022093038,881.9218341287725,1.571315,1.5713149999969283,264.955064408918,881.9218341287725,1.5212689554452379,122.76694031622336,1.5211736101672144,264.955064408918,1.520795,1.5207950041685228,98.63948785116209,235.28520917732968,98.63948785172124,1.42070648365868,329.86026472792986,329.8602624664375,1.4201595185509013,235.28520917732968,329.8602624664375,369.0168057036917,1.4200093891359176,1.411445,1.4114450053746905,8.564383761227035,233.419274643977,1.361375,1.3613750330124794,51.2008038137802,163.62352058510868,51.2008038139636,1.2604645582385705,190.0,190.0000177010862,1.4201595185509013,163.62352058510868,190.0000177010862,246.7343911991582,1.2602282917270857,1.251615,1.2516150074555648,8.613284271520971,161.86901436959562,1.200915,1.2009150127856616,120.50494008041669,0.02059210423541978,0.00025256879579896324,81.53067432688891,2.012651920994923,0.9392575767631944
374,0.0,374.0,374.0,140.5471930382626,40.15085186567108,45.424310865333304,54.97203030725824,83.6,1.6722000000000001,123.35305277516923,3458.9124106526797,60.00000000000004,60.0,7.977565504236004,7.5132059247206815,599.9999587739113,599.999958773934,1.6221923519811807,1219.506405728874,1219.5064058043756,1.622195,1.6221950000000016,267.81881248593595,100.56309417597883,1.5719221892271458,888.2593022093038,881.9218341287714,1.571315,1.571314999996972,264.95506440886055,881.9218341287711,1.5212689554415713,122.76694031603647,1.5211736101635478,264.95506440886055,1.520795,1.520795004164856,98.63938849277902,235.28525529501644,98.63938849333681,1.4207064845659507,329.8601290612447,329.86012680025993,1.420159519432667,235.28525529501644,329.86012680025993,369.01668652407847,1.4200093900043445,1.411445,1.4114450053725727,8.564384631771782,233.41931970856166,1.361375,1.361375033001448,51.200849984153415,163.62355150214748,51.20084998433668,1.2604645595984754,190.0,190.00001769635278,1.420159519432667,163.62355150214748,190.00001769635278,246.73434513850646,1.2602282930109288,1.251615,1.2516150074524535,8.613285558475292,161.8690464090747,1.200915,1.200915012785307,120.5048741131828,0.02059210100536399,0.00025256919671730804,81.53053211952847,2.012651920994923,0.939257571463265
375,0.0,375.0,375.0,140.54719303823327,40.1508518656627,45.424310865323825,54.97203030724676,83.6,1.6722000000000001,123.3530527751435,3458.912410651957,60.00000000000004,60.0,7.977565504224695,7.513205919890084,599.9999587739113,599.9999587739338,1.6221923519811805,1219.506405728874,1219.5064058036246,1.622195,1.6221950000000012,267.81881248588036,100.56309417596727,1.5719221892271875,888.2593022093023,881.9218341287747,1.571315,1.571314999997014,264.95506440880575,881.9218341287749,1.5212689554379524,122.76694031586507,1.5211736101599285,264.95506440880575,1.520795,1.5207950041612366,98.63928915297585,235.28530139868428,98.6392891535343,1.4207064854728375,329.8599934249866,329.85999116450864,1.420159520314073,235.28530139868428,329.85999116450864,369.0165673733181,1.4200093908724176,1.411445,1.4114450053704701,8.564385501947491,233.41936475928816,1.361375,1.361375032990418,51.200896140420674,163.62358240910314,51.20089614060471,1.2604645609577938,190.0,190.00001769162168,1.420159520314073,163.62358240910314,190.00001769162168,246.73429908644778,1.2602282942942113,1.251615,1.251615007449343,8.613286844868284,161.8690784383135,1.200915,1.2009150127849215,120.50480815289671,0.020592097772830643,0.00025256959746884796,81.53038995665534,2.012651920994923,0.9392575661720377
376,0.0,376.0,376.0,140.54719303820482,40.15085186565458,45.42431086531463,54.97203030723564,83.6,1.6722000000000001,123.35305277511856,3458.912410651256,60.00000000000006,60.0,7.977565504213506,7.513205915107567,599.9999587739113,599.9999587739335,1.6221923519811803,1219.506405728874,1219.5064058028809,1.622195,1.622195000000001,267.8188124858263,100.56309417595526,1.5719221892272282,888.2593022093015,881.9218341287681,1.571315,1.5713149999970553,264.95506440875204,881.9218341287682,1.5212689554343841,122.76694031568317,1.5211736101563602,264.95506440875204,1.520795,1.520795004157668,98.63918983176818,235.28534748842512,98.63918983232654,1.420706486379355,329.8598578190804,329.85985555910867,1.4201595211951334,235.28534748842512,329.85985555910867,369.01644825133013,1.4200093917401515,1.411445,1.4114450053683918,8.564386371759714,233.41940979624735,1.361375,1.3613750329794099,51.20094228258551,163.62361330602465,51.20094228276869,1.2604645623165431,190.0,190.00001768687517,1.4201595211951334,163.62361330602465,190.00001768687517,246.73425304299428,1.26022829557695,1.251615,1.2516150074462455,8.613288130704388,161.86911045735468,1.200915,1.2009150127845096,120.5047421995344,0.020592094537844077,0.0002525699980538642,81.53024783827459,2.012651920994923,0.9392575608894518
377,0.0,377.0,377.0,140.54719303817802,40.15085186564692,45.42431086530597,54.97203030722516,83.6,1.6722000000000001,123.35305277509505,3458.912410650596,60.00000000000005,60.0,7.977565504202424,7.513205910372611,599.9999587739113,599.9999587739333,1.6221923519811798,1219.506405728874,1219.5064058021446,1.622195,1.6221950000000007,267.8188124857754,100.56309417594368,1.5719221892272663,888.2593022093014,881.9218341287655,1.571315,1.5713149999970935,264.9550644087016,881.921834128766,1.5212689554308554,122.76694031551662,1.5211736101528315,264.9550644087016,1.520795,1.5207950041541392,98.63909052916911,235.28539356428587,98.63909052972839,1.4207064872854873,329.8597222434959,329.8597199840289,1.4201595220758314,235.28539356428587,329.8597199840289,369.01632915807244,1.4200093926075297,1.411445,1.4114450053663203,8.564387241209337,233.41945481948585,1.361375,1.3613750329683858,51.2009884106487,163.6236441928306,51.20098841083191,1.2604645636746898,190.0,190.00001768214614,1.4201595220758314,163.6236441928306,190.00001768214614,246.73420700818616,1.2602282968591119,1.251615,1.2516150074431345,8.613289415977388,161.8691424661218,1.200915,1.2009150127840509,120.50467625307407,0.020592091300428803,0.0002525703984726358,81.5301057643927,2.012651920994923,0.9392575556154668
378,0.0,378.0,378.0,140.54719303815062,40.15085186563909,45.42431086529711,54.97203030721444,83.6,1.6722000000000001,123.353052775071,3458.9124106499225,60.0,60.0,7.977565504191434,7.513205905684743,599.9999587739113,599.9999587739331,1.62219235198118,1219.506405728874,1219.506405801416,1.622195,1.622195000000001,267.81881248572336,100.5630941759313,1.5719221892273054,888.259302209301,881.9218341287656,1.571315,1.5713149999971328,264.95506440864983,881.9218341287652,1.521268955427378,122.76694031534998,1.5211736101493534,264.95506440864983,1.520795,1.5207950041506613,98.63899124519347,235.2854396263643,98.63899124575404,1.4207064881912606,329.8595866981524,329.85958443918884,1.4201595229561936,235.2854396263643,329.85958443918884,369.01621009346286,1.4200093934745783,1.411445,1.4114450053642769,8.564388110301469,233.41949982910108,1.361375,1.3613750329573895,51.201034524615736,163.62367506962048,51.20103452479919,1.2604645650322754,190.0,190.00001767739644,1.4201595229561936,163.62367506962048,190.00001767739647,246.7341609820196,1.2602282981407382,1.251615,1.2516150074400423,8.613290700695941,161.86917446470696,1.200915,1.2009150127835682,120.50461031349177,0.020592088060608985,0.00025257079872540567,81.52996373502643,2.012651920994923,0.9392575503500078
379,0.0,379.0,379.0,140.54719303812428,40.150851865631566,45.4243108652886,54.972030307204136,83.6,1.6722000000000001,123.3530527750479,3458.9124106492736,60.00000000000002,60.0,7.977565504180573,7.513205901043533,599.9999587739113,599.9999587739329,1.6221923519811798,1219.506405728874,1219.5064058006942,1.622195,1.6221950000000007,267.8188124856734,100.56309417591945,1.571922189227343,888.2593022093014,881.9218341287676,1.571315,1.5713149999971707,264.95506440860095,881.921834128768,1.5212689554239436,122.76694031519577,1.521173610145919,264.95506440860095,1.520795,1.5207950041472265,98.63889197985529,235.28548567473175,98.63889198041483,1.4207064890966667,329.8594511829971,329.8594489245366,1.4201595238362112,235.28548567473175,329.8594489245366,369.01609105743245,1.4200093943412886,1.411445,1.4114450053622498,8.564388979038773,233.41954482516525,1.361375,1.3613750329464025,51.20108062449023,163.6237059363746,51.201080624673345,1.2604645663892875,190.0,190.00001767264237,1.4201595238362112,163.6237059363746,190.00001767264237,246.73411496452528,1.2602282994218164,1.251615,1.2516150074369568,8.613291984859606,161.869206453095,1.200915,1.2009150127830597,120.5045443807658,0.020592084818409132,0.0002525711988124134,81.52982175019501,2.012651920994923,0.9392575450930133
380,0.0,380.0,380.0,140.54719303810046,40.150851865624766,45.4243108652809,54.97203030719482,83.6,1.6722000000000001,123.35305277502702,3458.912410648685,60.00000000000005,60.0,7.977565504169817,7.513205896448475,599.9999587739113,599.9999587739327,1.6221923519811794,1219.506405728874,1219.5064057999798,1.622195,1.6221950000000003,267.81881248562814,100.5630941759086,1.571922189227377,888.2593022092993,881.9218341287657,1.571315,1.571314999997205,264.9550644085564,881.9218341287656,1.5212689554205445,122.76694031504908,1.5211736101425197,264.9550644085564,1.520795,1.5207950041438274,98.63879273316765,235.2855317094371,98.63879273372729,1.420706490001703,329.8593156979932,329.85931344003575,1.4201595247158816,235.2855317094371,329.85931344003575,369.0159720499303,1.4200093952076578,1.411445,1.4114450053602339,8.564389847423914,233.4195898077289,1.361375,1.3613750329354193,51.20112671027439,163.62373679308118,51.20112671045759,1.2604645677457182,190.0,190.0000176678896,1.4201595247158816,163.62373679308118,190.0000176678896,246.7340689557261,1.260228300702339,1.251615,1.251615007433871,8.613293268467936,161.86923843127187,1.200915,1.2009150127825146,120.50447845487275,0.02059208157385447,0.0002525715987338841,81.52967980992517,2.012651920994923,0.939257539844434
381,0.0,381.0,381.0,140.54719303807332,40.15085186561701,45.424310865272126,54.972030307184205,83.6,1.6722000000000001,123.35305277500318,3458.9124106480203,60.0,60.0,7.977565504159167,7.51320589189916,599.9999587739113,599.9999587739323,1.6221923519811798,1219.506405728874,1219.5064057992724,1.622195,1.6221950000000007,267.81881248557653,100.56309417589728,1.5719221892274156,888.2593022092987,881.9218341287659,1.571315,1.5713149999972438,264.95506440850465,881.9218341287656,1.5212689554172036,122.7669403148814,1.5211736101391788,264.95506440850465,1.520795,1.5207950041404863,98.63869350514501,235.28557773061354,98.63869350570259,1.4207064909063873,329.8591802430333,329.8591779855753,1.4201595255952217,235.28557773061354,329.8591779855753,369.01585307086594,1.4200093960737026,1.411445,1.41144500535824,8.564390715462666,233.41963477691763,1.361375,1.3613750329244325,51.201172781968346,163.62376763971045,51.201172782150856,1.26046456910156,190.0,190.00001766314216,1.4201595255952217,163.62376763971045,190.0000176631422,246.734022955649,1.2602283019822977,1.251615,1.2516150074307801,8.613294551517603,161.86927039920528,1.200915,1.2009150127819233,120.50441253579031,0.02059207832696956,0.0002525719984900297,81.52953791424521,2.012651920994923,0.9392575346042239
382,0.0,382.0,382.0,140.54719303804987,40.150851865610306,45.424310865264545,54.97203030717503,83.6,1.6722000000000001,123.35305277498261,3458.9124106474414,60.0,60.0,7.977565504148613,7.513205887395058,599.9999587739113,599.9999587739322,1.6221923519811796,1219.506405728874,1219.5064057985721,1.622195,1.6221950000000005,267.81881248553196,100.56309417588494,1.571922189227449,888.2593022092985,881.9218341287595,1.571315,1.5713149999972775,264.95506440846026,881.92183412876,1.5212689554138927,122.7669403147306,1.5211736101358677,264.95506440846026,1.520795,1.520795004137175,98.63859429579952,235.28562373825363,98.63859429635839,1.4207064918107148,329.8590448181311,329.8590425611739,1.420159526474227,235.28562373825363,329.8590425611739,369.0157341202034,1.420009396939419,1.411445,1.4114450053562646,8.564391583154363,233.41967973273404,1.361375,1.36137503291348,51.20121883958147,163.62379847638175,51.20121883976334,1.2604645704568576,190.0,190.00001765836976,1.420159526474227,163.62379847638175,190.00001765836976,246.73397696428492,1.2602283032617378,1.251615,1.251615007427717,8.613295834020818,161.86930235701587,1.200915,1.2009150127813264,120.5043466234962,0.020592075077778903,0.0002525723980810363,81.5293960631916,2.012651920994923,0.939257529372285
383,0.0,383.0,383.0,140.54719303802466,40.15085186560311,45.4243108652564,54.97203030716517,83.6,1.6722000000000001,123.35305277496049,3458.9124106468207,59.999999999999986,60.0,7.977565504138169,7.513205882935787,599.9999587739113,599.999958773932,1.6221923519811796,1219.506405728874,1219.5064057978789,1.622195,1.6221950000000007,267.81881248548405,100.56309417587426,1.571922189227485,888.259302209298,881.9218341287602,1.571315,1.5713149999973137,264.9550644084133,881.9218341287607,1.5212689554106336,122.76694031458094,1.521173610132608,264.9550644084133,1.520795,1.5207950041339153,98.63849510514565,235.28566973250253,98.63849510570495,1.420706492714697,329.8589094231623,329.8589071667041,1.4201595273529088,235.28566973250253,329.8589071667041,369.015615197839,1.4200093978048174,1.411445,1.4114450053543113,8.564392450506109,233.41972467531627,1.361375,1.3613750329025416,51.201264883115854,163.62382930305532,51.20126488329824,1.2604645718115872,190.0,190.00001765359016,1.4201595273529088,163.62382930305532,190.00001765359016,246.73393098167136,1.260228304540635,1.251615,1.2516150074246604,8.613297115974694,161.8693343046606,1.200915,1.2009150127806996,120.50428071796823,0.020592071826307744,0.0002525727975070927,81.52925425680286,2.012651920994923,0.9392575241485731
384,0.0,384.0,384.0,140.5471930380024,40.15085186559674,45.424310865249204,54.972030307156466,83.6,1.6722000000000001,123.35305277494096,3458.912410646272,60.000000000000014,60.0,7.977565504127848,7.513205878520902,599.9999587739113,599.9999587739318,1.6221923519811796,1219.506405728874,1219.5064057971917,1.622195,1.6221950000000003,267.81881248544175,100.5630941758634,1.5719221892275168,888.2593022092971,881.9218341287615,1.571315,1.5713149999973457,264.95506440837175,881.9218341287612,1.5212689554074024,122.76694031444681,1.5211736101293771,264.95506440837175,1.520795,1.5207950041306841,98.6383959331948,235.2857157133576,98.63839593375215,1.4207064936183198,329.8587740581426,329.8587718021837,1.4201595282312522,235.2857157133576,329.8587718021837,369.01549630375393,1.4200093986698836,1.411445,1.4114450053523666,8.564393317517016,233.41976960466658,1.361375,1.3613750328916105,51.201310912575735,163.6238601197251,51.2013109127583,1.260464573165745,190.0,190.00001764880855,1.4201595282312522,163.6238601197251,190.00001764880855,246.73388500783312,1.260228305818986,1.251615,1.2516150074216073,8.613298397378788,161.86936624213538,1.200915,1.2009150127800419,120.5042148191842,0.020592068572580998,0.0002525731967683781,81.52911249511929,2.012651920994923,0.9392575189330318
385,0.0,385.0,385.0,140.5471930379794,40.15085186559018,45.42431086524177,54.97203030714747,83.6,1.6722000000000001,123.35305277492081,3458.912410645707,60.00000000000002,60.0,7.977565504117608,7.5132058741498895,599.9999587739113,599.9999587739317,1.6221923519811792,1219.506405728874,1219.5064057965126,1.622195,1.6221950000000003,267.81881248539804,100.56309417585219,1.5719221892275494,888.2593022092971,881.9218341287607,1.571315,1.5713149999973786,264.9550644083281,881.9218341287607,1.5212689554042151,122.76694031430551,1.5211736101261895,264.9550644083281,1.520795,1.5207950041274965,98.63829677995939,235.2857616809309,98.63829678051819,1.420706494521592,329.85863872297665,329.85863646751466,1.4201595291092657,235.2857616809309,329.85863646751466,369.01537743785946,1.420009399534626,1.411445,1.4114450053504337,8.564394184192192,233.41981452089243,1.361375,1.3613750328806709,51.20135692796285,163.62389092635453,51.20135692814505,1.260464574519315,190.0,190.0000176440383,1.4201595291092657,163.62389092635453,190.0000176440383,246.7338390427981,1.2602283070967748,1.251615,1.2516150074185446,8.613299678230213,161.86939816940392,1.200915,1.2009150127793395,120.50414892712219,0.0205920653166238,0.0002525735958650605,81.5289707781857,2.012651920994923,0.9392575137256121
386,0.0,386.0,386.0,140.54719303795758,40.150851865583945,45.42431086523472,54.97203030713893,83.6,1.6722000000000001,123.35305277490166,3458.9124106451686,60.00000000000002,60.0,7.97756550410748,7.5132058698223805,599.9999587739113,599.9999587739313,1.6221923519811792,1219.506405728874,1219.5064057958398,1.622195,1.622195,267.81881248535655,100.56309417584188,1.5719221892275808,888.2593022092955,881.9218341287617,1.571315,1.5713149999974099,264.9550644082873,881.921834128762,1.5212689554010634,122.76694031417546,1.5211736101230375,264.9550644082873,1.520795,1.5207950041243443,98.6381976454521,235.28580763526048,98.63819764601071,1.420706495424523,329.85850341764205,329.8585011626774,1.4201595299869592,235.28580763526048,329.8585011626774,369.0152586001047,1.420009400399054,1.411445,1.4114450053485206,8.564395050533413,233.41985942403647,1.361375,1.3613750328697567,51.20140292928356,163.62392172302688,51.201402929465864,1.2604645758723334,190.0,190.0000176392512,1.4201595299869592,163.62392172302688,190.0000176392512,246.73379308656783,1.2602283083740373,1.251615,1.2516150074154997,8.613300958537629,161.8694300865443,1.200915,1.200915012778615,120.50408304176017,0.020592062058461022,0.0002525739947972883,81.52882910605214,2.012651920994923,0.9392575085262376
387,0.0,387.0,387.0,140.547193037935,40.150851865577486,45.42431086522742,54.97203030713009,83.6,1.6722000000000001,123.35305277488182,3458.912410644614,59.999999999999986,60.0,7.977565504097439,7.513205865537912,599.9999587739113,599.9999587739312,1.6221923519811792,1219.506405728874,1219.5064057951734,1.622195,1.6221950000000003,267.8188124853136,100.56309417582949,1.571922189227613,888.2593022092944,881.921834128759,1.571315,1.5713149999974423,264.95506440824425,881.9218341287593,1.521268955397953,122.76694031403392,1.5211736101199271,264.95506440824425,1.520795,1.520795004121234,98.63809852968419,235.28585357643675,98.63809853024368,1.4207064963271057,329.8583681420631,329.8583658875934,1.420159530864325,235.28585357643675,329.8583658875934,369.0151397904183,1.4200094012631599,1.411445,1.4114450053466157,8.564395916544232,233.41990431418446,1.361375,1.3613750328588263,51.20144891653816,163.62395250965193,51.20144891672038,1.2604645772247605,190.0,190.00001763448142,1.420159530864325,163.62395250965193,190.00001763448142,246.73374713918247,1.2602283096507338,1.251615,1.2516150074124417,8.613302238292153,161.86946199347187,1.200915,1.2009150127778452,120.50401716307655,0.020592058798117555,0.000252574393565211,81.52868747876846,2.012651920994923,0.9392575033348676
388,0.0,388.0,388.0,140.54719303791487,40.150851865571745,45.42431086522092,54.972030307122225,83.6,1.6722000000000001,123.35305277486417,3458.9124106441163,60.00000000000003,60.0,7.977565504087519,7.513205861296079,599.9999587739113,599.999958773931,1.622192351981179,1219.506405728874,1219.506405794514,1.622195,1.6221949999999998,267.8188124852753,100.56309417581964,1.5719221892276416,888.2593022092948,881.9218341287589,1.571315,1.5713149999974712,264.9550644082074,881.9218341287583,1.521268955394871,122.76694031391376,1.521173610116845,264.9550644082074,1.520795,1.5207950041181515,98.63799943266767,235.28589950447346,98.63799943322721,1.4207064972293544,329.8582328962361,329.85823064226264,1.4201595317413769,235.28589950447346,329.85823064226264,369.0150210087586,1.4200094021269578,1.411445,1.4114450053447327,8.564396782225092,233.41994919135726,1.361375,1.3613750328479388,51.201494889736715,163.62398328637704,51.20149488991893,1.260464578576656,190.0,190.00001762968,1.4201595317413769,163.62398328637704,190.00001762968,246.7337012006295,1.2602283109269237,1.251615,1.251615007409415,8.613303517508664,161.86949389032574,1.200915,1.200915012777068,120.5039512910498,0.020592055535617958,0.00025257479216895943,81.52854589638915,2.012651920994923,0.9392574981514108
389,0.0,389.0,389.0,140.54719303789327,40.15085186556557,45.42431086521394,54.972030307113776,83.6,1.6722000000000001,123.35305277484521,3458.912410643585,60.0,60.0,7.977565504077689,7.513205857096453,599.9999587739113,599.9999587739308,1.6221923519811792,1219.506405728874,1219.5064057938607,1.622195,1.6221949999999998,267.8188124852342,100.56309417580901,1.5719221892276725,888.2593022092947,881.9218341287623,1.571315,1.5713149999975022,264.95506440816644,881.9218341287619,1.5212689553918333,122.7669403137856,1.5211736101138071,264.95506440816644,1.520795,1.5207950041151135,98.6379003544146,235.2859454194949,98.6379003549742,1.4207064981312663,329.8580976800557,329.85809542657637,1.4201595326181118,235.2859454194949,329.85809542657637,369.0149022550354,1.4200094029904446,1.411445,1.4114450053428622,8.564397647582433,233.41999405567213,1.361375,1.3613750328370466,51.201540848879496,163.62401405310223,51.20154084906086,1.2604645799279726,190.0,190.00001762488748,1.4201595326181118,163.62401405310223,190.00001762488748,246.73365527095754,1.2602283122025602,1.251615,1.251615007406382,8.613304796178056,161.86952577701038,1.200915,1.2009150127762518,120.50388542565852,0.020592052270987503,0.00025257519060866736,81.52840435897059,2.012651920994923,0.9392574929758299
390,0.0,390.0,390.0,140.5471930378732,40.15085186555984,45.42431086520745,54.97203030710593,83.6,1.6722000000000001,123.3530527748276,3458.9124106430904,60.00000000000003,60.0,7.9775655040679565,7.513205852938577,599.9999587739113,599.9999587739306,1.6221923519811787,1219.506405728874,1219.5064057932145,1.622195,1.6221949999999998,267.818812485196,100.5630941757978,1.5719221892277009,888.2593022092938,881.9218341287594,1.571315,1.571314999997531,264.9550644081284,881.9218341287595,1.521268955388827,122.76694031366051,1.5211736101108007,264.9550644081284,1.520795,1.520795004112107,98.63780129493608,235.28599132152732,98.6378012954943,1.4207064990328377,329.85796249351046,329.8579602405249,1.420159533494526,235.28599132152732,329.8579602405249,369.0147835292043,1.4200094038536164,1.411445,1.4114450053409997,8.5643985126167,233.42003890715984,1.361375,1.3613750328261514,51.20158679396989,163.62404480983392,51.201586794151275,1.2604645812787139,190.0,190.0000176201016,1.420159533494526,163.62404480983392,190.0000176201016,246.73360935018277,1.2602283134776462,1.251615,1.251615007403345,8.613306074301219,161.86955765353196,1.200915,1.200915012775395,120.50381956688088,0.0205920490042507,0.0002525755888844563,81.52826286657013,2.012651920994923,0.9392574878080707
391,0.0,391.0,391.0,140.54719303785305,40.15085186555408,45.42431086520094,54.972030307098045,83.6,1.6722000000000001,123.35305277480995,3458.9124106425957,60.00000000000001,60.0,7.977565504058311,7.513205848822066,599.9999587739113,599.9999587739304,1.622192351981179,1219.506405728874,1219.5064057925745,1.622195,1.6221949999999996,267.8188124851577,100.56309417578849,1.5719221892277297,888.2593022092927,881.9218341287578,1.571315,1.57131499999756,264.9550644080905,881.9218341287577,1.5212689553858558,122.76694031353597,1.5211736101078293,264.9550644080905,1.520795,1.5207950041091356,98.63770225424254,235.28603721062598,98.63770225480141,1.4207064999340835,329.85782733655503,329.85782508406214,1.4201595343706346,235.28603721062598,329.85782508406214,369.0146648312131,1.4200094047164877,1.411445,1.4114450053391583,8.564399377329446,233.42008374587394,1.361375,1.361375032815285,51.201632725015955,163.62407555665092,51.20163272519723,1.260464582628912,190.0,190.00001761529654,1.4201595343706346,163.62407555665092,190.00001761529657,246.7335634383089,1.260228314752215,1.251615,1.2516150074003287,8.613307351886368,161.86958951996405,1.200915,1.2009150127745225,120.50375371469623,0.020592045735432194,0.00025257598699643966,81.52812141924822,2.012651920994923,0.9392574826480526
392,0.0,392.0,392.0,140.54719303783176,40.150851865548,45.42431086519405,54.97203030708972,83.6,1.6722000000000001,123.35305277479125,3458.912410642072,59.99999999999999,60.0,7.977565504048766,7.513205844746512,599.9999587739113,599.9999587739303,1.6221923519811792,1219.506405728874,1219.5064057919408,1.622195,1.6221949999999998,267.8188124851172,100.56309417577734,1.5719221892277602,888.2593022092923,881.9218341287576,1.571315,1.5713149999975904,264.95506440805013,881.9218341287572,1.5212689553829266,122.76694031340561,1.5211736101048998,264.95506440805013,1.520795,1.520795004106206,98.63760323234638,235.286083086888,98.63760323290498,1.4207065008350024,329.85769220911243,329.857689957111,1.4201595352464351,235.286083086888,329.857689957111,369.0145461609778,1.4200094055790566,1.411445,1.4114450053373306,8.564400241726,233.42012857191133,1.361375,1.36137503280442,51.20167864201951,163.62410629350268,51.20167864220096,1.2604645839785416,190.0,190.00001761049458,1.4201595352464351,163.62410629350268,190.00001761049458,246.73351753536616,1.2602283160262397,1.251615,1.2516150073973111,8.613308628928618,161.86962137625915,1.200915,1.2009150127736148,120.50368786908352,0.02059204246455651,0.0002525763849447245,81.52798001706695,2.012651920994923,0.939257477495731
393,0.0,393.0,393.0,140.54719303781442,40.150851865543046,45.42431086518845,54.97203030708294,83.6,1.6722000000000001,123.35305277477606,3458.912410641645,60.000000000000014,60.0,7.977565504039324,7.5132058407114926,599.9999587739113,599.9999587739302,1.6221923519811787,1219.506405728874,1219.5064057913135,1.622195,1.6221949999999996,267.81881248508415,100.56309417576644,1.5719221892277848,888.2593022092911,881.9218341287591,1.571315,1.5713149999976153,264.9550644080179,881.9218341287589,1.521268955380012,122.76694031330341,1.521173610101985,264.9550644080179,1.520795,1.5207950041032912,98.63750422925506,235.28612895027737,98.63750422981583,1.4207065017355849,329.8575571112205,329.8575548597113,1.4201595361219186,235.28612895027737,329.8575548597113,369.0144275184977,1.4200094064413145,1.411445,1.411445005335511,8.564401105803476,233.42017338524155,1.361375,1.3613750327935779,51.201724544989474,163.62413702045106,51.20172454517064,1.2604645853276248,190.0,190.00001760567974,1.4201595361219186,163.62413702045106,190.00001760567974,246.7334716413676,1.2602283172997437,1.251615,1.2516150073943086,8.613309905435074,161.86965322247676,1.200915,1.2009150127726873,120.50362203002108,0.020592039191648193,0.00025257678272941163,81.52783866009045,2.012651920994923,0.9392574723510337
394,0.0,394.0,394.0,140.5471930377949,40.15085186553747,45.42431086518214,54.97203030707531,83.6,1.6722000000000001,123.35305277475894,3458.9124106411637,60.00000000000003,60.0,7.977565504029977,7.513205836716636,599.9999587739113,599.9999587739298,1.6221923519811787,1219.506405728874,1219.506405790692,1.622195,1.6221949999999996,267.81881248504703,100.56309417575616,1.5719221892278126,888.259302209291,881.921834128758,1.571315,1.5713149999976432,264.9550644079814,881.9218341287583,1.5212689553771435,122.76694031318533,1.5211736100991162,264.9550644079814,1.520795,1.5207950041004223,98.63740524498287,235.28617480096594,98.63740524554152,1.420706502635843,329.8574220427305,329.857419791712,1.4201595369970967,235.28617480096594,329.857419791712,369.0143089036425,1.4200094073032719,1.411445,1.4114450053337013,8.564401969570534,233.4202181860303,1.361375,1.3613750327827157,51.201770433923535,163.62416773739002,51.20177043410457,1.2604645866761193,190.0,190.00001760088537,1.4201595369970967,163.62416773739002,190.00001760088537,246.73342575635485,1.260228318572684,1.251615,1.2516150073912888,8.613311181395078,161.86968505851243,1.200915,1.2009150127717083,120.50355619748844,0.020592035916731945,0.0002525771803506092,81.52769734838114,2.012651920994923,0.9392574672139303
395,0.0,395.0,395.0,140.54719303777688,40.15085186553232,45.42431086517632,54.97203030706826,83.6,1.6722000000000001,123.35305277474312,3458.91241064072,60.000000000000014,60.0,7.977565504020708,7.513205832761495,599.9999587739113,599.9999587739297,1.6221923519811787,1219.506405728874,1219.5064057900775,1.622195,1.6221949999999994,267.8188124850127,100.56309417574526,1.5719221892278383,888.2593022092905,881.9218341287554,1.571315,1.5713149999976692,264.95506440794696,881.9218341287547,1.5212689553743008,122.76694031307,1.5211736100962736,264.95506440794696,1.520795,1.5207950040975795,98.63730627953727,235.28622063893053,98.63730628009607,1.4207065035357775,329.8572870036739,329.8572847531452,1.4201595378719698,235.28622063893053,329.8572847531452,369.01419031640665,1.4200094081649297,1.411445,1.4114450053319043,8.564402833025397,233.42026297425718,1.361375,1.3613750327718714,51.201816308830885,163.62419844441692,51.20181630901186,1.2604645880240655,190.0,190.00001759608145,1.4201595378719698,163.62419844441692,190.00001759608145,246.73337988032446,1.2602283198451012,1.251615,1.2516150073882824,8.613312456818845,161.86971688446127,1.200915,1.200915012770706,120.50349037146505,0.020592032639831552,0.00025257757780840104,81.52755608200562,2.012651920994923,0.939257462084341
396,0.0,396.0,396.0,140.54719303775818,40.150851865526974,45.42431086517027,54.97203030706094,83.6,1.6722000000000001,123.3530527747267,3458.9124106402596,60.00000000000001,60.0,7.977565504011545,7.513205828845722,599.9999587739113,599.9999587739295,1.6221923519811787,1219.506405728874,1219.5064057894683,1.622195,1.6221949999999996,267.81881248497706,100.56309417573497,1.5719221892278652,888.2593022092889,881.9218341287532,1.571315,1.5713149999976963,264.9550644079117,881.9218341287535,1.5212689553714953,122.76694031295338,1.5211736100934679,264.9550644079117,1.520795,1.5207950040947738,98.63720733292959,235.28626646425812,98.63720733348944,1.4207065044354055,329.8571519939796,329.85714974394045,1.4201595387465549,235.28626646425812,329.85714974394045,369.0140717567138,1.4200094090263051,1.411445,1.4114450053301335,8.564403696171619,233.4203077500097,1.361375,1.3613750327610696,51.201862169719064,163.62422914159993,51.20186216989964,1.2604645893714868,190.0,190.00001759124675,1.4201595387465549,163.62422914159993,190.00001759124675,246.7333340132829,1.2602283211170182,1.251615,1.2516150073853054,8.613313731712813,161.86974870038614,1.200915,1.2009150127696968,120.50342455193064,0.02059202936097108,0.00025257797510287196,81.52741486103132,2.012651920994923,0.939257456962191
397,0.0,397.0,397.0,140.5471930377418,40.150851865522306,45.42431086516499,54.97203030705454,83.6,1.6722000000000001,123.35305277471237,3458.9124106398567,60.00000000000002,60.0,7.9775655040024676,7.513205824968882,599.9999587739113,599.9999587739294,1.6221923519811785,1219.506405728874,1219.5064057888658,1.622195,1.6221949999999994,267.81881248494597,100.56309417572517,1.5719221892278883,888.2593022092884,881.9218341287526,1.571315,1.5713149999977196,264.955064407881,881.9218341287527,1.5212689553687084,122.76694031285334,1.521173610090681,264.955064407881,1.520795,1.5207950040919866,98.6371084051682,235.2863122769757,98.63710840572905,1.4207065053346866,329.85701701362757,329.8570147640771,1.420159539620811,235.2863122769757,329.8570147640771,369.0139532245207,1.420009409887357,1.411445,1.4114450053283467,8.564404559010308,233.4203525133158,1.361375,1.3613750327502119,51.20190801658413,163.62425982871477,51.201908016763895,1.2604645907182883,190.0,190.00001758646493,1.420159539620811,163.62425982871477,190.00001758646493,246.73328815530513,1.2602283223883408,1.251615,1.2516150073822843,8.613315006056554,161.86978050607453,1.200915,1.2009150127686141,120.50335873886374,0.02059202608017507,0.0002525783722341197,81.52727368552335,2.012651920994923,0.939257451847481
398,0.0,398.0,398.0,140.54719303772325,40.150851865517,45.424310865158986,54.97203030704728,83.6,1.6722000000000001,123.35305277469607,3458.9124106393983,60.00000000000002,60.0,7.977565503993485,7.513205821130625,599.9999587739113,599.9999587739292,1.6221923519811785,1219.506405728874,1219.506405788269,1.622195,1.6221949999999994,267.81881248491055,100.56309417571521,1.571922189227915,888.2593022092882,881.9218341287516,1.571315,1.5713149999977463,264.9550644078465,881.9218341287523,1.521268955365966,122.76694031274167,1.5211736100879383,264.9550644078465,1.520795,1.520795004089244,98.63700949626507,235.28635807718254,98.6370094968235,1.4207065062336803,329.85688206253616,329.8568798134739,1.4201595404947982,235.28635807718254,329.8568798134739,369.0138347197475,1.420009410748145,1.411445,1.411445005326599,8.564405421545906,233.42039726427336,1.361375,1.3613750327394214,51.201953849440805,163.6242905060508,51.20195384962267,1.260464592064592,190.0,190.00001758163054,1.4201595404947982,163.6242905060508,190.00001758163054,246.73324230633602,1.260228323659191,1.251615,1.2516150073793133,8.613316279877603,161.86981230180007,1.200915,1.2009150127675403,120.50329293224469,0.02059202279746649,0.00025257876920220876,81.52713255555138,2.012651920994923,0.9392574467400855
399,0.0,399.0,399.0,140.54719303770543,40.15085186551191,45.424310865153224,54.972030307040306,83.6,1.6722000000000001,123.35305277468042,3458.912410638962,59.999999999999986,60.0,7.977565503984581,7.513205817330544,599.9999587739113,599.999958773929,1.6221923519811785,1219.506405728874,1219.506405787678,1.622195,1.6221949999999994,267.8188124848766,100.5630941757049,1.5719221892279402,888.2593022092876,881.9218341287531,1.571315,1.5713149999977718,264.95506440781304,881.9218341287534,1.5212689553632495,122.76694031263513,1.5211736100852218,264.95506440781304,1.520795,1.5207950040865272,98.63691060622828,235.2864038649009,98.63691060678855,1.4207065071323468,329.8567471406936,329.85674489211794,1.4201595413684758,235.2864038649009,329.85674489211794,369.01371624235844,1.4200094116086286,1.411445,1.411445005324849,8.564406283779524,233.42044200290493,1.361375,1.3613750327286078,51.20199966828773,163.62432117341095,51.201999668467955,1.2604645934103103,190.0,190.00001757682153,1.4201595413684758,163.62432117341095,190.00001757682153,246.73319646645055,1.2602283249294801,1.251615,1.2516150073763224,8.613317553157751,161.86984408737592,1.200915,1.200915012766417,120.50322713205314,0.020592019512869788,0.0002525791660072249,81.52699147118398,2.012651920994923,0.9392574416399936
400,0.0,400.0,400.0,140.4672035901692,40.128000861593456,45.398458584134396,54.94074414444135,83.6,1.6722000000000001,123.2822441090153,3456.781299233056,66.98332744498096,70.0,8.981284583536114,9.495795020069908,599.9999587739113,594.1434635007663,1.6229477892200068,1219.506405728874,1214.8775975813862,1.622195,1.62295105233134,268.14792896951894,102.52954099950273,1.5720354653082171,890.2739011054774,884.3901637241676,1.571315,1.5714259741846974,265.2657473986001,884.3901944945591,1.521508170643465,126.62618325472067,1.5214124296505518,265.2657473986001,1.520795,1.521032897830302,98.63974272128173,236.10085805104364,98.63974271896268,1.42092874975478,329.0963496720691,329.09642341463,1.4203780920902707,236.10085805104364,329.09642341463,368.4497849809618,1.420227140332485,1.411445,1.411614116521741,8.613023810744025,234.21473907898303,1.361375,1.3615393268057576,51.202310013555675,164.0186801853104,51.202310013558204,1.2606298362252055,190.0,189.85652685590145,1.4203780920902707,164.0186801853104,189.85652685590145,246.62340031738103,1.2603925045840378,1.251615,1.251742273105759,8.650231478278814,162.24433321146634,1.200915,1.2010310211808164,120.50326331881296,0.02059063428406334,0.00025254786674978164,81.53161041927963,2.012651920994923,0.9391245202367531
401,0.0,401.0,401.0,140.40322999640213,40.10972519040338,45.377782565299526,54.91572224069924,83.6,1.6722000000000001,123.22529180749817,3455.1345471766726,68.08586723382443,70.0,10.376333928013333,12.24965030769339,599.9999587739113,594.5895806244987,1.6236245586760818,1219.506405728874,1201.4079399892892,1.622195,1.6236282907471256,268.43039492832196,103.96068802369098,1.5721260316197405,892.0082746255946,884.6861022221342,1.571315,1.5715139908628717,265.9435865531516,884.6861485839958,1.5215921104106538,129.14052670578133,1.521495862669464,265.9435865531516,1.520795,1.521115427578235,98.64222844742062,236.55266406753375,98.64222844230856,1.4209853632507814,328.6972335406579,328.6805173049388,1.4204326488810404,236.55266406753375,328.6805173049388,368.2049844373074,1.4202812387505916,1.411445,1.4116420949409398,8.639143809651806,234.62290865669874,1.361375,1.361570849540402,51.202770107122156,164.24584230631714,51.20277010707991,1.2606627943878657,190.0,189.83120037749276,1.4204326488810404,164.24584230631714,189.83120037749276,246.60106176054427,1.2604248221656702,1.251615,1.2517516476970172,8.673174468653011,162.46685732435478,1.200915,1.2010758838381004,120.50330092677875,0.02058985062576149,0.00025250145897379866,81.54349170670748,2.012651920994923,0.9390001057092918
402,0.0,402.0,402.0,140.09441103060234,40.021503260949686,45.27797346630329,54.7949343033494,83.6,1.6722000000000001,122.95063385026316,3447.6988082181715,68.10175176407049,70.0,14.895953826234521,21.527873668240865,599.9999587739113,589.8926687664559,1.6277187092487482,1219.506405728874,1126.428413404651,1.622195,1.627724029215384,269.1620959299819,107.5017618494322,1.5725638119907557,897.3674349559433,882.9635634640463,1.571315,1.5719431675225515,268.4807610044004,882.9635755605647,1.521805721442807,135.17034610385886,1.5217077760082083,268.4807610044004,1.520795,1.5213245714660284,98.64508145391169,237.17554517745052,98.64508144068638,1.4210556227368087,328.2097527995969,328.10769837535605,1.420500040926292,237.17554517745052,328.10769837535605,368.10789553030327,1.4203479910184817,1.411445,1.4116755525900049,8.67243842847687,235.0714819192201,1.361375,1.3614745273251478,51.20321875585227,164.17810761245036,51.20321875591357,1.2605444203908571,190.0,189.91644766173354,1.420500040926292,164.17810761245036,189.91644766173354,246.7104066593963,1.2603065997941485,1.251615,1.2516390274476417,8.667572346506836,162.38590054724583,1.200915,1.2009742004049497,120.50334005171715,0.020590679124027643,0.00025248934407115595,81.55068563299379,2.012651920994923,0.9388768067688721
403,0.0,403.0,403.0,139.69214534070858,39.906585916985584,45.14796274639358,54.637596677329434,83.6,1.6722000000000001,122.59521518502012,3439.1997272271883,67.13717680461478,70.0,20.35262935892129,33.7037464186604,599.9999587739113,582.5053504407542,1.634285063323612,1219.506405728874,1021.6244866461069,1.622195,1.6342930848956363,270.1617055443502,110.80850906455183,1.5731328654339716,903.7206036336516,879.0122262813724,1.571315,1.57249905521438,272.0163639053551,879.0121739834817,1.5217462809688638,141.53200885529796,1.521646060658123,272.0163639053551,1.520795,1.521259300636462,98.64717959537802,236.89614361151501,98.64717956498173,1.4208804378674806,328.6062569034302,328.37372607972605,1.420326122217825,236.89614361151501,328.37372607972605,368.71761536952323,1.4201743527138087,1.411445,1.4115248359889991,8.649516724809514,234.5923991111467,1.361375,1.3612666085109841,51.2036397701258,163.87030932504922,51.203639770394,1.2603510537372502,190.0,190.10515443421082,1.420326122217825,163.87030932504922,190.10515443421082,246.83843632491798,1.2601140338253414,1.251615,1.2514733114484358,8.640722376905607,162.10625481637987,1.200915,1.2008659316931576,120.50341507123896,0.02059145935218433,0.0002524872335108225,81.5544574902307,2.012651920994923,0.9387168860020291
404,0.0,404.0,404.0,139.77463462125428,39.93015106127697,45.17462296380216,54.66986059617517,83.6,1.6722000000000001,122.67127527277285,3442.3961140477904,66.977022318724,70.0,20.641197223640248,34.860910859207834,599.9999587739113,582.2179343558263,1.6353941403335268,1219.506405728874,1052.2804170425215,1.622195,1.6354028028116638,270.1765731766234,111.27802750014587,1.5730158847656157,902.3407520009995,877.3572764107619,1.571315,1.5723813245118174,272.0045807484971,877.3572501801605,1.5213148670246845,139.62434246631878,1.52121477823517,272.0045807484971,1.520795,1.5208284062322324,98.64954222356485,235.86044078832424,98.64954217274489,1.4205623539005827,329.5794074447716,329.34797552902586,1.420012802118773,235.86044078832424,329.34797552902586,369.3317921959767,1.4198620946933929,1.411445,1.4112749476762407,8.58714701715213,233.6216788838099,1.361375,1.3611826546547863,51.20429259316132,163.86297378530003,51.20429259343393,1.260325389720081,190.0,190.1872715795285,1.420012802118773,163.86297378530003,190.1872715795285,246.81196149905088,1.2600883669413256,1.251615,1.2514448495521222,8.643517389203437,162.14934589307094,1.200915,1.2009127722254158,120.50357849112953,0.02059027990734102,0.0002524621107465145,81.55790128846212,2.012651920994923,0.9386556338456911
405,0.0,405.0,405.0,139.79913064287746,39.93714896791765,45.18253998353853,54.6794416914213,83.6,1.6722000000000001,122.69467591943685,3443.623771578098,66.86192151578149,70.0,21.953396499679798,37.9528599380179,599.9999587739113,581.2622831497245,1.6362840185413141,1219.506405728874,1097.8942207943192,1.622195,1.6362933362573107,270.24638587764315,112.81194304934432,1.5729807695935978,902.0534492524032,876.7142716961084,1.571315,1.5723453238893792,272.1288959496978,876.7142816811963,1.5211228597167763,139.2847640268017,1.521022730691665,272.1288959496978,1.520795,1.5206363467604398,98.65329340276746,235.4642277625357,98.65329335489314,1.4204244588118076,329.95848238080794,329.72729225960035,1.419876743763865,235.4642277625357,329.72729225960035,369.5522296941013,1.4197264471638853,1.411445,1.4111634964516437,8.562950712241557,233.25447355149524,1.361375,1.3611403117962855,51.20504487287693,163.90343462879457,51.20504487290604,1.2603139401077734,190.0,190.22802408000183,1.419876743763865,163.90343462879457,190.22802408000183,246.80419167465416,1.2600767930955263,1.251615,1.2514275592054065,8.649233890119845,162.21150599226,1.200915,1.200920993738318,120.50375807933014,0.020589382448106614,0.00025245978832947127,81.5550966922168,2.012651920994923,0.9386137776885037
406,0.0,406.0,406.0,139.5304663205872,39.86039822553227,45.09570871049551,54.57435938455945,83.6,1.6722000000000001,122.4563264888193,3437.4208255432336,66.31242009558252,70.0,27.142159538384558,49.42900518631323,599.9999587739113,575.9811189334216,1.6396299001623957,1219.506405728874,1094.0539853250293,1.622195,1.639641325381862,270.9261481553116,117.05064109795488,1.5733597253990441,906.8139473819977,876.3076924477753,1.571315,1.572716161793543,274.1808593319919,876.307693824569,1.5212797428018174,145.0180189597138,1.5211781509479196,274.1808593319919,1.520795,1.5207892553729292,98.65840680982329,235.88401355669038,98.65840674363697,1.4204933042809582,329.64251896691053,329.34040532747383,1.4199436949702333,235.88401355669038,329.34040532747383,369.49948724554855,1.4197929772363507,1.411445,1.4112087132119113,8.584264024439348,233.54580075166297,1.361375,1.3611032698022816,51.20584794494754,163.9007010308874,51.20584794514761,1.2602807590900489,190.0,190.2615673402098,1.4199436949702333,163.9007010308874,190.2615673402098,246.84354469715836,1.2600436122576784,1.251615,1.2513944522524687,8.649160005209655,162.2040599160609,1.200915,1.2008807274663975,120.50394167545001,0.020588858167661418,0.0002524822171552392,81.54577538030061,2.012651920994923,0.9384943185428117
407,0.0,407.0,407.0,139.12511047677077,39.74459810113188,44.96469926475308,54.41581311088585,83.6,1.6722000000000001,122.0853533627474,3425.4546897704645,66.57414417535031,70.0,35.78400546201653,66.67010917659297,599.9999587739113,566.4890573140211,1.6411109775917663,1219.506405728874,1109.9490026394985,1.622195,1.6411240008214913,271.6755341793592,123.326339345215,1.573930306285809,914.8984875737196,876.2394829751411,1.571315,1.573277033393171,277.3038463474987,876.239452517276,1.521894114330167,154.16016886386643,1.5217902490117279,277.3038463474987,1.520795,1.5213973718489735,98.66535039560853,237.48214392281832,98.66535034554279,1.420863058973177,328.2867137388,327.8597194747892,1.42030614261933,237.48214392281832,327.8597194747892,368.95084975426084,1.4201537985151513,1.411445,1.4114804413288353,8.67335718631601,234.84377210347603,1.361375,1.3611060148930592,51.20672814651957,163.92499081275972,51.20672814668106,1.2602520893647757,190.0,190.25740278429893,1.42030614261933,163.92499081275972,190.25740278429893,246.92409309774777,1.2600148783749259,1.251615,1.2513654660150424,8.64941235988348,162.18478944240564,1.200915,1.2008053121428999,120.50412686745933,0.020588551405439356,0.00025252511632789336,81.5307075384374,2.012651920994923,0.9383546139955613
408,0.0,408.0,408.0,139.47832363639287,39.84550235216969,45.07885639601668,54.55396488820653,83.6,1.6722000000000001,122.39856155067747,3430.657147575203,68.41348577427658,70.0,35.58066696865728,62.734179615462736,599.9999587739113,572.8050666735172,1.633977322755024,1219.506405728874,1409.7186043080685,1.622195,1.6339873275786607,270.5186031988985,127.67434488455727,1.5734313120294654,909.876698037044,878.1729713585439,1.571315,1.5727950207950019,274.3681110182634,878.1729115745228,1.5225417549492588,147.7364589808938,1.5224399666283652,274.3681110182634,1.520795,1.522050465492649,98.6732643715286,239.60878350116718,98.67326434537505,1.4214277265144475,326.21266517847516,325.91360122241014,1.420861029063435,239.60878350116718,325.91360122241014,367.4105165336511,1.4207065135490204,1.411445,1.4119009913169858,8.80552223203468,236.98637427773306,1.361375,1.3612490908618067,51.20777568947883,164.20896848935297,51.20777568942277,1.2603254137521878,190.0,190.12285662691244,1.420861029063435,164.20896848935297,190.12285662691244,246.99194416368903,1.2600874478030188,1.251615,1.2514156757037593,8.671772099259512,162.3707653700417,1.200915,1.2007402903502402,120.50432789362237,0.02058796841715457,0.00025257886059734284,81.51105111672658,2.012651920994923,0.9385596054655457
409,0.0,409.0,409.0,140.469265805142,40.128589985332596,45.39912508406208,54.941550735747334,83.6,1.6722000000000001,123.26972305086781,3451.86432059731,72.41191329097244,70.0,14.89225079508329,18.665449970924616,599.9999587739113,607.7194816708316,1.614656475550086,1219.506405728874,1899.0525509289457,1.622195,1.614660336479693,268.20100504515307,116.82976656125608,1.572029242650873,894.2473690740513,886.6401110975205,1.571315,1.5714243195056263,266.2349216976265,886.6404216886926,1.5224866324241835,132.43907510696627,1.5223901356332386,266.2349216976265,1.520795,1.5220089677213995,98.67995768390315,240.09829643488663,98.67995768263589,1.4216611839454316,325.4401693289143,325.4701196425012,1.4210922851282186,240.09829643488663,325.4701196425012,365.8799830583387,1.4209372867799719,1.411445,1.412086786387901,8.850500392070915,238.042077432286,1.361375,1.3615161482235143,51.208985184644774,164.7984972634943,51.20898518414006,1.2605482914062112,190.0,189.87237435913949,1.4210922851282186,164.7984972634943,189.87237435913949,246.92382652234525,1.2603087476989308,1.251615,1.2515841893550068,8.724558343923938,162.87792466473456,1.200915,1.200764961763033,120.50456998968399,0.020586235431197974,0.0002526259419063011,81.489000202653,2.012651920994923,0.9389901022872239
410,0.0,410.0,410.0,141.1933070955399,40.33543064836513,45.63313243734603,55.22474400982875,83.6,1.6722000000000001,123.93937718391902,3474.168721234416,71.89448958613038,70.0,4.284855619670557,0.0557937433315137,599.9999587739113,616.2961504822531,1.6117162869727417,1219.506405728874,2087.2350931216097,1.622195,1.6117178152830087,267.4811148527431,103.38841397943798,1.5709990712020254,881.9740353222852,900.1319394865241,1.571315,1.5704079154465331,259.03246142785406,900.1326214779295,1.521572835174852,124.44848687100098,1.5214804499057883,259.03246142785406,1.520795,1.5211051473208992,98.68426211063034,238.0794304588678,98.68426211441682,1.421254761922409,326.9985927360335,327.31487170981427,1.4206952848721637,238.0794304588678,327.31487170981427,365.8725804528877,1.4205423865280418,1.411445,1.4117998771129772,8.742509415064603,236.70162806170197,1.361375,1.3617054572863845,51.21018700991524,165.3021277830602,51.21018700960252,1.260787610244662,190.0,189.6964031590282,1.4206952848721637,165.3021277830602,189.6964031590282,246.6914236651777,1.2605467139267654,1.251615,1.2517721133955189,8.774600531246568,163.41269288722867,1.200915,1.2009009568540747,120.50485680625845,0.020583108780201663,0.00025265403483351714,81.46756410901816,2.012651920994923,0.9392156349026775
411,0.0,411.0,411.0,141.34351374501227,40.378340967680884,45.68167864728574,55.283494130045675,83.6,1.6722000000000001,124.05962180456315,3478.2493618733265,71.73565847933871,70.0,4.6107568956916145,0.0001997612593266132,599.9999587739113,615.7948058120693,1.612324718547374,1219.506405728874,2110.62325010193,1.622195,1.6123265675819047,267.750757126709,103.6562960669709,1.5707837216318354,881.9297757352562,903.6203429900711,1.571315,1.5701867241122383,258.46385241167394,903.6185292157758,1.5208149030298643,126.63920991526841,1.5207226604434496,258.46385241167394,1.520795,1.5203472838415284,98.68845656350558,235.91881668090488,98.68845657535145,1.420689701448753,329.0912248341471,329.3292348264867,1.420140189264881,235.91881668090488,329.3292348264867,367.40626933074594,1.4199895131717801,1.411445,1.4113813765294019,8.60813664237825,234.5419405066629,1.361375,1.361649930646688,51.21120200670746,165.28977253987838,51.21120200677581,1.260844138304669,190.0,189.7527080488743,1.420140189264881,165.28977253987838,189.7527080488743,246.48253850134904,1.2606032815408799,1.251615,1.2518245897512195,8.778691789660398,163.5225445337487,1.200915,1.2010484362280738,120.50514283591119,0.0205797464222226,0.0002526737253628123,81.44790833582833,2.012651920994923,0.9391647950937076
412,0.0,412.0,412.0,141.27199860586146,40.3579108637697,45.65856523006169,55.25552251203011,83.6,1.6722000000000001,123.99689628044817,3477.357746304389,71.26612888880973,70.0,5.131008531783608,1.396916422391924,599.9999587739113,613.8856275041071,1.6140481425543385,1219.506405728874,1994.5772083030763,1.622195,1.6140503449007915,267.6868395013346,102.82172860345622,1.5708863958870307,882.0532952574756,892.683536209515,1.571315,1.570285666901591,260.6918212264114,892.6830489689397,1.5203262401253068,121.5102266653928,1.5202332106591239,260.6918212264114,1.520795,1.5198574627174977,98.69282692452464,234.4375524565838,98.69282692538758,1.420236818597029,330.5815832852569,330.7318553461713,1.4196940694078812,234.4375524565838,330.7318553461713,368.80402500122204,1.4195449036503731,1.411445,1.4110310078842543,8.513895766118829,232.92210135963063,1.361375,1.3614315814212241,51.212148735857,164.8711364427435,51.212148735893415,1.2607095508192905,190.0,189.9583121165553,1.4196940694078812,164.8711364427435,189.9583121165553,246.47277243450216,1.2604698310899474,1.251615,1.2517274805645664,8.74235052538097,163.20159258295143,1.200915,1.2010916269392173,120.50540009143263,0.020577573537616654,0.0002527083724614372,81.42814318808037,2.012651920994923,0.9390828214540606
413,0.0,413.0,413.0,140.58807430968787,40.16253063233724,45.43752353462714,54.98802014272353,83.6,1.6722000000000001,123.39651324366562,3463.0290706638893,68.51267705077588,70.0,17.36558134054688,27.39409864671373,599.9999587739113,593.7907905298379,1.6278542233876,1219.506405728874,1598.435656130447,1.622195,1.6278608914820052,268.88234041918446,112.96613274140381,1.5718603979024068,890.6341852457213,880.1907207233127,1.571315,1.5712424899498039,266.88820953475516,880.1905485249033,1.5203387538999007,127.14814387215552,1.5202421901114764,266.88820953475516,1.520795,1.5198615774878792,98.69791357278203,234.11789404909442,98.69791357105204,1.420059201524275,331.0758759954268,331.03892989278074,1.4195178758992402,234.11789404909442,331.03892989278074,369.6448663950332,1.419369027907392,1.411445,1.4108829938427538,8.486034064638215,232.309560893435,1.361375,1.3611666781580003,51.213004369817476,164.2937556491564,51.21300436987059,1.2604652574036743,190.0,190.1993828051967,1.4195178758992402,164.2937556491564,190.1993828051967,246.64104060579552,1.2602270995706097,1.251615,1.251538918174472,8.688181396137695,162.65867367019834,1.200915,1.2009958861453645,120.50560093996246,0.02057711462491121,0.0002527711562742835,81.40610237420783,2.012651920994923,0.9388431223988509
414,0.0,414.0,414.0,139.25115247662174,39.78060517858017,45.00543555310968,54.4651117449319,83.6,1.6722000000000001,122.19422378812108,3429.143638147877,66.83328439080732,70.0,37.03564844088358,67.50281835999863,599.9999587739113,571.0041559812124,1.639981413840515,1219.506405728874,1174.8701642286612,1.622195,1.6399949212362137,271.6110080561264,124.94601004192319,1.5737521229747442,913.4864650768491,875.9384718784535,1.571315,1.5730987338035822,277.01011993401085,875.9384868004299,1.5214551922297321,153.01788257714304,1.5213515734863488,277.01011993401085,1.520795,1.5209591402884028,98.70623259931166,236.58334918245646,98.70623257930794,1.4205879638703227,329.1459844911711,328.72495122361994,1.420035361046844,236.58334918245646,328.72495122361994,369.34962305863036,1.4198839963550636,1.411445,1.411268287809855,8.615708545208545,234.0398256613389,1.361375,1.3610282963813236,51.21400243098382,163.90998315433515,51.214002430987804,1.2602642259816141,190.0,190.32226613818068,1.420035361046844,163.90998315433515,190.32226613818068,246.87028635418474,1.2600271096930338,1.251615,1.251378851411305,8.648258281728882,162.22060193138213,1.200915,1.2008236379445048,120.50577054514132,0.020577748105566743,0.0002528537560643573,81.38201474977977,2.012651920994923,0.9383873224399466
415,0.0,415.0,415.0,139.63169877092403,39.889317829187156,45.12842664811029,54.613954293626605,83.6,1.6722000000000001,122.53721255362292,3434.653668594398,68.66012058866816,70.0,37.094526994871444,65.57048648599586,599.9999587739113,574.3914249513375,1.6322534574051937,1219.506405728874,1556.1613341185418,1.622195,1.6322631482908299,270.25026794535137,130.14485288866388,1.5732139440316253,907.4979716093749,878.5579173043354,1.571315,1.5725817077759263,273.3721936295222,878.5578109946405,1.522423628087873,145.23894325247048,1.5223225589951537,273.3721936295222,1.520795,1.521934247051634,98.715334697135,239.6261815592937,98.71533466979432,1.4214032895242938,326.17570248376217,325.927335526996,1.420836682239135,239.6261815592937,325.927335526996,367.16099007975936,1.420682205252404,1.411445,1.4118773972611662,8.804807991237729,237.09515071461976,1.361375,1.3612208521213023,51.215358165559365,164.20356623969565,51.21535816508767,1.26033452620948,190.0,190.14007712512307,1.420836682239135,164.20356623969565,190.14007712512307,246.99450409878764,1.260096636001486,1.251615,1.2514277642512537,8.668871750232343,162.3672899012935,1.200915,1.2007159752584038,120.50595761919853,0.020577923194727368,0.0002529306353860041,81.35797058874603,2.012651920994923,0.9386633322601289
416,0.0,0.0,0.0,0.0,0.0,0.0,0.0,0.0,0.0,0.0,0.0,0.0,0.0,0.0,0.0,0.0,0.0,0.0,0.0,0.0,0.0,0.0,0.0,0.0,0.0,0.0,0.0,0.0,0.0,0.0,0.0,0.0,0.0,0.0,0.0,0.0,0.0,0.0,0.0,0.0,0.0,0.0,0.0,0.0,0.0,0.0,0.0,0.0,0.0,0.0,0.0,0.0,0.0,0.0,0.0,0.0,0.0,0.0,0.0,0.0,0.0,0.0,0.0,0.0,0.0,0.0,0.0,0.0,0.0,0.0,0.0,0.0,0.0,0.0,0.0,0.0,0.0
417,0.0,0.0,0.0,0.0,0.0,0.0,0.0,0.0,0.0,0.0,0.0,0.0,0.0,0.0,0.0,0.0,0.0,0.0,0.0,0.0,0.0,0.0,0.0,0.0,0.0,0.0,0.0,0.0,0.0,0.0,0.0,0.0,0.0,0.0,0.0,0.0,0.0,0.0,0.0,0.0,0.0,0.0,0.0,0.0,0.0,0.0,0.0,0.0,0.0,0.0,0.0,0.0,0.0,0.0,0.0,0.0,0.0,0.0,0.0,0.0,0.0,0.0,0.0,0.0,0.0,0.0,0.0,0.0,0.0,0.0,0.0,0.0,0.0,0.0,0.0,0.0,0.0
418,0.0,0.0,0.0,0.0,0.0,0.0,0.0,0.0,0.0,0.0,0.0,0.0,0.0,0.0,0.0,0.0,0.0,0.0,0.0,0.0,0.0,0.0,0.0,0.0,0.0,0.0,0.0,0.0,0.0,0.0,0.0,0.0,0.0,0.0,0.0,0.0,0.0,0.0,0.0,0.0,0.0,0.0,0.0,0.0,0.0,0.0,0.0,0.0,0.0,0.0,0.0,0.0,0.0,0.0,0.0,0.0,0.0,0.0,0.0,0.0,0.0,0.0,0.0,0.0,0.0,0.0,0.0,0.0,0.0,0.0,0.0,0.0,0.0,0.0,0.0,0.0,0.0
419,0.0,0.0,0.0,0.0,0.0,0.0,0.0,0.0,0.0,0.0,0.0,0.0,0.0,0.0,0.0,0.0,0.0,0.0,0.0,0.0,0.0,0.0,0.0,0.0,0.0,0.0,0.0,0.0,0.0,0.0,0.0,0.0,0.0,0.0,0.0,0.0,0.0,0.0,0.0,0.0,0.0,0.0,0.0,0.0,0.0,0.0,0.0,0.0,0.0,0.0,0.0,0.0,0.0,0.0,0.0,0.0,0.0,0.0,0.0,0.0,0.0,0.0,0.0,0.0,0.0,0.0,0.0,0.0,0.0,0.0,0.0,0.0,0.0,0.0,0.0,0.0,0.0
420,0.0,0.0,0.0,0.0,0.0,0.0,0.0,0.0,0.0,0.0,0.0,0.0,0.0,0.0,0.0,0.0,0.0,0.0,0.0,0.0,0.0,0.0,0.0,0.0,0.0,0.0,0.0,0.0,0.0,0.0,0.0,0.0,0.0,0.0,0.0,0.0,0.0,0.0,0.0,0.0,0.0,0.0,0.0,0.0,0.0,0.0,0.0,0.0,0.0,0.0,0.0,0.0,0.0,0.0,0.0,0.0,0.0,0.0,0.0,0.0,0.0,0.0,0.0,0.0,0.0,0.0,0.0,0.0,0.0,0.0,0.0,0.0,0.0,0.0,0.0,0.0,0.0
421,0.0,0.0,0.0,0.0,0.0,0.0,0.0,0.0,0.0,0.0,0.0,0.0,0.0,0.0,0.0,0.0,0.0,0.0,0.0,0.0,0.0,0.0,0.0,0.0,0.0,0.0,0.0,0.0,0.0,0.0,0.0,0.0,0.0,0.0,0.0,0.0,0.0,0.0,0.0,0.0,0.0,0.0,0.0,0.0,0.0,0.0,0.0,0.0,0.0,0.0,0.0,0.0,0.0,0.0,0.0,0.0,0.0,0.0,0.0,0.0,0.0,0.0,0.0,0.0,0.0,0.0,0.0,0.0,0.0,0.0,0.0,0.0,0.0,0.0,0.0,0.0,0.0
422,0.0,0.0,0.0,0.0,0.0,0.0,0.0,0.0,0.0,0.0,0.0,0.0,0.0,0.0,0.0,0.0,0.0,0.0,0.0,0.0,0.0,0.0,0.0,0.0,0.0,0.0,0.0,0.0,0.0,0.0,0.0,0.0,0.0,0.0,0.0,0.0,0.0,0.0,0.0,0.0,0.0,0.0,0.0,0.0,0.0,0.0,0.0,0.0,0.0,0.0,0.0,0.0,0.0,0.0,0.0,0.0,0.0,0.0,0.0,0.0,0.0,0.0,0.0,0.0,0.0,0.0,0.0,0.0,0.0,0.0,0.0,0.0,0.0,0.0,0.0,0.0,0.0
423,0.0,0.0,0.0,0.0,0.0,0.0,0.0,0.0,0.0,0.0,0.0,0.0,0.0,0.0,0.0,0.0,0.0,0.0,0.0,0.0,0.0,0.0,0.0,0.0,0.0,0.0,0.0,0.0,0.0,0.0,0.0,0.0,0.0,0.0,0.0,0.0,0.0,0.0,0.0,0.0,0.0,0.0,0.0,0.0,0.0,0.0,0.0,0.0,0.0,0.0,0.0,0.0,0.0,0.0,0.0,0.0,0.0,0.0,0.0,0.0,0.0,0.0,0.0,0.0,0.0,0.0,0.0,0.0,0.0,0.0,0.0,0.0,0.0,0.0,0.0,0.0,0.0
424,0.0,0.0,0.0,0.0,0.0,0.0,0.0,0.0,0.0,0.0,0.0,0.0,0.0,0.0,0.0,0.0,0.0,0.0,0.0,0.0,0.0,0.0,0.0,0.0,0.0,0.0,0.0,0.0,0.0,0.0,0.0,0.0,0.0,0.0,0.0,0.0,0.0,0.0,0.0,0.0,0.0,0.0,0.0,0.0,0.0,0.0,0.0,0.0,0.0,0.0,0.0,0.0,0.0,0.0,0.0,0.0,0.0,0.0,0.0,0.0,0.0,0.0,0.0,0.0,0.0,0.0,0.0,0.0,0.0,0.0,0.0,0.0,0.0,0.0,0.0,0.0,0.0
425,0.0,0.0,0.0,0.0,0.0,0.0,0.0,0.0,0.0,0.0,0.0,0.0,0.0,0.0,0.0,0.0,0.0,0.0,0.0,0.0,0.0,0.0,0.0,0.0,0.0,0.0,0.0,0.0,0.0,0.0,0.0,0.0,0.0,0.0,0.0,0.0,0.0,0.0,0.0,0.0,0.0,0.0,0.0,0.0,0.0,0.0,0.0,0.0,0.0,0.0,0.0,0.0,0.0,0.0,0.0,0.0,0.0,0.0,0.0,0.0,0.0,0.0,0.0,0.0,0.0,0.0,0.0,0.0,0.0,0.0,0.0,0.0,0.0,0.0,0.0,0.0,0.0
426,0.0,0.0,0.0,0.0,0.0,0.0,0.0,0.0,0.0,0.0,0.0,0.0,0.0,0.0,0.0,0.0,0.0,0.0,0.0,0.0,0.0,0.0,0.0,0.0,0.0,0.0,0.0,0.0,0.0,0.0,0.0,0.0,0.0,0.0,0.0,0.0,0.0,0.0,0.0,0.0,0.0,0.0,0.0,0.0,0.0,0.0,0.0,0.0,0.0,0.0,0.0,0.0,0.0,0.0,0.0,0.0,0.0,0.0,0.0,0.0,0.0,0.0,0.0,0.0,0.0,0.0,0.0,0.0,0.0,0.0,0.0,0.0,0.0,0.0,0.0,0.0,0.0
427,0.0,0.0,0.0,0.0,0.0,0.0,0.0,0.0,0.0,0.0,0.0,0.0,0.0,0.0,0.0,0.0,0.0,0.0,0.0,0.0,0.0,0.0,0.0,0.0,0.0,0.0,0.0,0.0,0.0,0.0,0.0,0.0,0.0,0.0,0.0,0.0,0.0,0.0,0.0,0.0,0.0,0.0,0.0,0.0,0.0,0.0,0.0,0.0,0.0,0.0,0.0,0.0,0.0,0.0,0.0,0.0,0.0,0.0,0.0,0.0,0.0,0.0,0.0,0.0,0.0,0.0,0.0,0.0,0.0,0.0,0.0,0.0,0.0,0.0,0.0,0.0,0.0
428,0.0,0.0,0.0,0.0,0.0,0.0,0.0,0.0,0.0,0.0,0.0,0.0,0.0,0.0,0.0,0.0,0.0,0.0,0.0,0.0,0.0,0.0,0.0,0.0,0.0,0.0,0.0,0.0,0.0,0.0,0.0,0.0,0.0,0.0,0.0,0.0,0.0,0.0,0.0,0.0,0.0,0.0,0.0,0.0,0.0,0.0,0.0,0.0,0.0,0.0,0.0,0.0,0.0,0.0,0.0,0.0,0.0,0.0,0.0,0.0,0.0,0.0,0.0,0.0,0.0,0.0,0.0,0.0,0.0,0.0,0.0,0.0,0.0,0.0,0.0,0.0,0.0
429,0.0,0.0,0.0,0.0,0.0,0.0,0.0,0.0,0.0,0.0,0.0,0.0,0.0,0.0,0.0,0.0,0.0,0.0,0.0,0.0,0.0,0.0,0.0,0.0,0.0,0.0,0.0,0.0,0.0,0.0,0.0,0.0,0.0,0.0,0.0,0.0,0.0,0.0,0.0,0.0,0.0,0.0,0.0,0.0,0.0,0.0,0.0,0.0,0.0,0.0,0.0,0.0,0.0,0.0,0.0,0.0,0.0,0.0,0.0,0.0,0.0,0.0,0.0,0.0,0.0,0.0,0.0,0.0,0.0,0.0,0.0,0.0,0.0,0.0,0.0,0.0,0.0
430,0.0,0.0,0.0,0.0,0.0,0.0,0.0,0.0,0.0,0.0,0.0,0.0,0.0,0.0,0.0,0.0,0.0,0.0,0.0,0.0,0.0,0.0,0.0,0.0,0.0,0.0,0.0,0.0,0.0,0.0,0.0,0.0,0.0,0.0,0.0,0.0,0.0,0.0,0.0,0.0,0.0,0.0,0.0,0.0,0.0,0.0,0.0,0.0,0.0,0.0,0.0,0.0,0.0,0.0,0.0,0.0,0.0,0.0,0.0,0.0,0.0,0.0,0.0,0.0,0.0,0.0,0.0,0.0,0.0,0.0,0.0,0.0,0.0,0.0,0.0,0.0,0.0
431,0.0,0.0,0.0,0.0,0.0,0.0,0.0,0.0,0.0,0.0,0.0,0.0,0.0,0.0,0.0,0.0,0.0,0.0,0.0,0.0,0.0,0.0,0.0,0.0,0.0,0.0,0.0,0.0,0.0,0.0,0.0,0.0,0.0,0.0,0.0,0.0,0.0,0.0,0.0,0.0,0.0,0.0,0.0,0.0,0.0,0.0,0.0,0.0,0.0,0.0,0.0,0.0,0.0,0.0,0.0,0.0,0.0,0.0,0.0,0.0,0.0,0.0,0.0,0.0,0.0,0.0,0.0,0.0,0.0,0.0,0.0,0.0,0.0,0.0,0.0,0.0,0.0
432,0.0,0.0,0.0,0.0,0.0,0.0,0.0,0.0,0.0,0.0,0.0,0.0,0.0,0.0,0.0,0.0,0.0,0.0,0.0,0.0,0.0,0.0,0.0,0.0,0.0,0.0,0.0,0.0,0.0,0.0,0.0,0.0,0.0,0.0,0.0,0.0,0.0,0.0,0.0,0.0,0.0,0.0,0.0,0.0,0.0,0.0,0.0,0.0,0.0,0.0,0.0,0.0,0.0,0.0,0.0,0.0,0.0,0.0,0.0,0.0,0.0,0.0,0.0,0.0,0.0,0.0,0.0,0.0,0.0,0.0,0.0,0.0,0.0,0.0,0.0,0.0,0.0
433,0.0,0.0,0.0,0.0,0.0,0.0,0.0,0.0,0.0,0.0,0.0,0.0,0.0,0.0,0.0,0.0,0.0,0.0,0.0,0.0,0.0,0.0,0.0,0.0,0.0,0.0,0.0,0.0,0.0,0.0,0.0,0.0,0.0,0.0,0.0,0.0,0.0,0.0,0.0,0.0,0.0,0.0,0.0,0.0,0.0,0.0,0.0,0.0,0.0,0.0,0.0,0.0,0.0,0.0,0.0,0.0,0.0,0.0,0.0,0.0,0.0,0.0,0.0,0.0,0.0,0.0,0.0,0.0,0.0,0.0,0.0,0.0,0.0,0.0,0.0,0.0,0.0
434,0.0,0.0,0.0,0.0,0.0,0.0,0.0,0.0,0.0,0.0,0.0,0.0,0.0,0.0,0.0,0.0,0.0,0.0,0.0,0.0,0.0,0.0,0.0,0.0,0.0,0.0,0.0,0.0,0.0,0.0,0.0,0.0,0.0,0.0,0.0,0.0,0.0,0.0,0.0,0.0,0.0,0.0,0.0,0.0,0.0,0.0,0.0,0.0,0.0,0.0,0.0,0.0,0.0,0.0,0.0,0.0,0.0,0.0,0.0,0.0,0.0,0.0,0.0,0.0,0.0,0.0,0.0,0.0,0.0,0.0,0.0,0.0,0.0,0.0,0.0,0.0,0.0
435,0.0,0.0,0.0,0.0,0.0,0.0,0.0,0.0,0.0,0.0,0.0,0.0,0.0,0.0,0.0,0.0,0.0,0.0,0.0,0.0,0.0,0.0,0.0,0.0,0.0,0.0,0.0,0.0,0.0,0.0,0.0,0.0,0.0,0.0,0.0,0.0,0.0,0.0,0.0,0.0,0.0,0.0,0.0,0.0,0.0,0.0,0.0,0.0,0.0,0.0,0.0,0.0,0.0,0.0,0.0,0.0,0.0,0.0,0.0,0.0,0.0,0.0,0.0,0.0,0.0,0.0,0.0,0.0,0.0,0.0,0.0,0.0,0.0,0.0,0.0,0.0,0.0
436,0.0,0.0,0.0,0.0,0.0,0.0,0.0,0.0,0.0,0.0,0.0,0.0,0.0,0.0,0.0,0.0,0.0,0.0,0.0,0.0,0.0,0.0,0.0,0.0,0.0,0.0,0.0,0.0,0.0,0.0,0.0,0.0,0.0,0.0,0.0,0.0,0.0,0.0,0.0,0.0,0.0,0.0,0.0,0.0,0.0,0.0,0.0,0.0,0.0,0.0,0.0,0.0,0.0,0.0,0.0,0.0,0.0,0.0,0.0,0.0,0.0,0.0,0.0,0.0,0.0,0.0,0.0,0.0,0.0,0.0,0.0,0.0,0.0,0.0,0.0,0.0,0.0
437,0.0,0.0,0.0,0.0,0.0,0.0,0.0,0.0,0.0,0.0,0.0,0.0,0.0,0.0,0.0,0.0,0.0,0.0,0.0,0.0,0.0,0.0,0.0,0.0,0.0,0.0,0.0,0.0,0.0,0.0,0.0,0.0,0.0,0.0,0.0,0.0,0.0,0.0,0.0,0.0,0.0,0.0,0.0,0.0,0.0,0.0,0.0,0.0,0.0,0.0,0.0,0.0,0.0,0.0,0.0,0.0,0.0,0.0,0.0,0.0,0.0,0.0,0.0,0.0,0.0,0.0,0.0,0.0,0.0,0.0,0.0,0.0,0.0,0.0,0.0,0.0,0.0
438,0.0,0.0,0.0,0.0,0.0,0.0,0.0,0.0,0.0,0.0,0.0,0.0,0.0,0.0,0.0,0.0,0.0,0.0,0.0,0.0,0.0,0.0,0.0,0.0,0.0,0.0,0.0,0.0,0.0,0.0,0.0,0.0,0.0,0.0,0.0,0.0,0.0,0.0,0.0,0.0,0.0,0.0,0.0,0.0,0.0,0.0,0.0,0.0,0.0,0.0,0.0,0.0,0.0,0.0,0.0,0.0,0.0,0.0,0.0,0.0,0.0,0.0,0.0,0.0,0.0,0.0,0.0,0.0,0.0,0.0,0.0,0.0,0.0,0.0,0.0,0.0,0.0
439,0.0,0.0,0.0,0.0,0.0,0.0,0.0,0.0,0.0,0.0,0.0,0.0,0.0,0.0,0.0,0.0,0.0,0.0,0.0,0.0,0.0,0.0,0.0,0.0,0.0,0.0,0.0,0.0,0.0,0.0,0.0,0.0,0.0,0.0,0.0,0.0,0.0,0.0,0.0,0.0,0.0,0.0,0.0,0.0,0.0,0.0,0.0,0.0,0.0,0.0,0.0,0.0,0.0,0.0,0.0,0.0,0.0,0.0,0.0,0.0,0.0,0.0,0.0,0.0,0.0,0.0,0.0,0.0,0.0,0.0,0.0,0.0,0.0,0.0,0.0,0.0,0.0
440,0.0,0.0,0.0,0.0,0.0,0.0,0.0,0.0,0.0,0.0,0.0,0.0,0.0,0.0,0.0,0.0,0.0,0.0,0.0,0.0,0.0,0.0,0.0,0.0,0.0,0.0,0.0,0.0,0.0,0.0,0.0,0.0,0.0,0.0,0.0,0.0,0.0,0.0,0.0,0.0,0.0,0.0,0.0,0.0,0.0,0.0,0.0,0.0,0.0,0.0,0.0,0.0,0.0,0.0,0.0,0.0,0.0,0.0,0.0,0.0,0.0,0.0,0.0,0.0,0.0,0.0,0.0,0.0,0.0,0.0,0.0,0.0,0.0,0.0,0.0,0.0,0.0
441,0.0,0.0,0.0,0.0,0.0,0.0,0.0,0.0,0.0,0.0,0.0,0.0,0.0,0.0,0.0,0.0,0.0,0.0,0.0,0.0,0.0,0.0,0.0,0.0,0.0,0.0,0.0,0.0,0.0,0.0,0.0,0.0,0.0,0.0,0.0,0.0,0.0,0.0,0.0,0.0,0.0,0.0,0.0,0.0,0.0,0.0,0.0,0.0,0.0,0.0,0.0,0.0,0.0,0.0,0.0,0.0,0.0,0.0,0.0,0.0,0.0,0.0,0.0,0.0,0.0,0.0,0.0,0.0,0.0,0.0,0.0,0.0,0.0,0.0,0.0,0.0,0.0
442,0.0,0.0,0.0,0.0,0.0,0.0,0.0,0.0,0.0,0.0,0.0,0.0,0.0,0.0,0.0,0.0,0.0,0.0,0.0,0.0,0.0,0.0,0.0,0.0,0.0,0.0,0.0,0.0,0.0,0.0,0.0,0.0,0.0,0.0,0.0,0.0,0.0,0.0,0.0,0.0,0.0,0.0,0.0,0.0,0.0,0.0,0.0,0.0,0.0,0.0,0.0,0.0,0.0,0.0,0.0,0.0,0.0,0.0,0.0,0.0,0.0,0.0,0.0,0.0,0.0,0.0,0.0,0.0,0.0,0.0,0.0,0.0,0.0,0.0,0.0,0.0,0.0
443,0.0,0.0,0.0,0.0,0.0,0.0,0.0,0.0,0.0,0.0,0.0,0.0,0.0,0.0,0.0,0.0,0.0,0.0,0.0,0.0,0.0,0.0,0.0,0.0,0.0,0.0,0.0,0.0,0.0,0.0,0.0,0.0,0.0,0.0,0.0,0.0,0.0,0.0,0.0,0.0,0.0,0.0,0.0,0.0,0.0,0.0,0.0,0.0,0.0,0.0,0.0,0.0,0.0,0.0,0.0,0.0,0.0,0.0,0.0,0.0,0.0,0.0,0.0,0.0,0.0,0.0,0.0,0.0,0.0,0.0,0.0,0.0,0.0,0.0,0.0,0.0,0.0
444,0.0,0.0,0.0,0.0,0.0,0.0,0.0,0.0,0.0,0.0,0.0,0.0,0.0,0.0,0.0,0.0,0.0,0.0,0.0,0.0,0.0,0.0,0.0,0.0,0.0,0.0,0.0,0.0,0.0,0.0,0.0,0.0,0.0,0.0,0.0,0.0,0.0,0.0,0.0,0.0,0.0,0.0,0.0,0.0,0.0,0.0,0.0,0.0,0.0,0.0,0.0,0.0,0.0,0.0,0.0,0.0,0.0,0.0,0.0,0.0,0.0,0.0,0.0,0.0,0.0,0.0,0.0,0.0,0.0,0.0,0.0,0.0,0.0,0.0,0.0,0.0,0.0
445,0.0,0.0,0.0,0.0,0.0,0.0,0.0,0.0,0.0,0.0,0.0,0.0,0.0,0.0,0.0,0.0,0.0,0.0,0.0,0.0,0.0,0.0,0.0,0.0,0.0,0.0,0.0,0.0,0.0,0.0,0.0,0.0,0.0,0.0,0.0,0.0,0.0,0.0,0.0,0.0,0.0,0.0,0.0,0.0,0.0,0.0,0.0,0.0,0.0,0.0,0.0,0.0,0.0,0.0,0.0,0.0,0.0,0.0,0.0,0.0,0.0,0.0,0.0,0.0,0.0,0.0,0.0,0.0,0.0,0.0,0.0,0.0,0.0,0.0,0.0,0.0,0.0
446,0.0,0.0,0.0,0.0,0.0,0.0,0.0,0.0,0.0,0.0,0.0,0.0,0.0,0.0,0.0,0.0,0.0,0.0,0.0,0.0,0.0,0.0,0.0,0.0,0.0,0.0,0.0,0.0,0.0,0.0,0.0,0.0,0.0,0.0,0.0,0.0,0.0,0.0,0.0,0.0,0.0,0.0,0.0,0.0,0.0,0.0,0.0,0.0,0.0,0.0,0.0,0.0,0.0,0.0,0.0,0.0,0.0,0.0,0.0,0.0,0.0,0.0,0.0,0.0,0.0,0.0,0.0,0.0,0.0,0.0,0.0,0.0,0.0,0.0,0.0,0.0,0.0
447,0.0,0.0,0.0,0.0,0.0,0.0,0.0,0.0,0.0,0.0,0.0,0.0,0.0,0.0,0.0,0.0,0.0,0.0,0.0,0.0,0.0,0.0,0.0,0.0,0.0,0.0,0.0,0.0,0.0,0.0,0.0,0.0,0.0,0.0,0.0,0.0,0.0,0.0,0.0,0.0,0.0,0.0,0.0,0.0,0.0,0.0,0.0,0.0,0.0,0.0,0.0,0.0,0.0,0.0,0.0,0.0,0.0,0.0,0.0,0.0,0.0,0.0,0.0,0.0,0.0,0.0,0.0,0.0,0.0,0.0,0.0,0.0,0.0,0.0,0.0,0.0,0.0
448,0.0,0.0,0.0,0.0,0.0,0.0,0.0,0.0,0.0,0.0,0.0,0.0,0.0,0.0,0.0,0.0,0.0,0.0,0.0,0.0,0.0,0.0,0.0,0.0,0.0,0.0,0.0,0.0,0.0,0.0,0.0,0.0,0.0,0.0,0.0,0.0,0.0,0.0,0.0,0.0,0.0,0.0,0.0,0.0,0.0,0.0,0.0,0.0,0.0,0.0,0.0,0.0,0.0,0.0,0.0,0.0,0.0,0.0,0.0,0.0,0.0,0.0,0.0,0.0,0.0,0.0,0.0,0.0,0.0,0.0,0.0,0.0,0.0,0.0,0.0,0.0,0.0
449,0.0,0.0,0.0,0.0,0.0,0.0,0.0,0.0,0.0,0.0,0.0,0.0,0.0,0.0,0.0,0.0,0.0,0.0,0.0,0.0,0.0,0.0,0.0,0.0,0.0,0.0,0.0,0.0,0.0,0.0,0.0,0.0,0.0,0.0,0.0,0.0,0.0,0.0,0.0,0.0,0.0,0.0,0.0,0.0,0.0,0.0,0.0,0.0,0.0,0.0,0.0,0.0,0.0,0.0,0.0,0.0,0.0,0.0,0.0,0.0,0.0,0.0,0.0,0.0,0.0,0.0,0.0,0.0,0.0,0.0,0.0,0.0,0.0,0.0,0.0,0.0,0.0
450,0.0,0.0,0.0,0.0,0.0,0.0,0.0,0.0,0.0,0.0,0.0,0.0,0.0,0.0,0.0,0.0,0.0,0.0,0.0,0.0,0.0,0.0,0.0,0.0,0.0,0.0,0.0,0.0,0.0,0.0,0.0,0.0,0.0,0.0,0.0,0.0,0.0,0.0,0.0,0.0,0.0,0.0,0.0,0.0,0.0,0.0,0.0,0.0,0.0,0.0,0.0,0.0,0.0,0.0,0.0,0.0,0.0,0.0,0.0,0.0,0.0,0.0,0.0,0.0,0.0,0.0,0.0,0.0,0.0,0.0,0.0,0.0,0.0,0.0,0.0,0.0,0.0
451,0.0,0.0,0.0,0.0,0.0,0.0,0.0,0.0,0.0,0.0,0.0,0.0,0.0,0.0,0.0,0.0,0.0,0.0,0.0,0.0,0.0,0.0,0.0,0.0,0.0,0.0,0.0,0.0,0.0,0.0,0.0,0.0,0.0,0.0,0.0,0.0,0.0,0.0,0.0,0.0,0.0,0.0,0.0,0.0,0.0,0.0,0.0,0.0,0.0,0.0,0.0,0.0,0.0,0.0,0.0,0.0,0.0,0.0,0.0,0.0,0.0,0.0,0.0,0.0,0.0,0.0,0.0,0.0,0.0,0.0,0.0,0.0,0.0,0.0,0.0,0.0,0.0
452,0.0,0.0,0.0,0.0,0.0,0.0,0.0,0.0,0.0,0.0,0.0,0.0,0.0,0.0,0.0,0.0,0.0,0.0,0.0,0.0,0.0,0.0,0.0,0.0,0.0,0.0,0.0,0.0,0.0,0.0,0.0,0.0,0.0,0.0,0.0,0.0,0.0,0.0,0.0,0.0,0.0,0.0,0.0,0.0,0.0,0.0,0.0,0.0,0.0,0.0,0.0,0.0,0.0,0.0,0.0,0.0,0.0,0.0,0.0,0.0,0.0,0.0,0.0,0.0,0.0,0.0,0.0,0.0,0.0,0.0,0.0,0.0,0.0,0.0,0.0,0.0,0.0
453,0.0,0.0,0.0,0.0,0.0,0.0,0.0,0.0,0.0,0.0,0.0,0.0,0.0,0.0,0.0,0.0,0.0,0.0,0.0,0.0,0.0,0.0,0.0,0.0,0.0,0.0,0.0,0.0,0.0,0.0,0.0,0.0,0.0,0.0,0.0,0.0,0.0,0.0,0.0,0.0,0.0,0.0,0.0,0.0,0.0,0.0,0.0,0.0,0.0,0.0,0.0,0.0,0.0,0.0,0.0,0.0,0.0,0.0,0.0,0.0,0.0,0.0,0.0,0.0,0.0,0.0,0.0,0.0,0.0,0.0,0.0,0.0,0.0,0.0,0.0,0.0,0.0
454,0.0,0.0,0.0,0.0,0.0,0.0,0.0,0.0,0.0,0.0,0.0,0.0,0.0,0.0,0.0,0.0,0.0,0.0,0.0,0.0,0.0,0.0,0.0,0.0,0.0,0.0,0.0,0.0,0.0,0.0,0.0,0.0,0.0,0.0,0.0,0.0,0.0,0.0,0.0,0.0,0.0,0.0,0.0,0.0,0.0,0.0,0.0,0.0,0.0,0.0,0.0,0.0,0.0,0.0,0.0,0.0,0.0,0.0,0.0,0.0,0.0,0.0,0.0,0.0,0.0,0.0,0.0,0.0,0.0,0.0,0.0,0.0,0.0,0.0,0.0,0.0,0.0
455,0.0,0.0,0.0,0.0,0.0,0.0,0.0,0.0,0.0,0.0,0.0,0.0,0.0,0.0,0.0,0.0,0.0,0.0,0.0,0.0,0.0,0.0,0.0,0.0,0.0,0.0,0.0,0.0,0.0,0.0,0.0,0.0,0.0,0.0,0.0,0.0,0.0,0.0,0.0,0.0,0.0,0.0,0.0,0.0,0.0,0.0,0.0,0.0,0.0,0.0,0.0,0.0,0.0,0.0,0.0,0.0,0.0,0.0,0.0,0.0,0.0,0.0,0.0,0.0,0.0,0.0,0.0,0.0,0.0,0.0,0.0,0.0,0.0,0.0,0.0,0.0,0.0
456,0.0,0.0,0.0,0.0,0.0,0.0,0.0,0.0,0.0,0.0,0.0,0.0,0.0,0.0,0.0,0.0,0.0,0.0,0.0,0.0,0.0,0.0,0.0,0.0,0.0,0.0,0.0,0.0,0.0,0.0,0.0,0.0,0.0,0.0,0.0,0.0,0.0,0.0,0.0,0.0,0.0,0.0,0.0,0.0,0.0,0.0,0.0,0.0,0.0,0.0,0.0,0.0,0.0,0.0,0.0,0.0,0.0,0.0,0.0,0.0,0.0,0.0,0.0,0.0,0.0,0.0,0.0,0.0,0.0,0.0,0.0,0.0,0.0,0.0,0.0,0.0,0.0
457,0.0,0.0,0.0,0.0,0.0,0.0,0.0,0.0,0.0,0.0,0.0,0.0,0.0,0.0,0.0,0.0,0.0,0.0,0.0,0.0,0.0,0.0,0.0,0.0,0.0,0.0,0.0,0.0,0.0,0.0,0.0,0.0,0.0,0.0,0.0,0.0,0.0,0.0,0.0,0.0,0.0,0.0,0.0,0.0,0.0,0.0,0.0,0.0,0.0,0.0,0.0,0.0,0.0,0.0,0.0,0.0,0.0,0.0,0.0,0.0,0.0,0.0,0.0,0.0,0.0,0.0,0.0,0.0,0.0,0.0,0.0,0.0,0.0,0.0,0.0,0.0,0.0
458,0.0,0.0,0.0,0.0,0.0,0.0,0.0,0.0,0.0,0.0,0.0,0.0,0.0,0.0,0.0,0.0,0.0,0.0,0.0,0.0,0.0,0.0,0.0,0.0,0.0,0.0,0.0,0.0,0.0,0.0,0.0,0.0,0.0,0.0,0.0,0.0,0.0,0.0,0.0,0.0,0.0,0.0,0.0,0.0,0.0,0.0,0.0,0.0,0.0,0.0,0.0,0.0,0.0,0.0,0.0,0.0,0.0,0.0,0.0,0.0,0.0,0.0,0.0,0.0,0.0,0.0,0.0,0.0,0.0,0.0,0.0,0.0,0.0,0.0,0.0,0.0,0.0
459,0.0,0.0,0.0,0.0,0.0,0.0,0.0,0.0,0.0,0.0,0.0,0.0,0.0,0.0,0.0,0.0,0.0,0.0,0.0,0.0,0.0,0.0,0.0,0.0,0.0,0.0,0.0,0.0,0.0,0.0,0.0,0.0,0.0,0.0,0.0,0.0,0.0,0.0,0.0,0.0,0.0,0.0,0.0,0.0,0.0,0.0,0.0,0.0,0.0,0.0,0.0,0.0,0.0,0.0,0.0,0.0,0.0,0.0,0.0,0.0,0.0,0.0,0.0,0.0,0.0,0.0,0.0,0.0,0.0,0.0,0.0,0.0,0.0,0.0,0.0,0.0,0.0
460,0.0,0.0,0.0,0.0,0.0,0.0,0.0,0.0,0.0,0.0,0.0,0.0,0.0,0.0,0.0,0.0,0.0,0.0,0.0,0.0,0.0,0.0,0.0,0.0,0.0,0.0,0.0,0.0,0.0,0.0,0.0,0.0,0.0,0.0,0.0,0.0,0.0,0.0,0.0,0.0,0.0,0.0,0.0,0.0,0.0,0.0,0.0,0.0,0.0,0.0,0.0,0.0,0.0,0.0,0.0,0.0,0.0,0.0,0.0,0.0,0.0,0.0,0.0,0.0,0.0,0.0,0.0,0.0,0.0,0.0,0.0,0.0,0.0,0.0,0.0,0.0,0.0
461,0.0,0.0,0.0,0.0,0.0,0.0,0.0,0.0,0.0,0.0,0.0,0.0,0.0,0.0,0.0,0.0,0.0,0.0,0.0,0.0,0.0,0.0,0.0,0.0,0.0,0.0,0.0,0.0,0.0,0.0,0.0,0.0,0.0,0.0,0.0,0.0,0.0,0.0,0.0,0.0,0.0,0.0,0.0,0.0,0.0,0.0,0.0,0.0,0.0,0.0,0.0,0.0,0.0,0.0,0.0,0.0,0.0,0.0,0.0,0.0,0.0,0.0,0.0,0.0,0.0,0.0,0.0,0.0,0.0,0.0,0.0,0.0,0.0,0.0,0.0,0.0,0.0
462,0.0,0.0,0.0,0.0,0.0,0.0,0.0,0.0,0.0,0.0,0.0,0.0,0.0,0.0,0.0,0.0,0.0,0.0,0.0,0.0,0.0,0.0,0.0,0.0,0.0,0.0,0.0,0.0,0.0,0.0,0.0,0.0,0.0,0.0,0.0,0.0,0.0,0.0,0.0,0.0,0.0,0.0,0.0,0.0,0.0,0.0,0.0,0.0,0.0,0.0,0.0,0.0,0.0,0.0,0.0,0.0,0.0,0.0,0.0,0.0,0.0,0.0,0.0,0.0,0.0,0.0,0.0,0.0,0.0,0.0,0.0,0.0,0.0,0.0,0.0,0.0,0.0
463,0.0,0.0,0.0,0.0,0.0,0.0,0.0,0.0,0.0,0.0,0.0,0.0,0.0,0.0,0.0,0.0,0.0,0.0,0.0,0.0,0.0,0.0,0.0,0.0,0.0,0.0,0.0,0.0,0.0,0.0,0.0,0.0,0.0,0.0,0.0,0.0,0.0,0.0,0.0,0.0,0.0,0.0,0.0,0.0,0.0,0.0,0.0,0.0,0.0,0.0,0.0,0.0,0.0,0.0,0.0,0.0,0.0,0.0,0.0,0.0,0.0,0.0,0.0,0.0,0.0,0.0,0.0,0.0,0.0,0.0,0.0,0.0,0.0,0.0,0.0,0.0,0.0
464,0.0,0.0,0.0,0.0,0.0,0.0,0.0,0.0,0.0,0.0,0.0,0.0,0.0,0.0,0.0,0.0,0.0,0.0,0.0,0.0,0.0,0.0,0.0,0.0,0.0,0.0,0.0,0.0,0.0,0.0,0.0,0.0,0.0,0.0,0.0,0.0,0.0,0.0,0.0,0.0,0.0,0.0,0.0,0.0,0.0,0.0,0.0,0.0,0.0,0.0,0.0,0.0,0.0,0.0,0.0,0.0,0.0,0.0,0.0,0.0,0.0,0.0,0.0,0.0,0.0,0.0,0.0,0.0,0.0,0.0,0.0,0.0,0.0,0.0,0.0,0.0,0.0
465,0.0,0.0,0.0,0.0,0.0,0.0,0.0,0.0,0.0,0.0,0.0,0.0,0.0,0.0,0.0,0.0,0.0,0.0,0.0,0.0,0.0,0.0,0.0,0.0,0.0,0.0,0.0,0.0,0.0,0.0,0.0,0.0,0.0,0.0,0.0,0.0,0.0,0.0,0.0,0.0,0.0,0.0,0.0,0.0,0.0,0.0,0.0,0.0,0.0,0.0,0.0,0.0,0.0,0.0,0.0,0.0,0.0,0.0,0.0,0.0,0.0,0.0,0.0,0.0,0.0,0.0,0.0,0.0,0.0,0.0,0.0,0.0,0.0,0.0,0.0,0.0,0.0
466,0.0,0.0,0.0,0.0,0.0,0.0,0.0,0.0,0.0,0.0,0.0,0.0,0.0,0.0,0.0,0.0,0.0,0.0,0.0,0.0,0.0,0.0,0.0,0.0,0.0,0.0,0.0,0.0,0.0,0.0,0.0,0.0,0.0,0.0,0.0,0.0,0.0,0.0,0.0,0.0,0.0,0.0,0.0,0.0,0.0,0.0,0.0,0.0,0.0,0.0,0.0,0.0,0.0,0.0,0.0,0.0,0.0,0.0,0.0,0.0,0.0,0.0,0.0,0.0,0.0,0.0,0.0,0.0,0.0,0.0,0.0,0.0,0.0,0.0,0.0,0.0,0.0
467,0.0,0.0,0.0,0.0,0.0,0.0,0.0,0.0,0.0,0.0,0.0,0.0,0.0,0.0,0.0,0.0,0.0,0.0,0.0,0.0,0.0,0.0,0.0,0.0,0.0,0.0,0.0,0.0,0.0,0.0,0.0,0.0,0.0,0.0,0.0,0.0,0.0,0.0,0.0,0.0,0.0,0.0,0.0,0.0,0.0,0.0,0.0,0.0,0.0,0.0,0.0,0.0,0.0,0.0,0.0,0.0,0.0,0.0,0.0,0.0,0.0,0.0,0.0,0.0,0.0,0.0,0.0,0.0,0.0,0.0,0.0,0.0,0.0,0.0,0.0,0.0,0.0
468,0.0,0.0,0.0,0.0,0.0,0.0,0.0,0.0,0.0,0.0,0.0,0.0,0.0,0.0,0.0,0.0,0.0,0.0,0.0,0.0,0.0,0.0,0.0,0.0,0.0,0.0,0.0,0.0,0.0,0.0,0.0,0.0,0.0,0.0,0.0,0.0,0.0,0.0,0.0,0.0,0.0,0.0,0.0,0.0,0.0,0.0,0.0,0.0,0.0,0.0,0.0,0.0,0.0,0.0,0.0,0.0,0.0,0.0,0.0,0.0,0.0,0.0,0.0,0.0,0.0,0.0,0.0,0.0,0.0,0.0,0.0,0.0,0.0,0.0,0.0,0.0,0.0
469,0.0,0.0,0.0,0.0,0.0,0.0,0.0,0.0,0.0,0.0,0.0,0.0,0.0,0.0,0.0,0.0,0.0,0.0,0.0,0.0,0.0,0.0,0.0,0.0,0.0,0.0,0.0,0.0,0.0,0.0,0.0,0.0,0.0,0.0,0.0,0.0,0.0,0.0,0.0,0.0,0.0,0.0,0.0,0.0,0.0,0.0,0.0,0.0,0.0,0.0,0.0,0.0,0.0,0.0,0.0,0.0,0.0,0.0,0.0,0.0,0.0,0.0,0.0,0.0,0.0,0.0,0.0,0.0,0.0,0.0,0.0,0.0,0.0,0.0,0.0,0.0,0.0
470,0.0,0.0,0.0,0.0,0.0,0.0,0.0,0.0,0.0,0.0,0.0,0.0,0.0,0.0,0.0,0.0,0.0,0.0,0.0,0.0,0.0,0.0,0.0,0.0,0.0,0.0,0.0,0.0,0.0,0.0,0.0,0.0,0.0,0.0,0.0,0.0,0.0,0.0,0.0,0.0,0.0,0.0,0.0,0.0,0.0,0.0,0.0,0.0,0.0,0.0,0.0,0.0,0.0,0.0,0.0,0.0,0.0,0.0,0.0,0.0,0.0,0.0,0.0,0.0,0.0,0.0,0.0,0.0,0.0,0.0,0.0,0.0,0.0,0.0,0.0,0.0,0.0
471,0.0,0.0,0.0,0.0,0.0,0.0,0.0,0.0,0.0,0.0,0.0,0.0,0.0,0.0,0.0,0.0,0.0,0.0,0.0,0.0,0.0,0.0,0.0,0.0,0.0,0.0,0.0,0.0,0.0,0.0,0.0,0.0,0.0,0.0,0.0,0.0,0.0,0.0,0.0,0.0,0.0,0.0,0.0,0.0,0.0,0.0,0.0,0.0,0.0,0.0,0.0,0.0,0.0,0.0,0.0,0.0,0.0,0.0,0.0,0.0,0.0,0.0,0.0,0.0,0.0,0.0,0.0,0.0,0.0,0.0,0.0,0.0,0.0,0.0,0.0,0.0,0.0
472,0.0,0.0,0.0,0.0,0.0,0.0,0.0,0.0,0.0,0.0,0.0,0.0,0.0,0.0,0.0,0.0,0.0,0.0,0.0,0.0,0.0,0.0,0.0,0.0,0.0,0.0,0.0,0.0,0.0,0.0,0.0,0.0,0.0,0.0,0.0,0.0,0.0,0.0,0.0,0.0,0.0,0.0,0.0,0.0,0.0,0.0,0.0,0.0,0.0,0.0,0.0,0.0,0.0,0.0,0.0,0.0,0.0,0.0,0.0,0.0,0.0,0.0,0.0,0.0,0.0,0.0,0.0,0.0,0.0,0.0,0.0,0.0,0.0,0.0,0.0,0.0,0.0
473,0.0,0.0,0.0,0.0,0.0,0.0,0.0,0.0,0.0,0.0,0.0,0.0,0.0,0.0,0.0,0.0,0.0,0.0,0.0,0.0,0.0,0.0,0.0,0.0,0.0,0.0,0.0,0.0,0.0,0.0,0.0,0.0,0.0,0.0,0.0,0.0,0.0,0.0,0.0,0.0,0.0,0.0,0.0,0.0,0.0,0.0,0.0,0.0,0.0,0.0,0.0,0.0,0.0,0.0,0.0,0.0,0.0,0.0,0.0,0.0,0.0,0.0,0.0,0.0,0.0,0.0,0.0,0.0,0.0,0.0,0.0,0.0,0.0,0.0,0.0,0.0,0.0
474,0.0,0.0,0.0,0.0,0.0,0.0,0.0,0.0,0.0,0.0,0.0,0.0,0.0,0.0,0.0,0.0,0.0,0.0,0.0,0.0,0.0,0.0,0.0,0.0,0.0,0.0,0.0,0.0,0.0,0.0,0.0,0.0,0.0,0.0,0.0,0.0,0.0,0.0,0.0,0.0,0.0,0.0,0.0,0.0,0.0,0.0,0.0,0.0,0.0,0.0,0.0,0.0,0.0,0.0,0.0,0.0,0.0,0.0,0.0,0.0,0.0,0.0,0.0,0.0,0.0,0.0,0.0,0.0,0.0,0.0,0.0,0.0,0.0,0.0,0.0,0.0,0.0
475,0.0,0.0,0.0,0.0,0.0,0.0,0.0,0.0,0.0,0.0,0.0,0.0,0.0,0.0,0.0,0.0,0.0,0.0,0.0,0.0,0.0,0.0,0.0,0.0,0.0,0.0,0.0,0.0,0.0,0.0,0.0,0.0,0.0,0.0,0.0,0.0,0.0,0.0,0.0,0.0,0.0,0.0,0.0,0.0,0.0,0.0,0.0,0.0,0.0,0.0,0.0,0.0,0.0,0.0,0.0,0.0,0.0,0.0,0.0,0.0,0.0,0.0,0.0,0.0,0.0,0.0,0.0,0.0,0.0,0.0,0.0,0.0,0.0,0.0,0.0,0.0,0.0
476,0.0,0.0,0.0,0.0,0.0,0.0,0.0,0.0,0.0,0.0,0.0,0.0,0.0,0.0,0.0,0.0,0.0,0.0,0.0,0.0,0.0,0.0,0.0,0.0,0.0,0.0,0.0,0.0,0.0,0.0,0.0,0.0,0.0,0.0,0.0,0.0,0.0,0.0,0.0,0.0,0.0,0.0,0.0,0.0,0.0,0.0,0.0,0.0,0.0,0.0,0.0,0.0,0.0,0.0,0.0,0.0,0.0,0.0,0.0,0.0,0.0,0.0,0.0,0.0,0.0,0.0,0.0,0.0,0.0,0.0,0.0,0.0,0.0,0.0,0.0,0.0,0.0
477,0.0,0.0,0.0,0.0,0.0,0.0,0.0,0.0,0.0,0.0,0.0,0.0,0.0,0.0,0.0,0.0,0.0,0.0,0.0,0.0,0.0,0.0,0.0,0.0,0.0,0.0,0.0,0.0,0.0,0.0,0.0,0.0,0.0,0.0,0.0,0.0,0.0,0.0,0.0,0.0,0.0,0.0,0.0,0.0,0.0,0.0,0.0,0.0,0.0,0.0,0.0,0.0,0.0,0.0,0.0,0.0,0.0,0.0,0.0,0.0,0.0,0.0,0.0,0.0,0.0,0.0,0.0,0.0,0.0,0.0,0.0,0.0,0.0,0.0,0.0,0.0,0.0
478,0.0,0.0,0.0,0.0,0.0,0.0,0.0,0.0,0.0,0.0,0.0,0.0,0.0,0.0,0.0,0.0,0.0,0.0,0.0,0.0,0.0,0.0,0.0,0.0,0.0,0.0,0.0,0.0,0.0,0.0,0.0,0.0,0.0,0.0,0.0,0.0,0.0,0.0,0.0,0.0,0.0,0.0,0.0,0.0,0.0,0.0,0.0,0.0,0.0,0.0,0.0,0.0,0.0,0.0,0.0,0.0,0.0,0.0,0.0,0.0,0.0,0.0,0.0,0.0,0.0,0.0,0.0,0.0,0.0,0.0,0.0,0.0,0.0,0.0,0.0,0.0,0.0
479,0.0,0.0,0.0,0.0,0.0,0.0,0.0,0.0,0.0,0.0,0.0,0.0,0.0,0.0,0.0,0.0,0.0,0.0,0.0,0.0,0.0,0.0,0.0,0.0,0.0,0.0,0.0,0.0,0.0,0.0,0.0,0.0,0.0,0.0,0.0,0.0,0.0,0.0,0.0,0.0,0.0,0.0,0.0,0.0,0.0,0.0,0.0,0.0,0.0,0.0,0.0,0.0,0.0,0.0,0.0,0.0,0.0,0.0,0.0,0.0,0.0,0.0,0.0,0.0,0.0,0.0,0.0,0.0,0.0,0.0,0.0,0.0,0.0,0.0,0.0,0.0,0.0
480,0.0,0.0,0.0,0.0,0.0,0.0,0.0,0.0,0.0,0.0,0.0,0.0,0.0,0.0,0.0,0.0,0.0,0.0,0.0,0.0,0.0,0.0,0.0,0.0,0.0,0.0,0.0,0.0,0.0,0.0,0.0,0.0,0.0,0.0,0.0,0.0,0.0,0.0,0.0,0.0,0.0,0.0,0.0,0.0,0.0,0.0,0.0,0.0,0.0,0.0,0.0,0.0,0.0,0.0,0.0,0.0,0.0,0.0,0.0,0.0,0.0,0.0,0.0,0.0,0.0,0.0,0.0,0.0,0.0,0.0,0.0,0.0,0.0,0.0,0.0,0.0,0.0
481,0.0,0.0,0.0,0.0,0.0,0.0,0.0,0.0,0.0,0.0,0.0,0.0,0.0,0.0,0.0,0.0,0.0,0.0,0.0,0.0,0.0,0.0,0.0,0.0,0.0,0.0,0.0,0.0,0.0,0.0,0.0,0.0,0.0,0.0,0.0,0.0,0.0,0.0,0.0,0.0,0.0,0.0,0.0,0.0,0.0,0.0,0.0,0.0,0.0,0.0,0.0,0.0,0.0,0.0,0.0,0.0,0.0,0.0,0.0,0.0,0.0,0.0,0.0,0.0,0.0,0.0,0.0,0.0,0.0,0.0,0.0,0.0,0.0,0.0,0.0,0.0,0.0
482,0.0,0.0,0.0,0.0,0.0,0.0,0.0,0.0,0.0,0.0,0.0,0.0,0.0,0.0,0.0,0.0,0.0,0.0,0.0,0.0,0.0,0.0,0.0,0.0,0.0,0.0,0.0,0.0,0.0,0.0,0.0,0.0,0.0,0.0,0.0,0.0,0.0,0.0,0.0,0.0,0.0,0.0,0.0,0.0,0.0,0.0,0.0,0.0,0.0,0.0,0.0,0.0,0.0,0.0,0.0,0.0,0.0,0.0,0.0,0.0,0.0,0.0,0.0,0.0,0.0,0.0,0.0,0.0,0.0,0.0,0.0,0.0,0.0,0.0,0.0,0.0,0.0
483,0.0,0.0,0.0,0.0,0.0,0.0,0.0,0.0,0.0,0.0,0.0,0.0,0.0,0.0,0.0,0.0,0.0,0.0,0.0,0.0,0.0,0.0,0.0,0.0,0.0,0.0,0.0,0.0,0.0,0.0,0.0,0.0,0.0,0.0,0.0,0.0,0.0,0.0,0.0,0.0,0.0,0.0,0.0,0.0,0.0,0.0,0.0,0.0,0.0,0.0,0.0,0.0,0.0,0.0,0.0,0.0,0.0,0.0,0.0,0.0,0.0,0.0,0.0,0.0,0.0,0.0,0.0,0.0,0.0,0.0,0.0,0.0,0.0,0.0,0.0,0.0,0.0
484,0.0,0.0,0.0,0.0,0.0,0.0,0.0,0.0,0.0,0.0,0.0,0.0,0.0,0.0,0.0,0.0,0.0,0.0,0.0,0.0,0.0,0.0,0.0,0.0,0.0,0.0,0.0,0.0,0.0,0.0,0.0,0.0,0.0,0.0,0.0,0.0,0.0,0.0,0.0,0.0,0.0,0.0,0.0,0.0,0.0,0.0,0.0,0.0,0.0,0.0,0.0,0.0,0.0,0.0,0.0,0.0,0.0,0.0,0.0,0.0,0.0,0.0,0.0,0.0,0.0,0.0,0.0,0.0,0.0,0.0,0.0,0.0,0.0,0.0,0.0,0.0,0.0
485,0.0,0.0,0.0,0.0,0.0,0.0,0.0,0.0,0.0,0.0,0.0,0.0,0.0,0.0,0.0,0.0,0.0,0.0,0.0,0.0,0.0,0.0,0.0,0.0,0.0,0.0,0.0,0.0,0.0,0.0,0.0,0.0,0.0,0.0,0.0,0.0,0.0,0.0,0.0,0.0,0.0,0.0,0.0,0.0,0.0,0.0,0.0,0.0,0.0,0.0,0.0,0.0,0.0,0.0,0.0,0.0,0.0,0.0,0.0,0.0,0.0,0.0,0.0,0.0,0.0,0.0,0.0,0.0,0.0,0.0,0.0,0.0,0.0,0.0,0.0,0.0,0.0
486,0.0,0.0,0.0,0.0,0.0,0.0,0.0,0.0,0.0,0.0,0.0,0.0,0.0,0.0,0.0,0.0,0.0,0.0,0.0,0.0,0.0,0.0,0.0,0.0,0.0,0.0,0.0,0.0,0.0,0.0,0.0,0.0,0.0,0.0,0.0,0.0,0.0,0.0,0.0,0.0,0.0,0.0,0.0,0.0,0.0,0.0,0.0,0.0,0.0,0.0,0.0,0.0,0.0,0.0,0.0,0.0,0.0,0.0,0.0,0.0,0.0,0.0,0.0,0.0,0.0,0.0,0.0,0.0,0.0,0.0,0.0,0.0,0.0,0.0,0.0,0.0,0.0
487,0.0,0.0,0.0,0.0,0.0,0.0,0.0,0.0,0.0,0.0,0.0,0.0,0.0,0.0,0.0,0.0,0.0,0.0,0.0,0.0,0.0,0.0,0.0,0.0,0.0,0.0,0.0,0.0,0.0,0.0,0.0,0.0,0.0,0.0,0.0,0.0,0.0,0.0,0.0,0.0,0.0,0.0,0.0,0.0,0.0,0.0,0.0,0.0,0.0,0.0,0.0,0.0,0.0,0.0,0.0,0.0,0.0,0.0,0.0,0.0,0.0,0.0,0.0,0.0,0.0,0.0,0.0,0.0,0.0,0.0,0.0,0.0,0.0,0.0,0.0,0.0,0.0
488,0.0,0.0,0.0,0.0,0.0,0.0,0.0,0.0,0.0,0.0,0.0,0.0,0.0,0.0,0.0,0.0,0.0,0.0,0.0,0.0,0.0,0.0,0.0,0.0,0.0,0.0,0.0,0.0,0.0,0.0,0.0,0.0,0.0,0.0,0.0,0.0,0.0,0.0,0.0,0.0,0.0,0.0,0.0,0.0,0.0,0.0,0.0,0.0,0.0,0.0,0.0,0.0,0.0,0.0,0.0,0.0,0.0,0.0,0.0,0.0,0.0,0.0,0.0,0.0,0.0,0.0,0.0,0.0,0.0,0.0,0.0,0.0,0.0,0.0,0.0,0.0,0.0
489,0.0,0.0,0.0,0.0,0.0,0.0,0.0,0.0,0.0,0.0,0.0,0.0,0.0,0.0,0.0,0.0,0.0,0.0,0.0,0.0,0.0,0.0,0.0,0.0,0.0,0.0,0.0,0.0,0.0,0.0,0.0,0.0,0.0,0.0,0.0,0.0,0.0,0.0,0.0,0.0,0.0,0.0,0.0,0.0,0.0,0.0,0.0,0.0,0.0,0.0,0.0,0.0,0.0,0.0,0.0,0.0,0.0,0.0,0.0,0.0,0.0,0.0,0.0,0.0,0.0,0.0,0.0,0.0,0.0,0.0,0.0,0.0,0.0,0.0,0.0,0.0,0.0
490,0.0,0.0,0.0,0.0,0.0,0.0,0.0,0.0,0.0,0.0,0.0,0.0,0.0,0.0,0.0,0.0,0.0,0.0,0.0,0.0,0.0,0.0,0.0,0.0,0.0,0.0,0.0,0.0,0.0,0.0,0.0,0.0,0.0,0.0,0.0,0.0,0.0,0.0,0.0,0.0,0.0,0.0,0.0,0.0,0.0,0.0,0.0,0.0,0.0,0.0,0.0,0.0,0.0,0.0,0.0,0.0,0.0,0.0,0.0,0.0,0.0,0.0,0.0,0.0,0.0,0.0,0.0,0.0,0.0,0.0,0.0,0.0,0.0,0.0,0.0,0.0,0.0
491,0.0,0.0,0.0,0.0,0.0,0.0,0.0,0.0,0.0,0.0,0.0,0.0,0.0,0.0,0.0,0.0,0.0,0.0,0.0,0.0,0.0,0.0,0.0,0.0,0.0,0.0,0.0,0.0,0.0,0.0,0.0,0.0,0.0,0.0,0.0,0.0,0.0,0.0,0.0,0.0,0.0,0.0,0.0,0.0,0.0,0.0,0.0,0.0,0.0,0.0,0.0,0.0,0.0,0.0,0.0,0.0,0.0,0.0,0.0,0.0,0.0,0.0,0.0,0.0,0.0,0.0,0.0,0.0,0.0,0.0,0.0,0.0,0.0,0.0,0.0,0.0,0.0
492,0.0,0.0,0.0,0.0,0.0,0.0,0.0,0.0,0.0,0.0,0.0,0.0,0.0,0.0,0.0,0.0,0.0,0.0,0.0,0.0,0.0,0.0,0.0,0.0,0.0,0.0,0.0,0.0,0.0,0.0,0.0,0.0,0.0,0.0,0.0,0.0,0.0,0.0,0.0,0.0,0.0,0.0,0.0,0.0,0.0,0.0,0.0,0.0,0.0,0.0,0.0,0.0,0.0,0.0,0.0,0.0,0.0,0.0,0.0,0.0,0.0,0.0,0.0,0.0,0.0,0.0,0.0,0.0,0.0,0.0,0.0,0.0,0.0,0.0,0.0,0.0,0.0
493,0.0,0.0,0.0,0.0,0.0,0.0,0.0,0.0,0.0,0.0,0.0,0.0,0.0,0.0,0.0,0.0,0.0,0.0,0.0,0.0,0.0,0.0,0.0,0.0,0.0,0.0,0.0,0.0,0.0,0.0,0.0,0.0,0.0,0.0,0.0,0.0,0.0,0.0,0.0,0.0,0.0,0.0,0.0,0.0,0.0,0.0,0.0,0.0,0.0,0.0,0.0,0.0,0.0,0.0,0.0,0.0,0.0,0.0,0.0,0.0,0.0,0.0,0.0,0.0,0.0,0.0,0.0,0.0,0.0,0.0,0.0,0.0,0.0,0.0,0.0,0.0,0.0
494,0.0,0.0,0.0,0.0,0.0,0.0,0.0,0.0,0.0,0.0,0.0,0.0,0.0,0.0,0.0,0.0,0.0,0.0,0.0,0.0,0.0,0.0,0.0,0.0,0.0,0.0,0.0,0.0,0.0,0.0,0.0,0.0,0.0,0.0,0.0,0.0,0.0,0.0,0.0,0.0,0.0,0.0,0.0,0.0,0.0,0.0,0.0,0.0,0.0,0.0,0.0,0.0,0.0,0.0,0.0,0.0,0.0,0.0,0.0,0.0,0.0,0.0,0.0,0.0,0.0,0.0,0.0,0.0,0.0,0.0,0.0,0.0,0.0,0.0,0.0,0.0,0.0
495,0.0,0.0,0.0,0.0,0.0,0.0,0.0,0.0,0.0,0.0,0.0,0.0,0.0,0.0,0.0,0.0,0.0,0.0,0.0,0.0,0.0,0.0,0.0,0.0,0.0,0.0,0.0,0.0,0.0,0.0,0.0,0.0,0.0,0.0,0.0,0.0,0.0,0.0,0.0,0.0,0.0,0.0,0.0,0.0,0.0,0.0,0.0,0.0,0.0,0.0,0.0,0.0,0.0,0.0,0.0,0.0,0.0,0.0,0.0,0.0,0.0,0.0,0.0,0.0,0.0,0.0,0.0,0.0,0.0,0.0,0.0,0.0,0.0,0.0,0.0,0.0,0.0
496,0.0,0.0,0.0,0.0,0.0,0.0,0.0,0.0,0.0,0.0,0.0,0.0,0.0,0.0,0.0,0.0,0.0,0.0,0.0,0.0,0.0,0.0,0.0,0.0,0.0,0.0,0.0,0.0,0.0,0.0,0.0,0.0,0.0,0.0,0.0,0.0,0.0,0.0,0.0,0.0,0.0,0.0,0.0,0.0,0.0,0.0,0.0,0.0,0.0,0.0,0.0,0.0,0.0,0.0,0.0,0.0,0.0,0.0,0.0,0.0,0.0,0.0,0.0,0.0,0.0,0.0,0.0,0.0,0.0,0.0,0.0,0.0,0.0,0.0,0.0,0.0,0.0
497,0.0,0.0,0.0,0.0,0.0,0.0,0.0,0.0,0.0,0.0,0.0,0.0,0.0,0.0,0.0,0.0,0.0,0.0,0.0,0.0,0.0,0.0,0.0,0.0,0.0,0.0,0.0,0.0,0.0,0.0,0.0,0.0,0.0,0.0,0.0,0.0,0.0,0.0,0.0,0.0,0.0,0.0,0.0,0.0,0.0,0.0,0.0,0.0,0.0,0.0,0.0,0.0,0.0,0.0,0.0,0.0,0.0,0.0,0.0,0.0,0.0,0.0,0.0,0.0,0.0,0.0,0.0,0.0,0.0,0.0,0.0,0.0,0.0,0.0,0.0,0.0,0.0
498,0.0,0.0,0.0,0.0,0.0,0.0,0.0,0.0,0.0,0.0,0.0,0.0,0.0,0.0,0.0,0.0,0.0,0.0,0.0,0.0,0.0,0.0,0.0,0.0,0.0,0.0,0.0,0.0,0.0,0.0,0.0,0.0,0.0,0.0,0.0,0.0,0.0,0.0,0.0,0.0,0.0,0.0,0.0,0.0,0.0,0.0,0.0,0.0,0.0,0.0,0.0,0.0,0.0,0.0,0.0,0.0,0.0,0.0,0.0,0.0,0.0,0.0,0.0,0.0,0.0,0.0,0.0,0.0,0.0,0.0,0.0,0.0,0.0,0.0,0.0,0.0,0.0
499,0.0,0.0,0.0,0.0,0.0,0.0,0.0,0.0,0.0,0.0,0.0,0.0,0.0,0.0,0.0,0.0,0.0,0.0,0.0,0.0,0.0,0.0,0.0,0.0,0.0,0.0,0.0,0.0,0.0,0.0,0.0,0.0,0.0,0.0,0.0,0.0,0.0,0.0,0.0,0.0,0.0,0.0,0.0,0.0,0.0,0.0,0.0,0.0,0.0,0.0,0.0,0.0,0.0,0.0,0.0,0.0,0.0,0.0,0.0,0.0,0.0,0.0,0.0,0.0,0.0,0.0,0.0,0.0,0.0,0.0,0.0,0.0,0.0,0.0,0.0,0.0,0.0
500,0.0,0.0,0.0,0.0,0.0,0.0,0.0,0.0,0.0,0.0,0.0,0.0,0.0,0.0,0.0,0.0,0.0,0.0,0.0,0.0,0.0,0.0,0.0,0.0,0.0,0.0,0.0,0.0,0.0,0.0,0.0,0.0,0.0,0.0,0.0,0.0,0.0,0.0,0.0,0.0,0.0,0.0,0.0,0.0,0.0,0.0,0.0,0.0,0.0,0.0,0.0,0.0,0.0,0.0,0.0,0.0,0.0,0.0,0.0,0.0,0.0,0.0,0.0,0.0,0.0,0.0,0.0,0.0,0.0,0.0,0.0,0.0,0.0,0.0,0.0,0.0,0.0
501,0.0,0.0,0.0,0.0,0.0,0.0,0.0,0.0,0.0,0.0,0.0,0.0,0.0,0.0,0.0,0.0,0.0,0.0,0.0,0.0,0.0,0.0,0.0,0.0,0.0,0.0,0.0,0.0,0.0,0.0,0.0,0.0,0.0,0.0,0.0,0.0,0.0,0.0,0.0,0.0,0.0,0.0,0.0,0.0,0.0,0.0,0.0,0.0,0.0,0.0,0.0,0.0,0.0,0.0,0.0,0.0,0.0,0.0,0.0,0.0,0.0,0.0,0.0,0.0,0.0,0.0,0.0,0.0,0.0,0.0,0.0,0.0,0.0,0.0,0.0,0.0,0.0
502,0.0,0.0,0.0,0.0,0.0,0.0,0.0,0.0,0.0,0.0,0.0,0.0,0.0,0.0,0.0,0.0,0.0,0.0,0.0,0.0,0.0,0.0,0.0,0.0,0.0,0.0,0.0,0.0,0.0,0.0,0.0,0.0,0.0,0.0,0.0,0.0,0.0,0.0,0.0,0.0,0.0,0.0,0.0,0.0,0.0,0.0,0.0,0.0,0.0,0.0,0.0,0.0,0.0,0.0,0.0,0.0,0.0,0.0,0.0,0.0,0.0,0.0,0.0,0.0,0.0,0.0,0.0,0.0,0.0,0.0,0.0,0.0,0.0,0.0,0.0,0.0,0.0
503,0.0,0.0,0.0,0.0,0.0,0.0,0.0,0.0,0.0,0.0,0.0,0.0,0.0,0.0,0.0,0.0,0.0,0.0,0.0,0.0,0.0,0.0,0.0,0.0,0.0,0.0,0.0,0.0,0.0,0.0,0.0,0.0,0.0,0.0,0.0,0.0,0.0,0.0,0.0,0.0,0.0,0.0,0.0,0.0,0.0,0.0,0.0,0.0,0.0,0.0,0.0,0.0,0.0,0.0,0.0,0.0,0.0,0.0,0.0,0.0,0.0,0.0,0.0,0.0,0.0,0.0,0.0,0.0,0.0,0.0,0.0,0.0,0.0,0.0,0.0,0.0,0.0
504,0.0,0.0,0.0,0.0,0.0,0.0,0.0,0.0,0.0,0.0,0.0,0.0,0.0,0.0,0.0,0.0,0.0,0.0,0.0,0.0,0.0,0.0,0.0,0.0,0.0,0.0,0.0,0.0,0.0,0.0,0.0,0.0,0.0,0.0,0.0,0.0,0.0,0.0,0.0,0.0,0.0,0.0,0.0,0.0,0.0,0.0,0.0,0.0,0.0,0.0,0.0,0.0,0.0,0.0,0.0,0.0,0.0,0.0,0.0,0.0,0.0,0.0,0.0,0.0,0.0,0.0,0.0,0.0,0.0,0.0,0.0,0.0,0.0,0.0,0.0,0.0,0.0
505,0.0,0.0,0.0,0.0,0.0,0.0,0.0,0.0,0.0,0.0,0.0,0.0,0.0,0.0,0.0,0.0,0.0,0.0,0.0,0.0,0.0,0.0,0.0,0.0,0.0,0.0,0.0,0.0,0.0,0.0,0.0,0.0,0.0,0.0,0.0,0.0,0.0,0.0,0.0,0.0,0.0,0.0,0.0,0.0,0.0,0.0,0.0,0.0,0.0,0.0,0.0,0.0,0.0,0.0,0.0,0.0,0.0,0.0,0.0,0.0,0.0,0.0,0.0,0.0,0.0,0.0,0.0,0.0,0.0,0.0,0.0,0.0,0.0,0.0,0.0,0.0,0.0
506,0.0,0.0,0.0,0.0,0.0,0.0,0.0,0.0,0.0,0.0,0.0,0.0,0.0,0.0,0.0,0.0,0.0,0.0,0.0,0.0,0.0,0.0,0.0,0.0,0.0,0.0,0.0,0.0,0.0,0.0,0.0,0.0,0.0,0.0,0.0,0.0,0.0,0.0,0.0,0.0,0.0,0.0,0.0,0.0,0.0,0.0,0.0,0.0,0.0,0.0,0.0,0.0,0.0,0.0,0.0,0.0,0.0,0.0,0.0,0.0,0.0,0.0,0.0,0.0,0.0,0.0,0.0,0.0,0.0,0.0,0.0,0.0,0.0,0.0,0.0,0.0,0.0
507,0.0,0.0,0.0,0.0,0.0,0.0,0.0,0.0,0.0,0.0,0.0,0.0,0.0,0.0,0.0,0.0,0.0,0.0,0.0,0.0,0.0,0.0,0.0,0.0,0.0,0.0,0.0,0.0,0.0,0.0,0.0,0.0,0.0,0.0,0.0,0.0,0.0,0.0,0.0,0.0,0.0,0.0,0.0,0.0,0.0,0.0,0.0,0.0,0.0,0.0,0.0,0.0,0.0,0.0,0.0,0.0,0.0,0.0,0.0,0.0,0.0,0.0,0.0,0.0,0.0,0.0,0.0,0.0,0.0,0.0,0.0,0.0,0.0,0.0,0.0,0.0,0.0
508,0.0,0.0,0.0,0.0,0.0,0.0,0.0,0.0,0.0,0.0,0.0,0.0,0.0,0.0,0.0,0.0,0.0,0.0,0.0,0.0,0.0,0.0,0.0,0.0,0.0,0.0,0.0,0.0,0.0,0.0,0.0,0.0,0.0,0.0,0.0,0.0,0.0,0.0,0.0,0.0,0.0,0.0,0.0,0.0,0.0,0.0,0.0,0.0,0.0,0.0,0.0,0.0,0.0,0.0,0.0,0.0,0.0,0.0,0.0,0.0,0.0,0.0,0.0,0.0,0.0,0.0,0.0,0.0,0.0,0.0,0.0,0.0,0.0,0.0,0.0,0.0,0.0
509,0.0,0.0,0.0,0.0,0.0,0.0,0.0,0.0,0.0,0.0,0.0,0.0,0.0,0.0,0.0,0.0,0.0,0.0,0.0,0.0,0.0,0.0,0.0,0.0,0.0,0.0,0.0,0.0,0.0,0.0,0.0,0.0,0.0,0.0,0.0,0.0,0.0,0.0,0.0,0.0,0.0,0.0,0.0,0.0,0.0,0.0,0.0,0.0,0.0,0.0,0.0,0.0,0.0,0.0,0.0,0.0,0.0,0.0,0.0,0.0,0.0,0.0,0.0,0.0,0.0,0.0,0.0,0.0,0.0,0.0,0.0,0.0,0.0,0.0,0.0,0.0,0.0
510,0.0,0.0,0.0,0.0,0.0,0.0,0.0,0.0,0.0,0.0,0.0,0.0,0.0,0.0,0.0,0.0,0.0,0.0,0.0,0.0,0.0,0.0,0.0,0.0,0.0,0.0,0.0,0.0,0.0,0.0,0.0,0.0,0.0,0.0,0.0,0.0,0.0,0.0,0.0,0.0,0.0,0.0,0.0,0.0,0.0,0.0,0.0,0.0,0.0,0.0,0.0,0.0,0.0,0.0,0.0,0.0,0.0,0.0,0.0,0.0,0.0,0.0,0.0,0.0,0.0,0.0,0.0,0.0,0.0,0.0,0.0,0.0,0.0,0.0,0.0,0.0,0.0
511,0.0,0.0,0.0,0.0,0.0,0.0,0.0,0.0,0.0,0.0,0.0,0.0,0.0,0.0,0.0,0.0,0.0,0.0,0.0,0.0,0.0,0.0,0.0,0.0,0.0,0.0,0.0,0.0,0.0,0.0,0.0,0.0,0.0,0.0,0.0,0.0,0.0,0.0,0.0,0.0,0.0,0.0,0.0,0.0,0.0,0.0,0.0,0.0,0.0,0.0,0.0,0.0,0.0,0.0,0.0,0.0,0.0,0.0,0.0,0.0,0.0,0.0,0.0,0.0,0.0,0.0,0.0,0.0,0.0,0.0,0.0,0.0,0.0,0.0,0.0,0.0,0.0
512,0.0,0.0,0.0,0.0,0.0,0.0,0.0,0.0,0.0,0.0,0.0,0.0,0.0,0.0,0.0,0.0,0.0,0.0,0.0,0.0,0.0,0.0,0.0,0.0,0.0,0.0,0.0,0.0,0.0,0.0,0.0,0.0,0.0,0.0,0.0,0.0,0.0,0.0,0.0,0.0,0.0,0.0,0.0,0.0,0.0,0.0,0.0,0.0,0.0,0.0,0.0,0.0,0.0,0.0,0.0,0.0,0.0,0.0,0.0,0.0,0.0,0.0,0.0,0.0,0.0,0.0,0.0,0.0,0.0,0.0,0.0,0.0,0.0,0.0,0.0,0.0,0.0
513,0.0,0.0,0.0,0.0,0.0,0.0,0.0,0.0,0.0,0.0,0.0,0.0,0.0,0.0,0.0,0.0,0.0,0.0,0.0,0.0,0.0,0.0,0.0,0.0,0.0,0.0,0.0,0.0,0.0,0.0,0.0,0.0,0.0,0.0,0.0,0.0,0.0,0.0,0.0,0.0,0.0,0.0,0.0,0.0,0.0,0.0,0.0,0.0,0.0,0.0,0.0,0.0,0.0,0.0,0.0,0.0,0.0,0.0,0.0,0.0,0.0,0.0,0.0,0.0,0.0,0.0,0.0,0.0,0.0,0.0,0.0,0.0,0.0,0.0,0.0,0.0,0.0
514,0.0,0.0,0.0,0.0,0.0,0.0,0.0,0.0,0.0,0.0,0.0,0.0,0.0,0.0,0.0,0.0,0.0,0.0,0.0,0.0,0.0,0.0,0.0,0.0,0.0,0.0,0.0,0.0,0.0,0.0,0.0,0.0,0.0,0.0,0.0,0.0,0.0,0.0,0.0,0.0,0.0,0.0,0.0,0.0,0.0,0.0,0.0,0.0,0.0,0.0,0.0,0.0,0.0,0.0,0.0,0.0,0.0,0.0,0.0,0.0,0.0,0.0,0.0,0.0,0.0,0.0,0.0,0.0,0.0,0.0,0.0,0.0,0.0,0.0,0.0,0.0,0.0
515,0.0,0.0,0.0,0.0,0.0,0.0,0.0,0.0,0.0,0.0,0.0,0.0,0.0,0.0,0.0,0.0,0.0,0.0,0.0,0.0,0.0,0.0,0.0,0.0,0.0,0.0,0.0,0.0,0.0,0.0,0.0,0.0,0.0,0.0,0.0,0.0,0.0,0.0,0.0,0.0,0.0,0.0,0.0,0.0,0.0,0.0,0.0,0.0,0.0,0.0,0.0,0.0,0.0,0.0,0.0,0.0,0.0,0.0,0.0,0.0,0.0,0.0,0.0,0.0,0.0,0.0,0.0,0.0,0.0,0.0,0.0,0.0,0.0,0.0,0.0,0.0,0.0
516,0.0,0.0,0.0,0.0,0.0,0.0,0.0,0.0,0.0,0.0,0.0,0.0,0.0,0.0,0.0,0.0,0.0,0.0,0.0,0.0,0.0,0.0,0.0,0.0,0.0,0.0,0.0,0.0,0.0,0.0,0.0,0.0,0.0,0.0,0.0,0.0,0.0,0.0,0.0,0.0,0.0,0.0,0.0,0.0,0.0,0.0,0.0,0.0,0.0,0.0,0.0,0.0,0.0,0.0,0.0,0.0,0.0,0.0,0.0,0.0,0.0,0.0,0.0,0.0,0.0,0.0,0.0,0.0,0.0,0.0,0.0,0.0,0.0,0.0,0.0,0.0,0.0
517,0.0,0.0,0.0,0.0,0.0,0.0,0.0,0.0,0.0,0.0,0.0,0.0,0.0,0.0,0.0,0.0,0.0,0.0,0.0,0.0,0.0,0.0,0.0,0.0,0.0,0.0,0.0,0.0,0.0,0.0,0.0,0.0,0.0,0.0,0.0,0.0,0.0,0.0,0.0,0.0,0.0,0.0,0.0,0.0,0.0,0.0,0.0,0.0,0.0,0.0,0.0,0.0,0.0,0.0,0.0,0.0,0.0,0.0,0.0,0.0,0.0,0.0,0.0,0.0,0.0,0.0,0.0,0.0,0.0,0.0,0.0,0.0,0.0,0.0,0.0,0.0,0.0
518,0.0,0.0,0.0,0.0,0.0,0.0,0.0,0.0,0.0,0.0,0.0,0.0,0.0,0.0,0.0,0.0,0.0,0.0,0.0,0.0,0.0,0.0,0.0,0.0,0.0,0.0,0.0,0.0,0.0,0.0,0.0,0.0,0.0,0.0,0.0,0.0,0.0,0.0,0.0,0.0,0.0,0.0,0.0,0.0,0.0,0.0,0.0,0.0,0.0,0.0,0.0,0.0,0.0,0.0,0.0,0.0,0.0,0.0,0.0,0.0,0.0,0.0,0.0,0.0,0.0,0.0,0.0,0.0,0.0,0.0,0.0,0.0,0.0,0.0,0.0,0.0,0.0
519,0.0,0.0,0.0,0.0,0.0,0.0,0.0,0.0,0.0,0.0,0.0,0.0,0.0,0.0,0.0,0.0,0.0,0.0,0.0,0.0,0.0,0.0,0.0,0.0,0.0,0.0,0.0,0.0,0.0,0.0,0.0,0.0,0.0,0.0,0.0,0.0,0.0,0.0,0.0,0.0,0.0,0.0,0.0,0.0,0.0,0.0,0.0,0.0,0.0,0.0,0.0,0.0,0.0,0.0,0.0,0.0,0.0,0.0,0.0,0.0,0.0,0.0,0.0,0.0,0.0,0.0,0.0,0.0,0.0,0.0,0.0,0.0,0.0,0.0,0.0,0.0,0.0
520,0.0,0.0,0.0,0.0,0.0,0.0,0.0,0.0,0.0,0.0,0.0,0.0,0.0,0.0,0.0,0.0,0.0,0.0,0.0,0.0,0.0,0.0,0.0,0.0,0.0,0.0,0.0,0.0,0.0,0.0,0.0,0.0,0.0,0.0,0.0,0.0,0.0,0.0,0.0,0.0,0.0,0.0,0.0,0.0,0.0,0.0,0.0,0.0,0.0,0.0,0.0,0.0,0.0,0.0,0.0,0.0,0.0,0.0,0.0,0.0,0.0,0.0,0.0,0.0,0.0,0.0,0.0,0.0,0.0,0.0,0.0,0.0,0.0,0.0,0.0,0.0,0.0
521,0.0,0.0,0.0,0.0,0.0,0.0,0.0,0.0,0.0,0.0,0.0,0.0,0.0,0.0,0.0,0.0,0.0,0.0,0.0,0.0,0.0,0.0,0.0,0.0,0.0,0.0,0.0,0.0,0.0,0.0,0.0,0.0,0.0,0.0,0.0,0.0,0.0,0.0,0.0,0.0,0.0,0.0,0.0,0.0,0.0,0.0,0.0,0.0,0.0,0.0,0.0,0.0,0.0,0.0,0.0,0.0,0.0,0.0,0.0,0.0,0.0,0.0,0.0,0.0,0.0,0.0,0.0,0.0,0.0,0.0,0.0,0.0,0.0,0.0,0.0,0.0,0.0
522,0.0,0.0,0.0,0.0,0.0,0.0,0.0,0.0,0.0,0.0,0.0,0.0,0.0,0.0,0.0,0.0,0.0,0.0,0.0,0.0,0.0,0.0,0.0,0.0,0.0,0.0,0.0,0.0,0.0,0.0,0.0,0.0,0.0,0.0,0.0,0.0,0.0,0.0,0.0,0.0,0.0,0.0,0.0,0.0,0.0,0.0,0.0,0.0,0.0,0.0,0.0,0.0,0.0,0.0,0.0,0.0,0.0,0.0,0.0,0.0,0.0,0.0,0.0,0.0,0.0,0.0,0.0,0.0,0.0,0.0,0.0,0.0,0.0,0.0,0.0,0.0,0.0
523,0.0,0.0,0.0,0.0,0.0,0.0,0.0,0.0,0.0,0.0,0.0,0.0,0.0,0.0,0.0,0.0,0.0,0.0,0.0,0.0,0.0,0.0,0.0,0.0,0.0,0.0,0.0,0.0,0.0,0.0,0.0,0.0,0.0,0.0,0.0,0.0,0.0,0.0,0.0,0.0,0.0,0.0,0.0,0.0,0.0,0.0,0.0,0.0,0.0,0.0,0.0,0.0,0.0,0.0,0.0,0.0,0.0,0.0,0.0,0.0,0.0,0.0,0.0,0.0,0.0,0.0,0.0,0.0,0.0,0.0,0.0,0.0,0.0,0.0,0.0,0.0,0.0
524,0.0,0.0,0.0,0.0,0.0,0.0,0.0,0.0,0.0,0.0,0.0,0.0,0.0,0.0,0.0,0.0,0.0,0.0,0.0,0.0,0.0,0.0,0.0,0.0,0.0,0.0,0.0,0.0,0.0,0.0,0.0,0.0,0.0,0.0,0.0,0.0,0.0,0.0,0.0,0.0,0.0,0.0,0.0,0.0,0.0,0.0,0.0,0.0,0.0,0.0,0.0,0.0,0.0,0.0,0.0,0.0,0.0,0.0,0.0,0.0,0.0,0.0,0.0,0.0,0.0,0.0,0.0,0.0,0.0,0.0,0.0,0.0,0.0,0.0,0.0,0.0,0.0
525,0.0,0.0,0.0,0.0,0.0,0.0,0.0,0.0,0.0,0.0,0.0,0.0,0.0,0.0,0.0,0.0,0.0,0.0,0.0,0.0,0.0,0.0,0.0,0.0,0.0,0.0,0.0,0.0,0.0,0.0,0.0,0.0,0.0,0.0,0.0,0.0,0.0,0.0,0.0,0.0,0.0,0.0,0.0,0.0,0.0,0.0,0.0,0.0,0.0,0.0,0.0,0.0,0.0,0.0,0.0,0.0,0.0,0.0,0.0,0.0,0.0,0.0,0.0,0.0,0.0,0.0,0.0,0.0,0.0,0.0,0.0,0.0,0.0,0.0,0.0,0.0,0.0
526,0.0,0.0,0.0,0.0,0.0,0.0,0.0,0.0,0.0,0.0,0.0,0.0,0.0,0.0,0.0,0.0,0.0,0.0,0.0,0.0,0.0,0.0,0.0,0.0,0.0,0.0,0.0,0.0,0.0,0.0,0.0,0.0,0.0,0.0,0.0,0.0,0.0,0.0,0.0,0.0,0.0,0.0,0.0,0.0,0.0,0.0,0.0,0.0,0.0,0.0,0.0,0.0,0.0,0.0,0.0,0.0,0.0,0.0,0.0,0.0,0.0,0.0,0.0,0.0,0.0,0.0,0.0,0.0,0.0,0.0,0.0,0.0,0.0,0.0,0.0,0.0,0.0
527,0.0,0.0,0.0,0.0,0.0,0.0,0.0,0.0,0.0,0.0,0.0,0.0,0.0,0.0,0.0,0.0,0.0,0.0,0.0,0.0,0.0,0.0,0.0,0.0,0.0,0.0,0.0,0.0,0.0,0.0,0.0,0.0,0.0,0.0,0.0,0.0,0.0,0.0,0.0,0.0,0.0,0.0,0.0,0.0,0.0,0.0,0.0,0.0,0.0,0.0,0.0,0.0,0.0,0.0,0.0,0.0,0.0,0.0,0.0,0.0,0.0,0.0,0.0,0.0,0.0,0.0,0.0,0.0,0.0,0.0,0.0,0.0,0.0,0.0,0.0,0.0,0.0
528,0.0,0.0,0.0,0.0,0.0,0.0,0.0,0.0,0.0,0.0,0.0,0.0,0.0,0.0,0.0,0.0,0.0,0.0,0.0,0.0,0.0,0.0,0.0,0.0,0.0,0.0,0.0,0.0,0.0,0.0,0.0,0.0,0.0,0.0,0.0,0.0,0.0,0.0,0.0,0.0,0.0,0.0,0.0,0.0,0.0,0.0,0.0,0.0,0.0,0.0,0.0,0.0,0.0,0.0,0.0,0.0,0.0,0.0,0.0,0.0,0.0,0.0,0.0,0.0,0.0,0.0,0.0,0.0,0.0,0.0,0.0,0.0,0.0,0.0,0.0,0.0,0.0
529,0.0,0.0,0.0,0.0,0.0,0.0,0.0,0.0,0.0,0.0,0.0,0.0,0.0,0.0,0.0,0.0,0.0,0.0,0.0,0.0,0.0,0.0,0.0,0.0,0.0,0.0,0.0,0.0,0.0,0.0,0.0,0.0,0.0,0.0,0.0,0.0,0.0,0.0,0.0,0.0,0.0,0.0,0.0,0.0,0.0,0.0,0.0,0.0,0.0,0.0,0.0,0.0,0.0,0.0,0.0,0.0,0.0,0.0,0.0,0.0,0.0,0.0,0.0,0.0,0.0,0.0,0.0,0.0,0.0,0.0,0.0,0.0,0.0,0.0,0.0,0.0,0.0
530,0.0,0.0,0.0,0.0,0.0,0.0,0.0,0.0,0.0,0.0,0.0,0.0,0.0,0.0,0.0,0.0,0.0,0.0,0.0,0.0,0.0,0.0,0.0,0.0,0.0,0.0,0.0,0.0,0.0,0.0,0.0,0.0,0.0,0.0,0.0,0.0,0.0,0.0,0.0,0.0,0.0,0.0,0.0,0.0,0.0,0.0,0.0,0.0,0.0,0.0,0.0,0.0,0.0,0.0,0.0,0.0,0.0,0.0,0.0,0.0,0.0,0.0,0.0,0.0,0.0,0.0,0.0,0.0,0.0,0.0,0.0,0.0,0.0,0.0,0.0,0.0,0.0
531,0.0,0.0,0.0,0.0,0.0,0.0,0.0,0.0,0.0,0.0,0.0,0.0,0.0,0.0,0.0,0.0,0.0,0.0,0.0,0.0,0.0,0.0,0.0,0.0,0.0,0.0,0.0,0.0,0.0,0.0,0.0,0.0,0.0,0.0,0.0,0.0,0.0,0.0,0.0,0.0,0.0,0.0,0.0,0.0,0.0,0.0,0.0,0.0,0.0,0.0,0.0,0.0,0.0,0.0,0.0,0.0,0.0,0.0,0.0,0.0,0.0,0.0,0.0,0.0,0.0,0.0,0.0,0.0,0.0,0.0,0.0,0.0,0.0,0.0,0.0,0.0,0.0
532,0.0,0.0,0.0,0.0,0.0,0.0,0.0,0.0,0.0,0.0,0.0,0.0,0.0,0.0,0.0,0.0,0.0,0.0,0.0,0.0,0.0,0.0,0.0,0.0,0.0,0.0,0.0,0.0,0.0,0.0,0.0,0.0,0.0,0.0,0.0,0.0,0.0,0.0,0.0,0.0,0.0,0.0,0.0,0.0,0.0,0.0,0.0,0.0,0.0,0.0,0.0,0.0,0.0,0.0,0.0,0.0,0.0,0.0,0.0,0.0,0.0,0.0,0.0,0.0,0.0,0.0,0.0,0.0,0.0,0.0,0.0,0.0,0.0,0.0,0.0,0.0,0.0
533,0.0,0.0,0.0,0.0,0.0,0.0,0.0,0.0,0.0,0.0,0.0,0.0,0.0,0.0,0.0,0.0,0.0,0.0,0.0,0.0,0.0,0.0,0.0,0.0,0.0,0.0,0.0,0.0,0.0,0.0,0.0,0.0,0.0,0.0,0.0,0.0,0.0,0.0,0.0,0.0,0.0,0.0,0.0,0.0,0.0,0.0,0.0,0.0,0.0,0.0,0.0,0.0,0.0,0.0,0.0,0.0,0.0,0.0,0.0,0.0,0.0,0.0,0.0,0.0,0.0,0.0,0.0,0.0,0.0,0.0,0.0,0.0,0.0,0.0,0.0,0.0,0.0
534,0.0,0.0,0.0,0.0,0.0,0.0,0.0,0.0,0.0,0.0,0.0,0.0,0.0,0.0,0.0,0.0,0.0,0.0,0.0,0.0,0.0,0.0,0.0,0.0,0.0,0.0,0.0,0.0,0.0,0.0,0.0,0.0,0.0,0.0,0.0,0.0,0.0,0.0,0.0,0.0,0.0,0.0,0.0,0.0,0.0,0.0,0.0,0.0,0.0,0.0,0.0,0.0,0.0,0.0,0.0,0.0,0.0,0.0,0.0,0.0,0.0,0.0,0.0,0.0,0.0,0.0,0.0,0.0,0.0,0.0,0.0,0.0,0.0,0.0,0.0,0.0,0.0
535,0.0,0.0,0.0,0.0,0.0,0.0,0.0,0.0,0.0,0.0,0.0,0.0,0.0,0.0,0.0,0.0,0.0,0.0,0.0,0.0,0.0,0.0,0.0,0.0,0.0,0.0,0.0,0.0,0.0,0.0,0.0,0.0,0.0,0.0,0.0,0.0,0.0,0.0,0.0,0.0,0.0,0.0,0.0,0.0,0.0,0.0,0.0,0.0,0.0,0.0,0.0,0.0,0.0,0.0,0.0,0.0,0.0,0.0,0.0,0.0,0.0,0.0,0.0,0.0,0.0,0.0,0.0,0.0,0.0,0.0,0.0,0.0,0.0,0.0,0.0,0.0,0.0
536,0.0,0.0,0.0,0.0,0.0,0.0,0.0,0.0,0.0,0.0,0.0,0.0,0.0,0.0,0.0,0.0,0.0,0.0,0.0,0.0,0.0,0.0,0.0,0.0,0.0,0.0,0.0,0.0,0.0,0.0,0.0,0.0,0.0,0.0,0.0,0.0,0.0,0.0,0.0,0.0,0.0,0.0,0.0,0.0,0.0,0.0,0.0,0.0,0.0,0.0,0.0,0.0,0.0,0.0,0.0,0.0,0.0,0.0,0.0,0.0,0.0,0.0,0.0,0.0,0.0,0.0,0.0,0.0,0.0,0.0,0.0,0.0,0.0,0.0,0.0,0.0,0.0
537,0.0,0.0,0.0,0.0,0.0,0.0,0.0,0.0,0.0,0.0,0.0,0.0,0.0,0.0,0.0,0.0,0.0,0.0,0.0,0.0,0.0,0.0,0.0,0.0,0.0,0.0,0.0,0.0,0.0,0.0,0.0,0.0,0.0,0.0,0.0,0.0,0.0,0.0,0.0,0.0,0.0,0.0,0.0,0.0,0.0,0.0,0.0,0.0,0.0,0.0,0.0,0.0,0.0,0.0,0.0,0.0,0.0,0.0,0.0,0.0,0.0,0.0,0.0,0.0,0.0,0.0,0.0,0.0,0.0,0.0,0.0,0.0,0.0,0.0,0.0,0.0,0.0
538,0.0,0.0,0.0,0.0,0.0,0.0,0.0,0.0,0.0,0.0,0.0,0.0,0.0,0.0,0.0,0.0,0.0,0.0,0.0,0.0,0.0,0.0,0.0,0.0,0.0,0.0,0.0,0.0,0.0,0.0,0.0,0.0,0.0,0.0,0.0,0.0,0.0,0.0,0.0,0.0,0.0,0.0,0.0,0.0,0.0,0.0,0.0,0.0,0.0,0.0,0.0,0.0,0.0,0.0,0.0,0.0,0.0,0.0,0.0,0.0,0.0,0.0,0.0,0.0,0.0,0.0,0.0,0.0,0.0,0.0,0.0,0.0,0.0,0.0,0.0,0.0,0.0
539,0.0,0.0,0.0,0.0,0.0,0.0,0.0,0.0,0.0,0.0,0.0,0.0,0.0,0.0,0.0,0.0,0.0,0.0,0.0,0.0,0.0,0.0,0.0,0.0,0.0,0.0,0.0,0.0,0.0,0.0,0.0,0.0,0.0,0.0,0.0,0.0,0.0,0.0,0.0,0.0,0.0,0.0,0.0,0.0,0.0,0.0,0.0,0.0,0.0,0.0,0.0,0.0,0.0,0.0,0.0,0.0,0.0,0.0,0.0,0.0,0.0,0.0,0.0,0.0,0.0,0.0,0.0,0.0,0.0,0.0,0.0,0.0,0.0,0.0,0.0,0.0,0.0
540,0.0,0.0,0.0,0.0,0.0,0.0,0.0,0.0,0.0,0.0,0.0,0.0,0.0,0.0,0.0,0.0,0.0,0.0,0.0,0.0,0.0,0.0,0.0,0.0,0.0,0.0,0.0,0.0,0.0,0.0,0.0,0.0,0.0,0.0,0.0,0.0,0.0,0.0,0.0,0.0,0.0,0.0,0.0,0.0,0.0,0.0,0.0,0.0,0.0,0.0,0.0,0.0,0.0,0.0,0.0,0.0,0.0,0.0,0.0,0.0,0.0,0.0,0.0,0.0,0.0,0.0,0.0,0.0,0.0,0.0,0.0,0.0,0.0,0.0,0.0,0.0,0.0
541,0.0,0.0,0.0,0.0,0.0,0.0,0.0,0.0,0.0,0.0,0.0,0.0,0.0,0.0,0.0,0.0,0.0,0.0,0.0,0.0,0.0,0.0,0.0,0.0,0.0,0.0,0.0,0.0,0.0,0.0,0.0,0.0,0.0,0.0,0.0,0.0,0.0,0.0,0.0,0.0,0.0,0.0,0.0,0.0,0.0,0.0,0.0,0.0,0.0,0.0,0.0,0.0,0.0,0.0,0.0,0.0,0.0,0.0,0.0,0.0,0.0,0.0,0.0,0.0,0.0,0.0,0.0,0.0,0.0,0.0,0.0,0.0,0.0,0.0,0.0,0.0,0.0
542,0.0,0.0,0.0,0.0,0.0,0.0,0.0,0.0,0.0,0.0,0.0,0.0,0.0,0.0,0.0,0.0,0.0,0.0,0.0,0.0,0.0,0.0,0.0,0.0,0.0,0.0,0.0,0.0,0.0,0.0,0.0,0.0,0.0,0.0,0.0,0.0,0.0,0.0,0.0,0.0,0.0,0.0,0.0,0.0,0.0,0.0,0.0,0.0,0.0,0.0,0.0,0.0,0.0,0.0,0.0,0.0,0.0,0.0,0.0,0.0,0.0,0.0,0.0,0.0,0.0,0.0,0.0,0.0,0.0,0.0,0.0,0.0,0.0,0.0,0.0,0.0,0.0
543,0.0,0.0,0.0,0.0,0.0,0.0,0.0,0.0,0.0,0.0,0.0,0.0,0.0,0.0,0.0,0.0,0.0,0.0,0.0,0.0,0.0,0.0,0.0,0.0,0.0,0.0,0.0,0.0,0.0,0.0,0.0,0.0,0.0,0.0,0.0,0.0,0.0,0.0,0.0,0.0,0.0,0.0,0.0,0.0,0.0,0.0,0.0,0.0,0.0,0.0,0.0,0.0,0.0,0.0,0.0,0.0,0.0,0.0,0.0,0.0,0.0,0.0,0.0,0.0,0.0,0.0,0.0,0.0,0.0,0.0,0.0,0.0,0.0,0.0,0.0,0.0,0.0
544,0.0,0.0,0.0,0.0,0.0,0.0,0.0,0.0,0.0,0.0,0.0,0.0,0.0,0.0,0.0,0.0,0.0,0.0,0.0,0.0,0.0,0.0,0.0,0.0,0.0,0.0,0.0,0.0,0.0,0.0,0.0,0.0,0.0,0.0,0.0,0.0,0.0,0.0,0.0,0.0,0.0,0.0,0.0,0.0,0.0,0.0,0.0,0.0,0.0,0.0,0.0,0.0,0.0,0.0,0.0,0.0,0.0,0.0,0.0,0.0,0.0,0.0,0.0,0.0,0.0,0.0,0.0,0.0,0.0,0.0,0.0,0.0,0.0,0.0,0.0,0.0,0.0
545,0.0,0.0,0.0,0.0,0.0,0.0,0.0,0.0,0.0,0.0,0.0,0.0,0.0,0.0,0.0,0.0,0.0,0.0,0.0,0.0,0.0,0.0,0.0,0.0,0.0,0.0,0.0,0.0,0.0,0.0,0.0,0.0,0.0,0.0,0.0,0.0,0.0,0.0,0.0,0.0,0.0,0.0,0.0,0.0,0.0,0.0,0.0,0.0,0.0,0.0,0.0,0.0,0.0,0.0,0.0,0.0,0.0,0.0,0.0,0.0,0.0,0.0,0.0,0.0,0.0,0.0,0.0,0.0,0.0,0.0,0.0,0.0,0.0,0.0,0.0,0.0,0.0
546,0.0,0.0,0.0,0.0,0.0,0.0,0.0,0.0,0.0,0.0,0.0,0.0,0.0,0.0,0.0,0.0,0.0,0.0,0.0,0.0,0.0,0.0,0.0,0.0,0.0,0.0,0.0,0.0,0.0,0.0,0.0,0.0,0.0,0.0,0.0,0.0,0.0,0.0,0.0,0.0,0.0,0.0,0.0,0.0,0.0,0.0,0.0,0.0,0.0,0.0,0.0,0.0,0.0,0.0,0.0,0.0,0.0,0.0,0.0,0.0,0.0,0.0,0.0,0.0,0.0,0.0,0.0,0.0,0.0,0.0,0.0,0.0,0.0,0.0,0.0,0.0,0.0
547,0.0,0.0,0.0,0.0,0.0,0.0,0.0,0.0,0.0,0.0,0.0,0.0,0.0,0.0,0.0,0.0,0.0,0.0,0.0,0.0,0.0,0.0,0.0,0.0,0.0,0.0,0.0,0.0,0.0,0.0,0.0,0.0,0.0,0.0,0.0,0.0,0.0,0.0,0.0,0.0,0.0,0.0,0.0,0.0,0.0,0.0,0.0,0.0,0.0,0.0,0.0,0.0,0.0,0.0,0.0,0.0,0.0,0.0,0.0,0.0,0.0,0.0,0.0,0.0,0.0,0.0,0.0,0.0,0.0,0.0,0.0,0.0,0.0,0.0,0.0,0.0,0.0
548,0.0,0.0,0.0,0.0,0.0,0.0,0.0,0.0,0.0,0.0,0.0,0.0,0.0,0.0,0.0,0.0,0.0,0.0,0.0,0.0,0.0,0.0,0.0,0.0,0.0,0.0,0.0,0.0,0.0,0.0,0.0,0.0,0.0,0.0,0.0,0.0,0.0,0.0,0.0,0.0,0.0,0.0,0.0,0.0,0.0,0.0,0.0,0.0,0.0,0.0,0.0,0.0,0.0,0.0,0.0,0.0,0.0,0.0,0.0,0.0,0.0,0.0,0.0,0.0,0.0,0.0,0.0,0.0,0.0,0.0,0.0,0.0,0.0,0.0,0.0,0.0,0.0
549,0.0,0.0,0.0,0.0,0.0,0.0,0.0,0.0,0.0,0.0,0.0,0.0,0.0,0.0,0.0,0.0,0.0,0.0,0.0,0.0,0.0,0.0,0.0,0.0,0.0,0.0,0.0,0.0,0.0,0.0,0.0,0.0,0.0,0.0,0.0,0.0,0.0,0.0,0.0,0.0,0.0,0.0,0.0,0.0,0.0,0.0,0.0,0.0,0.0,0.0,0.0,0.0,0.0,0.0,0.0,0.0,0.0,0.0,0.0,0.0,0.0,0.0,0.0,0.0,0.0,0.0,0.0,0.0,0.0,0.0,0.0,0.0,0.0,0.0,0.0,0.0,0.0
550,0.0,0.0,0.0,0.0,0.0,0.0,0.0,0.0,0.0,0.0,0.0,0.0,0.0,0.0,0.0,0.0,0.0,0.0,0.0,0.0,0.0,0.0,0.0,0.0,0.0,0.0,0.0,0.0,0.0,0.0,0.0,0.0,0.0,0.0,0.0,0.0,0.0,0.0,0.0,0.0,0.0,0.0,0.0,0.0,0.0,0.0,0.0,0.0,0.0,0.0,0.0,0.0,0.0,0.0,0.0,0.0,0.0,0.0,0.0,0.0,0.0,0.0,0.0,0.0,0.0,0.0,0.0,0.0,0.0,0.0,0.0,0.0,0.0,0.0,0.0,0.0,0.0
551,0.0,0.0,0.0,0.0,0.0,0.0,0.0,0.0,0.0,0.0,0.0,0.0,0.0,0.0,0.0,0.0,0.0,0.0,0.0,0.0,0.0,0.0,0.0,0.0,0.0,0.0,0.0,0.0,0.0,0.0,0.0,0.0,0.0,0.0,0.0,0.0,0.0,0.0,0.0,0.0,0.0,0.0,0.0,0.0,0.0,0.0,0.0,0.0,0.0,0.0,0.0,0.0,0.0,0.0,0.0,0.0,0.0,0.0,0.0,0.0,0.0,0.0,0.0,0.0,0.0,0.0,0.0,0.0,0.0,0.0,0.0,0.0,0.0,0.0,0.0,0.0,0.0
552,0.0,0.0,0.0,0.0,0.0,0.0,0.0,0.0,0.0,0.0,0.0,0.0,0.0,0.0,0.0,0.0,0.0,0.0,0.0,0.0,0.0,0.0,0.0,0.0,0.0,0.0,0.0,0.0,0.0,0.0,0.0,0.0,0.0,0.0,0.0,0.0,0.0,0.0,0.0,0.0,0.0,0.0,0.0,0.0,0.0,0.0,0.0,0.0,0.0,0.0,0.0,0.0,0.0,0.0,0.0,0.0,0.0,0.0,0.0,0.0,0.0,0.0,0.0,0.0,0.0,0.0,0.0,0.0,0.0,0.0,0.0,0.0,0.0,0.0,0.0,0.0,0.0
553,0.0,0.0,0.0,0.0,0.0,0.0,0.0,0.0,0.0,0.0,0.0,0.0,0.0,0.0,0.0,0.0,0.0,0.0,0.0,0.0,0.0,0.0,0.0,0.0,0.0,0.0,0.0,0.0,0.0,0.0,0.0,0.0,0.0,0.0,0.0,0.0,0.0,0.0,0.0,0.0,0.0,0.0,0.0,0.0,0.0,0.0,0.0,0.0,0.0,0.0,0.0,0.0,0.0,0.0,0.0,0.0,0.0,0.0,0.0,0.0,0.0,0.0,0.0,0.0,0.0,0.0,0.0,0.0,0.0,0.0,0.0,0.0,0.0,0.0,0.0,0.0,0.0
554,0.0,0.0,0.0,0.0,0.0,0.0,0.0,0.0,0.0,0.0,0.0,0.0,0.0,0.0,0.0,0.0,0.0,0.0,0.0,0.0,0.0,0.0,0.0,0.0,0.0,0.0,0.0,0.0,0.0,0.0,0.0,0.0,0.0,0.0,0.0,0.0,0.0,0.0,0.0,0.0,0.0,0.0,0.0,0.0,0.0,0.0,0.0,0.0,0.0,0.0,0.0,0.0,0.0,0.0,0.0,0.0,0.0,0.0,0.0,0.0,0.0,0.0,0.0,0.0,0.0,0.0,0.0,0.0,0.0,0.0,0.0,0.0,0.0,0.0,0.0,0.0,0.0
555,0.0,0.0,0.0,0.0,0.0,0.0,0.0,0.0,0.0,0.0,0.0,0.0,0.0,0.0,0.0,0.0,0.0,0.0,0.0,0.0,0.0,0.0,0.0,0.0,0.0,0.0,0.0,0.0,0.0,0.0,0.0,0.0,0.0,0.0,0.0,0.0,0.0,0.0,0.0,0.0,0.0,0.0,0.0,0.0,0.0,0.0,0.0,0.0,0.0,0.0,0.0,0.0,0.0,0.0,0.0,0.0,0.0,0.0,0.0,0.0,0.0,0.0,0.0,0.0,0.0,0.0,0.0,0.0,0.0,0.0,0.0,0.0,0.0,0.0,0.0,0.0,0.0
556,0.0,0.0,0.0,0.0,0.0,0.0,0.0,0.0,0.0,0.0,0.0,0.0,0.0,0.0,0.0,0.0,0.0,0.0,0.0,0.0,0.0,0.0,0.0,0.0,0.0,0.0,0.0,0.0,0.0,0.0,0.0,0.0,0.0,0.0,0.0,0.0,0.0,0.0,0.0,0.0,0.0,0.0,0.0,0.0,0.0,0.0,0.0,0.0,0.0,0.0,0.0,0.0,0.0,0.0,0.0,0.0,0.0,0.0,0.0,0.0,0.0,0.0,0.0,0.0,0.0,0.0,0.0,0.0,0.0,0.0,0.0,0.0,0.0,0.0,0.0,0.0,0.0
557,0.0,0.0,0.0,0.0,0.0,0.0,0.0,0.0,0.0,0.0,0.0,0.0,0.0,0.0,0.0,0.0,0.0,0.0,0.0,0.0,0.0,0.0,0.0,0.0,0.0,0.0,0.0,0.0,0.0,0.0,0.0,0.0,0.0,0.0,0.0,0.0,0.0,0.0,0.0,0.0,0.0,0.0,0.0,0.0,0.0,0.0,0.0,0.0,0.0,0.0,0.0,0.0,0.0,0.0,0.0,0.0,0.0,0.0,0.0,0.0,0.0,0.0,0.0,0.0,0.0,0.0,0.0,0.0,0.0,0.0,0.0,0.0,0.0,0.0,0.0,0.0,0.0
558,0.0,0.0,0.0,0.0,0.0,0.0,0.0,0.0,0.0,0.0,0.0,0.0,0.0,0.0,0.0,0.0,0.0,0.0,0.0,0.0,0.0,0.0,0.0,0.0,0.0,0.0,0.0,0.0,0.0,0.0,0.0,0.0,0.0,0.0,0.0,0.0,0.0,0.0,0.0,0.0,0.0,0.0,0.0,0.0,0.0,0.0,0.0,0.0,0.0,0.0,0.0,0.0,0.0,0.0,0.0,0.0,0.0,0.0,0.0,0.0,0.0,0.0,0.0,0.0,0.0,0.0,0.0,0.0,0.0,0.0,0.0,0.0,0.0,0.0,0.0,0.0,0.0
559,0.0,0.0,0.0,0.0,0.0,0.0,0.0,0.0,0.0,0.0,0.0,0.0,0.0,0.0,0.0,0.0,0.0,0.0,0.0,0.0,0.0,0.0,0.0,0.0,0.0,0.0,0.0,0.0,0.0,0.0,0.0,0.0,0.0,0.0,0.0,0.0,0.0,0.0,0.0,0.0,0.0,0.0,0.0,0.0,0.0,0.0,0.0,0.0,0.0,0.0,0.0,0.0,0.0,0.0,0.0,0.0,0.0,0.0,0.0,0.0,0.0,0.0,0.0,0.0,0.0,0.0,0.0,0.0,0.0,0.0,0.0,0.0,0.0,0.0,0.0,0.0,0.0
560,0.0,0.0,0.0,0.0,0.0,0.0,0.0,0.0,0.0,0.0,0.0,0.0,0.0,0.0,0.0,0.0,0.0,0.0,0.0,0.0,0.0,0.0,0.0,0.0,0.0,0.0,0.0,0.0,0.0,0.0,0.0,0.0,0.0,0.0,0.0,0.0,0.0,0.0,0.0,0.0,0.0,0.0,0.0,0.0,0.0,0.0,0.0,0.0,0.0,0.0,0.0,0.0,0.0,0.0,0.0,0.0,0.0,0.0,0.0,0.0,0.0,0.0,0.0,0.0,0.0,0.0,0.0,0.0,0.0,0.0,0.0,0.0,0.0,0.0,0.0,0.0,0.0
561,0.0,0.0,0.0,0.0,0.0,0.0,0.0,0.0,0.0,0.0,0.0,0.0,0.0,0.0,0.0,0.0,0.0,0.0,0.0,0.0,0.0,0.0,0.0,0.0,0.0,0.0,0.0,0.0,0.0,0.0,0.0,0.0,0.0,0.0,0.0,0.0,0.0,0.0,0.0,0.0,0.0,0.0,0.0,0.0,0.0,0.0,0.0,0.0,0.0,0.0,0.0,0.0,0.0,0.0,0.0,0.0,0.0,0.0,0.0,0.0,0.0,0.0,0.0,0.0,0.0,0.0,0.0,0.0,0.0,0.0,0.0,0.0,0.0,0.0,0.0,0.0,0.0
562,0.0,0.0,0.0,0.0,0.0,0.0,0.0,0.0,0.0,0.0,0.0,0.0,0.0,0.0,0.0,0.0,0.0,0.0,0.0,0.0,0.0,0.0,0.0,0.0,0.0,0.0,0.0,0.0,0.0,0.0,0.0,0.0,0.0,0.0,0.0,0.0,0.0,0.0,0.0,0.0,0.0,0.0,0.0,0.0,0.0,0.0,0.0,0.0,0.0,0.0,0.0,0.0,0.0,0.0,0.0,0.0,0.0,0.0,0.0,0.0,0.0,0.0,0.0,0.0,0.0,0.0,0.0,0.0,0.0,0.0,0.0,0.0,0.0,0.0,0.0,0.0,0.0
563,0.0,0.0,0.0,0.0,0.0,0.0,0.0,0.0,0.0,0.0,0.0,0.0,0.0,0.0,0.0,0.0,0.0,0.0,0.0,0.0,0.0,0.0,0.0,0.0,0.0,0.0,0.0,0.0,0.0,0.0,0.0,0.0,0.0,0.0,0.0,0.0,0.0,0.0,0.0,0.0,0.0,0.0,0.0,0.0,0.0,0.0,0.0,0.0,0.0,0.0,0.0,0.0,0.0,0.0,0.0,0.0,0.0,0.0,0.0,0.0,0.0,0.0,0.0,0.0,0.0,0.0,0.0,0.0,0.0,0.0,0.0,0.0,0.0,0.0,0.0,0.0,0.0
564,0.0,0.0,0.0,0.0,0.0,0.0,0.0,0.0,0.0,0.0,0.0,0.0,0.0,0.0,0.0,0.0,0.0,0.0,0.0,0.0,0.0,0.0,0.0,0.0,0.0,0.0,0.0,0.0,0.0,0.0,0.0,0.0,0.0,0.0,0.0,0.0,0.0,0.0,0.0,0.0,0.0,0.0,0.0,0.0,0.0,0.0,0.0,0.0,0.0,0.0,0.0,0.0,0.0,0.0,0.0,0.0,0.0,0.0,0.0,0.0,0.0,0.0,0.0,0.0,0.0,0.0,0.0,0.0,0.0,0.0,0.0,0.0,0.0,0.0,0.0,0.0,0.0
565,0.0,0.0,0.0,0.0,0.0,0.0,0.0,0.0,0.0,0.0,0.0,0.0,0.0,0.0,0.0,0.0,0.0,0.0,0.0,0.0,0.0,0.0,0.0,0.0,0.0,0.0,0.0,0.0,0.0,0.0,0.0,0.0,0.0,0.0,0.0,0.0,0.0,0.0,0.0,0.0,0.0,0.0,0.0,0.0,0.0,0.0,0.0,0.0,0.0,0.0,0.0,0.0,0.0,0.0,0.0,0.0,0.0,0.0,0.0,0.0,0.0,0.0,0.0,0.0,0.0,0.0,0.0,0.0,0.0,0.0,0.0,0.0,0.0,0.0,0.0,0.0,0.0
566,0.0,0.0,0.0,0.0,0.0,0.0,0.0,0.0,0.0,0.0,0.0,0.0,0.0,0.0,0.0,0.0,0.0,0.0,0.0,0.0,0.0,0.0,0.0,0.0,0.0,0.0,0.0,0.0,0.0,0.0,0.0,0.0,0.0,0.0,0.0,0.0,0.0,0.0,0.0,0.0,0.0,0.0,0.0,0.0,0.0,0.0,0.0,0.0,0.0,0.0,0.0,0.0,0.0,0.0,0.0,0.0,0.0,0.0,0.0,0.0,0.0,0.0,0.0,0.0,0.0,0.0,0.0,0.0,0.0,0.0,0.0,0.0,0.0,0.0,0.0,0.0,0.0
567,0.0,0.0,0.0,0.0,0.0,0.0,0.0,0.0,0.0,0.0,0.0,0.0,0.0,0.0,0.0,0.0,0.0,0.0,0.0,0.0,0.0,0.0,0.0,0.0,0.0,0.0,0.0,0.0,0.0,0.0,0.0,0.0,0.0,0.0,0.0,0.0,0.0,0.0,0.0,0.0,0.0,0.0,0.0,0.0,0.0,0.0,0.0,0.0,0.0,0.0,0.0,0.0,0.0,0.0,0.0,0.0,0.0,0.0,0.0,0.0,0.0,0.0,0.0,0.0,0.0,0.0,0.0,0.0,0.0,0.0,0.0,0.0,0.0,0.0,0.0,0.0,0.0
568,0.0,0.0,0.0,0.0,0.0,0.0,0.0,0.0,0.0,0.0,0.0,0.0,0.0,0.0,0.0,0.0,0.0,0.0,0.0,0.0,0.0,0.0,0.0,0.0,0.0,0.0,0.0,0.0,0.0,0.0,0.0,0.0,0.0,0.0,0.0,0.0,0.0,0.0,0.0,0.0,0.0,0.0,0.0,0.0,0.0,0.0,0.0,0.0,0.0,0.0,0.0,0.0,0.0,0.0,0.0,0.0,0.0,0.0,0.0,0.0,0.0,0.0,0.0,0.0,0.0,0.0,0.0,0.0,0.0,0.0,0.0,0.0,0.0,0.0,0.0,0.0,0.0
569,0.0,0.0,0.0,0.0,0.0,0.0,0.0,0.0,0.0,0.0,0.0,0.0,0.0,0.0,0.0,0.0,0.0,0.0,0.0,0.0,0.0,0.0,0.0,0.0,0.0,0.0,0.0,0.0,0.0,0.0,0.0,0.0,0.0,0.0,0.0,0.0,0.0,0.0,0.0,0.0,0.0,0.0,0.0,0.0,0.0,0.0,0.0,0.0,0.0,0.0,0.0,0.0,0.0,0.0,0.0,0.0,0.0,0.0,0.0,0.0,0.0,0.0,0.0,0.0,0.0,0.0,0.0,0.0,0.0,0.0,0.0,0.0,0.0,0.0,0.0,0.0,0.0
570,0.0,0.0,0.0,0.0,0.0,0.0,0.0,0.0,0.0,0.0,0.0,0.0,0.0,0.0,0.0,0.0,0.0,0.0,0.0,0.0,0.0,0.0,0.0,0.0,0.0,0.0,0.0,0.0,0.0,0.0,0.0,0.0,0.0,0.0,0.0,0.0,0.0,0.0,0.0,0.0,0.0,0.0,0.0,0.0,0.0,0.0,0.0,0.0,0.0,0.0,0.0,0.0,0.0,0.0,0.0,0.0,0.0,0.0,0.0,0.0,0.0,0.0,0.0,0.0,0.0,0.0,0.0,0.0,0.0,0.0,0.0,0.0,0.0,0.0,0.0,0.0,0.0
571,0.0,0.0,0.0,0.0,0.0,0.0,0.0,0.0,0.0,0.0,0.0,0.0,0.0,0.0,0.0,0.0,0.0,0.0,0.0,0.0,0.0,0.0,0.0,0.0,0.0,0.0,0.0,0.0,0.0,0.0,0.0,0.0,0.0,0.0,0.0,0.0,0.0,0.0,0.0,0.0,0.0,0.0,0.0,0.0,0.0,0.0,0.0,0.0,0.0,0.0,0.0,0.0,0.0,0.0,0.0,0.0,0.0,0.0,0.0,0.0,0.0,0.0,0.0,0.0,0.0,0.0,0.0,0.0,0.0,0.0,0.0,0.0,0.0,0.0,0.0,0.0,0.0
572,0.0,0.0,0.0,0.0,0.0,0.0,0.0,0.0,0.0,0.0,0.0,0.0,0.0,0.0,0.0,0.0,0.0,0.0,0.0,0.0,0.0,0.0,0.0,0.0,0.0,0.0,0.0,0.0,0.0,0.0,0.0,0.0,0.0,0.0,0.0,0.0,0.0,0.0,0.0,0.0,0.0,0.0,0.0,0.0,0.0,0.0,0.0,0.0,0.0,0.0,0.0,0.0,0.0,0.0,0.0,0.0,0.0,0.0,0.0,0.0,0.0,0.0,0.0,0.0,0.0,0.0,0.0,0.0,0.0,0.0,0.0,0.0,0.0,0.0,0.0,0.0,0.0
573,0.0,0.0,0.0,0.0,0.0,0.0,0.0,0.0,0.0,0.0,0.0,0.0,0.0,0.0,0.0,0.0,0.0,0.0,0.0,0.0,0.0,0.0,0.0,0.0,0.0,0.0,0.0,0.0,0.0,0.0,0.0,0.0,0.0,0.0,0.0,0.0,0.0,0.0,0.0,0.0,0.0,0.0,0.0,0.0,0.0,0.0,0.0,0.0,0.0,0.0,0.0,0.0,0.0,0.0,0.0,0.0,0.0,0.0,0.0,0.0,0.0,0.0,0.0,0.0,0.0,0.0,0.0,0.0,0.0,0.0,0.0,0.0,0.0,0.0,0.0,0.0,0.0
574,0.0,0.0,0.0,0.0,0.0,0.0,0.0,0.0,0.0,0.0,0.0,0.0,0.0,0.0,0.0,0.0,0.0,0.0,0.0,0.0,0.0,0.0,0.0,0.0,0.0,0.0,0.0,0.0,0.0,0.0,0.0,0.0,0.0,0.0,0.0,0.0,0.0,0.0,0.0,0.0,0.0,0.0,0.0,0.0,0.0,0.0,0.0,0.0,0.0,0.0,0.0,0.0,0.0,0.0,0.0,0.0,0.0,0.0,0.0,0.0,0.0,0.0,0.0,0.0,0.0,0.0,0.0,0.0,0.0,0.0,0.0,0.0,0.0,0.0,0.0,0.0,0.0
575,0.0,0.0,0.0,0.0,0.0,0.0,0.0,0.0,0.0,0.0,0.0,0.0,0.0,0.0,0.0,0.0,0.0,0.0,0.0,0.0,0.0,0.0,0.0,0.0,0.0,0.0,0.0,0.0,0.0,0.0,0.0,0.0,0.0,0.0,0.0,0.0,0.0,0.0,0.0,0.0,0.0,0.0,0.0,0.0,0.0,0.0,0.0,0.0,0.0,0.0,0.0,0.0,0.0,0.0,0.0,0.0,0.0,0.0,0.0,0.0,0.0,0.0,0.0,0.0,0.0,0.0,0.0,0.0,0.0,0.0,0.0,0.0,0.0,0.0,0.0,0.0,0.0
576,0.0,0.0,0.0,0.0,0.0,0.0,0.0,0.0,0.0,0.0,0.0,0.0,0.0,0.0,0.0,0.0,0.0,0.0,0.0,0.0,0.0,0.0,0.0,0.0,0.0,0.0,0.0,0.0,0.0,0.0,0.0,0.0,0.0,0.0,0.0,0.0,0.0,0.0,0.0,0.0,0.0,0.0,0.0,0.0,0.0,0.0,0.0,0.0,0.0,0.0,0.0,0.0,0.0,0.0,0.0,0.0,0.0,0.0,0.0,0.0,0.0,0.0,0.0,0.0,0.0,0.0,0.0,0.0,0.0,0.0,0.0,0.0,0.0,0.0,0.0,0.0,0.0
577,0.0,0.0,0.0,0.0,0.0,0.0,0.0,0.0,0.0,0.0,0.0,0.0,0.0,0.0,0.0,0.0,0.0,0.0,0.0,0.0,0.0,0.0,0.0,0.0,0.0,0.0,0.0,0.0,0.0,0.0,0.0,0.0,0.0,0.0,0.0,0.0,0.0,0.0,0.0,0.0,0.0,0.0,0.0,0.0,0.0,0.0,0.0,0.0,0.0,0.0,0.0,0.0,0.0,0.0,0.0,0.0,0.0,0.0,0.0,0.0,0.0,0.0,0.0,0.0,0.0,0.0,0.0,0.0,0.0,0.0,0.0,0.0,0.0,0.0,0.0,0.0,0.0
578,0.0,0.0,0.0,0.0,0.0,0.0,0.0,0.0,0.0,0.0,0.0,0.0,0.0,0.0,0.0,0.0,0.0,0.0,0.0,0.0,0.0,0.0,0.0,0.0,0.0,0.0,0.0,0.0,0.0,0.0,0.0,0.0,0.0,0.0,0.0,0.0,0.0,0.0,0.0,0.0,0.0,0.0,0.0,0.0,0.0,0.0,0.0,0.0,0.0,0.0,0.0,0.0,0.0,0.0,0.0,0.0,0.0,0.0,0.0,0.0,0.0,0.0,0.0,0.0,0.0,0.0,0.0,0.0,0.0,0.0,0.0,0.0,0.0,0.0,0.0,0.0,0.0
579,0.0,0.0,0.0,0.0,0.0,0.0,0.0,0.0,0.0,0.0,0.0,0.0,0.0,0.0,0.0,0.0,0.0,0.0,0.0,0.0,0.0,0.0,0.0,0.0,0.0,0.0,0.0,0.0,0.0,0.0,0.0,0.0,0.0,0.0,0.0,0.0,0.0,0.0,0.0,0.0,0.0,0.0,0.0,0.0,0.0,0.0,0.0,0.0,0.0,0.0,0.0,0.0,0.0,0.0,0.0,0.0,0.0,0.0,0.0,0.0,0.0,0.0,0.0,0.0,0.0,0.0,0.0,0.0,0.0,0.0,0.0,0.0,0.0,0.0,0.0,0.0,0.0
580,0.0,0.0,0.0,0.0,0.0,0.0,0.0,0.0,0.0,0.0,0.0,0.0,0.0,0.0,0.0,0.0,0.0,0.0,0.0,0.0,0.0,0.0,0.0,0.0,0.0,0.0,0.0,0.0,0.0,0.0,0.0,0.0,0.0,0.0,0.0,0.0,0.0,0.0,0.0,0.0,0.0,0.0,0.0,0.0,0.0,0.0,0.0,0.0,0.0,0.0,0.0,0.0,0.0,0.0,0.0,0.0,0.0,0.0,0.0,0.0,0.0,0.0,0.0,0.0,0.0,0.0,0.0,0.0,0.0,0.0,0.0,0.0,0.0,0.0,0.0,0.0,0.0
581,0.0,0.0,0.0,0.0,0.0,0.0,0.0,0.0,0.0,0.0,0.0,0.0,0.0,0.0,0.0,0.0,0.0,0.0,0.0,0.0,0.0,0.0,0.0,0.0,0.0,0.0,0.0,0.0,0.0,0.0,0.0,0.0,0.0,0.0,0.0,0.0,0.0,0.0,0.0,0.0,0.0,0.0,0.0,0.0,0.0,0.0,0.0,0.0,0.0,0.0,0.0,0.0,0.0,0.0,0.0,0.0,0.0,0.0,0.0,0.0,0.0,0.0,0.0,0.0,0.0,0.0,0.0,0.0,0.0,0.0,0.0,0.0,0.0,0.0,0.0,0.0,0.0
582,0.0,0.0,0.0,0.0,0.0,0.0,0.0,0.0,0.0,0.0,0.0,0.0,0.0,0.0,0.0,0.0,0.0,0.0,0.0,0.0,0.0,0.0,0.0,0.0,0.0,0.0,0.0,0.0,0.0,0.0,0.0,0.0,0.0,0.0,0.0,0.0,0.0,0.0,0.0,0.0,0.0,0.0,0.0,0.0,0.0,0.0,0.0,0.0,0.0,0.0,0.0,0.0,0.0,0.0,0.0,0.0,0.0,0.0,0.0,0.0,0.0,0.0,0.0,0.0,0.0,0.0,0.0,0.0,0.0,0.0,0.0,0.0,0.0,0.0,0.0,0.0,0.0
583,0.0,0.0,0.0,0.0,0.0,0.0,0.0,0.0,0.0,0.0,0.0,0.0,0.0,0.0,0.0,0.0,0.0,0.0,0.0,0.0,0.0,0.0,0.0,0.0,0.0,0.0,0.0,0.0,0.0,0.0,0.0,0.0,0.0,0.0,0.0,0.0,0.0,0.0,0.0,0.0,0.0,0.0,0.0,0.0,0.0,0.0,0.0,0.0,0.0,0.0,0.0,0.0,0.0,0.0,0.0,0.0,0.0,0.0,0.0,0.0,0.0,0.0,0.0,0.0,0.0,0.0,0.0,0.0,0.0,0.0,0.0,0.0,0.0,0.0,0.0,0.0,0.0
584,0.0,0.0,0.0,0.0,0.0,0.0,0.0,0.0,0.0,0.0,0.0,0.0,0.0,0.0,0.0,0.0,0.0,0.0,0.0,0.0,0.0,0.0,0.0,0.0,0.0,0.0,0.0,0.0,0.0,0.0,0.0,0.0,0.0,0.0,0.0,0.0,0.0,0.0,0.0,0.0,0.0,0.0,0.0,0.0,0.0,0.0,0.0,0.0,0.0,0.0,0.0,0.0,0.0,0.0,0.0,0.0,0.0,0.0,0.0,0.0,0.0,0.0,0.0,0.0,0.0,0.0,0.0,0.0,0.0,0.0,0.0,0.0,0.0,0.0,0.0,0.0,0.0
585,0.0,0.0,0.0,0.0,0.0,0.0,0.0,0.0,0.0,0.0,0.0,0.0,0.0,0.0,0.0,0.0,0.0,0.0,0.0,0.0,0.0,0.0,0.0,0.0,0.0,0.0,0.0,0.0,0.0,0.0,0.0,0.0,0.0,0.0,0.0,0.0,0.0,0.0,0.0,0.0,0.0,0.0,0.0,0.0,0.0,0.0,0.0,0.0,0.0,0.0,0.0,0.0,0.0,0.0,0.0,0.0,0.0,0.0,0.0,0.0,0.0,0.0,0.0,0.0,0.0,0.0,0.0,0.0,0.0,0.0,0.0,0.0,0.0,0.0,0.0,0.0,0.0
586,0.0,0.0,0.0,0.0,0.0,0.0,0.0,0.0,0.0,0.0,0.0,0.0,0.0,0.0,0.0,0.0,0.0,0.0,0.0,0.0,0.0,0.0,0.0,0.0,0.0,0.0,0.0,0.0,0.0,0.0,0.0,0.0,0.0,0.0,0.0,0.0,0.0,0.0,0.0,0.0,0.0,0.0,0.0,0.0,0.0,0.0,0.0,0.0,0.0,0.0,0.0,0.0,0.0,0.0,0.0,0.0,0.0,0.0,0.0,0.0,0.0,0.0,0.0,0.0,0.0,0.0,0.0,0.0,0.0,0.0,0.0,0.0,0.0,0.0,0.0,0.0,0.0
587,0.0,0.0,0.0,0.0,0.0,0.0,0.0,0.0,0.0,0.0,0.0,0.0,0.0,0.0,0.0,0.0,0.0,0.0,0.0,0.0,0.0,0.0,0.0,0.0,0.0,0.0,0.0,0.0,0.0,0.0,0.0,0.0,0.0,0.0,0.0,0.0,0.0,0.0,0.0,0.0,0.0,0.0,0.0,0.0,0.0,0.0,0.0,0.0,0.0,0.0,0.0,0.0,0.0,0.0,0.0,0.0,0.0,0.0,0.0,0.0,0.0,0.0,0.0,0.0,0.0,0.0,0.0,0.0,0.0,0.0,0.0,0.0,0.0,0.0,0.0,0.0,0.0
588,0.0,0.0,0.0,0.0,0.0,0.0,0.0,0.0,0.0,0.0,0.0,0.0,0.0,0.0,0.0,0.0,0.0,0.0,0.0,0.0,0.0,0.0,0.0,0.0,0.0,0.0,0.0,0.0,0.0,0.0,0.0,0.0,0.0,0.0,0.0,0.0,0.0,0.0,0.0,0.0,0.0,0.0,0.0,0.0,0.0,0.0,0.0,0.0,0.0,0.0,0.0,0.0,0.0,0.0,0.0,0.0,0.0,0.0,0.0,0.0,0.0,0.0,0.0,0.0,0.0,0.0,0.0,0.0,0.0,0.0,0.0,0.0,0.0,0.0,0.0,0.0,0.0
589,0.0,0.0,0.0,0.0,0.0,0.0,0.0,0.0,0.0,0.0,0.0,0.0,0.0,0.0,0.0,0.0,0.0,0.0,0.0,0.0,0.0,0.0,0.0,0.0,0.0,0.0,0.0,0.0,0.0,0.0,0.0,0.0,0.0,0.0,0.0,0.0,0.0,0.0,0.0,0.0,0.0,0.0,0.0,0.0,0.0,0.0,0.0,0.0,0.0,0.0,0.0,0.0,0.0,0.0,0.0,0.0,0.0,0.0,0.0,0.0,0.0,0.0,0.0,0.0,0.0,0.0,0.0,0.0,0.0,0.0,0.0,0.0,0.0,0.0,0.0,0.0,0.0
590,0.0,0.0,0.0,0.0,0.0,0.0,0.0,0.0,0.0,0.0,0.0,0.0,0.0,0.0,0.0,0.0,0.0,0.0,0.0,0.0,0.0,0.0,0.0,0.0,0.0,0.0,0.0,0.0,0.0,0.0,0.0,0.0,0.0,0.0,0.0,0.0,0.0,0.0,0.0,0.0,0.0,0.0,0.0,0.0,0.0,0.0,0.0,0.0,0.0,0.0,0.0,0.0,0.0,0.0,0.0,0.0,0.0,0.0,0.0,0.0,0.0,0.0,0.0,0.0,0.0,0.0,0.0,0.0,0.0,0.0,0.0,0.0,0.0,0.0,0.0,0.0,0.0
591,0.0,0.0,0.0,0.0,0.0,0.0,0.0,0.0,0.0,0.0,0.0,0.0,0.0,0.0,0.0,0.0,0.0,0.0,0.0,0.0,0.0,0.0,0.0,0.0,0.0,0.0,0.0,0.0,0.0,0.0,0.0,0.0,0.0,0.0,0.0,0.0,0.0,0.0,0.0,0.0,0.0,0.0,0.0,0.0,0.0,0.0,0.0,0.0,0.0,0.0,0.0,0.0,0.0,0.0,0.0,0.0,0.0,0.0,0.0,0.0,0.0,0.0,0.0,0.0,0.0,0.0,0.0,0.0,0.0,0.0,0.0,0.0,0.0,0.0,0.0,0.0,0.0
592,0.0,0.0,0.0,0.0,0.0,0.0,0.0,0.0,0.0,0.0,0.0,0.0,0.0,0.0,0.0,0.0,0.0,0.0,0.0,0.0,0.0,0.0,0.0,0.0,0.0,0.0,0.0,0.0,0.0,0.0,0.0,0.0,0.0,0.0,0.0,0.0,0.0,0.0,0.0,0.0,0.0,0.0,0.0,0.0,0.0,0.0,0.0,0.0,0.0,0.0,0.0,0.0,0.0,0.0,0.0,0.0,0.0,0.0,0.0,0.0,0.0,0.0,0.0,0.0,0.0,0.0,0.0,0.0,0.0,0.0,0.0,0.0,0.0,0.0,0.0,0.0,0.0
593,0.0,0.0,0.0,0.0,0.0,0.0,0.0,0.0,0.0,0.0,0.0,0.0,0.0,0.0,0.0,0.0,0.0,0.0,0.0,0.0,0.0,0.0,0.0,0.0,0.0,0.0,0.0,0.0,0.0,0.0,0.0,0.0,0.0,0.0,0.0,0.0,0.0,0.0,0.0,0.0,0.0,0.0,0.0,0.0,0.0,0.0,0.0,0.0,0.0,0.0,0.0,0.0,0.0,0.0,0.0,0.0,0.0,0.0,0.0,0.0,0.0,0.0,0.0,0.0,0.0,0.0,0.0,0.0,0.0,0.0,0.0,0.0,0.0,0.0,0.0,0.0,0.0
594,0.0,0.0,0.0,0.0,0.0,0.0,0.0,0.0,0.0,0.0,0.0,0.0,0.0,0.0,0.0,0.0,0.0,0.0,0.0,0.0,0.0,0.0,0.0,0.0,0.0,0.0,0.0,0.0,0.0,0.0,0.0,0.0,0.0,0.0,0.0,0.0,0.0,0.0,0.0,0.0,0.0,0.0,0.0,0.0,0.0,0.0,0.0,0.0,0.0,0.0,0.0,0.0,0.0,0.0,0.0,0.0,0.0,0.0,0.0,0.0,0.0,0.0,0.0,0.0,0.0,0.0,0.0,0.0,0.0,0.0,0.0,0.0,0.0,0.0,0.0,0.0,0.0
595,0.0,0.0,0.0,0.0,0.0,0.0,0.0,0.0,0.0,0.0,0.0,0.0,0.0,0.0,0.0,0.0,0.0,0.0,0.0,0.0,0.0,0.0,0.0,0.0,0.0,0.0,0.0,0.0,0.0,0.0,0.0,0.0,0.0,0.0,0.0,0.0,0.0,0.0,0.0,0.0,0.0,0.0,0.0,0.0,0.0,0.0,0.0,0.0,0.0,0.0,0.0,0.0,0.0,0.0,0.0,0.0,0.0,0.0,0.0,0.0,0.0,0.0,0.0,0.0,0.0,0.0,0.0,0.0,0.0,0.0,0.0,0.0,0.0,0.0,0.0,0.0,0.0
596,0.0,0.0,0.0,0.0,0.0,0.0,0.0,0.0,0.0,0.0,0.0,0.0,0.0,0.0,0.0,0.0,0.0,0.0,0.0,0.0,0.0,0.0,0.0,0.0,0.0,0.0,0.0,0.0,0.0,0.0,0.0,0.0,0.0,0.0,0.0,0.0,0.0,0.0,0.0,0.0,0.0,0.0,0.0,0.0,0.0,0.0,0.0,0.0,0.0,0.0,0.0,0.0,0.0,0.0,0.0,0.0,0.0,0.0,0.0,0.0,0.0,0.0,0.0,0.0,0.0,0.0,0.0,0.0,0.0,0.0,0.0,0.0,0.0,0.0,0.0,0.0,0.0
597,0.0,0.0,0.0,0.0,0.0,0.0,0.0,0.0,0.0,0.0,0.0,0.0,0.0,0.0,0.0,0.0,0.0,0.0,0.0,0.0,0.0,0.0,0.0,0.0,0.0,0.0,0.0,0.0,0.0,0.0,0.0,0.0,0.0,0.0,0.0,0.0,0.0,0.0,0.0,0.0,0.0,0.0,0.0,0.0,0.0,0.0,0.0,0.0,0.0,0.0,0.0,0.0,0.0,0.0,0.0,0.0,0.0,0.0,0.0,0.0,0.0,0.0,0.0,0.0,0.0,0.0,0.0,0.0,0.0,0.0,0.0,0.0,0.0,0.0,0.0,0.0,0.0
598,0.0,0.0,0.0,0.0,0.0,0.0,0.0,0.0,0.0,0.0,0.0,0.0,0.0,0.0,0.0,0.0,0.0,0.0,0.0,0.0,0.0,0.0,0.0,0.0,0.0,0.0,0.0,0.0,0.0,0.0,0.0,0.0,0.0,0.0,0.0,0.0,0.0,0.0,0.0,0.0,0.0,0.0,0.0,0.0,0.0,0.0,0.0,0.0,0.0,0.0,0.0,0.0,0.0,0.0,0.0,0.0,0.0,0.0,0.0,0.0,0.0,0.0,0.0,0.0,0.0,0.0,0.0,0.0,0.0,0.0,0.0,0.0,0.0,0.0,0.0,0.0,0.0
599,0.0,0.0,0.0,0.0,0.0,0.0,0.0,0.0,0.0,0.0,0.0,0.0,0.0,0.0,0.0,0.0,0.0,0.0,0.0,0.0,0.0,0.0,0.0,0.0,0.0,0.0,0.0,0.0,0.0,0.0,0.0,0.0,0.0,0.0,0.0,0.0,0.0,0.0,0.0,0.0,0.0,0.0,0.0,0.0,0.0,0.0,0.0,0.0,0.0,0.0,0.0,0.0,0.0,0.0,0.0,0.0,0.0,0.0,0.0,0.0,0.0,0.0,0.0,0.0,0.0,0.0,0.0,0.0,0.0,0.0,0.0,0.0,0.0,0.0,0.0,0.0,0.0
600,0.0,0.0,0.0,0.0,0.0,0.0,0.0,0.0,0.0,0.0,0.0,0.0,0.0,0.0,0.0,0.0,0.0,0.0,0.0,0.0,0.0,0.0,0.0,0.0,0.0,0.0,0.0,0.0,0.0,0.0,0.0,0.0,0.0,0.0,0.0,0.0,0.0,0.0,0.0,0.0,0.0,0.0,0.0,0.0,0.0,0.0,0.0,0.0,0.0,0.0,0.0,0.0,0.0,0.0,0.0,0.0,0.0,0.0,0.0,0.0,0.0,0.0,0.0,0.0,0.0,0.0,0.0,0.0,0.0,0.0,0.0,0.0,0.0,0.0,0.0,0.0,0.0
601,0.0,0.0,0.0,0.0,0.0,0.0,0.0,0.0,0.0,0.0,0.0,0.0,0.0,0.0,0.0,0.0,0.0,0.0,0.0,0.0,0.0,0.0,0.0,0.0,0.0,0.0,0.0,0.0,0.0,0.0,0.0,0.0,0.0,0.0,0.0,0.0,0.0,0.0,0.0,0.0,0.0,0.0,0.0,0.0,0.0,0.0,0.0,0.0,0.0,0.0,0.0,0.0,0.0,0.0,0.0,0.0,0.0,0.0,0.0,0.0,0.0,0.0,0.0,0.0,0.0,0.0,0.0,0.0,0.0,0.0,0.0,0.0,0.0,0.0,0.0,0.0,0.0
602,0.0,0.0,0.0,0.0,0.0,0.0,0.0,0.0,0.0,0.0,0.0,0.0,0.0,0.0,0.0,0.0,0.0,0.0,0.0,0.0,0.0,0.0,0.0,0.0,0.0,0.0,0.0,0.0,0.0,0.0,0.0,0.0,0.0,0.0,0.0,0.0,0.0,0.0,0.0,0.0,0.0,0.0,0.0,0.0,0.0,0.0,0.0,0.0,0.0,0.0,0.0,0.0,0.0,0.0,0.0,0.0,0.0,0.0,0.0,0.0,0.0,0.0,0.0,0.0,0.0,0.0,0.0,0.0,0.0,0.0,0.0,0.0,0.0,0.0,0.0,0.0,0.0
603,0.0,0.0,0.0,0.0,0.0,0.0,0.0,0.0,0.0,0.0,0.0,0.0,0.0,0.0,0.0,0.0,0.0,0.0,0.0,0.0,0.0,0.0,0.0,0.0,0.0,0.0,0.0,0.0,0.0,0.0,0.0,0.0,0.0,0.0,0.0,0.0,0.0,0.0,0.0,0.0,0.0,0.0,0.0,0.0,0.0,0.0,0.0,0.0,0.0,0.0,0.0,0.0,0.0,0.0,0.0,0.0,0.0,0.0,0.0,0.0,0.0,0.0,0.0,0.0,0.0,0.0,0.0,0.0,0.0,0.0,0.0,0.0,0.0,0.0,0.0,0.0,0.0
604,0.0,0.0,0.0,0.0,0.0,0.0,0.0,0.0,0.0,0.0,0.0,0.0,0.0,0.0,0.0,0.0,0.0,0.0,0.0,0.0,0.0,0.0,0.0,0.0,0.0,0.0,0.0,0.0,0.0,0.0,0.0,0.0,0.0,0.0,0.0,0.0,0.0,0.0,0.0,0.0,0.0,0.0,0.0,0.0,0.0,0.0,0.0,0.0,0.0,0.0,0.0,0.0,0.0,0.0,0.0,0.0,0.0,0.0,0.0,0.0,0.0,0.0,0.0,0.0,0.0,0.0,0.0,0.0,0.0,0.0,0.0,0.0,0.0,0.0,0.0,0.0,0.0
605,0.0,0.0,0.0,0.0,0.0,0.0,0.0,0.0,0.0,0.0,0.0,0.0,0.0,0.0,0.0,0.0,0.0,0.0,0.0,0.0,0.0,0.0,0.0,0.0,0.0,0.0,0.0,0.0,0.0,0.0,0.0,0.0,0.0,0.0,0.0,0.0,0.0,0.0,0.0,0.0,0.0,0.0,0.0,0.0,0.0,0.0,0.0,0.0,0.0,0.0,0.0,0.0,0.0,0.0,0.0,0.0,0.0,0.0,0.0,0.0,0.0,0.0,0.0,0.0,0.0,0.0,0.0,0.0,0.0,0.0,0.0,0.0,0.0,0.0,0.0,0.0,0.0
606,0.0,0.0,0.0,0.0,0.0,0.0,0.0,0.0,0.0,0.0,0.0,0.0,0.0,0.0,0.0,0.0,0.0,0.0,0.0,0.0,0.0,0.0,0.0,0.0,0.0,0.0,0.0,0.0,0.0,0.0,0.0,0.0,0.0,0.0,0.0,0.0,0.0,0.0,0.0,0.0,0.0,0.0,0.0,0.0,0.0,0.0,0.0,0.0,0.0,0.0,0.0,0.0,0.0,0.0,0.0,0.0,0.0,0.0,0.0,0.0,0.0,0.0,0.0,0.0,0.0,0.0,0.0,0.0,0.0,0.0,0.0,0.0,0.0,0.0,0.0,0.0,0.0
607,0.0,0.0,0.0,0.0,0.0,0.0,0.0,0.0,0.0,0.0,0.0,0.0,0.0,0.0,0.0,0.0,0.0,0.0,0.0,0.0,0.0,0.0,0.0,0.0,0.0,0.0,0.0,0.0,0.0,0.0,0.0,0.0,0.0,0.0,0.0,0.0,0.0,0.0,0.0,0.0,0.0,0.0,0.0,0.0,0.0,0.0,0.0,0.0,0.0,0.0,0.0,0.0,0.0,0.0,0.0,0.0,0.0,0.0,0.0,0.0,0.0,0.0,0.0,0.0,0.0,0.0,0.0,0.0,0.0,0.0,0.0,0.0,0.0,0.0,0.0,0.0,0.0
608,0.0,0.0,0.0,0.0,0.0,0.0,0.0,0.0,0.0,0.0,0.0,0.0,0.0,0.0,0.0,0.0,0.0,0.0,0.0,0.0,0.0,0.0,0.0,0.0,0.0,0.0,0.0,0.0,0.0,0.0,0.0,0.0,0.0,0.0,0.0,0.0,0.0,0.0,0.0,0.0,0.0,0.0,0.0,0.0,0.0,0.0,0.0,0.0,0.0,0.0,0.0,0.0,0.0,0.0,0.0,0.0,0.0,0.0,0.0,0.0,0.0,0.0,0.0,0.0,0.0,0.0,0.0,0.0,0.0,0.0,0.0,0.0,0.0,0.0,0.0,0.0,0.0
609,0.0,0.0,0.0,0.0,0.0,0.0,0.0,0.0,0.0,0.0,0.0,0.0,0.0,0.0,0.0,0.0,0.0,0.0,0.0,0.0,0.0,0.0,0.0,0.0,0.0,0.0,0.0,0.0,0.0,0.0,0.0,0.0,0.0,0.0,0.0,0.0,0.0,0.0,0.0,0.0,0.0,0.0,0.0,0.0,0.0,0.0,0.0,0.0,0.0,0.0,0.0,0.0,0.0,0.0,0.0,0.0,0.0,0.0,0.0,0.0,0.0,0.0,0.0,0.0,0.0,0.0,0.0,0.0,0.0,0.0,0.0,0.0,0.0,0.0,0.0,0.0,0.0
610,0.0,0.0,0.0,0.0,0.0,0.0,0.0,0.0,0.0,0.0,0.0,0.0,0.0,0.0,0.0,0.0,0.0,0.0,0.0,0.0,0.0,0.0,0.0,0.0,0.0,0.0,0.0,0.0,0.0,0.0,0.0,0.0,0.0,0.0,0.0,0.0,0.0,0.0,0.0,0.0,0.0,0.0,0.0,0.0,0.0,0.0,0.0,0.0,0.0,0.0,0.0,0.0,0.0,0.0,0.0,0.0,0.0,0.0,0.0,0.0,0.0,0.0,0.0,0.0,0.0,0.0,0.0,0.0,0.0,0.0,0.0,0.0,0.0,0.0,0.0,0.0,0.0
611,0.0,0.0,0.0,0.0,0.0,0.0,0.0,0.0,0.0,0.0,0.0,0.0,0.0,0.0,0.0,0.0,0.0,0.0,0.0,0.0,0.0,0.0,0.0,0.0,0.0,0.0,0.0,0.0,0.0,0.0,0.0,0.0,0.0,0.0,0.0,0.0,0.0,0.0,0.0,0.0,0.0,0.0,0.0,0.0,0.0,0.0,0.0,0.0,0.0,0.0,0.0,0.0,0.0,0.0,0.0,0.0,0.0,0.0,0.0,0.0,0.0,0.0,0.0,0.0,0.0,0.0,0.0,0.0,0.0,0.0,0.0,0.0,0.0,0.0,0.0,0.0,0.0
612,0.0,0.0,0.0,0.0,0.0,0.0,0.0,0.0,0.0,0.0,0.0,0.0,0.0,0.0,0.0,0.0,0.0,0.0,0.0,0.0,0.0,0.0,0.0,0.0,0.0,0.0,0.0,0.0,0.0,0.0,0.0,0.0,0.0,0.0,0.0,0.0,0.0,0.0,0.0,0.0,0.0,0.0,0.0,0.0,0.0,0.0,0.0,0.0,0.0,0.0,0.0,0.0,0.0,0.0,0.0,0.0,0.0,0.0,0.0,0.0,0.0,0.0,0.0,0.0,0.0,0.0,0.0,0.0,0.0,0.0,0.0,0.0,0.0,0.0,0.0,0.0,0.0
613,0.0,0.0,0.0,0.0,0.0,0.0,0.0,0.0,0.0,0.0,0.0,0.0,0.0,0.0,0.0,0.0,0.0,0.0,0.0,0.0,0.0,0.0,0.0,0.0,0.0,0.0,0.0,0.0,0.0,0.0,0.0,0.0,0.0,0.0,0.0,0.0,0.0,0.0,0.0,0.0,0.0,0.0,0.0,0.0,0.0,0.0,0.0,0.0,0.0,0.0,0.0,0.0,0.0,0.0,0.0,0.0,0.0,0.0,0.0,0.0,0.0,0.0,0.0,0.0,0.0,0.0,0.0,0.0,0.0,0.0,0.0,0.0,0.0,0.0,0.0,0.0,0.0
614,0.0,0.0,0.0,0.0,0.0,0.0,0.0,0.0,0.0,0.0,0.0,0.0,0.0,0.0,0.0,0.0,0.0,0.0,0.0,0.0,0.0,0.0,0.0,0.0,0.0,0.0,0.0,0.0,0.0,0.0,0.0,0.0,0.0,0.0,0.0,0.0,0.0,0.0,0.0,0.0,0.0,0.0,0.0,0.0,0.0,0.0,0.0,0.0,0.0,0.0,0.0,0.0,0.0,0.0,0.0,0.0,0.0,0.0,0.0,0.0,0.0,0.0,0.0,0.0,0.0,0.0,0.0,0.0,0.0,0.0,0.0,0.0,0.0,0.0,0.0,0.0,0.0
615,0.0,0.0,0.0,0.0,0.0,0.0,0.0,0.0,0.0,0.0,0.0,0.0,0.0,0.0,0.0,0.0,0.0,0.0,0.0,0.0,0.0,0.0,0.0,0.0,0.0,0.0,0.0,0.0,0.0,0.0,0.0,0.0,0.0,0.0,0.0,0.0,0.0,0.0,0.0,0.0,0.0,0.0,0.0,0.0,0.0,0.0,0.0,0.0,0.0,0.0,0.0,0.0,0.0,0.0,0.0,0.0,0.0,0.0,0.0,0.0,0.0,0.0,0.0,0.0,0.0,0.0,0.0,0.0,0.0,0.0,0.0,0.0,0.0,0.0,0.0,0.0,0.0
616,0.0,0.0,0.0,0.0,0.0,0.0,0.0,0.0,0.0,0.0,0.0,0.0,0.0,0.0,0.0,0.0,0.0,0.0,0.0,0.0,0.0,0.0,0.0,0.0,0.0,0.0,0.0,0.0,0.0,0.0,0.0,0.0,0.0,0.0,0.0,0.0,0.0,0.0,0.0,0.0,0.0,0.0,0.0,0.0,0.0,0.0,0.0,0.0,0.0,0.0,0.0,0.0,0.0,0.0,0.0,0.0,0.0,0.0,0.0,0.0,0.0,0.0,0.0,0.0,0.0,0.0,0.0,0.0,0.0,0.0,0.0,0.0,0.0,0.0,0.0,0.0,0.0
617,0.0,0.0,0.0,0.0,0.0,0.0,0.0,0.0,0.0,0.0,0.0,0.0,0.0,0.0,0.0,0.0,0.0,0.0,0.0,0.0,0.0,0.0,0.0,0.0,0.0,0.0,0.0,0.0,0.0,0.0,0.0,0.0,0.0,0.0,0.0,0.0,0.0,0.0,0.0,0.0,0.0,0.0,0.0,0.0,0.0,0.0,0.0,0.0,0.0,0.0,0.0,0.0,0.0,0.0,0.0,0.0,0.0,0.0,0.0,0.0,0.0,0.0,0.0,0.0,0.0,0.0,0.0,0.0,0.0,0.0,0.0,0.0,0.0,0.0,0.0,0.0,0.0
618,0.0,0.0,0.0,0.0,0.0,0.0,0.0,0.0,0.0,0.0,0.0,0.0,0.0,0.0,0.0,0.0,0.0,0.0,0.0,0.0,0.0,0.0,0.0,0.0,0.0,0.0,0.0,0.0,0.0,0.0,0.0,0.0,0.0,0.0,0.0,0.0,0.0,0.0,0.0,0.0,0.0,0.0,0.0,0.0,0.0,0.0,0.0,0.0,0.0,0.0,0.0,0.0,0.0,0.0,0.0,0.0,0.0,0.0,0.0,0.0,0.0,0.0,0.0,0.0,0.0,0.0,0.0,0.0,0.0,0.0,0.0,0.0,0.0,0.0,0.0,0.0,0.0
619,0.0,0.0,0.0,0.0,0.0,0.0,0.0,0.0,0.0,0.0,0.0,0.0,0.0,0.0,0.0,0.0,0.0,0.0,0.0,0.0,0.0,0.0,0.0,0.0,0.0,0.0,0.0,0.0,0.0,0.0,0.0,0.0,0.0,0.0,0.0,0.0,0.0,0.0,0.0,0.0,0.0,0.0,0.0,0.0,0.0,0.0,0.0,0.0,0.0,0.0,0.0,0.0,0.0,0.0,0.0,0.0,0.0,0.0,0.0,0.0,0.0,0.0,0.0,0.0,0.0,0.0,0.0,0.0,0.0,0.0,0.0,0.0,0.0,0.0,0.0,0.0,0.0
620,0.0,0.0,0.0,0.0,0.0,0.0,0.0,0.0,0.0,0.0,0.0,0.0,0.0,0.0,0.0,0.0,0.0,0.0,0.0,0.0,0.0,0.0,0.0,0.0,0.0,0.0,0.0,0.0,0.0,0.0,0.0,0.0,0.0,0.0,0.0,0.0,0.0,0.0,0.0,0.0,0.0,0.0,0.0,0.0,0.0,0.0,0.0,0.0,0.0,0.0,0.0,0.0,0.0,0.0,0.0,0.0,0.0,0.0,0.0,0.0,0.0,0.0,0.0,0.0,0.0,0.0,0.0,0.0,0.0,0.0,0.0,0.0,0.0,0.0,0.0,0.0,0.0
621,0.0,0.0,0.0,0.0,0.0,0.0,0.0,0.0,0.0,0.0,0.0,0.0,0.0,0.0,0.0,0.0,0.0,0.0,0.0,0.0,0.0,0.0,0.0,0.0,0.0,0.0,0.0,0.0,0.0,0.0,0.0,0.0,0.0,0.0,0.0,0.0,0.0,0.0,0.0,0.0,0.0,0.0,0.0,0.0,0.0,0.0,0.0,0.0,0.0,0.0,0.0,0.0,0.0,0.0,0.0,0.0,0.0,0.0,0.0,0.0,0.0,0.0,0.0,0.0,0.0,0.0,0.0,0.0,0.0,0.0,0.0,0.0,0.0,0.0,0.0,0.0,0.0
622,0.0,0.0,0.0,0.0,0.0,0.0,0.0,0.0,0.0,0.0,0.0,0.0,0.0,0.0,0.0,0.0,0.0,0.0,0.0,0.0,0.0,0.0,0.0,0.0,0.0,0.0,0.0,0.0,0.0,0.0,0.0,0.0,0.0,0.0,0.0,0.0,0.0,0.0,0.0,0.0,0.0,0.0,0.0,0.0,0.0,0.0,0.0,0.0,0.0,0.0,0.0,0.0,0.0,0.0,0.0,0.0,0.0,0.0,0.0,0.0,0.0,0.0,0.0,0.0,0.0,0.0,0.0,0.0,0.0,0.0,0.0,0.0,0.0,0.0,0.0,0.0,0.0
623,0.0,0.0,0.0,0.0,0.0,0.0,0.0,0.0,0.0,0.0,0.0,0.0,0.0,0.0,0.0,0.0,0.0,0.0,0.0,0.0,0.0,0.0,0.0,0.0,0.0,0.0,0.0,0.0,0.0,0.0,0.0,0.0,0.0,0.0,0.0,0.0,0.0,0.0,0.0,0.0,0.0,0.0,0.0,0.0,0.0,0.0,0.0,0.0,0.0,0.0,0.0,0.0,0.0,0.0,0.0,0.0,0.0,0.0,0.0,0.0,0.0,0.0,0.0,0.0,0.0,0.0,0.0,0.0,0.0,0.0,0.0,0.0,0.0,0.0,0.0,0.0,0.0
624,0.0,0.0,0.0,0.0,0.0,0.0,0.0,0.0,0.0,0.0,0.0,0.0,0.0,0.0,0.0,0.0,0.0,0.0,0.0,0.0,0.0,0.0,0.0,0.0,0.0,0.0,0.0,0.0,0.0,0.0,0.0,0.0,0.0,0.0,0.0,0.0,0.0,0.0,0.0,0.0,0.0,0.0,0.0,0.0,0.0,0.0,0.0,0.0,0.0,0.0,0.0,0.0,0.0,0.0,0.0,0.0,0.0,0.0,0.0,0.0,0.0,0.0,0.0,0.0,0.0,0.0,0.0,0.0,0.0,0.0,0.0,0.0,0.0,0.0,0.0,0.0,0.0
625,0.0,0.0,0.0,0.0,0.0,0.0,0.0,0.0,0.0,0.0,0.0,0.0,0.0,0.0,0.0,0.0,0.0,0.0,0.0,0.0,0.0,0.0,0.0,0.0,0.0,0.0,0.0,0.0,0.0,0.0,0.0,0.0,0.0,0.0,0.0,0.0,0.0,0.0,0.0,0.0,0.0,0.0,0.0,0.0,0.0,0.0,0.0,0.0,0.0,0.0,0.0,0.0,0.0,0.0,0.0,0.0,0.0,0.0,0.0,0.0,0.0,0.0,0.0,0.0,0.0,0.0,0.0,0.0,0.0,0.0,0.0,0.0,0.0,0.0,0.0,0.0,0.0
626,0.0,0.0,0.0,0.0,0.0,0.0,0.0,0.0,0.0,0.0,0.0,0.0,0.0,0.0,0.0,0.0,0.0,0.0,0.0,0.0,0.0,0.0,0.0,0.0,0.0,0.0,0.0,0.0,0.0,0.0,0.0,0.0,0.0,0.0,0.0,0.0,0.0,0.0,0.0,0.0,0.0,0.0,0.0,0.0,0.0,0.0,0.0,0.0,0.0,0.0,0.0,0.0,0.0,0.0,0.0,0.0,0.0,0.0,0.0,0.0,0.0,0.0,0.0,0.0,0.0,0.0,0.0,0.0,0.0,0.0,0.0,0.0,0.0,0.0,0.0,0.0,0.0
627,0.0,0.0,0.0,0.0,0.0,0.0,0.0,0.0,0.0,0.0,0.0,0.0,0.0,0.0,0.0,0.0,0.0,0.0,0.0,0.0,0.0,0.0,0.0,0.0,0.0,0.0,0.0,0.0,0.0,0.0,0.0,0.0,0.0,0.0,0.0,0.0,0.0,0.0,0.0,0.0,0.0,0.0,0.0,0.0,0.0,0.0,0.0,0.0,0.0,0.0,0.0,0.0,0.0,0.0,0.0,0.0,0.0,0.0,0.0,0.0,0.0,0.0,0.0,0.0,0.0,0.0,0.0,0.0,0.0,0.0,0.0,0.0,0.0,0.0,0.0,0.0,0.0
628,0.0,0.0,0.0,0.0,0.0,0.0,0.0,0.0,0.0,0.0,0.0,0.0,0.0,0.0,0.0,0.0,0.0,0.0,0.0,0.0,0.0,0.0,0.0,0.0,0.0,0.0,0.0,0.0,0.0,0.0,0.0,0.0,0.0,0.0,0.0,0.0,0.0,0.0,0.0,0.0,0.0,0.0,0.0,0.0,0.0,0.0,0.0,0.0,0.0,0.0,0.0,0.0,0.0,0.0,0.0,0.0,0.0,0.0,0.0,0.0,0.0,0.0,0.0,0.0,0.0,0.0,0.0,0.0,0.0,0.0,0.0,0.0,0.0,0.0,0.0,0.0,0.0
629,0.0,0.0,0.0,0.0,0.0,0.0,0.0,0.0,0.0,0.0,0.0,0.0,0.0,0.0,0.0,0.0,0.0,0.0,0.0,0.0,0.0,0.0,0.0,0.0,0.0,0.0,0.0,0.0,0.0,0.0,0.0,0.0,0.0,0.0,0.0,0.0,0.0,0.0,0.0,0.0,0.0,0.0,0.0,0.0,0.0,0.0,0.0,0.0,0.0,0.0,0.0,0.0,0.0,0.0,0.0,0.0,0.0,0.0,0.0,0.0,0.0,0.0,0.0,0.0,0.0,0.0,0.0,0.0,0.0,0.0,0.0,0.0,0.0,0.0,0.0,0.0,0.0
630,0.0,0.0,0.0,0.0,0.0,0.0,0.0,0.0,0.0,0.0,0.0,0.0,0.0,0.0,0.0,0.0,0.0,0.0,0.0,0.0,0.0,0.0,0.0,0.0,0.0,0.0,0.0,0.0,0.0,0.0,0.0,0.0,0.0,0.0,0.0,0.0,0.0,0.0,0.0,0.0,0.0,0.0,0.0,0.0,0.0,0.0,0.0,0.0,0.0,0.0,0.0,0.0,0.0,0.0,0.0,0.0,0.0,0.0,0.0,0.0,0.0,0.0,0.0,0.0,0.0,0.0,0.0,0.0,0.0,0.0,0.0,0.0,0.0,0.0,0.0,0.0,0.0
631,0.0,0.0,0.0,0.0,0.0,0.0,0.0,0.0,0.0,0.0,0.0,0.0,0.0,0.0,0.0,0.0,0.0,0.0,0.0,0.0,0.0,0.0,0.0,0.0,0.0,0.0,0.0,0.0,0.0,0.0,0.0,0.0,0.0,0.0,0.0,0.0,0.0,0.0,0.0,0.0,0.0,0.0,0.0,0.0,0.0,0.0,0.0,0.0,0.0,0.0,0.0,0.0,0.0,0.0,0.0,0.0,0.0,0.0,0.0,0.0,0.0,0.0,0.0,0.0,0.0,0.0,0.0,0.0,0.0,0.0,0.0,0.0,0.0,0.0,0.0,0.0,0.0
632,0.0,0.0,0.0,0.0,0.0,0.0,0.0,0.0,0.0,0.0,0.0,0.0,0.0,0.0,0.0,0.0,0.0,0.0,0.0,0.0,0.0,0.0,0.0,0.0,0.0,0.0,0.0,0.0,0.0,0.0,0.0,0.0,0.0,0.0,0.0,0.0,0.0,0.0,0.0,0.0,0.0,0.0,0.0,0.0,0.0,0.0,0.0,0.0,0.0,0.0,0.0,0.0,0.0,0.0,0.0,0.0,0.0,0.0,0.0,0.0,0.0,0.0,0.0,0.0,0.0,0.0,0.0,0.0,0.0,0.0,0.0,0.0,0.0,0.0,0.0,0.0,0.0
633,0.0,0.0,0.0,0.0,0.0,0.0,0.0,0.0,0.0,0.0,0.0,0.0,0.0,0.0,0.0,0.0,0.0,0.0,0.0,0.0,0.0,0.0,0.0,0.0,0.0,0.0,0.0,0.0,0.0,0.0,0.0,0.0,0.0,0.0,0.0,0.0,0.0,0.0,0.0,0.0,0.0,0.0,0.0,0.0,0.0,0.0,0.0,0.0,0.0,0.0,0.0,0.0,0.0,0.0,0.0,0.0,0.0,0.0,0.0,0.0,0.0,0.0,0.0,0.0,0.0,0.0,0.0,0.0,0.0,0.0,0.0,0.0,0.0,0.0,0.0,0.0,0.0
634,0.0,0.0,0.0,0.0,0.0,0.0,0.0,0.0,0.0,0.0,0.0,0.0,0.0,0.0,0.0,0.0,0.0,0.0,0.0,0.0,0.0,0.0,0.0,0.0,0.0,0.0,0.0,0.0,0.0,0.0,0.0,0.0,0.0,0.0,0.0,0.0,0.0,0.0,0.0,0.0,0.0,0.0,0.0,0.0,0.0,0.0,0.0,0.0,0.0,0.0,0.0,0.0,0.0,0.0,0.0,0.0,0.0,0.0,0.0,0.0,0.0,0.0,0.0,0.0,0.0,0.0,0.0,0.0,0.0,0.0,0.0,0.0,0.0,0.0,0.0,0.0,0.0
635,0.0,0.0,0.0,0.0,0.0,0.0,0.0,0.0,0.0,0.0,0.0,0.0,0.0,0.0,0.0,0.0,0.0,0.0,0.0,0.0,0.0,0.0,0.0,0.0,0.0,0.0,0.0,0.0,0.0,0.0,0.0,0.0,0.0,0.0,0.0,0.0,0.0,0.0,0.0,0.0,0.0,0.0,0.0,0.0,0.0,0.0,0.0,0.0,0.0,0.0,0.0,0.0,0.0,0.0,0.0,0.0,0.0,0.0,0.0,0.0,0.0,0.0,0.0,0.0,0.0,0.0,0.0,0.0,0.0,0.0,0.0,0.0,0.0,0.0,0.0,0.0,0.0
636,0.0,0.0,0.0,0.0,0.0,0.0,0.0,0.0,0.0,0.0,0.0,0.0,0.0,0.0,0.0,0.0,0.0,0.0,0.0,0.0,0.0,0.0,0.0,0.0,0.0,0.0,0.0,0.0,0.0,0.0,0.0,0.0,0.0,0.0,0.0,0.0,0.0,0.0,0.0,0.0,0.0,0.0,0.0,0.0,0.0,0.0,0.0,0.0,0.0,0.0,0.0,0.0,0.0,0.0,0.0,0.0,0.0,0.0,0.0,0.0,0.0,0.0,0.0,0.0,0.0,0.0,0.0,0.0,0.0,0.0,0.0,0.0,0.0,0.0,0.0,0.0,0.0
637,0.0,0.0,0.0,0.0,0.0,0.0,0.0,0.0,0.0,0.0,0.0,0.0,0.0,0.0,0.0,0.0,0.0,0.0,0.0,0.0,0.0,0.0,0.0,0.0,0.0,0.0,0.0,0.0,0.0,0.0,0.0,0.0,0.0,0.0,0.0,0.0,0.0,0.0,0.0,0.0,0.0,0.0,0.0,0.0,0.0,0.0,0.0,0.0,0.0,0.0,0.0,0.0,0.0,0.0,0.0,0.0,0.0,0.0,0.0,0.0,0.0,0.0,0.0,0.0,0.0,0.0,0.0,0.0,0.0,0.0,0.0,0.0,0.0,0.0,0.0,0.0,0.0
638,0.0,0.0,0.0,0.0,0.0,0.0,0.0,0.0,0.0,0.0,0.0,0.0,0.0,0.0,0.0,0.0,0.0,0.0,0.0,0.0,0.0,0.0,0.0,0.0,0.0,0.0,0.0,0.0,0.0,0.0,0.0,0.0,0.0,0.0,0.0,0.0,0.0,0.0,0.0,0.0,0.0,0.0,0.0,0.0,0.0,0.0,0.0,0.0,0.0,0.0,0.0,0.0,0.0,0.0,0.0,0.0,0.0,0.0,0.0,0.0,0.0,0.0,0.0,0.0,0.0,0.0,0.0,0.0,0.0,0.0,0.0,0.0,0.0,0.0,0.0,0.0,0.0
639,0.0,0.0,0.0,0.0,0.0,0.0,0.0,0.0,0.0,0.0,0.0,0.0,0.0,0.0,0.0,0.0,0.0,0.0,0.0,0.0,0.0,0.0,0.0,0.0,0.0,0.0,0.0,0.0,0.0,0.0,0.0,0.0,0.0,0.0,0.0,0.0,0.0,0.0,0.0,0.0,0.0,0.0,0.0,0.0,0.0,0.0,0.0,0.0,0.0,0.0,0.0,0.0,0.0,0.0,0.0,0.0,0.0,0.0,0.0,0.0,0.0,0.0,0.0,0.0,0.0,0.0,0.0,0.0,0.0,0.0,0.0,0.0,0.0,0.0,0.0,0.0,0.0
640,0.0,0.0,0.0,0.0,0.0,0.0,0.0,0.0,0.0,0.0,0.0,0.0,0.0,0.0,0.0,0.0,0.0,0.0,0.0,0.0,0.0,0.0,0.0,0.0,0.0,0.0,0.0,0.0,0.0,0.0,0.0,0.0,0.0,0.0,0.0,0.0,0.0,0.0,0.0,0.0,0.0,0.0,0.0,0.0,0.0,0.0,0.0,0.0,0.0,0.0,0.0,0.0,0.0,0.0,0.0,0.0,0.0,0.0,0.0,0.0,0.0,0.0,0.0,0.0,0.0,0.0,0.0,0.0,0.0,0.0,0.0,0.0,0.0,0.0,0.0,0.0,0.0
641,0.0,0.0,0.0,0.0,0.0,0.0,0.0,0.0,0.0,0.0,0.0,0.0,0.0,0.0,0.0,0.0,0.0,0.0,0.0,0.0,0.0,0.0,0.0,0.0,0.0,0.0,0.0,0.0,0.0,0.0,0.0,0.0,0.0,0.0,0.0,0.0,0.0,0.0,0.0,0.0,0.0,0.0,0.0,0.0,0.0,0.0,0.0,0.0,0.0,0.0,0.0,0.0,0.0,0.0,0.0,0.0,0.0,0.0,0.0,0.0,0.0,0.0,0.0,0.0,0.0,0.0,0.0,0.0,0.0,0.0,0.0,0.0,0.0,0.0,0.0,0.0,0.0
642,0.0,0.0,0.0,0.0,0.0,0.0,0.0,0.0,0.0,0.0,0.0,0.0,0.0,0.0,0.0,0.0,0.0,0.0,0.0,0.0,0.0,0.0,0.0,0.0,0.0,0.0,0.0,0.0,0.0,0.0,0.0,0.0,0.0,0.0,0.0,0.0,0.0,0.0,0.0,0.0,0.0,0.0,0.0,0.0,0.0,0.0,0.0,0.0,0.0,0.0,0.0,0.0,0.0,0.0,0.0,0.0,0.0,0.0,0.0,0.0,0.0,0.0,0.0,0.0,0.0,0.0,0.0,0.0,0.0,0.0,0.0,0.0,0.0,0.0,0.0,0.0,0.0
643,0.0,0.0,0.0,0.0,0.0,0.0,0.0,0.0,0.0,0.0,0.0,0.0,0.0,0.0,0.0,0.0,0.0,0.0,0.0,0.0,0.0,0.0,0.0,0.0,0.0,0.0,0.0,0.0,0.0,0.0,0.0,0.0,0.0,0.0,0.0,0.0,0.0,0.0,0.0,0.0,0.0,0.0,0.0,0.0,0.0,0.0,0.0,0.0,0.0,0.0,0.0,0.0,0.0,0.0,0.0,0.0,0.0,0.0,0.0,0.0,0.0,0.0,0.0,0.0,0.0,0.0,0.0,0.0,0.0,0.0,0.0,0.0,0.0,0.0,0.0,0.0,0.0
644,0.0,0.0,0.0,0.0,0.0,0.0,0.0,0.0,0.0,0.0,0.0,0.0,0.0,0.0,0.0,0.0,0.0,0.0,0.0,0.0,0.0,0.0,0.0,0.0,0.0,0.0,0.0,0.0,0.0,0.0,0.0,0.0,0.0,0.0,0.0,0.0,0.0,0.0,0.0,0.0,0.0,0.0,0.0,0.0,0.0,0.0,0.0,0.0,0.0,0.0,0.0,0.0,0.0,0.0,0.0,0.0,0.0,0.0,0.0,0.0,0.0,0.0,0.0,0.0,0.0,0.0,0.0,0.0,0.0,0.0,0.0,0.0,0.0,0.0,0.0,0.0,0.0
645,0.0,0.0,0.0,0.0,0.0,0.0,0.0,0.0,0.0,0.0,0.0,0.0,0.0,0.0,0.0,0.0,0.0,0.0,0.0,0.0,0.0,0.0,0.0,0.0,0.0,0.0,0.0,0.0,0.0,0.0,0.0,0.0,0.0,0.0,0.0,0.0,0.0,0.0,0.0,0.0,0.0,0.0,0.0,0.0,0.0,0.0,0.0,0.0,0.0,0.0,0.0,0.0,0.0,0.0,0.0,0.0,0.0,0.0,0.0,0.0,0.0,0.0,0.0,0.0,0.0,0.0,0.0,0.0,0.0,0.0,0.0,0.0,0.0,0.0,0.0,0.0,0.0
646,0.0,0.0,0.0,0.0,0.0,0.0,0.0,0.0,0.0,0.0,0.0,0.0,0.0,0.0,0.0,0.0,0.0,0.0,0.0,0.0,0.0,0.0,0.0,0.0,0.0,0.0,0.0,0.0,0.0,0.0,0.0,0.0,0.0,0.0,0.0,0.0,0.0,0.0,0.0,0.0,0.0,0.0,0.0,0.0,0.0,0.0,0.0,0.0,0.0,0.0,0.0,0.0,0.0,0.0,0.0,0.0,0.0,0.0,0.0,0.0,0.0,0.0,0.0,0.0,0.0,0.0,0.0,0.0,0.0,0.0,0.0,0.0,0.0,0.0,0.0,0.0,0.0
647,0.0,0.0,0.0,0.0,0.0,0.0,0.0,0.0,0.0,0.0,0.0,0.0,0.0,0.0,0.0,0.0,0.0,0.0,0.0,0.0,0.0,0.0,0.0,0.0,0.0,0.0,0.0,0.0,0.0,0.0,0.0,0.0,0.0,0.0,0.0,0.0,0.0,0.0,0.0,0.0,0.0,0.0,0.0,0.0,0.0,0.0,0.0,0.0,0.0,0.0,0.0,0.0,0.0,0.0,0.0,0.0,0.0,0.0,0.0,0.0,0.0,0.0,0.0,0.0,0.0,0.0,0.0,0.0,0.0,0.0,0.0,0.0,0.0,0.0,0.0,0.0,0.0
648,0.0,0.0,0.0,0.0,0.0,0.0,0.0,0.0,0.0,0.0,0.0,0.0,0.0,0.0,0.0,0.0,0.0,0.0,0.0,0.0,0.0,0.0,0.0,0.0,0.0,0.0,0.0,0.0,0.0,0.0,0.0,0.0,0.0,0.0,0.0,0.0,0.0,0.0,0.0,0.0,0.0,0.0,0.0,0.0,0.0,0.0,0.0,0.0,0.0,0.0,0.0,0.0,0.0,0.0,0.0,0.0,0.0,0.0,0.0,0.0,0.0,0.0,0.0,0.0,0.0,0.0,0.0,0.0,0.0,0.0,0.0,0.0,0.0,0.0,0.0,0.0,0.0
649,0.0,0.0,0.0,0.0,0.0,0.0,0.0,0.0,0.0,0.0,0.0,0.0,0.0,0.0,0.0,0.0,0.0,0.0,0.0,0.0,0.0,0.0,0.0,0.0,0.0,0.0,0.0,0.0,0.0,0.0,0.0,0.0,0.0,0.0,0.0,0.0,0.0,0.0,0.0,0.0,0.0,0.0,0.0,0.0,0.0,0.0,0.0,0.0,0.0,0.0,0.0,0.0,0.0,0.0,0.0,0.0,0.0,0.0,0.0,0.0,0.0,0.0,0.0,0.0,0.0,0.0,0.0,0.0,0.0,0.0,0.0,0.0,0.0,0.0,0.0,0.0,0.0
650,0.0,0.0,0.0,0.0,0.0,0.0,0.0,0.0,0.0,0.0,0.0,0.0,0.0,0.0,0.0,0.0,0.0,0.0,0.0,0.0,0.0,0.0,0.0,0.0,0.0,0.0,0.0,0.0,0.0,0.0,0.0,0.0,0.0,0.0,0.0,0.0,0.0,0.0,0.0,0.0,0.0,0.0,0.0,0.0,0.0,0.0,0.0,0.0,0.0,0.0,0.0,0.0,0.0,0.0,0.0,0.0,0.0,0.0,0.0,0.0,0.0,0.0,0.0,0.0,0.0,0.0,0.0,0.0,0.0,0.0,0.0,0.0,0.0,0.0,0.0,0.0,0.0
651,0.0,0.0,0.0,0.0,0.0,0.0,0.0,0.0,0.0,0.0,0.0,0.0,0.0,0.0,0.0,0.0,0.0,0.0,0.0,0.0,0.0,0.0,0.0,0.0,0.0,0.0,0.0,0.0,0.0,0.0,0.0,0.0,0.0,0.0,0.0,0.0,0.0,0.0,0.0,0.0,0.0,0.0,0.0,0.0,0.0,0.0,0.0,0.0,0.0,0.0,0.0,0.0,0.0,0.0,0.0,0.0,0.0,0.0,0.0,0.0,0.0,0.0,0.0,0.0,0.0,0.0,0.0,0.0,0.0,0.0,0.0,0.0,0.0,0.0,0.0,0.0,0.0
652,0.0,0.0,0.0,0.0,0.0,0.0,0.0,0.0,0.0,0.0,0.0,0.0,0.0,0.0,0.0,0.0,0.0,0.0,0.0,0.0,0.0,0.0,0.0,0.0,0.0,0.0,0.0,0.0,0.0,0.0,0.0,0.0,0.0,0.0,0.0,0.0,0.0,0.0,0.0,0.0,0.0,0.0,0.0,0.0,0.0,0.0,0.0,0.0,0.0,0.0,0.0,0.0,0.0,0.0,0.0,0.0,0.0,0.0,0.0,0.0,0.0,0.0,0.0,0.0,0.0,0.0,0.0,0.0,0.0,0.0,0.0,0.0,0.0,0.0,0.0,0.0,0.0
653,0.0,0.0,0.0,0.0,0.0,0.0,0.0,0.0,0.0,0.0,0.0,0.0,0.0,0.0,0.0,0.0,0.0,0.0,0.0,0.0,0.0,0.0,0.0,0.0,0.0,0.0,0.0,0.0,0.0,0.0,0.0,0.0,0.0,0.0,0.0,0.0,0.0,0.0,0.0,0.0,0.0,0.0,0.0,0.0,0.0,0.0,0.0,0.0,0.0,0.0,0.0,0.0,0.0,0.0,0.0,0.0,0.0,0.0,0.0,0.0,0.0,0.0,0.0,0.0,0.0,0.0,0.0,0.0,0.0,0.0,0.0,0.0,0.0,0.0,0.0,0.0,0.0
654,0.0,0.0,0.0,0.0,0.0,0.0,0.0,0.0,0.0,0.0,0.0,0.0,0.0,0.0,0.0,0.0,0.0,0.0,0.0,0.0,0.0,0.0,0.0,0.0,0.0,0.0,0.0,0.0,0.0,0.0,0.0,0.0,0.0,0.0,0.0,0.0,0.0,0.0,0.0,0.0,0.0,0.0,0.0,0.0,0.0,0.0,0.0,0.0,0.0,0.0,0.0,0.0,0.0,0.0,0.0,0.0,0.0,0.0,0.0,0.0,0.0,0.0,0.0,0.0,0.0,0.0,0.0,0.0,0.0,0.0,0.0,0.0,0.0,0.0,0.0,0.0,0.0
655,0.0,0.0,0.0,0.0,0.0,0.0,0.0,0.0,0.0,0.0,0.0,0.0,0.0,0.0,0.0,0.0,0.0,0.0,0.0,0.0,0.0,0.0,0.0,0.0,0.0,0.0,0.0,0.0,0.0,0.0,0.0,0.0,0.0,0.0,0.0,0.0,0.0,0.0,0.0,0.0,0.0,0.0,0.0,0.0,0.0,0.0,0.0,0.0,0.0,0.0,0.0,0.0,0.0,0.0,0.0,0.0,0.0,0.0,0.0,0.0,0.0,0.0,0.0,0.0,0.0,0.0,0.0,0.0,0.0,0.0,0.0,0.0,0.0,0.0,0.0,0.0,0.0
656,0.0,0.0,0.0,0.0,0.0,0.0,0.0,0.0,0.0,0.0,0.0,0.0,0.0,0.0,0.0,0.0,0.0,0.0,0.0,0.0,0.0,0.0,0.0,0.0,0.0,0.0,0.0,0.0,0.0,0.0,0.0,0.0,0.0,0.0,0.0,0.0,0.0,0.0,0.0,0.0,0.0,0.0,0.0,0.0,0.0,0.0,0.0,0.0,0.0,0.0,0.0,0.0,0.0,0.0,0.0,0.0,0.0,0.0,0.0,0.0,0.0,0.0,0.0,0.0,0.0,0.0,0.0,0.0,0.0,0.0,0.0,0.0,0.0,0.0,0.0,0.0,0.0
657,0.0,0.0,0.0,0.0,0.0,0.0,0.0,0.0,0.0,0.0,0.0,0.0,0.0,0.0,0.0,0.0,0.0,0.0,0.0,0.0,0.0,0.0,0.0,0.0,0.0,0.0,0.0,0.0,0.0,0.0,0.0,0.0,0.0,0.0,0.0,0.0,0.0,0.0,0.0,0.0,0.0,0.0,0.0,0.0,0.0,0.0,0.0,0.0,0.0,0.0,0.0,0.0,0.0,0.0,0.0,0.0,0.0,0.0,0.0,0.0,0.0,0.0,0.0,0.0,0.0,0.0,0.0,0.0,0.0,0.0,0.0,0.0,0.0,0.0,0.0,0.0,0.0
658,0.0,0.0,0.0,0.0,0.0,0.0,0.0,0.0,0.0,0.0,0.0,0.0,0.0,0.0,0.0,0.0,0.0,0.0,0.0,0.0,0.0,0.0,0.0,0.0,0.0,0.0,0.0,0.0,0.0,0.0,0.0,0.0,0.0,0.0,0.0,0.0,0.0,0.0,0.0,0.0,0.0,0.0,0.0,0.0,0.0,0.0,0.0,0.0,0.0,0.0,0.0,0.0,0.0,0.0,0.0,0.0,0.0,0.0,0.0,0.0,0.0,0.0,0.0,0.0,0.0,0.0,0.0,0.0,0.0,0.0,0.0,0.0,0.0,0.0,0.0,0.0,0.0
659,0.0,0.0,0.0,0.0,0.0,0.0,0.0,0.0,0.0,0.0,0.0,0.0,0.0,0.0,0.0,0.0,0.0,0.0,0.0,0.0,0.0,0.0,0.0,0.0,0.0,0.0,0.0,0.0,0.0,0.0,0.0,0.0,0.0,0.0,0.0,0.0,0.0,0.0,0.0,0.0,0.0,0.0,0.0,0.0,0.0,0.0,0.0,0.0,0.0,0.0,0.0,0.0,0.0,0.0,0.0,0.0,0.0,0.0,0.0,0.0,0.0,0.0,0.0,0.0,0.0,0.0,0.0,0.0,0.0,0.0,0.0,0.0,0.0,0.0,0.0,0.0,0.0
660,0.0,0.0,0.0,0.0,0.0,0.0,0.0,0.0,0.0,0.0,0.0,0.0,0.0,0.0,0.0,0.0,0.0,0.0,0.0,0.0,0.0,0.0,0.0,0.0,0.0,0.0,0.0,0.0,0.0,0.0,0.0,0.0,0.0,0.0,0.0,0.0,0.0,0.0,0.0,0.0,0.0,0.0,0.0,0.0,0.0,0.0,0.0,0.0,0.0,0.0,0.0,0.0,0.0,0.0,0.0,0.0,0.0,0.0,0.0,0.0,0.0,0.0,0.0,0.0,0.0,0.0,0.0,0.0,0.0,0.0,0.0,0.0,0.0,0.0,0.0,0.0,0.0
661,0.0,0.0,0.0,0.0,0.0,0.0,0.0,0.0,0.0,0.0,0.0,0.0,0.0,0.0,0.0,0.0,0.0,0.0,0.0,0.0,0.0,0.0,0.0,0.0,0.0,0.0,0.0,0.0,0.0,0.0,0.0,0.0,0.0,0.0,0.0,0.0,0.0,0.0,0.0,0.0,0.0,0.0,0.0,0.0,0.0,0.0,0.0,0.0,0.0,0.0,0.0,0.0,0.0,0.0,0.0,0.0,0.0,0.0,0.0,0.0,0.0,0.0,0.0,0.0,0.0,0.0,0.0,0.0,0.0,0.0,0.0,0.0,0.0,0.0,0.0,0.0,0.0
662,0.0,0.0,0.0,0.0,0.0,0.0,0.0,0.0,0.0,0.0,0.0,0.0,0.0,0.0,0.0,0.0,0.0,0.0,0.0,0.0,0.0,0.0,0.0,0.0,0.0,0.0,0.0,0.0,0.0,0.0,0.0,0.0,0.0,0.0,0.0,0.0,0.0,0.0,0.0,0.0,0.0,0.0,0.0,0.0,0.0,0.0,0.0,0.0,0.0,0.0,0.0,0.0,0.0,0.0,0.0,0.0,0.0,0.0,0.0,0.0,0.0,0.0,0.0,0.0,0.0,0.0,0.0,0.0,0.0,0.0,0.0,0.0,0.0,0.0,0.0,0.0,0.0
663,0.0,0.0,0.0,0.0,0.0,0.0,0.0,0.0,0.0,0.0,0.0,0.0,0.0,0.0,0.0,0.0,0.0,0.0,0.0,0.0,0.0,0.0,0.0,0.0,0.0,0.0,0.0,0.0,0.0,0.0,0.0,0.0,0.0,0.0,0.0,0.0,0.0,0.0,0.0,0.0,0.0,0.0,0.0,0.0,0.0,0.0,0.0,0.0,0.0,0.0,0.0,0.0,0.0,0.0,0.0,0.0,0.0,0.0,0.0,0.0,0.0,0.0,0.0,0.0,0.0,0.0,0.0,0.0,0.0,0.0,0.0,0.0,0.0,0.0,0.0,0.0,0.0
664,0.0,0.0,0.0,0.0,0.0,0.0,0.0,0.0,0.0,0.0,0.0,0.0,0.0,0.0,0.0,0.0,0.0,0.0,0.0,0.0,0.0,0.0,0.0,0.0,0.0,0.0,0.0,0.0,0.0,0.0,0.0,0.0,0.0,0.0,0.0,0.0,0.0,0.0,0.0,0.0,0.0,0.0,0.0,0.0,0.0,0.0,0.0,0.0,0.0,0.0,0.0,0.0,0.0,0.0,0.0,0.0,0.0,0.0,0.0,0.0,0.0,0.0,0.0,0.0,0.0,0.0,0.0,0.0,0.0,0.0,0.0,0.0,0.0,0.0,0.0,0.0,0.0
665,0.0,0.0,0.0,0.0,0.0,0.0,0.0,0.0,0.0,0.0,0.0,0.0,0.0,0.0,0.0,0.0,0.0,0.0,0.0,0.0,0.0,0.0,0.0,0.0,0.0,0.0,0.0,0.0,0.0,0.0,0.0,0.0,0.0,0.0,0.0,0.0,0.0,0.0,0.0,0.0,0.0,0.0,0.0,0.0,0.0,0.0,0.0,0.0,0.0,0.0,0.0,0.0,0.0,0.0,0.0,0.0,0.0,0.0,0.0,0.0,0.0,0.0,0.0,0.0,0.0,0.0,0.0,0.0,0.0,0.0,0.0,0.0,0.0,0.0,0.0,0.0,0.0
666,0.0,0.0,0.0,0.0,0.0,0.0,0.0,0.0,0.0,0.0,0.0,0.0,0.0,0.0,0.0,0.0,0.0,0.0,0.0,0.0,0.0,0.0,0.0,0.0,0.0,0.0,0.0,0.0,0.0,0.0,0.0,0.0,0.0,0.0,0.0,0.0,0.0,0.0,0.0,0.0,0.0,0.0,0.0,0.0,0.0,0.0,0.0,0.0,0.0,0.0,0.0,0.0,0.0,0.0,0.0,0.0,0.0,0.0,0.0,0.0,0.0,0.0,0.0,0.0,0.0,0.0,0.0,0.0,0.0,0.0,0.0,0.0,0.0,0.0,0.0,0.0,0.0
667,0.0,0.0,0.0,0.0,0.0,0.0,0.0,0.0,0.0,0.0,0.0,0.0,0.0,0.0,0.0,0.0,0.0,0.0,0.0,0.0,0.0,0.0,0.0,0.0,0.0,0.0,0.0,0.0,0.0,0.0,0.0,0.0,0.0,0.0,0.0,0.0,0.0,0.0,0.0,0.0,0.0,0.0,0.0,0.0,0.0,0.0,0.0,0.0,0.0,0.0,0.0,0.0,0.0,0.0,0.0,0.0,0.0,0.0,0.0,0.0,0.0,0.0,0.0,0.0,0.0,0.0,0.0,0.0,0.0,0.0,0.0,0.0,0.0,0.0,0.0,0.0,0.0
668,0.0,0.0,0.0,0.0,0.0,0.0,0.0,0.0,0.0,0.0,0.0,0.0,0.0,0.0,0.0,0.0,0.0,0.0,0.0,0.0,0.0,0.0,0.0,0.0,0.0,0.0,0.0,0.0,0.0,0.0,0.0,0.0,0.0,0.0,0.0,0.0,0.0,0.0,0.0,0.0,0.0,0.0,0.0,0.0,0.0,0.0,0.0,0.0,0.0,0.0,0.0,0.0,0.0,0.0,0.0,0.0,0.0,0.0,0.0,0.0,0.0,0.0,0.0,0.0,0.0,0.0,0.0,0.0,0.0,0.0,0.0,0.0,0.0,0.0,0.0,0.0,0.0
669,0.0,0.0,0.0,0.0,0.0,0.0,0.0,0.0,0.0,0.0,0.0,0.0,0.0,0.0,0.0,0.0,0.0,0.0,0.0,0.0,0.0,0.0,0.0,0.0,0.0,0.0,0.0,0.0,0.0,0.0,0.0,0.0,0.0,0.0,0.0,0.0,0.0,0.0,0.0,0.0,0.0,0.0,0.0,0.0,0.0,0.0,0.0,0.0,0.0,0.0,0.0,0.0,0.0,0.0,0.0,0.0,0.0,0.0,0.0,0.0,0.0,0.0,0.0,0.0,0.0,0.0,0.0,0.0,0.0,0.0,0.0,0.0,0.0,0.0,0.0,0.0,0.0
670,0.0,0.0,0.0,0.0,0.0,0.0,0.0,0.0,0.0,0.0,0.0,0.0,0.0,0.0,0.0,0.0,0.0,0.0,0.0,0.0,0.0,0.0,0.0,0.0,0.0,0.0,0.0,0.0,0.0,0.0,0.0,0.0,0.0,0.0,0.0,0.0,0.0,0.0,0.0,0.0,0.0,0.0,0.0,0.0,0.0,0.0,0.0,0.0,0.0,0.0,0.0,0.0,0.0,0.0,0.0,0.0,0.0,0.0,0.0,0.0,0.0,0.0,0.0,0.0,0.0,0.0,0.0,0.0,0.0,0.0,0.0,0.0,0.0,0.0,0.0,0.0,0.0
671,0.0,0.0,0.0,0.0,0.0,0.0,0.0,0.0,0.0,0.0,0.0,0.0,0.0,0.0,0.0,0.0,0.0,0.0,0.0,0.0,0.0,0.0,0.0,0.0,0.0,0.0,0.0,0.0,0.0,0.0,0.0,0.0,0.0,0.0,0.0,0.0,0.0,0.0,0.0,0.0,0.0,0.0,0.0,0.0,0.0,0.0,0.0,0.0,0.0,0.0,0.0,0.0,0.0,0.0,0.0,0.0,0.0,0.0,0.0,0.0,0.0,0.0,0.0,0.0,0.0,0.0,0.0,0.0,0.0,0.0,0.0,0.0,0.0,0.0,0.0,0.0,0.0
672,0.0,0.0,0.0,0.0,0.0,0.0,0.0,0.0,0.0,0.0,0.0,0.0,0.0,0.0,0.0,0.0,0.0,0.0,0.0,0.0,0.0,0.0,0.0,0.0,0.0,0.0,0.0,0.0,0.0,0.0,0.0,0.0,0.0,0.0,0.0,0.0,0.0,0.0,0.0,0.0,0.0,0.0,0.0,0.0,0.0,0.0,0.0,0.0,0.0,0.0,0.0,0.0,0.0,0.0,0.0,0.0,0.0,0.0,0.0,0.0,0.0,0.0,0.0,0.0,0.0,0.0,0.0,0.0,0.0,0.0,0.0,0.0,0.0,0.0,0.0,0.0,0.0
673,0.0,0.0,0.0,0.0,0.0,0.0,0.0,0.0,0.0,0.0,0.0,0.0,0.0,0.0,0.0,0.0,0.0,0.0,0.0,0.0,0.0,0.0,0.0,0.0,0.0,0.0,0.0,0.0,0.0,0.0,0.0,0.0,0.0,0.0,0.0,0.0,0.0,0.0,0.0,0.0,0.0,0.0,0.0,0.0,0.0,0.0,0.0,0.0,0.0,0.0,0.0,0.0,0.0,0.0,0.0,0.0,0.0,0.0,0.0,0.0,0.0,0.0,0.0,0.0,0.0,0.0,0.0,0.0,0.0,0.0,0.0,0.0,0.0,0.0,0.0,0.0,0.0
674,0.0,0.0,0.0,0.0,0.0,0.0,0.0,0.0,0.0,0.0,0.0,0.0,0.0,0.0,0.0,0.0,0.0,0.0,0.0,0.0,0.0,0.0,0.0,0.0,0.0,0.0,0.0,0.0,0.0,0.0,0.0,0.0,0.0,0.0,0.0,0.0,0.0,0.0,0.0,0.0,0.0,0.0,0.0,0.0,0.0,0.0,0.0,0.0,0.0,0.0,0.0,0.0,0.0,0.0,0.0,0.0,0.0,0.0,0.0,0.0,0.0,0.0,0.0,0.0,0.0,0.0,0.0,0.0,0.0,0.0,0.0,0.0,0.0,0.0,0.0,0.0,0.0
675,0.0,0.0,0.0,0.0,0.0,0.0,0.0,0.0,0.0,0.0,0.0,0.0,0.0,0.0,0.0,0.0,0.0,0.0,0.0,0.0,0.0,0.0,0.0,0.0,0.0,0.0,0.0,0.0,0.0,0.0,0.0,0.0,0.0,0.0,0.0,0.0,0.0,0.0,0.0,0.0,0.0,0.0,0.0,0.0,0.0,0.0,0.0,0.0,0.0,0.0,0.0,0.0,0.0,0.0,0.0,0.0,0.0,0.0,0.0,0.0,0.0,0.0,0.0,0.0,0.0,0.0,0.0,0.0,0.0,0.0,0.0,0.0,0.0,0.0,0.0,0.0,0.0
676,0.0,0.0,0.0,0.0,0.0,0.0,0.0,0.0,0.0,0.0,0.0,0.0,0.0,0.0,0.0,0.0,0.0,0.0,0.0,0.0,0.0,0.0,0.0,0.0,0.0,0.0,0.0,0.0,0.0,0.0,0.0,0.0,0.0,0.0,0.0,0.0,0.0,0.0,0.0,0.0,0.0,0.0,0.0,0.0,0.0,0.0,0.0,0.0,0.0,0.0,0.0,0.0,0.0,0.0,0.0,0.0,0.0,0.0,0.0,0.0,0.0,0.0,0.0,0.0,0.0,0.0,0.0,0.0,0.0,0.0,0.0,0.0,0.0,0.0,0.0,0.0,0.0
677,0.0,0.0,0.0,0.0,0.0,0.0,0.0,0.0,0.0,0.0,0.0,0.0,0.0,0.0,0.0,0.0,0.0,0.0,0.0,0.0,0.0,0.0,0.0,0.0,0.0,0.0,0.0,0.0,0.0,0.0,0.0,0.0,0.0,0.0,0.0,0.0,0.0,0.0,0.0,0.0,0.0,0.0,0.0,0.0,0.0,0.0,0.0,0.0,0.0,0.0,0.0,0.0,0.0,0.0,0.0,0.0,0.0,0.0,0.0,0.0,0.0,0.0,0.0,0.0,0.0,0.0,0.0,0.0,0.0,0.0,0.0,0.0,0.0,0.0,0.0,0.0,0.0
678,0.0,0.0,0.0,0.0,0.0,0.0,0.0,0.0,0.0,0.0,0.0,0.0,0.0,0.0,0.0,0.0,0.0,0.0,0.0,0.0,0.0,0.0,0.0,0.0,0.0,0.0,0.0,0.0,0.0,0.0,0.0,0.0,0.0,0.0,0.0,0.0,0.0,0.0,0.0,0.0,0.0,0.0,0.0,0.0,0.0,0.0,0.0,0.0,0.0,0.0,0.0,0.0,0.0,0.0,0.0,0.0,0.0,0.0,0.0,0.0,0.0,0.0,0.0,0.0,0.0,0.0,0.0,0.0,0.0,0.0,0.0,0.0,0.0,0.0,0.0,0.0,0.0
679,0.0,0.0,0.0,0.0,0.0,0.0,0.0,0.0,0.0,0.0,0.0,0.0,0.0,0.0,0.0,0.0,0.0,0.0,0.0,0.0,0.0,0.0,0.0,0.0,0.0,0.0,0.0,0.0,0.0,0.0,0.0,0.0,0.0,0.0,0.0,0.0,0.0,0.0,0.0,0.0,0.0,0.0,0.0,0.0,0.0,0.0,0.0,0.0,0.0,0.0,0.0,0.0,0.0,0.0,0.0,0.0,0.0,0.0,0.0,0.0,0.0,0.0,0.0,0.0,0.0,0.0,0.0,0.0,0.0,0.0,0.0,0.0,0.0,0.0,0.0,0.0,0.0
680,0.0,0.0,0.0,0.0,0.0,0.0,0.0,0.0,0.0,0.0,0.0,0.0,0.0,0.0,0.0,0.0,0.0,0.0,0.0,0.0,0.0,0.0,0.0,0.0,0.0,0.0,0.0,0.0,0.0,0.0,0.0,0.0,0.0,0.0,0.0,0.0,0.0,0.0,0.0,0.0,0.0,0.0,0.0,0.0,0.0,0.0,0.0,0.0,0.0,0.0,0.0,0.0,0.0,0.0,0.0,0.0,0.0,0.0,0.0,0.0,0.0,0.0,0.0,0.0,0.0,0.0,0.0,0.0,0.0,0.0,0.0,0.0,0.0,0.0,0.0,0.0,0.0
681,0.0,0.0,0.0,0.0,0.0,0.0,0.0,0.0,0.0,0.0,0.0,0.0,0.0,0.0,0.0,0.0,0.0,0.0,0.0,0.0,0.0,0.0,0.0,0.0,0.0,0.0,0.0,0.0,0.0,0.0,0.0,0.0,0.0,0.0,0.0,0.0,0.0,0.0,0.0,0.0,0.0,0.0,0.0,0.0,0.0,0.0,0.0,0.0,0.0,0.0,0.0,0.0,0.0,0.0,0.0,0.0,0.0,0.0,0.0,0.0,0.0,0.0,0.0,0.0,0.0,0.0,0.0,0.0,0.0,0.0,0.0,0.0,0.0,0.0,0.0,0.0,0.0
682,0.0,0.0,0.0,0.0,0.0,0.0,0.0,0.0,0.0,0.0,0.0,0.0,0.0,0.0,0.0,0.0,0.0,0.0,0.0,0.0,0.0,0.0,0.0,0.0,0.0,0.0,0.0,0.0,0.0,0.0,0.0,0.0,0.0,0.0,0.0,0.0,0.0,0.0,0.0,0.0,0.0,0.0,0.0,0.0,0.0,0.0,0.0,0.0,0.0,0.0,0.0,0.0,0.0,0.0,0.0,0.0,0.0,0.0,0.0,0.0,0.0,0.0,0.0,0.0,0.0,0.0,0.0,0.0,0.0,0.0,0.0,0.0,0.0,0.0,0.0,0.0,0.0
683,0.0,0.0,0.0,0.0,0.0,0.0,0.0,0.0,0.0,0.0,0.0,0.0,0.0,0.0,0.0,0.0,0.0,0.0,0.0,0.0,0.0,0.0,0.0,0.0,0.0,0.0,0.0,0.0,0.0,0.0,0.0,0.0,0.0,0.0,0.0,0.0,0.0,0.0,0.0,0.0,0.0,0.0,0.0,0.0,0.0,0.0,0.0,0.0,0.0,0.0,0.0,0.0,0.0,0.0,0.0,0.0,0.0,0.0,0.0,0.0,0.0,0.0,0.0,0.0,0.0,0.0,0.0,0.0,0.0,0.0,0.0,0.0,0.0,0.0,0.0,0.0,0.0
684,0.0,0.0,0.0,0.0,0.0,0.0,0.0,0.0,0.0,0.0,0.0,0.0,0.0,0.0,0.0,0.0,0.0,0.0,0.0,0.0,0.0,0.0,0.0,0.0,0.0,0.0,0.0,0.0,0.0,0.0,0.0,0.0,0.0,0.0,0.0,0.0,0.0,0.0,0.0,0.0,0.0,0.0,0.0,0.0,0.0,0.0,0.0,0.0,0.0,0.0,0.0,0.0,0.0,0.0,0.0,0.0,0.0,0.0,0.0,0.0,0.0,0.0,0.0,0.0,0.0,0.0,0.0,0.0,0.0,0.0,0.0,0.0,0.0,0.0,0.0,0.0,0.0
685,0.0,0.0,0.0,0.0,0.0,0.0,0.0,0.0,0.0,0.0,0.0,0.0,0.0,0.0,0.0,0.0,0.0,0.0,0.0,0.0,0.0,0.0,0.0,0.0,0.0,0.0,0.0,0.0,0.0,0.0,0.0,0.0,0.0,0.0,0.0,0.0,0.0,0.0,0.0,0.0,0.0,0.0,0.0,0.0,0.0,0.0,0.0,0.0,0.0,0.0,0.0,0.0,0.0,0.0,0.0,0.0,0.0,0.0,0.0,0.0,0.0,0.0,0.0,0.0,0.0,0.0,0.0,0.0,0.0,0.0,0.0,0.0,0.0,0.0,0.0,0.0,0.0
686,0.0,0.0,0.0,0.0,0.0,0.0,0.0,0.0,0.0,0.0,0.0,0.0,0.0,0.0,0.0,0.0,0.0,0.0,0.0,0.0,0.0,0.0,0.0,0.0,0.0,0.0,0.0,0.0,0.0,0.0,0.0,0.0,0.0,0.0,0.0,0.0,0.0,0.0,0.0,0.0,0.0,0.0,0.0,0.0,0.0,0.0,0.0,0.0,0.0,0.0,0.0,0.0,0.0,0.0,0.0,0.0,0.0,0.0,0.0,0.0,0.0,0.0,0.0,0.0,0.0,0.0,0.0,0.0,0.0,0.0,0.0,0.0,0.0,0.0,0.0,0.0,0.0
687,0.0,0.0,0.0,0.0,0.0,0.0,0.0,0.0,0.0,0.0,0.0,0.0,0.0,0.0,0.0,0.0,0.0,0.0,0.0,0.0,0.0,0.0,0.0,0.0,0.0,0.0,0.0,0.0,0.0,0.0,0.0,0.0,0.0,0.0,0.0,0.0,0.0,0.0,0.0,0.0,0.0,0.0,0.0,0.0,0.0,0.0,0.0,0.0,0.0,0.0,0.0,0.0,0.0,0.0,0.0,0.0,0.0,0.0,0.0,0.0,0.0,0.0,0.0,0.0,0.0,0.0,0.0,0.0,0.0,0.0,0.0,0.0,0.0,0.0,0.0,0.0,0.0
688,0.0,0.0,0.0,0.0,0.0,0.0,0.0,0.0,0.0,0.0,0.0,0.0,0.0,0.0,0.0,0.0,0.0,0.0,0.0,0.0,0.0,0.0,0.0,0.0,0.0,0.0,0.0,0.0,0.0,0.0,0.0,0.0,0.0,0.0,0.0,0.0,0.0,0.0,0.0,0.0,0.0,0.0,0.0,0.0,0.0,0.0,0.0,0.0,0.0,0.0,0.0,0.0,0.0,0.0,0.0,0.0,0.0,0.0,0.0,0.0,0.0,0.0,0.0,0.0,0.0,0.0,0.0,0.0,0.0,0.0,0.0,0.0,0.0,0.0,0.0,0.0,0.0
689,0.0,0.0,0.0,0.0,0.0,0.0,0.0,0.0,0.0,0.0,0.0,0.0,0.0,0.0,0.0,0.0,0.0,0.0,0.0,0.0,0.0,0.0,0.0,0.0,0.0,0.0,0.0,0.0,0.0,0.0,0.0,0.0,0.0,0.0,0.0,0.0,0.0,0.0,0.0,0.0,0.0,0.0,0.0,0.0,0.0,0.0,0.0,0.0,0.0,0.0,0.0,0.0,0.0,0.0,0.0,0.0,0.0,0.0,0.0,0.0,0.0,0.0,0.0,0.0,0.0,0.0,0.0,0.0,0.0,0.0,0.0,0.0,0.0,0.0,0.0,0.0,0.0
690,0.0,0.0,0.0,0.0,0.0,0.0,0.0,0.0,0.0,0.0,0.0,0.0,0.0,0.0,0.0,0.0,0.0,0.0,0.0,0.0,0.0,0.0,0.0,0.0,0.0,0.0,0.0,0.0,0.0,0.0,0.0,0.0,0.0,0.0,0.0,0.0,0.0,0.0,0.0,0.0,0.0,0.0,0.0,0.0,0.0,0.0,0.0,0.0,0.0,0.0,0.0,0.0,0.0,0.0,0.0,0.0,0.0,0.0,0.0,0.0,0.0,0.0,0.0,0.0,0.0,0.0,0.0,0.0,0.0,0.0,0.0,0.0,0.0,0.0,0.0,0.0,0.0
691,0.0,0.0,0.0,0.0,0.0,0.0,0.0,0.0,0.0,0.0,0.0,0.0,0.0,0.0,0.0,0.0,0.0,0.0,0.0,0.0,0.0,0.0,0.0,0.0,0.0,0.0,0.0,0.0,0.0,0.0,0.0,0.0,0.0,0.0,0.0,0.0,0.0,0.0,0.0,0.0,0.0,0.0,0.0,0.0,0.0,0.0,0.0,0.0,0.0,0.0,0.0,0.0,0.0,0.0,0.0,0.0,0.0,0.0,0.0,0.0,0.0,0.0,0.0,0.0,0.0,0.0,0.0,0.0,0.0,0.0,0.0,0.0,0.0,0.0,0.0,0.0,0.0
692,0.0,0.0,0.0,0.0,0.0,0.0,0.0,0.0,0.0,0.0,0.0,0.0,0.0,0.0,0.0,0.0,0.0,0.0,0.0,0.0,0.0,0.0,0.0,0.0,0.0,0.0,0.0,0.0,0.0,0.0,0.0,0.0,0.0,0.0,0.0,0.0,0.0,0.0,0.0,0.0,0.0,0.0,0.0,0.0,0.0,0.0,0.0,0.0,0.0,0.0,0.0,0.0,0.0,0.0,0.0,0.0,0.0,0.0,0.0,0.0,0.0,0.0,0.0,0.0,0.0,0.0,0.0,0.0,0.0,0.0,0.0,0.0,0.0,0.0,0.0,0.0,0.0
693,0.0,0.0,0.0,0.0,0.0,0.0,0.0,0.0,0.0,0.0,0.0,0.0,0.0,0.0,0.0,0.0,0.0,0.0,0.0,0.0,0.0,0.0,0.0,0.0,0.0,0.0,0.0,0.0,0.0,0.0,0.0,0.0,0.0,0.0,0.0,0.0,0.0,0.0,0.0,0.0,0.0,0.0,0.0,0.0,0.0,0.0,0.0,0.0,0.0,0.0,0.0,0.0,0.0,0.0,0.0,0.0,0.0,0.0,0.0,0.0,0.0,0.0,0.0,0.0,0.0,0.0,0.0,0.0,0.0,0.0,0.0,0.0,0.0,0.0,0.0,0.0,0.0
694,0.0,0.0,0.0,0.0,0.0,0.0,0.0,0.0,0.0,0.0,0.0,0.0,0.0,0.0,0.0,0.0,0.0,0.0,0.0,0.0,0.0,0.0,0.0,0.0,0.0,0.0,0.0,0.0,0.0,0.0,0.0,0.0,0.0,0.0,0.0,0.0,0.0,0.0,0.0,0.0,0.0,0.0,0.0,0.0,0.0,0.0,0.0,0.0,0.0,0.0,0.0,0.0,0.0,0.0,0.0,0.0,0.0,0.0,0.0,0.0,0.0,0.0,0.0,0.0,0.0,0.0,0.0,0.0,0.0,0.0,0.0,0.0,0.0,0.0,0.0,0.0,0.0
695,0.0,0.0,0.0,0.0,0.0,0.0,0.0,0.0,0.0,0.0,0.0,0.0,0.0,0.0,0.0,0.0,0.0,0.0,0.0,0.0,0.0,0.0,0.0,0.0,0.0,0.0,0.0,0.0,0.0,0.0,0.0,0.0,0.0,0.0,0.0,0.0,0.0,0.0,0.0,0.0,0.0,0.0,0.0,0.0,0.0,0.0,0.0,0.0,0.0,0.0,0.0,0.0,0.0,0.0,0.0,0.0,0.0,0.0,0.0,0.0,0.0,0.0,0.0,0.0,0.0,0.0,0.0,0.0,0.0,0.0,0.0,0.0,0.0,0.0,0.0,0.0,0.0
696,0.0,0.0,0.0,0.0,0.0,0.0,0.0,0.0,0.0,0.0,0.0,0.0,0.0,0.0,0.0,0.0,0.0,0.0,0.0,0.0,0.0,0.0,0.0,0.0,0.0,0.0,0.0,0.0,0.0,0.0,0.0,0.0,0.0,0.0,0.0,0.0,0.0,0.0,0.0,0.0,0.0,0.0,0.0,0.0,0.0,0.0,0.0,0.0,0.0,0.0,0.0,0.0,0.0,0.0,0.0,0.0,0.0,0.0,0.0,0.0,0.0,0.0,0.0,0.0,0.0,0.0,0.0,0.0,0.0,0.0,0.0,0.0,0.0,0.0,0.0,0.0,0.0
697,0.0,0.0,0.0,0.0,0.0,0.0,0.0,0.0,0.0,0.0,0.0,0.0,0.0,0.0,0.0,0.0,0.0,0.0,0.0,0.0,0.0,0.0,0.0,0.0,0.0,0.0,0.0,0.0,0.0,0.0,0.0,0.0,0.0,0.0,0.0,0.0,0.0,0.0,0.0,0.0,0.0,0.0,0.0,0.0,0.0,0.0,0.0,0.0,0.0,0.0,0.0,0.0,0.0,0.0,0.0,0.0,0.0,0.0,0.0,0.0,0.0,0.0,0.0,0.0,0.0,0.0,0.0,0.0,0.0,0.0,0.0,0.0,0.0,0.0,0.0,0.0,0.0
698,0.0,0.0,0.0,0.0,0.0,0.0,0.0,0.0,0.0,0.0,0.0,0.0,0.0,0.0,0.0,0.0,0.0,0.0,0.0,0.0,0.0,0.0,0.0,0.0,0.0,0.0,0.0,0.0,0.0,0.0,0.0,0.0,0.0,0.0,0.0,0.0,0.0,0.0,0.0,0.0,0.0,0.0,0.0,0.0,0.0,0.0,0.0,0.0,0.0,0.0,0.0,0.0,0.0,0.0,0.0,0.0,0.0,0.0,0.0,0.0,0.0,0.0,0.0,0.0,0.0,0.0,0.0,0.0,0.0,0.0,0.0,0.0,0.0,0.0,0.0,0.0,0.0
699,0.0,0.0,0.0,0.0,0.0,0.0,0.0,0.0,0.0,0.0,0.0,0.0,0.0,0.0,0.0,0.0,0.0,0.0,0.0,0.0,0.0,0.0,0.0,0.0,0.0,0.0,0.0,0.0,0.0,0.0,0.0,0.0,0.0,0.0,0.0,0.0,0.0,0.0,0.0,0.0,0.0,0.0,0.0,0.0,0.0,0.0,0.0,0.0,0.0,0.0,0.0,0.0,0.0,0.0,0.0,0.0,0.0,0.0,0.0,0.0,0.0,0.0,0.0,0.0,0.0,0.0,0.0,0.0,0.0,0.0,0.0,0.0,0.0,0.0,0.0,0.0,0.0
700,0.0,0.0,0.0,0.0,0.0,0.0,0.0,0.0,0.0,0.0,0.0,0.0,0.0,0.0,0.0,0.0,0.0,0.0,0.0,0.0,0.0,0.0,0.0,0.0,0.0,0.0,0.0,0.0,0.0,0.0,0.0,0.0,0.0,0.0,0.0,0.0,0.0,0.0,0.0,0.0,0.0,0.0,0.0,0.0,0.0,0.0,0.0,0.0,0.0,0.0,0.0,0.0,0.0,0.0,0.0,0.0,0.0,0.0,0.0,0.0,0.0,0.0,0.0,0.0,0.0,0.0,0.0,0.0,0.0,0.0,0.0,0.0,0.0,0.0,0.0,0.0,0.0
701,0.0,0.0,0.0,0.0,0.0,0.0,0.0,0.0,0.0,0.0,0.0,0.0,0.0,0.0,0.0,0.0,0.0,0.0,0.0,0.0,0.0,0.0,0.0,0.0,0.0,0.0,0.0,0.0,0.0,0.0,0.0,0.0,0.0,0.0,0.0,0.0,0.0,0.0,0.0,0.0,0.0,0.0,0.0,0.0,0.0,0.0,0.0,0.0,0.0,0.0,0.0,0.0,0.0,0.0,0.0,0.0,0.0,0.0,0.0,0.0,0.0,0.0,0.0,0.0,0.0,0.0,0.0,0.0,0.0,0.0,0.0,0.0,0.0,0.0,0.0,0.0,0.0
702,0.0,0.0,0.0,0.0,0.0,0.0,0.0,0.0,0.0,0.0,0.0,0.0,0.0,0.0,0.0,0.0,0.0,0.0,0.0,0.0,0.0,0.0,0.0,0.0,0.0,0.0,0.0,0.0,0.0,0.0,0.0,0.0,0.0,0.0,0.0,0.0,0.0,0.0,0.0,0.0,0.0,0.0,0.0,0.0,0.0,0.0,0.0,0.0,0.0,0.0,0.0,0.0,0.0,0.0,0.0,0.0,0.0,0.0,0.0,0.0,0.0,0.0,0.0,0.0,0.0,0.0,0.0,0.0,0.0,0.0,0.0,0.0,0.0,0.0,0.0,0.0,0.0
703,0.0,0.0,0.0,0.0,0.0,0.0,0.0,0.0,0.0,0.0,0.0,0.0,0.0,0.0,0.0,0.0,0.0,0.0,0.0,0.0,0.0,0.0,0.0,0.0,0.0,0.0,0.0,0.0,0.0,0.0,0.0,0.0,0.0,0.0,0.0,0.0,0.0,0.0,0.0,0.0,0.0,0.0,0.0,0.0,0.0,0.0,0.0,0.0,0.0,0.0,0.0,0.0,0.0,0.0,0.0,0.0,0.0,0.0,0.0,0.0,0.0,0.0,0.0,0.0,0.0,0.0,0.0,0.0,0.0,0.0,0.0,0.0,0.0,0.0,0.0,0.0,0.0
704,0.0,0.0,0.0,0.0,0.0,0.0,0.0,0.0,0.0,0.0,0.0,0.0,0.0,0.0,0.0,0.0,0.0,0.0,0.0,0.0,0.0,0.0,0.0,0.0,0.0,0.0,0.0,0.0,0.0,0.0,0.0,0.0,0.0,0.0,0.0,0.0,0.0,0.0,0.0,0.0,0.0,0.0,0.0,0.0,0.0,0.0,0.0,0.0,0.0,0.0,0.0,0.0,0.0,0.0,0.0,0.0,0.0,0.0,0.0,0.0,0.0,0.0,0.0,0.0,0.0,0.0,0.0,0.0,0.0,0.0,0.0,0.0,0.0,0.0,0.0,0.0,0.0
705,0.0,0.0,0.0,0.0,0.0,0.0,0.0,0.0,0.0,0.0,0.0,0.0,0.0,0.0,0.0,0.0,0.0,0.0,0.0,0.0,0.0,0.0,0.0,0.0,0.0,0.0,0.0,0.0,0.0,0.0,0.0,0.0,0.0,0.0,0.0,0.0,0.0,0.0,0.0,0.0,0.0,0.0,0.0,0.0,0.0,0.0,0.0,0.0,0.0,0.0,0.0,0.0,0.0,0.0,0.0,0.0,0.0,0.0,0.0,0.0,0.0,0.0,0.0,0.0,0.0,0.0,0.0,0.0,0.0,0.0,0.0,0.0,0.0,0.0,0.0,0.0,0.0
706,0.0,0.0,0.0,0.0,0.0,0.0,0.0,0.0,0.0,0.0,0.0,0.0,0.0,0.0,0.0,0.0,0.0,0.0,0.0,0.0,0.0,0.0,0.0,0.0,0.0,0.0,0.0,0.0,0.0,0.0,0.0,0.0,0.0,0.0,0.0,0.0,0.0,0.0,0.0,0.0,0.0,0.0,0.0,0.0,0.0,0.0,0.0,0.0,0.0,0.0,0.0,0.0,0.0,0.0,0.0,0.0,0.0,0.0,0.0,0.0,0.0,0.0,0.0,0.0,0.0,0.0,0.0,0.0,0.0,0.0,0.0,0.0,0.0,0.0,0.0,0.0,0.0
707,0.0,0.0,0.0,0.0,0.0,0.0,0.0,0.0,0.0,0.0,0.0,0.0,0.0,0.0,0.0,0.0,0.0,0.0,0.0,0.0,0.0,0.0,0.0,0.0,0.0,0.0,0.0,0.0,0.0,0.0,0.0,0.0,0.0,0.0,0.0,0.0,0.0,0.0,0.0,0.0,0.0,0.0,0.0,0.0,0.0,0.0,0.0,0.0,0.0,0.0,0.0,0.0,0.0,0.0,0.0,0.0,0.0,0.0,0.0,0.0,0.0,0.0,0.0,0.0,0.0,0.0,0.0,0.0,0.0,0.0,0.0,0.0,0.0,0.0,0.0,0.0,0.0
708,0.0,0.0,0.0,0.0,0.0,0.0,0.0,0.0,0.0,0.0,0.0,0.0,0.0,0.0,0.0,0.0,0.0,0.0,0.0,0.0,0.0,0.0,0.0,0.0,0.0,0.0,0.0,0.0,0.0,0.0,0.0,0.0,0.0,0.0,0.0,0.0,0.0,0.0,0.0,0.0,0.0,0.0,0.0,0.0,0.0,0.0,0.0,0.0,0.0,0.0,0.0,0.0,0.0,0.0,0.0,0.0,0.0,0.0,0.0,0.0,0.0,0.0,0.0,0.0,0.0,0.0,0.0,0.0,0.0,0.0,0.0,0.0,0.0,0.0,0.0,0.0,0.0
709,0.0,0.0,0.0,0.0,0.0,0.0,0.0,0.0,0.0,0.0,0.0,0.0,0.0,0.0,0.0,0.0,0.0,0.0,0.0,0.0,0.0,0.0,0.0,0.0,0.0,0.0,0.0,0.0,0.0,0.0,0.0,0.0,0.0,0.0,0.0,0.0,0.0,0.0,0.0,0.0,0.0,0.0,0.0,0.0,0.0,0.0,0.0,0.0,0.0,0.0,0.0,0.0,0.0,0.0,0.0,0.0,0.0,0.0,0.0,0.0,0.0,0.0,0.0,0.0,0.0,0.0,0.0,0.0,0.0,0.0,0.0,0.0,0.0,0.0,0.0,0.0,0.0
710,0.0,0.0,0.0,0.0,0.0,0.0,0.0,0.0,0.0,0.0,0.0,0.0,0.0,0.0,0.0,0.0,0.0,0.0,0.0,0.0,0.0,0.0,0.0,0.0,0.0,0.0,0.0,0.0,0.0,0.0,0.0,0.0,0.0,0.0,0.0,0.0,0.0,0.0,0.0,0.0,0.0,0.0,0.0,0.0,0.0,0.0,0.0,0.0,0.0,0.0,0.0,0.0,0.0,0.0,0.0,0.0,0.0,0.0,0.0,0.0,0.0,0.0,0.0,0.0,0.0,0.0,0.0,0.0,0.0,0.0,0.0,0.0,0.0,0.0,0.0,0.0,0.0
711,0.0,0.0,0.0,0.0,0.0,0.0,0.0,0.0,0.0,0.0,0.0,0.0,0.0,0.0,0.0,0.0,0.0,0.0,0.0,0.0,0.0,0.0,0.0,0.0,0.0,0.0,0.0,0.0,0.0,0.0,0.0,0.0,0.0,0.0,0.0,0.0,0.0,0.0,0.0,0.0,0.0,0.0,0.0,0.0,0.0,0.0,0.0,0.0,0.0,0.0,0.0,0.0,0.0,0.0,0.0,0.0,0.0,0.0,0.0,0.0,0.0,0.0,0.0,0.0,0.0,0.0,0.0,0.0,0.0,0.0,0.0,0.0,0.0,0.0,0.0,0.0,0.0
712,0.0,0.0,0.0,0.0,0.0,0.0,0.0,0.0,0.0,0.0,0.0,0.0,0.0,0.0,0.0,0.0,0.0,0.0,0.0,0.0,0.0,0.0,0.0,0.0,0.0,0.0,0.0,0.0,0.0,0.0,0.0,0.0,0.0,0.0,0.0,0.0,0.0,0.0,0.0,0.0,0.0,0.0,0.0,0.0,0.0,0.0,0.0,0.0,0.0,0.0,0.0,0.0,0.0,0.0,0.0,0.0,0.0,0.0,0.0,0.0,0.0,0.0,0.0,0.0,0.0,0.0,0.0,0.0,0.0,0.0,0.0,0.0,0.0,0.0,0.0,0.0,0.0
713,0.0,0.0,0.0,0.0,0.0,0.0,0.0,0.0,0.0,0.0,0.0,0.0,0.0,0.0,0.0,0.0,0.0,0.0,0.0,0.0,0.0,0.0,0.0,0.0,0.0,0.0,0.0,0.0,0.0,0.0,0.0,0.0,0.0,0.0,0.0,0.0,0.0,0.0,0.0,0.0,0.0,0.0,0.0,0.0,0.0,0.0,0.0,0.0,0.0,0.0,0.0,0.0,0.0,0.0,0.0,0.0,0.0,0.0,0.0,0.0,0.0,0.0,0.0,0.0,0.0,0.0,0.0,0.0,0.0,0.0,0.0,0.0,0.0,0.0,0.0,0.0,0.0
714,0.0,0.0,0.0,0.0,0.0,0.0,0.0,0.0,0.0,0.0,0.0,0.0,0.0,0.0,0.0,0.0,0.0,0.0,0.0,0.0,0.0,0.0,0.0,0.0,0.0,0.0,0.0,0.0,0.0,0.0,0.0,0.0,0.0,0.0,0.0,0.0,0.0,0.0,0.0,0.0,0.0,0.0,0.0,0.0,0.0,0.0,0.0,0.0,0.0,0.0,0.0,0.0,0.0,0.0,0.0,0.0,0.0,0.0,0.0,0.0,0.0,0.0,0.0,0.0,0.0,0.0,0.0,0.0,0.0,0.0,0.0,0.0,0.0,0.0,0.0,0.0,0.0
715,0.0,0.0,0.0,0.0,0.0,0.0,0.0,0.0,0.0,0.0,0.0,0.0,0.0,0.0,0.0,0.0,0.0,0.0,0.0,0.0,0.0,0.0,0.0,0.0,0.0,0.0,0.0,0.0,0.0,0.0,0.0,0.0,0.0,0.0,0.0,0.0,0.0,0.0,0.0,0.0,0.0,0.0,0.0,0.0,0.0,0.0,0.0,0.0,0.0,0.0,0.0,0.0,0.0,0.0,0.0,0.0,0.0,0.0,0.0,0.0,0.0,0.0,0.0,0.0,0.0,0.0,0.0,0.0,0.0,0.0,0.0,0.0,0.0,0.0,0.0,0.0,0.0
716,0.0,0.0,0.0,0.0,0.0,0.0,0.0,0.0,0.0,0.0,0.0,0.0,0.0,0.0,0.0,0.0,0.0,0.0,0.0,0.0,0.0,0.0,0.0,0.0,0.0,0.0,0.0,0.0,0.0,0.0,0.0,0.0,0.0,0.0,0.0,0.0,0.0,0.0,0.0,0.0,0.0,0.0,0.0,0.0,0.0,0.0,0.0,0.0,0.0,0.0,0.0,0.0,0.0,0.0,0.0,0.0,0.0,0.0,0.0,0.0,0.0,0.0,0.0,0.0,0.0,0.0,0.0,0.0,0.0,0.0,0.0,0.0,0.0,0.0,0.0,0.0,0.0
717,0.0,0.0,0.0,0.0,0.0,0.0,0.0,0.0,0.0,0.0,0.0,0.0,0.0,0.0,0.0,0.0,0.0,0.0,0.0,0.0,0.0,0.0,0.0,0.0,0.0,0.0,0.0,0.0,0.0,0.0,0.0,0.0,0.0,0.0,0.0,0.0,0.0,0.0,0.0,0.0,0.0,0.0,0.0,0.0,0.0,0.0,0.0,0.0,0.0,0.0,0.0,0.0,0.0,0.0,0.0,0.0,0.0,0.0,0.0,0.0,0.0,0.0,0.0,0.0,0.0,0.0,0.0,0.0,0.0,0.0,0.0,0.0,0.0,0.0,0.0,0.0,0.0
718,0.0,0.0,0.0,0.0,0.0,0.0,0.0,0.0,0.0,0.0,0.0,0.0,0.0,0.0,0.0,0.0,0.0,0.0,0.0,0.0,0.0,0.0,0.0,0.0,0.0,0.0,0.0,0.0,0.0,0.0,0.0,0.0,0.0,0.0,0.0,0.0,0.0,0.0,0.0,0.0,0.0,0.0,0.0,0.0,0.0,0.0,0.0,0.0,0.0,0.0,0.0,0.0,0.0,0.0,0.0,0.0,0.0,0.0,0.0,0.0,0.0,0.0,0.0,0.0,0.0,0.0,0.0,0.0,0.0,0.0,0.0,0.0,0.0,0.0,0.0,0.0,0.0
719,0.0,0.0,0.0,0.0,0.0,0.0,0.0,0.0,0.0,0.0,0.0,0.0,0.0,0.0,0.0,0.0,0.0,0.0,0.0,0.0,0.0,0.0,0.0,0.0,0.0,0.0,0.0,0.0,0.0,0.0,0.0,0.0,0.0,0.0,0.0,0.0,0.0,0.0,0.0,0.0,0.0,0.0,0.0,0.0,0.0,0.0,0.0,0.0,0.0,0.0,0.0,0.0,0.0,0.0,0.0,0.0,0.0,0.0,0.0,0.0,0.0,0.0,0.0,0.0,0.0,0.0,0.0,0.0,0.0,0.0,0.0,0.0,0.0,0.0,0.0,0.0,0.0
720,0.0,0.0,0.0,0.0,0.0,0.0,0.0,0.0,0.0,0.0,0.0,0.0,0.0,0.0,0.0,0.0,0.0,0.0,0.0,0.0,0.0,0.0,0.0,0.0,0.0,0.0,0.0,0.0,0.0,0.0,0.0,0.0,0.0,0.0,0.0,0.0,0.0,0.0,0.0,0.0,0.0,0.0,0.0,0.0,0.0,0.0,0.0,0.0,0.0,0.0,0.0,0.0,0.0,0.0,0.0,0.0,0.0,0.0,0.0,0.0,0.0,0.0,0.0,0.0,0.0,0.0,0.0,0.0,0.0,0.0,0.0,0.0,0.0,0.0,0.0,0.0,0.0
721,0.0,0.0,0.0,0.0,0.0,0.0,0.0,0.0,0.0,0.0,0.0,0.0,0.0,0.0,0.0,0.0,0.0,0.0,0.0,0.0,0.0,0.0,0.0,0.0,0.0,0.0,0.0,0.0,0.0,0.0,0.0,0.0,0.0,0.0,0.0,0.0,0.0,0.0,0.0,0.0,0.0,0.0,0.0,0.0,0.0,0.0,0.0,0.0,0.0,0.0,0.0,0.0,0.0,0.0,0.0,0.0,0.0,0.0,0.0,0.0,0.0,0.0,0.0,0.0,0.0,0.0,0.0,0.0,0.0,0.0,0.0,0.0,0.0,0.0,0.0,0.0,0.0
722,0.0,0.0,0.0,0.0,0.0,0.0,0.0,0.0,0.0,0.0,0.0,0.0,0.0,0.0,0.0,0.0,0.0,0.0,0.0,0.0,0.0,0.0,0.0,0.0,0.0,0.0,0.0,0.0,0.0,0.0,0.0,0.0,0.0,0.0,0.0,0.0,0.0,0.0,0.0,0.0,0.0,0.0,0.0,0.0,0.0,0.0,0.0,0.0,0.0,0.0,0.0,0.0,0.0,0.0,0.0,0.0,0.0,0.0,0.0,0.0,0.0,0.0,0.0,0.0,0.0,0.0,0.0,0.0,0.0,0.0,0.0,0.0,0.0,0.0,0.0,0.0,0.0
723,0.0,0.0,0.0,0.0,0.0,0.0,0.0,0.0,0.0,0.0,0.0,0.0,0.0,0.0,0.0,0.0,0.0,0.0,0.0,0.0,0.0,0.0,0.0,0.0,0.0,0.0,0.0,0.0,0.0,0.0,0.0,0.0,0.0,0.0,0.0,0.0,0.0,0.0,0.0,0.0,0.0,0.0,0.0,0.0,0.0,0.0,0.0,0.0,0.0,0.0,0.0,0.0,0.0,0.0,0.0,0.0,0.0,0.0,0.0,0.0,0.0,0.0,0.0,0.0,0.0,0.0,0.0,0.0,0.0,0.0,0.0,0.0,0.0,0.0,0.0,0.0,0.0
724,0.0,0.0,0.0,0.0,0.0,0.0,0.0,0.0,0.0,0.0,0.0,0.0,0.0,0.0,0.0,0.0,0.0,0.0,0.0,0.0,0.0,0.0,0.0,0.0,0.0,0.0,0.0,0.0,0.0,0.0,0.0,0.0,0.0,0.0,0.0,0.0,0.0,0.0,0.0,0.0,0.0,0.0,0.0,0.0,0.0,0.0,0.0,0.0,0.0,0.0,0.0,0.0,0.0,0.0,0.0,0.0,0.0,0.0,0.0,0.0,0.0,0.0,0.0,0.0,0.0,0.0,0.0,0.0,0.0,0.0,0.0,0.0,0.0,0.0,0.0,0.0,0.0
725,0.0,0.0,0.0,0.0,0.0,0.0,0.0,0.0,0.0,0.0,0.0,0.0,0.0,0.0,0.0,0.0,0.0,0.0,0.0,0.0,0.0,0.0,0.0,0.0,0.0,0.0,0.0,0.0,0.0,0.0,0.0,0.0,0.0,0.0,0.0,0.0,0.0,0.0,0.0,0.0,0.0,0.0,0.0,0.0,0.0,0.0,0.0,0.0,0.0,0.0,0.0,0.0,0.0,0.0,0.0,0.0,0.0,0.0,0.0,0.0,0.0,0.0,0.0,0.0,0.0,0.0,0.0,0.0,0.0,0.0,0.0,0.0,0.0,0.0,0.0,0.0,0.0
726,0.0,0.0,0.0,0.0,0.0,0.0,0.0,0.0,0.0,0.0,0.0,0.0,0.0,0.0,0.0,0.0,0.0,0.0,0.0,0.0,0.0,0.0,0.0,0.0,0.0,0.0,0.0,0.0,0.0,0.0,0.0,0.0,0.0,0.0,0.0,0.0,0.0,0.0,0.0,0.0,0.0,0.0,0.0,0.0,0.0,0.0,0.0,0.0,0.0,0.0,0.0,0.0,0.0,0.0,0.0,0.0,0.0,0.0,0.0,0.0,0.0,0.0,0.0,0.0,0.0,0.0,0.0,0.0,0.0,0.0,0.0,0.0,0.0,0.0,0.0,0.0,0.0
727,0.0,0.0,0.0,0.0,0.0,0.0,0.0,0.0,0.0,0.0,0.0,0.0,0.0,0.0,0.0,0.0,0.0,0.0,0.0,0.0,0.0,0.0,0.0,0.0,0.0,0.0,0.0,0.0,0.0,0.0,0.0,0.0,0.0,0.0,0.0,0.0,0.0,0.0,0.0,0.0,0.0,0.0,0.0,0.0,0.0,0.0,0.0,0.0,0.0,0.0,0.0,0.0,0.0,0.0,0.0,0.0,0.0,0.0,0.0,0.0,0.0,0.0,0.0,0.0,0.0,0.0,0.0,0.0,0.0,0.0,0.0,0.0,0.0,0.0,0.0,0.0,0.0
728,0.0,0.0,0.0,0.0,0.0,0.0,0.0,0.0,0.0,0.0,0.0,0.0,0.0,0.0,0.0,0.0,0.0,0.0,0.0,0.0,0.0,0.0,0.0,0.0,0.0,0.0,0.0,0.0,0.0,0.0,0.0,0.0,0.0,0.0,0.0,0.0,0.0,0.0,0.0,0.0,0.0,0.0,0.0,0.0,0.0,0.0,0.0,0.0,0.0,0.0,0.0,0.0,0.0,0.0,0.0,0.0,0.0,0.0,0.0,0.0,0.0,0.0,0.0,0.0,0.0,0.0,0.0,0.0,0.0,0.0,0.0,0.0,0.0,0.0,0.0,0.0,0.0
729,0.0,0.0,0.0,0.0,0.0,0.0,0.0,0.0,0.0,0.0,0.0,0.0,0.0,0.0,0.0,0.0,0.0,0.0,0.0,0.0,0.0,0.0,0.0,0.0,0.0,0.0,0.0,0.0,0.0,0.0,0.0,0.0,0.0,0.0,0.0,0.0,0.0,0.0,0.0,0.0,0.0,0.0,0.0,0.0,0.0,0.0,0.0,0.0,0.0,0.0,0.0,0.0,0.0,0.0,0.0,0.0,0.0,0.0,0.0,0.0,0.0,0.0,0.0,0.0,0.0,0.0,0.0,0.0,0.0,0.0,0.0,0.0,0.0,0.0,0.0,0.0,0.0
730,0.0,0.0,0.0,0.0,0.0,0.0,0.0,0.0,0.0,0.0,0.0,0.0,0.0,0.0,0.0,0.0,0.0,0.0,0.0,0.0,0.0,0.0,0.0,0.0,0.0,0.0,0.0,0.0,0.0,0.0,0.0,0.0,0.0,0.0,0.0,0.0,0.0,0.0,0.0,0.0,0.0,0.0,0.0,0.0,0.0,0.0,0.0,0.0,0.0,0.0,0.0,0.0,0.0,0.0,0.0,0.0,0.0,0.0,0.0,0.0,0.0,0.0,0.0,0.0,0.0,0.0,0.0,0.0,0.0,0.0,0.0,0.0,0.0,0.0,0.0,0.0,0.0
731,0.0,0.0,0.0,0.0,0.0,0.0,0.0,0.0,0.0,0.0,0.0,0.0,0.0,0.0,0.0,0.0,0.0,0.0,0.0,0.0,0.0,0.0,0.0,0.0,0.0,0.0,0.0,0.0,0.0,0.0,0.0,0.0,0.0,0.0,0.0,0.0,0.0,0.0,0.0,0.0,0.0,0.0,0.0,0.0,0.0,0.0,0.0,0.0,0.0,0.0,0.0,0.0,0.0,0.0,0.0,0.0,0.0,0.0,0.0,0.0,0.0,0.0,0.0,0.0,0.0,0.0,0.0,0.0,0.0,0.0,0.0,0.0,0.0,0.0,0.0,0.0,0.0
732,0.0,0.0,0.0,0.0,0.0,0.0,0.0,0.0,0.0,0.0,0.0,0.0,0.0,0.0,0.0,0.0,0.0,0.0,0.0,0.0,0.0,0.0,0.0,0.0,0.0,0.0,0.0,0.0,0.0,0.0,0.0,0.0,0.0,0.0,0.0,0.0,0.0,0.0,0.0,0.0,0.0,0.0,0.0,0.0,0.0,0.0,0.0,0.0,0.0,0.0,0.0,0.0,0.0,0.0,0.0,0.0,0.0,0.0,0.0,0.0,0.0,0.0,0.0,0.0,0.0,0.0,0.0,0.0,0.0,0.0,0.0,0.0,0.0,0.0,0.0,0.0,0.0
733,0.0,0.0,0.0,0.0,0.0,0.0,0.0,0.0,0.0,0.0,0.0,0.0,0.0,0.0,0.0,0.0,0.0,0.0,0.0,0.0,0.0,0.0,0.0,0.0,0.0,0.0,0.0,0.0,0.0,0.0,0.0,0.0,0.0,0.0,0.0,0.0,0.0,0.0,0.0,0.0,0.0,0.0,0.0,0.0,0.0,0.0,0.0,0.0,0.0,0.0,0.0,0.0,0.0,0.0,0.0,0.0,0.0,0.0,0.0,0.0,0.0,0.0,0.0,0.0,0.0,0.0,0.0,0.0,0.0,0.0,0.0,0.0,0.0,0.0,0.0,0.0,0.0
734,0.0,0.0,0.0,0.0,0.0,0.0,0.0,0.0,0.0,0.0,0.0,0.0,0.0,0.0,0.0,0.0,0.0,0.0,0.0,0.0,0.0,0.0,0.0,0.0,0.0,0.0,0.0,0.0,0.0,0.0,0.0,0.0,0.0,0.0,0.0,0.0,0.0,0.0,0.0,0.0,0.0,0.0,0.0,0.0,0.0,0.0,0.0,0.0,0.0,0.0,0.0,0.0,0.0,0.0,0.0,0.0,0.0,0.0,0.0,0.0,0.0,0.0,0.0,0.0,0.0,0.0,0.0,0.0,0.0,0.0,0.0,0.0,0.0,0.0,0.0,0.0,0.0
735,0.0,0.0,0.0,0.0,0.0,0.0,0.0,0.0,0.0,0.0,0.0,0.0,0.0,0.0,0.0,0.0,0.0,0.0,0.0,0.0,0.0,0.0,0.0,0.0,0.0,0.0,0.0,0.0,0.0,0.0,0.0,0.0,0.0,0.0,0.0,0.0,0.0,0.0,0.0,0.0,0.0,0.0,0.0,0.0,0.0,0.0,0.0,0.0,0.0,0.0,0.0,0.0,0.0,0.0,0.0,0.0,0.0,0.0,0.0,0.0,0.0,0.0,0.0,0.0,0.0,0.0,0.0,0.0,0.0,0.0,0.0,0.0,0.0,0.0,0.0,0.0,0.0
736,0.0,0.0,0.0,0.0,0.0,0.0,0.0,0.0,0.0,0.0,0.0,0.0,0.0,0.0,0.0,0.0,0.0,0.0,0.0,0.0,0.0,0.0,0.0,0.0,0.0,0.0,0.0,0.0,0.0,0.0,0.0,0.0,0.0,0.0,0.0,0.0,0.0,0.0,0.0,0.0,0.0,0.0,0.0,0.0,0.0,0.0,0.0,0.0,0.0,0.0,0.0,0.0,0.0,0.0,0.0,0.0,0.0,0.0,0.0,0.0,0.0,0.0,0.0,0.0,0.0,0.0,0.0,0.0,0.0,0.0,0.0,0.0,0.0,0.0,0.0,0.0,0.0
737,0.0,0.0,0.0,0.0,0.0,0.0,0.0,0.0,0.0,0.0,0.0,0.0,0.0,0.0,0.0,0.0,0.0,0.0,0.0,0.0,0.0,0.0,0.0,0.0,0.0,0.0,0.0,0.0,0.0,0.0,0.0,0.0,0.0,0.0,0.0,0.0,0.0,0.0,0.0,0.0,0.0,0.0,0.0,0.0,0.0,0.0,0.0,0.0,0.0,0.0,0.0,0.0,0.0,0.0,0.0,0.0,0.0,0.0,0.0,0.0,0.0,0.0,0.0,0.0,0.0,0.0,0.0,0.0,0.0,0.0,0.0,0.0,0.0,0.0,0.0,0.0,0.0
738,0.0,0.0,0.0,0.0,0.0,0.0,0.0,0.0,0.0,0.0,0.0,0.0,0.0,0.0,0.0,0.0,0.0,0.0,0.0,0.0,0.0,0.0,0.0,0.0,0.0,0.0,0.0,0.0,0.0,0.0,0.0,0.0,0.0,0.0,0.0,0.0,0.0,0.0,0.0,0.0,0.0,0.0,0.0,0.0,0.0,0.0,0.0,0.0,0.0,0.0,0.0,0.0,0.0,0.0,0.0,0.0,0.0,0.0,0.0,0.0,0.0,0.0,0.0,0.0,0.0,0.0,0.0,0.0,0.0,0.0,0.0,0.0,0.0,0.0,0.0,0.0,0.0
739,0.0,0.0,0.0,0.0,0.0,0.0,0.0,0.0,0.0,0.0,0.0,0.0,0.0,0.0,0.0,0.0,0.0,0.0,0.0,0.0,0.0,0.0,0.0,0.0,0.0,0.0,0.0,0.0,0.0,0.0,0.0,0.0,0.0,0.0,0.0,0.0,0.0,0.0,0.0,0.0,0.0,0.0,0.0,0.0,0.0,0.0,0.0,0.0,0.0,0.0,0.0,0.0,0.0,0.0,0.0,0.0,0.0,0.0,0.0,0.0,0.0,0.0,0.0,0.0,0.0,0.0,0.0,0.0,0.0,0.0,0.0,0.0,0.0,0.0,0.0,0.0,0.0
740,0.0,0.0,0.0,0.0,0.0,0.0,0.0,0.0,0.0,0.0,0.0,0.0,0.0,0.0,0.0,0.0,0.0,0.0,0.0,0.0,0.0,0.0,0.0,0.0,0.0,0.0,0.0,0.0,0.0,0.0,0.0,0.0,0.0,0.0,0.0,0.0,0.0,0.0,0.0,0.0,0.0,0.0,0.0,0.0,0.0,0.0,0.0,0.0,0.0,0.0,0.0,0.0,0.0,0.0,0.0,0.0,0.0,0.0,0.0,0.0,0.0,0.0,0.0,0.0,0.0,0.0,0.0,0.0,0.0,0.0,0.0,0.0,0.0,0.0,0.0,0.0,0.0
741,0.0,0.0,0.0,0.0,0.0,0.0,0.0,0.0,0.0,0.0,0.0,0.0,0.0,0.0,0.0,0.0,0.0,0.0,0.0,0.0,0.0,0.0,0.0,0.0,0.0,0.0,0.0,0.0,0.0,0.0,0.0,0.0,0.0,0.0,0.0,0.0,0.0,0.0,0.0,0.0,0.0,0.0,0.0,0.0,0.0,0.0,0.0,0.0,0.0,0.0,0.0,0.0,0.0,0.0,0.0,0.0,0.0,0.0,0.0,0.0,0.0,0.0,0.0,0.0,0.0,0.0,0.0,0.0,0.0,0.0,0.0,0.0,0.0,0.0,0.0,0.0,0.0
742,0.0,0.0,0.0,0.0,0.0,0.0,0.0,0.0,0.0,0.0,0.0,0.0,0.0,0.0,0.0,0.0,0.0,0.0,0.0,0.0,0.0,0.0,0.0,0.0,0.0,0.0,0.0,0.0,0.0,0.0,0.0,0.0,0.0,0.0,0.0,0.0,0.0,0.0,0.0,0.0,0.0,0.0,0.0,0.0,0.0,0.0,0.0,0.0,0.0,0.0,0.0,0.0,0.0,0.0,0.0,0.0,0.0,0.0,0.0,0.0,0.0,0.0,0.0,0.0,0.0,0.0,0.0,0.0,0.0,0.0,0.0,0.0,0.0,0.0,0.0,0.0,0.0
743,0.0,0.0,0.0,0.0,0.0,0.0,0.0,0.0,0.0,0.0,0.0,0.0,0.0,0.0,0.0,0.0,0.0,0.0,0.0,0.0,0.0,0.0,0.0,0.0,0.0,0.0,0.0,0.0,0.0,0.0,0.0,0.0,0.0,0.0,0.0,0.0,0.0,0.0,0.0,0.0,0.0,0.0,0.0,0.0,0.0,0.0,0.0,0.0,0.0,0.0,0.0,0.0,0.0,0.0,0.0,0.0,0.0,0.0,0.0,0.0,0.0,0.0,0.0,0.0,0.0,0.0,0.0,0.0,0.0,0.0,0.0,0.0,0.0,0.0,0.0,0.0,0.0
744,0.0,0.0,0.0,0.0,0.0,0.0,0.0,0.0,0.0,0.0,0.0,0.0,0.0,0.0,0.0,0.0,0.0,0.0,0.0,0.0,0.0,0.0,0.0,0.0,0.0,0.0,0.0,0.0,0.0,0.0,0.0,0.0,0.0,0.0,0.0,0.0,0.0,0.0,0.0,0.0,0.0,0.0,0.0,0.0,0.0,0.0,0.0,0.0,0.0,0.0,0.0,0.0,0.0,0.0,0.0,0.0,0.0,0.0,0.0,0.0,0.0,0.0,0.0,0.0,0.0,0.0,0.0,0.0,0.0,0.0,0.0,0.0,0.0,0.0,0.0,0.0,0.0
745,0.0,0.0,0.0,0.0,0.0,0.0,0.0,0.0,0.0,0.0,0.0,0.0,0.0,0.0,0.0,0.0,0.0,0.0,0.0,0.0,0.0,0.0,0.0,0.0,0.0,0.0,0.0,0.0,0.0,0.0,0.0,0.0,0.0,0.0,0.0,0.0,0.0,0.0,0.0,0.0,0.0,0.0,0.0,0.0,0.0,0.0,0.0,0.0,0.0,0.0,0.0,0.0,0.0,0.0,0.0,0.0,0.0,0.0,0.0,0.0,0.0,0.0,0.0,0.0,0.0,0.0,0.0,0.0,0.0,0.0,0.0,0.0,0.0,0.0,0.0,0.0,0.0
746,0.0,0.0,0.0,0.0,0.0,0.0,0.0,0.0,0.0,0.0,0.0,0.0,0.0,0.0,0.0,0.0,0.0,0.0,0.0,0.0,0.0,0.0,0.0,0.0,0.0,0.0,0.0,0.0,0.0,0.0,0.0,0.0,0.0,0.0,0.0,0.0,0.0,0.0,0.0,0.0,0.0,0.0,0.0,0.0,0.0,0.0,0.0,0.0,0.0,0.0,0.0,0.0,0.0,0.0,0.0,0.0,0.0,0.0,0.0,0.0,0.0,0.0,0.0,0.0,0.0,0.0,0.0,0.0,0.0,0.0,0.0,0.0,0.0,0.0,0.0,0.0,0.0
747,0.0,0.0,0.0,0.0,0.0,0.0,0.0,0.0,0.0,0.0,0.0,0.0,0.0,0.0,0.0,0.0,0.0,0.0,0.0,0.0,0.0,0.0,0.0,0.0,0.0,0.0,0.0,0.0,0.0,0.0,0.0,0.0,0.0,0.0,0.0,0.0,0.0,0.0,0.0,0.0,0.0,0.0,0.0,0.0,0.0,0.0,0.0,0.0,0.0,0.0,0.0,0.0,0.0,0.0,0.0,0.0,0.0,0.0,0.0,0.0,0.0,0.0,0.0,0.0,0.0,0.0,0.0,0.0,0.0,0.0,0.0,0.0,0.0,0.0,0.0,0.0,0.0
748,0.0,0.0,0.0,0.0,0.0,0.0,0.0,0.0,0.0,0.0,0.0,0.0,0.0,0.0,0.0,0.0,0.0,0.0,0.0,0.0,0.0,0.0,0.0,0.0,0.0,0.0,0.0,0.0,0.0,0.0,0.0,0.0,0.0,0.0,0.0,0.0,0.0,0.0,0.0,0.0,0.0,0.0,0.0,0.0,0.0,0.0,0.0,0.0,0.0,0.0,0.0,0.0,0.0,0.0,0.0,0.0,0.0,0.0,0.0,0.0,0.0,0.0,0.0,0.0,0.0,0.0,0.0,0.0,0.0,0.0,0.0,0.0,0.0,0.0,0.0,0.0,0.0
749,0.0,0.0,0.0,0.0,0.0,0.0,0.0,0.0,0.0,0.0,0.0,0.0,0.0,0.0,0.0,0.0,0.0,0.0,0.0,0.0,0.0,0.0,0.0,0.0,0.0,0.0,0.0,0.0,0.0,0.0,0.0,0.0,0.0,0.0,0.0,0.0,0.0,0.0,0.0,0.0,0.0,0.0,0.0,0.0,0.0,0.0,0.0,0.0,0.0,0.0,0.0,0.0,0.0,0.0,0.0,0.0,0.0,0.0,0.0,0.0,0.0,0.0,0.0,0.0,0.0,0.0,0.0,0.0,0.0,0.0,0.0,0.0,0.0,0.0,0.0,0.0,0.0
750,0.0,0.0,0.0,0.0,0.0,0.0,0.0,0.0,0.0,0.0,0.0,0.0,0.0,0.0,0.0,0.0,0.0,0.0,0.0,0.0,0.0,0.0,0.0,0.0,0.0,0.0,0.0,0.0,0.0,0.0,0.0,0.0,0.0,0.0,0.0,0.0,0.0,0.0,0.0,0.0,0.0,0.0,0.0,0.0,0.0,0.0,0.0,0.0,0.0,0.0,0.0,0.0,0.0,0.0,0.0,0.0,0.0,0.0,0.0,0.0,0.0,0.0,0.0,0.0,0.0,0.0,0.0,0.0,0.0,0.0,0.0,0.0,0.0,0.0,0.0,0.0,0.0
751,0.0,0.0,0.0,0.0,0.0,0.0,0.0,0.0,0.0,0.0,0.0,0.0,0.0,0.0,0.0,0.0,0.0,0.0,0.0,0.0,0.0,0.0,0.0,0.0,0.0,0.0,0.0,0.0,0.0,0.0,0.0,0.0,0.0,0.0,0.0,0.0,0.0,0.0,0.0,0.0,0.0,0.0,0.0,0.0,0.0,0.0,0.0,0.0,0.0,0.0,0.0,0.0,0.0,0.0,0.0,0.0,0.0,0.0,0.0,0.0,0.0,0.0,0.0,0.0,0.0,0.0,0.0,0.0,0.0,0.0,0.0,0.0,0.0,0.0,0.0,0.0,0.0
752,0.0,0.0,0.0,0.0,0.0,0.0,0.0,0.0,0.0,0.0,0.0,0.0,0.0,0.0,0.0,0.0,0.0,0.0,0.0,0.0,0.0,0.0,0.0,0.0,0.0,0.0,0.0,0.0,0.0,0.0,0.0,0.0,0.0,0.0,0.0,0.0,0.0,0.0,0.0,0.0,0.0,0.0,0.0,0.0,0.0,0.0,0.0,0.0,0.0,0.0,0.0,0.0,0.0,0.0,0.0,0.0,0.0,0.0,0.0,0.0,0.0,0.0,0.0,0.0,0.0,0.0,0.0,0.0,0.0,0.0,0.0,0.0,0.0,0.0,0.0,0.0,0.0
753,0.0,0.0,0.0,0.0,0.0,0.0,0.0,0.0,0.0,0.0,0.0,0.0,0.0,0.0,0.0,0.0,0.0,0.0,0.0,0.0,0.0,0.0,0.0,0.0,0.0,0.0,0.0,0.0,0.0,0.0,0.0,0.0,0.0,0.0,0.0,0.0,0.0,0.0,0.0,0.0,0.0,0.0,0.0,0.0,0.0,0.0,0.0,0.0,0.0,0.0,0.0,0.0,0.0,0.0,0.0,0.0,0.0,0.0,0.0,0.0,0.0,0.0,0.0,0.0,0.0,0.0,0.0,0.0,0.0,0.0,0.0,0.0,0.0,0.0,0.0,0.0,0.0
754,0.0,0.0,0.0,0.0,0.0,0.0,0.0,0.0,0.0,0.0,0.0,0.0,0.0,0.0,0.0,0.0,0.0,0.0,0.0,0.0,0.0,0.0,0.0,0.0,0.0,0.0,0.0,0.0,0.0,0.0,0.0,0.0,0.0,0.0,0.0,0.0,0.0,0.0,0.0,0.0,0.0,0.0,0.0,0.0,0.0,0.0,0.0,0.0,0.0,0.0,0.0,0.0,0.0,0.0,0.0,0.0,0.0,0.0,0.0,0.0,0.0,0.0,0.0,0.0,0.0,0.0,0.0,0.0,0.0,0.0,0.0,0.0,0.0,0.0,0.0,0.0,0.0
755,0.0,0.0,0.0,0.0,0.0,0.0,0.0,0.0,0.0,0.0,0.0,0.0,0.0,0.0,0.0,0.0,0.0,0.0,0.0,0.0,0.0,0.0,0.0,0.0,0.0,0.0,0.0,0.0,0.0,0.0,0.0,0.0,0.0,0.0,0.0,0.0,0.0,0.0,0.0,0.0,0.0,0.0,0.0,0.0,0.0,0.0,0.0,0.0,0.0,0.0,0.0,0.0,0.0,0.0,0.0,0.0,0.0,0.0,0.0,0.0,0.0,0.0,0.0,0.0,0.0,0.0,0.0,0.0,0.0,0.0,0.0,0.0,0.0,0.0,0.0,0.0,0.0
756,0.0,0.0,0.0,0.0,0.0,0.0,0.0,0.0,0.0,0.0,0.0,0.0,0.0,0.0,0.0,0.0,0.0,0.0,0.0,0.0,0.0,0.0,0.0,0.0,0.0,0.0,0.0,0.0,0.0,0.0,0.0,0.0,0.0,0.0,0.0,0.0,0.0,0.0,0.0,0.0,0.0,0.0,0.0,0.0,0.0,0.0,0.0,0.0,0.0,0.0,0.0,0.0,0.0,0.0,0.0,0.0,0.0,0.0,0.0,0.0,0.0,0.0,0.0,0.0,0.0,0.0,0.0,0.0,0.0,0.0,0.0,0.0,0.0,0.0,0.0,0.0,0.0
757,0.0,0.0,0.0,0.0,0.0,0.0,0.0,0.0,0.0,0.0,0.0,0.0,0.0,0.0,0.0,0.0,0.0,0.0,0.0,0.0,0.0,0.0,0.0,0.0,0.0,0.0,0.0,0.0,0.0,0.0,0.0,0.0,0.0,0.0,0.0,0.0,0.0,0.0,0.0,0.0,0.0,0.0,0.0,0.0,0.0,0.0,0.0,0.0,0.0,0.0,0.0,0.0,0.0,0.0,0.0,0.0,0.0,0.0,0.0,0.0,0.0,0.0,0.0,0.0,0.0,0.0,0.0,0.0,0.0,0.0,0.0,0.0,0.0,0.0,0.0,0.0,0.0
758,0.0,0.0,0.0,0.0,0.0,0.0,0.0,0.0,0.0,0.0,0.0,0.0,0.0,0.0,0.0,0.0,0.0,0.0,0.0,0.0,0.0,0.0,0.0,0.0,0.0,0.0,0.0,0.0,0.0,0.0,0.0,0.0,0.0,0.0,0.0,0.0,0.0,0.0,0.0,0.0,0.0,0.0,0.0,0.0,0.0,0.0,0.0,0.0,0.0,0.0,0.0,0.0,0.0,0.0,0.0,0.0,0.0,0.0,0.0,0.0,0.0,0.0,0.0,0.0,0.0,0.0,0.0,0.0,0.0,0.0,0.0,0.0,0.0,0.0,0.0,0.0,0.0
759,0.0,0.0,0.0,0.0,0.0,0.0,0.0,0.0,0.0,0.0,0.0,0.0,0.0,0.0,0.0,0.0,0.0,0.0,0.0,0.0,0.0,0.0,0.0,0.0,0.0,0.0,0.0,0.0,0.0,0.0,0.0,0.0,0.0,0.0,0.0,0.0,0.0,0.0,0.0,0.0,0.0,0.0,0.0,0.0,0.0,0.0,0.0,0.0,0.0,0.0,0.0,0.0,0.0,0.0,0.0,0.0,0.0,0.0,0.0,0.0,0.0,0.0,0.0,0.0,0.0,0.0,0.0,0.0,0.0,0.0,0.0,0.0,0.0,0.0,0.0,0.0,0.0
760,0.0,0.0,0.0,0.0,0.0,0.0,0.0,0.0,0.0,0.0,0.0,0.0,0.0,0.0,0.0,0.0,0.0,0.0,0.0,0.0,0.0,0.0,0.0,0.0,0.0,0.0,0.0,0.0,0.0,0.0,0.0,0.0,0.0,0.0,0.0,0.0,0.0,0.0,0.0,0.0,0.0,0.0,0.0,0.0,0.0,0.0,0.0,0.0,0.0,0.0,0.0,0.0,0.0,0.0,0.0,0.0,0.0,0.0,0.0,0.0,0.0,0.0,0.0,0.0,0.0,0.0,0.0,0.0,0.0,0.0,0.0,0.0,0.0,0.0,0.0,0.0,0.0
761,0.0,0.0,0.0,0.0,0.0,0.0,0.0,0.0,0.0,0.0,0.0,0.0,0.0,0.0,0.0,0.0,0.0,0.0,0.0,0.0,0.0,0.0,0.0,0.0,0.0,0.0,0.0,0.0,0.0,0.0,0.0,0.0,0.0,0.0,0.0,0.0,0.0,0.0,0.0,0.0,0.0,0.0,0.0,0.0,0.0,0.0,0.0,0.0,0.0,0.0,0.0,0.0,0.0,0.0,0.0,0.0,0.0,0.0,0.0,0.0,0.0,0.0,0.0,0.0,0.0,0.0,0.0,0.0,0.0,0.0,0.0,0.0,0.0,0.0,0.0,0.0,0.0
762,0.0,0.0,0.0,0.0,0.0,0.0,0.0,0.0,0.0,0.0,0.0,0.0,0.0,0.0,0.0,0.0,0.0,0.0,0.0,0.0,0.0,0.0,0.0,0.0,0.0,0.0,0.0,0.0,0.0,0.0,0.0,0.0,0.0,0.0,0.0,0.0,0.0,0.0,0.0,0.0,0.0,0.0,0.0,0.0,0.0,0.0,0.0,0.0,0.0,0.0,0.0,0.0,0.0,0.0,0.0,0.0,0.0,0.0,0.0,0.0,0.0,0.0,0.0,0.0,0.0,0.0,0.0,0.0,0.0,0.0,0.0,0.0,0.0,0.0,0.0,0.0,0.0
763,0.0,0.0,0.0,0.0,0.0,0.0,0.0,0.0,0.0,0.0,0.0,0.0,0.0,0.0,0.0,0.0,0.0,0.0,0.0,0.0,0.0,0.0,0.0,0.0,0.0,0.0,0.0,0.0,0.0,0.0,0.0,0.0,0.0,0.0,0.0,0.0,0.0,0.0,0.0,0.0,0.0,0.0,0.0,0.0,0.0,0.0,0.0,0.0,0.0,0.0,0.0,0.0,0.0,0.0,0.0,0.0,0.0,0.0,0.0,0.0,0.0,0.0,0.0,0.0,0.0,0.0,0.0,0.0,0.0,0.0,0.0,0.0,0.0,0.0,0.0,0.0,0.0
764,0.0,0.0,0.0,0.0,0.0,0.0,0.0,0.0,0.0,0.0,0.0,0.0,0.0,0.0,0.0,0.0,0.0,0.0,0.0,0.0,0.0,0.0,0.0,0.0,0.0,0.0,0.0,0.0,0.0,0.0,0.0,0.0,0.0,0.0,0.0,0.0,0.0,0.0,0.0,0.0,0.0,0.0,0.0,0.0,0.0,0.0,0.0,0.0,0.0,0.0,0.0,0.0,0.0,0.0,0.0,0.0,0.0,0.0,0.0,0.0,0.0,0.0,0.0,0.0,0.0,0.0,0.0,0.0,0.0,0.0,0.0,0.0,0.0,0.0,0.0,0.0,0.0
765,0.0,0.0,0.0,0.0,0.0,0.0,0.0,0.0,0.0,0.0,0.0,0.0,0.0,0.0,0.0,0.0,0.0,0.0,0.0,0.0,0.0,0.0,0.0,0.0,0.0,0.0,0.0,0.0,0.0,0.0,0.0,0.0,0.0,0.0,0.0,0.0,0.0,0.0,0.0,0.0,0.0,0.0,0.0,0.0,0.0,0.0,0.0,0.0,0.0,0.0,0.0,0.0,0.0,0.0,0.0,0.0,0.0,0.0,0.0,0.0,0.0,0.0,0.0,0.0,0.0,0.0,0.0,0.0,0.0,0.0,0.0,0.0,0.0,0.0,0.0,0.0,0.0
766,0.0,0.0,0.0,0.0,0.0,0.0,0.0,0.0,0.0,0.0,0.0,0.0,0.0,0.0,0.0,0.0,0.0,0.0,0.0,0.0,0.0,0.0,0.0,0.0,0.0,0.0,0.0,0.0,0.0,0.0,0.0,0.0,0.0,0.0,0.0,0.0,0.0,0.0,0.0,0.0,0.0,0.0,0.0,0.0,0.0,0.0,0.0,0.0,0.0,0.0,0.0,0.0,0.0,0.0,0.0,0.0,0.0,0.0,0.0,0.0,0.0,0.0,0.0,0.0,0.0,0.0,0.0,0.0,0.0,0.0,0.0,0.0,0.0,0.0,0.0,0.0,0.0
767,0.0,0.0,0.0,0.0,0.0,0.0,0.0,0.0,0.0,0.0,0.0,0.0,0.0,0.0,0.0,0.0,0.0,0.0,0.0,0.0,0.0,0.0,0.0,0.0,0.0,0.0,0.0,0.0,0.0,0.0,0.0,0.0,0.0,0.0,0.0,0.0,0.0,0.0,0.0,0.0,0.0,0.0,0.0,0.0,0.0,0.0,0.0,0.0,0.0,0.0,0.0,0.0,0.0,0.0,0.0,0.0,0.0,0.0,0.0,0.0,0.0,0.0,0.0,0.0,0.0,0.0,0.0,0.0,0.0,0.0,0.0,0.0,0.0,0.0,0.0,0.0,0.0
768,0.0,0.0,0.0,0.0,0.0,0.0,0.0,0.0,0.0,0.0,0.0,0.0,0.0,0.0,0.0,0.0,0.0,0.0,0.0,0.0,0.0,0.0,0.0,0.0,0.0,0.0,0.0,0.0,0.0,0.0,0.0,0.0,0.0,0.0,0.0,0.0,0.0,0.0,0.0,0.0,0.0,0.0,0.0,0.0,0.0,0.0,0.0,0.0,0.0,0.0,0.0,0.0,0.0,0.0,0.0,0.0,0.0,0.0,0.0,0.0,0.0,0.0,0.0,0.0,0.0,0.0,0.0,0.0,0.0,0.0,0.0,0.0,0.0,0.0,0.0,0.0,0.0
769,0.0,0.0,0.0,0.0,0.0,0.0,0.0,0.0,0.0,0.0,0.0,0.0,0.0,0.0,0.0,0.0,0.0,0.0,0.0,0.0,0.0,0.0,0.0,0.0,0.0,0.0,0.0,0.0,0.0,0.0,0.0,0.0,0.0,0.0,0.0,0.0,0.0,0.0,0.0,0.0,0.0,0.0,0.0,0.0,0.0,0.0,0.0,0.0,0.0,0.0,0.0,0.0,0.0,0.0,0.0,0.0,0.0,0.0,0.0,0.0,0.0,0.0,0.0,0.0,0.0,0.0,0.0,0.0,0.0,0.0,0.0,0.0,0.0,0.0,0.0,0.0,0.0
770,0.0,0.0,0.0,0.0,0.0,0.0,0.0,0.0,0.0,0.0,0.0,0.0,0.0,0.0,0.0,0.0,0.0,0.0,0.0,0.0,0.0,0.0,0.0,0.0,0.0,0.0,0.0,0.0,0.0,0.0,0.0,0.0,0.0,0.0,0.0,0.0,0.0,0.0,0.0,0.0,0.0,0.0,0.0,0.0,0.0,0.0,0.0,0.0,0.0,0.0,0.0,0.0,0.0,0.0,0.0,0.0,0.0,0.0,0.0,0.0,0.0,0.0,0.0,0.0,0.0,0.0,0.0,0.0,0.0,0.0,0.0,0.0,0.0,0.0,0.0,0.0,0.0
771,0.0,0.0,0.0,0.0,0.0,0.0,0.0,0.0,0.0,0.0,0.0,0.0,0.0,0.0,0.0,0.0,0.0,0.0,0.0,0.0,0.0,0.0,0.0,0.0,0.0,0.0,0.0,0.0,0.0,0.0,0.0,0.0,0.0,0.0,0.0,0.0,0.0,0.0,0.0,0.0,0.0,0.0,0.0,0.0,0.0,0.0,0.0,0.0,0.0,0.0,0.0,0.0,0.0,0.0,0.0,0.0,0.0,0.0,0.0,0.0,0.0,0.0,0.0,0.0,0.0,0.0,0.0,0.0,0.0,0.0,0.0,0.0,0.0,0.0,0.0,0.0,0.0
772,0.0,0.0,0.0,0.0,0.0,0.0,0.0,0.0,0.0,0.0,0.0,0.0,0.0,0.0,0.0,0.0,0.0,0.0,0.0,0.0,0.0,0.0,0.0,0.0,0.0,0.0,0.0,0.0,0.0,0.0,0.0,0.0,0.0,0.0,0.0,0.0,0.0,0.0,0.0,0.0,0.0,0.0,0.0,0.0,0.0,0.0,0.0,0.0,0.0,0.0,0.0,0.0,0.0,0.0,0.0,0.0,0.0,0.0,0.0,0.0,0.0,0.0,0.0,0.0,0.0,0.0,0.0,0.0,0.0,0.0,0.0,0.0,0.0,0.0,0.0,0.0,0.0
773,0.0,0.0,0.0,0.0,0.0,0.0,0.0,0.0,0.0,0.0,0.0,0.0,0.0,0.0,0.0,0.0,0.0,0.0,0.0,0.0,0.0,0.0,0.0,0.0,0.0,0.0,0.0,0.0,0.0,0.0,0.0,0.0,0.0,0.0,0.0,0.0,0.0,0.0,0.0,0.0,0.0,0.0,0.0,0.0,0.0,0.0,0.0,0.0,0.0,0.0,0.0,0.0,0.0,0.0,0.0,0.0,0.0,0.0,0.0,0.0,0.0,0.0,0.0,0.0,0.0,0.0,0.0,0.0,0.0,0.0,0.0,0.0,0.0,0.0,0.0,0.0,0.0
774,0.0,0.0,0.0,0.0,0.0,0.0,0.0,0.0,0.0,0.0,0.0,0.0,0.0,0.0,0.0,0.0,0.0,0.0,0.0,0.0,0.0,0.0,0.0,0.0,0.0,0.0,0.0,0.0,0.0,0.0,0.0,0.0,0.0,0.0,0.0,0.0,0.0,0.0,0.0,0.0,0.0,0.0,0.0,0.0,0.0,0.0,0.0,0.0,0.0,0.0,0.0,0.0,0.0,0.0,0.0,0.0,0.0,0.0,0.0,0.0,0.0,0.0,0.0,0.0,0.0,0.0,0.0,0.0,0.0,0.0,0.0,0.0,0.0,0.0,0.0,0.0,0.0
775,0.0,0.0,0.0,0.0,0.0,0.0,0.0,0.0,0.0,0.0,0.0,0.0,0.0,0.0,0.0,0.0,0.0,0.0,0.0,0.0,0.0,0.0,0.0,0.0,0.0,0.0,0.0,0.0,0.0,0.0,0.0,0.0,0.0,0.0,0.0,0.0,0.0,0.0,0.0,0.0,0.0,0.0,0.0,0.0,0.0,0.0,0.0,0.0,0.0,0.0,0.0,0.0,0.0,0.0,0.0,0.0,0.0,0.0,0.0,0.0,0.0,0.0,0.0,0.0,0.0,0.0,0.0,0.0,0.0,0.0,0.0,0.0,0.0,0.0,0.0,0.0,0.0
776,0.0,0.0,0.0,0.0,0.0,0.0,0.0,0.0,0.0,0.0,0.0,0.0,0.0,0.0,0.0,0.0,0.0,0.0,0.0,0.0,0.0,0.0,0.0,0.0,0.0,0.0,0.0,0.0,0.0,0.0,0.0,0.0,0.0,0.0,0.0,0.0,0.0,0.0,0.0,0.0,0.0,0.0,0.0,0.0,0.0,0.0,0.0,0.0,0.0,0.0,0.0,0.0,0.0,0.0,0.0,0.0,0.0,0.0,0.0,0.0,0.0,0.0,0.0,0.0,0.0,0.0,0.0,0.0,0.0,0.0,0.0,0.0,0.0,0.0,0.0,0.0,0.0
777,0.0,0.0,0.0,0.0,0.0,0.0,0.0,0.0,0.0,0.0,0.0,0.0,0.0,0.0,0.0,0.0,0.0,0.0,0.0,0.0,0.0,0.0,0.0,0.0,0.0,0.0,0.0,0.0,0.0,0.0,0.0,0.0,0.0,0.0,0.0,0.0,0.0,0.0,0.0,0.0,0.0,0.0,0.0,0.0,0.0,0.0,0.0,0.0,0.0,0.0,0.0,0.0,0.0,0.0,0.0,0.0,0.0,0.0,0.0,0.0,0.0,0.0,0.0,0.0,0.0,0.0,0.0,0.0,0.0,0.0,0.0,0.0,0.0,0.0,0.0,0.0,0.0
778,0.0,0.0,0.0,0.0,0.0,0.0,0.0,0.0,0.0,0.0,0.0,0.0,0.0,0.0,0.0,0.0,0.0,0.0,0.0,0.0,0.0,0.0,0.0,0.0,0.0,0.0,0.0,0.0,0.0,0.0,0.0,0.0,0.0,0.0,0.0,0.0,0.0,0.0,0.0,0.0,0.0,0.0,0.0,0.0,0.0,0.0,0.0,0.0,0.0,0.0,0.0,0.0,0.0,0.0,0.0,0.0,0.0,0.0,0.0,0.0,0.0,0.0,0.0,0.0,0.0,0.0,0.0,0.0,0.0,0.0,0.0,0.0,0.0,0.0,0.0,0.0,0.0
779,0.0,0.0,0.0,0.0,0.0,0.0,0.0,0.0,0.0,0.0,0.0,0.0,0.0,0.0,0.0,0.0,0.0,0.0,0.0,0.0,0.0,0.0,0.0,0.0,0.0,0.0,0.0,0.0,0.0,0.0,0.0,0.0,0.0,0.0,0.0,0.0,0.0,0.0,0.0,0.0,0.0,0.0,0.0,0.0,0.0,0.0,0.0,0.0,0.0,0.0,0.0,0.0,0.0,0.0,0.0,0.0,0.0,0.0,0.0,0.0,0.0,0.0,0.0,0.0,0.0,0.0,0.0,0.0,0.0,0.0,0.0,0.0,0.0,0.0,0.0,0.0,0.0
780,0.0,0.0,0.0,0.0,0.0,0.0,0.0,0.0,0.0,0.0,0.0,0.0,0.0,0.0,0.0,0.0,0.0,0.0,0.0,0.0,0.0,0.0,0.0,0.0,0.0,0.0,0.0,0.0,0.0,0.0,0.0,0.0,0.0,0.0,0.0,0.0,0.0,0.0,0.0,0.0,0.0,0.0,0.0,0.0,0.0,0.0,0.0,0.0,0.0,0.0,0.0,0.0,0.0,0.0,0.0,0.0,0.0,0.0,0.0,0.0,0.0,0.0,0.0,0.0,0.0,0.0,0.0,0.0,0.0,0.0,0.0,0.0,0.0,0.0,0.0,0.0,0.0
781,0.0,0.0,0.0,0.0,0.0,0.0,0.0,0.0,0.0,0.0,0.0,0.0,0.0,0.0,0.0,0.0,0.0,0.0,0.0,0.0,0.0,0.0,0.0,0.0,0.0,0.0,0.0,0.0,0.0,0.0,0.0,0.0,0.0,0.0,0.0,0.0,0.0,0.0,0.0,0.0,0.0,0.0,0.0,0.0,0.0,0.0,0.0,0.0,0.0,0.0,0.0,0.0,0.0,0.0,0.0,0.0,0.0,0.0,0.0,0.0,0.0,0.0,0.0,0.0,0.0,0.0,0.0,0.0,0.0,0.0,0.0,0.0,0.0,0.0,0.0,0.0,0.0
782,0.0,0.0,0.0,0.0,0.0,0.0,0.0,0.0,0.0,0.0,0.0,0.0,0.0,0.0,0.0,0.0,0.0,0.0,0.0,0.0,0.0,0.0,0.0,0.0,0.0,0.0,0.0,0.0,0.0,0.0,0.0,0.0,0.0,0.0,0.0,0.0,0.0,0.0,0.0,0.0,0.0,0.0,0.0,0.0,0.0,0.0,0.0,0.0,0.0,0.0,0.0,0.0,0.0,0.0,0.0,0.0,0.0,0.0,0.0,0.0,0.0,0.0,0.0,0.0,0.0,0.0,0.0,0.0,0.0,0.0,0.0,0.0,0.0,0.0,0.0,0.0,0.0
783,0.0,0.0,0.0,0.0,0.0,0.0,0.0,0.0,0.0,0.0,0.0,0.0,0.0,0.0,0.0,0.0,0.0,0.0,0.0,0.0,0.0,0.0,0.0,0.0,0.0,0.0,0.0,0.0,0.0,0.0,0.0,0.0,0.0,0.0,0.0,0.0,0.0,0.0,0.0,0.0,0.0,0.0,0.0,0.0,0.0,0.0,0.0,0.0,0.0,0.0,0.0,0.0,0.0,0.0,0.0,0.0,0.0,0.0,0.0,0.0,0.0,0.0,0.0,0.0,0.0,0.0,0.0,0.0,0.0,0.0,0.0,0.0,0.0,0.0,0.0,0.0,0.0
784,0.0,0.0,0.0,0.0,0.0,0.0,0.0,0.0,0.0,0.0,0.0,0.0,0.0,0.0,0.0,0.0,0.0,0.0,0.0,0.0,0.0,0.0,0.0,0.0,0.0,0.0,0.0,0.0,0.0,0.0,0.0,0.0,0.0,0.0,0.0,0.0,0.0,0.0,0.0,0.0,0.0,0.0,0.0,0.0,0.0,0.0,0.0,0.0,0.0,0.0,0.0,0.0,0.0,0.0,0.0,0.0,0.0,0.0,0.0,0.0,0.0,0.0,0.0,0.0,0.0,0.0,0.0,0.0,0.0,0.0,0.0,0.0,0.0,0.0,0.0,0.0,0.0
785,0.0,0.0,0.0,0.0,0.0,0.0,0.0,0.0,0.0,0.0,0.0,0.0,0.0,0.0,0.0,0.0,0.0,0.0,0.0,0.0,0.0,0.0,0.0,0.0,0.0,0.0,0.0,0.0,0.0,0.0,0.0,0.0,0.0,0.0,0.0,0.0,0.0,0.0,0.0,0.0,0.0,0.0,0.0,0.0,0.0,0.0,0.0,0.0,0.0,0.0,0.0,0.0,0.0,0.0,0.0,0.0,0.0,0.0,0.0,0.0,0.0,0.0,0.0,0.0,0.0,0.0,0.0,0.0,0.0,0.0,0.0,0.0,0.0,0.0,0.0,0.0,0.0
786,0.0,0.0,0.0,0.0,0.0,0.0,0.0,0.0,0.0,0.0,0.0,0.0,0.0,0.0,0.0,0.0,0.0,0.0,0.0,0.0,0.0,0.0,0.0,0.0,0.0,0.0,0.0,0.0,0.0,0.0,0.0,0.0,0.0,0.0,0.0,0.0,0.0,0.0,0.0,0.0,0.0,0.0,0.0,0.0,0.0,0.0,0.0,0.0,0.0,0.0,0.0,0.0,0.0,0.0,0.0,0.0,0.0,0.0,0.0,0.0,0.0,0.0,0.0,0.0,0.0,0.0,0.0,0.0,0.0,0.0,0.0,0.0,0.0,0.0,0.0,0.0,0.0
787,0.0,0.0,0.0,0.0,0.0,0.0,0.0,0.0,0.0,0.0,0.0,0.0,0.0,0.0,0.0,0.0,0.0,0.0,0.0,0.0,0.0,0.0,0.0,0.0,0.0,0.0,0.0,0.0,0.0,0.0,0.0,0.0,0.0,0.0,0.0,0.0,0.0,0.0,0.0,0.0,0.0,0.0,0.0,0.0,0.0,0.0,0.0,0.0,0.0,0.0,0.0,0.0,0.0,0.0,0.0,0.0,0.0,0.0,0.0,0.0,0.0,0.0,0.0,0.0,0.0,0.0,0.0,0.0,0.0,0.0,0.0,0.0,0.0,0.0,0.0,0.0,0.0
788,0.0,0.0,0.0,0.0,0.0,0.0,0.0,0.0,0.0,0.0,0.0,0.0,0.0,0.0,0.0,0.0,0.0,0.0,0.0,0.0,0.0,0.0,0.0,0.0,0.0,0.0,0.0,0.0,0.0,0.0,0.0,0.0,0.0,0.0,0.0,0.0,0.0,0.0,0.0,0.0,0.0,0.0,0.0,0.0,0.0,0.0,0.0,0.0,0.0,0.0,0.0,0.0,0.0,0.0,0.0,0.0,0.0,0.0,0.0,0.0,0.0,0.0,0.0,0.0,0.0,0.0,0.0,0.0,0.0,0.0,0.0,0.0,0.0,0.0,0.0,0.0,0.0
789,0.0,0.0,0.0,0.0,0.0,0.0,0.0,0.0,0.0,0.0,0.0,0.0,0.0,0.0,0.0,0.0,0.0,0.0,0.0,0.0,0.0,0.0,0.0,0.0,0.0,0.0,0.0,0.0,0.0,0.0,0.0,0.0,0.0,0.0,0.0,0.0,0.0,0.0,0.0,0.0,0.0,0.0,0.0,0.0,0.0,0.0,0.0,0.0,0.0,0.0,0.0,0.0,0.0,0.0,0.0,0.0,0.0,0.0,0.0,0.0,0.0,0.0,0.0,0.0,0.0,0.0,0.0,0.0,0.0,0.0,0.0,0.0,0.0,0.0,0.0,0.0,0.0
790,0.0,0.0,0.0,0.0,0.0,0.0,0.0,0.0,0.0,0.0,0.0,0.0,0.0,0.0,0.0,0.0,0.0,0.0,0.0,0.0,0.0,0.0,0.0,0.0,0.0,0.0,0.0,0.0,0.0,0.0,0.0,0.0,0.0,0.0,0.0,0.0,0.0,0.0,0.0,0.0,0.0,0.0,0.0,0.0,0.0,0.0,0.0,0.0,0.0,0.0,0.0,0.0,0.0,0.0,0.0,0.0,0.0,0.0,0.0,0.0,0.0,0.0,0.0,0.0,0.0,0.0,0.0,0.0,0.0,0.0,0.0,0.0,0.0,0.0,0.0,0.0,0.0
791,0.0,0.0,0.0,0.0,0.0,0.0,0.0,0.0,0.0,0.0,0.0,0.0,0.0,0.0,0.0,0.0,0.0,0.0,0.0,0.0,0.0,0.0,0.0,0.0,0.0,0.0,0.0,0.0,0.0,0.0,0.0,0.0,0.0,0.0,0.0,0.0,0.0,0.0,0.0,0.0,0.0,0.0,0.0,0.0,0.0,0.0,0.0,0.0,0.0,0.0,0.0,0.0,0.0,0.0,0.0,0.0,0.0,0.0,0.0,0.0,0.0,0.0,0.0,0.0,0.0,0.0,0.0,0.0,0.0,0.0,0.0,0.0,0.0,0.0,0.0,0.0,0.0
792,0.0,0.0,0.0,0.0,0.0,0.0,0.0,0.0,0.0,0.0,0.0,0.0,0.0,0.0,0.0,0.0,0.0,0.0,0.0,0.0,0.0,0.0,0.0,0.0,0.0,0.0,0.0,0.0,0.0,0.0,0.0,0.0,0.0,0.0,0.0,0.0,0.0,0.0,0.0,0.0,0.0,0.0,0.0,0.0,0.0,0.0,0.0,0.0,0.0,0.0,0.0,0.0,0.0,0.0,0.0,0.0,0.0,0.0,0.0,0.0,0.0,0.0,0.0,0.0,0.0,0.0,0.0,0.0,0.0,0.0,0.0,0.0,0.0,0.0,0.0,0.0,0.0
793,0.0,0.0,0.0,0.0,0.0,0.0,0.0,0.0,0.0,0.0,0.0,0.0,0.0,0.0,0.0,0.0,0.0,0.0,0.0,0.0,0.0,0.0,0.0,0.0,0.0,0.0,0.0,0.0,0.0,0.0,0.0,0.0,0.0,0.0,0.0,0.0,0.0,0.0,0.0,0.0,0.0,0.0,0.0,0.0,0.0,0.0,0.0,0.0,0.0,0.0,0.0,0.0,0.0,0.0,0.0,0.0,0.0,0.0,0.0,0.0,0.0,0.0,0.0,0.0,0.0,0.0,0.0,0.0,0.0,0.0,0.0,0.0,0.0,0.0,0.0,0.0,0.0
794,0.0,0.0,0.0,0.0,0.0,0.0,0.0,0.0,0.0,0.0,0.0,0.0,0.0,0.0,0.0,0.0,0.0,0.0,0.0,0.0,0.0,0.0,0.0,0.0,0.0,0.0,0.0,0.0,0.0,0.0,0.0,0.0,0.0,0.0,0.0,0.0,0.0,0.0,0.0,0.0,0.0,0.0,0.0,0.0,0.0,0.0,0.0,0.0,0.0,0.0,0.0,0.0,0.0,0.0,0.0,0.0,0.0,0.0,0.0,0.0,0.0,0.0,0.0,0.0,0.0,0.0,0.0,0.0,0.0,0.0,0.0,0.0,0.0,0.0,0.0,0.0,0.0
795,0.0,0.0,0.0,0.0,0.0,0.0,0.0,0.0,0.0,0.0,0.0,0.0,0.0,0.0,0.0,0.0,0.0,0.0,0.0,0.0,0.0,0.0,0.0,0.0,0.0,0.0,0.0,0.0,0.0,0.0,0.0,0.0,0.0,0.0,0.0,0.0,0.0,0.0,0.0,0.0,0.0,0.0,0.0,0.0,0.0,0.0,0.0,0.0,0.0,0.0,0.0,0.0,0.0,0.0,0.0,0.0,0.0,0.0,0.0,0.0,0.0,0.0,0.0,0.0,0.0,0.0,0.0,0.0,0.0,0.0,0.0,0.0,0.0,0.0,0.0,0.0,0.0
796,0.0,0.0,0.0,0.0,0.0,0.0,0.0,0.0,0.0,0.0,0.0,0.0,0.0,0.0,0.0,0.0,0.0,0.0,0.0,0.0,0.0,0.0,0.0,0.0,0.0,0.0,0.0,0.0,0.0,0.0,0.0,0.0,0.0,0.0,0.0,0.0,0.0,0.0,0.0,0.0,0.0,0.0,0.0,0.0,0.0,0.0,0.0,0.0,0.0,0.0,0.0,0.0,0.0,0.0,0.0,0.0,0.0,0.0,0.0,0.0,0.0,0.0,0.0,0.0,0.0,0.0,0.0,0.0,0.0,0.0,0.0,0.0,0.0,0.0,0.0,0.0,0.0
797,0.0,0.0,0.0,0.0,0.0,0.0,0.0,0.0,0.0,0.0,0.0,0.0,0.0,0.0,0.0,0.0,0.0,0.0,0.0,0.0,0.0,0.0,0.0,0.0,0.0,0.0,0.0,0.0,0.0,0.0,0.0,0.0,0.0,0.0,0.0,0.0,0.0,0.0,0.0,0.0,0.0,0.0,0.0,0.0,0.0,0.0,0.0,0.0,0.0,0.0,0.0,0.0,0.0,0.0,0.0,0.0,0.0,0.0,0.0,0.0,0.0,0.0,0.0,0.0,0.0,0.0,0.0,0.0,0.0,0.0,0.0,0.0,0.0,0.0,0.0,0.0,0.0
798,0.0,0.0,0.0,0.0,0.0,0.0,0.0,0.0,0.0,0.0,0.0,0.0,0.0,0.0,0.0,0.0,0.0,0.0,0.0,0.0,0.0,0.0,0.0,0.0,0.0,0.0,0.0,0.0,0.0,0.0,0.0,0.0,0.0,0.0,0.0,0.0,0.0,0.0,0.0,0.0,0.0,0.0,0.0,0.0,0.0,0.0,0.0,0.0,0.0,0.0,0.0,0.0,0.0,0.0,0.0,0.0,0.0,0.0,0.0,0.0,0.0,0.0,0.0,0.0,0.0,0.0,0.0,0.0,0.0,0.0,0.0,0.0,0.0,0.0,0.0,0.0,0.0
799,0.0,0.0,0.0,0.0,0.0,0.0,0.0,0.0,0.0,0.0,0.0,0.0,0.0,0.0,0.0,0.0,0.0,0.0,0.0,0.0,0.0,0.0,0.0,0.0,0.0,0.0,0.0,0.0,0.0,0.0,0.0,0.0,0.0,0.0,0.0,0.0,0.0,0.0,0.0,0.0,0.0,0.0,0.0,0.0,0.0,0.0,0.0,0.0,0.0,0.0,0.0,0.0,0.0,0.0,0.0,0.0,0.0,0.0,0.0,0.0,0.0,0.0,0.0,0.0,0.0,0.0,0.0,0.0,0.0,0.0,0.0,0.0,0.0,0.0,0.0,0.0,0.0
800,0.0,0.0,0.0,0.0,0.0,0.0,0.0,0.0,0.0,0.0,0.0,0.0,0.0,0.0,0.0,0.0,0.0,0.0,0.0,0.0,0.0,0.0,0.0,0.0,0.0,0.0,0.0,0.0,0.0,0.0,0.0,0.0,0.0,0.0,0.0,0.0,0.0,0.0,0.0,0.0,0.0,0.0,0.0,0.0,0.0,0.0,0.0,0.0,0.0,0.0,0.0,0.0,0.0,0.0,0.0,0.0,0.0,0.0,0.0,0.0,0.0,0.0,0.0,0.0,0.0,0.0,0.0,0.0,0.0,0.0,0.0,0.0,0.0,0.0,0.0,0.0,0.0
801,0.0,0.0,0.0,0.0,0.0,0.0,0.0,0.0,0.0,0.0,0.0,0.0,0.0,0.0,0.0,0.0,0.0,0.0,0.0,0.0,0.0,0.0,0.0,0.0,0.0,0.0,0.0,0.0,0.0,0.0,0.0,0.0,0.0,0.0,0.0,0.0,0.0,0.0,0.0,0.0,0.0,0.0,0.0,0.0,0.0,0.0,0.0,0.0,0.0,0.0,0.0,0.0,0.0,0.0,0.0,0.0,0.0,0.0,0.0,0.0,0.0,0.0,0.0,0.0,0.0,0.0,0.0,0.0,0.0,0.0,0.0,0.0,0.0,0.0,0.0,0.0,0.0
802,0.0,0.0,0.0,0.0,0.0,0.0,0.0,0.0,0.0,0.0,0.0,0.0,0.0,0.0,0.0,0.0,0.0,0.0,0.0,0.0,0.0,0.0,0.0,0.0,0.0,0.0,0.0,0.0,0.0,0.0,0.0,0.0,0.0,0.0,0.0,0.0,0.0,0.0,0.0,0.0,0.0,0.0,0.0,0.0,0.0,0.0,0.0,0.0,0.0,0.0,0.0,0.0,0.0,0.0,0.0,0.0,0.0,0.0,0.0,0.0,0.0,0.0,0.0,0.0,0.0,0.0,0.0,0.0,0.0,0.0,0.0,0.0,0.0,0.0,0.0,0.0,0.0
803,0.0,0.0,0.0,0.0,0.0,0.0,0.0,0.0,0.0,0.0,0.0,0.0,0.0,0.0,0.0,0.0,0.0,0.0,0.0,0.0,0.0,0.0,0.0,0.0,0.0,0.0,0.0,0.0,0.0,0.0,0.0,0.0,0.0,0.0,0.0,0.0,0.0,0.0,0.0,0.0,0.0,0.0,0.0,0.0,0.0,0.0,0.0,0.0,0.0,0.0,0.0,0.0,0.0,0.0,0.0,0.0,0.0,0.0,0.0,0.0,0.0,0.0,0.0,0.0,0.0,0.0,0.0,0.0,0.0,0.0,0.0,0.0,0.0,0.0,0.0,0.0,0.0
804,0.0,0.0,0.0,0.0,0.0,0.0,0.0,0.0,0.0,0.0,0.0,0.0,0.0,0.0,0.0,0.0,0.0,0.0,0.0,0.0,0.0,0.0,0.0,0.0,0.0,0.0,0.0,0.0,0.0,0.0,0.0,0.0,0.0,0.0,0.0,0.0,0.0,0.0,0.0,0.0,0.0,0.0,0.0,0.0,0.0,0.0,0.0,0.0,0.0,0.0,0.0,0.0,0.0,0.0,0.0,0.0,0.0,0.0,0.0,0.0,0.0,0.0,0.0,0.0,0.0,0.0,0.0,0.0,0.0,0.0,0.0,0.0,0.0,0.0,0.0,0.0,0.0
805,0.0,0.0,0.0,0.0,0.0,0.0,0.0,0.0,0.0,0.0,0.0,0.0,0.0,0.0,0.0,0.0,0.0,0.0,0.0,0.0,0.0,0.0,0.0,0.0,0.0,0.0,0.0,0.0,0.0,0.0,0.0,0.0,0.0,0.0,0.0,0.0,0.0,0.0,0.0,0.0,0.0,0.0,0.0,0.0,0.0,0.0,0.0,0.0,0.0,0.0,0.0,0.0,0.0,0.0,0.0,0.0,0.0,0.0,0.0,0.0,0.0,0.0,0.0,0.0,0.0,0.0,0.0,0.0,0.0,0.0,0.0,0.0,0.0,0.0,0.0,0.0,0.0
806,0.0,0.0,0.0,0.0,0.0,0.0,0.0,0.0,0.0,0.0,0.0,0.0,0.0,0.0,0.0,0.0,0.0,0.0,0.0,0.0,0.0,0.0,0.0,0.0,0.0,0.0,0.0,0.0,0.0,0.0,0.0,0.0,0.0,0.0,0.0,0.0,0.0,0.0,0.0,0.0,0.0,0.0,0.0,0.0,0.0,0.0,0.0,0.0,0.0,0.0,0.0,0.0,0.0,0.0,0.0,0.0,0.0,0.0,0.0,0.0,0.0,0.0,0.0,0.0,0.0,0.0,0.0,0.0,0.0,0.0,0.0,0.0,0.0,0.0,0.0,0.0,0.0
807,0.0,0.0,0.0,0.0,0.0,0.0,0.0,0.0,0.0,0.0,0.0,0.0,0.0,0.0,0.0,0.0,0.0,0.0,0.0,0.0,0.0,0.0,0.0,0.0,0.0,0.0,0.0,0.0,0.0,0.0,0.0,0.0,0.0,0.0,0.0,0.0,0.0,0.0,0.0,0.0,0.0,0.0,0.0,0.0,0.0,0.0,0.0,0.0,0.0,0.0,0.0,0.0,0.0,0.0,0.0,0.0,0.0,0.0,0.0,0.0,0.0,0.0,0.0,0.0,0.0,0.0,0.0,0.0,0.0,0.0,0.0,0.0,0.0,0.0,0.0,0.0,0.0
808,0.0,0.0,0.0,0.0,0.0,0.0,0.0,0.0,0.0,0.0,0.0,0.0,0.0,0.0,0.0,0.0,0.0,0.0,0.0,0.0,0.0,0.0,0.0,0.0,0.0,0.0,0.0,0.0,0.0,0.0,0.0,0.0,0.0,0.0,0.0,0.0,0.0,0.0,0.0,0.0,0.0,0.0,0.0,0.0,0.0,0.0,0.0,0.0,0.0,0.0,0.0,0.0,0.0,0.0,0.0,0.0,0.0,0.0,0.0,0.0,0.0,0.0,0.0,0.0,0.0,0.0,0.0,0.0,0.0,0.0,0.0,0.0,0.0,0.0,0.0,0.0,0.0
809,0.0,0.0,0.0,0.0,0.0,0.0,0.0,0.0,0.0,0.0,0.0,0.0,0.0,0.0,0.0,0.0,0.0,0.0,0.0,0.0,0.0,0.0,0.0,0.0,0.0,0.0,0.0,0.0,0.0,0.0,0.0,0.0,0.0,0.0,0.0,0.0,0.0,0.0,0.0,0.0,0.0,0.0,0.0,0.0,0.0,0.0,0.0,0.0,0.0,0.0,0.0,0.0,0.0,0.0,0.0,0.0,0.0,0.0,0.0,0.0,0.0,0.0,0.0,0.0,0.0,0.0,0.0,0.0,0.0,0.0,0.0,0.0,0.0,0.0,0.0,0.0,0.0
810,0.0,0.0,0.0,0.0,0.0,0.0,0.0,0.0,0.0,0.0,0.0,0.0,0.0,0.0,0.0,0.0,0.0,0.0,0.0,0.0,0.0,0.0,0.0,0.0,0.0,0.0,0.0,0.0,0.0,0.0,0.0,0.0,0.0,0.0,0.0,0.0,0.0,0.0,0.0,0.0,0.0,0.0,0.0,0.0,0.0,0.0,0.0,0.0,0.0,0.0,0.0,0.0,0.0,0.0,0.0,0.0,0.0,0.0,0.0,0.0,0.0,0.0,0.0,0.0,0.0,0.0,0.0,0.0,0.0,0.0,0.0,0.0,0.0,0.0,0.0,0.0,0.0
811,0.0,0.0,0.0,0.0,0.0,0.0,0.0,0.0,0.0,0.0,0.0,0.0,0.0,0.0,0.0,0.0,0.0,0.0,0.0,0.0,0.0,0.0,0.0,0.0,0.0,0.0,0.0,0.0,0.0,0.0,0.0,0.0,0.0,0.0,0.0,0.0,0.0,0.0,0.0,0.0,0.0,0.0,0.0,0.0,0.0,0.0,0.0,0.0,0.0,0.0,0.0,0.0,0.0,0.0,0.0,0.0,0.0,0.0,0.0,0.0,0.0,0.0,0.0,0.0,0.0,0.0,0.0,0.0,0.0,0.0,0.0,0.0,0.0,0.0,0.0,0.0,0.0
812,0.0,0.0,0.0,0.0,0.0,0.0,0.0,0.0,0.0,0.0,0.0,0.0,0.0,0.0,0.0,0.0,0.0,0.0,0.0,0.0,0.0,0.0,0.0,0.0,0.0,0.0,0.0,0.0,0.0,0.0,0.0,0.0,0.0,0.0,0.0,0.0,0.0,0.0,0.0,0.0,0.0,0.0,0.0,0.0,0.0,0.0,0.0,0.0,0.0,0.0,0.0,0.0,0.0,0.0,0.0,0.0,0.0,0.0,0.0,0.0,0.0,0.0,0.0,0.0,0.0,0.0,0.0,0.0,0.0,0.0,0.0,0.0,0.0,0.0,0.0,0.0,0.0
813,0.0,0.0,0.0,0.0,0.0,0.0,0.0,0.0,0.0,0.0,0.0,0.0,0.0,0.0,0.0,0.0,0.0,0.0,0.0,0.0,0.0,0.0,0.0,0.0,0.0,0.0,0.0,0.0,0.0,0.0,0.0,0.0,0.0,0.0,0.0,0.0,0.0,0.0,0.0,0.0,0.0,0.0,0.0,0.0,0.0,0.0,0.0,0.0,0.0,0.0,0.0,0.0,0.0,0.0,0.0,0.0,0.0,0.0,0.0,0.0,0.0,0.0,0.0,0.0,0.0,0.0,0.0,0.0,0.0,0.0,0.0,0.0,0.0,0.0,0.0,0.0,0.0
814,0.0,0.0,0.0,0.0,0.0,0.0,0.0,0.0,0.0,0.0,0.0,0.0,0.0,0.0,0.0,0.0,0.0,0.0,0.0,0.0,0.0,0.0,0.0,0.0,0.0,0.0,0.0,0.0,0.0,0.0,0.0,0.0,0.0,0.0,0.0,0.0,0.0,0.0,0.0,0.0,0.0,0.0,0.0,0.0,0.0,0.0,0.0,0.0,0.0,0.0,0.0,0.0,0.0,0.0,0.0,0.0,0.0,0.0,0.0,0.0,0.0,0.0,0.0,0.0,0.0,0.0,0.0,0.0,0.0,0.0,0.0,0.0,0.0,0.0,0.0,0.0,0.0
815,0.0,0.0,0.0,0.0,0.0,0.0,0.0,0.0,0.0,0.0,0.0,0.0,0.0,0.0,0.0,0.0,0.0,0.0,0.0,0.0,0.0,0.0,0.0,0.0,0.0,0.0,0.0,0.0,0.0,0.0,0.0,0.0,0.0,0.0,0.0,0.0,0.0,0.0,0.0,0.0,0.0,0.0,0.0,0.0,0.0,0.0,0.0,0.0,0.0,0.0,0.0,0.0,0.0,0.0,0.0,0.0,0.0,0.0,0.0,0.0,0.0,0.0,0.0,0.0,0.0,0.0,0.0,0.0,0.0,0.0,0.0,0.0,0.0,0.0,0.0,0.0,0.0
816,0.0,0.0,0.0,0.0,0.0,0.0,0.0,0.0,0.0,0.0,0.0,0.0,0.0,0.0,0.0,0.0,0.0,0.0,0.0,0.0,0.0,0.0,0.0,0.0,0.0,0.0,0.0,0.0,0.0,0.0,0.0,0.0,0.0,0.0,0.0,0.0,0.0,0.0,0.0,0.0,0.0,0.0,0.0,0.0,0.0,0.0,0.0,0.0,0.0,0.0,0.0,0.0,0.0,0.0,0.0,0.0,0.0,0.0,0.0,0.0,0.0,0.0,0.0,0.0,0.0,0.0,0.0,0.0,0.0,0.0,0.0,0.0,0.0,0.0,0.0,0.0,0.0
817,0.0,0.0,0.0,0.0,0.0,0.0,0.0,0.0,0.0,0.0,0.0,0.0,0.0,0.0,0.0,0.0,0.0,0.0,0.0,0.0,0.0,0.0,0.0,0.0,0.0,0.0,0.0,0.0,0.0,0.0,0.0,0.0,0.0,0.0,0.0,0.0,0.0,0.0,0.0,0.0,0.0,0.0,0.0,0.0,0.0,0.0,0.0,0.0,0.0,0.0,0.0,0.0,0.0,0.0,0.0,0.0,0.0,0.0,0.0,0.0,0.0,0.0,0.0,0.0,0.0,0.0,0.0,0.0,0.0,0.0,0.0,0.0,0.0,0.0,0.0,0.0,0.0
818,0.0,0.0,0.0,0.0,0.0,0.0,0.0,0.0,0.0,0.0,0.0,0.0,0.0,0.0,0.0,0.0,0.0,0.0,0.0,0.0,0.0,0.0,0.0,0.0,0.0,0.0,0.0,0.0,0.0,0.0,0.0,0.0,0.0,0.0,0.0,0.0,0.0,0.0,0.0,0.0,0.0,0.0,0.0,0.0,0.0,0.0,0.0,0.0,0.0,0.0,0.0,0.0,0.0,0.0,0.0,0.0,0.0,0.0,0.0,0.0,0.0,0.0,0.0,0.0,0.0,0.0,0.0,0.0,0.0,0.0,0.0,0.0,0.0,0.0,0.0,0.0,0.0
819,0.0,0.0,0.0,0.0,0.0,0.0,0.0,0.0,0.0,0.0,0.0,0.0,0.0,0.0,0.0,0.0,0.0,0.0,0.0,0.0,0.0,0.0,0.0,0.0,0.0,0.0,0.0,0.0,0.0,0.0,0.0,0.0,0.0,0.0,0.0,0.0,0.0,0.0,0.0,0.0,0.0,0.0,0.0,0.0,0.0,0.0,0.0,0.0,0.0,0.0,0.0,0.0,0.0,0.0,0.0,0.0,0.0,0.0,0.0,0.0,0.0,0.0,0.0,0.0,0.0,0.0,0.0,0.0,0.0,0.0,0.0,0.0,0.0,0.0,0.0,0.0,0.0
820,0.0,0.0,0.0,0.0,0.0,0.0,0.0,0.0,0.0,0.0,0.0,0.0,0.0,0.0,0.0,0.0,0.0,0.0,0.0,0.0,0.0,0.0,0.0,0.0,0.0,0.0,0.0,0.0,0.0,0.0,0.0,0.0,0.0,0.0,0.0,0.0,0.0,0.0,0.0,0.0,0.0,0.0,0.0,0.0,0.0,0.0,0.0,0.0,0.0,0.0,0.0,0.0,0.0,0.0,0.0,0.0,0.0,0.0,0.0,0.0,0.0,0.0,0.0,0.0,0.0,0.0,0.0,0.0,0.0,0.0,0.0,0.0,0.0,0.0,0.0,0.0,0.0
821,0.0,0.0,0.0,0.0,0.0,0.0,0.0,0.0,0.0,0.0,0.0,0.0,0.0,0.0,0.0,0.0,0.0,0.0,0.0,0.0,0.0,0.0,0.0,0.0,0.0,0.0,0.0,0.0,0.0,0.0,0.0,0.0,0.0,0.0,0.0,0.0,0.0,0.0,0.0,0.0,0.0,0.0,0.0,0.0,0.0,0.0,0.0,0.0,0.0,0.0,0.0,0.0,0.0,0.0,0.0,0.0,0.0,0.0,0.0,0.0,0.0,0.0,0.0,0.0,0.0,0.0,0.0,0.0,0.0,0.0,0.0,0.0,0.0,0.0,0.0,0.0,0.0
822,0.0,0.0,0.0,0.0,0.0,0.0,0.0,0.0,0.0,0.0,0.0,0.0,0.0,0.0,0.0,0.0,0.0,0.0,0.0,0.0,0.0,0.0,0.0,0.0,0.0,0.0,0.0,0.0,0.0,0.0,0.0,0.0,0.0,0.0,0.0,0.0,0.0,0.0,0.0,0.0,0.0,0.0,0.0,0.0,0.0,0.0,0.0,0.0,0.0,0.0,0.0,0.0,0.0,0.0,0.0,0.0,0.0,0.0,0.0,0.0,0.0,0.0,0.0,0.0,0.0,0.0,0.0,0.0,0.0,0.0,0.0,0.0,0.0,0.0,0.0,0.0,0.0
823,0.0,0.0,0.0,0.0,0.0,0.0,0.0,0.0,0.0,0.0,0.0,0.0,0.0,0.0,0.0,0.0,0.0,0.0,0.0,0.0,0.0,0.0,0.0,0.0,0.0,0.0,0.0,0.0,0.0,0.0,0.0,0.0,0.0,0.0,0.0,0.0,0.0,0.0,0.0,0.0,0.0,0.0,0.0,0.0,0.0,0.0,0.0,0.0,0.0,0.0,0.0,0.0,0.0,0.0,0.0,0.0,0.0,0.0,0.0,0.0,0.0,0.0,0.0,0.0,0.0,0.0,0.0,0.0,0.0,0.0,0.0,0.0,0.0,0.0,0.0,0.0,0.0
824,0.0,0.0,0.0,0.0,0.0,0.0,0.0,0.0,0.0,0.0,0.0,0.0,0.0,0.0,0.0,0.0,0.0,0.0,0.0,0.0,0.0,0.0,0.0,0.0,0.0,0.0,0.0,0.0,0.0,0.0,0.0,0.0,0.0,0.0,0.0,0.0,0.0,0.0,0.0,0.0,0.0,0.0,0.0,0.0,0.0,0.0,0.0,0.0,0.0,0.0,0.0,0.0,0.0,0.0,0.0,0.0,0.0,0.0,0.0,0.0,0.0,0.0,0.0,0.0,0.0,0.0,0.0,0.0,0.0,0.0,0.0,0.0,0.0,0.0,0.0,0.0,0.0
825,0.0,0.0,0.0,0.0,0.0,0.0,0.0,0.0,0.0,0.0,0.0,0.0,0.0,0.0,0.0,0.0,0.0,0.0,0.0,0.0,0.0,0.0,0.0,0.0,0.0,0.0,0.0,0.0,0.0,0.0,0.0,0.0,0.0,0.0,0.0,0.0,0.0,0.0,0.0,0.0,0.0,0.0,0.0,0.0,0.0,0.0,0.0,0.0,0.0,0.0,0.0,0.0,0.0,0.0,0.0,0.0,0.0,0.0,0.0,0.0,0.0,0.0,0.0,0.0,0.0,0.0,0.0,0.0,0.0,0.0,0.0,0.0,0.0,0.0,0.0,0.0,0.0
826,0.0,0.0,0.0,0.0,0.0,0.0,0.0,0.0,0.0,0.0,0.0,0.0,0.0,0.0,0.0,0.0,0.0,0.0,0.0,0.0,0.0,0.0,0.0,0.0,0.0,0.0,0.0,0.0,0.0,0.0,0.0,0.0,0.0,0.0,0.0,0.0,0.0,0.0,0.0,0.0,0.0,0.0,0.0,0.0,0.0,0.0,0.0,0.0,0.0,0.0,0.0,0.0,0.0,0.0,0.0,0.0,0.0,0.0,0.0,0.0,0.0,0.0,0.0,0.0,0.0,0.0,0.0,0.0,0.0,0.0,0.0,0.0,0.0,0.0,0.0,0.0,0.0
827,0.0,0.0,0.0,0.0,0.0,0.0,0.0,0.0,0.0,0.0,0.0,0.0,0.0,0.0,0.0,0.0,0.0,0.0,0.0,0.0,0.0,0.0,0.0,0.0,0.0,0.0,0.0,0.0,0.0,0.0,0.0,0.0,0.0,0.0,0.0,0.0,0.0,0.0,0.0,0.0,0.0,0.0,0.0,0.0,0.0,0.0,0.0,0.0,0.0,0.0,0.0,0.0,0.0,0.0,0.0,0.0,0.0,0.0,0.0,0.0,0.0,0.0,0.0,0.0,0.0,0.0,0.0,0.0,0.0,0.0,0.0,0.0,0.0,0.0,0.0,0.0,0.0
828,0.0,0.0,0.0,0.0,0.0,0.0,0.0,0.0,0.0,0.0,0.0,0.0,0.0,0.0,0.0,0.0,0.0,0.0,0.0,0.0,0.0,0.0,0.0,0.0,0.0,0.0,0.0,0.0,0.0,0.0,0.0,0.0,0.0,0.0,0.0,0.0,0.0,0.0,0.0,0.0,0.0,0.0,0.0,0.0,0.0,0.0,0.0,0.0,0.0,0.0,0.0,0.0,0.0,0.0,0.0,0.0,0.0,0.0,0.0,0.0,0.0,0.0,0.0,0.0,0.0,0.0,0.0,0.0,0.0,0.0,0.0,0.0,0.0,0.0,0.0,0.0,0.0
829,0.0,0.0,0.0,0.0,0.0,0.0,0.0,0.0,0.0,0.0,0.0,0.0,0.0,0.0,0.0,0.0,0.0,0.0,0.0,0.0,0.0,0.0,0.0,0.0,0.0,0.0,0.0,0.0,0.0,0.0,0.0,0.0,0.0,0.0,0.0,0.0,0.0,0.0,0.0,0.0,0.0,0.0,0.0,0.0,0.0,0.0,0.0,0.0,0.0,0.0,0.0,0.0,0.0,0.0,0.0,0.0,0.0,0.0,0.0,0.0,0.0,0.0,0.0,0.0,0.0,0.0,0.0,0.0,0.0,0.0,0.0,0.0,0.0,0.0,0.0,0.0,0.0
830,0.0,0.0,0.0,0.0,0.0,0.0,0.0,0.0,0.0,0.0,0.0,0.0,0.0,0.0,0.0,0.0,0.0,0.0,0.0,0.0,0.0,0.0,0.0,0.0,0.0,0.0,0.0,0.0,0.0,0.0,0.0,0.0,0.0,0.0,0.0,0.0,0.0,0.0,0.0,0.0,0.0,0.0,0.0,0.0,0.0,0.0,0.0,0.0,0.0,0.0,0.0,0.0,0.0,0.0,0.0,0.0,0.0,0.0,0.0,0.0,0.0,0.0,0.0,0.0,0.0,0.0,0.0,0.0,0.0,0.0,0.0,0.0,0.0,0.0,0.0,0.0,0.0
831,0.0,0.0,0.0,0.0,0.0,0.0,0.0,0.0,0.0,0.0,0.0,0.0,0.0,0.0,0.0,0.0,0.0,0.0,0.0,0.0,0.0,0.0,0.0,0.0,0.0,0.0,0.0,0.0,0.0,0.0,0.0,0.0,0.0,0.0,0.0,0.0,0.0,0.0,0.0,0.0,0.0,0.0,0.0,0.0,0.0,0.0,0.0,0.0,0.0,0.0,0.0,0.0,0.0,0.0,0.0,0.0,0.0,0.0,0.0,0.0,0.0,0.0,0.0,0.0,0.0,0.0,0.0,0.0,0.0,0.0,0.0,0.0,0.0,0.0,0.0,0.0,0.0
832,0.0,0.0,0.0,0.0,0.0,0.0,0.0,0.0,0.0,0.0,0.0,0.0,0.0,0.0,0.0,0.0,0.0,0.0,0.0,0.0,0.0,0.0,0.0,0.0,0.0,0.0,0.0,0.0,0.0,0.0,0.0,0.0,0.0,0.0,0.0,0.0,0.0,0.0,0.0,0.0,0.0,0.0,0.0,0.0,0.0,0.0,0.0,0.0,0.0,0.0,0.0,0.0,0.0,0.0,0.0,0.0,0.0,0.0,0.0,0.0,0.0,0.0,0.0,0.0,0.0,0.0,0.0,0.0,0.0,0.0,0.0,0.0,0.0,0.0,0.0,0.0,0.0
833,0.0,0.0,0.0,0.0,0.0,0.0,0.0,0.0,0.0,0.0,0.0,0.0,0.0,0.0,0.0,0.0,0.0,0.0,0.0,0.0,0.0,0.0,0.0,0.0,0.0,0.0,0.0,0.0,0.0,0.0,0.0,0.0,0.0,0.0,0.0,0.0,0.0,0.0,0.0,0.0,0.0,0.0,0.0,0.0,0.0,0.0,0.0,0.0,0.0,0.0,0.0,0.0,0.0,0.0,0.0,0.0,0.0,0.0,0.0,0.0,0.0,0.0,0.0,0.0,0.0,0.0,0.0,0.0,0.0,0.0,0.0,0.0,0.0,0.0,0.0,0.0,0.0
834,0.0,0.0,0.0,0.0,0.0,0.0,0.0,0.0,0.0,0.0,0.0,0.0,0.0,0.0,0.0,0.0,0.0,0.0,0.0,0.0,0.0,0.0,0.0,0.0,0.0,0.0,0.0,0.0,0.0,0.0,0.0,0.0,0.0,0.0,0.0,0.0,0.0,0.0,0.0,0.0,0.0,0.0,0.0,0.0,0.0,0.0,0.0,0.0,0.0,0.0,0.0,0.0,0.0,0.0,0.0,0.0,0.0,0.0,0.0,0.0,0.0,0.0,0.0,0.0,0.0,0.0,0.0,0.0,0.0,0.0,0.0,0.0,0.0,0.0,0.0,0.0,0.0
835,0.0,0.0,0.0,0.0,0.0,0.0,0.0,0.0,0.0,0.0,0.0,0.0,0.0,0.0,0.0,0.0,0.0,0.0,0.0,0.0,0.0,0.0,0.0,0.0,0.0,0.0,0.0,0.0,0.0,0.0,0.0,0.0,0.0,0.0,0.0,0.0,0.0,0.0,0.0,0.0,0.0,0.0,0.0,0.0,0.0,0.0,0.0,0.0,0.0,0.0,0.0,0.0,0.0,0.0,0.0,0.0,0.0,0.0,0.0,0.0,0.0,0.0,0.0,0.0,0.0,0.0,0.0,0.0,0.0,0.0,0.0,0.0,0.0,0.0,0.0,0.0,0.0
836,0.0,0.0,0.0,0.0,0.0,0.0,0.0,0.0,0.0,0.0,0.0,0.0,0.0,0.0,0.0,0.0,0.0,0.0,0.0,0.0,0.0,0.0,0.0,0.0,0.0,0.0,0.0,0.0,0.0,0.0,0.0,0.0,0.0,0.0,0.0,0.0,0.0,0.0,0.0,0.0,0.0,0.0,0.0,0.0,0.0,0.0,0.0,0.0,0.0,0.0,0.0,0.0,0.0,0.0,0.0,0.0,0.0,0.0,0.0,0.0,0.0,0.0,0.0,0.0,0.0,0.0,0.0,0.0,0.0,0.0,0.0,0.0,0.0,0.0,0.0,0.0,0.0
837,0.0,0.0,0.0,0.0,0.0,0.0,0.0,0.0,0.0,0.0,0.0,0.0,0.0,0.0,0.0,0.0,0.0,0.0,0.0,0.0,0.0,0.0,0.0,0.0,0.0,0.0,0.0,0.0,0.0,0.0,0.0,0.0,0.0,0.0,0.0,0.0,0.0,0.0,0.0,0.0,0.0,0.0,0.0,0.0,0.0,0.0,0.0,0.0,0.0,0.0,0.0,0.0,0.0,0.0,0.0,0.0,0.0,0.0,0.0,0.0,0.0,0.0,0.0,0.0,0.0,0.0,0.0,0.0,0.0,0.0,0.0,0.0,0.0,0.0,0.0,0.0,0.0
838,0.0,0.0,0.0,0.0,0.0,0.0,0.0,0.0,0.0,0.0,0.0,0.0,0.0,0.0,0.0,0.0,0.0,0.0,0.0,0.0,0.0,0.0,0.0,0.0,0.0,0.0,0.0,0.0,0.0,0.0,0.0,0.0,0.0,0.0,0.0,0.0,0.0,0.0,0.0,0.0,0.0,0.0,0.0,0.0,0.0,0.0,0.0,0.0,0.0,0.0,0.0,0.0,0.0,0.0,0.0,0.0,0.0,0.0,0.0,0.0,0.0,0.0,0.0,0.0,0.0,0.0,0.0,0.0,0.0,0.0,0.0,0.0,0.0,0.0,0.0,0.0,0.0
839,0.0,0.0,0.0,0.0,0.0,0.0,0.0,0.0,0.0,0.0,0.0,0.0,0.0,0.0,0.0,0.0,0.0,0.0,0.0,0.0,0.0,0.0,0.0,0.0,0.0,0.0,0.0,0.0,0.0,0.0,0.0,0.0,0.0,0.0,0.0,0.0,0.0,0.0,0.0,0.0,0.0,0.0,0.0,0.0,0.0,0.0,0.0,0.0,0.0,0.0,0.0,0.0,0.0,0.0,0.0,0.0,0.0,0.0,0.0,0.0,0.0,0.0,0.0,0.0,0.0,0.0,0.0,0.0,0.0,0.0,0.0,0.0,0.0,0.0,0.0,0.0,0.0
840,0.0,0.0,0.0,0.0,0.0,0.0,0.0,0.0,0.0,0.0,0.0,0.0,0.0,0.0,0.0,0.0,0.0,0.0,0.0,0.0,0.0,0.0,0.0,0.0,0.0,0.0,0.0,0.0,0.0,0.0,0.0,0.0,0.0,0.0,0.0,0.0,0.0,0.0,0.0,0.0,0.0,0.0,0.0,0.0,0.0,0.0,0.0,0.0,0.0,0.0,0.0,0.0,0.0,0.0,0.0,0.0,0.0,0.0,0.0,0.0,0.0,0.0,0.0,0.0,0.0,0.0,0.0,0.0,0.0,0.0,0.0,0.0,0.0,0.0,0.0,0.0,0.0
841,0.0,0.0,0.0,0.0,0.0,0.0,0.0,0.0,0.0,0.0,0.0,0.0,0.0,0.0,0.0,0.0,0.0,0.0,0.0,0.0,0.0,0.0,0.0,0.0,0.0,0.0,0.0,0.0,0.0,0.0,0.0,0.0,0.0,0.0,0.0,0.0,0.0,0.0,0.0,0.0,0.0,0.0,0.0,0.0,0.0,0.0,0.0,0.0,0.0,0.0,0.0,0.0,0.0,0.0,0.0,0.0,0.0,0.0,0.0,0.0,0.0,0.0,0.0,0.0,0.0,0.0,0.0,0.0,0.0,0.0,0.0,0.0,0.0,0.0,0.0,0.0,0.0
842,0.0,0.0,0.0,0.0,0.0,0.0,0.0,0.0,0.0,0.0,0.0,0.0,0.0,0.0,0.0,0.0,0.0,0.0,0.0,0.0,0.0,0.0,0.0,0.0,0.0,0.0,0.0,0.0,0.0,0.0,0.0,0.0,0.0,0.0,0.0,0.0,0.0,0.0,0.0,0.0,0.0,0.0,0.0,0.0,0.0,0.0,0.0,0.0,0.0,0.0,0.0,0.0,0.0,0.0,0.0,0.0,0.0,0.0,0.0,0.0,0.0,0.0,0.0,0.0,0.0,0.0,0.0,0.0,0.0,0.0,0.0,0.0,0.0,0.0,0.0,0.0,0.0
843,0.0,0.0,0.0,0.0,0.0,0.0,0.0,0.0,0.0,0.0,0.0,0.0,0.0,0.0,0.0,0.0,0.0,0.0,0.0,0.0,0.0,0.0,0.0,0.0,0.0,0.0,0.0,0.0,0.0,0.0,0.0,0.0,0.0,0.0,0.0,0.0,0.0,0.0,0.0,0.0,0.0,0.0,0.0,0.0,0.0,0.0,0.0,0.0,0.0,0.0,0.0,0.0,0.0,0.0,0.0,0.0,0.0,0.0,0.0,0.0,0.0,0.0,0.0,0.0,0.0,0.0,0.0,0.0,0.0,0.0,0.0,0.0,0.0,0.0,0.0,0.0,0.0
844,0.0,0.0,0.0,0.0,0.0,0.0,0.0,0.0,0.0,0.0,0.0,0.0,0.0,0.0,0.0,0.0,0.0,0.0,0.0,0.0,0.0,0.0,0.0,0.0,0.0,0.0,0.0,0.0,0.0,0.0,0.0,0.0,0.0,0.0,0.0,0.0,0.0,0.0,0.0,0.0,0.0,0.0,0.0,0.0,0.0,0.0,0.0,0.0,0.0,0.0,0.0,0.0,0.0,0.0,0.0,0.0,0.0,0.0,0.0,0.0,0.0,0.0,0.0,0.0,0.0,0.0,0.0,0.0,0.0,0.0,0.0,0.0,0.0,0.0,0.0,0.0,0.0
845,0.0,0.0,0.0,0.0,0.0,0.0,0.0,0.0,0.0,0.0,0.0,0.0,0.0,0.0,0.0,0.0,0.0,0.0,0.0,0.0,0.0,0.0,0.0,0.0,0.0,0.0,0.0,0.0,0.0,0.0,0.0,0.0,0.0,0.0,0.0,0.0,0.0,0.0,0.0,0.0,0.0,0.0,0.0,0.0,0.0,0.0,0.0,0.0,0.0,0.0,0.0,0.0,0.0,0.0,0.0,0.0,0.0,0.0,0.0,0.0,0.0,0.0,0.0,0.0,0.0,0.0,0.0,0.0,0.0,0.0,0.0,0.0,0.0,0.0,0.0,0.0,0.0
846,0.0,0.0,0.0,0.0,0.0,0.0,0.0,0.0,0.0,0.0,0.0,0.0,0.0,0.0,0.0,0.0,0.0,0.0,0.0,0.0,0.0,0.0,0.0,0.0,0.0,0.0,0.0,0.0,0.0,0.0,0.0,0.0,0.0,0.0,0.0,0.0,0.0,0.0,0.0,0.0,0.0,0.0,0.0,0.0,0.0,0.0,0.0,0.0,0.0,0.0,0.0,0.0,0.0,0.0,0.0,0.0,0.0,0.0,0.0,0.0,0.0,0.0,0.0,0.0,0.0,0.0,0.0,0.0,0.0,0.0,0.0,0.0,0.0,0.0,0.0,0.0,0.0
847,0.0,0.0,0.0,0.0,0.0,0.0,0.0,0.0,0.0,0.0,0.0,0.0,0.0,0.0,0.0,0.0,0.0,0.0,0.0,0.0,0.0,0.0,0.0,0.0,0.0,0.0,0.0,0.0,0.0,0.0,0.0,0.0,0.0,0.0,0.0,0.0,0.0,0.0,0.0,0.0,0.0,0.0,0.0,0.0,0.0,0.0,0.0,0.0,0.0,0.0,0.0,0.0,0.0,0.0,0.0,0.0,0.0,0.0,0.0,0.0,0.0,0.0,0.0,0.0,0.0,0.0,0.0,0.0,0.0,0.0,0.0,0.0,0.0,0.0,0.0,0.0,0.0
848,0.0,0.0,0.0,0.0,0.0,0.0,0.0,0.0,0.0,0.0,0.0,0.0,0.0,0.0,0.0,0.0,0.0,0.0,0.0,0.0,0.0,0.0,0.0,0.0,0.0,0.0,0.0,0.0,0.0,0.0,0.0,0.0,0.0,0.0,0.0,0.0,0.0,0.0,0.0,0.0,0.0,0.0,0.0,0.0,0.0,0.0,0.0,0.0,0.0,0.0,0.0,0.0,0.0,0.0,0.0,0.0,0.0,0.0,0.0,0.0,0.0,0.0,0.0,0.0,0.0,0.0,0.0,0.0,0.0,0.0,0.0,0.0,0.0,0.0,0.0,0.0,0.0
849,0.0,0.0,0.0,0.0,0.0,0.0,0.0,0.0,0.0,0.0,0.0,0.0,0.0,0.0,0.0,0.0,0.0,0.0,0.0,0.0,0.0,0.0,0.0,0.0,0.0,0.0,0.0,0.0,0.0,0.0,0.0,0.0,0.0,0.0,0.0,0.0,0.0,0.0,0.0,0.0,0.0,0.0,0.0,0.0,0.0,0.0,0.0,0.0,0.0,0.0,0.0,0.0,0.0,0.0,0.0,0.0,0.0,0.0,0.0,0.0,0.0,0.0,0.0,0.0,0.0,0.0,0.0,0.0,0.0,0.0,0.0,0.0,0.0,0.0,0.0,0.0,0.0
850,0.0,0.0,0.0,0.0,0.0,0.0,0.0,0.0,0.0,0.0,0.0,0.0,0.0,0.0,0.0,0.0,0.0,0.0,0.0,0.0,0.0,0.0,0.0,0.0,0.0,0.0,0.0,0.0,0.0,0.0,0.0,0.0,0.0,0.0,0.0,0.0,0.0,0.0,0.0,0.0,0.0,0.0,0.0,0.0,0.0,0.0,0.0,0.0,0.0,0.0,0.0,0.0,0.0,0.0,0.0,0.0,0.0,0.0,0.0,0.0,0.0,0.0,0.0,0.0,0.0,0.0,0.0,0.0,0.0,0.0,0.0,0.0,0.0,0.0,0.0,0.0,0.0
851,0.0,0.0,0.0,0.0,0.0,0.0,0.0,0.0,0.0,0.0,0.0,0.0,0.0,0.0,0.0,0.0,0.0,0.0,0.0,0.0,0.0,0.0,0.0,0.0,0.0,0.0,0.0,0.0,0.0,0.0,0.0,0.0,0.0,0.0,0.0,0.0,0.0,0.0,0.0,0.0,0.0,0.0,0.0,0.0,0.0,0.0,0.0,0.0,0.0,0.0,0.0,0.0,0.0,0.0,0.0,0.0,0.0,0.0,0.0,0.0,0.0,0.0,0.0,0.0,0.0,0.0,0.0,0.0,0.0,0.0,0.0,0.0,0.0,0.0,0.0,0.0,0.0
852,0.0,0.0,0.0,0.0,0.0,0.0,0.0,0.0,0.0,0.0,0.0,0.0,0.0,0.0,0.0,0.0,0.0,0.0,0.0,0.0,0.0,0.0,0.0,0.0,0.0,0.0,0.0,0.0,0.0,0.0,0.0,0.0,0.0,0.0,0.0,0.0,0.0,0.0,0.0,0.0,0.0,0.0,0.0,0.0,0.0,0.0,0.0,0.0,0.0,0.0,0.0,0.0,0.0,0.0,0.0,0.0,0.0,0.0,0.0,0.0,0.0,0.0,0.0,0.0,0.0,0.0,0.0,0.0,0.0,0.0,0.0,0.0,0.0,0.0,0.0,0.0,0.0
853,0.0,0.0,0.0,0.0,0.0,0.0,0.0,0.0,0.0,0.0,0.0,0.0,0.0,0.0,0.0,0.0,0.0,0.0,0.0,0.0,0.0,0.0,0.0,0.0,0.0,0.0,0.0,0.0,0.0,0.0,0.0,0.0,0.0,0.0,0.0,0.0,0.0,0.0,0.0,0.0,0.0,0.0,0.0,0.0,0.0,0.0,0.0,0.0,0.0,0.0,0.0,0.0,0.0,0.0,0.0,0.0,0.0,0.0,0.0,0.0,0.0,0.0,0.0,0.0,0.0,0.0,0.0,0.0,0.0,0.0,0.0,0.0,0.0,0.0,0.0,0.0,0.0
854,0.0,0.0,0.0,0.0,0.0,0.0,0.0,0.0,0.0,0.0,0.0,0.0,0.0,0.0,0.0,0.0,0.0,0.0,0.0,0.0,0.0,0.0,0.0,0.0,0.0,0.0,0.0,0.0,0.0,0.0,0.0,0.0,0.0,0.0,0.0,0.0,0.0,0.0,0.0,0.0,0.0,0.0,0.0,0.0,0.0,0.0,0.0,0.0,0.0,0.0,0.0,0.0,0.0,0.0,0.0,0.0,0.0,0.0,0.0,0.0,0.0,0.0,0.0,0.0,0.0,0.0,0.0,0.0,0.0,0.0,0.0,0.0,0.0,0.0,0.0,0.0,0.0
855,0.0,0.0,0.0,0.0,0.0,0.0,0.0,0.0,0.0,0.0,0.0,0.0,0.0,0.0,0.0,0.0,0.0,0.0,0.0,0.0,0.0,0.0,0.0,0.0,0.0,0.0,0.0,0.0,0.0,0.0,0.0,0.0,0.0,0.0,0.0,0.0,0.0,0.0,0.0,0.0,0.0,0.0,0.0,0.0,0.0,0.0,0.0,0.0,0.0,0.0,0.0,0.0,0.0,0.0,0.0,0.0,0.0,0.0,0.0,0.0,0.0,0.0,0.0,0.0,0.0,0.0,0.0,0.0,0.0,0.0,0.0,0.0,0.0,0.0,0.0,0.0,0.0
856,0.0,0.0,0.0,0.0,0.0,0.0,0.0,0.0,0.0,0.0,0.0,0.0,0.0,0.0,0.0,0.0,0.0,0.0,0.0,0.0,0.0,0.0,0.0,0.0,0.0,0.0,0.0,0.0,0.0,0.0,0.0,0.0,0.0,0.0,0.0,0.0,0.0,0.0,0.0,0.0,0.0,0.0,0.0,0.0,0.0,0.0,0.0,0.0,0.0,0.0,0.0,0.0,0.0,0.0,0.0,0.0,0.0,0.0,0.0,0.0,0.0,0.0,0.0,0.0,0.0,0.0,0.0,0.0,0.0,0.0,0.0,0.0,0.0,0.0,0.0,0.0,0.0
857,0.0,0.0,0.0,0.0,0.0,0.0,0.0,0.0,0.0,0.0,0.0,0.0,0.0,0.0,0.0,0.0,0.0,0.0,0.0,0.0,0.0,0.0,0.0,0.0,0.0,0.0,0.0,0.0,0.0,0.0,0.0,0.0,0.0,0.0,0.0,0.0,0.0,0.0,0.0,0.0,0.0,0.0,0.0,0.0,0.0,0.0,0.0,0.0,0.0,0.0,0.0,0.0,0.0,0.0,0.0,0.0,0.0,0.0,0.0,0.0,0.0,0.0,0.0,0.0,0.0,0.0,0.0,0.0,0.0,0.0,0.0,0.0,0.0,0.0,0.0,0.0,0.0
858,0.0,0.0,0.0,0.0,0.0,0.0,0.0,0.0,0.0,0.0,0.0,0.0,0.0,0.0,0.0,0.0,0.0,0.0,0.0,0.0,0.0,0.0,0.0,0.0,0.0,0.0,0.0,0.0,0.0,0.0,0.0,0.0,0.0,0.0,0.0,0.0,0.0,0.0,0.0,0.0,0.0,0.0,0.0,0.0,0.0,0.0,0.0,0.0,0.0,0.0,0.0,0.0,0.0,0.0,0.0,0.0,0.0,0.0,0.0,0.0,0.0,0.0,0.0,0.0,0.0,0.0,0.0,0.0,0.0,0.0,0.0,0.0,0.0,0.0,0.0,0.0,0.0
859,0.0,0.0,0.0,0.0,0.0,0.0,0.0,0.0,0.0,0.0,0.0,0.0,0.0,0.0,0.0,0.0,0.0,0.0,0.0,0.0,0.0,0.0,0.0,0.0,0.0,0.0,0.0,0.0,0.0,0.0,0.0,0.0,0.0,0.0,0.0,0.0,0.0,0.0,0.0,0.0,0.0,0.0,0.0,0.0,0.0,0.0,0.0,0.0,0.0,0.0,0.0,0.0,0.0,0.0,0.0,0.0,0.0,0.0,0.0,0.0,0.0,0.0,0.0,0.0,0.0,0.0,0.0,0.0,0.0,0.0,0.0,0.0,0.0,0.0,0.0,0.0,0.0
860,0.0,0.0,0.0,0.0,0.0,0.0,0.0,0.0,0.0,0.0,0.0,0.0,0.0,0.0,0.0,0.0,0.0,0.0,0.0,0.0,0.0,0.0,0.0,0.0,0.0,0.0,0.0,0.0,0.0,0.0,0.0,0.0,0.0,0.0,0.0,0.0,0.0,0.0,0.0,0.0,0.0,0.0,0.0,0.0,0.0,0.0,0.0,0.0,0.0,0.0,0.0,0.0,0.0,0.0,0.0,0.0,0.0,0.0,0.0,0.0,0.0,0.0,0.0,0.0,0.0,0.0,0.0,0.0,0.0,0.0,0.0,0.0,0.0,0.0,0.0,0.0,0.0
861,0.0,0.0,0.0,0.0,0.0,0.0,0.0,0.0,0.0,0.0,0.0,0.0,0.0,0.0,0.0,0.0,0.0,0.0,0.0,0.0,0.0,0.0,0.0,0.0,0.0,0.0,0.0,0.0,0.0,0.0,0.0,0.0,0.0,0.0,0.0,0.0,0.0,0.0,0.0,0.0,0.0,0.0,0.0,0.0,0.0,0.0,0.0,0.0,0.0,0.0,0.0,0.0,0.0,0.0,0.0,0.0,0.0,0.0,0.0,0.0,0.0,0.0,0.0,0.0,0.0,0.0,0.0,0.0,0.0,0.0,0.0,0.0,0.0,0.0,0.0,0.0,0.0
862,0.0,0.0,0.0,0.0,0.0,0.0,0.0,0.0,0.0,0.0,0.0,0.0,0.0,0.0,0.0,0.0,0.0,0.0,0.0,0.0,0.0,0.0,0.0,0.0,0.0,0.0,0.0,0.0,0.0,0.0,0.0,0.0,0.0,0.0,0.0,0.0,0.0,0.0,0.0,0.0,0.0,0.0,0.0,0.0,0.0,0.0,0.0,0.0,0.0,0.0,0.0,0.0,0.0,0.0,0.0,0.0,0.0,0.0,0.0,0.0,0.0,0.0,0.0,0.0,0.0,0.0,0.0,0.0,0.0,0.0,0.0,0.0,0.0,0.0,0.0,0.0,0.0
863,0.0,0.0,0.0,0.0,0.0,0.0,0.0,0.0,0.0,0.0,0.0,0.0,0.0,0.0,0.0,0.0,0.0,0.0,0.0,0.0,0.0,0.0,0.0,0.0,0.0,0.0,0.0,0.0,0.0,0.0,0.0,0.0,0.0,0.0,0.0,0.0,0.0,0.0,0.0,0.0,0.0,0.0,0.0,0.0,0.0,0.0,0.0,0.0,0.0,0.0,0.0,0.0,0.0,0.0,0.0,0.0,0.0,0.0,0.0,0.0,0.0,0.0,0.0,0.0,0.0,0.0,0.0,0.0,0.0,0.0,0.0,0.0,0.0,0.0,0.0,0.0,0.0
864,0.0,0.0,0.0,0.0,0.0,0.0,0.0,0.0,0.0,0.0,0.0,0.0,0.0,0.0,0.0,0.0,0.0,0.0,0.0,0.0,0.0,0.0,0.0,0.0,0.0,0.0,0.0,0.0,0.0,0.0,0.0,0.0,0.0,0.0,0.0,0.0,0.0,0.0,0.0,0.0,0.0,0.0,0.0,0.0,0.0,0.0,0.0,0.0,0.0,0.0,0.0,0.0,0.0,0.0,0.0,0.0,0.0,0.0,0.0,0.0,0.0,0.0,0.0,0.0,0.0,0.0,0.0,0.0,0.0,0.0,0.0,0.0,0.0,0.0,0.0,0.0,0.0
865,0.0,0.0,0.0,0.0,0.0,0.0,0.0,0.0,0.0,0.0,0.0,0.0,0.0,0.0,0.0,0.0,0.0,0.0,0.0,0.0,0.0,0.0,0.0,0.0,0.0,0.0,0.0,0.0,0.0,0.0,0.0,0.0,0.0,0.0,0.0,0.0,0.0,0.0,0.0,0.0,0.0,0.0,0.0,0.0,0.0,0.0,0.0,0.0,0.0,0.0,0.0,0.0,0.0,0.0,0.0,0.0,0.0,0.0,0.0,0.0,0.0,0.0,0.0,0.0,0.0,0.0,0.0,0.0,0.0,0.0,0.0,0.0,0.0,0.0,0.0,0.0,0.0
866,0.0,0.0,0.0,0.0,0.0,0.0,0.0,0.0,0.0,0.0,0.0,0.0,0.0,0.0,0.0,0.0,0.0,0.0,0.0,0.0,0.0,0.0,0.0,0.0,0.0,0.0,0.0,0.0,0.0,0.0,0.0,0.0,0.0,0.0,0.0,0.0,0.0,0.0,0.0,0.0,0.0,0.0,0.0,0.0,0.0,0.0,0.0,0.0,0.0,0.0,0.0,0.0,0.0,0.0,0.0,0.0,0.0,0.0,0.0,0.0,0.0,0.0,0.0,0.0,0.0,0.0,0.0,0.0,0.0,0.0,0.0,0.0,0.0,0.0,0.0,0.0,0.0
867,0.0,0.0,0.0,0.0,0.0,0.0,0.0,0.0,0.0,0.0,0.0,0.0,0.0,0.0,0.0,0.0,0.0,0.0,0.0,0.0,0.0,0.0,0.0,0.0,0.0,0.0,0.0,0.0,0.0,0.0,0.0,0.0,0.0,0.0,0.0,0.0,0.0,0.0,0.0,0.0,0.0,0.0,0.0,0.0,0.0,0.0,0.0,0.0,0.0,0.0,0.0,0.0,0.0,0.0,0.0,0.0,0.0,0.0,0.0,0.0,0.0,0.0,0.0,0.0,0.0,0.0,0.0,0.0,0.0,0.0,0.0,0.0,0.0,0.0,0.0,0.0,0.0
868,0.0,0.0,0.0,0.0,0.0,0.0,0.0,0.0,0.0,0.0,0.0,0.0,0.0,0.0,0.0,0.0,0.0,0.0,0.0,0.0,0.0,0.0,0.0,0.0,0.0,0.0,0.0,0.0,0.0,0.0,0.0,0.0,0.0,0.0,0.0,0.0,0.0,0.0,0.0,0.0,0.0,0.0,0.0,0.0,0.0,0.0,0.0,0.0,0.0,0.0,0.0,0.0,0.0,0.0,0.0,0.0,0.0,0.0,0.0,0.0,0.0,0.0,0.0,0.0,0.0,0.0,0.0,0.0,0.0,0.0,0.0,0.0,0.0,0.0,0.0,0.0,0.0
869,0.0,0.0,0.0,0.0,0.0,0.0,0.0,0.0,0.0,0.0,0.0,0.0,0.0,0.0,0.0,0.0,0.0,0.0,0.0,0.0,0.0,0.0,0.0,0.0,0.0,0.0,0.0,0.0,0.0,0.0,0.0,0.0,0.0,0.0,0.0,0.0,0.0,0.0,0.0,0.0,0.0,0.0,0.0,0.0,0.0,0.0,0.0,0.0,0.0,0.0,0.0,0.0,0.0,0.0,0.0,0.0,0.0,0.0,0.0,0.0,0.0,0.0,0.0,0.0,0.0,0.0,0.0,0.0,0.0,0.0,0.0,0.0,0.0,0.0,0.0,0.0,0.0
870,0.0,0.0,0.0,0.0,0.0,0.0,0.0,0.0,0.0,0.0,0.0,0.0,0.0,0.0,0.0,0.0,0.0,0.0,0.0,0.0,0.0,0.0,0.0,0.0,0.0,0.0,0.0,0.0,0.0,0.0,0.0,0.0,0.0,0.0,0.0,0.0,0.0,0.0,0.0,0.0,0.0,0.0,0.0,0.0,0.0,0.0,0.0,0.0,0.0,0.0,0.0,0.0,0.0,0.0,0.0,0.0,0.0,0.0,0.0,0.0,0.0,0.0,0.0,0.0,0.0,0.0,0.0,0.0,0.0,0.0,0.0,0.0,0.0,0.0,0.0,0.0,0.0
871,0.0,0.0,0.0,0.0,0.0,0.0,0.0,0.0,0.0,0.0,0.0,0.0,0.0,0.0,0.0,0.0,0.0,0.0,0.0,0.0,0.0,0.0,0.0,0.0,0.0,0.0,0.0,0.0,0.0,0.0,0.0,0.0,0.0,0.0,0.0,0.0,0.0,0.0,0.0,0.0,0.0,0.0,0.0,0.0,0.0,0.0,0.0,0.0,0.0,0.0,0.0,0.0,0.0,0.0,0.0,0.0,0.0,0.0,0.0,0.0,0.0,0.0,0.0,0.0,0.0,0.0,0.0,0.0,0.0,0.0,0.0,0.0,0.0,0.0,0.0,0.0,0.0
872,0.0,0.0,0.0,0.0,0.0,0.0,0.0,0.0,0.0,0.0,0.0,0.0,0.0,0.0,0.0,0.0,0.0,0.0,0.0,0.0,0.0,0.0,0.0,0.0,0.0,0.0,0.0,0.0,0.0,0.0,0.0,0.0,0.0,0.0,0.0,0.0,0.0,0.0,0.0,0.0,0.0,0.0,0.0,0.0,0.0,0.0,0.0,0.0,0.0,0.0,0.0,0.0,0.0,0.0,0.0,0.0,0.0,0.0,0.0,0.0,0.0,0.0,0.0,0.0,0.0,0.0,0.0,0.0,0.0,0.0,0.0,0.0,0.0,0.0,0.0,0.0,0.0
873,0.0,0.0,0.0,0.0,0.0,0.0,0.0,0.0,0.0,0.0,0.0,0.0,0.0,0.0,0.0,0.0,0.0,0.0,0.0,0.0,0.0,0.0,0.0,0.0,0.0,0.0,0.0,0.0,0.0,0.0,0.0,0.0,0.0,0.0,0.0,0.0,0.0,0.0,0.0,0.0,0.0,0.0,0.0,0.0,0.0,0.0,0.0,0.0,0.0,0.0,0.0,0.0,0.0,0.0,0.0,0.0,0.0,0.0,0.0,0.0,0.0,0.0,0.0,0.0,0.0,0.0,0.0,0.0,0.0,0.0,0.0,0.0,0.0,0.0,0.0,0.0,0.0
874,0.0,0.0,0.0,0.0,0.0,0.0,0.0,0.0,0.0,0.0,0.0,0.0,0.0,0.0,0.0,0.0,0.0,0.0,0.0,0.0,0.0,0.0,0.0,0.0,0.0,0.0,0.0,0.0,0.0,0.0,0.0,0.0,0.0,0.0,0.0,0.0,0.0,0.0,0.0,0.0,0.0,0.0,0.0,0.0,0.0,0.0,0.0,0.0,0.0,0.0,0.0,0.0,0.0,0.0,0.0,0.0,0.0,0.0,0.0,0.0,0.0,0.0,0.0,0.0,0.0,0.0,0.0,0.0,0.0,0.0,0.0,0.0,0.0,0.0,0.0,0.0,0.0
875,0.0,0.0,0.0,0.0,0.0,0.0,0.0,0.0,0.0,0.0,0.0,0.0,0.0,0.0,0.0,0.0,0.0,0.0,0.0,0.0,0.0,0.0,0.0,0.0,0.0,0.0,0.0,0.0,0.0,0.0,0.0,0.0,0.0,0.0,0.0,0.0,0.0,0.0,0.0,0.0,0.0,0.0,0.0,0.0,0.0,0.0,0.0,0.0,0.0,0.0,0.0,0.0,0.0,0.0,0.0,0.0,0.0,0.0,0.0,0.0,0.0,0.0,0.0,0.0,0.0,0.0,0.0,0.0,0.0,0.0,0.0,0.0,0.0,0.0,0.0,0.0,0.0
876,0.0,0.0,0.0,0.0,0.0,0.0,0.0,0.0,0.0,0.0,0.0,0.0,0.0,0.0,0.0,0.0,0.0,0.0,0.0,0.0,0.0,0.0,0.0,0.0,0.0,0.0,0.0,0.0,0.0,0.0,0.0,0.0,0.0,0.0,0.0,0.0,0.0,0.0,0.0,0.0,0.0,0.0,0.0,0.0,0.0,0.0,0.0,0.0,0.0,0.0,0.0,0.0,0.0,0.0,0.0,0.0,0.0,0.0,0.0,0.0,0.0,0.0,0.0,0.0,0.0,0.0,0.0,0.0,0.0,0.0,0.0,0.0,0.0,0.0,0.0,0.0,0.0
877,0.0,0.0,0.0,0.0,0.0,0.0,0.0,0.0,0.0,0.0,0.0,0.0,0.0,0.0,0.0,0.0,0.0,0.0,0.0,0.0,0.0,0.0,0.0,0.0,0.0,0.0,0.0,0.0,0.0,0.0,0.0,0.0,0.0,0.0,0.0,0.0,0.0,0.0,0.0,0.0,0.0,0.0,0.0,0.0,0.0,0.0,0.0,0.0,0.0,0.0,0.0,0.0,0.0,0.0,0.0,0.0,0.0,0.0,0.0,0.0,0.0,0.0,0.0,0.0,0.0,0.0,0.0,0.0,0.0,0.0,0.0,0.0,0.0,0.0,0.0,0.0,0.0
878,0.0,0.0,0.0,0.0,0.0,0.0,0.0,0.0,0.0,0.0,0.0,0.0,0.0,0.0,0.0,0.0,0.0,0.0,0.0,0.0,0.0,0.0,0.0,0.0,0.0,0.0,0.0,0.0,0.0,0.0,0.0,0.0,0.0,0.0,0.0,0.0,0.0,0.0,0.0,0.0,0.0,0.0,0.0,0.0,0.0,0.0,0.0,0.0,0.0,0.0,0.0,0.0,0.0,0.0,0.0,0.0,0.0,0.0,0.0,0.0,0.0,0.0,0.0,0.0,0.0,0.0,0.0,0.0,0.0,0.0,0.0,0.0,0.0,0.0,0.0,0.0,0.0
879,0.0,0.0,0.0,0.0,0.0,0.0,0.0,0.0,0.0,0.0,0.0,0.0,0.0,0.0,0.0,0.0,0.0,0.0,0.0,0.0,0.0,0.0,0.0,0.0,0.0,0.0,0.0,0.0,0.0,0.0,0.0,0.0,0.0,0.0,0.0,0.0,0.0,0.0,0.0,0.0,0.0,0.0,0.0,0.0,0.0,0.0,0.0,0.0,0.0,0.0,0.0,0.0,0.0,0.0,0.0,0.0,0.0,0.0,0.0,0.0,0.0,0.0,0.0,0.0,0.0,0.0,0.0,0.0,0.0,0.0,0.0,0.0,0.0,0.0,0.0,0.0,0.0
880,0.0,0.0,0.0,0.0,0.0,0.0,0.0,0.0,0.0,0.0,0.0,0.0,0.0,0.0,0.0,0.0,0.0,0.0,0.0,0.0,0.0,0.0,0.0,0.0,0.0,0.0,0.0,0.0,0.0,0.0,0.0,0.0,0.0,0.0,0.0,0.0,0.0,0.0,0.0,0.0,0.0,0.0,0.0,0.0,0.0,0.0,0.0,0.0,0.0,0.0,0.0,0.0,0.0,0.0,0.0,0.0,0.0,0.0,0.0,0.0,0.0,0.0,0.0,0.0,0.0,0.0,0.0,0.0,0.0,0.0,0.0,0.0,0.0,0.0,0.0,0.0,0.0
881,0.0,0.0,0.0,0.0,0.0,0.0,0.0,0.0,0.0,0.0,0.0,0.0,0.0,0.0,0.0,0.0,0.0,0.0,0.0,0.0,0.0,0.0,0.0,0.0,0.0,0.0,0.0,0.0,0.0,0.0,0.0,0.0,0.0,0.0,0.0,0.0,0.0,0.0,0.0,0.0,0.0,0.0,0.0,0.0,0.0,0.0,0.0,0.0,0.0,0.0,0.0,0.0,0.0,0.0,0.0,0.0,0.0,0.0,0.0,0.0,0.0,0.0,0.0,0.0,0.0,0.0,0.0,0.0,0.0,0.0,0.0,0.0,0.0,0.0,0.0,0.0,0.0
882,0.0,0.0,0.0,0.0,0.0,0.0,0.0,0.0,0.0,0.0,0.0,0.0,0.0,0.0,0.0,0.0,0.0,0.0,0.0,0.0,0.0,0.0,0.0,0.0,0.0,0.0,0.0,0.0,0.0,0.0,0.0,0.0,0.0,0.0,0.0,0.0,0.0,0.0,0.0,0.0,0.0,0.0,0.0,0.0,0.0,0.0,0.0,0.0,0.0,0.0,0.0,0.0,0.0,0.0,0.0,0.0,0.0,0.0,0.0,0.0,0.0,0.0,0.0,0.0,0.0,0.0,0.0,0.0,0.0,0.0,0.0,0.0,0.0,0.0,0.0,0.0,0.0
883,0.0,0.0,0.0,0.0,0.0,0.0,0.0,0.0,0.0,0.0,0.0,0.0,0.0,0.0,0.0,0.0,0.0,0.0,0.0,0.0,0.0,0.0,0.0,0.0,0.0,0.0,0.0,0.0,0.0,0.0,0.0,0.0,0.0,0.0,0.0,0.0,0.0,0.0,0.0,0.0,0.0,0.0,0.0,0.0,0.0,0.0,0.0,0.0,0.0,0.0,0.0,0.0,0.0,0.0,0.0,0.0,0.0,0.0,0.0,0.0,0.0,0.0,0.0,0.0,0.0,0.0,0.0,0.0,0.0,0.0,0.0,0.0,0.0,0.0,0.0,0.0,0.0
884,0.0,0.0,0.0,0.0,0.0,0.0,0.0,0.0,0.0,0.0,0.0,0.0,0.0,0.0,0.0,0.0,0.0,0.0,0.0,0.0,0.0,0.0,0.0,0.0,0.0,0.0,0.0,0.0,0.0,0.0,0.0,0.0,0.0,0.0,0.0,0.0,0.0,0.0,0.0,0.0,0.0,0.0,0.0,0.0,0.0,0.0,0.0,0.0,0.0,0.0,0.0,0.0,0.0,0.0,0.0,0.0,0.0,0.0,0.0,0.0,0.0,0.0,0.0,0.0,0.0,0.0,0.0,0.0,0.0,0.0,0.0,0.0,0.0,0.0,0.0,0.0,0.0
885,0.0,0.0,0.0,0.0,0.0,0.0,0.0,0.0,0.0,0.0,0.0,0.0,0.0,0.0,0.0,0.0,0.0,0.0,0.0,0.0,0.0,0.0,0.0,0.0,0.0,0.0,0.0,0.0,0.0,0.0,0.0,0.0,0.0,0.0,0.0,0.0,0.0,0.0,0.0,0.0,0.0,0.0,0.0,0.0,0.0,0.0,0.0,0.0,0.0,0.0,0.0,0.0,0.0,0.0,0.0,0.0,0.0,0.0,0.0,0.0,0.0,0.0,0.0,0.0,0.0,0.0,0.0,0.0,0.0,0.0,0.0,0.0,0.0,0.0,0.0,0.0,0.0
886,0.0,0.0,0.0,0.0,0.0,0.0,0.0,0.0,0.0,0.0,0.0,0.0,0.0,0.0,0.0,0.0,0.0,0.0,0.0,0.0,0.0,0.0,0.0,0.0,0.0,0.0,0.0,0.0,0.0,0.0,0.0,0.0,0.0,0.0,0.0,0.0,0.0,0.0,0.0,0.0,0.0,0.0,0.0,0.0,0.0,0.0,0.0,0.0,0.0,0.0,0.0,0.0,0.0,0.0,0.0,0.0,0.0,0.0,0.0,0.0,0.0,0.0,0.0,0.0,0.0,0.0,0.0,0.0,0.0,0.0,0.0,0.0,0.0,0.0,0.0,0.0,0.0
887,0.0,0.0,0.0,0.0,0.0,0.0,0.0,0.0,0.0,0.0,0.0,0.0,0.0,0.0,0.0,0.0,0.0,0.0,0.0,0.0,0.0,0.0,0.0,0.0,0.0,0.0,0.0,0.0,0.0,0.0,0.0,0.0,0.0,0.0,0.0,0.0,0.0,0.0,0.0,0.0,0.0,0.0,0.0,0.0,0.0,0.0,0.0,0.0,0.0,0.0,0.0,0.0,0.0,0.0,0.0,0.0,0.0,0.0,0.0,0.0,0.0,0.0,0.0,0.0,0.0,0.0,0.0,0.0,0.0,0.0,0.0,0.0,0.0,0.0,0.0,0.0,0.0
888,0.0,0.0,0.0,0.0,0.0,0.0,0.0,0.0,0.0,0.0,0.0,0.0,0.0,0.0,0.0,0.0,0.0,0.0,0.0,0.0,0.0,0.0,0.0,0.0,0.0,0.0,0.0,0.0,0.0,0.0,0.0,0.0,0.0,0.0,0.0,0.0,0.0,0.0,0.0,0.0,0.0,0.0,0.0,0.0,0.0,0.0,0.0,0.0,0.0,0.0,0.0,0.0,0.0,0.0,0.0,0.0,0.0,0.0,0.0,0.0,0.0,0.0,0.0,0.0,0.0,0.0,0.0,0.0,0.0,0.0,0.0,0.0,0.0,0.0,0.0,0.0,0.0
889,0.0,0.0,0.0,0.0,0.0,0.0,0.0,0.0,0.0,0.0,0.0,0.0,0.0,0.0,0.0,0.0,0.0,0.0,0.0,0.0,0.0,0.0,0.0,0.0,0.0,0.0,0.0,0.0,0.0,0.0,0.0,0.0,0.0,0.0,0.0,0.0,0.0,0.0,0.0,0.0,0.0,0.0,0.0,0.0,0.0,0.0,0.0,0.0,0.0,0.0,0.0,0.0,0.0,0.0,0.0,0.0,0.0,0.0,0.0,0.0,0.0,0.0,0.0,0.0,0.0,0.0,0.0,0.0,0.0,0.0,0.0,0.0,0.0,0.0,0.0,0.0,0.0
890,0.0,0.0,0.0,0.0,0.0,0.0,0.0,0.0,0.0,0.0,0.0,0.0,0.0,0.0,0.0,0.0,0.0,0.0,0.0,0.0,0.0,0.0,0.0,0.0,0.0,0.0,0.0,0.0,0.0,0.0,0.0,0.0,0.0,0.0,0.0,0.0,0.0,0.0,0.0,0.0,0.0,0.0,0.0,0.0,0.0,0.0,0.0,0.0,0.0,0.0,0.0,0.0,0.0,0.0,0.0,0.0,0.0,0.0,0.0,0.0,0.0,0.0,0.0,0.0,0.0,0.0,0.0,0.0,0.0,0.0,0.0,0.0,0.0,0.0,0.0,0.0,0.0
891,0.0,0.0,0.0,0.0,0.0,0.0,0.0,0.0,0.0,0.0,0.0,0.0,0.0,0.0,0.0,0.0,0.0,0.0,0.0,0.0,0.0,0.0,0.0,0.0,0.0,0.0,0.0,0.0,0.0,0.0,0.0,0.0,0.0,0.0,0.0,0.0,0.0,0.0,0.0,0.0,0.0,0.0,0.0,0.0,0.0,0.0,0.0,0.0,0.0,0.0,0.0,0.0,0.0,0.0,0.0,0.0,0.0,0.0,0.0,0.0,0.0,0.0,0.0,0.0,0.0,0.0,0.0,0.0,0.0,0.0,0.0,0.0,0.0,0.0,0.0,0.0,0.0
892,0.0,0.0,0.0,0.0,0.0,0.0,0.0,0.0,0.0,0.0,0.0,0.0,0.0,0.0,0.0,0.0,0.0,0.0,0.0,0.0,0.0,0.0,0.0,0.0,0.0,0.0,0.0,0.0,0.0,0.0,0.0,0.0,0.0,0.0,0.0,0.0,0.0,0.0,0.0,0.0,0.0,0.0,0.0,0.0,0.0,0.0,0.0,0.0,0.0,0.0,0.0,0.0,0.0,0.0,0.0,0.0,0.0,0.0,0.0,0.0,0.0,0.0,0.0,0.0,0.0,0.0,0.0,0.0,0.0,0.0,0.0,0.0,0.0,0.0,0.0,0.0,0.0
893,0.0,0.0,0.0,0.0,0.0,0.0,0.0,0.0,0.0,0.0,0.0,0.0,0.0,0.0,0.0,0.0,0.0,0.0,0.0,0.0,0.0,0.0,0.0,0.0,0.0,0.0,0.0,0.0,0.0,0.0,0.0,0.0,0.0,0.0,0.0,0.0,0.0,0.0,0.0,0.0,0.0,0.0,0.0,0.0,0.0,0.0,0.0,0.0,0.0,0.0,0.0,0.0,0.0,0.0,0.0,0.0,0.0,0.0,0.0,0.0,0.0,0.0,0.0,0.0,0.0,0.0,0.0,0.0,0.0,0.0,0.0,0.0,0.0,0.0,0.0,0.0,0.0
894,0.0,0.0,0.0,0.0,0.0,0.0,0.0,0.0,0.0,0.0,0.0,0.0,0.0,0.0,0.0,0.0,0.0,0.0,0.0,0.0,0.0,0.0,0.0,0.0,0.0,0.0,0.0,0.0,0.0,0.0,0.0,0.0,0.0,0.0,0.0,0.0,0.0,0.0,0.0,0.0,0.0,0.0,0.0,0.0,0.0,0.0,0.0,0.0,0.0,0.0,0.0,0.0,0.0,0.0,0.0,0.0,0.0,0.0,0.0,0.0,0.0,0.0,0.0,0.0,0.0,0.0,0.0,0.0,0.0,0.0,0.0,0.0,0.0,0.0,0.0,0.0,0.0
895,0.0,0.0,0.0,0.0,0.0,0.0,0.0,0.0,0.0,0.0,0.0,0.0,0.0,0.0,0.0,0.0,0.0,0.0,0.0,0.0,0.0,0.0,0.0,0.0,0.0,0.0,0.0,0.0,0.0,0.0,0.0,0.0,0.0,0.0,0.0,0.0,0.0,0.0,0.0,0.0,0.0,0.0,0.0,0.0,0.0,0.0,0.0,0.0,0.0,0.0,0.0,0.0,0.0,0.0,0.0,0.0,0.0,0.0,0.0,0.0,0.0,0.0,0.0,0.0,0.0,0.0,0.0,0.0,0.0,0.0,0.0,0.0,0.0,0.0,0.0,0.0,0.0
896,0.0,0.0,0.0,0.0,0.0,0.0,0.0,0.0,0.0,0.0,0.0,0.0,0.0,0.0,0.0,0.0,0.0,0.0,0.0,0.0,0.0,0.0,0.0,0.0,0.0,0.0,0.0,0.0,0.0,0.0,0.0,0.0,0.0,0.0,0.0,0.0,0.0,0.0,0.0,0.0,0.0,0.0,0.0,0.0,0.0,0.0,0.0,0.0,0.0,0.0,0.0,0.0,0.0,0.0,0.0,0.0,0.0,0.0,0.0,0.0,0.0,0.0,0.0,0.0,0.0,0.0,0.0,0.0,0.0,0.0,0.0,0.0,0.0,0.0,0.0,0.0,0.0
897,0.0,0.0,0.0,0.0,0.0,0.0,0.0,0.0,0.0,0.0,0.0,0.0,0.0,0.0,0.0,0.0,0.0,0.0,0.0,0.0,0.0,0.0,0.0,0.0,0.0,0.0,0.0,0.0,0.0,0.0,0.0,0.0,0.0,0.0,0.0,0.0,0.0,0.0,0.0,0.0,0.0,0.0,0.0,0.0,0.0,0.0,0.0,0.0,0.0,0.0,0.0,0.0,0.0,0.0,0.0,0.0,0.0,0.0,0.0,0.0,0.0,0.0,0.0,0.0,0.0,0.0,0.0,0.0,0.0,0.0,0.0,0.0,0.0,0.0,0.0,0.0,0.0
898,0.0,0.0,0.0,0.0,0.0,0.0,0.0,0.0,0.0,0.0,0.0,0.0,0.0,0.0,0.0,0.0,0.0,0.0,0.0,0.0,0.0,0.0,0.0,0.0,0.0,0.0,0.0,0.0,0.0,0.0,0.0,0.0,0.0,0.0,0.0,0.0,0.0,0.0,0.0,0.0,0.0,0.0,0.0,0.0,0.0,0.0,0.0,0.0,0.0,0.0,0.0,0.0,0.0,0.0,0.0,0.0,0.0,0.0,0.0,0.0,0.0,0.0,0.0,0.0,0.0,0.0,0.0,0.0,0.0,0.0,0.0,0.0,0.0,0.0,0.0,0.0,0.0
899,0.0,0.0,0.0,0.0,0.0,0.0,0.0,0.0,0.0,0.0,0.0,0.0,0.0,0.0,0.0,0.0,0.0,0.0,0.0,0.0,0.0,0.0,0.0,0.0,0.0,0.0,0.0,0.0,0.0,0.0,0.0,0.0,0.0,0.0,0.0,0.0,0.0,0.0,0.0,0.0,0.0,0.0,0.0,0.0,0.0,0.0,0.0,0.0,0.0,0.0,0.0,0.0,0.0,0.0,0.0,0.0,0.0,0.0,0.0,0.0,0.0,0.0,0.0,0.0,0.0,0.0,0.0,0.0,0.0,0.0,0.0,0.0,0.0,0.0,0.0,0.0,0.0
900,0.0,0.0,0.0,0.0,0.0,0.0,0.0,0.0,0.0,0.0,0.0,0.0,0.0,0.0,0.0,0.0,0.0,0.0,0.0,0.0,0.0,0.0,0.0,0.0,0.0,0.0,0.0,0.0,0.0,0.0,0.0,0.0,0.0,0.0,0.0,0.0,0.0,0.0,0.0,0.0,0.0,0.0,0.0,0.0,0.0,0.0,0.0,0.0,0.0,0.0,0.0,0.0,0.0,0.0,0.0,0.0,0.0,0.0,0.0,0.0,0.0,0.0,0.0,0.0,0.0,0.0,0.0,0.0,0.0,0.0,0.0,0.0,0.0,0.0,0.0,0.0,0.0
901,0.0,0.0,0.0,0.0,0.0,0.0,0.0,0.0,0.0,0.0,0.0,0.0,0.0,0.0,0.0,0.0,0.0,0.0,0.0,0.0,0.0,0.0,0.0,0.0,0.0,0.0,0.0,0.0,0.0,0.0,0.0,0.0,0.0,0.0,0.0,0.0,0.0,0.0,0.0,0.0,0.0,0.0,0.0,0.0,0.0,0.0,0.0,0.0,0.0,0.0,0.0,0.0,0.0,0.0,0.0,0.0,0.0,0.0,0.0,0.0,0.0,0.0,0.0,0.0,0.0,0.0,0.0,0.0,0.0,0.0,0.0,0.0,0.0,0.0,0.0,0.0,0.0
902,0.0,0.0,0.0,0.0,0.0,0.0,0.0,0.0,0.0,0.0,0.0,0.0,0.0,0.0,0.0,0.0,0.0,0.0,0.0,0.0,0.0,0.0,0.0,0.0,0.0,0.0,0.0,0.0,0.0,0.0,0.0,0.0,0.0,0.0,0.0,0.0,0.0,0.0,0.0,0.0,0.0,0.0,0.0,0.0,0.0,0.0,0.0,0.0,0.0,0.0,0.0,0.0,0.0,0.0,0.0,0.0,0.0,0.0,0.0,0.0,0.0,0.0,0.0,0.0,0.0,0.0,0.0,0.0,0.0,0.0,0.0,0.0,0.0,0.0,0.0,0.0,0.0
903,0.0,0.0,0.0,0.0,0.0,0.0,0.0,0.0,0.0,0.0,0.0,0.0,0.0,0.0,0.0,0.0,0.0,0.0,0.0,0.0,0.0,0.0,0.0,0.0,0.0,0.0,0.0,0.0,0.0,0.0,0.0,0.0,0.0,0.0,0.0,0.0,0.0,0.0,0.0,0.0,0.0,0.0,0.0,0.0,0.0,0.0,0.0,0.0,0.0,0.0,0.0,0.0,0.0,0.0,0.0,0.0,0.0,0.0,0.0,0.0,0.0,0.0,0.0,0.0,0.0,0.0,0.0,0.0,0.0,0.0,0.0,0.0,0.0,0.0,0.0,0.0,0.0
904,0.0,0.0,0.0,0.0,0.0,0.0,0.0,0.0,0.0,0.0,0.0,0.0,0.0,0.0,0.0,0.0,0.0,0.0,0.0,0.0,0.0,0.0,0.0,0.0,0.0,0.0,0.0,0.0,0.0,0.0,0.0,0.0,0.0,0.0,0.0,0.0,0.0,0.0,0.0,0.0,0.0,0.0,0.0,0.0,0.0,0.0,0.0,0.0,0.0,0.0,0.0,0.0,0.0,0.0,0.0,0.0,0.0,0.0,0.0,0.0,0.0,0.0,0.0,0.0,0.0,0.0,0.0,0.0,0.0,0.0,0.0,0.0,0.0,0.0,0.0,0.0,0.0
905,0.0,0.0,0.0,0.0,0.0,0.0,0.0,0.0,0.0,0.0,0.0,0.0,0.0,0.0,0.0,0.0,0.0,0.0,0.0,0.0,0.0,0.0,0.0,0.0,0.0,0.0,0.0,0.0,0.0,0.0,0.0,0.0,0.0,0.0,0.0,0.0,0.0,0.0,0.0,0.0,0.0,0.0,0.0,0.0,0.0,0.0,0.0,0.0,0.0,0.0,0.0,0.0,0.0,0.0,0.0,0.0,0.0,0.0,0.0,0.0,0.0,0.0,0.0,0.0,0.0,0.0,0.0,0.0,0.0,0.0,0.0,0.0,0.0,0.0,0.0,0.0,0.0
906,0.0,0.0,0.0,0.0,0.0,0.0,0.0,0.0,0.0,0.0,0.0,0.0,0.0,0.0,0.0,0.0,0.0,0.0,0.0,0.0,0.0,0.0,0.0,0.0,0.0,0.0,0.0,0.0,0.0,0.0,0.0,0.0,0.0,0.0,0.0,0.0,0.0,0.0,0.0,0.0,0.0,0.0,0.0,0.0,0.0,0.0,0.0,0.0,0.0,0.0,0.0,0.0,0.0,0.0,0.0,0.0,0.0,0.0,0.0,0.0,0.0,0.0,0.0,0.0,0.0,0.0,0.0,0.0,0.0,0.0,0.0,0.0,0.0,0.0,0.0,0.0,0.0
907,0.0,0.0,0.0,0.0,0.0,0.0,0.0,0.0,0.0,0.0,0.0,0.0,0.0,0.0,0.0,0.0,0.0,0.0,0.0,0.0,0.0,0.0,0.0,0.0,0.0,0.0,0.0,0.0,0.0,0.0,0.0,0.0,0.0,0.0,0.0,0.0,0.0,0.0,0.0,0.0,0.0,0.0,0.0,0.0,0.0,0.0,0.0,0.0,0.0,0.0,0.0,0.0,0.0,0.0,0.0,0.0,0.0,0.0,0.0,0.0,0.0,0.0,0.0,0.0,0.0,0.0,0.0,0.0,0.0,0.0,0.0,0.0,0.0,0.0,0.0,0.0,0.0
908,0.0,0.0,0.0,0.0,0.0,0.0,0.0,0.0,0.0,0.0,0.0,0.0,0.0,0.0,0.0,0.0,0.0,0.0,0.0,0.0,0.0,0.0,0.0,0.0,0.0,0.0,0.0,0.0,0.0,0.0,0.0,0.0,0.0,0.0,0.0,0.0,0.0,0.0,0.0,0.0,0.0,0.0,0.0,0.0,0.0,0.0,0.0,0.0,0.0,0.0,0.0,0.0,0.0,0.0,0.0,0.0,0.0,0.0,0.0,0.0,0.0,0.0,0.0,0.0,0.0,0.0,0.0,0.0,0.0,0.0,0.0,0.0,0.0,0.0,0.0,0.0,0.0
909,0.0,0.0,0.0,0.0,0.0,0.0,0.0,0.0,0.0,0.0,0.0,0.0,0.0,0.0,0.0,0.0,0.0,0.0,0.0,0.0,0.0,0.0,0.0,0.0,0.0,0.0,0.0,0.0,0.0,0.0,0.0,0.0,0.0,0.0,0.0,0.0,0.0,0.0,0.0,0.0,0.0,0.0,0.0,0.0,0.0,0.0,0.0,0.0,0.0,0.0,0.0,0.0,0.0,0.0,0.0,0.0,0.0,0.0,0.0,0.0,0.0,0.0,0.0,0.0,0.0,0.0,0.0,0.0,0.0,0.0,0.0,0.0,0.0,0.0,0.0,0.0,0.0
910,0.0,0.0,0.0,0.0,0.0,0.0,0.0,0.0,0.0,0.0,0.0,0.0,0.0,0.0,0.0,0.0,0.0,0.0,0.0,0.0,0.0,0.0,0.0,0.0,0.0,0.0,0.0,0.0,0.0,0.0,0.0,0.0,0.0,0.0,0.0,0.0,0.0,0.0,0.0,0.0,0.0,0.0,0.0,0.0,0.0,0.0,0.0,0.0,0.0,0.0,0.0,0.0,0.0,0.0,0.0,0.0,0.0,0.0,0.0,0.0,0.0,0.0,0.0,0.0,0.0,0.0,0.0,0.0,0.0,0.0,0.0,0.0,0.0,0.0,0.0,0.0,0.0
911,0.0,0.0,0.0,0.0,0.0,0.0,0.0,0.0,0.0,0.0,0.0,0.0,0.0,0.0,0.0,0.0,0.0,0.0,0.0,0.0,0.0,0.0,0.0,0.0,0.0,0.0,0.0,0.0,0.0,0.0,0.0,0.0,0.0,0.0,0.0,0.0,0.0,0.0,0.0,0.0,0.0,0.0,0.0,0.0,0.0,0.0,0.0,0.0,0.0,0.0,0.0,0.0,0.0,0.0,0.0,0.0,0.0,0.0,0.0,0.0,0.0,0.0,0.0,0.0,0.0,0.0,0.0,0.0,0.0,0.0,0.0,0.0,0.0,0.0,0.0,0.0,0.0
912,0.0,0.0,0.0,0.0,0.0,0.0,0.0,0.0,0.0,0.0,0.0,0.0,0.0,0.0,0.0,0.0,0.0,0.0,0.0,0.0,0.0,0.0,0.0,0.0,0.0,0.0,0.0,0.0,0.0,0.0,0.0,0.0,0.0,0.0,0.0,0.0,0.0,0.0,0.0,0.0,0.0,0.0,0.0,0.0,0.0,0.0,0.0,0.0,0.0,0.0,0.0,0.0,0.0,0.0,0.0,0.0,0.0,0.0,0.0,0.0,0.0,0.0,0.0,0.0,0.0,0.0,0.0,0.0,0.0,0.0,0.0,0.0,0.0,0.0,0.0,0.0,0.0
913,0.0,0.0,0.0,0.0,0.0,0.0,0.0,0.0,0.0,0.0,0.0,0.0,0.0,0.0,0.0,0.0,0.0,0.0,0.0,0.0,0.0,0.0,0.0,0.0,0.0,0.0,0.0,0.0,0.0,0.0,0.0,0.0,0.0,0.0,0.0,0.0,0.0,0.0,0.0,0.0,0.0,0.0,0.0,0.0,0.0,0.0,0.0,0.0,0.0,0.0,0.0,0.0,0.0,0.0,0.0,0.0,0.0,0.0,0.0,0.0,0.0,0.0,0.0,0.0,0.0,0.0,0.0,0.0,0.0,0.0,0.0,0.0,0.0,0.0,0.0,0.0,0.0
914,0.0,0.0,0.0,0.0,0.0,0.0,0.0,0.0,0.0,0.0,0.0,0.0,0.0,0.0,0.0,0.0,0.0,0.0,0.0,0.0,0.0,0.0,0.0,0.0,0.0,0.0,0.0,0.0,0.0,0.0,0.0,0.0,0.0,0.0,0.0,0.0,0.0,0.0,0.0,0.0,0.0,0.0,0.0,0.0,0.0,0.0,0.0,0.0,0.0,0.0,0.0,0.0,0.0,0.0,0.0,0.0,0.0,0.0,0.0,0.0,0.0,0.0,0.0,0.0,0.0,0.0,0.0,0.0,0.0,0.0,0.0,0.0,0.0,0.0,0.0,0.0,0.0
915,0.0,0.0,0.0,0.0,0.0,0.0,0.0,0.0,0.0,0.0,0.0,0.0,0.0,0.0,0.0,0.0,0.0,0.0,0.0,0.0,0.0,0.0,0.0,0.0,0.0,0.0,0.0,0.0,0.0,0.0,0.0,0.0,0.0,0.0,0.0,0.0,0.0,0.0,0.0,0.0,0.0,0.0,0.0,0.0,0.0,0.0,0.0,0.0,0.0,0.0,0.0,0.0,0.0,0.0,0.0,0.0,0.0,0.0,0.0,0.0,0.0,0.0,0.0,0.0,0.0,0.0,0.0,0.0,0.0,0.0,0.0,0.0,0.0,0.0,0.0,0.0,0.0
916,0.0,0.0,0.0,0.0,0.0,0.0,0.0,0.0,0.0,0.0,0.0,0.0,0.0,0.0,0.0,0.0,0.0,0.0,0.0,0.0,0.0,0.0,0.0,0.0,0.0,0.0,0.0,0.0,0.0,0.0,0.0,0.0,0.0,0.0,0.0,0.0,0.0,0.0,0.0,0.0,0.0,0.0,0.0,0.0,0.0,0.0,0.0,0.0,0.0,0.0,0.0,0.0,0.0,0.0,0.0,0.0,0.0,0.0,0.0,0.0,0.0,0.0,0.0,0.0,0.0,0.0,0.0,0.0,0.0,0.0,0.0,0.0,0.0,0.0,0.0,0.0,0.0
917,0.0,0.0,0.0,0.0,0.0,0.0,0.0,0.0,0.0,0.0,0.0,0.0,0.0,0.0,0.0,0.0,0.0,0.0,0.0,0.0,0.0,0.0,0.0,0.0,0.0,0.0,0.0,0.0,0.0,0.0,0.0,0.0,0.0,0.0,0.0,0.0,0.0,0.0,0.0,0.0,0.0,0.0,0.0,0.0,0.0,0.0,0.0,0.0,0.0,0.0,0.0,0.0,0.0,0.0,0.0,0.0,0.0,0.0,0.0,0.0,0.0,0.0,0.0,0.0,0.0,0.0,0.0,0.0,0.0,0.0,0.0,0.0,0.0,0.0,0.0,0.0,0.0
918,0.0,0.0,0.0,0.0,0.0,0.0,0.0,0.0,0.0,0.0,0.0,0.0,0.0,0.0,0.0,0.0,0.0,0.0,0.0,0.0,0.0,0.0,0.0,0.0,0.0,0.0,0.0,0.0,0.0,0.0,0.0,0.0,0.0,0.0,0.0,0.0,0.0,0.0,0.0,0.0,0.0,0.0,0.0,0.0,0.0,0.0,0.0,0.0,0.0,0.0,0.0,0.0,0.0,0.0,0.0,0.0,0.0,0.0,0.0,0.0,0.0,0.0,0.0,0.0,0.0,0.0,0.0,0.0,0.0,0.0,0.0,0.0,0.0,0.0,0.0,0.0,0.0
919,0.0,0.0,0.0,0.0,0.0,0.0,0.0,0.0,0.0,0.0,0.0,0.0,0.0,0.0,0.0,0.0,0.0,0.0,0.0,0.0,0.0,0.0,0.0,0.0,0.0,0.0,0.0,0.0,0.0,0.0,0.0,0.0,0.0,0.0,0.0,0.0,0.0,0.0,0.0,0.0,0.0,0.0,0.0,0.0,0.0,0.0,0.0,0.0,0.0,0.0,0.0,0.0,0.0,0.0,0.0,0.0,0.0,0.0,0.0,0.0,0.0,0.0,0.0,0.0,0.0,0.0,0.0,0.0,0.0,0.0,0.0,0.0,0.0,0.0,0.0,0.0,0.0
920,0.0,0.0,0.0,0.0,0.0,0.0,0.0,0.0,0.0,0.0,0.0,0.0,0.0,0.0,0.0,0.0,0.0,0.0,0.0,0.0,0.0,0.0,0.0,0.0,0.0,0.0,0.0,0.0,0.0,0.0,0.0,0.0,0.0,0.0,0.0,0.0,0.0,0.0,0.0,0.0,0.0,0.0,0.0,0.0,0.0,0.0,0.0,0.0,0.0,0.0,0.0,0.0,0.0,0.0,0.0,0.0,0.0,0.0,0.0,0.0,0.0,0.0,0.0,0.0,0.0,0.0,0.0,0.0,0.0,0.0,0.0,0.0,0.0,0.0,0.0,0.0,0.0
921,0.0,0.0,0.0,0.0,0.0,0.0,0.0,0.0,0.0,0.0,0.0,0.0,0.0,0.0,0.0,0.0,0.0,0.0,0.0,0.0,0.0,0.0,0.0,0.0,0.0,0.0,0.0,0.0,0.0,0.0,0.0,0.0,0.0,0.0,0.0,0.0,0.0,0.0,0.0,0.0,0.0,0.0,0.0,0.0,0.0,0.0,0.0,0.0,0.0,0.0,0.0,0.0,0.0,0.0,0.0,0.0,0.0,0.0,0.0,0.0,0.0,0.0,0.0,0.0,0.0,0.0,0.0,0.0,0.0,0.0,0.0,0.0,0.0,0.0,0.0,0.0,0.0
922,0.0,0.0,0.0,0.0,0.0,0.0,0.0,0.0,0.0,0.0,0.0,0.0,0.0,0.0,0.0,0.0,0.0,0.0,0.0,0.0,0.0,0.0,0.0,0.0,0.0,0.0,0.0,0.0,0.0,0.0,0.0,0.0,0.0,0.0,0.0,0.0,0.0,0.0,0.0,0.0,0.0,0.0,0.0,0.0,0.0,0.0,0.0,0.0,0.0,0.0,0.0,0.0,0.0,0.0,0.0,0.0,0.0,0.0,0.0,0.0,0.0,0.0,0.0,0.0,0.0,0.0,0.0,0.0,0.0,0.0,0.0,0.0,0.0,0.0,0.0,0.0,0.0
923,0.0,0.0,0.0,0.0,0.0,0.0,0.0,0.0,0.0,0.0,0.0,0.0,0.0,0.0,0.0,0.0,0.0,0.0,0.0,0.0,0.0,0.0,0.0,0.0,0.0,0.0,0.0,0.0,0.0,0.0,0.0,0.0,0.0,0.0,0.0,0.0,0.0,0.0,0.0,0.0,0.0,0.0,0.0,0.0,0.0,0.0,0.0,0.0,0.0,0.0,0.0,0.0,0.0,0.0,0.0,0.0,0.0,0.0,0.0,0.0,0.0,0.0,0.0,0.0,0.0,0.0,0.0,0.0,0.0,0.0,0.0,0.0,0.0,0.0,0.0,0.0,0.0
924,0.0,0.0,0.0,0.0,0.0,0.0,0.0,0.0,0.0,0.0,0.0,0.0,0.0,0.0,0.0,0.0,0.0,0.0,0.0,0.0,0.0,0.0,0.0,0.0,0.0,0.0,0.0,0.0,0.0,0.0,0.0,0.0,0.0,0.0,0.0,0.0,0.0,0.0,0.0,0.0,0.0,0.0,0.0,0.0,0.0,0.0,0.0,0.0,0.0,0.0,0.0,0.0,0.0,0.0,0.0,0.0,0.0,0.0,0.0,0.0,0.0,0.0,0.0,0.0,0.0,0.0,0.0,0.0,0.0,0.0,0.0,0.0,0.0,0.0,0.0,0.0,0.0
925,0.0,0.0,0.0,0.0,0.0,0.0,0.0,0.0,0.0,0.0,0.0,0.0,0.0,0.0,0.0,0.0,0.0,0.0,0.0,0.0,0.0,0.0,0.0,0.0,0.0,0.0,0.0,0.0,0.0,0.0,0.0,0.0,0.0,0.0,0.0,0.0,0.0,0.0,0.0,0.0,0.0,0.0,0.0,0.0,0.0,0.0,0.0,0.0,0.0,0.0,0.0,0.0,0.0,0.0,0.0,0.0,0.0,0.0,0.0,0.0,0.0,0.0,0.0,0.0,0.0,0.0,0.0,0.0,0.0,0.0,0.0,0.0,0.0,0.0,0.0,0.0,0.0
926,0.0,0.0,0.0,0.0,0.0,0.0,0.0,0.0,0.0,0.0,0.0,0.0,0.0,0.0,0.0,0.0,0.0,0.0,0.0,0.0,0.0,0.0,0.0,0.0,0.0,0.0,0.0,0.0,0.0,0.0,0.0,0.0,0.0,0.0,0.0,0.0,0.0,0.0,0.0,0.0,0.0,0.0,0.0,0.0,0.0,0.0,0.0,0.0,0.0,0.0,0.0,0.0,0.0,0.0,0.0,0.0,0.0,0.0,0.0,0.0,0.0,0.0,0.0,0.0,0.0,0.0,0.0,0.0,0.0,0.0,0.0,0.0,0.0,0.0,0.0,0.0,0.0
927,0.0,0.0,0.0,0.0,0.0,0.0,0.0,0.0,0.0,0.0,0.0,0.0,0.0,0.0,0.0,0.0,0.0,0.0,0.0,0.0,0.0,0.0,0.0,0.0,0.0,0.0,0.0,0.0,0.0,0.0,0.0,0.0,0.0,0.0,0.0,0.0,0.0,0.0,0.0,0.0,0.0,0.0,0.0,0.0,0.0,0.0,0.0,0.0,0.0,0.0,0.0,0.0,0.0,0.0,0.0,0.0,0.0,0.0,0.0,0.0,0.0,0.0,0.0,0.0,0.0,0.0,0.0,0.0,0.0,0.0,0.0,0.0,0.0,0.0,0.0,0.0,0.0
928,0.0,0.0,0.0,0.0,0.0,0.0,0.0,0.0,0.0,0.0,0.0,0.0,0.0,0.0,0.0,0.0,0.0,0.0,0.0,0.0,0.0,0.0,0.0,0.0,0.0,0.0,0.0,0.0,0.0,0.0,0.0,0.0,0.0,0.0,0.0,0.0,0.0,0.0,0.0,0.0,0.0,0.0,0.0,0.0,0.0,0.0,0.0,0.0,0.0,0.0,0.0,0.0,0.0,0.0,0.0,0.0,0.0,0.0,0.0,0.0,0.0,0.0,0.0,0.0,0.0,0.0,0.0,0.0,0.0,0.0,0.0,0.0,0.0,0.0,0.0,0.0,0.0
929,0.0,0.0,0.0,0.0,0.0,0.0,0.0,0.0,0.0,0.0,0.0,0.0,0.0,0.0,0.0,0.0,0.0,0.0,0.0,0.0,0.0,0.0,0.0,0.0,0.0,0.0,0.0,0.0,0.0,0.0,0.0,0.0,0.0,0.0,0.0,0.0,0.0,0.0,0.0,0.0,0.0,0.0,0.0,0.0,0.0,0.0,0.0,0.0,0.0,0.0,0.0,0.0,0.0,0.0,0.0,0.0,0.0,0.0,0.0,0.0,0.0,0.0,0.0,0.0,0.0,0.0,0.0,0.0,0.0,0.0,0.0,0.0,0.0,0.0,0.0,0.0,0.0
930,0.0,0.0,0.0,0.0,0.0,0.0,0.0,0.0,0.0,0.0,0.0,0.0,0.0,0.0,0.0,0.0,0.0,0.0,0.0,0.0,0.0,0.0,0.0,0.0,0.0,0.0,0.0,0.0,0.0,0.0,0.0,0.0,0.0,0.0,0.0,0.0,0.0,0.0,0.0,0.0,0.0,0.0,0.0,0.0,0.0,0.0,0.0,0.0,0.0,0.0,0.0,0.0,0.0,0.0,0.0,0.0,0.0,0.0,0.0,0.0,0.0,0.0,0.0,0.0,0.0,0.0,0.0,0.0,0.0,0.0,0.0,0.0,0.0,0.0,0.0,0.0,0.0
931,0.0,0.0,0.0,0.0,0.0,0.0,0.0,0.0,0.0,0.0,0.0,0.0,0.0,0.0,0.0,0.0,0.0,0.0,0.0,0.0,0.0,0.0,0.0,0.0,0.0,0.0,0.0,0.0,0.0,0.0,0.0,0.0,0.0,0.0,0.0,0.0,0.0,0.0,0.0,0.0,0.0,0.0,0.0,0.0,0.0,0.0,0.0,0.0,0.0,0.0,0.0,0.0,0.0,0.0,0.0,0.0,0.0,0.0,0.0,0.0,0.0,0.0,0.0,0.0,0.0,0.0,0.0,0.0,0.0,0.0,0.0,0.0,0.0,0.0,0.0,0.0,0.0
932,0.0,0.0,0.0,0.0,0.0,0.0,0.0,0.0,0.0,0.0,0.0,0.0,0.0,0.0,0.0,0.0,0.0,0.0,0.0,0.0,0.0,0.0,0.0,0.0,0.0,0.0,0.0,0.0,0.0,0.0,0.0,0.0,0.0,0.0,0.0,0.0,0.0,0.0,0.0,0.0,0.0,0.0,0.0,0.0,0.0,0.0,0.0,0.0,0.0,0.0,0.0,0.0,0.0,0.0,0.0,0.0,0.0,0.0,0.0,0.0,0.0,0.0,0.0,0.0,0.0,0.0,0.0,0.0,0.0,0.0,0.0,0.0,0.0,0.0,0.0,0.0,0.0
933,0.0,0.0,0.0,0.0,0.0,0.0,0.0,0.0,0.0,0.0,0.0,0.0,0.0,0.0,0.0,0.0,0.0,0.0,0.0,0.0,0.0,0.0,0.0,0.0,0.0,0.0,0.0,0.0,0.0,0.0,0.0,0.0,0.0,0.0,0.0,0.0,0.0,0.0,0.0,0.0,0.0,0.0,0.0,0.0,0.0,0.0,0.0,0.0,0.0,0.0,0.0,0.0,0.0,0.0,0.0,0.0,0.0,0.0,0.0,0.0,0.0,0.0,0.0,0.0,0.0,0.0,0.0,0.0,0.0,0.0,0.0,0.0,0.0,0.0,0.0,0.0,0.0
934,0.0,0.0,0.0,0.0,0.0,0.0,0.0,0.0,0.0,0.0,0.0,0.0,0.0,0.0,0.0,0.0,0.0,0.0,0.0,0.0,0.0,0.0,0.0,0.0,0.0,0.0,0.0,0.0,0.0,0.0,0.0,0.0,0.0,0.0,0.0,0.0,0.0,0.0,0.0,0.0,0.0,0.0,0.0,0.0,0.0,0.0,0.0,0.0,0.0,0.0,0.0,0.0,0.0,0.0,0.0,0.0,0.0,0.0,0.0,0.0,0.0,0.0,0.0,0.0,0.0,0.0,0.0,0.0,0.0,0.0,0.0,0.0,0.0,0.0,0.0,0.0,0.0
935,0.0,0.0,0.0,0.0,0.0,0.0,0.0,0.0,0.0,0.0,0.0,0.0,0.0,0.0,0.0,0.0,0.0,0.0,0.0,0.0,0.0,0.0,0.0,0.0,0.0,0.0,0.0,0.0,0.0,0.0,0.0,0.0,0.0,0.0,0.0,0.0,0.0,0.0,0.0,0.0,0.0,0.0,0.0,0.0,0.0,0.0,0.0,0.0,0.0,0.0,0.0,0.0,0.0,0.0,0.0,0.0,0.0,0.0,0.0,0.0,0.0,0.0,0.0,0.0,0.0,0.0,0.0,0.0,0.0,0.0,0.0,0.0,0.0,0.0,0.0,0.0,0.0
936,0.0,0.0,0.0,0.0,0.0,0.0,0.0,0.0,0.0,0.0,0.0,0.0,0.0,0.0,0.0,0.0,0.0,0.0,0.0,0.0,0.0,0.0,0.0,0.0,0.0,0.0,0.0,0.0,0.0,0.0,0.0,0.0,0.0,0.0,0.0,0.0,0.0,0.0,0.0,0.0,0.0,0.0,0.0,0.0,0.0,0.0,0.0,0.0,0.0,0.0,0.0,0.0,0.0,0.0,0.0,0.0,0.0,0.0,0.0,0.0,0.0,0.0,0.0,0.0,0.0,0.0,0.0,0.0,0.0,0.0,0.0,0.0,0.0,0.0,0.0,0.0,0.0
937,0.0,0.0,0.0,0.0,0.0,0.0,0.0,0.0,0.0,0.0,0.0,0.0,0.0,0.0,0.0,0.0,0.0,0.0,0.0,0.0,0.0,0.0,0.0,0.0,0.0,0.0,0.0,0.0,0.0,0.0,0.0,0.0,0.0,0.0,0.0,0.0,0.0,0.0,0.0,0.0,0.0,0.0,0.0,0.0,0.0,0.0,0.0,0.0,0.0,0.0,0.0,0.0,0.0,0.0,0.0,0.0,0.0,0.0,0.0,0.0,0.0,0.0,0.0,0.0,0.0,0.0,0.0,0.0,0.0,0.0,0.0,0.0,0.0,0.0,0.0,0.0,0.0
938,0.0,0.0,0.0,0.0,0.0,0.0,0.0,0.0,0.0,0.0,0.0,0.0,0.0,0.0,0.0,0.0,0.0,0.0,0.0,0.0,0.0,0.0,0.0,0.0,0.0,0.0,0.0,0.0,0.0,0.0,0.0,0.0,0.0,0.0,0.0,0.0,0.0,0.0,0.0,0.0,0.0,0.0,0.0,0.0,0.0,0.0,0.0,0.0,0.0,0.0,0.0,0.0,0.0,0.0,0.0,0.0,0.0,0.0,0.0,0.0,0.0,0.0,0.0,0.0,0.0,0.0,0.0,0.0,0.0,0.0,0.0,0.0,0.0,0.0,0.0,0.0,0.0
939,0.0,0.0,0.0,0.0,0.0,0.0,0.0,0.0,0.0,0.0,0.0,0.0,0.0,0.0,0.0,0.0,0.0,0.0,0.0,0.0,0.0,0.0,0.0,0.0,0.0,0.0,0.0,0.0,0.0,0.0,0.0,0.0,0.0,0.0,0.0,0.0,0.0,0.0,0.0,0.0,0.0,0.0,0.0,0.0,0.0,0.0,0.0,0.0,0.0,0.0,0.0,0.0,0.0,0.0,0.0,0.0,0.0,0.0,0.0,0.0,0.0,0.0,0.0,0.0,0.0,0.0,0.0,0.0,0.0,0.0,0.0,0.0,0.0,0.0,0.0,0.0,0.0
940,0.0,0.0,0.0,0.0,0.0,0.0,0.0,0.0,0.0,0.0,0.0,0.0,0.0,0.0,0.0,0.0,0.0,0.0,0.0,0.0,0.0,0.0,0.0,0.0,0.0,0.0,0.0,0.0,0.0,0.0,0.0,0.0,0.0,0.0,0.0,0.0,0.0,0.0,0.0,0.0,0.0,0.0,0.0,0.0,0.0,0.0,0.0,0.0,0.0,0.0,0.0,0.0,0.0,0.0,0.0,0.0,0.0,0.0,0.0,0.0,0.0,0.0,0.0,0.0,0.0,0.0,0.0,0.0,0.0,0.0,0.0,0.0,0.0,0.0,0.0,0.0,0.0
941,0.0,0.0,0.0,0.0,0.0,0.0,0.0,0.0,0.0,0.0,0.0,0.0,0.0,0.0,0.0,0.0,0.0,0.0,0.0,0.0,0.0,0.0,0.0,0.0,0.0,0.0,0.0,0.0,0.0,0.0,0.0,0.0,0.0,0.0,0.0,0.0,0.0,0.0,0.0,0.0,0.0,0.0,0.0,0.0,0.0,0.0,0.0,0.0,0.0,0.0,0.0,0.0,0.0,0.0,0.0,0.0,0.0,0.0,0.0,0.0,0.0,0.0,0.0,0.0,0.0,0.0,0.0,0.0,0.0,0.0,0.0,0.0,0.0,0.0,0.0,0.0,0.0
942,0.0,0.0,0.0,0.0,0.0,0.0,0.0,0.0,0.0,0.0,0.0,0.0,0.0,0.0,0.0,0.0,0.0,0.0,0.0,0.0,0.0,0.0,0.0,0.0,0.0,0.0,0.0,0.0,0.0,0.0,0.0,0.0,0.0,0.0,0.0,0.0,0.0,0.0,0.0,0.0,0.0,0.0,0.0,0.0,0.0,0.0,0.0,0.0,0.0,0.0,0.0,0.0,0.0,0.0,0.0,0.0,0.0,0.0,0.0,0.0,0.0,0.0,0.0,0.0,0.0,0.0,0.0,0.0,0.0,0.0,0.0,0.0,0.0,0.0,0.0,0.0,0.0
943,0.0,0.0,0.0,0.0,0.0,0.0,0.0,0.0,0.0,0.0,0.0,0.0,0.0,0.0,0.0,0.0,0.0,0.0,0.0,0.0,0.0,0.0,0.0,0.0,0.0,0.0,0.0,0.0,0.0,0.0,0.0,0.0,0.0,0.0,0.0,0.0,0.0,0.0,0.0,0.0,0.0,0.0,0.0,0.0,0.0,0.0,0.0,0.0,0.0,0.0,0.0,0.0,0.0,0.0,0.0,0.0,0.0,0.0,0.0,0.0,0.0,0.0,0.0,0.0,0.0,0.0,0.0,0.0,0.0,0.0,0.0,0.0,0.0,0.0,0.0,0.0,0.0
944,0.0,0.0,0.0,0.0,0.0,0.0,0.0,0.0,0.0,0.0,0.0,0.0,0.0,0.0,0.0,0.0,0.0,0.0,0.0,0.0,0.0,0.0,0.0,0.0,0.0,0.0,0.0,0.0,0.0,0.0,0.0,0.0,0.0,0.0,0.0,0.0,0.0,0.0,0.0,0.0,0.0,0.0,0.0,0.0,0.0,0.0,0.0,0.0,0.0,0.0,0.0,0.0,0.0,0.0,0.0,0.0,0.0,0.0,0.0,0.0,0.0,0.0,0.0,0.0,0.0,0.0,0.0,0.0,0.0,0.0,0.0,0.0,0.0,0.0,0.0,0.0,0.0
945,0.0,0.0,0.0,0.0,0.0,0.0,0.0,0.0,0.0,0.0,0.0,0.0,0.0,0.0,0.0,0.0,0.0,0.0,0.0,0.0,0.0,0.0,0.0,0.0,0.0,0.0,0.0,0.0,0.0,0.0,0.0,0.0,0.0,0.0,0.0,0.0,0.0,0.0,0.0,0.0,0.0,0.0,0.0,0.0,0.0,0.0,0.0,0.0,0.0,0.0,0.0,0.0,0.0,0.0,0.0,0.0,0.0,0.0,0.0,0.0,0.0,0.0,0.0,0.0,0.0,0.0,0.0,0.0,0.0,0.0,0.0,0.0,0.0,0.0,0.0,0.0,0.0
946,0.0,0.0,0.0,0.0,0.0,0.0,0.0,0.0,0.0,0.0,0.0,0.0,0.0,0.0,0.0,0.0,0.0,0.0,0.0,0.0,0.0,0.0,0.0,0.0,0.0,0.0,0.0,0.0,0.0,0.0,0.0,0.0,0.0,0.0,0.0,0.0,0.0,0.0,0.0,0.0,0.0,0.0,0.0,0.0,0.0,0.0,0.0,0.0,0.0,0.0,0.0,0.0,0.0,0.0,0.0,0.0,0.0,0.0,0.0,0.0,0.0,0.0,0.0,0.0,0.0,0.0,0.0,0.0,0.0,0.0,0.0,0.0,0.0,0.0,0.0,0.0,0.0
947,0.0,0.0,0.0,0.0,0.0,0.0,0.0,0.0,0.0,0.0,0.0,0.0,0.0,0.0,0.0,0.0,0.0,0.0,0.0,0.0,0.0,0.0,0.0,0.0,0.0,0.0,0.0,0.0,0.0,0.0,0.0,0.0,0.0,0.0,0.0,0.0,0.0,0.0,0.0,0.0,0.0,0.0,0.0,0.0,0.0,0.0,0.0,0.0,0.0,0.0,0.0,0.0,0.0,0.0,0.0,0.0,0.0,0.0,0.0,0.0,0.0,0.0,0.0,0.0,0.0,0.0,0.0,0.0,0.0,0.0,0.0,0.0,0.0,0.0,0.0,0.0,0.0
948,0.0,0.0,0.0,0.0,0.0,0.0,0.0,0.0,0.0,0.0,0.0,0.0,0.0,0.0,0.0,0.0,0.0,0.0,0.0,0.0,0.0,0.0,0.0,0.0,0.0,0.0,0.0,0.0,0.0,0.0,0.0,0.0,0.0,0.0,0.0,0.0,0.0,0.0,0.0,0.0,0.0,0.0,0.0,0.0,0.0,0.0,0.0,0.0,0.0,0.0,0.0,0.0,0.0,0.0,0.0,0.0,0.0,0.0,0.0,0.0,0.0,0.0,0.0,0.0,0.0,0.0,0.0,0.0,0.0,0.0,0.0,0.0,0.0,0.0,0.0,0.0,0.0
949,0.0,0.0,0.0,0.0,0.0,0.0,0.0,0.0,0.0,0.0,0.0,0.0,0.0,0.0,0.0,0.0,0.0,0.0,0.0,0.0,0.0,0.0,0.0,0.0,0.0,0.0,0.0,0.0,0.0,0.0,0.0,0.0,0.0,0.0,0.0,0.0,0.0,0.0,0.0,0.0,0.0,0.0,0.0,0.0,0.0,0.0,0.0,0.0,0.0,0.0,0.0,0.0,0.0,0.0,0.0,0.0,0.0,0.0,0.0,0.0,0.0,0.0,0.0,0.0,0.0,0.0,0.0,0.0,0.0,0.0,0.0,0.0,0.0,0.0,0.0,0.0,0.0
950,0.0,0.0,0.0,0.0,0.0,0.0,0.0,0.0,0.0,0.0,0.0,0.0,0.0,0.0,0.0,0.0,0.0,0.0,0.0,0.0,0.0,0.0,0.0,0.0,0.0,0.0,0.0,0.0,0.0,0.0,0.0,0.0,0.0,0.0,0.0,0.0,0.0,0.0,0.0,0.0,0.0,0.0,0.0,0.0,0.0,0.0,0.0,0.0,0.0,0.0,0.0,0.0,0.0,0.0,0.0,0.0,0.0,0.0,0.0,0.0,0.0,0.0,0.0,0.0,0.0,0.0,0.0,0.0,0.0,0.0,0.0,0.0,0.0,0.0,0.0,0.0,0.0
951,0.0,0.0,0.0,0.0,0.0,0.0,0.0,0.0,0.0,0.0,0.0,0.0,0.0,0.0,0.0,0.0,0.0,0.0,0.0,0.0,0.0,0.0,0.0,0.0,0.0,0.0,0.0,0.0,0.0,0.0,0.0,0.0,0.0,0.0,0.0,0.0,0.0,0.0,0.0,0.0,0.0,0.0,0.0,0.0,0.0,0.0,0.0,0.0,0.0,0.0,0.0,0.0,0.0,0.0,0.0,0.0,0.0,0.0,0.0,0.0,0.0,0.0,0.0,0.0,0.0,0.0,0.0,0.0,0.0,0.0,0.0,0.0,0.0,0.0,0.0,0.0,0.0
952,0.0,0.0,0.0,0.0,0.0,0.0,0.0,0.0,0.0,0.0,0.0,0.0,0.0,0.0,0.0,0.0,0.0,0.0,0.0,0.0,0.0,0.0,0.0,0.0,0.0,0.0,0.0,0.0,0.0,0.0,0.0,0.0,0.0,0.0,0.0,0.0,0.0,0.0,0.0,0.0,0.0,0.0,0.0,0.0,0.0,0.0,0.0,0.0,0.0,0.0,0.0,0.0,0.0,0.0,0.0,0.0,0.0,0.0,0.0,0.0,0.0,0.0,0.0,0.0,0.0,0.0,0.0,0.0,0.0,0.0,0.0,0.0,0.0,0.0,0.0,0.0,0.0
953,0.0,0.0,0.0,0.0,0.0,0.0,0.0,0.0,0.0,0.0,0.0,0.0,0.0,0.0,0.0,0.0,0.0,0.0,0.0,0.0,0.0,0.0,0.0,0.0,0.0,0.0,0.0,0.0,0.0,0.0,0.0,0.0,0.0,0.0,0.0,0.0,0.0,0.0,0.0,0.0,0.0,0.0,0.0,0.0,0.0,0.0,0.0,0.0,0.0,0.0,0.0,0.0,0.0,0.0,0.0,0.0,0.0,0.0,0.0,0.0,0.0,0.0,0.0,0.0,0.0,0.0,0.0,0.0,0.0,0.0,0.0,0.0,0.0,0.0,0.0,0.0,0.0
954,0.0,0.0,0.0,0.0,0.0,0.0,0.0,0.0,0.0,0.0,0.0,0.0,0.0,0.0,0.0,0.0,0.0,0.0,0.0,0.0,0.0,0.0,0.0,0.0,0.0,0.0,0.0,0.0,0.0,0.0,0.0,0.0,0.0,0.0,0.0,0.0,0.0,0.0,0.0,0.0,0.0,0.0,0.0,0.0,0.0,0.0,0.0,0.0,0.0,0.0,0.0,0.0,0.0,0.0,0.0,0.0,0.0,0.0,0.0,0.0,0.0,0.0,0.0,0.0,0.0,0.0,0.0,0.0,0.0,0.0,0.0,0.0,0.0,0.0,0.0,0.0,0.0
955,0.0,0.0,0.0,0.0,0.0,0.0,0.0,0.0,0.0,0.0,0.0,0.0,0.0,0.0,0.0,0.0,0.0,0.0,0.0,0.0,0.0,0.0,0.0,0.0,0.0,0.0,0.0,0.0,0.0,0.0,0.0,0.0,0.0,0.0,0.0,0.0,0.0,0.0,0.0,0.0,0.0,0.0,0.0,0.0,0.0,0.0,0.0,0.0,0.0,0.0,0.0,0.0,0.0,0.0,0.0,0.0,0.0,0.0,0.0,0.0,0.0,0.0,0.0,0.0,0.0,0.0,0.0,0.0,0.0,0.0,0.0,0.0,0.0,0.0,0.0,0.0,0.0
956,0.0,0.0,0.0,0.0,0.0,0.0,0.0,0.0,0.0,0.0,0.0,0.0,0.0,0.0,0.0,0.0,0.0,0.0,0.0,0.0,0.0,0.0,0.0,0.0,0.0,0.0,0.0,0.0,0.0,0.0,0.0,0.0,0.0,0.0,0.0,0.0,0.0,0.0,0.0,0.0,0.0,0.0,0.0,0.0,0.0,0.0,0.0,0.0,0.0,0.0,0.0,0.0,0.0,0.0,0.0,0.0,0.0,0.0,0.0,0.0,0.0,0.0,0.0,0.0,0.0,0.0,0.0,0.0,0.0,0.0,0.0,0.0,0.0,0.0,0.0,0.0,0.0
957,0.0,0.0,0.0,0.0,0.0,0.0,0.0,0.0,0.0,0.0,0.0,0.0,0.0,0.0,0.0,0.0,0.0,0.0,0.0,0.0,0.0,0.0,0.0,0.0,0.0,0.0,0.0,0.0,0.0,0.0,0.0,0.0,0.0,0.0,0.0,0.0,0.0,0.0,0.0,0.0,0.0,0.0,0.0,0.0,0.0,0.0,0.0,0.0,0.0,0.0,0.0,0.0,0.0,0.0,0.0,0.0,0.0,0.0,0.0,0.0,0.0,0.0,0.0,0.0,0.0,0.0,0.0,0.0,0.0,0.0,0.0,0.0,0.0,0.0,0.0,0.0,0.0
958,0.0,0.0,0.0,0.0,0.0,0.0,0.0,0.0,0.0,0.0,0.0,0.0,0.0,0.0,0.0,0.0,0.0,0.0,0.0,0.0,0.0,0.0,0.0,0.0,0.0,0.0,0.0,0.0,0.0,0.0,0.0,0.0,0.0,0.0,0.0,0.0,0.0,0.0,0.0,0.0,0.0,0.0,0.0,0.0,0.0,0.0,0.0,0.0,0.0,0.0,0.0,0.0,0.0,0.0,0.0,0.0,0.0,0.0,0.0,0.0,0.0,0.0,0.0,0.0,0.0,0.0,0.0,0.0,0.0,0.0,0.0,0.0,0.0,0.0,0.0,0.0,0.0
959,0.0,0.0,0.0,0.0,0.0,0.0,0.0,0.0,0.0,0.0,0.0,0.0,0.0,0.0,0.0,0.0,0.0,0.0,0.0,0.0,0.0,0.0,0.0,0.0,0.0,0.0,0.0,0.0,0.0,0.0,0.0,0.0,0.0,0.0,0.0,0.0,0.0,0.0,0.0,0.0,0.0,0.0,0.0,0.0,0.0,0.0,0.0,0.0,0.0,0.0,0.0,0.0,0.0,0.0,0.0,0.0,0.0,0.0,0.0,0.0,0.0,0.0,0.0,0.0,0.0,0.0,0.0,0.0,0.0,0.0,0.0,0.0,0.0,0.0,0.0,0.0,0.0
960,0.0,0.0,0.0,0.0,0.0,0.0,0.0,0.0,0.0,0.0,0.0,0.0,0.0,0.0,0.0,0.0,0.0,0.0,0.0,0.0,0.0,0.0,0.0,0.0,0.0,0.0,0.0,0.0,0.0,0.0,0.0,0.0,0.0,0.0,0.0,0.0,0.0,0.0,0.0,0.0,0.0,0.0,0.0,0.0,0.0,0.0,0.0,0.0,0.0,0.0,0.0,0.0,0.0,0.0,0.0,0.0,0.0,0.0,0.0,0.0,0.0,0.0,0.0,0.0,0.0,0.0,0.0,0.0,0.0,0.0,0.0,0.0,0.0,0.0,0.0,0.0,0.0
961,0.0,0.0,0.0,0.0,0.0,0.0,0.0,0.0,0.0,0.0,0.0,0.0,0.0,0.0,0.0,0.0,0.0,0.0,0.0,0.0,0.0,0.0,0.0,0.0,0.0,0.0,0.0,0.0,0.0,0.0,0.0,0.0,0.0,0.0,0.0,0.0,0.0,0.0,0.0,0.0,0.0,0.0,0.0,0.0,0.0,0.0,0.0,0.0,0.0,0.0,0.0,0.0,0.0,0.0,0.0,0.0,0.0,0.0,0.0,0.0,0.0,0.0,0.0,0.0,0.0,0.0,0.0,0.0,0.0,0.0,0.0,0.0,0.0,0.0,0.0,0.0,0.0
962,0.0,0.0,0.0,0.0,0.0,0.0,0.0,0.0,0.0,0.0,0.0,0.0,0.0,0.0,0.0,0.0,0.0,0.0,0.0,0.0,0.0,0.0,0.0,0.0,0.0,0.0,0.0,0.0,0.0,0.0,0.0,0.0,0.0,0.0,0.0,0.0,0.0,0.0,0.0,0.0,0.0,0.0,0.0,0.0,0.0,0.0,0.0,0.0,0.0,0.0,0.0,0.0,0.0,0.0,0.0,0.0,0.0,0.0,0.0,0.0,0.0,0.0,0.0,0.0,0.0,0.0,0.0,0.0,0.0,0.0,0.0,0.0,0.0,0.0,0.0,0.0,0.0
963,0.0,0.0,0.0,0.0,0.0,0.0,0.0,0.0,0.0,0.0,0.0,0.0,0.0,0.0,0.0,0.0,0.0,0.0,0.0,0.0,0.0,0.0,0.0,0.0,0.0,0.0,0.0,0.0,0.0,0.0,0.0,0.0,0.0,0.0,0.0,0.0,0.0,0.0,0.0,0.0,0.0,0.0,0.0,0.0,0.0,0.0,0.0,0.0,0.0,0.0,0.0,0.0,0.0,0.0,0.0,0.0,0.0,0.0,0.0,0.0,0.0,0.0,0.0,0.0,0.0,0.0,0.0,0.0,0.0,0.0,0.0,0.0,0.0,0.0,0.0,0.0,0.0
964,0.0,0.0,0.0,0.0,0.0,0.0,0.0,0.0,0.0,0.0,0.0,0.0,0.0,0.0,0.0,0.0,0.0,0.0,0.0,0.0,0.0,0.0,0.0,0.0,0.0,0.0,0.0,0.0,0.0,0.0,0.0,0.0,0.0,0.0,0.0,0.0,0.0,0.0,0.0,0.0,0.0,0.0,0.0,0.0,0.0,0.0,0.0,0.0,0.0,0.0,0.0,0.0,0.0,0.0,0.0,0.0,0.0,0.0,0.0,0.0,0.0,0.0,0.0,0.0,0.0,0.0,0.0,0.0,0.0,0.0,0.0,0.0,0.0,0.0,0.0,0.0,0.0
965,0.0,0.0,0.0,0.0,0.0,0.0,0.0,0.0,0.0,0.0,0.0,0.0,0.0,0.0,0.0,0.0,0.0,0.0,0.0,0.0,0.0,0.0,0.0,0.0,0.0,0.0,0.0,0.0,0.0,0.0,0.0,0.0,0.0,0.0,0.0,0.0,0.0,0.0,0.0,0.0,0.0,0.0,0.0,0.0,0.0,0.0,0.0,0.0,0.0,0.0,0.0,0.0,0.0,0.0,0.0,0.0,0.0,0.0,0.0,0.0,0.0,0.0,0.0,0.0,0.0,0.0,0.0,0.0,0.0,0.0,0.0,0.0,0.0,0.0,0.0,0.0,0.0
966,0.0,0.0,0.0,0.0,0.0,0.0,0.0,0.0,0.0,0.0,0.0,0.0,0.0,0.0,0.0,0.0,0.0,0.0,0.0,0.0,0.0,0.0,0.0,0.0,0.0,0.0,0.0,0.0,0.0,0.0,0.0,0.0,0.0,0.0,0.0,0.0,0.0,0.0,0.0,0.0,0.0,0.0,0.0,0.0,0.0,0.0,0.0,0.0,0.0,0.0,0.0,0.0,0.0,0.0,0.0,0.0,0.0,0.0,0.0,0.0,0.0,0.0,0.0,0.0,0.0,0.0,0.0,0.0,0.0,0.0,0.0,0.0,0.0,0.0,0.0,0.0,0.0
967,0.0,0.0,0.0,0.0,0.0,0.0,0.0,0.0,0.0,0.0,0.0,0.0,0.0,0.0,0.0,0.0,0.0,0.0,0.0,0.0,0.0,0.0,0.0,0.0,0.0,0.0,0.0,0.0,0.0,0.0,0.0,0.0,0.0,0.0,0.0,0.0,0.0,0.0,0.0,0.0,0.0,0.0,0.0,0.0,0.0,0.0,0.0,0.0,0.0,0.0,0.0,0.0,0.0,0.0,0.0,0.0,0.0,0.0,0.0,0.0,0.0,0.0,0.0,0.0,0.0,0.0,0.0,0.0,0.0,0.0,0.0,0.0,0.0,0.0,0.0,0.0,0.0
968,0.0,0.0,0.0,0.0,0.0,0.0,0.0,0.0,0.0,0.0,0.0,0.0,0.0,0.0,0.0,0.0,0.0,0.0,0.0,0.0,0.0,0.0,0.0,0.0,0.0,0.0,0.0,0.0,0.0,0.0,0.0,0.0,0.0,0.0,0.0,0.0,0.0,0.0,0.0,0.0,0.0,0.0,0.0,0.0,0.0,0.0,0.0,0.0,0.0,0.0,0.0,0.0,0.0,0.0,0.0,0.0,0.0,0.0,0.0,0.0,0.0,0.0,0.0,0.0,0.0,0.0,0.0,0.0,0.0,0.0,0.0,0.0,0.0,0.0,0.0,0.0,0.0
969,0.0,0.0,0.0,0.0,0.0,0.0,0.0,0.0,0.0,0.0,0.0,0.0,0.0,0.0,0.0,0.0,0.0,0.0,0.0,0.0,0.0,0.0,0.0,0.0,0.0,0.0,0.0,0.0,0.0,0.0,0.0,0.0,0.0,0.0,0.0,0.0,0.0,0.0,0.0,0.0,0.0,0.0,0.0,0.0,0.0,0.0,0.0,0.0,0.0,0.0,0.0,0.0,0.0,0.0,0.0,0.0,0.0,0.0,0.0,0.0,0.0,0.0,0.0,0.0,0.0,0.0,0.0,0.0,0.0,0.0,0.0,0.0,0.0,0.0,0.0,0.0,0.0
970,0.0,0.0,0.0,0.0,0.0,0.0,0.0,0.0,0.0,0.0,0.0,0.0,0.0,0.0,0.0,0.0,0.0,0.0,0.0,0.0,0.0,0.0,0.0,0.0,0.0,0.0,0.0,0.0,0.0,0.0,0.0,0.0,0.0,0.0,0.0,0.0,0.0,0.0,0.0,0.0,0.0,0.0,0.0,0.0,0.0,0.0,0.0,0.0,0.0,0.0,0.0,0.0,0.0,0.0,0.0,0.0,0.0,0.0,0.0,0.0,0.0,0.0,0.0,0.0,0.0,0.0,0.0,0.0,0.0,0.0,0.0,0.0,0.0,0.0,0.0,0.0,0.0
971,0.0,0.0,0.0,0.0,0.0,0.0,0.0,0.0,0.0,0.0,0.0,0.0,0.0,0.0,0.0,0.0,0.0,0.0,0.0,0.0,0.0,0.0,0.0,0.0,0.0,0.0,0.0,0.0,0.0,0.0,0.0,0.0,0.0,0.0,0.0,0.0,0.0,0.0,0.0,0.0,0.0,0.0,0.0,0.0,0.0,0.0,0.0,0.0,0.0,0.0,0.0,0.0,0.0,0.0,0.0,0.0,0.0,0.0,0.0,0.0,0.0,0.0,0.0,0.0,0.0,0.0,0.0,0.0,0.0,0.0,0.0,0.0,0.0,0.0,0.0,0.0,0.0
972,0.0,0.0,0.0,0.0,0.0,0.0,0.0,0.0,0.0,0.0,0.0,0.0,0.0,0.0,0.0,0.0,0.0,0.0,0.0,0.0,0.0,0.0,0.0,0.0,0.0,0.0,0.0,0.0,0.0,0.0,0.0,0.0,0.0,0.0,0.0,0.0,0.0,0.0,0.0,0.0,0.0,0.0,0.0,0.0,0.0,0.0,0.0,0.0,0.0,0.0,0.0,0.0,0.0,0.0,0.0,0.0,0.0,0.0,0.0,0.0,0.0,0.0,0.0,0.0,0.0,0.0,0.0,0.0,0.0,0.0,0.0,0.0,0.0,0.0,0.0,0.0,0.0
973,0.0,0.0,0.0,0.0,0.0,0.0,0.0,0.0,0.0,0.0,0.0,0.0,0.0,0.0,0.0,0.0,0.0,0.0,0.0,0.0,0.0,0.0,0.0,0.0,0.0,0.0,0.0,0.0,0.0,0.0,0.0,0.0,0.0,0.0,0.0,0.0,0.0,0.0,0.0,0.0,0.0,0.0,0.0,0.0,0.0,0.0,0.0,0.0,0.0,0.0,0.0,0.0,0.0,0.0,0.0,0.0,0.0,0.0,0.0,0.0,0.0,0.0,0.0,0.0,0.0,0.0,0.0,0.0,0.0,0.0,0.0,0.0,0.0,0.0,0.0,0.0,0.0
974,0.0,0.0,0.0,0.0,0.0,0.0,0.0,0.0,0.0,0.0,0.0,0.0,0.0,0.0,0.0,0.0,0.0,0.0,0.0,0.0,0.0,0.0,0.0,0.0,0.0,0.0,0.0,0.0,0.0,0.0,0.0,0.0,0.0,0.0,0.0,0.0,0.0,0.0,0.0,0.0,0.0,0.0,0.0,0.0,0.0,0.0,0.0,0.0,0.0,0.0,0.0,0.0,0.0,0.0,0.0,0.0,0.0,0.0,0.0,0.0,0.0,0.0,0.0,0.0,0.0,0.0,0.0,0.0,0.0,0.0,0.0,0.0,0.0,0.0,0.0,0.0,0.0
975,0.0,0.0,0.0,0.0,0.0,0.0,0.0,0.0,0.0,0.0,0.0,0.0,0.0,0.0,0.0,0.0,0.0,0.0,0.0,0.0,0.0,0.0,0.0,0.0,0.0,0.0,0.0,0.0,0.0,0.0,0.0,0.0,0.0,0.0,0.0,0.0,0.0,0.0,0.0,0.0,0.0,0.0,0.0,0.0,0.0,0.0,0.0,0.0,0.0,0.0,0.0,0.0,0.0,0.0,0.0,0.0,0.0,0.0,0.0,0.0,0.0,0.0,0.0,0.0,0.0,0.0,0.0,0.0,0.0,0.0,0.0,0.0,0.0,0.0,0.0,0.0,0.0
976,0.0,0.0,0.0,0.0,0.0,0.0,0.0,0.0,0.0,0.0,0.0,0.0,0.0,0.0,0.0,0.0,0.0,0.0,0.0,0.0,0.0,0.0,0.0,0.0,0.0,0.0,0.0,0.0,0.0,0.0,0.0,0.0,0.0,0.0,0.0,0.0,0.0,0.0,0.0,0.0,0.0,0.0,0.0,0.0,0.0,0.0,0.0,0.0,0.0,0.0,0.0,0.0,0.0,0.0,0.0,0.0,0.0,0.0,0.0,0.0,0.0,0.0,0.0,0.0,0.0,0.0,0.0,0.0,0.0,0.0,0.0,0.0,0.0,0.0,0.0,0.0,0.0
977,0.0,0.0,0.0,0.0,0.0,0.0,0.0,0.0,0.0,0.0,0.0,0.0,0.0,0.0,0.0,0.0,0.0,0.0,0.0,0.0,0.0,0.0,0.0,0.0,0.0,0.0,0.0,0.0,0.0,0.0,0.0,0.0,0.0,0.0,0.0,0.0,0.0,0.0,0.0,0.0,0.0,0.0,0.0,0.0,0.0,0.0,0.0,0.0,0.0,0.0,0.0,0.0,0.0,0.0,0.0,0.0,0.0,0.0,0.0,0.0,0.0,0.0,0.0,0.0,0.0,0.0,0.0,0.0,0.0,0.0,0.0,0.0,0.0,0.0,0.0,0.0,0.0
978,0.0,0.0,0.0,0.0,0.0,0.0,0.0,0.0,0.0,0.0,0.0,0.0,0.0,0.0,0.0,0.0,0.0,0.0,0.0,0.0,0.0,0.0,0.0,0.0,0.0,0.0,0.0,0.0,0.0,0.0,0.0,0.0,0.0,0.0,0.0,0.0,0.0,0.0,0.0,0.0,0.0,0.0,0.0,0.0,0.0,0.0,0.0,0.0,0.0,0.0,0.0,0.0,0.0,0.0,0.0,0.0,0.0,0.0,0.0,0.0,0.0,0.0,0.0,0.0,0.0,0.0,0.0,0.0,0.0,0.0,0.0,0.0,0.0,0.0,0.0,0.0,0.0
979,0.0,0.0,0.0,0.0,0.0,0.0,0.0,0.0,0.0,0.0,0.0,0.0,0.0,0.0,0.0,0.0,0.0,0.0,0.0,0.0,0.0,0.0,0.0,0.0,0.0,0.0,0.0,0.0,0.0,0.0,0.0,0.0,0.0,0.0,0.0,0.0,0.0,0.0,0.0,0.0,0.0,0.0,0.0,0.0,0.0,0.0,0.0,0.0,0.0,0.0,0.0,0.0,0.0,0.0,0.0,0.0,0.0,0.0,0.0,0.0,0.0,0.0,0.0,0.0,0.0,0.0,0.0,0.0,0.0,0.0,0.0,0.0,0.0,0.0,0.0,0.0,0.0
980,0.0,0.0,0.0,0.0,0.0,0.0,0.0,0.0,0.0,0.0,0.0,0.0,0.0,0.0,0.0,0.0,0.0,0.0,0.0,0.0,0.0,0.0,0.0,0.0,0.0,0.0,0.0,0.0,0.0,0.0,0.0,0.0,0.0,0.0,0.0,0.0,0.0,0.0,0.0,0.0,0.0,0.0,0.0,0.0,0.0,0.0,0.0,0.0,0.0,0.0,0.0,0.0,0.0,0.0,0.0,0.0,0.0,0.0,0.0,0.0,0.0,0.0,0.0,0.0,0.0,0.0,0.0,0.0,0.0,0.0,0.0,0.0,0.0,0.0,0.0,0.0,0.0
981,0.0,0.0,0.0,0.0,0.0,0.0,0.0,0.0,0.0,0.0,0.0,0.0,0.0,0.0,0.0,0.0,0.0,0.0,0.0,0.0,0.0,0.0,0.0,0.0,0.0,0.0,0.0,0.0,0.0,0.0,0.0,0.0,0.0,0.0,0.0,0.0,0.0,0.0,0.0,0.0,0.0,0.0,0.0,0.0,0.0,0.0,0.0,0.0,0.0,0.0,0.0,0.0,0.0,0.0,0.0,0.0,0.0,0.0,0.0,0.0,0.0,0.0,0.0,0.0,0.0,0.0,0.0,0.0,0.0,0.0,0.0,0.0,0.0,0.0,0.0,0.0,0.0
982,0.0,0.0,0.0,0.0,0.0,0.0,0.0,0.0,0.0,0.0,0.0,0.0,0.0,0.0,0.0,0.0,0.0,0.0,0.0,0.0,0.0,0.0,0.0,0.0,0.0,0.0,0.0,0.0,0.0,0.0,0.0,0.0,0.0,0.0,0.0,0.0,0.0,0.0,0.0,0.0,0.0,0.0,0.0,0.0,0.0,0.0,0.0,0.0,0.0,0.0,0.0,0.0,0.0,0.0,0.0,0.0,0.0,0.0,0.0,0.0,0.0,0.0,0.0,0.0,0.0,0.0,0.0,0.0,0.0,0.0,0.0,0.0,0.0,0.0,0.0,0.0,0.0
983,0.0,0.0,0.0,0.0,0.0,0.0,0.0,0.0,0.0,0.0,0.0,0.0,0.0,0.0,0.0,0.0,0.0,0.0,0.0,0.0,0.0,0.0,0.0,0.0,0.0,0.0,0.0,0.0,0.0,0.0,0.0,0.0,0.0,0.0,0.0,0.0,0.0,0.0,0.0,0.0,0.0,0.0,0.0,0.0,0.0,0.0,0.0,0.0,0.0,0.0,0.0,0.0,0.0,0.0,0.0,0.0,0.0,0.0,0.0,0.0,0.0,0.0,0.0,0.0,0.0,0.0,0.0,0.0,0.0,0.0,0.0,0.0,0.0,0.0,0.0,0.0,0.0
984,0.0,0.0,0.0,0.0,0.0,0.0,0.0,0.0,0.0,0.0,0.0,0.0,0.0,0.0,0.0,0.0,0.0,0.0,0.0,0.0,0.0,0.0,0.0,0.0,0.0,0.0,0.0,0.0,0.0,0.0,0.0,0.0,0.0,0.0,0.0,0.0,0.0,0.0,0.0,0.0,0.0,0.0,0.0,0.0,0.0,0.0,0.0,0.0,0.0,0.0,0.0,0.0,0.0,0.0,0.0,0.0,0.0,0.0,0.0,0.0,0.0,0.0,0.0,0.0,0.0,0.0,0.0,0.0,0.0,0.0,0.0,0.0,0.0,0.0,0.0,0.0,0.0
985,0.0,0.0,0.0,0.0,0.0,0.0,0.0,0.0,0.0,0.0,0.0,0.0,0.0,0.0,0.0,0.0,0.0,0.0,0.0,0.0,0.0,0.0,0.0,0.0,0.0,0.0,0.0,0.0,0.0,0.0,0.0,0.0,0.0,0.0,0.0,0.0,0.0,0.0,0.0,0.0,0.0,0.0,0.0,0.0,0.0,0.0,0.0,0.0,0.0,0.0,0.0,0.0,0.0,0.0,0.0,0.0,0.0,0.0,0.0,0.0,0.0,0.0,0.0,0.0,0.0,0.0,0.0,0.0,0.0,0.0,0.0,0.0,0.0,0.0,0.0,0.0,0.0
986,0.0,0.0,0.0,0.0,0.0,0.0,0.0,0.0,0.0,0.0,0.0,0.0,0.0,0.0,0.0,0.0,0.0,0.0,0.0,0.0,0.0,0.0,0.0,0.0,0.0,0.0,0.0,0.0,0.0,0.0,0.0,0.0,0.0,0.0,0.0,0.0,0.0,0.0,0.0,0.0,0.0,0.0,0.0,0.0,0.0,0.0,0.0,0.0,0.0,0.0,0.0,0.0,0.0,0.0,0.0,0.0,0.0,0.0,0.0,0.0,0.0,0.0,0.0,0.0,0.0,0.0,0.0,0.0,0.0,0.0,0.0,0.0,0.0,0.0,0.0,0.0,0.0
987,0.0,0.0,0.0,0.0,0.0,0.0,0.0,0.0,0.0,0.0,0.0,0.0,0.0,0.0,0.0,0.0,0.0,0.0,0.0,0.0,0.0,0.0,0.0,0.0,0.0,0.0,0.0,0.0,0.0,0.0,0.0,0.0,0.0,0.0,0.0,0.0,0.0,0.0,0.0,0.0,0.0,0.0,0.0,0.0,0.0,0.0,0.0,0.0,0.0,0.0,0.0,0.0,0.0,0.0,0.0,0.0,0.0,0.0,0.0,0.0,0.0,0.0,0.0,0.0,0.0,0.0,0.0,0.0,0.0,0.0,0.0,0.0,0.0,0.0,0.0,0.0,0.0
988,0.0,0.0,0.0,0.0,0.0,0.0,0.0,0.0,0.0,0.0,0.0,0.0,0.0,0.0,0.0,0.0,0.0,0.0,0.0,0.0,0.0,0.0,0.0,0.0,0.0,0.0,0.0,0.0,0.0,0.0,0.0,0.0,0.0,0.0,0.0,0.0,0.0,0.0,0.0,0.0,0.0,0.0,0.0,0.0,0.0,0.0,0.0,0.0,0.0,0.0,0.0,0.0,0.0,0.0,0.0,0.0,0.0,0.0,0.0,0.0,0.0,0.0,0.0,0.0,0.0,0.0,0.0,0.0,0.0,0.0,0.0,0.0,0.0,0.0,0.0,0.0,0.0
989,0.0,0.0,0.0,0.0,0.0,0.0,0.0,0.0,0.0,0.0,0.0,0.0,0.0,0.0,0.0,0.0,0.0,0.0,0.0,0.0,0.0,0.0,0.0,0.0,0.0,0.0,0.0,0.0,0.0,0.0,0.0,0.0,0.0,0.0,0.0,0.0,0.0,0.0,0.0,0.0,0.0,0.0,0.0,0.0,0.0,0.0,0.0,0.0,0.0,0.0,0.0,0.0,0.0,0.0,0.0,0.0,0.0,0.0,0.0,0.0,0.0,0.0,0.0,0.0,0.0,0.0,0.0,0.0,0.0,0.0,0.0,0.0,0.0,0.0,0.0,0.0,0.0
990,0.0,0.0,0.0,0.0,0.0,0.0,0.0,0.0,0.0,0.0,0.0,0.0,0.0,0.0,0.0,0.0,0.0,0.0,0.0,0.0,0.0,0.0,0.0,0.0,0.0,0.0,0.0,0.0,0.0,0.0,0.0,0.0,0.0,0.0,0.0,0.0,0.0,0.0,0.0,0.0,0.0,0.0,0.0,0.0,0.0,0.0,0.0,0.0,0.0,0.0,0.0,0.0,0.0,0.0,0.0,0.0,0.0,0.0,0.0,0.0,0.0,0.0,0.0,0.0,0.0,0.0,0.0,0.0,0.0,0.0,0.0,0.0,0.0,0.0,0.0,0.0,0.0
991,0.0,0.0,0.0,0.0,0.0,0.0,0.0,0.0,0.0,0.0,0.0,0.0,0.0,0.0,0.0,0.0,0.0,0.0,0.0,0.0,0.0,0.0,0.0,0.0,0.0,0.0,0.0,0.0,0.0,0.0,0.0,0.0,0.0,0.0,0.0,0.0,0.0,0.0,0.0,0.0,0.0,0.0,0.0,0.0,0.0,0.0,0.0,0.0,0.0,0.0,0.0,0.0,0.0,0.0,0.0,0.0,0.0,0.0,0.0,0.0,0.0,0.0,0.0,0.0,0.0,0.0,0.0,0.0,0.0,0.0,0.0,0.0,0.0,0.0,0.0,0.0,0.0
992,0.0,0.0,0.0,0.0,0.0,0.0,0.0,0.0,0.0,0.0,0.0,0.0,0.0,0.0,0.0,0.0,0.0,0.0,0.0,0.0,0.0,0.0,0.0,0.0,0.0,0.0,0.0,0.0,0.0,0.0,0.0,0.0,0.0,0.0,0.0,0.0,0.0,0.0,0.0,0.0,0.0,0.0,0.0,0.0,0.0,0.0,0.0,0.0,0.0,0.0,0.0,0.0,0.0,0.0,0.0,0.0,0.0,0.0,0.0,0.0,0.0,0.0,0.0,0.0,0.0,0.0,0.0,0.0,0.0,0.0,0.0,0.0,0.0,0.0,0.0,0.0,0.0
993,0.0,0.0,0.0,0.0,0.0,0.0,0.0,0.0,0.0,0.0,0.0,0.0,0.0,0.0,0.0,0.0,0.0,0.0,0.0,0.0,0.0,0.0,0.0,0.0,0.0,0.0,0.0,0.0,0.0,0.0,0.0,0.0,0.0,0.0,0.0,0.0,0.0,0.0,0.0,0.0,0.0,0.0,0.0,0.0,0.0,0.0,0.0,0.0,0.0,0.0,0.0,0.0,0.0,0.0,0.0,0.0,0.0,0.0,0.0,0.0,0.0,0.0,0.0,0.0,0.0,0.0,0.0,0.0,0.0,0.0,0.0,0.0,0.0,0.0,0.0,0.0,0.0
994,0.0,0.0,0.0,0.0,0.0,0.0,0.0,0.0,0.0,0.0,0.0,0.0,0.0,0.0,0.0,0.0,0.0,0.0,0.0,0.0,0.0,0.0,0.0,0.0,0.0,0.0,0.0,0.0,0.0,0.0,0.0,0.0,0.0,0.0,0.0,0.0,0.0,0.0,0.0,0.0,0.0,0.0,0.0,0.0,0.0,0.0,0.0,0.0,0.0,0.0,0.0,0.0,0.0,0.0,0.0,0.0,0.0,0.0,0.0,0.0,0.0,0.0,0.0,0.0,0.0,0.0,0.0,0.0,0.0,0.0,0.0,0.0,0.0,0.0,0.0,0.0,0.0
995,0.0,0.0,0.0,0.0,0.0,0.0,0.0,0.0,0.0,0.0,0.0,0.0,0.0,0.0,0.0,0.0,0.0,0.0,0.0,0.0,0.0,0.0,0.0,0.0,0.0,0.0,0.0,0.0,0.0,0.0,0.0,0.0,0.0,0.0,0.0,0.0,0.0,0.0,0.0,0.0,0.0,0.0,0.0,0.0,0.0,0.0,0.0,0.0,0.0,0.0,0.0,0.0,0.0,0.0,0.0,0.0,0.0,0.0,0.0,0.0,0.0,0.0,0.0,0.0,0.0,0.0,0.0,0.0,0.0,0.0,0.0,0.0,0.0,0.0,0.0,0.0,0.0
996,0.0,0.0,0.0,0.0,0.0,0.0,0.0,0.0,0.0,0.0,0.0,0.0,0.0,0.0,0.0,0.0,0.0,0.0,0.0,0.0,0.0,0.0,0.0,0.0,0.0,0.0,0.0,0.0,0.0,0.0,0.0,0.0,0.0,0.0,0.0,0.0,0.0,0.0,0.0,0.0,0.0,0.0,0.0,0.0,0.0,0.0,0.0,0.0,0.0,0.0,0.0,0.0,0.0,0.0,0.0,0.0,0.0,0.0,0.0,0.0,0.0,0.0,0.0,0.0,0.0,0.0,0.0,0.0,0.0,0.0,0.0,0.0,0.0,0.0,0.0,0.0,0.0
997,0.0,0.0,0.0,0.0,0.0,0.0,0.0,0.0,0.0,0.0,0.0,0.0,0.0,0.0,0.0,0.0,0.0,0.0,0.0,0.0,0.0,0.0,0.0,0.0,0.0,0.0,0.0,0.0,0.0,0.0,0.0,0.0,0.0,0.0,0.0,0.0,0.0,0.0,0.0,0.0,0.0,0.0,0.0,0.0,0.0,0.0,0.0,0.0,0.0,0.0,0.0,0.0,0.0,0.0,0.0,0.0,0.0,0.0,0.0,0.0,0.0,0.0,0.0,0.0,0.0,0.0,0.0,0.0,0.0,0.0,0.0,0.0,0.0,0.0,0.0,0.0,0.0
998,0.0,0.0,0.0,0.0,0.0,0.0,0.0,0.0,0.0,0.0,0.0,0.0,0.0,0.0,0.0,0.0,0.0,0.0,0.0,0.0,0.0,0.0,0.0,0.0,0.0,0.0,0.0,0.0,0.0,0.0,0.0,0.0,0.0,0.0,0.0,0.0,0.0,0.0,0.0,0.0,0.0,0.0,0.0,0.0,0.0,0.0,0.0,0.0,0.0,0.0,0.0,0.0,0.0,0.0,0.0,0.0,0.0,0.0,0.0,0.0,0.0,0.0,0.0,0.0,0.0,0.0,0.0,0.0,0.0,0.0,0.0,0.0,0.0,0.0,0.0,0.0,0.0
999,0.0,0.0,0.0,0.0,0.0,0.0,0.0,0.0,0.0,0.0,0.0,0.0,0.0,0.0,0.0,0.0,0.0,0.0,0.0,0.0,0.0,0.0,0.0,0.0,0.0,0.0,0.0,0.0,0.0,0.0,0.0,0.0,0.0,0.0,0.0,0.0,0.0,0.0,0.0,0.0,0.0,0.0,0.0,0.0,0.0,0.0,0.0,0.0,0.0,0.0,0.0,0.0,0.0,0.0,0.0,0.0,0.0,0.0,0.0,0.0,0.0,0.0,0.0,0.0,0.0,0.0,0.0,0.0,0.0,0.0,0.0,0.0,0.0,0.0,0.0,0.0,0.0
1000,0.0,0.0,0.0,0.0,0.0,0.0,0.0,0.0,0.0,0.0,0.0,0.0,0.0,0.0,0.0,0.0,0.0,0.0,0.0,0.0,0.0,0.0,0.0,0.0,0.0,0.0,0.0,0.0,0.0,0.0,0.0,0.0,0.0,0.0,0.0,0.0,0.0,0.0,0.0,0.0,0.0,0.0,0.0,0.0,0.0,0.0,0.0,0.0,0.0,0.0,0.0,0.0,0.0,0.0,0.0,0.0,0.0,0.0,0.0,0.0,0.0,0.0,0.0,0.0,0.0,0.0,0.0,0.0,0.0,0.0,0.0,0.0,0.0,0.0,0.0,0.0,0.0
1001,0.0,0.0,0.0,0.0,0.0,0.0,0.0,0.0,0.0,0.0,0.0,0.0,0.0,0.0,0.0,0.0,0.0,0.0,0.0,0.0,0.0,0.0,0.0,0.0,0.0,0.0,0.0,0.0,0.0,0.0,0.0,0.0,0.0,0.0,0.0,0.0,0.0,0.0,0.0,0.0,0.0,0.0,0.0,0.0,0.0,0.0,0.0,0.0,0.0,0.0,0.0,0.0,0.0,0.0,0.0,0.0,0.0,0.0,0.0,0.0,0.0,0.0,0.0,0.0,0.0,0.0,0.0,0.0,0.0,0.0,0.0,0.0,0.0,0.0,0.0,0.0,0.0
1002,0.0,0.0,0.0,0.0,0.0,0.0,0.0,0.0,0.0,0.0,0.0,0.0,0.0,0.0,0.0,0.0,0.0,0.0,0.0,0.0,0.0,0.0,0.0,0.0,0.0,0.0,0.0,0.0,0.0,0.0,0.0,0.0,0.0,0.0,0.0,0.0,0.0,0.0,0.0,0.0,0.0,0.0,0.0,0.0,0.0,0.0,0.0,0.0,0.0,0.0,0.0,0.0,0.0,0.0,0.0,0.0,0.0,0.0,0.0,0.0,0.0,0.0,0.0,0.0,0.0,0.0,0.0,0.0,0.0,0.0,0.0,0.0,0.0,0.0,0.0,0.0,0.0
1003,0.0,0.0,0.0,0.0,0.0,0.0,0.0,0.0,0.0,0.0,0.0,0.0,0.0,0.0,0.0,0.0,0.0,0.0,0.0,0.0,0.0,0.0,0.0,0.0,0.0,0.0,0.0,0.0,0.0,0.0,0.0,0.0,0.0,0.0,0.0,0.0,0.0,0.0,0.0,0.0,0.0,0.0,0.0,0.0,0.0,0.0,0.0,0.0,0.0,0.0,0.0,0.0,0.0,0.0,0.0,0.0,0.0,0.0,0.0,0.0,0.0,0.0,0.0,0.0,0.0,0.0,0.0,0.0,0.0,0.0,0.0,0.0,0.0,0.0,0.0,0.0,0.0
1004,0.0,0.0,0.0,0.0,0.0,0.0,0.0,0.0,0.0,0.0,0.0,0.0,0.0,0.0,0.0,0.0,0.0,0.0,0.0,0.0,0.0,0.0,0.0,0.0,0.0,0.0,0.0,0.0,0.0,0.0,0.0,0.0,0.0,0.0,0.0,0.0,0.0,0.0,0.0,0.0,0.0,0.0,0.0,0.0,0.0,0.0,0.0,0.0,0.0,0.0,0.0,0.0,0.0,0.0,0.0,0.0,0.0,0.0,0.0,0.0,0.0,0.0,0.0,0.0,0.0,0.0,0.0,0.0,0.0,0.0,0.0,0.0,0.0,0.0,0.0,0.0,0.0
1005,0.0,0.0,0.0,0.0,0.0,0.0,0.0,0.0,0.0,0.0,0.0,0.0,0.0,0.0,0.0,0.0,0.0,0.0,0.0,0.0,0.0,0.0,0.0,0.0,0.0,0.0,0.0,0.0,0.0,0.0,0.0,0.0,0.0,0.0,0.0,0.0,0.0,0.0,0.0,0.0,0.0,0.0,0.0,0.0,0.0,0.0,0.0,0.0,0.0,0.0,0.0,0.0,0.0,0.0,0.0,0.0,0.0,0.0,0.0,0.0,0.0,0.0,0.0,0.0,0.0,0.0,0.0,0.0,0.0,0.0,0.0,0.0,0.0,0.0,0.0,0.0,0.0
1006,0.0,0.0,0.0,0.0,0.0,0.0,0.0,0.0,0.0,0.0,0.0,0.0,0.0,0.0,0.0,0.0,0.0,0.0,0.0,0.0,0.0,0.0,0.0,0.0,0.0,0.0,0.0,0.0,0.0,0.0,0.0,0.0,0.0,0.0,0.0,0.0,0.0,0.0,0.0,0.0,0.0,0.0,0.0,0.0,0.0,0.0,0.0,0.0,0.0,0.0,0.0,0.0,0.0,0.0,0.0,0.0,0.0,0.0,0.0,0.0,0.0,0.0,0.0,0.0,0.0,0.0,0.0,0.0,0.0,0.0,0.0,0.0,0.0,0.0,0.0,0.0,0.0
1007,0.0,0.0,0.0,0.0,0.0,0.0,0.0,0.0,0.0,0.0,0.0,0.0,0.0,0.0,0.0,0.0,0.0,0.0,0.0,0.0,0.0,0.0,0.0,0.0,0.0,0.0,0.0,0.0,0.0,0.0,0.0,0.0,0.0,0.0,0.0,0.0,0.0,0.0,0.0,0.0,0.0,0.0,0.0,0.0,0.0,0.0,0.0,0.0,0.0,0.0,0.0,0.0,0.0,0.0,0.0,0.0,0.0,0.0,0.0,0.0,0.0,0.0,0.0,0.0,0.0,0.0,0.0,0.0,0.0,0.0,0.0,0.0,0.0,0.0,0.0,0.0,0.0
1008,0.0,0.0,0.0,0.0,0.0,0.0,0.0,0.0,0.0,0.0,0.0,0.0,0.0,0.0,0.0,0.0,0.0,0.0,0.0,0.0,0.0,0.0,0.0,0.0,0.0,0.0,0.0,0.0,0.0,0.0,0.0,0.0,0.0,0.0,0.0,0.0,0.0,0.0,0.0,0.0,0.0,0.0,0.0,0.0,0.0,0.0,0.0,0.0,0.0,0.0,0.0,0.0,0.0,0.0,0.0,0.0,0.0,0.0,0.0,0.0,0.0,0.0,0.0,0.0,0.0,0.0,0.0,0.0,0.0,0.0,0.0,0.0,0.0,0.0,0.0,0.0,0.0
1009,0.0,0.0,0.0,0.0,0.0,0.0,0.0,0.0,0.0,0.0,0.0,0.0,0.0,0.0,0.0,0.0,0.0,0.0,0.0,0.0,0.0,0.0,0.0,0.0,0.0,0.0,0.0,0.0,0.0,0.0,0.0,0.0,0.0,0.0,0.0,0.0,0.0,0.0,0.0,0.0,0.0,0.0,0.0,0.0,0.0,0.0,0.0,0.0,0.0,0.0,0.0,0.0,0.0,0.0,0.0,0.0,0.0,0.0,0.0,0.0,0.0,0.0,0.0,0.0,0.0,0.0,0.0,0.0,0.0,0.0,0.0,0.0,0.0,0.0,0.0,0.0,0.0
1010,0.0,0.0,0.0,0.0,0.0,0.0,0.0,0.0,0.0,0.0,0.0,0.0,0.0,0.0,0.0,0.0,0.0,0.0,0.0,0.0,0.0,0.0,0.0,0.0,0.0,0.0,0.0,0.0,0.0,0.0,0.0,0.0,0.0,0.0,0.0,0.0,0.0,0.0,0.0,0.0,0.0,0.0,0.0,0.0,0.0,0.0,0.0,0.0,0.0,0.0,0.0,0.0,0.0,0.0,0.0,0.0,0.0,0.0,0.0,0.0,0.0,0.0,0.0,0.0,0.0,0.0,0.0,0.0,0.0,0.0,0.0,0.0,0.0,0.0,0.0,0.0,0.0
1011,0.0,0.0,0.0,0.0,0.0,0.0,0.0,0.0,0.0,0.0,0.0,0.0,0.0,0.0,0.0,0.0,0.0,0.0,0.0,0.0,0.0,0.0,0.0,0.0,0.0,0.0,0.0,0.0,0.0,0.0,0.0,0.0,0.0,0.0,0.0,0.0,0.0,0.0,0.0,0.0,0.0,0.0,0.0,0.0,0.0,0.0,0.0,0.0,0.0,0.0,0.0,0.0,0.0,0.0,0.0,0.0,0.0,0.0,0.0,0.0,0.0,0.0,0.0,0.0,0.0,0.0,0.0,0.0,0.0,0.0,0.0,0.0,0.0,0.0,0.0,0.0,0.0
1012,0.0,0.0,0.0,0.0,0.0,0.0,0.0,0.0,0.0,0.0,0.0,0.0,0.0,0.0,0.0,0.0,0.0,0.0,0.0,0.0,0.0,0.0,0.0,0.0,0.0,0.0,0.0,0.0,0.0,0.0,0.0,0.0,0.0,0.0,0.0,0.0,0.0,0.0,0.0,0.0,0.0,0.0,0.0,0.0,0.0,0.0,0.0,0.0,0.0,0.0,0.0,0.0,0.0,0.0,0.0,0.0,0.0,0.0,0.0,0.0,0.0,0.0,0.0,0.0,0.0,0.0,0.0,0.0,0.0,0.0,0.0,0.0,0.0,0.0,0.0,0.0,0.0
1013,0.0,0.0,0.0,0.0,0.0,0.0,0.0,0.0,0.0,0.0,0.0,0.0,0.0,0.0,0.0,0.0,0.0,0.0,0.0,0.0,0.0,0.0,0.0,0.0,0.0,0.0,0.0,0.0,0.0,0.0,0.0,0.0,0.0,0.0,0.0,0.0,0.0,0.0,0.0,0.0,0.0,0.0,0.0,0.0,0.0,0.0,0.0,0.0,0.0,0.0,0.0,0.0,0.0,0.0,0.0,0.0,0.0,0.0,0.0,0.0,0.0,0.0,0.0,0.0,0.0,0.0,0.0,0.0,0.0,0.0,0.0,0.0,0.0,0.0,0.0,0.0,0.0
1014,0.0,0.0,0.0,0.0,0.0,0.0,0.0,0.0,0.0,0.0,0.0,0.0,0.0,0.0,0.0,0.0,0.0,0.0,0.0,0.0,0.0,0.0,0.0,0.0,0.0,0.0,0.0,0.0,0.0,0.0,0.0,0.0,0.0,0.0,0.0,0.0,0.0,0.0,0.0,0.0,0.0,0.0,0.0,0.0,0.0,0.0,0.0,0.0,0.0,0.0,0.0,0.0,0.0,0.0,0.0,0.0,0.0,0.0,0.0,0.0,0.0,0.0,0.0,0.0,0.0,0.0,0.0,0.0,0.0,0.0,0.0,0.0,0.0,0.0,0.0,0.0,0.0
1015,0.0,0.0,0.0,0.0,0.0,0.0,0.0,0.0,0.0,0.0,0.0,0.0,0.0,0.0,0.0,0.0,0.0,0.0,0.0,0.0,0.0,0.0,0.0,0.0,0.0,0.0,0.0,0.0,0.0,0.0,0.0,0.0,0.0,0.0,0.0,0.0,0.0,0.0,0.0,0.0,0.0,0.0,0.0,0.0,0.0,0.0,0.0,0.0,0.0,0.0,0.0,0.0,0.0,0.0,0.0,0.0,0.0,0.0,0.0,0.0,0.0,0.0,0.0,0.0,0.0,0.0,0.0,0.0,0.0,0.0,0.0,0.0,0.0,0.0,0.0,0.0,0.0
1016,0.0,0.0,0.0,0.0,0.0,0.0,0.0,0.0,0.0,0.0,0.0,0.0,0.0,0.0,0.0,0.0,0.0,0.0,0.0,0.0,0.0,0.0,0.0,0.0,0.0,0.0,0.0,0.0,0.0,0.0,0.0,0.0,0.0,0.0,0.0,0.0,0.0,0.0,0.0,0.0,0.0,0.0,0.0,0.0,0.0,0.0,0.0,0.0,0.0,0.0,0.0,0.0,0.0,0.0,0.0,0.0,0.0,0.0,0.0,0.0,0.0,0.0,0.0,0.0,0.0,0.0,0.0,0.0,0.0,0.0,0.0,0.0,0.0,0.0,0.0,0.0,0.0
1017,0.0,0.0,0.0,0.0,0.0,0.0,0.0,0.0,0.0,0.0,0.0,0.0,0.0,0.0,0.0,0.0,0.0,0.0,0.0,0.0,0.0,0.0,0.0,0.0,0.0,0.0,0.0,0.0,0.0,0.0,0.0,0.0,0.0,0.0,0.0,0.0,0.0,0.0,0.0,0.0,0.0,0.0,0.0,0.0,0.0,0.0,0.0,0.0,0.0,0.0,0.0,0.0,0.0,0.0,0.0,0.0,0.0,0.0,0.0,0.0,0.0,0.0,0.0,0.0,0.0,0.0,0.0,0.0,0.0,0.0,0.0,0.0,0.0,0.0,0.0,0.0,0.0
1018,0.0,0.0,0.0,0.0,0.0,0.0,0.0,0.0,0.0,0.0,0.0,0.0,0.0,0.0,0.0,0.0,0.0,0.0,0.0,0.0,0.0,0.0,0.0,0.0,0.0,0.0,0.0,0.0,0.0,0.0,0.0,0.0,0.0,0.0,0.0,0.0,0.0,0.0,0.0,0.0,0.0,0.0,0.0,0.0,0.0,0.0,0.0,0.0,0.0,0.0,0.0,0.0,0.0,0.0,0.0,0.0,0.0,0.0,0.0,0.0,0.0,0.0,0.0,0.0,0.0,0.0,0.0,0.0,0.0,0.0,0.0,0.0,0.0,0.0,0.0,0.0,0.0
1019,0.0,0.0,0.0,0.0,0.0,0.0,0.0,0.0,0.0,0.0,0.0,0.0,0.0,0.0,0.0,0.0,0.0,0.0,0.0,0.0,0.0,0.0,0.0,0.0,0.0,0.0,0.0,0.0,0.0,0.0,0.0,0.0,0.0,0.0,0.0,0.0,0.0,0.0,0.0,0.0,0.0,0.0,0.0,0.0,0.0,0.0,0.0,0.0,0.0,0.0,0.0,0.0,0.0,0.0,0.0,0.0,0.0,0.0,0.0,0.0,0.0,0.0,0.0,0.0,0.0,0.0,0.0,0.0,0.0,0.0,0.0,0.0,0.0,0.0,0.0,0.0,0.0
1020,0.0,0.0,0.0,0.0,0.0,0.0,0.0,0.0,0.0,0.0,0.0,0.0,0.0,0.0,0.0,0.0,0.0,0.0,0.0,0.0,0.0,0.0,0.0,0.0,0.0,0.0,0.0,0.0,0.0,0.0,0.0,0.0,0.0,0.0,0.0,0.0,0.0,0.0,0.0,0.0,0.0,0.0,0.0,0.0,0.0,0.0,0.0,0.0,0.0,0.0,0.0,0.0,0.0,0.0,0.0,0.0,0.0,0.0,0.0,0.0,0.0,0.0,0.0,0.0,0.0,0.0,0.0,0.0,0.0,0.0,0.0,0.0,0.0,0.0,0.0,0.0,0.0
1021,0.0,0.0,0.0,0.0,0.0,0.0,0.0,0.0,0.0,0.0,0.0,0.0,0.0,0.0,0.0,0.0,0.0,0.0,0.0,0.0,0.0,0.0,0.0,0.0,0.0,0.0,0.0,0.0,0.0,0.0,0.0,0.0,0.0,0.0,0.0,0.0,0.0,0.0,0.0,0.0,0.0,0.0,0.0,0.0,0.0,0.0,0.0,0.0,0.0,0.0,0.0,0.0,0.0,0.0,0.0,0.0,0.0,0.0,0.0,0.0,0.0,0.0,0.0,0.0,0.0,0.0,0.0,0.0,0.0,0.0,0.0,0.0,0.0,0.0,0.0,0.0,0.0
1022,0.0,0.0,0.0,0.0,0.0,0.0,0.0,0.0,0.0,0.0,0.0,0.0,0.0,0.0,0.0,0.0,0.0,0.0,0.0,0.0,0.0,0.0,0.0,0.0,0.0,0.0,0.0,0.0,0.0,0.0,0.0,0.0,0.0,0.0,0.0,0.0,0.0,0.0,0.0,0.0,0.0,0.0,0.0,0.0,0.0,0.0,0.0,0.0,0.0,0.0,0.0,0.0,0.0,0.0,0.0,0.0,0.0,0.0,0.0,0.0,0.0,0.0,0.0,0.0,0.0,0.0,0.0,0.0,0.0,0.0,0.0,0.0,0.0,0.0,0.0,0.0,0.0
1023,0.0,0.0,0.0,0.0,0.0,0.0,0.0,0.0,0.0,0.0,0.0,0.0,0.0,0.0,0.0,0.0,0.0,0.0,0.0,0.0,0.0,0.0,0.0,0.0,0.0,0.0,0.0,0.0,0.0,0.0,0.0,0.0,0.0,0.0,0.0,0.0,0.0,0.0,0.0,0.0,0.0,0.0,0.0,0.0,0.0,0.0,0.0,0.0,0.0,0.0,0.0,0.0,0.0,0.0,0.0,0.0,0.0,0.0,0.0,0.0,0.0,0.0,0.0,0.0,0.0,0.0,0.0,0.0,0.0,0.0,0.0,0.0,0.0,0.0,0.0,0.0,0.0
1024,0.0,0.0,0.0,0.0,0.0,0.0,0.0,0.0,0.0,0.0,0.0,0.0,0.0,0.0,0.0,0.0,0.0,0.0,0.0,0.0,0.0,0.0,0.0,0.0,0.0,0.0,0.0,0.0,0.0,0.0,0.0,0.0,0.0,0.0,0.0,0.0,0.0,0.0,0.0,0.0,0.0,0.0,0.0,0.0,0.0,0.0,0.0,0.0,0.0,0.0,0.0,0.0,0.0,0.0,0.0,0.0,0.0,0.0,0.0,0.0,0.0,0.0,0.0,0.0,0.0,0.0,0.0,0.0,0.0,0.0,0.0,0.0,0.0,0.0,0.0,0.0,0.0
1025,0.0,0.0,0.0,0.0,0.0,0.0,0.0,0.0,0.0,0.0,0.0,0.0,0.0,0.0,0.0,0.0,0.0,0.0,0.0,0.0,0.0,0.0,0.0,0.0,0.0,0.0,0.0,0.0,0.0,0.0,0.0,0.0,0.0,0.0,0.0,0.0,0.0,0.0,0.0,0.0,0.0,0.0,0.0,0.0,0.0,0.0,0.0,0.0,0.0,0.0,0.0,0.0,0.0,0.0,0.0,0.0,0.0,0.0,0.0,0.0,0.0,0.0,0.0,0.0,0.0,0.0,0.0,0.0,0.0,0.0,0.0,0.0,0.0,0.0,0.0,0.0,0.0
1026,0.0,0.0,0.0,0.0,0.0,0.0,0.0,0.0,0.0,0.0,0.0,0.0,0.0,0.0,0.0,0.0,0.0,0.0,0.0,0.0,0.0,0.0,0.0,0.0,0.0,0.0,0.0,0.0,0.0,0.0,0.0,0.0,0.0,0.0,0.0,0.0,0.0,0.0,0.0,0.0,0.0,0.0,0.0,0.0,0.0,0.0,0.0,0.0,0.0,0.0,0.0,0.0,0.0,0.0,0.0,0.0,0.0,0.0,0.0,0.0,0.0,0.0,0.0,0.0,0.0,0.0,0.0,0.0,0.0,0.0,0.0,0.0,0.0,0.0,0.0,0.0,0.0
1027,0.0,0.0,0.0,0.0,0.0,0.0,0.0,0.0,0.0,0.0,0.0,0.0,0.0,0.0,0.0,0.0,0.0,0.0,0.0,0.0,0.0,0.0,0.0,0.0,0.0,0.0,0.0,0.0,0.0,0.0,0.0,0.0,0.0,0.0,0.0,0.0,0.0,0.0,0.0,0.0,0.0,0.0,0.0,0.0,0.0,0.0,0.0,0.0,0.0,0.0,0.0,0.0,0.0,0.0,0.0,0.0,0.0,0.0,0.0,0.0,0.0,0.0,0.0,0.0,0.0,0.0,0.0,0.0,0.0,0.0,0.0,0.0,0.0,0.0,0.0,0.0,0.0
1028,0.0,0.0,0.0,0.0,0.0,0.0,0.0,0.0,0.0,0.0,0.0,0.0,0.0,0.0,0.0,0.0,0.0,0.0,0.0,0.0,0.0,0.0,0.0,0.0,0.0,0.0,0.0,0.0,0.0,0.0,0.0,0.0,0.0,0.0,0.0,0.0,0.0,0.0,0.0,0.0,0.0,0.0,0.0,0.0,0.0,0.0,0.0,0.0,0.0,0.0,0.0,0.0,0.0,0.0,0.0,0.0,0.0,0.0,0.0,0.0,0.0,0.0,0.0,0.0,0.0,0.0,0.0,0.0,0.0,0.0,0.0,0.0,0.0,0.0,0.0,0.0,0.0
1029,0.0,0.0,0.0,0.0,0.0,0.0,0.0,0.0,0.0,0.0,0.0,0.0,0.0,0.0,0.0,0.0,0.0,0.0,0.0,0.0,0.0,0.0,0.0,0.0,0.0,0.0,0.0,0.0,0.0,0.0,0.0,0.0,0.0,0.0,0.0,0.0,0.0,0.0,0.0,0.0,0.0,0.0,0.0,0.0,0.0,0.0,0.0,0.0,0.0,0.0,0.0,0.0,0.0,0.0,0.0,0.0,0.0,0.0,0.0,0.0,0.0,0.0,0.0,0.0,0.0,0.0,0.0,0.0,0.0,0.0,0.0,0.0,0.0,0.0,0.0,0.0,0.0
1030,0.0,0.0,0.0,0.0,0.0,0.0,0.0,0.0,0.0,0.0,0.0,0.0,0.0,0.0,0.0,0.0,0.0,0.0,0.0,0.0,0.0,0.0,0.0,0.0,0.0,0.0,0.0,0.0,0.0,0.0,0.0,0.0,0.0,0.0,0.0,0.0,0.0,0.0,0.0,0.0,0.0,0.0,0.0,0.0,0.0,0.0,0.0,0.0,0.0,0.0,0.0,0.0,0.0,0.0,0.0,0.0,0.0,0.0,0.0,0.0,0.0,0.0,0.0,0.0,0.0,0.0,0.0,0.0,0.0,0.0,0.0,0.0,0.0,0.0,0.0,0.0,0.0
1031,0.0,0.0,0.0,0.0,0.0,0.0,0.0,0.0,0.0,0.0,0.0,0.0,0.0,0.0,0.0,0.0,0.0,0.0,0.0,0.0,0.0,0.0,0.0,0.0,0.0,0.0,0.0,0.0,0.0,0.0,0.0,0.0,0.0,0.0,0.0,0.0,0.0,0.0,0.0,0.0,0.0,0.0,0.0,0.0,0.0,0.0,0.0,0.0,0.0,0.0,0.0,0.0,0.0,0.0,0.0,0.0,0.0,0.0,0.0,0.0,0.0,0.0,0.0,0.0,0.0,0.0,0.0,0.0,0.0,0.0,0.0,0.0,0.0,0.0,0.0,0.0,0.0
1032,0.0,0.0,0.0,0.0,0.0,0.0,0.0,0.0,0.0,0.0,0.0,0.0,0.0,0.0,0.0,0.0,0.0,0.0,0.0,0.0,0.0,0.0,0.0,0.0,0.0,0.0,0.0,0.0,0.0,0.0,0.0,0.0,0.0,0.0,0.0,0.0,0.0,0.0,0.0,0.0,0.0,0.0,0.0,0.0,0.0,0.0,0.0,0.0,0.0,0.0,0.0,0.0,0.0,0.0,0.0,0.0,0.0,0.0,0.0,0.0,0.0,0.0,0.0,0.0,0.0,0.0,0.0,0.0,0.0,0.0,0.0,0.0,0.0,0.0,0.0,0.0,0.0
1033,0.0,0.0,0.0,0.0,0.0,0.0,0.0,0.0,0.0,0.0,0.0,0.0,0.0,0.0,0.0,0.0,0.0,0.0,0.0,0.0,0.0,0.0,0.0,0.0,0.0,0.0,0.0,0.0,0.0,0.0,0.0,0.0,0.0,0.0,0.0,0.0,0.0,0.0,0.0,0.0,0.0,0.0,0.0,0.0,0.0,0.0,0.0,0.0,0.0,0.0,0.0,0.0,0.0,0.0,0.0,0.0,0.0,0.0,0.0,0.0,0.0,0.0,0.0,0.0,0.0,0.0,0.0,0.0,0.0,0.0,0.0,0.0,0.0,0.0,0.0,0.0,0.0
1034,0.0,0.0,0.0,0.0,0.0,0.0,0.0,0.0,0.0,0.0,0.0,0.0,0.0,0.0,0.0,0.0,0.0,0.0,0.0,0.0,0.0,0.0,0.0,0.0,0.0,0.0,0.0,0.0,0.0,0.0,0.0,0.0,0.0,0.0,0.0,0.0,0.0,0.0,0.0,0.0,0.0,0.0,0.0,0.0,0.0,0.0,0.0,0.0,0.0,0.0,0.0,0.0,0.0,0.0,0.0,0.0,0.0,0.0,0.0,0.0,0.0,0.0,0.0,0.0,0.0,0.0,0.0,0.0,0.0,0.0,0.0,0.0,0.0,0.0,0.0,0.0,0.0
1035,0.0,0.0,0.0,0.0,0.0,0.0,0.0,0.0,0.0,0.0,0.0,0.0,0.0,0.0,0.0,0.0,0.0,0.0,0.0,0.0,0.0,0.0,0.0,0.0,0.0,0.0,0.0,0.0,0.0,0.0,0.0,0.0,0.0,0.0,0.0,0.0,0.0,0.0,0.0,0.0,0.0,0.0,0.0,0.0,0.0,0.0,0.0,0.0,0.0,0.0,0.0,0.0,0.0,0.0,0.0,0.0,0.0,0.0,0.0,0.0,0.0,0.0,0.0,0.0,0.0,0.0,0.0,0.0,0.0,0.0,0.0,0.0,0.0,0.0,0.0,0.0,0.0
1036,0.0,0.0,0.0,0.0,0.0,0.0,0.0,0.0,0.0,0.0,0.0,0.0,0.0,0.0,0.0,0.0,0.0,0.0,0.0,0.0,0.0,0.0,0.0,0.0,0.0,0.0,0.0,0.0,0.0,0.0,0.0,0.0,0.0,0.0,0.0,0.0,0.0,0.0,0.0,0.0,0.0,0.0,0.0,0.0,0.0,0.0,0.0,0.0,0.0,0.0,0.0,0.0,0.0,0.0,0.0,0.0,0.0,0.0,0.0,0.0,0.0,0.0,0.0,0.0,0.0,0.0,0.0,0.0,0.0,0.0,0.0,0.0,0.0,0.0,0.0,0.0,0.0
1037,0.0,0.0,0.0,0.0,0.0,0.0,0.0,0.0,0.0,0.0,0.0,0.0,0.0,0.0,0.0,0.0,0.0,0.0,0.0,0.0,0.0,0.0,0.0,0.0,0.0,0.0,0.0,0.0,0.0,0.0,0.0,0.0,0.0,0.0,0.0,0.0,0.0,0.0,0.0,0.0,0.0,0.0,0.0,0.0,0.0,0.0,0.0,0.0,0.0,0.0,0.0,0.0,0.0,0.0,0.0,0.0,0.0,0.0,0.0,0.0,0.0,0.0,0.0,0.0,0.0,0.0,0.0,0.0,0.0,0.0,0.0,0.0,0.0,0.0,0.0,0.0,0.0
1038,0.0,0.0,0.0,0.0,0.0,0.0,0.0,0.0,0.0,0.0,0.0,0.0,0.0,0.0,0.0,0.0,0.0,0.0,0.0,0.0,0.0,0.0,0.0,0.0,0.0,0.0,0.0,0.0,0.0,0.0,0.0,0.0,0.0,0.0,0.0,0.0,0.0,0.0,0.0,0.0,0.0,0.0,0.0,0.0,0.0,0.0,0.0,0.0,0.0,0.0,0.0,0.0,0.0,0.0,0.0,0.0,0.0,0.0,0.0,0.0,0.0,0.0,0.0,0.0,0.0,0.0,0.0,0.0,0.0,0.0,0.0,0.0,0.0,0.0,0.0,0.0,0.0
1039,0.0,0.0,0.0,0.0,0.0,0.0,0.0,0.0,0.0,0.0,0.0,0.0,0.0,0.0,0.0,0.0,0.0,0.0,0.0,0.0,0.0,0.0,0.0,0.0,0.0,0.0,0.0,0.0,0.0,0.0,0.0,0.0,0.0,0.0,0.0,0.0,0.0,0.0,0.0,0.0,0.0,0.0,0.0,0.0,0.0,0.0,0.0,0.0,0.0,0.0,0.0,0.0,0.0,0.0,0.0,0.0,0.0,0.0,0.0,0.0,0.0,0.0,0.0,0.0,0.0,0.0,0.0,0.0,0.0,0.0,0.0,0.0,0.0,0.0,0.0,0.0,0.0
1040,0.0,0.0,0.0,0.0,0.0,0.0,0.0,0.0,0.0,0.0,0.0,0.0,0.0,0.0,0.0,0.0,0.0,0.0,0.0,0.0,0.0,0.0,0.0,0.0,0.0,0.0,0.0,0.0,0.0,0.0,0.0,0.0,0.0,0.0,0.0,0.0,0.0,0.0,0.0,0.0,0.0,0.0,0.0,0.0,0.0,0.0,0.0,0.0,0.0,0.0,0.0,0.0,0.0,0.0,0.0,0.0,0.0,0.0,0.0,0.0,0.0,0.0,0.0,0.0,0.0,0.0,0.0,0.0,0.0,0.0,0.0,0.0,0.0,0.0,0.0,0.0,0.0
1041,0.0,0.0,0.0,0.0,0.0,0.0,0.0,0.0,0.0,0.0,0.0,0.0,0.0,0.0,0.0,0.0,0.0,0.0,0.0,0.0,0.0,0.0,0.0,0.0,0.0,0.0,0.0,0.0,0.0,0.0,0.0,0.0,0.0,0.0,0.0,0.0,0.0,0.0,0.0,0.0,0.0,0.0,0.0,0.0,0.0,0.0,0.0,0.0,0.0,0.0,0.0,0.0,0.0,0.0,0.0,0.0,0.0,0.0,0.0,0.0,0.0,0.0,0.0,0.0,0.0,0.0,0.0,0.0,0.0,0.0,0.0,0.0,0.0,0.0,0.0,0.0,0.0
1042,0.0,0.0,0.0,0.0,0.0,0.0,0.0,0.0,0.0,0.0,0.0,0.0,0.0,0.0,0.0,0.0,0.0,0.0,0.0,0.0,0.0,0.0,0.0,0.0,0.0,0.0,0.0,0.0,0.0,0.0,0.0,0.0,0.0,0.0,0.0,0.0,0.0,0.0,0.0,0.0,0.0,0.0,0.0,0.0,0.0,0.0,0.0,0.0,0.0,0.0,0.0,0.0,0.0,0.0,0.0,0.0,0.0,0.0,0.0,0.0,0.0,0.0,0.0,0.0,0.0,0.0,0.0,0.0,0.0,0.0,0.0,0.0,0.0,0.0,0.0,0.0,0.0
1043,0.0,0.0,0.0,0.0,0.0,0.0,0.0,0.0,0.0,0.0,0.0,0.0,0.0,0.0,0.0,0.0,0.0,0.0,0.0,0.0,0.0,0.0,0.0,0.0,0.0,0.0,0.0,0.0,0.0,0.0,0.0,0.0,0.0,0.0,0.0,0.0,0.0,0.0,0.0,0.0,0.0,0.0,0.0,0.0,0.0,0.0,0.0,0.0,0.0,0.0,0.0,0.0,0.0,0.0,0.0,0.0,0.0,0.0,0.0,0.0,0.0,0.0,0.0,0.0,0.0,0.0,0.0,0.0,0.0,0.0,0.0,0.0,0.0,0.0,0.0,0.0,0.0
1044,0.0,0.0,0.0,0.0,0.0,0.0,0.0,0.0,0.0,0.0,0.0,0.0,0.0,0.0,0.0,0.0,0.0,0.0,0.0,0.0,0.0,0.0,0.0,0.0,0.0,0.0,0.0,0.0,0.0,0.0,0.0,0.0,0.0,0.0,0.0,0.0,0.0,0.0,0.0,0.0,0.0,0.0,0.0,0.0,0.0,0.0,0.0,0.0,0.0,0.0,0.0,0.0,0.0,0.0,0.0,0.0,0.0,0.0,0.0,0.0,0.0,0.0,0.0,0.0,0.0,0.0,0.0,0.0,0.0,0.0,0.0,0.0,0.0,0.0,0.0,0.0,0.0
1045,0.0,0.0,0.0,0.0,0.0,0.0,0.0,0.0,0.0,0.0,0.0,0.0,0.0,0.0,0.0,0.0,0.0,0.0,0.0,0.0,0.0,0.0,0.0,0.0,0.0,0.0,0.0,0.0,0.0,0.0,0.0,0.0,0.0,0.0,0.0,0.0,0.0,0.0,0.0,0.0,0.0,0.0,0.0,0.0,0.0,0.0,0.0,0.0,0.0,0.0,0.0,0.0,0.0,0.0,0.0,0.0,0.0,0.0,0.0,0.0,0.0,0.0,0.0,0.0,0.0,0.0,0.0,0.0,0.0,0.0,0.0,0.0,0.0,0.0,0.0,0.0,0.0
1046,0.0,0.0,0.0,0.0,0.0,0.0,0.0,0.0,0.0,0.0,0.0,0.0,0.0,0.0,0.0,0.0,0.0,0.0,0.0,0.0,0.0,0.0,0.0,0.0,0.0,0.0,0.0,0.0,0.0,0.0,0.0,0.0,0.0,0.0,0.0,0.0,0.0,0.0,0.0,0.0,0.0,0.0,0.0,0.0,0.0,0.0,0.0,0.0,0.0,0.0,0.0,0.0,0.0,0.0,0.0,0.0,0.0,0.0,0.0,0.0,0.0,0.0,0.0,0.0,0.0,0.0,0.0,0.0,0.0,0.0,0.0,0.0,0.0,0.0,0.0,0.0,0.0
1047,0.0,0.0,0.0,0.0,0.0,0.0,0.0,0.0,0.0,0.0,0.0,0.0,0.0,0.0,0.0,0.0,0.0,0.0,0.0,0.0,0.0,0.0,0.0,0.0,0.0,0.0,0.0,0.0,0.0,0.0,0.0,0.0,0.0,0.0,0.0,0.0,0.0,0.0,0.0,0.0,0.0,0.0,0.0,0.0,0.0,0.0,0.0,0.0,0.0,0.0,0.0,0.0,0.0,0.0,0.0,0.0,0.0,0.0,0.0,0.0,0.0,0.0,0.0,0.0,0.0,0.0,0.0,0.0,0.0,0.0,0.0,0.0,0.0,0.0,0.0,0.0,0.0
1048,0.0,0.0,0.0,0.0,0.0,0.0,0.0,0.0,0.0,0.0,0.0,0.0,0.0,0.0,0.0,0.0,0.0,0.0,0.0,0.0,0.0,0.0,0.0,0.0,0.0,0.0,0.0,0.0,0.0,0.0,0.0,0.0,0.0,0.0,0.0,0.0,0.0,0.0,0.0,0.0,0.0,0.0,0.0,0.0,0.0,0.0,0.0,0.0,0.0,0.0,0.0,0.0,0.0,0.0,0.0,0.0,0.0,0.0,0.0,0.0,0.0,0.0,0.0,0.0,0.0,0.0,0.0,0.0,0.0,0.0,0.0,0.0,0.0,0.0,0.0,0.0,0.0
1049,0.0,0.0,0.0,0.0,0.0,0.0,0.0,0.0,0.0,0.0,0.0,0.0,0.0,0.0,0.0,0.0,0.0,0.0,0.0,0.0,0.0,0.0,0.0,0.0,0.0,0.0,0.0,0.0,0.0,0.0,0.0,0.0,0.0,0.0,0.0,0.0,0.0,0.0,0.0,0.0,0.0,0.0,0.0,0.0,0.0,0.0,0.0,0.0,0.0,0.0,0.0,0.0,0.0,0.0,0.0,0.0,0.0,0.0,0.0,0.0,0.0,0.0,0.0,0.0,0.0,0.0,0.0,0.0,0.0,0.0,0.0,0.0,0.0,0.0,0.0,0.0,0.0
1050,0.0,0.0,0.0,0.0,0.0,0.0,0.0,0.0,0.0,0.0,0.0,0.0,0.0,0.0,0.0,0.0,0.0,0.0,0.0,0.0,0.0,0.0,0.0,0.0,0.0,0.0,0.0,0.0,0.0,0.0,0.0,0.0,0.0,0.0,0.0,0.0,0.0,0.0,0.0,0.0,0.0,0.0,0.0,0.0,0.0,0.0,0.0,0.0,0.0,0.0,0.0,0.0,0.0,0.0,0.0,0.0,0.0,0.0,0.0,0.0,0.0,0.0,0.0,0.0,0.0,0.0,0.0,0.0,0.0,0.0,0.0,0.0,0.0,0.0,0.0,0.0,0.0
1051,0.0,0.0,0.0,0.0,0.0,0.0,0.0,0.0,0.0,0.0,0.0,0.0,0.0,0.0,0.0,0.0,0.0,0.0,0.0,0.0,0.0,0.0,0.0,0.0,0.0,0.0,0.0,0.0,0.0,0.0,0.0,0.0,0.0,0.0,0.0,0.0,0.0,0.0,0.0,0.0,0.0,0.0,0.0,0.0,0.0,0.0,0.0,0.0,0.0,0.0,0.0,0.0,0.0,0.0,0.0,0.0,0.0,0.0,0.0,0.0,0.0,0.0,0.0,0.0,0.0,0.0,0.0,0.0,0.0,0.0,0.0,0.0,0.0,0.0,0.0,0.0,0.0
1052,0.0,0.0,0.0,0.0,0.0,0.0,0.0,0.0,0.0,0.0,0.0,0.0,0.0,0.0,0.0,0.0,0.0,0.0,0.0,0.0,0.0,0.0,0.0,0.0,0.0,0.0,0.0,0.0,0.0,0.0,0.0,0.0,0.0,0.0,0.0,0.0,0.0,0.0,0.0,0.0,0.0,0.0,0.0,0.0,0.0,0.0,0.0,0.0,0.0,0.0,0.0,0.0,0.0,0.0,0.0,0.0,0.0,0.0,0.0,0.0,0.0,0.0,0.0,0.0,0.0,0.0,0.0,0.0,0.0,0.0,0.0,0.0,0.0,0.0,0.0,0.0,0.0
1053,0.0,0.0,0.0,0.0,0.0,0.0,0.0,0.0,0.0,0.0,0.0,0.0,0.0,0.0,0.0,0.0,0.0,0.0,0.0,0.0,0.0,0.0,0.0,0.0,0.0,0.0,0.0,0.0,0.0,0.0,0.0,0.0,0.0,0.0,0.0,0.0,0.0,0.0,0.0,0.0,0.0,0.0,0.0,0.0,0.0,0.0,0.0,0.0,0.0,0.0,0.0,0.0,0.0,0.0,0.0,0.0,0.0,0.0,0.0,0.0,0.0,0.0,0.0,0.0,0.0,0.0,0.0,0.0,0.0,0.0,0.0,0.0,0.0,0.0,0.0,0.0,0.0
1054,0.0,0.0,0.0,0.0,0.0,0.0,0.0,0.0,0.0,0.0,0.0,0.0,0.0,0.0,0.0,0.0,0.0,0.0,0.0,0.0,0.0,0.0,0.0,0.0,0.0,0.0,0.0,0.0,0.0,0.0,0.0,0.0,0.0,0.0,0.0,0.0,0.0,0.0,0.0,0.0,0.0,0.0,0.0,0.0,0.0,0.0,0.0,0.0,0.0,0.0,0.0,0.0,0.0,0.0,0.0,0.0,0.0,0.0,0.0,0.0,0.0,0.0,0.0,0.0,0.0,0.0,0.0,0.0,0.0,0.0,0.0,0.0,0.0,0.0,0.0,0.0,0.0
1055,0.0,0.0,0.0,0.0,0.0,0.0,0.0,0.0,0.0,0.0,0.0,0.0,0.0,0.0,0.0,0.0,0.0,0.0,0.0,0.0,0.0,0.0,0.0,0.0,0.0,0.0,0.0,0.0,0.0,0.0,0.0,0.0,0.0,0.0,0.0,0.0,0.0,0.0,0.0,0.0,0.0,0.0,0.0,0.0,0.0,0.0,0.0,0.0,0.0,0.0,0.0,0.0,0.0,0.0,0.0,0.0,0.0,0.0,0.0,0.0,0.0,0.0,0.0,0.0,0.0,0.0,0.0,0.0,0.0,0.0,0.0,0.0,0.0,0.0,0.0,0.0,0.0
1056,0.0,0.0,0.0,0.0,0.0,0.0,0.0,0.0,0.0,0.0,0.0,0.0,0.0,0.0,0.0,0.0,0.0,0.0,0.0,0.0,0.0,0.0,0.0,0.0,0.0,0.0,0.0,0.0,0.0,0.0,0.0,0.0,0.0,0.0,0.0,0.0,0.0,0.0,0.0,0.0,0.0,0.0,0.0,0.0,0.0,0.0,0.0,0.0,0.0,0.0,0.0,0.0,0.0,0.0,0.0,0.0,0.0,0.0,0.0,0.0,0.0,0.0,0.0,0.0,0.0,0.0,0.0,0.0,0.0,0.0,0.0,0.0,0.0,0.0,0.0,0.0,0.0
1057,0.0,0.0,0.0,0.0,0.0,0.0,0.0,0.0,0.0,0.0,0.0,0.0,0.0,0.0,0.0,0.0,0.0,0.0,0.0,0.0,0.0,0.0,0.0,0.0,0.0,0.0,0.0,0.0,0.0,0.0,0.0,0.0,0.0,0.0,0.0,0.0,0.0,0.0,0.0,0.0,0.0,0.0,0.0,0.0,0.0,0.0,0.0,0.0,0.0,0.0,0.0,0.0,0.0,0.0,0.0,0.0,0.0,0.0,0.0,0.0,0.0,0.0,0.0,0.0,0.0,0.0,0.0,0.0,0.0,0.0,0.0,0.0,0.0,0.0,0.0,0.0,0.0
1058,0.0,0.0,0.0,0.0,0.0,0.0,0.0,0.0,0.0,0.0,0.0,0.0,0.0,0.0,0.0,0.0,0.0,0.0,0.0,0.0,0.0,0.0,0.0,0.0,0.0,0.0,0.0,0.0,0.0,0.0,0.0,0.0,0.0,0.0,0.0,0.0,0.0,0.0,0.0,0.0,0.0,0.0,0.0,0.0,0.0,0.0,0.0,0.0,0.0,0.0,0.0,0.0,0.0,0.0,0.0,0.0,0.0,0.0,0.0,0.0,0.0,0.0,0.0,0.0,0.0,0.0,0.0,0.0,0.0,0.0,0.0,0.0,0.0,0.0,0.0,0.0,0.0
1059,0.0,0.0,0.0,0.0,0.0,0.0,0.0,0.0,0.0,0.0,0.0,0.0,0.0,0.0,0.0,0.0,0.0,0.0,0.0,0.0,0.0,0.0,0.0,0.0,0.0,0.0,0.0,0.0,0.0,0.0,0.0,0.0,0.0,0.0,0.0,0.0,0.0,0.0,0.0,0.0,0.0,0.0,0.0,0.0,0.0,0.0,0.0,0.0,0.0,0.0,0.0,0.0,0.0,0.0,0.0,0.0,0.0,0.0,0.0,0.0,0.0,0.0,0.0,0.0,0.0,0.0,0.0,0.0,0.0,0.0,0.0,0.0,0.0,0.0,0.0,0.0,0.0
1060,0.0,0.0,0.0,0.0,0.0,0.0,0.0,0.0,0.0,0.0,0.0,0.0,0.0,0.0,0.0,0.0,0.0,0.0,0.0,0.0,0.0,0.0,0.0,0.0,0.0,0.0,0.0,0.0,0.0,0.0,0.0,0.0,0.0,0.0,0.0,0.0,0.0,0.0,0.0,0.0,0.0,0.0,0.0,0.0,0.0,0.0,0.0,0.0,0.0,0.0,0.0,0.0,0.0,0.0,0.0,0.0,0.0,0.0,0.0,0.0,0.0,0.0,0.0,0.0,0.0,0.0,0.0,0.0,0.0,0.0,0.0,0.0,0.0,0.0,0.0,0.0,0.0
1061,0.0,0.0,0.0,0.0,0.0,0.0,0.0,0.0,0.0,0.0,0.0,0.0,0.0,0.0,0.0,0.0,0.0,0.0,0.0,0.0,0.0,0.0,0.0,0.0,0.0,0.0,0.0,0.0,0.0,0.0,0.0,0.0,0.0,0.0,0.0,0.0,0.0,0.0,0.0,0.0,0.0,0.0,0.0,0.0,0.0,0.0,0.0,0.0,0.0,0.0,0.0,0.0,0.0,0.0,0.0,0.0,0.0,0.0,0.0,0.0,0.0,0.0,0.0,0.0,0.0,0.0,0.0,0.0,0.0,0.0,0.0,0.0,0.0,0.0,0.0,0.0,0.0
1062,0.0,0.0,0.0,0.0,0.0,0.0,0.0,0.0,0.0,0.0,0.0,0.0,0.0,0.0,0.0,0.0,0.0,0.0,0.0,0.0,0.0,0.0,0.0,0.0,0.0,0.0,0.0,0.0,0.0,0.0,0.0,0.0,0.0,0.0,0.0,0.0,0.0,0.0,0.0,0.0,0.0,0.0,0.0,0.0,0.0,0.0,0.0,0.0,0.0,0.0,0.0,0.0,0.0,0.0,0.0,0.0,0.0,0.0,0.0,0.0,0.0,0.0,0.0,0.0,0.0,0.0,0.0,0.0,0.0,0.0,0.0,0.0,0.0,0.0,0.0,0.0,0.0
1063,0.0,0.0,0.0,0.0,0.0,0.0,0.0,0.0,0.0,0.0,0.0,0.0,0.0,0.0,0.0,0.0,0.0,0.0,0.0,0.0,0.0,0.0,0.0,0.0,0.0,0.0,0.0,0.0,0.0,0.0,0.0,0.0,0.0,0.0,0.0,0.0,0.0,0.0,0.0,0.0,0.0,0.0,0.0,0.0,0.0,0.0,0.0,0.0,0.0,0.0,0.0,0.0,0.0,0.0,0.0,0.0,0.0,0.0,0.0,0.0,0.0,0.0,0.0,0.0,0.0,0.0,0.0,0.0,0.0,0.0,0.0,0.0,0.0,0.0,0.0,0.0,0.0
1064,0.0,0.0,0.0,0.0,0.0,0.0,0.0,0.0,0.0,0.0,0.0,0.0,0.0,0.0,0.0,0.0,0.0,0.0,0.0,0.0,0.0,0.0,0.0,0.0,0.0,0.0,0.0,0.0,0.0,0.0,0.0,0.0,0.0,0.0,0.0,0.0,0.0,0.0,0.0,0.0,0.0,0.0,0.0,0.0,0.0,0.0,0.0,0.0,0.0,0.0,0.0,0.0,0.0,0.0,0.0,0.0,0.0,0.0,0.0,0.0,0.0,0.0,0.0,0.0,0.0,0.0,0.0,0.0,0.0,0.0,0.0,0.0,0.0,0.0,0.0,0.0,0.0
1065,0.0,0.0,0.0,0.0,0.0,0.0,0.0,0.0,0.0,0.0,0.0,0.0,0.0,0.0,0.0,0.0,0.0,0.0,0.0,0.0,0.0,0.0,0.0,0.0,0.0,0.0,0.0,0.0,0.0,0.0,0.0,0.0,0.0,0.0,0.0,0.0,0.0,0.0,0.0,0.0,0.0,0.0,0.0,0.0,0.0,0.0,0.0,0.0,0.0,0.0,0.0,0.0,0.0,0.0,0.0,0.0,0.0,0.0,0.0,0.0,0.0,0.0,0.0,0.0,0.0,0.0,0.0,0.0,0.0,0.0,0.0,0.0,0.0,0.0,0.0,0.0,0.0
1066,0.0,0.0,0.0,0.0,0.0,0.0,0.0,0.0,0.0,0.0,0.0,0.0,0.0,0.0,0.0,0.0,0.0,0.0,0.0,0.0,0.0,0.0,0.0,0.0,0.0,0.0,0.0,0.0,0.0,0.0,0.0,0.0,0.0,0.0,0.0,0.0,0.0,0.0,0.0,0.0,0.0,0.0,0.0,0.0,0.0,0.0,0.0,0.0,0.0,0.0,0.0,0.0,0.0,0.0,0.0,0.0,0.0,0.0,0.0,0.0,0.0,0.0,0.0,0.0,0.0,0.0,0.0,0.0,0.0,0.0,0.0,0.0,0.0,0.0,0.0,0.0,0.0
1067,0.0,0.0,0.0,0.0,0.0,0.0,0.0,0.0,0.0,0.0,0.0,0.0,0.0,0.0,0.0,0.0,0.0,0.0,0.0,0.0,0.0,0.0,0.0,0.0,0.0,0.0,0.0,0.0,0.0,0.0,0.0,0.0,0.0,0.0,0.0,0.0,0.0,0.0,0.0,0.0,0.0,0.0,0.0,0.0,0.0,0.0,0.0,0.0,0.0,0.0,0.0,0.0,0.0,0.0,0.0,0.0,0.0,0.0,0.0,0.0,0.0,0.0,0.0,0.0,0.0,0.0,0.0,0.0,0.0,0.0,0.0,0.0,0.0,0.0,0.0,0.0,0.0
1068,0.0,0.0,0.0,0.0,0.0,0.0,0.0,0.0,0.0,0.0,0.0,0.0,0.0,0.0,0.0,0.0,0.0,0.0,0.0,0.0,0.0,0.0,0.0,0.0,0.0,0.0,0.0,0.0,0.0,0.0,0.0,0.0,0.0,0.0,0.0,0.0,0.0,0.0,0.0,0.0,0.0,0.0,0.0,0.0,0.0,0.0,0.0,0.0,0.0,0.0,0.0,0.0,0.0,0.0,0.0,0.0,0.0,0.0,0.0,0.0,0.0,0.0,0.0,0.0,0.0,0.0,0.0,0.0,0.0,0.0,0.0,0.0,0.0,0.0,0.0,0.0,0.0
1069,0.0,0.0,0.0,0.0,0.0,0.0,0.0,0.0,0.0,0.0,0.0,0.0,0.0,0.0,0.0,0.0,0.0,0.0,0.0,0.0,0.0,0.0,0.0,0.0,0.0,0.0,0.0,0.0,0.0,0.0,0.0,0.0,0.0,0.0,0.0,0.0,0.0,0.0,0.0,0.0,0.0,0.0,0.0,0.0,0.0,0.0,0.0,0.0,0.0,0.0,0.0,0.0,0.0,0.0,0.0,0.0,0.0,0.0,0.0,0.0,0.0,0.0,0.0,0.0,0.0,0.0,0.0,0.0,0.0,0.0,0.0,0.0,0.0,0.0,0.0,0.0,0.0
1070,0.0,0.0,0.0,0.0,0.0,0.0,0.0,0.0,0.0,0.0,0.0,0.0,0.0,0.0,0.0,0.0,0.0,0.0,0.0,0.0,0.0,0.0,0.0,0.0,0.0,0.0,0.0,0.0,0.0,0.0,0.0,0.0,0.0,0.0,0.0,0.0,0.0,0.0,0.0,0.0,0.0,0.0,0.0,0.0,0.0,0.0,0.0,0.0,0.0,0.0,0.0,0.0,0.0,0.0,0.0,0.0,0.0,0.0,0.0,0.0,0.0,0.0,0.0,0.0,0.0,0.0,0.0,0.0,0.0,0.0,0.0,0.0,0.0,0.0,0.0,0.0,0.0
1071,0.0,0.0,0.0,0.0,0.0,0.0,0.0,0.0,0.0,0.0,0.0,0.0,0.0,0.0,0.0,0.0,0.0,0.0,0.0,0.0,0.0,0.0,0.0,0.0,0.0,0.0,0.0,0.0,0.0,0.0,0.0,0.0,0.0,0.0,0.0,0.0,0.0,0.0,0.0,0.0,0.0,0.0,0.0,0.0,0.0,0.0,0.0,0.0,0.0,0.0,0.0,0.0,0.0,0.0,0.0,0.0,0.0,0.0,0.0,0.0,0.0,0.0,0.0,0.0,0.0,0.0,0.0,0.0,0.0,0.0,0.0,0.0,0.0,0.0,0.0,0.0,0.0
1072,0.0,0.0,0.0,0.0,0.0,0.0,0.0,0.0,0.0,0.0,0.0,0.0,0.0,0.0,0.0,0.0,0.0,0.0,0.0,0.0,0.0,0.0,0.0,0.0,0.0,0.0,0.0,0.0,0.0,0.0,0.0,0.0,0.0,0.0,0.0,0.0,0.0,0.0,0.0,0.0,0.0,0.0,0.0,0.0,0.0,0.0,0.0,0.0,0.0,0.0,0.0,0.0,0.0,0.0,0.0,0.0,0.0,0.0,0.0,0.0,0.0,0.0,0.0,0.0,0.0,0.0,0.0,0.0,0.0,0.0,0.0,0.0,0.0,0.0,0.0,0.0,0.0
1073,0.0,0.0,0.0,0.0,0.0,0.0,0.0,0.0,0.0,0.0,0.0,0.0,0.0,0.0,0.0,0.0,0.0,0.0,0.0,0.0,0.0,0.0,0.0,0.0,0.0,0.0,0.0,0.0,0.0,0.0,0.0,0.0,0.0,0.0,0.0,0.0,0.0,0.0,0.0,0.0,0.0,0.0,0.0,0.0,0.0,0.0,0.0,0.0,0.0,0.0,0.0,0.0,0.0,0.0,0.0,0.0,0.0,0.0,0.0,0.0,0.0,0.0,0.0,0.0,0.0,0.0,0.0,0.0,0.0,0.0,0.0,0.0,0.0,0.0,0.0,0.0,0.0
1074,0.0,0.0,0.0,0.0,0.0,0.0,0.0,0.0,0.0,0.0,0.0,0.0,0.0,0.0,0.0,0.0,0.0,0.0,0.0,0.0,0.0,0.0,0.0,0.0,0.0,0.0,0.0,0.0,0.0,0.0,0.0,0.0,0.0,0.0,0.0,0.0,0.0,0.0,0.0,0.0,0.0,0.0,0.0,0.0,0.0,0.0,0.0,0.0,0.0,0.0,0.0,0.0,0.0,0.0,0.0,0.0,0.0,0.0,0.0,0.0,0.0,0.0,0.0,0.0,0.0,0.0,0.0,0.0,0.0,0.0,0.0,0.0,0.0,0.0,0.0,0.0,0.0
1075,0.0,0.0,0.0,0.0,0.0,0.0,0.0,0.0,0.0,0.0,0.0,0.0,0.0,0.0,0.0,0.0,0.0,0.0,0.0,0.0,0.0,0.0,0.0,0.0,0.0,0.0,0.0,0.0,0.0,0.0,0.0,0.0,0.0,0.0,0.0,0.0,0.0,0.0,0.0,0.0,0.0,0.0,0.0,0.0,0.0,0.0,0.0,0.0,0.0,0.0,0.0,0.0,0.0,0.0,0.0,0.0,0.0,0.0,0.0,0.0,0.0,0.0,0.0,0.0,0.0,0.0,0.0,0.0,0.0,0.0,0.0,0.0,0.0,0.0,0.0,0.0,0.0
1076,0.0,0.0,0.0,0.0,0.0,0.0,0.0,0.0,0.0,0.0,0.0,0.0,0.0,0.0,0.0,0.0,0.0,0.0,0.0,0.0,0.0,0.0,0.0,0.0,0.0,0.0,0.0,0.0,0.0,0.0,0.0,0.0,0.0,0.0,0.0,0.0,0.0,0.0,0.0,0.0,0.0,0.0,0.0,0.0,0.0,0.0,0.0,0.0,0.0,0.0,0.0,0.0,0.0,0.0,0.0,0.0,0.0,0.0,0.0,0.0,0.0,0.0,0.0,0.0,0.0,0.0,0.0,0.0,0.0,0.0,0.0,0.0,0.0,0.0,0.0,0.0,0.0
1077,0.0,0.0,0.0,0.0,0.0,0.0,0.0,0.0,0.0,0.0,0.0,0.0,0.0,0.0,0.0,0.0,0.0,0.0,0.0,0.0,0.0,0.0,0.0,0.0,0.0,0.0,0.0,0.0,0.0,0.0,0.0,0.0,0.0,0.0,0.0,0.0,0.0,0.0,0.0,0.0,0.0,0.0,0.0,0.0,0.0,0.0,0.0,0.0,0.0,0.0,0.0,0.0,0.0,0.0,0.0,0.0,0.0,0.0,0.0,0.0,0.0,0.0,0.0,0.0,0.0,0.0,0.0,0.0,0.0,0.0,0.0,0.0,0.0,0.0,0.0,0.0,0.0
1078,0.0,0.0,0.0,0.0,0.0,0.0,0.0,0.0,0.0,0.0,0.0,0.0,0.0,0.0,0.0,0.0,0.0,0.0,0.0,0.0,0.0,0.0,0.0,0.0,0.0,0.0,0.0,0.0,0.0,0.0,0.0,0.0,0.0,0.0,0.0,0.0,0.0,0.0,0.0,0.0,0.0,0.0,0.0,0.0,0.0,0.0,0.0,0.0,0.0,0.0,0.0,0.0,0.0,0.0,0.0,0.0,0.0,0.0,0.0,0.0,0.0,0.0,0.0,0.0,0.0,0.0,0.0,0.0,0.0,0.0,0.0,0.0,0.0,0.0,0.0,0.0,0.0
1079,0.0,0.0,0.0,0.0,0.0,0.0,0.0,0.0,0.0,0.0,0.0,0.0,0.0,0.0,0.0,0.0,0.0,0.0,0.0,0.0,0.0,0.0,0.0,0.0,0.0,0.0,0.0,0.0,0.0,0.0,0.0,0.0,0.0,0.0,0.0,0.0,0.0,0.0,0.0,0.0,0.0,0.0,0.0,0.0,0.0,0.0,0.0,0.0,0.0,0.0,0.0,0.0,0.0,0.0,0.0,0.0,0.0,0.0,0.0,0.0,0.0,0.0,0.0,0.0,0.0,0.0,0.0,0.0,0.0,0.0,0.0,0.0,0.0,0.0,0.0,0.0,0.0
1080,0.0,0.0,0.0,0.0,0.0,0.0,0.0,0.0,0.0,0.0,0.0,0.0,0.0,0.0,0.0,0.0,0.0,0.0,0.0,0.0,0.0,0.0,0.0,0.0,0.0,0.0,0.0,0.0,0.0,0.0,0.0,0.0,0.0,0.0,0.0,0.0,0.0,0.0,0.0,0.0,0.0,0.0,0.0,0.0,0.0,0.0,0.0,0.0,0.0,0.0,0.0,0.0,0.0,0.0,0.0,0.0,0.0,0.0,0.0,0.0,0.0,0.0,0.0,0.0,0.0,0.0,0.0,0.0,0.0,0.0,0.0,0.0,0.0,0.0,0.0,0.0,0.0
1081,0.0,0.0,0.0,0.0,0.0,0.0,0.0,0.0,0.0,0.0,0.0,0.0,0.0,0.0,0.0,0.0,0.0,0.0,0.0,0.0,0.0,0.0,0.0,0.0,0.0,0.0,0.0,0.0,0.0,0.0,0.0,0.0,0.0,0.0,0.0,0.0,0.0,0.0,0.0,0.0,0.0,0.0,0.0,0.0,0.0,0.0,0.0,0.0,0.0,0.0,0.0,0.0,0.0,0.0,0.0,0.0,0.0,0.0,0.0,0.0,0.0,0.0,0.0,0.0,0.0,0.0,0.0,0.0,0.0,0.0,0.0,0.0,0.0,0.0,0.0,0.0,0.0
1082,0.0,0.0,0.0,0.0,0.0,0.0,0.0,0.0,0.0,0.0,0.0,0.0,0.0,0.0,0.0,0.0,0.0,0.0,0.0,0.0,0.0,0.0,0.0,0.0,0.0,0.0,0.0,0.0,0.0,0.0,0.0,0.0,0.0,0.0,0.0,0.0,0.0,0.0,0.0,0.0,0.0,0.0,0.0,0.0,0.0,0.0,0.0,0.0,0.0,0.0,0.0,0.0,0.0,0.0,0.0,0.0,0.0,0.0,0.0,0.0,0.0,0.0,0.0,0.0,0.0,0.0,0.0,0.0,0.0,0.0,0.0,0.0,0.0,0.0,0.0,0.0,0.0
1083,0.0,0.0,0.0,0.0,0.0,0.0,0.0,0.0,0.0,0.0,0.0,0.0,0.0,0.0,0.0,0.0,0.0,0.0,0.0,0.0,0.0,0.0,0.0,0.0,0.0,0.0,0.0,0.0,0.0,0.0,0.0,0.0,0.0,0.0,0.0,0.0,0.0,0.0,0.0,0.0,0.0,0.0,0.0,0.0,0.0,0.0,0.0,0.0,0.0,0.0,0.0,0.0,0.0,0.0,0.0,0.0,0.0,0.0,0.0,0.0,0.0,0.0,0.0,0.0,0.0,0.0,0.0,0.0,0.0,0.0,0.0,0.0,0.0,0.0,0.0,0.0,0.0
1084,0.0,0.0,0.0,0.0,0.0,0.0,0.0,0.0,0.0,0.0,0.0,0.0,0.0,0.0,0.0,0.0,0.0,0.0,0.0,0.0,0.0,0.0,0.0,0.0,0.0,0.0,0.0,0.0,0.0,0.0,0.0,0.0,0.0,0.0,0.0,0.0,0.0,0.0,0.0,0.0,0.0,0.0,0.0,0.0,0.0,0.0,0.0,0.0,0.0,0.0,0.0,0.0,0.0,0.0,0.0,0.0,0.0,0.0,0.0,0.0,0.0,0.0,0.0,0.0,0.0,0.0,0.0,0.0,0.0,0.0,0.0,0.0,0.0,0.0,0.0,0.0,0.0
1085,0.0,0.0,0.0,0.0,0.0,0.0,0.0,0.0,0.0,0.0,0.0,0.0,0.0,0.0,0.0,0.0,0.0,0.0,0.0,0.0,0.0,0.0,0.0,0.0,0.0,0.0,0.0,0.0,0.0,0.0,0.0,0.0,0.0,0.0,0.0,0.0,0.0,0.0,0.0,0.0,0.0,0.0,0.0,0.0,0.0,0.0,0.0,0.0,0.0,0.0,0.0,0.0,0.0,0.0,0.0,0.0,0.0,0.0,0.0,0.0,0.0,0.0,0.0,0.0,0.0,0.0,0.0,0.0,0.0,0.0,0.0,0.0,0.0,0.0,0.0,0.0,0.0
1086,0.0,0.0,0.0,0.0,0.0,0.0,0.0,0.0,0.0,0.0,0.0,0.0,0.0,0.0,0.0,0.0,0.0,0.0,0.0,0.0,0.0,0.0,0.0,0.0,0.0,0.0,0.0,0.0,0.0,0.0,0.0,0.0,0.0,0.0,0.0,0.0,0.0,0.0,0.0,0.0,0.0,0.0,0.0,0.0,0.0,0.0,0.0,0.0,0.0,0.0,0.0,0.0,0.0,0.0,0.0,0.0,0.0,0.0,0.0,0.0,0.0,0.0,0.0,0.0,0.0,0.0,0.0,0.0,0.0,0.0,0.0,0.0,0.0,0.0,0.0,0.0,0.0
1087,0.0,0.0,0.0,0.0,0.0,0.0,0.0,0.0,0.0,0.0,0.0,0.0,0.0,0.0,0.0,0.0,0.0,0.0,0.0,0.0,0.0,0.0,0.0,0.0,0.0,0.0,0.0,0.0,0.0,0.0,0.0,0.0,0.0,0.0,0.0,0.0,0.0,0.0,0.0,0.0,0.0,0.0,0.0,0.0,0.0,0.0,0.0,0.0,0.0,0.0,0.0,0.0,0.0,0.0,0.0,0.0,0.0,0.0,0.0,0.0,0.0,0.0,0.0,0.0,0.0,0.0,0.0,0.0,0.0,0.0,0.0,0.0,0.0,0.0,0.0,0.0,0.0
1088,0.0,0.0,0.0,0.0,0.0,0.0,0.0,0.0,0.0,0.0,0.0,0.0,0.0,0.0,0.0,0.0,0.0,0.0,0.0,0.0,0.0,0.0,0.0,0.0,0.0,0.0,0.0,0.0,0.0,0.0,0.0,0.0,0.0,0.0,0.0,0.0,0.0,0.0,0.0,0.0,0.0,0.0,0.0,0.0,0.0,0.0,0.0,0.0,0.0,0.0,0.0,0.0,0.0,0.0,0.0,0.0,0.0,0.0,0.0,0.0,0.0,0.0,0.0,0.0,0.0,0.0,0.0,0.0,0.0,0.0,0.0,0.0,0.0,0.0,0.0,0.0,0.0
1089,0.0,0.0,0.0,0.0,0.0,0.0,0.0,0.0,0.0,0.0,0.0,0.0,0.0,0.0,0.0,0.0,0.0,0.0,0.0,0.0,0.0,0.0,0.0,0.0,0.0,0.0,0.0,0.0,0.0,0.0,0.0,0.0,0.0,0.0,0.0,0.0,0.0,0.0,0.0,0.0,0.0,0.0,0.0,0.0,0.0,0.0,0.0,0.0,0.0,0.0,0.0,0.0,0.0,0.0,0.0,0.0,0.0,0.0,0.0,0.0,0.0,0.0,0.0,0.0,0.0,0.0,0.0,0.0,0.0,0.0,0.0,0.0,0.0,0.0,0.0,0.0,0.0
1090,0.0,0.0,0.0,0.0,0.0,0.0,0.0,0.0,0.0,0.0,0.0,0.0,0.0,0.0,0.0,0.0,0.0,0.0,0.0,0.0,0.0,0.0,0.0,0.0,0.0,0.0,0.0,0.0,0.0,0.0,0.0,0.0,0.0,0.0,0.0,0.0,0.0,0.0,0.0,0.0,0.0,0.0,0.0,0.0,0.0,0.0,0.0,0.0,0.0,0.0,0.0,0.0,0.0,0.0,0.0,0.0,0.0,0.0,0.0,0.0,0.0,0.0,0.0,0.0,0.0,0.0,0.0,0.0,0.0,0.0,0.0,0.0,0.0,0.0,0.0,0.0,0.0
1091,0.0,0.0,0.0,0.0,0.0,0.0,0.0,0.0,0.0,0.0,0.0,0.0,0.0,0.0,0.0,0.0,0.0,0.0,0.0,0.0,0.0,0.0,0.0,0.0,0.0,0.0,0.0,0.0,0.0,0.0,0.0,0.0,0.0,0.0,0.0,0.0,0.0,0.0,0.0,0.0,0.0,0.0,0.0,0.0,0.0,0.0,0.0,0.0,0.0,0.0,0.0,0.0,0.0,0.0,0.0,0.0,0.0,0.0,0.0,0.0,0.0,0.0,0.0,0.0,0.0,0.0,0.0,0.0,0.0,0.0,0.0,0.0,0.0,0.0,0.0,0.0,0.0
1092,0.0,0.0,0.0,0.0,0.0,0.0,0.0,0.0,0.0,0.0,0.0,0.0,0.0,0.0,0.0,0.0,0.0,0.0,0.0,0.0,0.0,0.0,0.0,0.0,0.0,0.0,0.0,0.0,0.0,0.0,0.0,0.0,0.0,0.0,0.0,0.0,0.0,0.0,0.0,0.0,0.0,0.0,0.0,0.0,0.0,0.0,0.0,0.0,0.0,0.0,0.0,0.0,0.0,0.0,0.0,0.0,0.0,0.0,0.0,0.0,0.0,0.0,0.0,0.0,0.0,0.0,0.0,0.0,0.0,0.0,0.0,0.0,0.0,0.0,0.0,0.0,0.0
1093,0.0,0.0,0.0,0.0,0.0,0.0,0.0,0.0,0.0,0.0,0.0,0.0,0.0,0.0,0.0,0.0,0.0,0.0,0.0,0.0,0.0,0.0,0.0,0.0,0.0,0.0,0.0,0.0,0.0,0.0,0.0,0.0,0.0,0.0,0.0,0.0,0.0,0.0,0.0,0.0,0.0,0.0,0.0,0.0,0.0,0.0,0.0,0.0,0.0,0.0,0.0,0.0,0.0,0.0,0.0,0.0,0.0,0.0,0.0,0.0,0.0,0.0,0.0,0.0,0.0,0.0,0.0,0.0,0.0,0.0,0.0,0.0,0.0,0.0,0.0,0.0,0.0
1094,0.0,0.0,0.0,0.0,0.0,0.0,0.0,0.0,0.0,0.0,0.0,0.0,0.0,0.0,0.0,0.0,0.0,0.0,0.0,0.0,0.0,0.0,0.0,0.0,0.0,0.0,0.0,0.0,0.0,0.0,0.0,0.0,0.0,0.0,0.0,0.0,0.0,0.0,0.0,0.0,0.0,0.0,0.0,0.0,0.0,0.0,0.0,0.0,0.0,0.0,0.0,0.0,0.0,0.0,0.0,0.0,0.0,0.0,0.0,0.0,0.0,0.0,0.0,0.0,0.0,0.0,0.0,0.0,0.0,0.0,0.0,0.0,0.0,0.0,0.0,0.0,0.0
1095,0.0,0.0,0.0,0.0,0.0,0.0,0.0,0.0,0.0,0.0,0.0,0.0,0.0,0.0,0.0,0.0,0.0,0.0,0.0,0.0,0.0,0.0,0.0,0.0,0.0,0.0,0.0,0.0,0.0,0.0,0.0,0.0,0.0,0.0,0.0,0.0,0.0,0.0,0.0,0.0,0.0,0.0,0.0,0.0,0.0,0.0,0.0,0.0,0.0,0.0,0.0,0.0,0.0,0.0,0.0,0.0,0.0,0.0,0.0,0.0,0.0,0.0,0.0,0.0,0.0,0.0,0.0,0.0,0.0,0.0,0.0,0.0,0.0,0.0,0.0,0.0,0.0
1096,0.0,0.0,0.0,0.0,0.0,0.0,0.0,0.0,0.0,0.0,0.0,0.0,0.0,0.0,0.0,0.0,0.0,0.0,0.0,0.0,0.0,0.0,0.0,0.0,0.0,0.0,0.0,0.0,0.0,0.0,0.0,0.0,0.0,0.0,0.0,0.0,0.0,0.0,0.0,0.0,0.0,0.0,0.0,0.0,0.0,0.0,0.0,0.0,0.0,0.0,0.0,0.0,0.0,0.0,0.0,0.0,0.0,0.0,0.0,0.0,0.0,0.0,0.0,0.0,0.0,0.0,0.0,0.0,0.0,0.0,0.0,0.0,0.0,0.0,0.0,0.0,0.0
1097,0.0,0.0,0.0,0.0,0.0,0.0,0.0,0.0,0.0,0.0,0.0,0.0,0.0,0.0,0.0,0.0,0.0,0.0,0.0,0.0,0.0,0.0,0.0,0.0,0.0,0.0,0.0,0.0,0.0,0.0,0.0,0.0,0.0,0.0,0.0,0.0,0.0,0.0,0.0,0.0,0.0,0.0,0.0,0.0,0.0,0.0,0.0,0.0,0.0,0.0,0.0,0.0,0.0,0.0,0.0,0.0,0.0,0.0,0.0,0.0,0.0,0.0,0.0,0.0,0.0,0.0,0.0,0.0,0.0,0.0,0.0,0.0,0.0,0.0,0.0,0.0,0.0
1098,0.0,0.0,0.0,0.0,0.0,0.0,0.0,0.0,0.0,0.0,0.0,0.0,0.0,0.0,0.0,0.0,0.0,0.0,0.0,0.0,0.0,0.0,0.0,0.0,0.0,0.0,0.0,0.0,0.0,0.0,0.0,0.0,0.0,0.0,0.0,0.0,0.0,0.0,0.0,0.0,0.0,0.0,0.0,0.0,0.0,0.0,0.0,0.0,0.0,0.0,0.0,0.0,0.0,0.0,0.0,0.0,0.0,0.0,0.0,0.0,0.0,0.0,0.0,0.0,0.0,0.0,0.0,0.0,0.0,0.0,0.0,0.0,0.0,0.0,0.0,0.0,0.0
1099,0.0,0.0,0.0,0.0,0.0,0.0,0.0,0.0,0.0,0.0,0.0,0.0,0.0,0.0,0.0,0.0,0.0,0.0,0.0,0.0,0.0,0.0,0.0,0.0,0.0,0.0,0.0,0.0,0.0,0.0,0.0,0.0,0.0,0.0,0.0,0.0,0.0,0.0,0.0,0.0,0.0,0.0,0.0,0.0,0.0,0.0,0.0,0.0,0.0,0.0,0.0,0.0,0.0,0.0,0.0,0.0,0.0,0.0,0.0,0.0,0.0,0.0,0.0,0.0,0.0,0.0,0.0,0.0,0.0,0.0,0.0,0.0,0.0,0.0,0.0,0.0,0.0
1100,0.0,0.0,0.0,0.0,0.0,0.0,0.0,0.0,0.0,0.0,0.0,0.0,0.0,0.0,0.0,0.0,0.0,0.0,0.0,0.0,0.0,0.0,0.0,0.0,0.0,0.0,0.0,0.0,0.0,0.0,0.0,0.0,0.0,0.0,0.0,0.0,0.0,0.0,0.0,0.0,0.0,0.0,0.0,0.0,0.0,0.0,0.0,0.0,0.0,0.0,0.0,0.0,0.0,0.0,0.0,0.0,0.0,0.0,0.0,0.0,0.0,0.0,0.0,0.0,0.0,0.0,0.0,0.0,0.0,0.0,0.0,0.0,0.0,0.0,0.0,0.0,0.0
1101,0.0,0.0,0.0,0.0,0.0,0.0,0.0,0.0,0.0,0.0,0.0,0.0,0.0,0.0,0.0,0.0,0.0,0.0,0.0,0.0,0.0,0.0,0.0,0.0,0.0,0.0,0.0,0.0,0.0,0.0,0.0,0.0,0.0,0.0,0.0,0.0,0.0,0.0,0.0,0.0,0.0,0.0,0.0,0.0,0.0,0.0,0.0,0.0,0.0,0.0,0.0,0.0,0.0,0.0,0.0,0.0,0.0,0.0,0.0,0.0,0.0,0.0,0.0,0.0,0.0,0.0,0.0,0.0,0.0,0.0,0.0,0.0,0.0,0.0,0.0,0.0,0.0
1102,0.0,0.0,0.0,0.0,0.0,0.0,0.0,0.0,0.0,0.0,0.0,0.0,0.0,0.0,0.0,0.0,0.0,0.0,0.0,0.0,0.0,0.0,0.0,0.0,0.0,0.0,0.0,0.0,0.0,0.0,0.0,0.0,0.0,0.0,0.0,0.0,0.0,0.0,0.0,0.0,0.0,0.0,0.0,0.0,0.0,0.0,0.0,0.0,0.0,0.0,0.0,0.0,0.0,0.0,0.0,0.0,0.0,0.0,0.0,0.0,0.0,0.0,0.0,0.0,0.0,0.0,0.0,0.0,0.0,0.0,0.0,0.0,0.0,0.0,0.0,0.0,0.0
1103,0.0,0.0,0.0,0.0,0.0,0.0,0.0,0.0,0.0,0.0,0.0,0.0,0.0,0.0,0.0,0.0,0.0,0.0,0.0,0.0,0.0,0.0,0.0,0.0,0.0,0.0,0.0,0.0,0.0,0.0,0.0,0.0,0.0,0.0,0.0,0.0,0.0,0.0,0.0,0.0,0.0,0.0,0.0,0.0,0.0,0.0,0.0,0.0,0.0,0.0,0.0,0.0,0.0,0.0,0.0,0.0,0.0,0.0,0.0,0.0,0.0,0.0,0.0,0.0,0.0,0.0,0.0,0.0,0.0,0.0,0.0,0.0,0.0,0.0,0.0,0.0,0.0
1104,0.0,0.0,0.0,0.0,0.0,0.0,0.0,0.0,0.0,0.0,0.0,0.0,0.0,0.0,0.0,0.0,0.0,0.0,0.0,0.0,0.0,0.0,0.0,0.0,0.0,0.0,0.0,0.0,0.0,0.0,0.0,0.0,0.0,0.0,0.0,0.0,0.0,0.0,0.0,0.0,0.0,0.0,0.0,0.0,0.0,0.0,0.0,0.0,0.0,0.0,0.0,0.0,0.0,0.0,0.0,0.0,0.0,0.0,0.0,0.0,0.0,0.0,0.0,0.0,0.0,0.0,0.0,0.0,0.0,0.0,0.0,0.0,0.0,0.0,0.0,0.0,0.0
1105,0.0,0.0,0.0,0.0,0.0,0.0,0.0,0.0,0.0,0.0,0.0,0.0,0.0,0.0,0.0,0.0,0.0,0.0,0.0,0.0,0.0,0.0,0.0,0.0,0.0,0.0,0.0,0.0,0.0,0.0,0.0,0.0,0.0,0.0,0.0,0.0,0.0,0.0,0.0,0.0,0.0,0.0,0.0,0.0,0.0,0.0,0.0,0.0,0.0,0.0,0.0,0.0,0.0,0.0,0.0,0.0,0.0,0.0,0.0,0.0,0.0,0.0,0.0,0.0,0.0,0.0,0.0,0.0,0.0,0.0,0.0,0.0,0.0,0.0,0.0,0.0,0.0
1106,0.0,0.0,0.0,0.0,0.0,0.0,0.0,0.0,0.0,0.0,0.0,0.0,0.0,0.0,0.0,0.0,0.0,0.0,0.0,0.0,0.0,0.0,0.0,0.0,0.0,0.0,0.0,0.0,0.0,0.0,0.0,0.0,0.0,0.0,0.0,0.0,0.0,0.0,0.0,0.0,0.0,0.0,0.0,0.0,0.0,0.0,0.0,0.0,0.0,0.0,0.0,0.0,0.0,0.0,0.0,0.0,0.0,0.0,0.0,0.0,0.0,0.0,0.0,0.0,0.0,0.0,0.0,0.0,0.0,0.0,0.0,0.0,0.0,0.0,0.0,0.0,0.0
1107,0.0,0.0,0.0,0.0,0.0,0.0,0.0,0.0,0.0,0.0,0.0,0.0,0.0,0.0,0.0,0.0,0.0,0.0,0.0,0.0,0.0,0.0,0.0,0.0,0.0,0.0,0.0,0.0,0.0,0.0,0.0,0.0,0.0,0.0,0.0,0.0,0.0,0.0,0.0,0.0,0.0,0.0,0.0,0.0,0.0,0.0,0.0,0.0,0.0,0.0,0.0,0.0,0.0,0.0,0.0,0.0,0.0,0.0,0.0,0.0,0.0,0.0,0.0,0.0,0.0,0.0,0.0,0.0,0.0,0.0,0.0,0.0,0.0,0.0,0.0,0.0,0.0
1108,0.0,0.0,0.0,0.0,0.0,0.0,0.0,0.0,0.0,0.0,0.0,0.0,0.0,0.0,0.0,0.0,0.0,0.0,0.0,0.0,0.0,0.0,0.0,0.0,0.0,0.0,0.0,0.0,0.0,0.0,0.0,0.0,0.0,0.0,0.0,0.0,0.0,0.0,0.0,0.0,0.0,0.0,0.0,0.0,0.0,0.0,0.0,0.0,0.0,0.0,0.0,0.0,0.0,0.0,0.0,0.0,0.0,0.0,0.0,0.0,0.0,0.0,0.0,0.0,0.0,0.0,0.0,0.0,0.0,0.0,0.0,0.0,0.0,0.0,0.0,0.0,0.0
1109,0.0,0.0,0.0,0.0,0.0,0.0,0.0,0.0,0.0,0.0,0.0,0.0,0.0,0.0,0.0,0.0,0.0,0.0,0.0,0.0,0.0,0.0,0.0,0.0,0.0,0.0,0.0,0.0,0.0,0.0,0.0,0.0,0.0,0.0,0.0,0.0,0.0,0.0,0.0,0.0,0.0,0.0,0.0,0.0,0.0,0.0,0.0,0.0,0.0,0.0,0.0,0.0,0.0,0.0,0.0,0.0,0.0,0.0,0.0,0.0,0.0,0.0,0.0,0.0,0.0,0.0,0.0,0.0,0.0,0.0,0.0,0.0,0.0,0.0,0.0,0.0,0.0
1110,0.0,0.0,0.0,0.0,0.0,0.0,0.0,0.0,0.0,0.0,0.0,0.0,0.0,0.0,0.0,0.0,0.0,0.0,0.0,0.0,0.0,0.0,0.0,0.0,0.0,0.0,0.0,0.0,0.0,0.0,0.0,0.0,0.0,0.0,0.0,0.0,0.0,0.0,0.0,0.0,0.0,0.0,0.0,0.0,0.0,0.0,0.0,0.0,0.0,0.0,0.0,0.0,0.0,0.0,0.0,0.0,0.0,0.0,0.0,0.0,0.0,0.0,0.0,0.0,0.0,0.0,0.0,0.0,0.0,0.0,0.0,0.0,0.0,0.0,0.0,0.0,0.0
1111,0.0,0.0,0.0,0.0,0.0,0.0,0.0,0.0,0.0,0.0,0.0,0.0,0.0,0.0,0.0,0.0,0.0,0.0,0.0,0.0,0.0,0.0,0.0,0.0,0.0,0.0,0.0,0.0,0.0,0.0,0.0,0.0,0.0,0.0,0.0,0.0,0.0,0.0,0.0,0.0,0.0,0.0,0.0,0.0,0.0,0.0,0.0,0.0,0.0,0.0,0.0,0.0,0.0,0.0,0.0,0.0,0.0,0.0,0.0,0.0,0.0,0.0,0.0,0.0,0.0,0.0,0.0,0.0,0.0,0.0,0.0,0.0,0.0,0.0,0.0,0.0,0.0
1112,0.0,0.0,0.0,0.0,0.0,0.0,0.0,0.0,0.0,0.0,0.0,0.0,0.0,0.0,0.0,0.0,0.0,0.0,0.0,0.0,0.0,0.0,0.0,0.0,0.0,0.0,0.0,0.0,0.0,0.0,0.0,0.0,0.0,0.0,0.0,0.0,0.0,0.0,0.0,0.0,0.0,0.0,0.0,0.0,0.0,0.0,0.0,0.0,0.0,0.0,0.0,0.0,0.0,0.0,0.0,0.0,0.0,0.0,0.0,0.0,0.0,0.0,0.0,0.0,0.0,0.0,0.0,0.0,0.0,0.0,0.0,0.0,0.0,0.0,0.0,0.0,0.0
1113,0.0,0.0,0.0,0.0,0.0,0.0,0.0,0.0,0.0,0.0,0.0,0.0,0.0,0.0,0.0,0.0,0.0,0.0,0.0,0.0,0.0,0.0,0.0,0.0,0.0,0.0,0.0,0.0,0.0,0.0,0.0,0.0,0.0,0.0,0.0,0.0,0.0,0.0,0.0,0.0,0.0,0.0,0.0,0.0,0.0,0.0,0.0,0.0,0.0,0.0,0.0,0.0,0.0,0.0,0.0,0.0,0.0,0.0,0.0,0.0,0.0,0.0,0.0,0.0,0.0,0.0,0.0,0.0,0.0,0.0,0.0,0.0,0.0,0.0,0.0,0.0,0.0
1114,0.0,0.0,0.0,0.0,0.0,0.0,0.0,0.0,0.0,0.0,0.0,0.0,0.0,0.0,0.0,0.0,0.0,0.0,0.0,0.0,0.0,0.0,0.0,0.0,0.0,0.0,0.0,0.0,0.0,0.0,0.0,0.0,0.0,0.0,0.0,0.0,0.0,0.0,0.0,0.0,0.0,0.0,0.0,0.0,0.0,0.0,0.0,0.0,0.0,0.0,0.0,0.0,0.0,0.0,0.0,0.0,0.0,0.0,0.0,0.0,0.0,0.0,0.0,0.0,0.0,0.0,0.0,0.0,0.0,0.0,0.0,0.0,0.0,0.0,0.0,0.0,0.0
1115,0.0,0.0,0.0,0.0,0.0,0.0,0.0,0.0,0.0,0.0,0.0,0.0,0.0,0.0,0.0,0.0,0.0,0.0,0.0,0.0,0.0,0.0,0.0,0.0,0.0,0.0,0.0,0.0,0.0,0.0,0.0,0.0,0.0,0.0,0.0,0.0,0.0,0.0,0.0,0.0,0.0,0.0,0.0,0.0,0.0,0.0,0.0,0.0,0.0,0.0,0.0,0.0,0.0,0.0,0.0,0.0,0.0,0.0,0.0,0.0,0.0,0.0,0.0,0.0,0.0,0.0,0.0,0.0,0.0,0.0,0.0,0.0,0.0,0.0,0.0,0.0,0.0
1116,0.0,0.0,0.0,0.0,0.0,0.0,0.0,0.0,0.0,0.0,0.0,0.0,0.0,0.0,0.0,0.0,0.0,0.0,0.0,0.0,0.0,0.0,0.0,0.0,0.0,0.0,0.0,0.0,0.0,0.0,0.0,0.0,0.0,0.0,0.0,0.0,0.0,0.0,0.0,0.0,0.0,0.0,0.0,0.0,0.0,0.0,0.0,0.0,0.0,0.0,0.0,0.0,0.0,0.0,0.0,0.0,0.0,0.0,0.0,0.0,0.0,0.0,0.0,0.0,0.0,0.0,0.0,0.0,0.0,0.0,0.0,0.0,0.0,0.0,0.0,0.0,0.0
1117,0.0,0.0,0.0,0.0,0.0,0.0,0.0,0.0,0.0,0.0,0.0,0.0,0.0,0.0,0.0,0.0,0.0,0.0,0.0,0.0,0.0,0.0,0.0,0.0,0.0,0.0,0.0,0.0,0.0,0.0,0.0,0.0,0.0,0.0,0.0,0.0,0.0,0.0,0.0,0.0,0.0,0.0,0.0,0.0,0.0,0.0,0.0,0.0,0.0,0.0,0.0,0.0,0.0,0.0,0.0,0.0,0.0,0.0,0.0,0.0,0.0,0.0,0.0,0.0,0.0,0.0,0.0,0.0,0.0,0.0,0.0,0.0,0.0,0.0,0.0,0.0,0.0
1118,0.0,0.0,0.0,0.0,0.0,0.0,0.0,0.0,0.0,0.0,0.0,0.0,0.0,0.0,0.0,0.0,0.0,0.0,0.0,0.0,0.0,0.0,0.0,0.0,0.0,0.0,0.0,0.0,0.0,0.0,0.0,0.0,0.0,0.0,0.0,0.0,0.0,0.0,0.0,0.0,0.0,0.0,0.0,0.0,0.0,0.0,0.0,0.0,0.0,0.0,0.0,0.0,0.0,0.0,0.0,0.0,0.0,0.0,0.0,0.0,0.0,0.0,0.0,0.0,0.0,0.0,0.0,0.0,0.0,0.0,0.0,0.0,0.0,0.0,0.0,0.0,0.0
1119,0.0,0.0,0.0,0.0,0.0,0.0,0.0,0.0,0.0,0.0,0.0,0.0,0.0,0.0,0.0,0.0,0.0,0.0,0.0,0.0,0.0,0.0,0.0,0.0,0.0,0.0,0.0,0.0,0.0,0.0,0.0,0.0,0.0,0.0,0.0,0.0,0.0,0.0,0.0,0.0,0.0,0.0,0.0,0.0,0.0,0.0,0.0,0.0,0.0,0.0,0.0,0.0,0.0,0.0,0.0,0.0,0.0,0.0,0.0,0.0,0.0,0.0,0.0,0.0,0.0,0.0,0.0,0.0,0.0,0.0,0.0,0.0,0.0,0.0,0.0,0.0,0.0
1120,0.0,0.0,0.0,0.0,0.0,0.0,0.0,0.0,0.0,0.0,0.0,0.0,0.0,0.0,0.0,0.0,0.0,0.0,0.0,0.0,0.0,0.0,0.0,0.0,0.0,0.0,0.0,0.0,0.0,0.0,0.0,0.0,0.0,0.0,0.0,0.0,0.0,0.0,0.0,0.0,0.0,0.0,0.0,0.0,0.0,0.0,0.0,0.0,0.0,0.0,0.0,0.0,0.0,0.0,0.0,0.0,0.0,0.0,0.0,0.0,0.0,0.0,0.0,0.0,0.0,0.0,0.0,0.0,0.0,0.0,0.0,0.0,0.0,0.0,0.0,0.0,0.0
1121,0.0,0.0,0.0,0.0,0.0,0.0,0.0,0.0,0.0,0.0,0.0,0.0,0.0,0.0,0.0,0.0,0.0,0.0,0.0,0.0,0.0,0.0,0.0,0.0,0.0,0.0,0.0,0.0,0.0,0.0,0.0,0.0,0.0,0.0,0.0,0.0,0.0,0.0,0.0,0.0,0.0,0.0,0.0,0.0,0.0,0.0,0.0,0.0,0.0,0.0,0.0,0.0,0.0,0.0,0.0,0.0,0.0,0.0,0.0,0.0,0.0,0.0,0.0,0.0,0.0,0.0,0.0,0.0,0.0,0.0,0.0,0.0,0.0,0.0,0.0,0.0,0.0
1122,0.0,0.0,0.0,0.0,0.0,0.0,0.0,0.0,0.0,0.0,0.0,0.0,0.0,0.0,0.0,0.0,0.0,0.0,0.0,0.0,0.0,0.0,0.0,0.0,0.0,0.0,0.0,0.0,0.0,0.0,0.0,0.0,0.0,0.0,0.0,0.0,0.0,0.0,0.0,0.0,0.0,0.0,0.0,0.0,0.0,0.0,0.0,0.0,0.0,0.0,0.0,0.0,0.0,0.0,0.0,0.0,0.0,0.0,0.0,0.0,0.0,0.0,0.0,0.0,0.0,0.0,0.0,0.0,0.0,0.0,0.0,0.0,0.0,0.0,0.0,0.0,0.0
1123,0.0,0.0,0.0,0.0,0.0,0.0,0.0,0.0,0.0,0.0,0.0,0.0,0.0,0.0,0.0,0.0,0.0,0.0,0.0,0.0,0.0,0.0,0.0,0.0,0.0,0.0,0.0,0.0,0.0,0.0,0.0,0.0,0.0,0.0,0.0,0.0,0.0,0.0,0.0,0.0,0.0,0.0,0.0,0.0,0.0,0.0,0.0,0.0,0.0,0.0,0.0,0.0,0.0,0.0,0.0,0.0,0.0,0.0,0.0,0.0,0.0,0.0,0.0,0.0,0.0,0.0,0.0,0.0,0.0,0.0,0.0,0.0,0.0,0.0,0.0,0.0,0.0
1124,0.0,0.0,0.0,0.0,0.0,0.0,0.0,0.0,0.0,0.0,0.0,0.0,0.0,0.0,0.0,0.0,0.0,0.0,0.0,0.0,0.0,0.0,0.0,0.0,0.0,0.0,0.0,0.0,0.0,0.0,0.0,0.0,0.0,0.0,0.0,0.0,0.0,0.0,0.0,0.0,0.0,0.0,0.0,0.0,0.0,0.0,0.0,0.0,0.0,0.0,0.0,0.0,0.0,0.0,0.0,0.0,0.0,0.0,0.0,0.0,0.0,0.0,0.0,0.0,0.0,0.0,0.0,0.0,0.0,0.0,0.0,0.0,0.0,0.0,0.0,0.0,0.0
1125,0.0,0.0,0.0,0.0,0.0,0.0,0.0,0.0,0.0,0.0,0.0,0.0,0.0,0.0,0.0,0.0,0.0,0.0,0.0,0.0,0.0,0.0,0.0,0.0,0.0,0.0,0.0,0.0,0.0,0.0,0.0,0.0,0.0,0.0,0.0,0.0,0.0,0.0,0.0,0.0,0.0,0.0,0.0,0.0,0.0,0.0,0.0,0.0,0.0,0.0,0.0,0.0,0.0,0.0,0.0,0.0,0.0,0.0,0.0,0.0,0.0,0.0,0.0,0.0,0.0,0.0,0.0,0.0,0.0,0.0,0.0,0.0,0.0,0.0,0.0,0.0,0.0
1126,0.0,0.0,0.0,0.0,0.0,0.0,0.0,0.0,0.0,0.0,0.0,0.0,0.0,0.0,0.0,0.0,0.0,0.0,0.0,0.0,0.0,0.0,0.0,0.0,0.0,0.0,0.0,0.0,0.0,0.0,0.0,0.0,0.0,0.0,0.0,0.0,0.0,0.0,0.0,0.0,0.0,0.0,0.0,0.0,0.0,0.0,0.0,0.0,0.0,0.0,0.0,0.0,0.0,0.0,0.0,0.0,0.0,0.0,0.0,0.0,0.0,0.0,0.0,0.0,0.0,0.0,0.0,0.0,0.0,0.0,0.0,0.0,0.0,0.0,0.0,0.0,0.0
1127,0.0,0.0,0.0,0.0,0.0,0.0,0.0,0.0,0.0,0.0,0.0,0.0,0.0,0.0,0.0,0.0,0.0,0.0,0.0,0.0,0.0,0.0,0.0,0.0,0.0,0.0,0.0,0.0,0.0,0.0,0.0,0.0,0.0,0.0,0.0,0.0,0.0,0.0,0.0,0.0,0.0,0.0,0.0,0.0,0.0,0.0,0.0,0.0,0.0,0.0,0.0,0.0,0.0,0.0,0.0,0.0,0.0,0.0,0.0,0.0,0.0,0.0,0.0,0.0,0.0,0.0,0.0,0.0,0.0,0.0,0.0,0.0,0.0,0.0,0.0,0.0,0.0
1128,0.0,0.0,0.0,0.0,0.0,0.0,0.0,0.0,0.0,0.0,0.0,0.0,0.0,0.0,0.0,0.0,0.0,0.0,0.0,0.0,0.0,0.0,0.0,0.0,0.0,0.0,0.0,0.0,0.0,0.0,0.0,0.0,0.0,0.0,0.0,0.0,0.0,0.0,0.0,0.0,0.0,0.0,0.0,0.0,0.0,0.0,0.0,0.0,0.0,0.0,0.0,0.0,0.0,0.0,0.0,0.0,0.0,0.0,0.0,0.0,0.0,0.0,0.0,0.0,0.0,0.0,0.0,0.0,0.0,0.0,0.0,0.0,0.0,0.0,0.0,0.0,0.0
1129,0.0,0.0,0.0,0.0,0.0,0.0,0.0,0.0,0.0,0.0,0.0,0.0,0.0,0.0,0.0,0.0,0.0,0.0,0.0,0.0,0.0,0.0,0.0,0.0,0.0,0.0,0.0,0.0,0.0,0.0,0.0,0.0,0.0,0.0,0.0,0.0,0.0,0.0,0.0,0.0,0.0,0.0,0.0,0.0,0.0,0.0,0.0,0.0,0.0,0.0,0.0,0.0,0.0,0.0,0.0,0.0,0.0,0.0,0.0,0.0,0.0,0.0,0.0,0.0,0.0,0.0,0.0,0.0,0.0,0.0,0.0,0.0,0.0,0.0,0.0,0.0,0.0
1130,0.0,0.0,0.0,0.0,0.0,0.0,0.0,0.0,0.0,0.0,0.0,0.0,0.0,0.0,0.0,0.0,0.0,0.0,0.0,0.0,0.0,0.0,0.0,0.0,0.0,0.0,0.0,0.0,0.0,0.0,0.0,0.0,0.0,0.0,0.0,0.0,0.0,0.0,0.0,0.0,0.0,0.0,0.0,0.0,0.0,0.0,0.0,0.0,0.0,0.0,0.0,0.0,0.0,0.0,0.0,0.0,0.0,0.0,0.0,0.0,0.0,0.0,0.0,0.0,0.0,0.0,0.0,0.0,0.0,0.0,0.0,0.0,0.0,0.0,0.0,0.0,0.0
1131,0.0,0.0,0.0,0.0,0.0,0.0,0.0,0.0,0.0,0.0,0.0,0.0,0.0,0.0,0.0,0.0,0.0,0.0,0.0,0.0,0.0,0.0,0.0,0.0,0.0,0.0,0.0,0.0,0.0,0.0,0.0,0.0,0.0,0.0,0.0,0.0,0.0,0.0,0.0,0.0,0.0,0.0,0.0,0.0,0.0,0.0,0.0,0.0,0.0,0.0,0.0,0.0,0.0,0.0,0.0,0.0,0.0,0.0,0.0,0.0,0.0,0.0,0.0,0.0,0.0,0.0,0.0,0.0,0.0,0.0,0.0,0.0,0.0,0.0,0.0,0.0,0.0
1132,0.0,0.0,0.0,0.0,0.0,0.0,0.0,0.0,0.0,0.0,0.0,0.0,0.0,0.0,0.0,0.0,0.0,0.0,0.0,0.0,0.0,0.0,0.0,0.0,0.0,0.0,0.0,0.0,0.0,0.0,0.0,0.0,0.0,0.0,0.0,0.0,0.0,0.0,0.0,0.0,0.0,0.0,0.0,0.0,0.0,0.0,0.0,0.0,0.0,0.0,0.0,0.0,0.0,0.0,0.0,0.0,0.0,0.0,0.0,0.0,0.0,0.0,0.0,0.0,0.0,0.0,0.0,0.0,0.0,0.0,0.0,0.0,0.0,0.0,0.0,0.0,0.0
1133,0.0,0.0,0.0,0.0,0.0,0.0,0.0,0.0,0.0,0.0,0.0,0.0,0.0,0.0,0.0,0.0,0.0,0.0,0.0,0.0,0.0,0.0,0.0,0.0,0.0,0.0,0.0,0.0,0.0,0.0,0.0,0.0,0.0,0.0,0.0,0.0,0.0,0.0,0.0,0.0,0.0,0.0,0.0,0.0,0.0,0.0,0.0,0.0,0.0,0.0,0.0,0.0,0.0,0.0,0.0,0.0,0.0,0.0,0.0,0.0,0.0,0.0,0.0,0.0,0.0,0.0,0.0,0.0,0.0,0.0,0.0,0.0,0.0,0.0,0.0,0.0,0.0
1134,0.0,0.0,0.0,0.0,0.0,0.0,0.0,0.0,0.0,0.0,0.0,0.0,0.0,0.0,0.0,0.0,0.0,0.0,0.0,0.0,0.0,0.0,0.0,0.0,0.0,0.0,0.0,0.0,0.0,0.0,0.0,0.0,0.0,0.0,0.0,0.0,0.0,0.0,0.0,0.0,0.0,0.0,0.0,0.0,0.0,0.0,0.0,0.0,0.0,0.0,0.0,0.0,0.0,0.0,0.0,0.0,0.0,0.0,0.0,0.0,0.0,0.0,0.0,0.0,0.0,0.0,0.0,0.0,0.0,0.0,0.0,0.0,0.0,0.0,0.0,0.0,0.0
1135,0.0,0.0,0.0,0.0,0.0,0.0,0.0,0.0,0.0,0.0,0.0,0.0,0.0,0.0,0.0,0.0,0.0,0.0,0.0,0.0,0.0,0.0,0.0,0.0,0.0,0.0,0.0,0.0,0.0,0.0,0.0,0.0,0.0,0.0,0.0,0.0,0.0,0.0,0.0,0.0,0.0,0.0,0.0,0.0,0.0,0.0,0.0,0.0,0.0,0.0,0.0,0.0,0.0,0.0,0.0,0.0,0.0,0.0,0.0,0.0,0.0,0.0,0.0,0.0,0.0,0.0,0.0,0.0,0.0,0.0,0.0,0.0,0.0,0.0,0.0,0.0,0.0
1136,0.0,0.0,0.0,0.0,0.0,0.0,0.0,0.0,0.0,0.0,0.0,0.0,0.0,0.0,0.0,0.0,0.0,0.0,0.0,0.0,0.0,0.0,0.0,0.0,0.0,0.0,0.0,0.0,0.0,0.0,0.0,0.0,0.0,0.0,0.0,0.0,0.0,0.0,0.0,0.0,0.0,0.0,0.0,0.0,0.0,0.0,0.0,0.0,0.0,0.0,0.0,0.0,0.0,0.0,0.0,0.0,0.0,0.0,0.0,0.0,0.0,0.0,0.0,0.0,0.0,0.0,0.0,0.0,0.0,0.0,0.0,0.0,0.0,0.0,0.0,0.0,0.0
1137,0.0,0.0,0.0,0.0,0.0,0.0,0.0,0.0,0.0,0.0,0.0,0.0,0.0,0.0,0.0,0.0,0.0,0.0,0.0,0.0,0.0,0.0,0.0,0.0,0.0,0.0,0.0,0.0,0.0,0.0,0.0,0.0,0.0,0.0,0.0,0.0,0.0,0.0,0.0,0.0,0.0,0.0,0.0,0.0,0.0,0.0,0.0,0.0,0.0,0.0,0.0,0.0,0.0,0.0,0.0,0.0,0.0,0.0,0.0,0.0,0.0,0.0,0.0,0.0,0.0,0.0,0.0,0.0,0.0,0.0,0.0,0.0,0.0,0.0,0.0,0.0,0.0
1138,0.0,0.0,0.0,0.0,0.0,0.0,0.0,0.0,0.0,0.0,0.0,0.0,0.0,0.0,0.0,0.0,0.0,0.0,0.0,0.0,0.0,0.0,0.0,0.0,0.0,0.0,0.0,0.0,0.0,0.0,0.0,0.0,0.0,0.0,0.0,0.0,0.0,0.0,0.0,0.0,0.0,0.0,0.0,0.0,0.0,0.0,0.0,0.0,0.0,0.0,0.0,0.0,0.0,0.0,0.0,0.0,0.0,0.0,0.0,0.0,0.0,0.0,0.0,0.0,0.0,0.0,0.0,0.0,0.0,0.0,0.0,0.0,0.0,0.0,0.0,0.0,0.0
1139,0.0,0.0,0.0,0.0,0.0,0.0,0.0,0.0,0.0,0.0,0.0,0.0,0.0,0.0,0.0,0.0,0.0,0.0,0.0,0.0,0.0,0.0,0.0,0.0,0.0,0.0,0.0,0.0,0.0,0.0,0.0,0.0,0.0,0.0,0.0,0.0,0.0,0.0,0.0,0.0,0.0,0.0,0.0,0.0,0.0,0.0,0.0,0.0,0.0,0.0,0.0,0.0,0.0,0.0,0.0,0.0,0.0,0.0,0.0,0.0,0.0,0.0,0.0,0.0,0.0,0.0,0.0,0.0,0.0,0.0,0.0,0.0,0.0,0.0,0.0,0.0,0.0
1140,0.0,0.0,0.0,0.0,0.0,0.0,0.0,0.0,0.0,0.0,0.0,0.0,0.0,0.0,0.0,0.0,0.0,0.0,0.0,0.0,0.0,0.0,0.0,0.0,0.0,0.0,0.0,0.0,0.0,0.0,0.0,0.0,0.0,0.0,0.0,0.0,0.0,0.0,0.0,0.0,0.0,0.0,0.0,0.0,0.0,0.0,0.0,0.0,0.0,0.0,0.0,0.0,0.0,0.0,0.0,0.0,0.0,0.0,0.0,0.0,0.0,0.0,0.0,0.0,0.0,0.0,0.0,0.0,0.0,0.0,0.0,0.0,0.0,0.0,0.0,0.0,0.0
1141,0.0,0.0,0.0,0.0,0.0,0.0,0.0,0.0,0.0,0.0,0.0,0.0,0.0,0.0,0.0,0.0,0.0,0.0,0.0,0.0,0.0,0.0,0.0,0.0,0.0,0.0,0.0,0.0,0.0,0.0,0.0,0.0,0.0,0.0,0.0,0.0,0.0,0.0,0.0,0.0,0.0,0.0,0.0,0.0,0.0,0.0,0.0,0.0,0.0,0.0,0.0,0.0,0.0,0.0,0.0,0.0,0.0,0.0,0.0,0.0,0.0,0.0,0.0,0.0,0.0,0.0,0.0,0.0,0.0,0.0,0.0,0.0,0.0,0.0,0.0,0.0,0.0
1142,0.0,0.0,0.0,0.0,0.0,0.0,0.0,0.0,0.0,0.0,0.0,0.0,0.0,0.0,0.0,0.0,0.0,0.0,0.0,0.0,0.0,0.0,0.0,0.0,0.0,0.0,0.0,0.0,0.0,0.0,0.0,0.0,0.0,0.0,0.0,0.0,0.0,0.0,0.0,0.0,0.0,0.0,0.0,0.0,0.0,0.0,0.0,0.0,0.0,0.0,0.0,0.0,0.0,0.0,0.0,0.0,0.0,0.0,0.0,0.0,0.0,0.0,0.0,0.0,0.0,0.0,0.0,0.0,0.0,0.0,0.0,0.0,0.0,0.0,0.0,0.0,0.0
1143,0.0,0.0,0.0,0.0,0.0,0.0,0.0,0.0,0.0,0.0,0.0,0.0,0.0,0.0,0.0,0.0,0.0,0.0,0.0,0.0,0.0,0.0,0.0,0.0,0.0,0.0,0.0,0.0,0.0,0.0,0.0,0.0,0.0,0.0,0.0,0.0,0.0,0.0,0.0,0.0,0.0,0.0,0.0,0.0,0.0,0.0,0.0,0.0,0.0,0.0,0.0,0.0,0.0,0.0,0.0,0.0,0.0,0.0,0.0,0.0,0.0,0.0,0.0,0.0,0.0,0.0,0.0,0.0,0.0,0.0,0.0,0.0,0.0,0.0,0.0,0.0,0.0
1144,0.0,0.0,0.0,0.0,0.0,0.0,0.0,0.0,0.0,0.0,0.0,0.0,0.0,0.0,0.0,0.0,0.0,0.0,0.0,0.0,0.0,0.0,0.0,0.0,0.0,0.0,0.0,0.0,0.0,0.0,0.0,0.0,0.0,0.0,0.0,0.0,0.0,0.0,0.0,0.0,0.0,0.0,0.0,0.0,0.0,0.0,0.0,0.0,0.0,0.0,0.0,0.0,0.0,0.0,0.0,0.0,0.0,0.0,0.0,0.0,0.0,0.0,0.0,0.0,0.0,0.0,0.0,0.0,0.0,0.0,0.0,0.0,0.0,0.0,0.0,0.0,0.0
1145,0.0,0.0,0.0,0.0,0.0,0.0,0.0,0.0,0.0,0.0,0.0,0.0,0.0,0.0,0.0,0.0,0.0,0.0,0.0,0.0,0.0,0.0,0.0,0.0,0.0,0.0,0.0,0.0,0.0,0.0,0.0,0.0,0.0,0.0,0.0,0.0,0.0,0.0,0.0,0.0,0.0,0.0,0.0,0.0,0.0,0.0,0.0,0.0,0.0,0.0,0.0,0.0,0.0,0.0,0.0,0.0,0.0,0.0,0.0,0.0,0.0,0.0,0.0,0.0,0.0,0.0,0.0,0.0,0.0,0.0,0.0,0.0,0.0,0.0,0.0,0.0,0.0
1146,0.0,0.0,0.0,0.0,0.0,0.0,0.0,0.0,0.0,0.0,0.0,0.0,0.0,0.0,0.0,0.0,0.0,0.0,0.0,0.0,0.0,0.0,0.0,0.0,0.0,0.0,0.0,0.0,0.0,0.0,0.0,0.0,0.0,0.0,0.0,0.0,0.0,0.0,0.0,0.0,0.0,0.0,0.0,0.0,0.0,0.0,0.0,0.0,0.0,0.0,0.0,0.0,0.0,0.0,0.0,0.0,0.0,0.0,0.0,0.0,0.0,0.0,0.0,0.0,0.0,0.0,0.0,0.0,0.0,0.0,0.0,0.0,0.0,0.0,0.0,0.0,0.0
1147,0.0,0.0,0.0,0.0,0.0,0.0,0.0,0.0,0.0,0.0,0.0,0.0,0.0,0.0,0.0,0.0,0.0,0.0,0.0,0.0,0.0,0.0,0.0,0.0,0.0,0.0,0.0,0.0,0.0,0.0,0.0,0.0,0.0,0.0,0.0,0.0,0.0,0.0,0.0,0.0,0.0,0.0,0.0,0.0,0.0,0.0,0.0,0.0,0.0,0.0,0.0,0.0,0.0,0.0,0.0,0.0,0.0,0.0,0.0,0.0,0.0,0.0,0.0,0.0,0.0,0.0,0.0,0.0,0.0,0.0,0.0,0.0,0.0,0.0,0.0,0.0,0.0
1148,0.0,0.0,0.0,0.0,0.0,0.0,0.0,0.0,0.0,0.0,0.0,0.0,0.0,0.0,0.0,0.0,0.0,0.0,0.0,0.0,0.0,0.0,0.0,0.0,0.0,0.0,0.0,0.0,0.0,0.0,0.0,0.0,0.0,0.0,0.0,0.0,0.0,0.0,0.0,0.0,0.0,0.0,0.0,0.0,0.0,0.0,0.0,0.0,0.0,0.0,0.0,0.0,0.0,0.0,0.0,0.0,0.0,0.0,0.0,0.0,0.0,0.0,0.0,0.0,0.0,0.0,0.0,0.0,0.0,0.0,0.0,0.0,0.0,0.0,0.0,0.0,0.0
1149,0.0,0.0,0.0,0.0,0.0,0.0,0.0,0.0,0.0,0.0,0.0,0.0,0.0,0.0,0.0,0.0,0.0,0.0,0.0,0.0,0.0,0.0,0.0,0.0,0.0,0.0,0.0,0.0,0.0,0.0,0.0,0.0,0.0,0.0,0.0,0.0,0.0,0.0,0.0,0.0,0.0,0.0,0.0,0.0,0.0,0.0,0.0,0.0,0.0,0.0,0.0,0.0,0.0,0.0,0.0,0.0,0.0,0.0,0.0,0.0,0.0,0.0,0.0,0.0,0.0,0.0,0.0,0.0,0.0,0.0,0.0,0.0,0.0,0.0,0.0,0.0,0.0
1150,0.0,0.0,0.0,0.0,0.0,0.0,0.0,0.0,0.0,0.0,0.0,0.0,0.0,0.0,0.0,0.0,0.0,0.0,0.0,0.0,0.0,0.0,0.0,0.0,0.0,0.0,0.0,0.0,0.0,0.0,0.0,0.0,0.0,0.0,0.0,0.0,0.0,0.0,0.0,0.0,0.0,0.0,0.0,0.0,0.0,0.0,0.0,0.0,0.0,0.0,0.0,0.0,0.0,0.0,0.0,0.0,0.0,0.0,0.0,0.0,0.0,0.0,0.0,0.0,0.0,0.0,0.0,0.0,0.0,0.0,0.0,0.0,0.0,0.0,0.0,0.0,0.0
1151,0.0,0.0,0.0,0.0,0.0,0.0,0.0,0.0,0.0,0.0,0.0,0.0,0.0,0.0,0.0,0.0,0.0,0.0,0.0,0.0,0.0,0.0,0.0,0.0,0.0,0.0,0.0,0.0,0.0,0.0,0.0,0.0,0.0,0.0,0.0,0.0,0.0,0.0,0.0,0.0,0.0,0.0,0.0,0.0,0.0,0.0,0.0,0.0,0.0,0.0,0.0,0.0,0.0,0.0,0.0,0.0,0.0,0.0,0.0,0.0,0.0,0.0,0.0,0.0,0.0,0.0,0.0,0.0,0.0,0.0,0.0,0.0,0.0,0.0,0.0,0.0,0.0
1152,0.0,0.0,0.0,0.0,0.0,0.0,0.0,0.0,0.0,0.0,0.0,0.0,0.0,0.0,0.0,0.0,0.0,0.0,0.0,0.0,0.0,0.0,0.0,0.0,0.0,0.0,0.0,0.0,0.0,0.0,0.0,0.0,0.0,0.0,0.0,0.0,0.0,0.0,0.0,0.0,0.0,0.0,0.0,0.0,0.0,0.0,0.0,0.0,0.0,0.0,0.0,0.0,0.0,0.0,0.0,0.0,0.0,0.0,0.0,0.0,0.0,0.0,0.0,0.0,0.0,0.0,0.0,0.0,0.0,0.0,0.0,0.0,0.0,0.0,0.0,0.0,0.0
1153,0.0,0.0,0.0,0.0,0.0,0.0,0.0,0.0,0.0,0.0,0.0,0.0,0.0,0.0,0.0,0.0,0.0,0.0,0.0,0.0,0.0,0.0,0.0,0.0,0.0,0.0,0.0,0.0,0.0,0.0,0.0,0.0,0.0,0.0,0.0,0.0,0.0,0.0,0.0,0.0,0.0,0.0,0.0,0.0,0.0,0.0,0.0,0.0,0.0,0.0,0.0,0.0,0.0,0.0,0.0,0.0,0.0,0.0,0.0,0.0,0.0,0.0,0.0,0.0,0.0,0.0,0.0,0.0,0.0,0.0,0.0,0.0,0.0,0.0,0.0,0.0,0.0
1154,0.0,0.0,0.0,0.0,0.0,0.0,0.0,0.0,0.0,0.0,0.0,0.0,0.0,0.0,0.0,0.0,0.0,0.0,0.0,0.0,0.0,0.0,0.0,0.0,0.0,0.0,0.0,0.0,0.0,0.0,0.0,0.0,0.0,0.0,0.0,0.0,0.0,0.0,0.0,0.0,0.0,0.0,0.0,0.0,0.0,0.0,0.0,0.0,0.0,0.0,0.0,0.0,0.0,0.0,0.0,0.0,0.0,0.0,0.0,0.0,0.0,0.0,0.0,0.0,0.0,0.0,0.0,0.0,0.0,0.0,0.0,0.0,0.0,0.0,0.0,0.0,0.0
1155,0.0,0.0,0.0,0.0,0.0,0.0,0.0,0.0,0.0,0.0,0.0,0.0,0.0,0.0,0.0,0.0,0.0,0.0,0.0,0.0,0.0,0.0,0.0,0.0,0.0,0.0,0.0,0.0,0.0,0.0,0.0,0.0,0.0,0.0,0.0,0.0,0.0,0.0,0.0,0.0,0.0,0.0,0.0,0.0,0.0,0.0,0.0,0.0,0.0,0.0,0.0,0.0,0.0,0.0,0.0,0.0,0.0,0.0,0.0,0.0,0.0,0.0,0.0,0.0,0.0,0.0,0.0,0.0,0.0,0.0,0.0,0.0,0.0,0.0,0.0,0.0,0.0
1156,0.0,0.0,0.0,0.0,0.0,0.0,0.0,0.0,0.0,0.0,0.0,0.0,0.0,0.0,0.0,0.0,0.0,0.0,0.0,0.0,0.0,0.0,0.0,0.0,0.0,0.0,0.0,0.0,0.0,0.0,0.0,0.0,0.0,0.0,0.0,0.0,0.0,0.0,0.0,0.0,0.0,0.0,0.0,0.0,0.0,0.0,0.0,0.0,0.0,0.0,0.0,0.0,0.0,0.0,0.0,0.0,0.0,0.0,0.0,0.0,0.0,0.0,0.0,0.0,0.0,0.0,0.0,0.0,0.0,0.0,0.0,0.0,0.0,0.0,0.0,0.0,0.0
1157,0.0,0.0,0.0,0.0,0.0,0.0,0.0,0.0,0.0,0.0,0.0,0.0,0.0,0.0,0.0,0.0,0.0,0.0,0.0,0.0,0.0,0.0,0.0,0.0,0.0,0.0,0.0,0.0,0.0,0.0,0.0,0.0,0.0,0.0,0.0,0.0,0.0,0.0,0.0,0.0,0.0,0.0,0.0,0.0,0.0,0.0,0.0,0.0,0.0,0.0,0.0,0.0,0.0,0.0,0.0,0.0,0.0,0.0,0.0,0.0,0.0,0.0,0.0,0.0,0.0,0.0,0.0,0.0,0.0,0.0,0.0,0.0,0.0,0.0,0.0,0.0,0.0
1158,0.0,0.0,0.0,0.0,0.0,0.0,0.0,0.0,0.0,0.0,0.0,0.0,0.0,0.0,0.0,0.0,0.0,0.0,0.0,0.0,0.0,0.0,0.0,0.0,0.0,0.0,0.0,0.0,0.0,0.0,0.0,0.0,0.0,0.0,0.0,0.0,0.0,0.0,0.0,0.0,0.0,0.0,0.0,0.0,0.0,0.0,0.0,0.0,0.0,0.0,0.0,0.0,0.0,0.0,0.0,0.0,0.0,0.0,0.0,0.0,0.0,0.0,0.0,0.0,0.0,0.0,0.0,0.0,0.0,0.0,0.0,0.0,0.0,0.0,0.0,0.0,0.0
1159,0.0,0.0,0.0,0.0,0.0,0.0,0.0,0.0,0.0,0.0,0.0,0.0,0.0,0.0,0.0,0.0,0.0,0.0,0.0,0.0,0.0,0.0,0.0,0.0,0.0,0.0,0.0,0.0,0.0,0.0,0.0,0.0,0.0,0.0,0.0,0.0,0.0,0.0,0.0,0.0,0.0,0.0,0.0,0.0,0.0,0.0,0.0,0.0,0.0,0.0,0.0,0.0,0.0,0.0,0.0,0.0,0.0,0.0,0.0,0.0,0.0,0.0,0.0,0.0,0.0,0.0,0.0,0.0,0.0,0.0,0.0,0.0,0.0,0.0,0.0,0.0,0.0
1160,0.0,0.0,0.0,0.0,0.0,0.0,0.0,0.0,0.0,0.0,0.0,0.0,0.0,0.0,0.0,0.0,0.0,0.0,0.0,0.0,0.0,0.0,0.0,0.0,0.0,0.0,0.0,0.0,0.0,0.0,0.0,0.0,0.0,0.0,0.0,0.0,0.0,0.0,0.0,0.0,0.0,0.0,0.0,0.0,0.0,0.0,0.0,0.0,0.0,0.0,0.0,0.0,0.0,0.0,0.0,0.0,0.0,0.0,0.0,0.0,0.0,0.0,0.0,0.0,0.0,0.0,0.0,0.0,0.0,0.0,0.0,0.0,0.0,0.0,0.0,0.0,0.0
1161,0.0,0.0,0.0,0.0,0.0,0.0,0.0,0.0,0.0,0.0,0.0,0.0,0.0,0.0,0.0,0.0,0.0,0.0,0.0,0.0,0.0,0.0,0.0,0.0,0.0,0.0,0.0,0.0,0.0,0.0,0.0,0.0,0.0,0.0,0.0,0.0,0.0,0.0,0.0,0.0,0.0,0.0,0.0,0.0,0.0,0.0,0.0,0.0,0.0,0.0,0.0,0.0,0.0,0.0,0.0,0.0,0.0,0.0,0.0,0.0,0.0,0.0,0.0,0.0,0.0,0.0,0.0,0.0,0.0,0.0,0.0,0.0,0.0,0.0,0.0,0.0,0.0
1162,0.0,0.0,0.0,0.0,0.0,0.0,0.0,0.0,0.0,0.0,0.0,0.0,0.0,0.0,0.0,0.0,0.0,0.0,0.0,0.0,0.0,0.0,0.0,0.0,0.0,0.0,0.0,0.0,0.0,0.0,0.0,0.0,0.0,0.0,0.0,0.0,0.0,0.0,0.0,0.0,0.0,0.0,0.0,0.0,0.0,0.0,0.0,0.0,0.0,0.0,0.0,0.0,0.0,0.0,0.0,0.0,0.0,0.0,0.0,0.0,0.0,0.0,0.0,0.0,0.0,0.0,0.0,0.0,0.0,0.0,0.0,0.0,0.0,0.0,0.0,0.0,0.0
1163,0.0,0.0,0.0,0.0,0.0,0.0,0.0,0.0,0.0,0.0,0.0,0.0,0.0,0.0,0.0,0.0,0.0,0.0,0.0,0.0,0.0,0.0,0.0,0.0,0.0,0.0,0.0,0.0,0.0,0.0,0.0,0.0,0.0,0.0,0.0,0.0,0.0,0.0,0.0,0.0,0.0,0.0,0.0,0.0,0.0,0.0,0.0,0.0,0.0,0.0,0.0,0.0,0.0,0.0,0.0,0.0,0.0,0.0,0.0,0.0,0.0,0.0,0.0,0.0,0.0,0.0,0.0,0.0,0.0,0.0,0.0,0.0,0.0,0.0,0.0,0.0,0.0
1164,0.0,0.0,0.0,0.0,0.0,0.0,0.0,0.0,0.0,0.0,0.0,0.0,0.0,0.0,0.0,0.0,0.0,0.0,0.0,0.0,0.0,0.0,0.0,0.0,0.0,0.0,0.0,0.0,0.0,0.0,0.0,0.0,0.0,0.0,0.0,0.0,0.0,0.0,0.0,0.0,0.0,0.0,0.0,0.0,0.0,0.0,0.0,0.0,0.0,0.0,0.0,0.0,0.0,0.0,0.0,0.0,0.0,0.0,0.0,0.0,0.0,0.0,0.0,0.0,0.0,0.0,0.0,0.0,0.0,0.0,0.0,0.0,0.0,0.0,0.0,0.0,0.0
1165,0.0,0.0,0.0,0.0,0.0,0.0,0.0,0.0,0.0,0.0,0.0,0.0,0.0,0.0,0.0,0.0,0.0,0.0,0.0,0.0,0.0,0.0,0.0,0.0,0.0,0.0,0.0,0.0,0.0,0.0,0.0,0.0,0.0,0.0,0.0,0.0,0.0,0.0,0.0,0.0,0.0,0.0,0.0,0.0,0.0,0.0,0.0,0.0,0.0,0.0,0.0,0.0,0.0,0.0,0.0,0.0,0.0,0.0,0.0,0.0,0.0,0.0,0.0,0.0,0.0,0.0,0.0,0.0,0.0,0.0,0.0,0.0,0.0,0.0,0.0,0.0,0.0
1166,0.0,0.0,0.0,0.0,0.0,0.0,0.0,0.0,0.0,0.0,0.0,0.0,0.0,0.0,0.0,0.0,0.0,0.0,0.0,0.0,0.0,0.0,0.0,0.0,0.0,0.0,0.0,0.0,0.0,0.0,0.0,0.0,0.0,0.0,0.0,0.0,0.0,0.0,0.0,0.0,0.0,0.0,0.0,0.0,0.0,0.0,0.0,0.0,0.0,0.0,0.0,0.0,0.0,0.0,0.0,0.0,0.0,0.0,0.0,0.0,0.0,0.0,0.0,0.0,0.0,0.0,0.0,0.0,0.0,0.0,0.0,0.0,0.0,0.0,0.0,0.0,0.0
1167,0.0,0.0,0.0,0.0,0.0,0.0,0.0,0.0,0.0,0.0,0.0,0.0,0.0,0.0,0.0,0.0,0.0,0.0,0.0,0.0,0.0,0.0,0.0,0.0,0.0,0.0,0.0,0.0,0.0,0.0,0.0,0.0,0.0,0.0,0.0,0.0,0.0,0.0,0.0,0.0,0.0,0.0,0.0,0.0,0.0,0.0,0.0,0.0,0.0,0.0,0.0,0.0,0.0,0.0,0.0,0.0,0.0,0.0,0.0,0.0,0.0,0.0,0.0,0.0,0.0,0.0,0.0,0.0,0.0,0.0,0.0,0.0,0.0,0.0,0.0,0.0,0.0
1168,0.0,0.0,0.0,0.0,0.0,0.0,0.0,0.0,0.0,0.0,0.0,0.0,0.0,0.0,0.0,0.0,0.0,0.0,0.0,0.0,0.0,0.0,0.0,0.0,0.0,0.0,0.0,0.0,0.0,0.0,0.0,0.0,0.0,0.0,0.0,0.0,0.0,0.0,0.0,0.0,0.0,0.0,0.0,0.0,0.0,0.0,0.0,0.0,0.0,0.0,0.0,0.0,0.0,0.0,0.0,0.0,0.0,0.0,0.0,0.0,0.0,0.0,0.0,0.0,0.0,0.0,0.0,0.0,0.0,0.0,0.0,0.0,0.0,0.0,0.0,0.0,0.0
1169,0.0,0.0,0.0,0.0,0.0,0.0,0.0,0.0,0.0,0.0,0.0,0.0,0.0,0.0,0.0,0.0,0.0,0.0,0.0,0.0,0.0,0.0,0.0,0.0,0.0,0.0,0.0,0.0,0.0,0.0,0.0,0.0,0.0,0.0,0.0,0.0,0.0,0.0,0.0,0.0,0.0,0.0,0.0,0.0,0.0,0.0,0.0,0.0,0.0,0.0,0.0,0.0,0.0,0.0,0.0,0.0,0.0,0.0,0.0,0.0,0.0,0.0,0.0,0.0,0.0,0.0,0.0,0.0,0.0,0.0,0.0,0.0,0.0,0.0,0.0,0.0,0.0
1170,0.0,0.0,0.0,0.0,0.0,0.0,0.0,0.0,0.0,0.0,0.0,0.0,0.0,0.0,0.0,0.0,0.0,0.0,0.0,0.0,0.0,0.0,0.0,0.0,0.0,0.0,0.0,0.0,0.0,0.0,0.0,0.0,0.0,0.0,0.0,0.0,0.0,0.0,0.0,0.0,0.0,0.0,0.0,0.0,0.0,0.0,0.0,0.0,0.0,0.0,0.0,0.0,0.0,0.0,0.0,0.0,0.0,0.0,0.0,0.0,0.0,0.0,0.0,0.0,0.0,0.0,0.0,0.0,0.0,0.0,0.0,0.0,0.0,0.0,0.0,0.0,0.0
1171,0.0,0.0,0.0,0.0,0.0,0.0,0.0,0.0,0.0,0.0,0.0,0.0,0.0,0.0,0.0,0.0,0.0,0.0,0.0,0.0,0.0,0.0,0.0,0.0,0.0,0.0,0.0,0.0,0.0,0.0,0.0,0.0,0.0,0.0,0.0,0.0,0.0,0.0,0.0,0.0,0.0,0.0,0.0,0.0,0.0,0.0,0.0,0.0,0.0,0.0,0.0,0.0,0.0,0.0,0.0,0.0,0.0,0.0,0.0,0.0,0.0,0.0,0.0,0.0,0.0,0.0,0.0,0.0,0.0,0.0,0.0,0.0,0.0,0.0,0.0,0.0,0.0
1172,0.0,0.0,0.0,0.0,0.0,0.0,0.0,0.0,0.0,0.0,0.0,0.0,0.0,0.0,0.0,0.0,0.0,0.0,0.0,0.0,0.0,0.0,0.0,0.0,0.0,0.0,0.0,0.0,0.0,0.0,0.0,0.0,0.0,0.0,0.0,0.0,0.0,0.0,0.0,0.0,0.0,0.0,0.0,0.0,0.0,0.0,0.0,0.0,0.0,0.0,0.0,0.0,0.0,0.0,0.0,0.0,0.0,0.0,0.0,0.0,0.0,0.0,0.0,0.0,0.0,0.0,0.0,0.0,0.0,0.0,0.0,0.0,0.0,0.0,0.0,0.0,0.0
1173,0.0,0.0,0.0,0.0,0.0,0.0,0.0,0.0,0.0,0.0,0.0,0.0,0.0,0.0,0.0,0.0,0.0,0.0,0.0,0.0,0.0,0.0,0.0,0.0,0.0,0.0,0.0,0.0,0.0,0.0,0.0,0.0,0.0,0.0,0.0,0.0,0.0,0.0,0.0,0.0,0.0,0.0,0.0,0.0,0.0,0.0,0.0,0.0,0.0,0.0,0.0,0.0,0.0,0.0,0.0,0.0,0.0,0.0,0.0,0.0,0.0,0.0,0.0,0.0,0.0,0.0,0.0,0.0,0.0,0.0,0.0,0.0,0.0,0.0,0.0,0.0,0.0
1174,0.0,0.0,0.0,0.0,0.0,0.0,0.0,0.0,0.0,0.0,0.0,0.0,0.0,0.0,0.0,0.0,0.0,0.0,0.0,0.0,0.0,0.0,0.0,0.0,0.0,0.0,0.0,0.0,0.0,0.0,0.0,0.0,0.0,0.0,0.0,0.0,0.0,0.0,0.0,0.0,0.0,0.0,0.0,0.0,0.0,0.0,0.0,0.0,0.0,0.0,0.0,0.0,0.0,0.0,0.0,0.0,0.0,0.0,0.0,0.0,0.0,0.0,0.0,0.0,0.0,0.0,0.0,0.0,0.0,0.0,0.0,0.0,0.0,0.0,0.0,0.0,0.0
1175,0.0,0.0,0.0,0.0,0.0,0.0,0.0,0.0,0.0,0.0,0.0,0.0,0.0,0.0,0.0,0.0,0.0,0.0,0.0,0.0,0.0,0.0,0.0,0.0,0.0,0.0,0.0,0.0,0.0,0.0,0.0,0.0,0.0,0.0,0.0,0.0,0.0,0.0,0.0,0.0,0.0,0.0,0.0,0.0,0.0,0.0,0.0,0.0,0.0,0.0,0.0,0.0,0.0,0.0,0.0,0.0,0.0,0.0,0.0,0.0,0.0,0.0,0.0,0.0,0.0,0.0,0.0,0.0,0.0,0.0,0.0,0.0,0.0,0.0,0.0,0.0,0.0
1176,0.0,0.0,0.0,0.0,0.0,0.0,0.0,0.0,0.0,0.0,0.0,0.0,0.0,0.0,0.0,0.0,0.0,0.0,0.0,0.0,0.0,0.0,0.0,0.0,0.0,0.0,0.0,0.0,0.0,0.0,0.0,0.0,0.0,0.0,0.0,0.0,0.0,0.0,0.0,0.0,0.0,0.0,0.0,0.0,0.0,0.0,0.0,0.0,0.0,0.0,0.0,0.0,0.0,0.0,0.0,0.0,0.0,0.0,0.0,0.0,0.0,0.0,0.0,0.0,0.0,0.0,0.0,0.0,0.0,0.0,0.0,0.0,0.0,0.0,0.0,0.0,0.0
1177,0.0,0.0,0.0,0.0,0.0,0.0,0.0,0.0,0.0,0.0,0.0,0.0,0.0,0.0,0.0,0.0,0.0,0.0,0.0,0.0,0.0,0.0,0.0,0.0,0.0,0.0,0.0,0.0,0.0,0.0,0.0,0.0,0.0,0.0,0.0,0.0,0.0,0.0,0.0,0.0,0.0,0.0,0.0,0.0,0.0,0.0,0.0,0.0,0.0,0.0,0.0,0.0,0.0,0.0,0.0,0.0,0.0,0.0,0.0,0.0,0.0,0.0,0.0,0.0,0.0,0.0,0.0,0.0,0.0,0.0,0.0,0.0,0.0,0.0,0.0,0.0,0.0
1178,0.0,0.0,0.0,0.0,0.0,0.0,0.0,0.0,0.0,0.0,0.0,0.0,0.0,0.0,0.0,0.0,0.0,0.0,0.0,0.0,0.0,0.0,0.0,0.0,0.0,0.0,0.0,0.0,0.0,0.0,0.0,0.0,0.0,0.0,0.0,0.0,0.0,0.0,0.0,0.0,0.0,0.0,0.0,0.0,0.0,0.0,0.0,0.0,0.0,0.0,0.0,0.0,0.0,0.0,0.0,0.0,0.0,0.0,0.0,0.0,0.0,0.0,0.0,0.0,0.0,0.0,0.0,0.0,0.0,0.0,0.0,0.0,0.0,0.0,0.0,0.0,0.0
1179,0.0,0.0,0.0,0.0,0.0,0.0,0.0,0.0,0.0,0.0,0.0,0.0,0.0,0.0,0.0,0.0,0.0,0.0,0.0,0.0,0.0,0.0,0.0,0.0,0.0,0.0,0.0,0.0,0.0,0.0,0.0,0.0,0.0,0.0,0.0,0.0,0.0,0.0,0.0,0.0,0.0,0.0,0.0,0.0,0.0,0.0,0.0,0.0,0.0,0.0,0.0,0.0,0.0,0.0,0.0,0.0,0.0,0.0,0.0,0.0,0.0,0.0,0.0,0.0,0.0,0.0,0.0,0.0,0.0,0.0,0.0,0.0,0.0,0.0,0.0,0.0,0.0
1180,0.0,0.0,0.0,0.0,0.0,0.0,0.0,0.0,0.0,0.0,0.0,0.0,0.0,0.0,0.0,0.0,0.0,0.0,0.0,0.0,0.0,0.0,0.0,0.0,0.0,0.0,0.0,0.0,0.0,0.0,0.0,0.0,0.0,0.0,0.0,0.0,0.0,0.0,0.0,0.0,0.0,0.0,0.0,0.0,0.0,0.0,0.0,0.0,0.0,0.0,0.0,0.0,0.0,0.0,0.0,0.0,0.0,0.0,0.0,0.0,0.0,0.0,0.0,0.0,0.0,0.0,0.0,0.0,0.0,0.0,0.0,0.0,0.0,0.0,0.0,0.0,0.0
1181,0.0,0.0,0.0,0.0,0.0,0.0,0.0,0.0,0.0,0.0,0.0,0.0,0.0,0.0,0.0,0.0,0.0,0.0,0.0,0.0,0.0,0.0,0.0,0.0,0.0,0.0,0.0,0.0,0.0,0.0,0.0,0.0,0.0,0.0,0.0,0.0,0.0,0.0,0.0,0.0,0.0,0.0,0.0,0.0,0.0,0.0,0.0,0.0,0.0,0.0,0.0,0.0,0.0,0.0,0.0,0.0,0.0,0.0,0.0,0.0,0.0,0.0,0.0,0.0,0.0,0.0,0.0,0.0,0.0,0.0,0.0,0.0,0.0,0.0,0.0,0.0,0.0
1182,0.0,0.0,0.0,0.0,0.0,0.0,0.0,0.0,0.0,0.0,0.0,0.0,0.0,0.0,0.0,0.0,0.0,0.0,0.0,0.0,0.0,0.0,0.0,0.0,0.0,0.0,0.0,0.0,0.0,0.0,0.0,0.0,0.0,0.0,0.0,0.0,0.0,0.0,0.0,0.0,0.0,0.0,0.0,0.0,0.0,0.0,0.0,0.0,0.0,0.0,0.0,0.0,0.0,0.0,0.0,0.0,0.0,0.0,0.0,0.0,0.0,0.0,0.0,0.0,0.0,0.0,0.0,0.0,0.0,0.0,0.0,0.0,0.0,0.0,0.0,0.0,0.0
1183,0.0,0.0,0.0,0.0,0.0,0.0,0.0,0.0,0.0,0.0,0.0,0.0,0.0,0.0,0.0,0.0,0.0,0.0,0.0,0.0,0.0,0.0,0.0,0.0,0.0,0.0,0.0,0.0,0.0,0.0,0.0,0.0,0.0,0.0,0.0,0.0,0.0,0.0,0.0,0.0,0.0,0.0,0.0,0.0,0.0,0.0,0.0,0.0,0.0,0.0,0.0,0.0,0.0,0.0,0.0,0.0,0.0,0.0,0.0,0.0,0.0,0.0,0.0,0.0,0.0,0.0,0.0,0.0,0.0,0.0,0.0,0.0,0.0,0.0,0.0,0.0,0.0
1184,0.0,0.0,0.0,0.0,0.0,0.0,0.0,0.0,0.0,0.0,0.0,0.0,0.0,0.0,0.0,0.0,0.0,0.0,0.0,0.0,0.0,0.0,0.0,0.0,0.0,0.0,0.0,0.0,0.0,0.0,0.0,0.0,0.0,0.0,0.0,0.0,0.0,0.0,0.0,0.0,0.0,0.0,0.0,0.0,0.0,0.0,0.0,0.0,0.0,0.0,0.0,0.0,0.0,0.0,0.0,0.0,0.0,0.0,0.0,0.0,0.0,0.0,0.0,0.0,0.0,0.0,0.0,0.0,0.0,0.0,0.0,0.0,0.0,0.0,0.0,0.0,0.0
1185,0.0,0.0,0.0,0.0,0.0,0.0,0.0,0.0,0.0,0.0,0.0,0.0,0.0,0.0,0.0,0.0,0.0,0.0,0.0,0.0,0.0,0.0,0.0,0.0,0.0,0.0,0.0,0.0,0.0,0.0,0.0,0.0,0.0,0.0,0.0,0.0,0.0,0.0,0.0,0.0,0.0,0.0,0.0,0.0,0.0,0.0,0.0,0.0,0.0,0.0,0.0,0.0,0.0,0.0,0.0,0.0,0.0,0.0,0.0,0.0,0.0,0.0,0.0,0.0,0.0,0.0,0.0,0.0,0.0,0.0,0.0,0.0,0.0,0.0,0.0,0.0,0.0
1186,0.0,0.0,0.0,0.0,0.0,0.0,0.0,0.0,0.0,0.0,0.0,0.0,0.0,0.0,0.0,0.0,0.0,0.0,0.0,0.0,0.0,0.0,0.0,0.0,0.0,0.0,0.0,0.0,0.0,0.0,0.0,0.0,0.0,0.0,0.0,0.0,0.0,0.0,0.0,0.0,0.0,0.0,0.0,0.0,0.0,0.0,0.0,0.0,0.0,0.0,0.0,0.0,0.0,0.0,0.0,0.0,0.0,0.0,0.0,0.0,0.0,0.0,0.0,0.0,0.0,0.0,0.0,0.0,0.0,0.0,0.0,0.0,0.0,0.0,0.0,0.0,0.0
1187,0.0,0.0,0.0,0.0,0.0,0.0,0.0,0.0,0.0,0.0,0.0,0.0,0.0,0.0,0.0,0.0,0.0,0.0,0.0,0.0,0.0,0.0,0.0,0.0,0.0,0.0,0.0,0.0,0.0,0.0,0.0,0.0,0.0,0.0,0.0,0.0,0.0,0.0,0.0,0.0,0.0,0.0,0.0,0.0,0.0,0.0,0.0,0.0,0.0,0.0,0.0,0.0,0.0,0.0,0.0,0.0,0.0,0.0,0.0,0.0,0.0,0.0,0.0,0.0,0.0,0.0,0.0,0.0,0.0,0.0,0.0,0.0,0.0,0.0,0.0,0.0,0.0
1188,0.0,0.0,0.0,0.0,0.0,0.0,0.0,0.0,0.0,0.0,0.0,0.0,0.0,0.0,0.0,0.0,0.0,0.0,0.0,0.0,0.0,0.0,0.0,0.0,0.0,0.0,0.0,0.0,0.0,0.0,0.0,0.0,0.0,0.0,0.0,0.0,0.0,0.0,0.0,0.0,0.0,0.0,0.0,0.0,0.0,0.0,0.0,0.0,0.0,0.0,0.0,0.0,0.0,0.0,0.0,0.0,0.0,0.0,0.0,0.0,0.0,0.0,0.0,0.0,0.0,0.0,0.0,0.0,0.0,0.0,0.0,0.0,0.0,0.0,0.0,0.0,0.0
1189,0.0,0.0,0.0,0.0,0.0,0.0,0.0,0.0,0.0,0.0,0.0,0.0,0.0,0.0,0.0,0.0,0.0,0.0,0.0,0.0,0.0,0.0,0.0,0.0,0.0,0.0,0.0,0.0,0.0,0.0,0.0,0.0,0.0,0.0,0.0,0.0,0.0,0.0,0.0,0.0,0.0,0.0,0.0,0.0,0.0,0.0,0.0,0.0,0.0,0.0,0.0,0.0,0.0,0.0,0.0,0.0,0.0,0.0,0.0,0.0,0.0,0.0,0.0,0.0,0.0,0.0,0.0,0.0,0.0,0.0,0.0,0.0,0.0,0.0,0.0,0.0,0.0
1190,0.0,0.0,0.0,0.0,0.0,0.0,0.0,0.0,0.0,0.0,0.0,0.0,0.0,0.0,0.0,0.0,0.0,0.0,0.0,0.0,0.0,0.0,0.0,0.0,0.0,0.0,0.0,0.0,0.0,0.0,0.0,0.0,0.0,0.0,0.0,0.0,0.0,0.0,0.0,0.0,0.0,0.0,0.0,0.0,0.0,0.0,0.0,0.0,0.0,0.0,0.0,0.0,0.0,0.0,0.0,0.0,0.0,0.0,0.0,0.0,0.0,0.0,0.0,0.0,0.0,0.0,0.0,0.0,0.0,0.0,0.0,0.0,0.0,0.0,0.0,0.0,0.0
1191,0.0,0.0,0.0,0.0,0.0,0.0,0.0,0.0,0.0,0.0,0.0,0.0,0.0,0.0,0.0,0.0,0.0,0.0,0.0,0.0,0.0,0.0,0.0,0.0,0.0,0.0,0.0,0.0,0.0,0.0,0.0,0.0,0.0,0.0,0.0,0.0,0.0,0.0,0.0,0.0,0.0,0.0,0.0,0.0,0.0,0.0,0.0,0.0,0.0,0.0,0.0,0.0,0.0,0.0,0.0,0.0,0.0,0.0,0.0,0.0,0.0,0.0,0.0,0.0,0.0,0.0,0.0,0.0,0.0,0.0,0.0,0.0,0.0,0.0,0.0,0.0,0.0
1192,0.0,0.0,0.0,0.0,0.0,0.0,0.0,0.0,0.0,0.0,0.0,0.0,0.0,0.0,0.0,0.0,0.0,0.0,0.0,0.0,0.0,0.0,0.0,0.0,0.0,0.0,0.0,0.0,0.0,0.0,0.0,0.0,0.0,0.0,0.0,0.0,0.0,0.0,0.0,0.0,0.0,0.0,0.0,0.0,0.0,0.0,0.0,0.0,0.0,0.0,0.0,0.0,0.0,0.0,0.0,0.0,0.0,0.0,0.0,0.0,0.0,0.0,0.0,0.0,0.0,0.0,0.0,0.0,0.0,0.0,0.0,0.0,0.0,0.0,0.0,0.0,0.0
1193,0.0,0.0,0.0,0.0,0.0,0.0,0.0,0.0,0.0,0.0,0.0,0.0,0.0,0.0,0.0,0.0,0.0,0.0,0.0,0.0,0.0,0.0,0.0,0.0,0.0,0.0,0.0,0.0,0.0,0.0,0.0,0.0,0.0,0.0,0.0,0.0,0.0,0.0,0.0,0.0,0.0,0.0,0.0,0.0,0.0,0.0,0.0,0.0,0.0,0.0,0.0,0.0,0.0,0.0,0.0,0.0,0.0,0.0,0.0,0.0,0.0,0.0,0.0,0.0,0.0,0.0,0.0,0.0,0.0,0.0,0.0,0.0,0.0,0.0,0.0,0.0,0.0
1194,0.0,0.0,0.0,0.0,0.0,0.0,0.0,0.0,0.0,0.0,0.0,0.0,0.0,0.0,0.0,0.0,0.0,0.0,0.0,0.0,0.0,0.0,0.0,0.0,0.0,0.0,0.0,0.0,0.0,0.0,0.0,0.0,0.0,0.0,0.0,0.0,0.0,0.0,0.0,0.0,0.0,0.0,0.0,0.0,0.0,0.0,0.0,0.0,0.0,0.0,0.0,0.0,0.0,0.0,0.0,0.0,0.0,0.0,0.0,0.0,0.0,0.0,0.0,0.0,0.0,0.0,0.0,0.0,0.0,0.0,0.0,0.0,0.0,0.0,0.0,0.0,0.0
1195,0.0,0.0,0.0,0.0,0.0,0.0,0.0,0.0,0.0,0.0,0.0,0.0,0.0,0.0,0.0,0.0,0.0,0.0,0.0,0.0,0.0,0.0,0.0,0.0,0.0,0.0,0.0,0.0,0.0,0.0,0.0,0.0,0.0,0.0,0.0,0.0,0.0,0.0,0.0,0.0,0.0,0.0,0.0,0.0,0.0,0.0,0.0,0.0,0.0,0.0,0.0,0.0,0.0,0.0,0.0,0.0,0.0,0.0,0.0,0.0,0.0,0.0,0.0,0.0,0.0,0.0,0.0,0.0,0.0,0.0,0.0,0.0,0.0,0.0,0.0,0.0,0.0
1196,0.0,0.0,0.0,0.0,0.0,0.0,0.0,0.0,0.0,0.0,0.0,0.0,0.0,0.0,0.0,0.0,0.0,0.0,0.0,0.0,0.0,0.0,0.0,0.0,0.0,0.0,0.0,0.0,0.0,0.0,0.0,0.0,0.0,0.0,0.0,0.0,0.0,0.0,0.0,0.0,0.0,0.0,0.0,0.0,0.0,0.0,0.0,0.0,0.0,0.0,0.0,0.0,0.0,0.0,0.0,0.0,0.0,0.0,0.0,0.0,0.0,0.0,0.0,0.0,0.0,0.0,0.0,0.0,0.0,0.0,0.0,0.0,0.0,0.0,0.0,0.0,0.0
1197,0.0,0.0,0.0,0.0,0.0,0.0,0.0,0.0,0.0,0.0,0.0,0.0,0.0,0.0,0.0,0.0,0.0,0.0,0.0,0.0,0.0,0.0,0.0,0.0,0.0,0.0,0.0,0.0,0.0,0.0,0.0,0.0,0.0,0.0,0.0,0.0,0.0,0.0,0.0,0.0,0.0,0.0,0.0,0.0,0.0,0.0,0.0,0.0,0.0,0.0,0.0,0.0,0.0,0.0,0.0,0.0,0.0,0.0,0.0,0.0,0.0,0.0,0.0,0.0,0.0,0.0,0.0,0.0,0.0,0.0,0.0,0.0,0.0,0.0,0.0,0.0,0.0
1198,0.0,0.0,0.0,0.0,0.0,0.0,0.0,0.0,0.0,0.0,0.0,0.0,0.0,0.0,0.0,0.0,0.0,0.0,0.0,0.0,0.0,0.0,0.0,0.0,0.0,0.0,0.0,0.0,0.0,0.0,0.0,0.0,0.0,0.0,0.0,0.0,0.0,0.0,0.0,0.0,0.0,0.0,0.0,0.0,0.0,0.0,0.0,0.0,0.0,0.0,0.0,0.0,0.0,0.0,0.0,0.0,0.0,0.0,0.0,0.0,0.0,0.0,0.0,0.0,0.0,0.0,0.0,0.0,0.0,0.0,0.0,0.0,0.0,0.0,0.0,0.0,0.0
1199,0.0,0.0,0.0,0.0,0.0,0.0,0.0,0.0,0.0,0.0,0.0,0.0,0.0,0.0,0.0,0.0,0.0,0.0,0.0,0.0,0.0,0.0,0.0,0.0,0.0,0.0,0.0,0.0,0.0,0.0,0.0,0.0,0.0,0.0,0.0,0.0,0.0,0.0,0.0,0.0,0.0,0.0,0.0,0.0,0.0,0.0,0.0,0.0,0.0,0.0,0.0,0.0,0.0,0.0,0.0,0.0,0.0,0.0,0.0,0.0,0.0,0.0,0.0,0.0,0.0,0.0,0.0,0.0,0.0,0.0,0.0,0.0,0.0,0.0,0.0,0.0,0.0
1200,0.0,0.0,0.0,0.0,0.0,0.0,0.0,0.0,0.0,0.0,0.0,0.0,0.0,0.0,0.0,0.0,0.0,0.0,0.0,0.0,0.0,0.0,0.0,0.0,0.0,0.0,0.0,0.0,0.0,0.0,0.0,0.0,0.0,0.0,0.0,0.0,0.0,0.0,0.0,0.0,0.0,0.0,0.0,0.0,0.0,0.0,0.0,0.0,0.0,0.0,0.0,0.0,0.0,0.0,0.0,0.0,0.0,0.0,0.0,0.0,0.0,0.0,0.0,0.0,0.0,0.0,0.0,0.0,0.0,0.0,0.0,0.0,0.0,0.0,0.0,0.0,0.0
1201,0.0,0.0,0.0,0.0,0.0,0.0,0.0,0.0,0.0,0.0,0.0,0.0,0.0,0.0,0.0,0.0,0.0,0.0,0.0,0.0,0.0,0.0,0.0,0.0,0.0,0.0,0.0,0.0,0.0,0.0,0.0,0.0,0.0,0.0,0.0,0.0,0.0,0.0,0.0,0.0,0.0,0.0,0.0,0.0,0.0,0.0,0.0,0.0,0.0,0.0,0.0,0.0,0.0,0.0,0.0,0.0,0.0,0.0,0.0,0.0,0.0,0.0,0.0,0.0,0.0,0.0,0.0,0.0,0.0,0.0,0.0,0.0,0.0,0.0,0.0,0.0,0.0
1202,0.0,0.0,0.0,0.0,0.0,0.0,0.0,0.0,0.0,0.0,0.0,0.0,0.0,0.0,0.0,0.0,0.0,0.0,0.0,0.0,0.0,0.0,0.0,0.0,0.0,0.0,0.0,0.0,0.0,0.0,0.0,0.0,0.0,0.0,0.0,0.0,0.0,0.0,0.0,0.0,0.0,0.0,0.0,0.0,0.0,0.0,0.0,0.0,0.0,0.0,0.0,0.0,0.0,0.0,0.0,0.0,0.0,0.0,0.0,0.0,0.0,0.0,0.0,0.0,0.0,0.0,0.0,0.0,0.0,0.0,0.0,0.0,0.0,0.0,0.0,0.0,0.0
1203,0.0,0.0,0.0,0.0,0.0,0.0,0.0,0.0,0.0,0.0,0.0,0.0,0.0,0.0,0.0,0.0,0.0,0.0,0.0,0.0,0.0,0.0,0.0,0.0,0.0,0.0,0.0,0.0,0.0,0.0,0.0,0.0,0.0,0.0,0.0,0.0,0.0,0.0,0.0,0.0,0.0,0.0,0.0,0.0,0.0,0.0,0.0,0.0,0.0,0.0,0.0,0.0,0.0,0.0,0.0,0.0,0.0,0.0,0.0,0.0,0.0,0.0,0.0,0.0,0.0,0.0,0.0,0.0,0.0,0.0,0.0,0.0,0.0,0.0,0.0,0.0,0.0
1204,0.0,0.0,0.0,0.0,0.0,0.0,0.0,0.0,0.0,0.0,0.0,0.0,0.0,0.0,0.0,0.0,0.0,0.0,0.0,0.0,0.0,0.0,0.0,0.0,0.0,0.0,0.0,0.0,0.0,0.0,0.0,0.0,0.0,0.0,0.0,0.0,0.0,0.0,0.0,0.0,0.0,0.0,0.0,0.0,0.0,0.0,0.0,0.0,0.0,0.0,0.0,0.0,0.0,0.0,0.0,0.0,0.0,0.0,0.0,0.0,0.0,0.0,0.0,0.0,0.0,0.0,0.0,0.0,0.0,0.0,0.0,0.0,0.0,0.0,0.0,0.0,0.0
1205,0.0,0.0,0.0,0.0,0.0,0.0,0.0,0.0,0.0,0.0,0.0,0.0,0.0,0.0,0.0,0.0,0.0,0.0,0.0,0.0,0.0,0.0,0.0,0.0,0.0,0.0,0.0,0.0,0.0,0.0,0.0,0.0,0.0,0.0,0.0,0.0,0.0,0.0,0.0,0.0,0.0,0.0,0.0,0.0,0.0,0.0,0.0,0.0,0.0,0.0,0.0,0.0,0.0,0.0,0.0,0.0,0.0,0.0,0.0,0.0,0.0,0.0,0.0,0.0,0.0,0.0,0.0,0.0,0.0,0.0,0.0,0.0,0.0,0.0,0.0,0.0,0.0
1206,0.0,0.0,0.0,0.0,0.0,0.0,0.0,0.0,0.0,0.0,0.0,0.0,0.0,0.0,0.0,0.0,0.0,0.0,0.0,0.0,0.0,0.0,0.0,0.0,0.0,0.0,0.0,0.0,0.0,0.0,0.0,0.0,0.0,0.0,0.0,0.0,0.0,0.0,0.0,0.0,0.0,0.0,0.0,0.0,0.0,0.0,0.0,0.0,0.0,0.0,0.0,0.0,0.0,0.0,0.0,0.0,0.0,0.0,0.0,0.0,0.0,0.0,0.0,0.0,0.0,0.0,0.0,0.0,0.0,0.0,0.0,0.0,0.0,0.0,0.0,0.0,0.0
1207,0.0,0.0,0.0,0.0,0.0,0.0,0.0,0.0,0.0,0.0,0.0,0.0,0.0,0.0,0.0,0.0,0.0,0.0,0.0,0.0,0.0,0.0,0.0,0.0,0.0,0.0,0.0,0.0,0.0,0.0,0.0,0.0,0.0,0.0,0.0,0.0,0.0,0.0,0.0,0.0,0.0,0.0,0.0,0.0,0.0,0.0,0.0,0.0,0.0,0.0,0.0,0.0,0.0,0.0,0.0,0.0,0.0,0.0,0.0,0.0,0.0,0.0,0.0,0.0,0.0,0.0,0.0,0.0,0.0,0.0,0.0,0.0,0.0,0.0,0.0,0.0,0.0
1208,0.0,0.0,0.0,0.0,0.0,0.0,0.0,0.0,0.0,0.0,0.0,0.0,0.0,0.0,0.0,0.0,0.0,0.0,0.0,0.0,0.0,0.0,0.0,0.0,0.0,0.0,0.0,0.0,0.0,0.0,0.0,0.0,0.0,0.0,0.0,0.0,0.0,0.0,0.0,0.0,0.0,0.0,0.0,0.0,0.0,0.0,0.0,0.0,0.0,0.0,0.0,0.0,0.0,0.0,0.0,0.0,0.0,0.0,0.0,0.0,0.0,0.0,0.0,0.0,0.0,0.0,0.0,0.0,0.0,0.0,0.0,0.0,0.0,0.0,0.0,0.0,0.0
1209,0.0,0.0,0.0,0.0,0.0,0.0,0.0,0.0,0.0,0.0,0.0,0.0,0.0,0.0,0.0,0.0,0.0,0.0,0.0,0.0,0.0,0.0,0.0,0.0,0.0,0.0,0.0,0.0,0.0,0.0,0.0,0.0,0.0,0.0,0.0,0.0,0.0,0.0,0.0,0.0,0.0,0.0,0.0,0.0,0.0,0.0,0.0,0.0,0.0,0.0,0.0,0.0,0.0,0.0,0.0,0.0,0.0,0.0,0.0,0.0,0.0,0.0,0.0,0.0,0.0,0.0,0.0,0.0,0.0,0.0,0.0,0.0,0.0,0.0,0.0,0.0,0.0
1210,0.0,0.0,0.0,0.0,0.0,0.0,0.0,0.0,0.0,0.0,0.0,0.0,0.0,0.0,0.0,0.0,0.0,0.0,0.0,0.0,0.0,0.0,0.0,0.0,0.0,0.0,0.0,0.0,0.0,0.0,0.0,0.0,0.0,0.0,0.0,0.0,0.0,0.0,0.0,0.0,0.0,0.0,0.0,0.0,0.0,0.0,0.0,0.0,0.0,0.0,0.0,0.0,0.0,0.0,0.0,0.0,0.0,0.0,0.0,0.0,0.0,0.0,0.0,0.0,0.0,0.0,0.0,0.0,0.0,0.0,0.0,0.0,0.0,0.0,0.0,0.0,0.0
1211,0.0,0.0,0.0,0.0,0.0,0.0,0.0,0.0,0.0,0.0,0.0,0.0,0.0,0.0,0.0,0.0,0.0,0.0,0.0,0.0,0.0,0.0,0.0,0.0,0.0,0.0,0.0,0.0,0.0,0.0,0.0,0.0,0.0,0.0,0.0,0.0,0.0,0.0,0.0,0.0,0.0,0.0,0.0,0.0,0.0,0.0,0.0,0.0,0.0,0.0,0.0,0.0,0.0,0.0,0.0,0.0,0.0,0.0,0.0,0.0,0.0,0.0,0.0,0.0,0.0,0.0,0.0,0.0,0.0,0.0,0.0,0.0,0.0,0.0,0.0,0.0,0.0
1212,0.0,0.0,0.0,0.0,0.0,0.0,0.0,0.0,0.0,0.0,0.0,0.0,0.0,0.0,0.0,0.0,0.0,0.0,0.0,0.0,0.0,0.0,0.0,0.0,0.0,0.0,0.0,0.0,0.0,0.0,0.0,0.0,0.0,0.0,0.0,0.0,0.0,0.0,0.0,0.0,0.0,0.0,0.0,0.0,0.0,0.0,0.0,0.0,0.0,0.0,0.0,0.0,0.0,0.0,0.0,0.0,0.0,0.0,0.0,0.0,0.0,0.0,0.0,0.0,0.0,0.0,0.0,0.0,0.0,0.0,0.0,0.0,0.0,0.0,0.0,0.0,0.0
1213,0.0,0.0,0.0,0.0,0.0,0.0,0.0,0.0,0.0,0.0,0.0,0.0,0.0,0.0,0.0,0.0,0.0,0.0,0.0,0.0,0.0,0.0,0.0,0.0,0.0,0.0,0.0,0.0,0.0,0.0,0.0,0.0,0.0,0.0,0.0,0.0,0.0,0.0,0.0,0.0,0.0,0.0,0.0,0.0,0.0,0.0,0.0,0.0,0.0,0.0,0.0,0.0,0.0,0.0,0.0,0.0,0.0,0.0,0.0,0.0,0.0,0.0,0.0,0.0,0.0,0.0,0.0,0.0,0.0,0.0,0.0,0.0,0.0,0.0,0.0,0.0,0.0
1214,0.0,0.0,0.0,0.0,0.0,0.0,0.0,0.0,0.0,0.0,0.0,0.0,0.0,0.0,0.0,0.0,0.0,0.0,0.0,0.0,0.0,0.0,0.0,0.0,0.0,0.0,0.0,0.0,0.0,0.0,0.0,0.0,0.0,0.0,0.0,0.0,0.0,0.0,0.0,0.0,0.0,0.0,0.0,0.0,0.0,0.0,0.0,0.0,0.0,0.0,0.0,0.0,0.0,0.0,0.0,0.0,0.0,0.0,0.0,0.0,0.0,0.0,0.0,0.0,0.0,0.0,0.0,0.0,0.0,0.0,0.0,0.0,0.0,0.0,0.0,0.0,0.0
1215,0.0,0.0,0.0,0.0,0.0,0.0,0.0,0.0,0.0,0.0,0.0,0.0,0.0,0.0,0.0,0.0,0.0,0.0,0.0,0.0,0.0,0.0,0.0,0.0,0.0,0.0,0.0,0.0,0.0,0.0,0.0,0.0,0.0,0.0,0.0,0.0,0.0,0.0,0.0,0.0,0.0,0.0,0.0,0.0,0.0,0.0,0.0,0.0,0.0,0.0,0.0,0.0,0.0,0.0,0.0,0.0,0.0,0.0,0.0,0.0,0.0,0.0,0.0,0.0,0.0,0.0,0.0,0.0,0.0,0.0,0.0,0.0,0.0,0.0,0.0,0.0,0.0
1216,0.0,0.0,0.0,0.0,0.0,0.0,0.0,0.0,0.0,0.0,0.0,0.0,0.0,0.0,0.0,0.0,0.0,0.0,0.0,0.0,0.0,0.0,0.0,0.0,0.0,0.0,0.0,0.0,0.0,0.0,0.0,0.0,0.0,0.0,0.0,0.0,0.0,0.0,0.0,0.0,0.0,0.0,0.0,0.0,0.0,0.0,0.0,0.0,0.0,0.0,0.0,0.0,0.0,0.0,0.0,0.0,0.0,0.0,0.0,0.0,0.0,0.0,0.0,0.0,0.0,0.0,0.0,0.0,0.0,0.0,0.0,0.0,0.0,0.0,0.0,0.0,0.0
1217,0.0,0.0,0.0,0.0,0.0,0.0,0.0,0.0,0.0,0.0,0.0,0.0,0.0,0.0,0.0,0.0,0.0,0.0,0.0,0.0,0.0,0.0,0.0,0.0,0.0,0.0,0.0,0.0,0.0,0.0,0.0,0.0,0.0,0.0,0.0,0.0,0.0,0.0,0.0,0.0,0.0,0.0,0.0,0.0,0.0,0.0,0.0,0.0,0.0,0.0,0.0,0.0,0.0,0.0,0.0,0.0,0.0,0.0,0.0,0.0,0.0,0.0,0.0,0.0,0.0,0.0,0.0,0.0,0.0,0.0,0.0,0.0,0.0,0.0,0.0,0.0,0.0
1218,0.0,0.0,0.0,0.0,0.0,0.0,0.0,0.0,0.0,0.0,0.0,0.0,0.0,0.0,0.0,0.0,0.0,0.0,0.0,0.0,0.0,0.0,0.0,0.0,0.0,0.0,0.0,0.0,0.0,0.0,0.0,0.0,0.0,0.0,0.0,0.0,0.0,0.0,0.0,0.0,0.0,0.0,0.0,0.0,0.0,0.0,0.0,0.0,0.0,0.0,0.0,0.0,0.0,0.0,0.0,0.0,0.0,0.0,0.0,0.0,0.0,0.0,0.0,0.0,0.0,0.0,0.0,0.0,0.0,0.0,0.0,0.0,0.0,0.0,0.0,0.0,0.0
1219,0.0,0.0,0.0,0.0,0.0,0.0,0.0,0.0,0.0,0.0,0.0,0.0,0.0,0.0,0.0,0.0,0.0,0.0,0.0,0.0,0.0,0.0,0.0,0.0,0.0,0.0,0.0,0.0,0.0,0.0,0.0,0.0,0.0,0.0,0.0,0.0,0.0,0.0,0.0,0.0,0.0,0.0,0.0,0.0,0.0,0.0,0.0,0.0,0.0,0.0,0.0,0.0,0.0,0.0,0.0,0.0,0.0,0.0,0.0,0.0,0.0,0.0,0.0,0.0,0.0,0.0,0.0,0.0,0.0,0.0,0.0,0.0,0.0,0.0,0.0,0.0,0.0
1220,0.0,0.0,0.0,0.0,0.0,0.0,0.0,0.0,0.0,0.0,0.0,0.0,0.0,0.0,0.0,0.0,0.0,0.0,0.0,0.0,0.0,0.0,0.0,0.0,0.0,0.0,0.0,0.0,0.0,0.0,0.0,0.0,0.0,0.0,0.0,0.0,0.0,0.0,0.0,0.0,0.0,0.0,0.0,0.0,0.0,0.0,0.0,0.0,0.0,0.0,0.0,0.0,0.0,0.0,0.0,0.0,0.0,0.0,0.0,0.0,0.0,0.0,0.0,0.0,0.0,0.0,0.0,0.0,0.0,0.0,0.0,0.0,0.0,0.0,0.0,0.0,0.0
1221,0.0,0.0,0.0,0.0,0.0,0.0,0.0,0.0,0.0,0.0,0.0,0.0,0.0,0.0,0.0,0.0,0.0,0.0,0.0,0.0,0.0,0.0,0.0,0.0,0.0,0.0,0.0,0.0,0.0,0.0,0.0,0.0,0.0,0.0,0.0,0.0,0.0,0.0,0.0,0.0,0.0,0.0,0.0,0.0,0.0,0.0,0.0,0.0,0.0,0.0,0.0,0.0,0.0,0.0,0.0,0.0,0.0,0.0,0.0,0.0,0.0,0.0,0.0,0.0,0.0,0.0,0.0,0.0,0.0,0.0,0.0,0.0,0.0,0.0,0.0,0.0,0.0
1222,0.0,0.0,0.0,0.0,0.0,0.0,0.0,0.0,0.0,0.0,0.0,0.0,0.0,0.0,0.0,0.0,0.0,0.0,0.0,0.0,0.0,0.0,0.0,0.0,0.0,0.0,0.0,0.0,0.0,0.0,0.0,0.0,0.0,0.0,0.0,0.0,0.0,0.0,0.0,0.0,0.0,0.0,0.0,0.0,0.0,0.0,0.0,0.0,0.0,0.0,0.0,0.0,0.0,0.0,0.0,0.0,0.0,0.0,0.0,0.0,0.0,0.0,0.0,0.0,0.0,0.0,0.0,0.0,0.0,0.0,0.0,0.0,0.0,0.0,0.0,0.0,0.0
1223,0.0,0.0,0.0,0.0,0.0,0.0,0.0,0.0,0.0,0.0,0.0,0.0,0.0,0.0,0.0,0.0,0.0,0.0,0.0,0.0,0.0,0.0,0.0,0.0,0.0,0.0,0.0,0.0,0.0,0.0,0.0,0.0,0.0,0.0,0.0,0.0,0.0,0.0,0.0,0.0,0.0,0.0,0.0,0.0,0.0,0.0,0.0,0.0,0.0,0.0,0.0,0.0,0.0,0.0,0.0,0.0,0.0,0.0,0.0,0.0,0.0,0.0,0.0,0.0,0.0,0.0,0.0,0.0,0.0,0.0,0.0,0.0,0.0,0.0,0.0,0.0,0.0
1224,0.0,0.0,0.0,0.0,0.0,0.0,0.0,0.0,0.0,0.0,0.0,0.0,0.0,0.0,0.0,0.0,0.0,0.0,0.0,0.0,0.0,0.0,0.0,0.0,0.0,0.0,0.0,0.0,0.0,0.0,0.0,0.0,0.0,0.0,0.0,0.0,0.0,0.0,0.0,0.0,0.0,0.0,0.0,0.0,0.0,0.0,0.0,0.0,0.0,0.0,0.0,0.0,0.0,0.0,0.0,0.0,0.0,0.0,0.0,0.0,0.0,0.0,0.0,0.0,0.0,0.0,0.0,0.0,0.0,0.0,0.0,0.0,0.0,0.0,0.0,0.0,0.0
1225,0.0,0.0,0.0,0.0,0.0,0.0,0.0,0.0,0.0,0.0,0.0,0.0,0.0,0.0,0.0,0.0,0.0,0.0,0.0,0.0,0.0,0.0,0.0,0.0,0.0,0.0,0.0,0.0,0.0,0.0,0.0,0.0,0.0,0.0,0.0,0.0,0.0,0.0,0.0,0.0,0.0,0.0,0.0,0.0,0.0,0.0,0.0,0.0,0.0,0.0,0.0,0.0,0.0,0.0,0.0,0.0,0.0,0.0,0.0,0.0,0.0,0.0,0.0,0.0,0.0,0.0,0.0,0.0,0.0,0.0,0.0,0.0,0.0,0.0,0.0,0.0,0.0
1226,0.0,0.0,0.0,0.0,0.0,0.0,0.0,0.0,0.0,0.0,0.0,0.0,0.0,0.0,0.0,0.0,0.0,0.0,0.0,0.0,0.0,0.0,0.0,0.0,0.0,0.0,0.0,0.0,0.0,0.0,0.0,0.0,0.0,0.0,0.0,0.0,0.0,0.0,0.0,0.0,0.0,0.0,0.0,0.0,0.0,0.0,0.0,0.0,0.0,0.0,0.0,0.0,0.0,0.0,0.0,0.0,0.0,0.0,0.0,0.0,0.0,0.0,0.0,0.0,0.0,0.0,0.0,0.0,0.0,0.0,0.0,0.0,0.0,0.0,0.0,0.0,0.0
1227,0.0,0.0,0.0,0.0,0.0,0.0,0.0,0.0,0.0,0.0,0.0,0.0,0.0,0.0,0.0,0.0,0.0,0.0,0.0,0.0,0.0,0.0,0.0,0.0,0.0,0.0,0.0,0.0,0.0,0.0,0.0,0.0,0.0,0.0,0.0,0.0,0.0,0.0,0.0,0.0,0.0,0.0,0.0,0.0,0.0,0.0,0.0,0.0,0.0,0.0,0.0,0.0,0.0,0.0,0.0,0.0,0.0,0.0,0.0,0.0,0.0,0.0,0.0,0.0,0.0,0.0,0.0,0.0,0.0,0.0,0.0,0.0,0.0,0.0,0.0,0.0,0.0
1228,0.0,0.0,0.0,0.0,0.0,0.0,0.0,0.0,0.0,0.0,0.0,0.0,0.0,0.0,0.0,0.0,0.0,0.0,0.0,0.0,0.0,0.0,0.0,0.0,0.0,0.0,0.0,0.0,0.0,0.0,0.0,0.0,0.0,0.0,0.0,0.0,0.0,0.0,0.0,0.0,0.0,0.0,0.0,0.0,0.0,0.0,0.0,0.0,0.0,0.0,0.0,0.0,0.0,0.0,0.0,0.0,0.0,0.0,0.0,0.0,0.0,0.0,0.0,0.0,0.0,0.0,0.0,0.0,0.0,0.0,0.0,0.0,0.0,0.0,0.0,0.0,0.0
1229,0.0,0.0,0.0,0.0,0.0,0.0,0.0,0.0,0.0,0.0,0.0,0.0,0.0,0.0,0.0,0.0,0.0,0.0,0.0,0.0,0.0,0.0,0.0,0.0,0.0,0.0,0.0,0.0,0.0,0.0,0.0,0.0,0.0,0.0,0.0,0.0,0.0,0.0,0.0,0.0,0.0,0.0,0.0,0.0,0.0,0.0,0.0,0.0,0.0,0.0,0.0,0.0,0.0,0.0,0.0,0.0,0.0,0.0,0.0,0.0,0.0,0.0,0.0,0.0,0.0,0.0,0.0,0.0,0.0,0.0,0.0,0.0,0.0,0.0,0.0,0.0,0.0
1230,0.0,0.0,0.0,0.0,0.0,0.0,0.0,0.0,0.0,0.0,0.0,0.0,0.0,0.0,0.0,0.0,0.0,0.0,0.0,0.0,0.0,0.0,0.0,0.0,0.0,0.0,0.0,0.0,0.0,0.0,0.0,0.0,0.0,0.0,0.0,0.0,0.0,0.0,0.0,0.0,0.0,0.0,0.0,0.0,0.0,0.0,0.0,0.0,0.0,0.0,0.0,0.0,0.0,0.0,0.0,0.0,0.0,0.0,0.0,0.0,0.0,0.0,0.0,0.0,0.0,0.0,0.0,0.0,0.0,0.0,0.0,0.0,0.0,0.0,0.0,0.0,0.0
1231,0.0,0.0,0.0,0.0,0.0,0.0,0.0,0.0,0.0,0.0,0.0,0.0,0.0,0.0,0.0,0.0,0.0,0.0,0.0,0.0,0.0,0.0,0.0,0.0,0.0,0.0,0.0,0.0,0.0,0.0,0.0,0.0,0.0,0.0,0.0,0.0,0.0,0.0,0.0,0.0,0.0,0.0,0.0,0.0,0.0,0.0,0.0,0.0,0.0,0.0,0.0,0.0,0.0,0.0,0.0,0.0,0.0,0.0,0.0,0.0,0.0,0.0,0.0,0.0,0.0,0.0,0.0,0.0,0.0,0.0,0.0,0.0,0.0,0.0,0.0,0.0,0.0
1232,0.0,0.0,0.0,0.0,0.0,0.0,0.0,0.0,0.0,0.0,0.0,0.0,0.0,0.0,0.0,0.0,0.0,0.0,0.0,0.0,0.0,0.0,0.0,0.0,0.0,0.0,0.0,0.0,0.0,0.0,0.0,0.0,0.0,0.0,0.0,0.0,0.0,0.0,0.0,0.0,0.0,0.0,0.0,0.0,0.0,0.0,0.0,0.0,0.0,0.0,0.0,0.0,0.0,0.0,0.0,0.0,0.0,0.0,0.0,0.0,0.0,0.0,0.0,0.0,0.0,0.0,0.0,0.0,0.0,0.0,0.0,0.0,0.0,0.0,0.0,0.0,0.0
1233,0.0,0.0,0.0,0.0,0.0,0.0,0.0,0.0,0.0,0.0,0.0,0.0,0.0,0.0,0.0,0.0,0.0,0.0,0.0,0.0,0.0,0.0,0.0,0.0,0.0,0.0,0.0,0.0,0.0,0.0,0.0,0.0,0.0,0.0,0.0,0.0,0.0,0.0,0.0,0.0,0.0,0.0,0.0,0.0,0.0,0.0,0.0,0.0,0.0,0.0,0.0,0.0,0.0,0.0,0.0,0.0,0.0,0.0,0.0,0.0,0.0,0.0,0.0,0.0,0.0,0.0,0.0,0.0,0.0,0.0,0.0,0.0,0.0,0.0,0.0,0.0,0.0
1234,0.0,0.0,0.0,0.0,0.0,0.0,0.0,0.0,0.0,0.0,0.0,0.0,0.0,0.0,0.0,0.0,0.0,0.0,0.0,0.0,0.0,0.0,0.0,0.0,0.0,0.0,0.0,0.0,0.0,0.0,0.0,0.0,0.0,0.0,0.0,0.0,0.0,0.0,0.0,0.0,0.0,0.0,0.0,0.0,0.0,0.0,0.0,0.0,0.0,0.0,0.0,0.0,0.0,0.0,0.0,0.0,0.0,0.0,0.0,0.0,0.0,0.0,0.0,0.0,0.0,0.0,0.0,0.0,0.0,0.0,0.0,0.0,0.0,0.0,0.0,0.0,0.0
1235,0.0,0.0,0.0,0.0,0.0,0.0,0.0,0.0,0.0,0.0,0.0,0.0,0.0,0.0,0.0,0.0,0.0,0.0,0.0,0.0,0.0,0.0,0.0,0.0,0.0,0.0,0.0,0.0,0.0,0.0,0.0,0.0,0.0,0.0,0.0,0.0,0.0,0.0,0.0,0.0,0.0,0.0,0.0,0.0,0.0,0.0,0.0,0.0,0.0,0.0,0.0,0.0,0.0,0.0,0.0,0.0,0.0,0.0,0.0,0.0,0.0,0.0,0.0,0.0,0.0,0.0,0.0,0.0,0.0,0.0,0.0,0.0,0.0,0.0,0.0,0.0,0.0
1236,0.0,0.0,0.0,0.0,0.0,0.0,0.0,0.0,0.0,0.0,0.0,0.0,0.0,0.0,0.0,0.0,0.0,0.0,0.0,0.0,0.0,0.0,0.0,0.0,0.0,0.0,0.0,0.0,0.0,0.0,0.0,0.0,0.0,0.0,0.0,0.0,0.0,0.0,0.0,0.0,0.0,0.0,0.0,0.0,0.0,0.0,0.0,0.0,0.0,0.0,0.0,0.0,0.0,0.0,0.0,0.0,0.0,0.0,0.0,0.0,0.0,0.0,0.0,0.0,0.0,0.0,0.0,0.0,0.0,0.0,0.0,0.0,0.0,0.0,0.0,0.0,0.0
1237,0.0,0.0,0.0,0.0,0.0,0.0,0.0,0.0,0.0,0.0,0.0,0.0,0.0,0.0,0.0,0.0,0.0,0.0,0.0,0.0,0.0,0.0,0.0,0.0,0.0,0.0,0.0,0.0,0.0,0.0,0.0,0.0,0.0,0.0,0.0,0.0,0.0,0.0,0.0,0.0,0.0,0.0,0.0,0.0,0.0,0.0,0.0,0.0,0.0,0.0,0.0,0.0,0.0,0.0,0.0,0.0,0.0,0.0,0.0,0.0,0.0,0.0,0.0,0.0,0.0,0.0,0.0,0.0,0.0,0.0,0.0,0.0,0.0,0.0,0.0,0.0,0.0
1238,0.0,0.0,0.0,0.0,0.0,0.0,0.0,0.0,0.0,0.0,0.0,0.0,0.0,0.0,0.0,0.0,0.0,0.0,0.0,0.0,0.0,0.0,0.0,0.0,0.0,0.0,0.0,0.0,0.0,0.0,0.0,0.0,0.0,0.0,0.0,0.0,0.0,0.0,0.0,0.0,0.0,0.0,0.0,0.0,0.0,0.0,0.0,0.0,0.0,0.0,0.0,0.0,0.0,0.0,0.0,0.0,0.0,0.0,0.0,0.0,0.0,0.0,0.0,0.0,0.0,0.0,0.0,0.0,0.0,0.0,0.0,0.0,0.0,0.0,0.0,0.0,0.0
1239,0.0,0.0,0.0,0.0,0.0,0.0,0.0,0.0,0.0,0.0,0.0,0.0,0.0,0.0,0.0,0.0,0.0,0.0,0.0,0.0,0.0,0.0,0.0,0.0,0.0,0.0,0.0,0.0,0.0,0.0,0.0,0.0,0.0,0.0,0.0,0.0,0.0,0.0,0.0,0.0,0.0,0.0,0.0,0.0,0.0,0.0,0.0,0.0,0.0,0.0,0.0,0.0,0.0,0.0,0.0,0.0,0.0,0.0,0.0,0.0,0.0,0.0,0.0,0.0,0.0,0.0,0.0,0.0,0.0,0.0,0.0,0.0,0.0,0.0,0.0,0.0,0.0
1240,0.0,0.0,0.0,0.0,0.0,0.0,0.0,0.0,0.0,0.0,0.0,0.0,0.0,0.0,0.0,0.0,0.0,0.0,0.0,0.0,0.0,0.0,0.0,0.0,0.0,0.0,0.0,0.0,0.0,0.0,0.0,0.0,0.0,0.0,0.0,0.0,0.0,0.0,0.0,0.0,0.0,0.0,0.0,0.0,0.0,0.0,0.0,0.0,0.0,0.0,0.0,0.0,0.0,0.0,0.0,0.0,0.0,0.0,0.0,0.0,0.0,0.0,0.0,0.0,0.0,0.0,0.0,0.0,0.0,0.0,0.0,0.0,0.0,0.0,0.0,0.0,0.0
1241,0.0,0.0,0.0,0.0,0.0,0.0,0.0,0.0,0.0,0.0,0.0,0.0,0.0,0.0,0.0,0.0,0.0,0.0,0.0,0.0,0.0,0.0,0.0,0.0,0.0,0.0,0.0,0.0,0.0,0.0,0.0,0.0,0.0,0.0,0.0,0.0,0.0,0.0,0.0,0.0,0.0,0.0,0.0,0.0,0.0,0.0,0.0,0.0,0.0,0.0,0.0,0.0,0.0,0.0,0.0,0.0,0.0,0.0,0.0,0.0,0.0,0.0,0.0,0.0,0.0,0.0,0.0,0.0,0.0,0.0,0.0,0.0,0.0,0.0,0.0,0.0,0.0
1242,0.0,0.0,0.0,0.0,0.0,0.0,0.0,0.0,0.0,0.0,0.0,0.0,0.0,0.0,0.0,0.0,0.0,0.0,0.0,0.0,0.0,0.0,0.0,0.0,0.0,0.0,0.0,0.0,0.0,0.0,0.0,0.0,0.0,0.0,0.0,0.0,0.0,0.0,0.0,0.0,0.0,0.0,0.0,0.0,0.0,0.0,0.0,0.0,0.0,0.0,0.0,0.0,0.0,0.0,0.0,0.0,0.0,0.0,0.0,0.0,0.0,0.0,0.0,0.0,0.0,0.0,0.0,0.0,0.0,0.0,0.0,0.0,0.0,0.0,0.0,0.0,0.0
1243,0.0,0.0,0.0,0.0,0.0,0.0,0.0,0.0,0.0,0.0,0.0,0.0,0.0,0.0,0.0,0.0,0.0,0.0,0.0,0.0,0.0,0.0,0.0,0.0,0.0,0.0,0.0,0.0,0.0,0.0,0.0,0.0,0.0,0.0,0.0,0.0,0.0,0.0,0.0,0.0,0.0,0.0,0.0,0.0,0.0,0.0,0.0,0.0,0.0,0.0,0.0,0.0,0.0,0.0,0.0,0.0,0.0,0.0,0.0,0.0,0.0,0.0,0.0,0.0,0.0,0.0,0.0,0.0,0.0,0.0,0.0,0.0,0.0,0.0,0.0,0.0,0.0
1244,0.0,0.0,0.0,0.0,0.0,0.0,0.0,0.0,0.0,0.0,0.0,0.0,0.0,0.0,0.0,0.0,0.0,0.0,0.0,0.0,0.0,0.0,0.0,0.0,0.0,0.0,0.0,0.0,0.0,0.0,0.0,0.0,0.0,0.0,0.0,0.0,0.0,0.0,0.0,0.0,0.0,0.0,0.0,0.0,0.0,0.0,0.0,0.0,0.0,0.0,0.0,0.0,0.0,0.0,0.0,0.0,0.0,0.0,0.0,0.0,0.0,0.0,0.0,0.0,0.0,0.0,0.0,0.0,0.0,0.0,0.0,0.0,0.0,0.0,0.0,0.0,0.0
1245,0.0,0.0,0.0,0.0,0.0,0.0,0.0,0.0,0.0,0.0,0.0,0.0,0.0,0.0,0.0,0.0,0.0,0.0,0.0,0.0,0.0,0.0,0.0,0.0,0.0,0.0,0.0,0.0,0.0,0.0,0.0,0.0,0.0,0.0,0.0,0.0,0.0,0.0,0.0,0.0,0.0,0.0,0.0,0.0,0.0,0.0,0.0,0.0,0.0,0.0,0.0,0.0,0.0,0.0,0.0,0.0,0.0,0.0,0.0,0.0,0.0,0.0,0.0,0.0,0.0,0.0,0.0,0.0,0.0,0.0,0.0,0.0,0.0,0.0,0.0,0.0,0.0
1246,0.0,0.0,0.0,0.0,0.0,0.0,0.0,0.0,0.0,0.0,0.0,0.0,0.0,0.0,0.0,0.0,0.0,0.0,0.0,0.0,0.0,0.0,0.0,0.0,0.0,0.0,0.0,0.0,0.0,0.0,0.0,0.0,0.0,0.0,0.0,0.0,0.0,0.0,0.0,0.0,0.0,0.0,0.0,0.0,0.0,0.0,0.0,0.0,0.0,0.0,0.0,0.0,0.0,0.0,0.0,0.0,0.0,0.0,0.0,0.0,0.0,0.0,0.0,0.0,0.0,0.0,0.0,0.0,0.0,0.0,0.0,0.0,0.0,0.0,0.0,0.0,0.0
1247,0.0,0.0,0.0,0.0,0.0,0.0,0.0,0.0,0.0,0.0,0.0,0.0,0.0,0.0,0.0,0.0,0.0,0.0,0.0,0.0,0.0,0.0,0.0,0.0,0.0,0.0,0.0,0.0,0.0,0.0,0.0,0.0,0.0,0.0,0.0,0.0,0.0,0.0,0.0,0.0,0.0,0.0,0.0,0.0,0.0,0.0,0.0,0.0,0.0,0.0,0.0,0.0,0.0,0.0,0.0,0.0,0.0,0.0,0.0,0.0,0.0,0.0,0.0,0.0,0.0,0.0,0.0,0.0,0.0,0.0,0.0,0.0,0.0,0.0,0.0,0.0,0.0
1248,0.0,0.0,0.0,0.0,0.0,0.0,0.0,0.0,0.0,0.0,0.0,0.0,0.0,0.0,0.0,0.0,0.0,0.0,0.0,0.0,0.0,0.0,0.0,0.0,0.0,0.0,0.0,0.0,0.0,0.0,0.0,0.0,0.0,0.0,0.0,0.0,0.0,0.0,0.0,0.0,0.0,0.0,0.0,0.0,0.0,0.0,0.0,0.0,0.0,0.0,0.0,0.0,0.0,0.0,0.0,0.0,0.0,0.0,0.0,0.0,0.0,0.0,0.0,0.0,0.0,0.0,0.0,0.0,0.0,0.0,0.0,0.0,0.0,0.0,0.0,0.0,0.0
1249,0.0,0.0,0.0,0.0,0.0,0.0,0.0,0.0,0.0,0.0,0.0,0.0,0.0,0.0,0.0,0.0,0.0,0.0,0.0,0.0,0.0,0.0,0.0,0.0,0.0,0.0,0.0,0.0,0.0,0.0,0.0,0.0,0.0,0.0,0.0,0.0,0.0,0.0,0.0,0.0,0.0,0.0,0.0,0.0,0.0,0.0,0.0,0.0,0.0,0.0,0.0,0.0,0.0,0.0,0.0,0.0,0.0,0.0,0.0,0.0,0.0,0.0,0.0,0.0,0.0,0.0,0.0,0.0,0.0,0.0,0.0,0.0,0.0,0.0,0.0,0.0,0.0
1250,0.0,0.0,0.0,0.0,0.0,0.0,0.0,0.0,0.0,0.0,0.0,0.0,0.0,0.0,0.0,0.0,0.0,0.0,0.0,0.0,0.0,0.0,0.0,0.0,0.0,0.0,0.0,0.0,0.0,0.0,0.0,0.0,0.0,0.0,0.0,0.0,0.0,0.0,0.0,0.0,0.0,0.0,0.0,0.0,0.0,0.0,0.0,0.0,0.0,0.0,0.0,0.0,0.0,0.0,0.0,0.0,0.0,0.0,0.0,0.0,0.0,0.0,0.0,0.0,0.0,0.0,0.0,0.0,0.0,0.0,0.0,0.0,0.0,0.0,0.0,0.0,0.0
1251,0.0,0.0,0.0,0.0,0.0,0.0,0.0,0.0,0.0,0.0,0.0,0.0,0.0,0.0,0.0,0.0,0.0,0.0,0.0,0.0,0.0,0.0,0.0,0.0,0.0,0.0,0.0,0.0,0.0,0.0,0.0,0.0,0.0,0.0,0.0,0.0,0.0,0.0,0.0,0.0,0.0,0.0,0.0,0.0,0.0,0.0,0.0,0.0,0.0,0.0,0.0,0.0,0.0,0.0,0.0,0.0,0.0,0.0,0.0,0.0,0.0,0.0,0.0,0.0,0.0,0.0,0.0,0.0,0.0,0.0,0.0,0.0,0.0,0.0,0.0,0.0,0.0
1252,0.0,0.0,0.0,0.0,0.0,0.0,0.0,0.0,0.0,0.0,0.0,0.0,0.0,0.0,0.0,0.0,0.0,0.0,0.0,0.0,0.0,0.0,0.0,0.0,0.0,0.0,0.0,0.0,0.0,0.0,0.0,0.0,0.0,0.0,0.0,0.0,0.0,0.0,0.0,0.0,0.0,0.0,0.0,0.0,0.0,0.0,0.0,0.0,0.0,0.0,0.0,0.0,0.0,0.0,0.0,0.0,0.0,0.0,0.0,0.0,0.0,0.0,0.0,0.0,0.0,0.0,0.0,0.0,0.0,0.0,0.0,0.0,0.0,0.0,0.0,0.0,0.0
1253,0.0,0.0,0.0,0.0,0.0,0.0,0.0,0.0,0.0,0.0,0.0,0.0,0.0,0.0,0.0,0.0,0.0,0.0,0.0,0.0,0.0,0.0,0.0,0.0,0.0,0.0,0.0,0.0,0.0,0.0,0.0,0.0,0.0,0.0,0.0,0.0,0.0,0.0,0.0,0.0,0.0,0.0,0.0,0.0,0.0,0.0,0.0,0.0,0.0,0.0,0.0,0.0,0.0,0.0,0.0,0.0,0.0,0.0,0.0,0.0,0.0,0.0,0.0,0.0,0.0,0.0,0.0,0.0,0.0,0.0,0.0,0.0,0.0,0.0,0.0,0.0,0.0
1254,0.0,0.0,0.0,0.0,0.0,0.0,0.0,0.0,0.0,0.0,0.0,0.0,0.0,0.0,0.0,0.0,0.0,0.0,0.0,0.0,0.0,0.0,0.0,0.0,0.0,0.0,0.0,0.0,0.0,0.0,0.0,0.0,0.0,0.0,0.0,0.0,0.0,0.0,0.0,0.0,0.0,0.0,0.0,0.0,0.0,0.0,0.0,0.0,0.0,0.0,0.0,0.0,0.0,0.0,0.0,0.0,0.0,0.0,0.0,0.0,0.0,0.0,0.0,0.0,0.0,0.0,0.0,0.0,0.0,0.0,0.0,0.0,0.0,0.0,0.0,0.0,0.0
1255,0.0,0.0,0.0,0.0,0.0,0.0,0.0,0.0,0.0,0.0,0.0,0.0,0.0,0.0,0.0,0.0,0.0,0.0,0.0,0.0,0.0,0.0,0.0,0.0,0.0,0.0,0.0,0.0,0.0,0.0,0.0,0.0,0.0,0.0,0.0,0.0,0.0,0.0,0.0,0.0,0.0,0.0,0.0,0.0,0.0,0.0,0.0,0.0,0.0,0.0,0.0,0.0,0.0,0.0,0.0,0.0,0.0,0.0,0.0,0.0,0.0,0.0,0.0,0.0,0.0,0.0,0.0,0.0,0.0,0.0,0.0,0.0,0.0,0.0,0.0,0.0,0.0
1256,0.0,0.0,0.0,0.0,0.0,0.0,0.0,0.0,0.0,0.0,0.0,0.0,0.0,0.0,0.0,0.0,0.0,0.0,0.0,0.0,0.0,0.0,0.0,0.0,0.0,0.0,0.0,0.0,0.0,0.0,0.0,0.0,0.0,0.0,0.0,0.0,0.0,0.0,0.0,0.0,0.0,0.0,0.0,0.0,0.0,0.0,0.0,0.0,0.0,0.0,0.0,0.0,0.0,0.0,0.0,0.0,0.0,0.0,0.0,0.0,0.0,0.0,0.0,0.0,0.0,0.0,0.0,0.0,0.0,0.0,0.0,0.0,0.0,0.0,0.0,0.0,0.0
1257,0.0,0.0,0.0,0.0,0.0,0.0,0.0,0.0,0.0,0.0,0.0,0.0,0.0,0.0,0.0,0.0,0.0,0.0,0.0,0.0,0.0,0.0,0.0,0.0,0.0,0.0,0.0,0.0,0.0,0.0,0.0,0.0,0.0,0.0,0.0,0.0,0.0,0.0,0.0,0.0,0.0,0.0,0.0,0.0,0.0,0.0,0.0,0.0,0.0,0.0,0.0,0.0,0.0,0.0,0.0,0.0,0.0,0.0,0.0,0.0,0.0,0.0,0.0,0.0,0.0,0.0,0.0,0.0,0.0,0.0,0.0,0.0,0.0,0.0,0.0,0.0,0.0
1258,0.0,0.0,0.0,0.0,0.0,0.0,0.0,0.0,0.0,0.0,0.0,0.0,0.0,0.0,0.0,0.0,0.0,0.0,0.0,0.0,0.0,0.0,0.0,0.0,0.0,0.0,0.0,0.0,0.0,0.0,0.0,0.0,0.0,0.0,0.0,0.0,0.0,0.0,0.0,0.0,0.0,0.0,0.0,0.0,0.0,0.0,0.0,0.0,0.0,0.0,0.0,0.0,0.0,0.0,0.0,0.0,0.0,0.0,0.0,0.0,0.0,0.0,0.0,0.0,0.0,0.0,0.0,0.0,0.0,0.0,0.0,0.0,0.0,0.0,0.0,0.0,0.0
1259,0.0,0.0,0.0,0.0,0.0,0.0,0.0,0.0,0.0,0.0,0.0,0.0,0.0,0.0,0.0,0.0,0.0,0.0,0.0,0.0,0.0,0.0,0.0,0.0,0.0,0.0,0.0,0.0,0.0,0.0,0.0,0.0,0.0,0.0,0.0,0.0,0.0,0.0,0.0,0.0,0.0,0.0,0.0,0.0,0.0,0.0,0.0,0.0,0.0,0.0,0.0,0.0,0.0,0.0,0.0,0.0,0.0,0.0,0.0,0.0,0.0,0.0,0.0,0.0,0.0,0.0,0.0,0.0,0.0,0.0,0.0,0.0,0.0,0.0,0.0,0.0,0.0
1260,0.0,0.0,0.0,0.0,0.0,0.0,0.0,0.0,0.0,0.0,0.0,0.0,0.0,0.0,0.0,0.0,0.0,0.0,0.0,0.0,0.0,0.0,0.0,0.0,0.0,0.0,0.0,0.0,0.0,0.0,0.0,0.0,0.0,0.0,0.0,0.0,0.0,0.0,0.0,0.0,0.0,0.0,0.0,0.0,0.0,0.0,0.0,0.0,0.0,0.0,0.0,0.0,0.0,0.0,0.0,0.0,0.0,0.0,0.0,0.0,0.0,0.0,0.0,0.0,0.0,0.0,0.0,0.0,0.0,0.0,0.0,0.0,0.0,0.0,0.0,0.0,0.0
1261,0.0,0.0,0.0,0.0,0.0,0.0,0.0,0.0,0.0,0.0,0.0,0.0,0.0,0.0,0.0,0.0,0.0,0.0,0.0,0.0,0.0,0.0,0.0,0.0,0.0,0.0,0.0,0.0,0.0,0.0,0.0,0.0,0.0,0.0,0.0,0.0,0.0,0.0,0.0,0.0,0.0,0.0,0.0,0.0,0.0,0.0,0.0,0.0,0.0,0.0,0.0,0.0,0.0,0.0,0.0,0.0,0.0,0.0,0.0,0.0,0.0,0.0,0.0,0.0,0.0,0.0,0.0,0.0,0.0,0.0,0.0,0.0,0.0,0.0,0.0,0.0,0.0
1262,0.0,0.0,0.0,0.0,0.0,0.0,0.0,0.0,0.0,0.0,0.0,0.0,0.0,0.0,0.0,0.0,0.0,0.0,0.0,0.0,0.0,0.0,0.0,0.0,0.0,0.0,0.0,0.0,0.0,0.0,0.0,0.0,0.0,0.0,0.0,0.0,0.0,0.0,0.0,0.0,0.0,0.0,0.0,0.0,0.0,0.0,0.0,0.0,0.0,0.0,0.0,0.0,0.0,0.0,0.0,0.0,0.0,0.0,0.0,0.0,0.0,0.0,0.0,0.0,0.0,0.0,0.0,0.0,0.0,0.0,0.0,0.0,0.0,0.0,0.0,0.0,0.0
1263,0.0,0.0,0.0,0.0,0.0,0.0,0.0,0.0,0.0,0.0,0.0,0.0,0.0,0.0,0.0,0.0,0.0,0.0,0.0,0.0,0.0,0.0,0.0,0.0,0.0,0.0,0.0,0.0,0.0,0.0,0.0,0.0,0.0,0.0,0.0,0.0,0.0,0.0,0.0,0.0,0.0,0.0,0.0,0.0,0.0,0.0,0.0,0.0,0.0,0.0,0.0,0.0,0.0,0.0,0.0,0.0,0.0,0.0,0.0,0.0,0.0,0.0,0.0,0.0,0.0,0.0,0.0,0.0,0.0,0.0,0.0,0.0,0.0,0.0,0.0,0.0,0.0
1264,0.0,0.0,0.0,0.0,0.0,0.0,0.0,0.0,0.0,0.0,0.0,0.0,0.0,0.0,0.0,0.0,0.0,0.0,0.0,0.0,0.0,0.0,0.0,0.0,0.0,0.0,0.0,0.0,0.0,0.0,0.0,0.0,0.0,0.0,0.0,0.0,0.0,0.0,0.0,0.0,0.0,0.0,0.0,0.0,0.0,0.0,0.0,0.0,0.0,0.0,0.0,0.0,0.0,0.0,0.0,0.0,0.0,0.0,0.0,0.0,0.0,0.0,0.0,0.0,0.0,0.0,0.0,0.0,0.0,0.0,0.0,0.0,0.0,0.0,0.0,0.0,0.0
1265,0.0,0.0,0.0,0.0,0.0,0.0,0.0,0.0,0.0,0.0,0.0,0.0,0.0,0.0,0.0,0.0,0.0,0.0,0.0,0.0,0.0,0.0,0.0,0.0,0.0,0.0,0.0,0.0,0.0,0.0,0.0,0.0,0.0,0.0,0.0,0.0,0.0,0.0,0.0,0.0,0.0,0.0,0.0,0.0,0.0,0.0,0.0,0.0,0.0,0.0,0.0,0.0,0.0,0.0,0.0,0.0,0.0,0.0,0.0,0.0,0.0,0.0,0.0,0.0,0.0,0.0,0.0,0.0,0.0,0.0,0.0,0.0,0.0,0.0,0.0,0.0,0.0
1266,0.0,0.0,0.0,0.0,0.0,0.0,0.0,0.0,0.0,0.0,0.0,0.0,0.0,0.0,0.0,0.0,0.0,0.0,0.0,0.0,0.0,0.0,0.0,0.0,0.0,0.0,0.0,0.0,0.0,0.0,0.0,0.0,0.0,0.0,0.0,0.0,0.0,0.0,0.0,0.0,0.0,0.0,0.0,0.0,0.0,0.0,0.0,0.0,0.0,0.0,0.0,0.0,0.0,0.0,0.0,0.0,0.0,0.0,0.0,0.0,0.0,0.0,0.0,0.0,0.0,0.0,0.0,0.0,0.0,0.0,0.0,0.0,0.0,0.0,0.0,0.0,0.0
1267,0.0,0.0,0.0,0.0,0.0,0.0,0.0,0.0,0.0,0.0,0.0,0.0,0.0,0.0,0.0,0.0,0.0,0.0,0.0,0.0,0.0,0.0,0.0,0.0,0.0,0.0,0.0,0.0,0.0,0.0,0.0,0.0,0.0,0.0,0.0,0.0,0.0,0.0,0.0,0.0,0.0,0.0,0.0,0.0,0.0,0.0,0.0,0.0,0.0,0.0,0.0,0.0,0.0,0.0,0.0,0.0,0.0,0.0,0.0,0.0,0.0,0.0,0.0,0.0,0.0,0.0,0.0,0.0,0.0,0.0,0.0,0.0,0.0,0.0,0.0,0.0,0.0
1268,0.0,0.0,0.0,0.0,0.0,0.0,0.0,0.0,0.0,0.0,0.0,0.0,0.0,0.0,0.0,0.0,0.0,0.0,0.0,0.0,0.0,0.0,0.0,0.0,0.0,0.0,0.0,0.0,0.0,0.0,0.0,0.0,0.0,0.0,0.0,0.0,0.0,0.0,0.0,0.0,0.0,0.0,0.0,0.0,0.0,0.0,0.0,0.0,0.0,0.0,0.0,0.0,0.0,0.0,0.0,0.0,0.0,0.0,0.0,0.0,0.0,0.0,0.0,0.0,0.0,0.0,0.0,0.0,0.0,0.0,0.0,0.0,0.0,0.0,0.0,0.0,0.0
1269,0.0,0.0,0.0,0.0,0.0,0.0,0.0,0.0,0.0,0.0,0.0,0.0,0.0,0.0,0.0,0.0,0.0,0.0,0.0,0.0,0.0,0.0,0.0,0.0,0.0,0.0,0.0,0.0,0.0,0.0,0.0,0.0,0.0,0.0,0.0,0.0,0.0,0.0,0.0,0.0,0.0,0.0,0.0,0.0,0.0,0.0,0.0,0.0,0.0,0.0,0.0,0.0,0.0,0.0,0.0,0.0,0.0,0.0,0.0,0.0,0.0,0.0,0.0,0.0,0.0,0.0,0.0,0.0,0.0,0.0,0.0,0.0,0.0,0.0,0.0,0.0,0.0
1270,0.0,0.0,0.0,0.0,0.0,0.0,0.0,0.0,0.0,0.0,0.0,0.0,0.0,0.0,0.0,0.0,0.0,0.0,0.0,0.0,0.0,0.0,0.0,0.0,0.0,0.0,0.0,0.0,0.0,0.0,0.0,0.0,0.0,0.0,0.0,0.0,0.0,0.0,0.0,0.0,0.0,0.0,0.0,0.0,0.0,0.0,0.0,0.0,0.0,0.0,0.0,0.0,0.0,0.0,0.0,0.0,0.0,0.0,0.0,0.0,0.0,0.0,0.0,0.0,0.0,0.0,0.0,0.0,0.0,0.0,0.0,0.0,0.0,0.0,0.0,0.0,0.0
1271,0.0,0.0,0.0,0.0,0.0,0.0,0.0,0.0,0.0,0.0,0.0,0.0,0.0,0.0,0.0,0.0,0.0,0.0,0.0,0.0,0.0,0.0,0.0,0.0,0.0,0.0,0.0,0.0,0.0,0.0,0.0,0.0,0.0,0.0,0.0,0.0,0.0,0.0,0.0,0.0,0.0,0.0,0.0,0.0,0.0,0.0,0.0,0.0,0.0,0.0,0.0,0.0,0.0,0.0,0.0,0.0,0.0,0.0,0.0,0.0,0.0,0.0,0.0,0.0,0.0,0.0,0.0,0.0,0.0,0.0,0.0,0.0,0.0,0.0,0.0,0.0,0.0
1272,0.0,0.0,0.0,0.0,0.0,0.0,0.0,0.0,0.0,0.0,0.0,0.0,0.0,0.0,0.0,0.0,0.0,0.0,0.0,0.0,0.0,0.0,0.0,0.0,0.0,0.0,0.0,0.0,0.0,0.0,0.0,0.0,0.0,0.0,0.0,0.0,0.0,0.0,0.0,0.0,0.0,0.0,0.0,0.0,0.0,0.0,0.0,0.0,0.0,0.0,0.0,0.0,0.0,0.0,0.0,0.0,0.0,0.0,0.0,0.0,0.0,0.0,0.0,0.0,0.0,0.0,0.0,0.0,0.0,0.0,0.0,0.0,0.0,0.0,0.0,0.0,0.0
1273,0.0,0.0,0.0,0.0,0.0,0.0,0.0,0.0,0.0,0.0,0.0,0.0,0.0,0.0,0.0,0.0,0.0,0.0,0.0,0.0,0.0,0.0,0.0,0.0,0.0,0.0,0.0,0.0,0.0,0.0,0.0,0.0,0.0,0.0,0.0,0.0,0.0,0.0,0.0,0.0,0.0,0.0,0.0,0.0,0.0,0.0,0.0,0.0,0.0,0.0,0.0,0.0,0.0,0.0,0.0,0.0,0.0,0.0,0.0,0.0,0.0,0.0,0.0,0.0,0.0,0.0,0.0,0.0,0.0,0.0,0.0,0.0,0.0,0.0,0.0,0.0,0.0
1274,0.0,0.0,0.0,0.0,0.0,0.0,0.0,0.0,0.0,0.0,0.0,0.0,0.0,0.0,0.0,0.0,0.0,0.0,0.0,0.0,0.0,0.0,0.0,0.0,0.0,0.0,0.0,0.0,0.0,0.0,0.0,0.0,0.0,0.0,0.0,0.0,0.0,0.0,0.0,0.0,0.0,0.0,0.0,0.0,0.0,0.0,0.0,0.0,0.0,0.0,0.0,0.0,0.0,0.0,0.0,0.0,0.0,0.0,0.0,0.0,0.0,0.0,0.0,0.0,0.0,0.0,0.0,0.0,0.0,0.0,0.0,0.0,0.0,0.0,0.0,0.0,0.0
1275,0.0,0.0,0.0,0.0,0.0,0.0,0.0,0.0,0.0,0.0,0.0,0.0,0.0,0.0,0.0,0.0,0.0,0.0,0.0,0.0,0.0,0.0,0.0,0.0,0.0,0.0,0.0,0.0,0.0,0.0,0.0,0.0,0.0,0.0,0.0,0.0,0.0,0.0,0.0,0.0,0.0,0.0,0.0,0.0,0.0,0.0,0.0,0.0,0.0,0.0,0.0,0.0,0.0,0.0,0.0,0.0,0.0,0.0,0.0,0.0,0.0,0.0,0.0,0.0,0.0,0.0,0.0,0.0,0.0,0.0,0.0,0.0,0.0,0.0,0.0,0.0,0.0
1276,0.0,0.0,0.0,0.0,0.0,0.0,0.0,0.0,0.0,0.0,0.0,0.0,0.0,0.0,0.0,0.0,0.0,0.0,0.0,0.0,0.0,0.0,0.0,0.0,0.0,0.0,0.0,0.0,0.0,0.0,0.0,0.0,0.0,0.0,0.0,0.0,0.0,0.0,0.0,0.0,0.0,0.0,0.0,0.0,0.0,0.0,0.0,0.0,0.0,0.0,0.0,0.0,0.0,0.0,0.0,0.0,0.0,0.0,0.0,0.0,0.0,0.0,0.0,0.0,0.0,0.0,0.0,0.0,0.0,0.0,0.0,0.0,0.0,0.0,0.0,0.0,0.0
1277,0.0,0.0,0.0,0.0,0.0,0.0,0.0,0.0,0.0,0.0,0.0,0.0,0.0,0.0,0.0,0.0,0.0,0.0,0.0,0.0,0.0,0.0,0.0,0.0,0.0,0.0,0.0,0.0,0.0,0.0,0.0,0.0,0.0,0.0,0.0,0.0,0.0,0.0,0.0,0.0,0.0,0.0,0.0,0.0,0.0,0.0,0.0,0.0,0.0,0.0,0.0,0.0,0.0,0.0,0.0,0.0,0.0,0.0,0.0,0.0,0.0,0.0,0.0,0.0,0.0,0.0,0.0,0.0,0.0,0.0,0.0,0.0,0.0,0.0,0.0,0.0,0.0
1278,0.0,0.0,0.0,0.0,0.0,0.0,0.0,0.0,0.0,0.0,0.0,0.0,0.0,0.0,0.0,0.0,0.0,0.0,0.0,0.0,0.0,0.0,0.0,0.0,0.0,0.0,0.0,0.0,0.0,0.0,0.0,0.0,0.0,0.0,0.0,0.0,0.0,0.0,0.0,0.0,0.0,0.0,0.0,0.0,0.0,0.0,0.0,0.0,0.0,0.0,0.0,0.0,0.0,0.0,0.0,0.0,0.0,0.0,0.0,0.0,0.0,0.0,0.0,0.0,0.0,0.0,0.0,0.0,0.0,0.0,0.0,0.0,0.0,0.0,0.0,0.0,0.0
1279,0.0,0.0,0.0,0.0,0.0,0.0,0.0,0.0,0.0,0.0,0.0,0.0,0.0,0.0,0.0,0.0,0.0,0.0,0.0,0.0,0.0,0.0,0.0,0.0,0.0,0.0,0.0,0.0,0.0,0.0,0.0,0.0,0.0,0.0,0.0,0.0,0.0,0.0,0.0,0.0,0.0,0.0,0.0,0.0,0.0,0.0,0.0,0.0,0.0,0.0,0.0,0.0,0.0,0.0,0.0,0.0,0.0,0.0,0.0,0.0,0.0,0.0,0.0,0.0,0.0,0.0,0.0,0.0,0.0,0.0,0.0,0.0,0.0,0.0,0.0,0.0,0.0
1280,0.0,0.0,0.0,0.0,0.0,0.0,0.0,0.0,0.0,0.0,0.0,0.0,0.0,0.0,0.0,0.0,0.0,0.0,0.0,0.0,0.0,0.0,0.0,0.0,0.0,0.0,0.0,0.0,0.0,0.0,0.0,0.0,0.0,0.0,0.0,0.0,0.0,0.0,0.0,0.0,0.0,0.0,0.0,0.0,0.0,0.0,0.0,0.0,0.0,0.0,0.0,0.0,0.0,0.0,0.0,0.0,0.0,0.0,0.0,0.0,0.0,0.0,0.0,0.0,0.0,0.0,0.0,0.0,0.0,0.0,0.0,0.0,0.0,0.0,0.0,0.0,0.0
1281,0.0,0.0,0.0,0.0,0.0,0.0,0.0,0.0,0.0,0.0,0.0,0.0,0.0,0.0,0.0,0.0,0.0,0.0,0.0,0.0,0.0,0.0,0.0,0.0,0.0,0.0,0.0,0.0,0.0,0.0,0.0,0.0,0.0,0.0,0.0,0.0,0.0,0.0,0.0,0.0,0.0,0.0,0.0,0.0,0.0,0.0,0.0,0.0,0.0,0.0,0.0,0.0,0.0,0.0,0.0,0.0,0.0,0.0,0.0,0.0,0.0,0.0,0.0,0.0,0.0,0.0,0.0,0.0,0.0,0.0,0.0,0.0,0.0,0.0,0.0,0.0,0.0
1282,0.0,0.0,0.0,0.0,0.0,0.0,0.0,0.0,0.0,0.0,0.0,0.0,0.0,0.0,0.0,0.0,0.0,0.0,0.0,0.0,0.0,0.0,0.0,0.0,0.0,0.0,0.0,0.0,0.0,0.0,0.0,0.0,0.0,0.0,0.0,0.0,0.0,0.0,0.0,0.0,0.0,0.0,0.0,0.0,0.0,0.0,0.0,0.0,0.0,0.0,0.0,0.0,0.0,0.0,0.0,0.0,0.0,0.0,0.0,0.0,0.0,0.0,0.0,0.0,0.0,0.0,0.0,0.0,0.0,0.0,0.0,0.0,0.0,0.0,0.0,0.0,0.0
1283,0.0,0.0,0.0,0.0,0.0,0.0,0.0,0.0,0.0,0.0,0.0,0.0,0.0,0.0,0.0,0.0,0.0,0.0,0.0,0.0,0.0,0.0,0.0,0.0,0.0,0.0,0.0,0.0,0.0,0.0,0.0,0.0,0.0,0.0,0.0,0.0,0.0,0.0,0.0,0.0,0.0,0.0,0.0,0.0,0.0,0.0,0.0,0.0,0.0,0.0,0.0,0.0,0.0,0.0,0.0,0.0,0.0,0.0,0.0,0.0,0.0,0.0,0.0,0.0,0.0,0.0,0.0,0.0,0.0,0.0,0.0,0.0,0.0,0.0,0.0,0.0,0.0
1284,0.0,0.0,0.0,0.0,0.0,0.0,0.0,0.0,0.0,0.0,0.0,0.0,0.0,0.0,0.0,0.0,0.0,0.0,0.0,0.0,0.0,0.0,0.0,0.0,0.0,0.0,0.0,0.0,0.0,0.0,0.0,0.0,0.0,0.0,0.0,0.0,0.0,0.0,0.0,0.0,0.0,0.0,0.0,0.0,0.0,0.0,0.0,0.0,0.0,0.0,0.0,0.0,0.0,0.0,0.0,0.0,0.0,0.0,0.0,0.0,0.0,0.0,0.0,0.0,0.0,0.0,0.0,0.0,0.0,0.0,0.0,0.0,0.0,0.0,0.0,0.0,0.0
1285,0.0,0.0,0.0,0.0,0.0,0.0,0.0,0.0,0.0,0.0,0.0,0.0,0.0,0.0,0.0,0.0,0.0,0.0,0.0,0.0,0.0,0.0,0.0,0.0,0.0,0.0,0.0,0.0,0.0,0.0,0.0,0.0,0.0,0.0,0.0,0.0,0.0,0.0,0.0,0.0,0.0,0.0,0.0,0.0,0.0,0.0,0.0,0.0,0.0,0.0,0.0,0.0,0.0,0.0,0.0,0.0,0.0,0.0,0.0,0.0,0.0,0.0,0.0,0.0,0.0,0.0,0.0,0.0,0.0,0.0,0.0,0.0,0.0,0.0,0.0,0.0,0.0
1286,0.0,0.0,0.0,0.0,0.0,0.0,0.0,0.0,0.0,0.0,0.0,0.0,0.0,0.0,0.0,0.0,0.0,0.0,0.0,0.0,0.0,0.0,0.0,0.0,0.0,0.0,0.0,0.0,0.0,0.0,0.0,0.0,0.0,0.0,0.0,0.0,0.0,0.0,0.0,0.0,0.0,0.0,0.0,0.0,0.0,0.0,0.0,0.0,0.0,0.0,0.0,0.0,0.0,0.0,0.0,0.0,0.0,0.0,0.0,0.0,0.0,0.0,0.0,0.0,0.0,0.0,0.0,0.0,0.0,0.0,0.0,0.0,0.0,0.0,0.0,0.0,0.0
1287,0.0,0.0,0.0,0.0,0.0,0.0,0.0,0.0,0.0,0.0,0.0,0.0,0.0,0.0,0.0,0.0,0.0,0.0,0.0,0.0,0.0,0.0,0.0,0.0,0.0,0.0,0.0,0.0,0.0,0.0,0.0,0.0,0.0,0.0,0.0,0.0,0.0,0.0,0.0,0.0,0.0,0.0,0.0,0.0,0.0,0.0,0.0,0.0,0.0,0.0,0.0,0.0,0.0,0.0,0.0,0.0,0.0,0.0,0.0,0.0,0.0,0.0,0.0,0.0,0.0,0.0,0.0,0.0,0.0,0.0,0.0,0.0,0.0,0.0,0.0,0.0,0.0
1288,0.0,0.0,0.0,0.0,0.0,0.0,0.0,0.0,0.0,0.0,0.0,0.0,0.0,0.0,0.0,0.0,0.0,0.0,0.0,0.0,0.0,0.0,0.0,0.0,0.0,0.0,0.0,0.0,0.0,0.0,0.0,0.0,0.0,0.0,0.0,0.0,0.0,0.0,0.0,0.0,0.0,0.0,0.0,0.0,0.0,0.0,0.0,0.0,0.0,0.0,0.0,0.0,0.0,0.0,0.0,0.0,0.0,0.0,0.0,0.0,0.0,0.0,0.0,0.0,0.0,0.0,0.0,0.0,0.0,0.0,0.0,0.0,0.0,0.0,0.0,0.0,0.0
1289,0.0,0.0,0.0,0.0,0.0,0.0,0.0,0.0,0.0,0.0,0.0,0.0,0.0,0.0,0.0,0.0,0.0,0.0,0.0,0.0,0.0,0.0,0.0,0.0,0.0,0.0,0.0,0.0,0.0,0.0,0.0,0.0,0.0,0.0,0.0,0.0,0.0,0.0,0.0,0.0,0.0,0.0,0.0,0.0,0.0,0.0,0.0,0.0,0.0,0.0,0.0,0.0,0.0,0.0,0.0,0.0,0.0,0.0,0.0,0.0,0.0,0.0,0.0,0.0,0.0,0.0,0.0,0.0,0.0,0.0,0.0,0.0,0.0,0.0,0.0,0.0,0.0
1290,0.0,0.0,0.0,0.0,0.0,0.0,0.0,0.0,0.0,0.0,0.0,0.0,0.0,0.0,0.0,0.0,0.0,0.0,0.0,0.0,0.0,0.0,0.0,0.0,0.0,0.0,0.0,0.0,0.0,0.0,0.0,0.0,0.0,0.0,0.0,0.0,0.0,0.0,0.0,0.0,0.0,0.0,0.0,0.0,0.0,0.0,0.0,0.0,0.0,0.0,0.0,0.0,0.0,0.0,0.0,0.0,0.0,0.0,0.0,0.0,0.0,0.0,0.0,0.0,0.0,0.0,0.0,0.0,0.0,0.0,0.0,0.0,0.0,0.0,0.0,0.0,0.0
1291,0.0,0.0,0.0,0.0,0.0,0.0,0.0,0.0,0.0,0.0,0.0,0.0,0.0,0.0,0.0,0.0,0.0,0.0,0.0,0.0,0.0,0.0,0.0,0.0,0.0,0.0,0.0,0.0,0.0,0.0,0.0,0.0,0.0,0.0,0.0,0.0,0.0,0.0,0.0,0.0,0.0,0.0,0.0,0.0,0.0,0.0,0.0,0.0,0.0,0.0,0.0,0.0,0.0,0.0,0.0,0.0,0.0,0.0,0.0,0.0,0.0,0.0,0.0,0.0,0.0,0.0,0.0,0.0,0.0,0.0,0.0,0.0,0.0,0.0,0.0,0.0,0.0
1292,0.0,0.0,0.0,0.0,0.0,0.0,0.0,0.0,0.0,0.0,0.0,0.0,0.0,0.0,0.0,0.0,0.0,0.0,0.0,0.0,0.0,0.0,0.0,0.0,0.0,0.0,0.0,0.0,0.0,0.0,0.0,0.0,0.0,0.0,0.0,0.0,0.0,0.0,0.0,0.0,0.0,0.0,0.0,0.0,0.0,0.0,0.0,0.0,0.0,0.0,0.0,0.0,0.0,0.0,0.0,0.0,0.0,0.0,0.0,0.0,0.0,0.0,0.0,0.0,0.0,0.0,0.0,0.0,0.0,0.0,0.0,0.0,0.0,0.0,0.0,0.0,0.0
1293,0.0,0.0,0.0,0.0,0.0,0.0,0.0,0.0,0.0,0.0,0.0,0.0,0.0,0.0,0.0,0.0,0.0,0.0,0.0,0.0,0.0,0.0,0.0,0.0,0.0,0.0,0.0,0.0,0.0,0.0,0.0,0.0,0.0,0.0,0.0,0.0,0.0,0.0,0.0,0.0,0.0,0.0,0.0,0.0,0.0,0.0,0.0,0.0,0.0,0.0,0.0,0.0,0.0,0.0,0.0,0.0,0.0,0.0,0.0,0.0,0.0,0.0,0.0,0.0,0.0,0.0,0.0,0.0,0.0,0.0,0.0,0.0,0.0,0.0,0.0,0.0,0.0
1294,0.0,0.0,0.0,0.0,0.0,0.0,0.0,0.0,0.0,0.0,0.0,0.0,0.0,0.0,0.0,0.0,0.0,0.0,0.0,0.0,0.0,0.0,0.0,0.0,0.0,0.0,0.0,0.0,0.0,0.0,0.0,0.0,0.0,0.0,0.0,0.0,0.0,0.0,0.0,0.0,0.0,0.0,0.0,0.0,0.0,0.0,0.0,0.0,0.0,0.0,0.0,0.0,0.0,0.0,0.0,0.0,0.0,0.0,0.0,0.0,0.0,0.0,0.0,0.0,0.0,0.0,0.0,0.0,0.0,0.0,0.0,0.0,0.0,0.0,0.0,0.0,0.0
1295,0.0,0.0,0.0,0.0,0.0,0.0,0.0,0.0,0.0,0.0,0.0,0.0,0.0,0.0,0.0,0.0,0.0,0.0,0.0,0.0,0.0,0.0,0.0,0.0,0.0,0.0,0.0,0.0,0.0,0.0,0.0,0.0,0.0,0.0,0.0,0.0,0.0,0.0,0.0,0.0,0.0,0.0,0.0,0.0,0.0,0.0,0.0,0.0,0.0,0.0,0.0,0.0,0.0,0.0,0.0,0.0,0.0,0.0,0.0,0.0,0.0,0.0,0.0,0.0,0.0,0.0,0.0,0.0,0.0,0.0,0.0,0.0,0.0,0.0,0.0,0.0,0.0
1296,0.0,0.0,0.0,0.0,0.0,0.0,0.0,0.0,0.0,0.0,0.0,0.0,0.0,0.0,0.0,0.0,0.0,0.0,0.0,0.0,0.0,0.0,0.0,0.0,0.0,0.0,0.0,0.0,0.0,0.0,0.0,0.0,0.0,0.0,0.0,0.0,0.0,0.0,0.0,0.0,0.0,0.0,0.0,0.0,0.0,0.0,0.0,0.0,0.0,0.0,0.0,0.0,0.0,0.0,0.0,0.0,0.0,0.0,0.0,0.0,0.0,0.0,0.0,0.0,0.0,0.0,0.0,0.0,0.0,0.0,0.0,0.0,0.0,0.0,0.0,0.0,0.0
1297,0.0,0.0,0.0,0.0,0.0,0.0,0.0,0.0,0.0,0.0,0.0,0.0,0.0,0.0,0.0,0.0,0.0,0.0,0.0,0.0,0.0,0.0,0.0,0.0,0.0,0.0,0.0,0.0,0.0,0.0,0.0,0.0,0.0,0.0,0.0,0.0,0.0,0.0,0.0,0.0,0.0,0.0,0.0,0.0,0.0,0.0,0.0,0.0,0.0,0.0,0.0,0.0,0.0,0.0,0.0,0.0,0.0,0.0,0.0,0.0,0.0,0.0,0.0,0.0,0.0,0.0,0.0,0.0,0.0,0.0,0.0,0.0,0.0,0.0,0.0,0.0,0.0
1298,0.0,0.0,0.0,0.0,0.0,0.0,0.0,0.0,0.0,0.0,0.0,0.0,0.0,0.0,0.0,0.0,0.0,0.0,0.0,0.0,0.0,0.0,0.0,0.0,0.0,0.0,0.0,0.0,0.0,0.0,0.0,0.0,0.0,0.0,0.0,0.0,0.0,0.0,0.0,0.0,0.0,0.0,0.0,0.0,0.0,0.0,0.0,0.0,0.0,0.0,0.0,0.0,0.0,0.0,0.0,0.0,0.0,0.0,0.0,0.0,0.0,0.0,0.0,0.0,0.0,0.0,0.0,0.0,0.0,0.0,0.0,0.0,0.0,0.0,0.0,0.0,0.0
1299,0.0,0.0,0.0,0.0,0.0,0.0,0.0,0.0,0.0,0.0,0.0,0.0,0.0,0.0,0.0,0.0,0.0,0.0,0.0,0.0,0.0,0.0,0.0,0.0,0.0,0.0,0.0,0.0,0.0,0.0,0.0,0.0,0.0,0.0,0.0,0.0,0.0,0.0,0.0,0.0,0.0,0.0,0.0,0.0,0.0,0.0,0.0,0.0,0.0,0.0,0.0,0.0,0.0,0.0,0.0,0.0,0.0,0.0,0.0,0.0,0.0,0.0,0.0,0.0,0.0,0.0,0.0,0.0,0.0,0.0,0.0,0.0,0.0,0.0,0.0,0.0,0.0
1300,0.0,0.0,0.0,0.0,0.0,0.0,0.0,0.0,0.0,0.0,0.0,0.0,0.0,0.0,0.0,0.0,0.0,0.0,0.0,0.0,0.0,0.0,0.0,0.0,0.0,0.0,0.0,0.0,0.0,0.0,0.0,0.0,0.0,0.0,0.0,0.0,0.0,0.0,0.0,0.0,0.0,0.0,0.0,0.0,0.0,0.0,0.0,0.0,0.0,0.0,0.0,0.0,0.0,0.0,0.0,0.0,0.0,0.0,0.0,0.0,0.0,0.0,0.0,0.0,0.0,0.0,0.0,0.0,0.0,0.0,0.0,0.0,0.0,0.0,0.0,0.0,0.0
1301,0.0,0.0,0.0,0.0,0.0,0.0,0.0,0.0,0.0,0.0,0.0,0.0,0.0,0.0,0.0,0.0,0.0,0.0,0.0,0.0,0.0,0.0,0.0,0.0,0.0,0.0,0.0,0.0,0.0,0.0,0.0,0.0,0.0,0.0,0.0,0.0,0.0,0.0,0.0,0.0,0.0,0.0,0.0,0.0,0.0,0.0,0.0,0.0,0.0,0.0,0.0,0.0,0.0,0.0,0.0,0.0,0.0,0.0,0.0,0.0,0.0,0.0,0.0,0.0,0.0,0.0,0.0,0.0,0.0,0.0,0.0,0.0,0.0,0.0,0.0,0.0,0.0
1302,0.0,0.0,0.0,0.0,0.0,0.0,0.0,0.0,0.0,0.0,0.0,0.0,0.0,0.0,0.0,0.0,0.0,0.0,0.0,0.0,0.0,0.0,0.0,0.0,0.0,0.0,0.0,0.0,0.0,0.0,0.0,0.0,0.0,0.0,0.0,0.0,0.0,0.0,0.0,0.0,0.0,0.0,0.0,0.0,0.0,0.0,0.0,0.0,0.0,0.0,0.0,0.0,0.0,0.0,0.0,0.0,0.0,0.0,0.0,0.0,0.0,0.0,0.0,0.0,0.0,0.0,0.0,0.0,0.0,0.0,0.0,0.0,0.0,0.0,0.0,0.0,0.0
1303,0.0,0.0,0.0,0.0,0.0,0.0,0.0,0.0,0.0,0.0,0.0,0.0,0.0,0.0,0.0,0.0,0.0,0.0,0.0,0.0,0.0,0.0,0.0,0.0,0.0,0.0,0.0,0.0,0.0,0.0,0.0,0.0,0.0,0.0,0.0,0.0,0.0,0.0,0.0,0.0,0.0,0.0,0.0,0.0,0.0,0.0,0.0,0.0,0.0,0.0,0.0,0.0,0.0,0.0,0.0,0.0,0.0,0.0,0.0,0.0,0.0,0.0,0.0,0.0,0.0,0.0,0.0,0.0,0.0,0.0,0.0,0.0,0.0,0.0,0.0,0.0,0.0
1304,0.0,0.0,0.0,0.0,0.0,0.0,0.0,0.0,0.0,0.0,0.0,0.0,0.0,0.0,0.0,0.0,0.0,0.0,0.0,0.0,0.0,0.0,0.0,0.0,0.0,0.0,0.0,0.0,0.0,0.0,0.0,0.0,0.0,0.0,0.0,0.0,0.0,0.0,0.0,0.0,0.0,0.0,0.0,0.0,0.0,0.0,0.0,0.0,0.0,0.0,0.0,0.0,0.0,0.0,0.0,0.0,0.0,0.0,0.0,0.0,0.0,0.0,0.0,0.0,0.0,0.0,0.0,0.0,0.0,0.0,0.0,0.0,0.0,0.0,0.0,0.0,0.0
1305,0.0,0.0,0.0,0.0,0.0,0.0,0.0,0.0,0.0,0.0,0.0,0.0,0.0,0.0,0.0,0.0,0.0,0.0,0.0,0.0,0.0,0.0,0.0,0.0,0.0,0.0,0.0,0.0,0.0,0.0,0.0,0.0,0.0,0.0,0.0,0.0,0.0,0.0,0.0,0.0,0.0,0.0,0.0,0.0,0.0,0.0,0.0,0.0,0.0,0.0,0.0,0.0,0.0,0.0,0.0,0.0,0.0,0.0,0.0,0.0,0.0,0.0,0.0,0.0,0.0,0.0,0.0,0.0,0.0,0.0,0.0,0.0,0.0,0.0,0.0,0.0,0.0
1306,0.0,0.0,0.0,0.0,0.0,0.0,0.0,0.0,0.0,0.0,0.0,0.0,0.0,0.0,0.0,0.0,0.0,0.0,0.0,0.0,0.0,0.0,0.0,0.0,0.0,0.0,0.0,0.0,0.0,0.0,0.0,0.0,0.0,0.0,0.0,0.0,0.0,0.0,0.0,0.0,0.0,0.0,0.0,0.0,0.0,0.0,0.0,0.0,0.0,0.0,0.0,0.0,0.0,0.0,0.0,0.0,0.0,0.0,0.0,0.0,0.0,0.0,0.0,0.0,0.0,0.0,0.0,0.0,0.0,0.0,0.0,0.0,0.0,0.0,0.0,0.0,0.0
1307,0.0,0.0,0.0,0.0,0.0,0.0,0.0,0.0,0.0,0.0,0.0,0.0,0.0,0.0,0.0,0.0,0.0,0.0,0.0,0.0,0.0,0.0,0.0,0.0,0.0,0.0,0.0,0.0,0.0,0.0,0.0,0.0,0.0,0.0,0.0,0.0,0.0,0.0,0.0,0.0,0.0,0.0,0.0,0.0,0.0,0.0,0.0,0.0,0.0,0.0,0.0,0.0,0.0,0.0,0.0,0.0,0.0,0.0,0.0,0.0,0.0,0.0,0.0,0.0,0.0,0.0,0.0,0.0,0.0,0.0,0.0,0.0,0.0,0.0,0.0,0.0,0.0
1308,0.0,0.0,0.0,0.0,0.0,0.0,0.0,0.0,0.0,0.0,0.0,0.0,0.0,0.0,0.0,0.0,0.0,0.0,0.0,0.0,0.0,0.0,0.0,0.0,0.0,0.0,0.0,0.0,0.0,0.0,0.0,0.0,0.0,0.0,0.0,0.0,0.0,0.0,0.0,0.0,0.0,0.0,0.0,0.0,0.0,0.0,0.0,0.0,0.0,0.0,0.0,0.0,0.0,0.0,0.0,0.0,0.0,0.0,0.0,0.0,0.0,0.0,0.0,0.0,0.0,0.0,0.0,0.0,0.0,0.0,0.0,0.0,0.0,0.0,0.0,0.0,0.0
1309,0.0,0.0,0.0,0.0,0.0,0.0,0.0,0.0,0.0,0.0,0.0,0.0,0.0,0.0,0.0,0.0,0.0,0.0,0.0,0.0,0.0,0.0,0.0,0.0,0.0,0.0,0.0,0.0,0.0,0.0,0.0,0.0,0.0,0.0,0.0,0.0,0.0,0.0,0.0,0.0,0.0,0.0,0.0,0.0,0.0,0.0,0.0,0.0,0.0,0.0,0.0,0.0,0.0,0.0,0.0,0.0,0.0,0.0,0.0,0.0,0.0,0.0,0.0,0.0,0.0,0.0,0.0,0.0,0.0,0.0,0.0,0.0,0.0,0.0,0.0,0.0,0.0
1310,0.0,0.0,0.0,0.0,0.0,0.0,0.0,0.0,0.0,0.0,0.0,0.0,0.0,0.0,0.0,0.0,0.0,0.0,0.0,0.0,0.0,0.0,0.0,0.0,0.0,0.0,0.0,0.0,0.0,0.0,0.0,0.0,0.0,0.0,0.0,0.0,0.0,0.0,0.0,0.0,0.0,0.0,0.0,0.0,0.0,0.0,0.0,0.0,0.0,0.0,0.0,0.0,0.0,0.0,0.0,0.0,0.0,0.0,0.0,0.0,0.0,0.0,0.0,0.0,0.0,0.0,0.0,0.0,0.0,0.0,0.0,0.0,0.0,0.0,0.0,0.0,0.0
1311,0.0,0.0,0.0,0.0,0.0,0.0,0.0,0.0,0.0,0.0,0.0,0.0,0.0,0.0,0.0,0.0,0.0,0.0,0.0,0.0,0.0,0.0,0.0,0.0,0.0,0.0,0.0,0.0,0.0,0.0,0.0,0.0,0.0,0.0,0.0,0.0,0.0,0.0,0.0,0.0,0.0,0.0,0.0,0.0,0.0,0.0,0.0,0.0,0.0,0.0,0.0,0.0,0.0,0.0,0.0,0.0,0.0,0.0,0.0,0.0,0.0,0.0,0.0,0.0,0.0,0.0,0.0,0.0,0.0,0.0,0.0,0.0,0.0,0.0,0.0,0.0,0.0
1312,0.0,0.0,0.0,0.0,0.0,0.0,0.0,0.0,0.0,0.0,0.0,0.0,0.0,0.0,0.0,0.0,0.0,0.0,0.0,0.0,0.0,0.0,0.0,0.0,0.0,0.0,0.0,0.0,0.0,0.0,0.0,0.0,0.0,0.0,0.0,0.0,0.0,0.0,0.0,0.0,0.0,0.0,0.0,0.0,0.0,0.0,0.0,0.0,0.0,0.0,0.0,0.0,0.0,0.0,0.0,0.0,0.0,0.0,0.0,0.0,0.0,0.0,0.0,0.0,0.0,0.0,0.0,0.0,0.0,0.0,0.0,0.0,0.0,0.0,0.0,0.0,0.0
1313,0.0,0.0,0.0,0.0,0.0,0.0,0.0,0.0,0.0,0.0,0.0,0.0,0.0,0.0,0.0,0.0,0.0,0.0,0.0,0.0,0.0,0.0,0.0,0.0,0.0,0.0,0.0,0.0,0.0,0.0,0.0,0.0,0.0,0.0,0.0,0.0,0.0,0.0,0.0,0.0,0.0,0.0,0.0,0.0,0.0,0.0,0.0,0.0,0.0,0.0,0.0,0.0,0.0,0.0,0.0,0.0,0.0,0.0,0.0,0.0,0.0,0.0,0.0,0.0,0.0,0.0,0.0,0.0,0.0,0.0,0.0,0.0,0.0,0.0,0.0,0.0,0.0
1314,0.0,0.0,0.0,0.0,0.0,0.0,0.0,0.0,0.0,0.0,0.0,0.0,0.0,0.0,0.0,0.0,0.0,0.0,0.0,0.0,0.0,0.0,0.0,0.0,0.0,0.0,0.0,0.0,0.0,0.0,0.0,0.0,0.0,0.0,0.0,0.0,0.0,0.0,0.0,0.0,0.0,0.0,0.0,0.0,0.0,0.0,0.0,0.0,0.0,0.0,0.0,0.0,0.0,0.0,0.0,0.0,0.0,0.0,0.0,0.0,0.0,0.0,0.0,0.0,0.0,0.0,0.0,0.0,0.0,0.0,0.0,0.0,0.0,0.0,0.0,0.0,0.0
1315,0.0,0.0,0.0,0.0,0.0,0.0,0.0,0.0,0.0,0.0,0.0,0.0,0.0,0.0,0.0,0.0,0.0,0.0,0.0,0.0,0.0,0.0,0.0,0.0,0.0,0.0,0.0,0.0,0.0,0.0,0.0,0.0,0.0,0.0,0.0,0.0,0.0,0.0,0.0,0.0,0.0,0.0,0.0,0.0,0.0,0.0,0.0,0.0,0.0,0.0,0.0,0.0,0.0,0.0,0.0,0.0,0.0,0.0,0.0,0.0,0.0,0.0,0.0,0.0,0.0,0.0,0.0,0.0,0.0,0.0,0.0,0.0,0.0,0.0,0.0,0.0,0.0
1316,0.0,0.0,0.0,0.0,0.0,0.0,0.0,0.0,0.0,0.0,0.0,0.0,0.0,0.0,0.0,0.0,0.0,0.0,0.0,0.0,0.0,0.0,0.0,0.0,0.0,0.0,0.0,0.0,0.0,0.0,0.0,0.0,0.0,0.0,0.0,0.0,0.0,0.0,0.0,0.0,0.0,0.0,0.0,0.0,0.0,0.0,0.0,0.0,0.0,0.0,0.0,0.0,0.0,0.0,0.0,0.0,0.0,0.0,0.0,0.0,0.0,0.0,0.0,0.0,0.0,0.0,0.0,0.0,0.0,0.0,0.0,0.0,0.0,0.0,0.0,0.0,0.0
1317,0.0,0.0,0.0,0.0,0.0,0.0,0.0,0.0,0.0,0.0,0.0,0.0,0.0,0.0,0.0,0.0,0.0,0.0,0.0,0.0,0.0,0.0,0.0,0.0,0.0,0.0,0.0,0.0,0.0,0.0,0.0,0.0,0.0,0.0,0.0,0.0,0.0,0.0,0.0,0.0,0.0,0.0,0.0,0.0,0.0,0.0,0.0,0.0,0.0,0.0,0.0,0.0,0.0,0.0,0.0,0.0,0.0,0.0,0.0,0.0,0.0,0.0,0.0,0.0,0.0,0.0,0.0,0.0,0.0,0.0,0.0,0.0,0.0,0.0,0.0,0.0,0.0
1318,0.0,0.0,0.0,0.0,0.0,0.0,0.0,0.0,0.0,0.0,0.0,0.0,0.0,0.0,0.0,0.0,0.0,0.0,0.0,0.0,0.0,0.0,0.0,0.0,0.0,0.0,0.0,0.0,0.0,0.0,0.0,0.0,0.0,0.0,0.0,0.0,0.0,0.0,0.0,0.0,0.0,0.0,0.0,0.0,0.0,0.0,0.0,0.0,0.0,0.0,0.0,0.0,0.0,0.0,0.0,0.0,0.0,0.0,0.0,0.0,0.0,0.0,0.0,0.0,0.0,0.0,0.0,0.0,0.0,0.0,0.0,0.0,0.0,0.0,0.0,0.0,0.0
1319,0.0,0.0,0.0,0.0,0.0,0.0,0.0,0.0,0.0,0.0,0.0,0.0,0.0,0.0,0.0,0.0,0.0,0.0,0.0,0.0,0.0,0.0,0.0,0.0,0.0,0.0,0.0,0.0,0.0,0.0,0.0,0.0,0.0,0.0,0.0,0.0,0.0,0.0,0.0,0.0,0.0,0.0,0.0,0.0,0.0,0.0,0.0,0.0,0.0,0.0,0.0,0.0,0.0,0.0,0.0,0.0,0.0,0.0,0.0,0.0,0.0,0.0,0.0,0.0,0.0,0.0,0.0,0.0,0.0,0.0,0.0,0.0,0.0,0.0,0.0,0.0,0.0
1320,0.0,0.0,0.0,0.0,0.0,0.0,0.0,0.0,0.0,0.0,0.0,0.0,0.0,0.0,0.0,0.0,0.0,0.0,0.0,0.0,0.0,0.0,0.0,0.0,0.0,0.0,0.0,0.0,0.0,0.0,0.0,0.0,0.0,0.0,0.0,0.0,0.0,0.0,0.0,0.0,0.0,0.0,0.0,0.0,0.0,0.0,0.0,0.0,0.0,0.0,0.0,0.0,0.0,0.0,0.0,0.0,0.0,0.0,0.0,0.0,0.0,0.0,0.0,0.0,0.0,0.0,0.0,0.0,0.0,0.0,0.0,0.0,0.0,0.0,0.0,0.0,0.0
1321,0.0,0.0,0.0,0.0,0.0,0.0,0.0,0.0,0.0,0.0,0.0,0.0,0.0,0.0,0.0,0.0,0.0,0.0,0.0,0.0,0.0,0.0,0.0,0.0,0.0,0.0,0.0,0.0,0.0,0.0,0.0,0.0,0.0,0.0,0.0,0.0,0.0,0.0,0.0,0.0,0.0,0.0,0.0,0.0,0.0,0.0,0.0,0.0,0.0,0.0,0.0,0.0,0.0,0.0,0.0,0.0,0.0,0.0,0.0,0.0,0.0,0.0,0.0,0.0,0.0,0.0,0.0,0.0,0.0,0.0,0.0,0.0,0.0,0.0,0.0,0.0,0.0
1322,0.0,0.0,0.0,0.0,0.0,0.0,0.0,0.0,0.0,0.0,0.0,0.0,0.0,0.0,0.0,0.0,0.0,0.0,0.0,0.0,0.0,0.0,0.0,0.0,0.0,0.0,0.0,0.0,0.0,0.0,0.0,0.0,0.0,0.0,0.0,0.0,0.0,0.0,0.0,0.0,0.0,0.0,0.0,0.0,0.0,0.0,0.0,0.0,0.0,0.0,0.0,0.0,0.0,0.0,0.0,0.0,0.0,0.0,0.0,0.0,0.0,0.0,0.0,0.0,0.0,0.0,0.0,0.0,0.0,0.0,0.0,0.0,0.0,0.0,0.0,0.0,0.0
1323,0.0,0.0,0.0,0.0,0.0,0.0,0.0,0.0,0.0,0.0,0.0,0.0,0.0,0.0,0.0,0.0,0.0,0.0,0.0,0.0,0.0,0.0,0.0,0.0,0.0,0.0,0.0,0.0,0.0,0.0,0.0,0.0,0.0,0.0,0.0,0.0,0.0,0.0,0.0,0.0,0.0,0.0,0.0,0.0,0.0,0.0,0.0,0.0,0.0,0.0,0.0,0.0,0.0,0.0,0.0,0.0,0.0,0.0,0.0,0.0,0.0,0.0,0.0,0.0,0.0,0.0,0.0,0.0,0.0,0.0,0.0,0.0,0.0,0.0,0.0,0.0,0.0
1324,0.0,0.0,0.0,0.0,0.0,0.0,0.0,0.0,0.0,0.0,0.0,0.0,0.0,0.0,0.0,0.0,0.0,0.0,0.0,0.0,0.0,0.0,0.0,0.0,0.0,0.0,0.0,0.0,0.0,0.0,0.0,0.0,0.0,0.0,0.0,0.0,0.0,0.0,0.0,0.0,0.0,0.0,0.0,0.0,0.0,0.0,0.0,0.0,0.0,0.0,0.0,0.0,0.0,0.0,0.0,0.0,0.0,0.0,0.0,0.0,0.0,0.0,0.0,0.0,0.0,0.0,0.0,0.0,0.0,0.0,0.0,0.0,0.0,0.0,0.0,0.0,0.0
1325,0.0,0.0,0.0,0.0,0.0,0.0,0.0,0.0,0.0,0.0,0.0,0.0,0.0,0.0,0.0,0.0,0.0,0.0,0.0,0.0,0.0,0.0,0.0,0.0,0.0,0.0,0.0,0.0,0.0,0.0,0.0,0.0,0.0,0.0,0.0,0.0,0.0,0.0,0.0,0.0,0.0,0.0,0.0,0.0,0.0,0.0,0.0,0.0,0.0,0.0,0.0,0.0,0.0,0.0,0.0,0.0,0.0,0.0,0.0,0.0,0.0,0.0,0.0,0.0,0.0,0.0,0.0,0.0,0.0,0.0,0.0,0.0,0.0,0.0,0.0,0.0,0.0
1326,0.0,0.0,0.0,0.0,0.0,0.0,0.0,0.0,0.0,0.0,0.0,0.0,0.0,0.0,0.0,0.0,0.0,0.0,0.0,0.0,0.0,0.0,0.0,0.0,0.0,0.0,0.0,0.0,0.0,0.0,0.0,0.0,0.0,0.0,0.0,0.0,0.0,0.0,0.0,0.0,0.0,0.0,0.0,0.0,0.0,0.0,0.0,0.0,0.0,0.0,0.0,0.0,0.0,0.0,0.0,0.0,0.0,0.0,0.0,0.0,0.0,0.0,0.0,0.0,0.0,0.0,0.0,0.0,0.0,0.0,0.0,0.0,0.0,0.0,0.0,0.0,0.0
1327,0.0,0.0,0.0,0.0,0.0,0.0,0.0,0.0,0.0,0.0,0.0,0.0,0.0,0.0,0.0,0.0,0.0,0.0,0.0,0.0,0.0,0.0,0.0,0.0,0.0,0.0,0.0,0.0,0.0,0.0,0.0,0.0,0.0,0.0,0.0,0.0,0.0,0.0,0.0,0.0,0.0,0.0,0.0,0.0,0.0,0.0,0.0,0.0,0.0,0.0,0.0,0.0,0.0,0.0,0.0,0.0,0.0,0.0,0.0,0.0,0.0,0.0,0.0,0.0,0.0,0.0,0.0,0.0,0.0,0.0,0.0,0.0,0.0,0.0,0.0,0.0,0.0
1328,0.0,0.0,0.0,0.0,0.0,0.0,0.0,0.0,0.0,0.0,0.0,0.0,0.0,0.0,0.0,0.0,0.0,0.0,0.0,0.0,0.0,0.0,0.0,0.0,0.0,0.0,0.0,0.0,0.0,0.0,0.0,0.0,0.0,0.0,0.0,0.0,0.0,0.0,0.0,0.0,0.0,0.0,0.0,0.0,0.0,0.0,0.0,0.0,0.0,0.0,0.0,0.0,0.0,0.0,0.0,0.0,0.0,0.0,0.0,0.0,0.0,0.0,0.0,0.0,0.0,0.0,0.0,0.0,0.0,0.0,0.0,0.0,0.0,0.0,0.0,0.0,0.0
1329,0.0,0.0,0.0,0.0,0.0,0.0,0.0,0.0,0.0,0.0,0.0,0.0,0.0,0.0,0.0,0.0,0.0,0.0,0.0,0.0,0.0,0.0,0.0,0.0,0.0,0.0,0.0,0.0,0.0,0.0,0.0,0.0,0.0,0.0,0.0,0.0,0.0,0.0,0.0,0.0,0.0,0.0,0.0,0.0,0.0,0.0,0.0,0.0,0.0,0.0,0.0,0.0,0.0,0.0,0.0,0.0,0.0,0.0,0.0,0.0,0.0,0.0,0.0,0.0,0.0,0.0,0.0,0.0,0.0,0.0,0.0,0.0,0.0,0.0,0.0,0.0,0.0
1330,0.0,0.0,0.0,0.0,0.0,0.0,0.0,0.0,0.0,0.0,0.0,0.0,0.0,0.0,0.0,0.0,0.0,0.0,0.0,0.0,0.0,0.0,0.0,0.0,0.0,0.0,0.0,0.0,0.0,0.0,0.0,0.0,0.0,0.0,0.0,0.0,0.0,0.0,0.0,0.0,0.0,0.0,0.0,0.0,0.0,0.0,0.0,0.0,0.0,0.0,0.0,0.0,0.0,0.0,0.0,0.0,0.0,0.0,0.0,0.0,0.0,0.0,0.0,0.0,0.0,0.0,0.0,0.0,0.0,0.0,0.0,0.0,0.0,0.0,0.0,0.0,0.0
1331,0.0,0.0,0.0,0.0,0.0,0.0,0.0,0.0,0.0,0.0,0.0,0.0,0.0,0.0,0.0,0.0,0.0,0.0,0.0,0.0,0.0,0.0,0.0,0.0,0.0,0.0,0.0,0.0,0.0,0.0,0.0,0.0,0.0,0.0,0.0,0.0,0.0,0.0,0.0,0.0,0.0,0.0,0.0,0.0,0.0,0.0,0.0,0.0,0.0,0.0,0.0,0.0,0.0,0.0,0.0,0.0,0.0,0.0,0.0,0.0,0.0,0.0,0.0,0.0,0.0,0.0,0.0,0.0,0.0,0.0,0.0,0.0,0.0,0.0,0.0,0.0,0.0
1332,0.0,0.0,0.0,0.0,0.0,0.0,0.0,0.0,0.0,0.0,0.0,0.0,0.0,0.0,0.0,0.0,0.0,0.0,0.0,0.0,0.0,0.0,0.0,0.0,0.0,0.0,0.0,0.0,0.0,0.0,0.0,0.0,0.0,0.0,0.0,0.0,0.0,0.0,0.0,0.0,0.0,0.0,0.0,0.0,0.0,0.0,0.0,0.0,0.0,0.0,0.0,0.0,0.0,0.0,0.0,0.0,0.0,0.0,0.0,0.0,0.0,0.0,0.0,0.0,0.0,0.0,0.0,0.0,0.0,0.0,0.0,0.0,0.0,0.0,0.0,0.0,0.0
1333,0.0,0.0,0.0,0.0,0.0,0.0,0.0,0.0,0.0,0.0,0.0,0.0,0.0,0.0,0.0,0.0,0.0,0.0,0.0,0.0,0.0,0.0,0.0,0.0,0.0,0.0,0.0,0.0,0.0,0.0,0.0,0.0,0.0,0.0,0.0,0.0,0.0,0.0,0.0,0.0,0.0,0.0,0.0,0.0,0.0,0.0,0.0,0.0,0.0,0.0,0.0,0.0,0.0,0.0,0.0,0.0,0.0,0.0,0.0,0.0,0.0,0.0,0.0,0.0,0.0,0.0,0.0,0.0,0.0,0.0,0.0,0.0,0.0,0.0,0.0,0.0,0.0
1334,0.0,0.0,0.0,0.0,0.0,0.0,0.0,0.0,0.0,0.0,0.0,0.0,0.0,0.0,0.0,0.0,0.0,0.0,0.0,0.0,0.0,0.0,0.0,0.0,0.0,0.0,0.0,0.0,0.0,0.0,0.0,0.0,0.0,0.0,0.0,0.0,0.0,0.0,0.0,0.0,0.0,0.0,0.0,0.0,0.0,0.0,0.0,0.0,0.0,0.0,0.0,0.0,0.0,0.0,0.0,0.0,0.0,0.0,0.0,0.0,0.0,0.0,0.0,0.0,0.0,0.0,0.0,0.0,0.0,0.0,0.0,0.0,0.0,0.0,0.0,0.0,0.0
1335,0.0,0.0,0.0,0.0,0.0,0.0,0.0,0.0,0.0,0.0,0.0,0.0,0.0,0.0,0.0,0.0,0.0,0.0,0.0,0.0,0.0,0.0,0.0,0.0,0.0,0.0,0.0,0.0,0.0,0.0,0.0,0.0,0.0,0.0,0.0,0.0,0.0,0.0,0.0,0.0,0.0,0.0,0.0,0.0,0.0,0.0,0.0,0.0,0.0,0.0,0.0,0.0,0.0,0.0,0.0,0.0,0.0,0.0,0.0,0.0,0.0,0.0,0.0,0.0,0.0,0.0,0.0,0.0,0.0,0.0,0.0,0.0,0.0,0.0,0.0,0.0,0.0
1336,0.0,0.0,0.0,0.0,0.0,0.0,0.0,0.0,0.0,0.0,0.0,0.0,0.0,0.0,0.0,0.0,0.0,0.0,0.0,0.0,0.0,0.0,0.0,0.0,0.0,0.0,0.0,0.0,0.0,0.0,0.0,0.0,0.0,0.0,0.0,0.0,0.0,0.0,0.0,0.0,0.0,0.0,0.0,0.0,0.0,0.0,0.0,0.0,0.0,0.0,0.0,0.0,0.0,0.0,0.0,0.0,0.0,0.0,0.0,0.0,0.0,0.0,0.0,0.0,0.0,0.0,0.0,0.0,0.0,0.0,0.0,0.0,0.0,0.0,0.0,0.0,0.0
1337,0.0,0.0,0.0,0.0,0.0,0.0,0.0,0.0,0.0,0.0,0.0,0.0,0.0,0.0,0.0,0.0,0.0,0.0,0.0,0.0,0.0,0.0,0.0,0.0,0.0,0.0,0.0,0.0,0.0,0.0,0.0,0.0,0.0,0.0,0.0,0.0,0.0,0.0,0.0,0.0,0.0,0.0,0.0,0.0,0.0,0.0,0.0,0.0,0.0,0.0,0.0,0.0,0.0,0.0,0.0,0.0,0.0,0.0,0.0,0.0,0.0,0.0,0.0,0.0,0.0,0.0,0.0,0.0,0.0,0.0,0.0,0.0,0.0,0.0,0.0,0.0,0.0
1338,0.0,0.0,0.0,0.0,0.0,0.0,0.0,0.0,0.0,0.0,0.0,0.0,0.0,0.0,0.0,0.0,0.0,0.0,0.0,0.0,0.0,0.0,0.0,0.0,0.0,0.0,0.0,0.0,0.0,0.0,0.0,0.0,0.0,0.0,0.0,0.0,0.0,0.0,0.0,0.0,0.0,0.0,0.0,0.0,0.0,0.0,0.0,0.0,0.0,0.0,0.0,0.0,0.0,0.0,0.0,0.0,0.0,0.0,0.0,0.0,0.0,0.0,0.0,0.0,0.0,0.0,0.0,0.0,0.0,0.0,0.0,0.0,0.0,0.0,0.0,0.0,0.0
1339,0.0,0.0,0.0,0.0,0.0,0.0,0.0,0.0,0.0,0.0,0.0,0.0,0.0,0.0,0.0,0.0,0.0,0.0,0.0,0.0,0.0,0.0,0.0,0.0,0.0,0.0,0.0,0.0,0.0,0.0,0.0,0.0,0.0,0.0,0.0,0.0,0.0,0.0,0.0,0.0,0.0,0.0,0.0,0.0,0.0,0.0,0.0,0.0,0.0,0.0,0.0,0.0,0.0,0.0,0.0,0.0,0.0,0.0,0.0,0.0,0.0,0.0,0.0,0.0,0.0,0.0,0.0,0.0,0.0,0.0,0.0,0.0,0.0,0.0,0.0,0.0,0.0
1340,0.0,0.0,0.0,0.0,0.0,0.0,0.0,0.0,0.0,0.0,0.0,0.0,0.0,0.0,0.0,0.0,0.0,0.0,0.0,0.0,0.0,0.0,0.0,0.0,0.0,0.0,0.0,0.0,0.0,0.0,0.0,0.0,0.0,0.0,0.0,0.0,0.0,0.0,0.0,0.0,0.0,0.0,0.0,0.0,0.0,0.0,0.0,0.0,0.0,0.0,0.0,0.0,0.0,0.0,0.0,0.0,0.0,0.0,0.0,0.0,0.0,0.0,0.0,0.0,0.0,0.0,0.0,0.0,0.0,0.0,0.0,0.0,0.0,0.0,0.0,0.0,0.0
1341,0.0,0.0,0.0,0.0,0.0,0.0,0.0,0.0,0.0,0.0,0.0,0.0,0.0,0.0,0.0,0.0,0.0,0.0,0.0,0.0,0.0,0.0,0.0,0.0,0.0,0.0,0.0,0.0,0.0,0.0,0.0,0.0,0.0,0.0,0.0,0.0,0.0,0.0,0.0,0.0,0.0,0.0,0.0,0.0,0.0,0.0,0.0,0.0,0.0,0.0,0.0,0.0,0.0,0.0,0.0,0.0,0.0,0.0,0.0,0.0,0.0,0.0,0.0,0.0,0.0,0.0,0.0,0.0,0.0,0.0,0.0,0.0,0.0,0.0,0.0,0.0,0.0
1342,0.0,0.0,0.0,0.0,0.0,0.0,0.0,0.0,0.0,0.0,0.0,0.0,0.0,0.0,0.0,0.0,0.0,0.0,0.0,0.0,0.0,0.0,0.0,0.0,0.0,0.0,0.0,0.0,0.0,0.0,0.0,0.0,0.0,0.0,0.0,0.0,0.0,0.0,0.0,0.0,0.0,0.0,0.0,0.0,0.0,0.0,0.0,0.0,0.0,0.0,0.0,0.0,0.0,0.0,0.0,0.0,0.0,0.0,0.0,0.0,0.0,0.0,0.0,0.0,0.0,0.0,0.0,0.0,0.0,0.0,0.0,0.0,0.0,0.0,0.0,0.0,0.0
1343,0.0,0.0,0.0,0.0,0.0,0.0,0.0,0.0,0.0,0.0,0.0,0.0,0.0,0.0,0.0,0.0,0.0,0.0,0.0,0.0,0.0,0.0,0.0,0.0,0.0,0.0,0.0,0.0,0.0,0.0,0.0,0.0,0.0,0.0,0.0,0.0,0.0,0.0,0.0,0.0,0.0,0.0,0.0,0.0,0.0,0.0,0.0,0.0,0.0,0.0,0.0,0.0,0.0,0.0,0.0,0.0,0.0,0.0,0.0,0.0,0.0,0.0,0.0,0.0,0.0,0.0,0.0,0.0,0.0,0.0,0.0,0.0,0.0,0.0,0.0,0.0,0.0
1344,0.0,0.0,0.0,0.0,0.0,0.0,0.0,0.0,0.0,0.0,0.0,0.0,0.0,0.0,0.0,0.0,0.0,0.0,0.0,0.0,0.0,0.0,0.0,0.0,0.0,0.0,0.0,0.0,0.0,0.0,0.0,0.0,0.0,0.0,0.0,0.0,0.0,0.0,0.0,0.0,0.0,0.0,0.0,0.0,0.0,0.0,0.0,0.0,0.0,0.0,0.0,0.0,0.0,0.0,0.0,0.0,0.0,0.0,0.0,0.0,0.0,0.0,0.0,0.0,0.0,0.0,0.0,0.0,0.0,0.0,0.0,0.0,0.0,0.0,0.0,0.0,0.0
1345,0.0,0.0,0.0,0.0,0.0,0.0,0.0,0.0,0.0,0.0,0.0,0.0,0.0,0.0,0.0,0.0,0.0,0.0,0.0,0.0,0.0,0.0,0.0,0.0,0.0,0.0,0.0,0.0,0.0,0.0,0.0,0.0,0.0,0.0,0.0,0.0,0.0,0.0,0.0,0.0,0.0,0.0,0.0,0.0,0.0,0.0,0.0,0.0,0.0,0.0,0.0,0.0,0.0,0.0,0.0,0.0,0.0,0.0,0.0,0.0,0.0,0.0,0.0,0.0,0.0,0.0,0.0,0.0,0.0,0.0,0.0,0.0,0.0,0.0,0.0,0.0,0.0
1346,0.0,0.0,0.0,0.0,0.0,0.0,0.0,0.0,0.0,0.0,0.0,0.0,0.0,0.0,0.0,0.0,0.0,0.0,0.0,0.0,0.0,0.0,0.0,0.0,0.0,0.0,0.0,0.0,0.0,0.0,0.0,0.0,0.0,0.0,0.0,0.0,0.0,0.0,0.0,0.0,0.0,0.0,0.0,0.0,0.0,0.0,0.0,0.0,0.0,0.0,0.0,0.0,0.0,0.0,0.0,0.0,0.0,0.0,0.0,0.0,0.0,0.0,0.0,0.0,0.0,0.0,0.0,0.0,0.0,0.0,0.0,0.0,0.0,0.0,0.0,0.0,0.0
1347,0.0,0.0,0.0,0.0,0.0,0.0,0.0,0.0,0.0,0.0,0.0,0.0,0.0,0.0,0.0,0.0,0.0,0.0,0.0,0.0,0.0,0.0,0.0,0.0,0.0,0.0,0.0,0.0,0.0,0.0,0.0,0.0,0.0,0.0,0.0,0.0,0.0,0.0,0.0,0.0,0.0,0.0,0.0,0.0,0.0,0.0,0.0,0.0,0.0,0.0,0.0,0.0,0.0,0.0,0.0,0.0,0.0,0.0,0.0,0.0,0.0,0.0,0.0,0.0,0.0,0.0,0.0,0.0,0.0,0.0,0.0,0.0,0.0,0.0,0.0,0.0,0.0
1348,0.0,0.0,0.0,0.0,0.0,0.0,0.0,0.0,0.0,0.0,0.0,0.0,0.0,0.0,0.0,0.0,0.0,0.0,0.0,0.0,0.0,0.0,0.0,0.0,0.0,0.0,0.0,0.0,0.0,0.0,0.0,0.0,0.0,0.0,0.0,0.0,0.0,0.0,0.0,0.0,0.0,0.0,0.0,0.0,0.0,0.0,0.0,0.0,0.0,0.0,0.0,0.0,0.0,0.0,0.0,0.0,0.0,0.0,0.0,0.0,0.0,0.0,0.0,0.0,0.0,0.0,0.0,0.0,0.0,0.0,0.0,0.0,0.0,0.0,0.0,0.0,0.0
1349,0.0,0.0,0.0,0.0,0.0,0.0,0.0,0.0,0.0,0.0,0.0,0.0,0.0,0.0,0.0,0.0,0.0,0.0,0.0,0.0,0.0,0.0,0.0,0.0,0.0,0.0,0.0,0.0,0.0,0.0,0.0,0.0,0.0,0.0,0.0,0.0,0.0,0.0,0.0,0.0,0.0,0.0,0.0,0.0,0.0,0.0,0.0,0.0,0.0,0.0,0.0,0.0,0.0,0.0,0.0,0.0,0.0,0.0,0.0,0.0,0.0,0.0,0.0,0.0,0.0,0.0,0.0,0.0,0.0,0.0,0.0,0.0,0.0,0.0,0.0,0.0,0.0
1350,0.0,0.0,0.0,0.0,0.0,0.0,0.0,0.0,0.0,0.0,0.0,0.0,0.0,0.0,0.0,0.0,0.0,0.0,0.0,0.0,0.0,0.0,0.0,0.0,0.0,0.0,0.0,0.0,0.0,0.0,0.0,0.0,0.0,0.0,0.0,0.0,0.0,0.0,0.0,0.0,0.0,0.0,0.0,0.0,0.0,0.0,0.0,0.0,0.0,0.0,0.0,0.0,0.0,0.0,0.0,0.0,0.0,0.0,0.0,0.0,0.0,0.0,0.0,0.0,0.0,0.0,0.0,0.0,0.0,0.0,0.0,0.0,0.0,0.0,0.0,0.0,0.0
1351,0.0,0.0,0.0,0.0,0.0,0.0,0.0,0.0,0.0,0.0,0.0,0.0,0.0,0.0,0.0,0.0,0.0,0.0,0.0,0.0,0.0,0.0,0.0,0.0,0.0,0.0,0.0,0.0,0.0,0.0,0.0,0.0,0.0,0.0,0.0,0.0,0.0,0.0,0.0,0.0,0.0,0.0,0.0,0.0,0.0,0.0,0.0,0.0,0.0,0.0,0.0,0.0,0.0,0.0,0.0,0.0,0.0,0.0,0.0,0.0,0.0,0.0,0.0,0.0,0.0,0.0,0.0,0.0,0.0,0.0,0.0,0.0,0.0,0.0,0.0,0.0,0.0
1352,0.0,0.0,0.0,0.0,0.0,0.0,0.0,0.0,0.0,0.0,0.0,0.0,0.0,0.0,0.0,0.0,0.0,0.0,0.0,0.0,0.0,0.0,0.0,0.0,0.0,0.0,0.0,0.0,0.0,0.0,0.0,0.0,0.0,0.0,0.0,0.0,0.0,0.0,0.0,0.0,0.0,0.0,0.0,0.0,0.0,0.0,0.0,0.0,0.0,0.0,0.0,0.0,0.0,0.0,0.0,0.0,0.0,0.0,0.0,0.0,0.0,0.0,0.0,0.0,0.0,0.0,0.0,0.0,0.0,0.0,0.0,0.0,0.0,0.0,0.0,0.0,0.0
1353,0.0,0.0,0.0,0.0,0.0,0.0,0.0,0.0,0.0,0.0,0.0,0.0,0.0,0.0,0.0,0.0,0.0,0.0,0.0,0.0,0.0,0.0,0.0,0.0,0.0,0.0,0.0,0.0,0.0,0.0,0.0,0.0,0.0,0.0,0.0,0.0,0.0,0.0,0.0,0.0,0.0,0.0,0.0,0.0,0.0,0.0,0.0,0.0,0.0,0.0,0.0,0.0,0.0,0.0,0.0,0.0,0.0,0.0,0.0,0.0,0.0,0.0,0.0,0.0,0.0,0.0,0.0,0.0,0.0,0.0,0.0,0.0,0.0,0.0,0.0,0.0,0.0
1354,0.0,0.0,0.0,0.0,0.0,0.0,0.0,0.0,0.0,0.0,0.0,0.0,0.0,0.0,0.0,0.0,0.0,0.0,0.0,0.0,0.0,0.0,0.0,0.0,0.0,0.0,0.0,0.0,0.0,0.0,0.0,0.0,0.0,0.0,0.0,0.0,0.0,0.0,0.0,0.0,0.0,0.0,0.0,0.0,0.0,0.0,0.0,0.0,0.0,0.0,0.0,0.0,0.0,0.0,0.0,0.0,0.0,0.0,0.0,0.0,0.0,0.0,0.0,0.0,0.0,0.0,0.0,0.0,0.0,0.0,0.0,0.0,0.0,0.0,0.0,0.0,0.0
1355,0.0,0.0,0.0,0.0,0.0,0.0,0.0,0.0,0.0,0.0,0.0,0.0,0.0,0.0,0.0,0.0,0.0,0.0,0.0,0.0,0.0,0.0,0.0,0.0,0.0,0.0,0.0,0.0,0.0,0.0,0.0,0.0,0.0,0.0,0.0,0.0,0.0,0.0,0.0,0.0,0.0,0.0,0.0,0.0,0.0,0.0,0.0,0.0,0.0,0.0,0.0,0.0,0.0,0.0,0.0,0.0,0.0,0.0,0.0,0.0,0.0,0.0,0.0,0.0,0.0,0.0,0.0,0.0,0.0,0.0,0.0,0.0,0.0,0.0,0.0,0.0,0.0
1356,0.0,0.0,0.0,0.0,0.0,0.0,0.0,0.0,0.0,0.0,0.0,0.0,0.0,0.0,0.0,0.0,0.0,0.0,0.0,0.0,0.0,0.0,0.0,0.0,0.0,0.0,0.0,0.0,0.0,0.0,0.0,0.0,0.0,0.0,0.0,0.0,0.0,0.0,0.0,0.0,0.0,0.0,0.0,0.0,0.0,0.0,0.0,0.0,0.0,0.0,0.0,0.0,0.0,0.0,0.0,0.0,0.0,0.0,0.0,0.0,0.0,0.0,0.0,0.0,0.0,0.0,0.0,0.0,0.0,0.0,0.0,0.0,0.0,0.0,0.0,0.0,0.0
1357,0.0,0.0,0.0,0.0,0.0,0.0,0.0,0.0,0.0,0.0,0.0,0.0,0.0,0.0,0.0,0.0,0.0,0.0,0.0,0.0,0.0,0.0,0.0,0.0,0.0,0.0,0.0,0.0,0.0,0.0,0.0,0.0,0.0,0.0,0.0,0.0,0.0,0.0,0.0,0.0,0.0,0.0,0.0,0.0,0.0,0.0,0.0,0.0,0.0,0.0,0.0,0.0,0.0,0.0,0.0,0.0,0.0,0.0,0.0,0.0,0.0,0.0,0.0,0.0,0.0,0.0,0.0,0.0,0.0,0.0,0.0,0.0,0.0,0.0,0.0,0.0,0.0
1358,0.0,0.0,0.0,0.0,0.0,0.0,0.0,0.0,0.0,0.0,0.0,0.0,0.0,0.0,0.0,0.0,0.0,0.0,0.0,0.0,0.0,0.0,0.0,0.0,0.0,0.0,0.0,0.0,0.0,0.0,0.0,0.0,0.0,0.0,0.0,0.0,0.0,0.0,0.0,0.0,0.0,0.0,0.0,0.0,0.0,0.0,0.0,0.0,0.0,0.0,0.0,0.0,0.0,0.0,0.0,0.0,0.0,0.0,0.0,0.0,0.0,0.0,0.0,0.0,0.0,0.0,0.0,0.0,0.0,0.0,0.0,0.0,0.0,0.0,0.0,0.0,0.0
1359,0.0,0.0,0.0,0.0,0.0,0.0,0.0,0.0,0.0,0.0,0.0,0.0,0.0,0.0,0.0,0.0,0.0,0.0,0.0,0.0,0.0,0.0,0.0,0.0,0.0,0.0,0.0,0.0,0.0,0.0,0.0,0.0,0.0,0.0,0.0,0.0,0.0,0.0,0.0,0.0,0.0,0.0,0.0,0.0,0.0,0.0,0.0,0.0,0.0,0.0,0.0,0.0,0.0,0.0,0.0,0.0,0.0,0.0,0.0,0.0,0.0,0.0,0.0,0.0,0.0,0.0,0.0,0.0,0.0,0.0,0.0,0.0,0.0,0.0,0.0,0.0,0.0
1360,0.0,0.0,0.0,0.0,0.0,0.0,0.0,0.0,0.0,0.0,0.0,0.0,0.0,0.0,0.0,0.0,0.0,0.0,0.0,0.0,0.0,0.0,0.0,0.0,0.0,0.0,0.0,0.0,0.0,0.0,0.0,0.0,0.0,0.0,0.0,0.0,0.0,0.0,0.0,0.0,0.0,0.0,0.0,0.0,0.0,0.0,0.0,0.0,0.0,0.0,0.0,0.0,0.0,0.0,0.0,0.0,0.0,0.0,0.0,0.0,0.0,0.0,0.0,0.0,0.0,0.0,0.0,0.0,0.0,0.0,0.0,0.0,0.0,0.0,0.0,0.0,0.0
1361,0.0,0.0,0.0,0.0,0.0,0.0,0.0,0.0,0.0,0.0,0.0,0.0,0.0,0.0,0.0,0.0,0.0,0.0,0.0,0.0,0.0,0.0,0.0,0.0,0.0,0.0,0.0,0.0,0.0,0.0,0.0,0.0,0.0,0.0,0.0,0.0,0.0,0.0,0.0,0.0,0.0,0.0,0.0,0.0,0.0,0.0,0.0,0.0,0.0,0.0,0.0,0.0,0.0,0.0,0.0,0.0,0.0,0.0,0.0,0.0,0.0,0.0,0.0,0.0,0.0,0.0,0.0,0.0,0.0,0.0,0.0,0.0,0.0,0.0,0.0,0.0,0.0
1362,0.0,0.0,0.0,0.0,0.0,0.0,0.0,0.0,0.0,0.0,0.0,0.0,0.0,0.0,0.0,0.0,0.0,0.0,0.0,0.0,0.0,0.0,0.0,0.0,0.0,0.0,0.0,0.0,0.0,0.0,0.0,0.0,0.0,0.0,0.0,0.0,0.0,0.0,0.0,0.0,0.0,0.0,0.0,0.0,0.0,0.0,0.0,0.0,0.0,0.0,0.0,0.0,0.0,0.0,0.0,0.0,0.0,0.0,0.0,0.0,0.0,0.0,0.0,0.0,0.0,0.0,0.0,0.0,0.0,0.0,0.0,0.0,0.0,0.0,0.0,0.0,0.0
1363,0.0,0.0,0.0,0.0,0.0,0.0,0.0,0.0,0.0,0.0,0.0,0.0,0.0,0.0,0.0,0.0,0.0,0.0,0.0,0.0,0.0,0.0,0.0,0.0,0.0,0.0,0.0,0.0,0.0,0.0,0.0,0.0,0.0,0.0,0.0,0.0,0.0,0.0,0.0,0.0,0.0,0.0,0.0,0.0,0.0,0.0,0.0,0.0,0.0,0.0,0.0,0.0,0.0,0.0,0.0,0.0,0.0,0.0,0.0,0.0,0.0,0.0,0.0,0.0,0.0,0.0,0.0,0.0,0.0,0.0,0.0,0.0,0.0,0.0,0.0,0.0,0.0
1364,0.0,0.0,0.0,0.0,0.0,0.0,0.0,0.0,0.0,0.0,0.0,0.0,0.0,0.0,0.0,0.0,0.0,0.0,0.0,0.0,0.0,0.0,0.0,0.0,0.0,0.0,0.0,0.0,0.0,0.0,0.0,0.0,0.0,0.0,0.0,0.0,0.0,0.0,0.0,0.0,0.0,0.0,0.0,0.0,0.0,0.0,0.0,0.0,0.0,0.0,0.0,0.0,0.0,0.0,0.0,0.0,0.0,0.0,0.0,0.0,0.0,0.0,0.0,0.0,0.0,0.0,0.0,0.0,0.0,0.0,0.0,0.0,0.0,0.0,0.0,0.0,0.0
1365,0.0,0.0,0.0,0.0,0.0,0.0,0.0,0.0,0.0,0.0,0.0,0.0,0.0,0.0,0.0,0.0,0.0,0.0,0.0,0.0,0.0,0.0,0.0,0.0,0.0,0.0,0.0,0.0,0.0,0.0,0.0,0.0,0.0,0.0,0.0,0.0,0.0,0.0,0.0,0.0,0.0,0.0,0.0,0.0,0.0,0.0,0.0,0.0,0.0,0.0,0.0,0.0,0.0,0.0,0.0,0.0,0.0,0.0,0.0,0.0,0.0,0.0,0.0,0.0,0.0,0.0,0.0,0.0,0.0,0.0,0.0,0.0,0.0,0.0,0.0,0.0,0.0
1366,0.0,0.0,0.0,0.0,0.0,0.0,0.0,0.0,0.0,0.0,0.0,0.0,0.0,0.0,0.0,0.0,0.0,0.0,0.0,0.0,0.0,0.0,0.0,0.0,0.0,0.0,0.0,0.0,0.0,0.0,0.0,0.0,0.0,0.0,0.0,0.0,0.0,0.0,0.0,0.0,0.0,0.0,0.0,0.0,0.0,0.0,0.0,0.0,0.0,0.0,0.0,0.0,0.0,0.0,0.0,0.0,0.0,0.0,0.0,0.0,0.0,0.0,0.0,0.0,0.0,0.0,0.0,0.0,0.0,0.0,0.0,0.0,0.0,0.0,0.0,0.0,0.0
1367,0.0,0.0,0.0,0.0,0.0,0.0,0.0,0.0,0.0,0.0,0.0,0.0,0.0,0.0,0.0,0.0,0.0,0.0,0.0,0.0,0.0,0.0,0.0,0.0,0.0,0.0,0.0,0.0,0.0,0.0,0.0,0.0,0.0,0.0,0.0,0.0,0.0,0.0,0.0,0.0,0.0,0.0,0.0,0.0,0.0,0.0,0.0,0.0,0.0,0.0,0.0,0.0,0.0,0.0,0.0,0.0,0.0,0.0,0.0,0.0,0.0,0.0,0.0,0.0,0.0,0.0,0.0,0.0,0.0,0.0,0.0,0.0,0.0,0.0,0.0,0.0,0.0
1368,0.0,0.0,0.0,0.0,0.0,0.0,0.0,0.0,0.0,0.0,0.0,0.0,0.0,0.0,0.0,0.0,0.0,0.0,0.0,0.0,0.0,0.0,0.0,0.0,0.0,0.0,0.0,0.0,0.0,0.0,0.0,0.0,0.0,0.0,0.0,0.0,0.0,0.0,0.0,0.0,0.0,0.0,0.0,0.0,0.0,0.0,0.0,0.0,0.0,0.0,0.0,0.0,0.0,0.0,0.0,0.0,0.0,0.0,0.0,0.0,0.0,0.0,0.0,0.0,0.0,0.0,0.0,0.0,0.0,0.0,0.0,0.0,0.0,0.0,0.0,0.0,0.0
1369,0.0,0.0,0.0,0.0,0.0,0.0,0.0,0.0,0.0,0.0,0.0,0.0,0.0,0.0,0.0,0.0,0.0,0.0,0.0,0.0,0.0,0.0,0.0,0.0,0.0,0.0,0.0,0.0,0.0,0.0,0.0,0.0,0.0,0.0,0.0,0.0,0.0,0.0,0.0,0.0,0.0,0.0,0.0,0.0,0.0,0.0,0.0,0.0,0.0,0.0,0.0,0.0,0.0,0.0,0.0,0.0,0.0,0.0,0.0,0.0,0.0,0.0,0.0,0.0,0.0,0.0,0.0,0.0,0.0,0.0,0.0,0.0,0.0,0.0,0.0,0.0,0.0
1370,0.0,0.0,0.0,0.0,0.0,0.0,0.0,0.0,0.0,0.0,0.0,0.0,0.0,0.0,0.0,0.0,0.0,0.0,0.0,0.0,0.0,0.0,0.0,0.0,0.0,0.0,0.0,0.0,0.0,0.0,0.0,0.0,0.0,0.0,0.0,0.0,0.0,0.0,0.0,0.0,0.0,0.0,0.0,0.0,0.0,0.0,0.0,0.0,0.0,0.0,0.0,0.0,0.0,0.0,0.0,0.0,0.0,0.0,0.0,0.0,0.0,0.0,0.0,0.0,0.0,0.0,0.0,0.0,0.0,0.0,0.0,0.0,0.0,0.0,0.0,0.0,0.0
1371,0.0,0.0,0.0,0.0,0.0,0.0,0.0,0.0,0.0,0.0,0.0,0.0,0.0,0.0,0.0,0.0,0.0,0.0,0.0,0.0,0.0,0.0,0.0,0.0,0.0,0.0,0.0,0.0,0.0,0.0,0.0,0.0,0.0,0.0,0.0,0.0,0.0,0.0,0.0,0.0,0.0,0.0,0.0,0.0,0.0,0.0,0.0,0.0,0.0,0.0,0.0,0.0,0.0,0.0,0.0,0.0,0.0,0.0,0.0,0.0,0.0,0.0,0.0,0.0,0.0,0.0,0.0,0.0,0.0,0.0,0.0,0.0,0.0,0.0,0.0,0.0,0.0
1372,0.0,0.0,0.0,0.0,0.0,0.0,0.0,0.0,0.0,0.0,0.0,0.0,0.0,0.0,0.0,0.0,0.0,0.0,0.0,0.0,0.0,0.0,0.0,0.0,0.0,0.0,0.0,0.0,0.0,0.0,0.0,0.0,0.0,0.0,0.0,0.0,0.0,0.0,0.0,0.0,0.0,0.0,0.0,0.0,0.0,0.0,0.0,0.0,0.0,0.0,0.0,0.0,0.0,0.0,0.0,0.0,0.0,0.0,0.0,0.0,0.0,0.0,0.0,0.0,0.0,0.0,0.0,0.0,0.0,0.0,0.0,0.0,0.0,0.0,0.0,0.0,0.0
1373,0.0,0.0,0.0,0.0,0.0,0.0,0.0,0.0,0.0,0.0,0.0,0.0,0.0,0.0,0.0,0.0,0.0,0.0,0.0,0.0,0.0,0.0,0.0,0.0,0.0,0.0,0.0,0.0,0.0,0.0,0.0,0.0,0.0,0.0,0.0,0.0,0.0,0.0,0.0,0.0,0.0,0.0,0.0,0.0,0.0,0.0,0.0,0.0,0.0,0.0,0.0,0.0,0.0,0.0,0.0,0.0,0.0,0.0,0.0,0.0,0.0,0.0,0.0,0.0,0.0,0.0,0.0,0.0,0.0,0.0,0.0,0.0,0.0,0.0,0.0,0.0,0.0
1374,0.0,0.0,0.0,0.0,0.0,0.0,0.0,0.0,0.0,0.0,0.0,0.0,0.0,0.0,0.0,0.0,0.0,0.0,0.0,0.0,0.0,0.0,0.0,0.0,0.0,0.0,0.0,0.0,0.0,0.0,0.0,0.0,0.0,0.0,0.0,0.0,0.0,0.0,0.0,0.0,0.0,0.0,0.0,0.0,0.0,0.0,0.0,0.0,0.0,0.0,0.0,0.0,0.0,0.0,0.0,0.0,0.0,0.0,0.0,0.0,0.0,0.0,0.0,0.0,0.0,0.0,0.0,0.0,0.0,0.0,0.0,0.0,0.0,0.0,0.0,0.0,0.0
1375,0.0,0.0,0.0,0.0,0.0,0.0,0.0,0.0,0.0,0.0,0.0,0.0,0.0,0.0,0.0,0.0,0.0,0.0,0.0,0.0,0.0,0.0,0.0,0.0,0.0,0.0,0.0,0.0,0.0,0.0,0.0,0.0,0.0,0.0,0.0,0.0,0.0,0.0,0.0,0.0,0.0,0.0,0.0,0.0,0.0,0.0,0.0,0.0,0.0,0.0,0.0,0.0,0.0,0.0,0.0,0.0,0.0,0.0,0.0,0.0,0.0,0.0,0.0,0.0,0.0,0.0,0.0,0.0,0.0,0.0,0.0,0.0,0.0,0.0,0.0,0.0,0.0
1376,0.0,0.0,0.0,0.0,0.0,0.0,0.0,0.0,0.0,0.0,0.0,0.0,0.0,0.0,0.0,0.0,0.0,0.0,0.0,0.0,0.0,0.0,0.0,0.0,0.0,0.0,0.0,0.0,0.0,0.0,0.0,0.0,0.0,0.0,0.0,0.0,0.0,0.0,0.0,0.0,0.0,0.0,0.0,0.0,0.0,0.0,0.0,0.0,0.0,0.0,0.0,0.0,0.0,0.0,0.0,0.0,0.0,0.0,0.0,0.0,0.0,0.0,0.0,0.0,0.0,0.0,0.0,0.0,0.0,0.0,0.0,0.0,0.0,0.0,0.0,0.0,0.0
1377,0.0,0.0,0.0,0.0,0.0,0.0,0.0,0.0,0.0,0.0,0.0,0.0,0.0,0.0,0.0,0.0,0.0,0.0,0.0,0.0,0.0,0.0,0.0,0.0,0.0,0.0,0.0,0.0,0.0,0.0,0.0,0.0,0.0,0.0,0.0,0.0,0.0,0.0,0.0,0.0,0.0,0.0,0.0,0.0,0.0,0.0,0.0,0.0,0.0,0.0,0.0,0.0,0.0,0.0,0.0,0.0,0.0,0.0,0.0,0.0,0.0,0.0,0.0,0.0,0.0,0.0,0.0,0.0,0.0,0.0,0.0,0.0,0.0,0.0,0.0,0.0,0.0
1378,0.0,0.0,0.0,0.0,0.0,0.0,0.0,0.0,0.0,0.0,0.0,0.0,0.0,0.0,0.0,0.0,0.0,0.0,0.0,0.0,0.0,0.0,0.0,0.0,0.0,0.0,0.0,0.0,0.0,0.0,0.0,0.0,0.0,0.0,0.0,0.0,0.0,0.0,0.0,0.0,0.0,0.0,0.0,0.0,0.0,0.0,0.0,0.0,0.0,0.0,0.0,0.0,0.0,0.0,0.0,0.0,0.0,0.0,0.0,0.0,0.0,0.0,0.0,0.0,0.0,0.0,0.0,0.0,0.0,0.0,0.0,0.0,0.0,0.0,0.0,0.0,0.0
1379,0.0,0.0,0.0,0.0,0.0,0.0,0.0,0.0,0.0,0.0,0.0,0.0,0.0,0.0,0.0,0.0,0.0,0.0,0.0,0.0,0.0,0.0,0.0,0.0,0.0,0.0,0.0,0.0,0.0,0.0,0.0,0.0,0.0,0.0,0.0,0.0,0.0,0.0,0.0,0.0,0.0,0.0,0.0,0.0,0.0,0.0,0.0,0.0,0.0,0.0,0.0,0.0,0.0,0.0,0.0,0.0,0.0,0.0,0.0,0.0,0.0,0.0,0.0,0.0,0.0,0.0,0.0,0.0,0.0,0.0,0.0,0.0,0.0,0.0,0.0,0.0,0.0
1380,0.0,0.0,0.0,0.0,0.0,0.0,0.0,0.0,0.0,0.0,0.0,0.0,0.0,0.0,0.0,0.0,0.0,0.0,0.0,0.0,0.0,0.0,0.0,0.0,0.0,0.0,0.0,0.0,0.0,0.0,0.0,0.0,0.0,0.0,0.0,0.0,0.0,0.0,0.0,0.0,0.0,0.0,0.0,0.0,0.0,0.0,0.0,0.0,0.0,0.0,0.0,0.0,0.0,0.0,0.0,0.0,0.0,0.0,0.0,0.0,0.0,0.0,0.0,0.0,0.0,0.0,0.0,0.0,0.0,0.0,0.0,0.0,0.0,0.0,0.0,0.0,0.0
1381,0.0,0.0,0.0,0.0,0.0,0.0,0.0,0.0,0.0,0.0,0.0,0.0,0.0,0.0,0.0,0.0,0.0,0.0,0.0,0.0,0.0,0.0,0.0,0.0,0.0,0.0,0.0,0.0,0.0,0.0,0.0,0.0,0.0,0.0,0.0,0.0,0.0,0.0,0.0,0.0,0.0,0.0,0.0,0.0,0.0,0.0,0.0,0.0,0.0,0.0,0.0,0.0,0.0,0.0,0.0,0.0,0.0,0.0,0.0,0.0,0.0,0.0,0.0,0.0,0.0,0.0,0.0,0.0,0.0,0.0,0.0,0.0,0.0,0.0,0.0,0.0,0.0
1382,0.0,0.0,0.0,0.0,0.0,0.0,0.0,0.0,0.0,0.0,0.0,0.0,0.0,0.0,0.0,0.0,0.0,0.0,0.0,0.0,0.0,0.0,0.0,0.0,0.0,0.0,0.0,0.0,0.0,0.0,0.0,0.0,0.0,0.0,0.0,0.0,0.0,0.0,0.0,0.0,0.0,0.0,0.0,0.0,0.0,0.0,0.0,0.0,0.0,0.0,0.0,0.0,0.0,0.0,0.0,0.0,0.0,0.0,0.0,0.0,0.0,0.0,0.0,0.0,0.0,0.0,0.0,0.0,0.0,0.0,0.0,0.0,0.0,0.0,0.0,0.0,0.0
1383,0.0,0.0,0.0,0.0,0.0,0.0,0.0,0.0,0.0,0.0,0.0,0.0,0.0,0.0,0.0,0.0,0.0,0.0,0.0,0.0,0.0,0.0,0.0,0.0,0.0,0.0,0.0,0.0,0.0,0.0,0.0,0.0,0.0,0.0,0.0,0.0,0.0,0.0,0.0,0.0,0.0,0.0,0.0,0.0,0.0,0.0,0.0,0.0,0.0,0.0,0.0,0.0,0.0,0.0,0.0,0.0,0.0,0.0,0.0,0.0,0.0,0.0,0.0,0.0,0.0,0.0,0.0,0.0,0.0,0.0,0.0,0.0,0.0,0.0,0.0,0.0,0.0
1384,0.0,0.0,0.0,0.0,0.0,0.0,0.0,0.0,0.0,0.0,0.0,0.0,0.0,0.0,0.0,0.0,0.0,0.0,0.0,0.0,0.0,0.0,0.0,0.0,0.0,0.0,0.0,0.0,0.0,0.0,0.0,0.0,0.0,0.0,0.0,0.0,0.0,0.0,0.0,0.0,0.0,0.0,0.0,0.0,0.0,0.0,0.0,0.0,0.0,0.0,0.0,0.0,0.0,0.0,0.0,0.0,0.0,0.0,0.0,0.0,0.0,0.0,0.0,0.0,0.0,0.0,0.0,0.0,0.0,0.0,0.0,0.0,0.0,0.0,0.0,0.0,0.0
1385,0.0,0.0,0.0,0.0,0.0,0.0,0.0,0.0,0.0,0.0,0.0,0.0,0.0,0.0,0.0,0.0,0.0,0.0,0.0,0.0,0.0,0.0,0.0,0.0,0.0,0.0,0.0,0.0,0.0,0.0,0.0,0.0,0.0,0.0,0.0,0.0,0.0,0.0,0.0,0.0,0.0,0.0,0.0,0.0,0.0,0.0,0.0,0.0,0.0,0.0,0.0,0.0,0.0,0.0,0.0,0.0,0.0,0.0,0.0,0.0,0.0,0.0,0.0,0.0,0.0,0.0,0.0,0.0,0.0,0.0,0.0,0.0,0.0,0.0,0.0,0.0,0.0
1386,0.0,0.0,0.0,0.0,0.0,0.0,0.0,0.0,0.0,0.0,0.0,0.0,0.0,0.0,0.0,0.0,0.0,0.0,0.0,0.0,0.0,0.0,0.0,0.0,0.0,0.0,0.0,0.0,0.0,0.0,0.0,0.0,0.0,0.0,0.0,0.0,0.0,0.0,0.0,0.0,0.0,0.0,0.0,0.0,0.0,0.0,0.0,0.0,0.0,0.0,0.0,0.0,0.0,0.0,0.0,0.0,0.0,0.0,0.0,0.0,0.0,0.0,0.0,0.0,0.0,0.0,0.0,0.0,0.0,0.0,0.0,0.0,0.0,0.0,0.0,0.0,0.0
1387,0.0,0.0,0.0,0.0,0.0,0.0,0.0,0.0,0.0,0.0,0.0,0.0,0.0,0.0,0.0,0.0,0.0,0.0,0.0,0.0,0.0,0.0,0.0,0.0,0.0,0.0,0.0,0.0,0.0,0.0,0.0,0.0,0.0,0.0,0.0,0.0,0.0,0.0,0.0,0.0,0.0,0.0,0.0,0.0,0.0,0.0,0.0,0.0,0.0,0.0,0.0,0.0,0.0,0.0,0.0,0.0,0.0,0.0,0.0,0.0,0.0,0.0,0.0,0.0,0.0,0.0,0.0,0.0,0.0,0.0,0.0,0.0,0.0,0.0,0.0,0.0,0.0
1388,0.0,0.0,0.0,0.0,0.0,0.0,0.0,0.0,0.0,0.0,0.0,0.0,0.0,0.0,0.0,0.0,0.0,0.0,0.0,0.0,0.0,0.0,0.0,0.0,0.0,0.0,0.0,0.0,0.0,0.0,0.0,0.0,0.0,0.0,0.0,0.0,0.0,0.0,0.0,0.0,0.0,0.0,0.0,0.0,0.0,0.0,0.0,0.0,0.0,0.0,0.0,0.0,0.0,0.0,0.0,0.0,0.0,0.0,0.0,0.0,0.0,0.0,0.0,0.0,0.0,0.0,0.0,0.0,0.0,0.0,0.0,0.0,0.0,0.0,0.0,0.0,0.0
1389,0.0,0.0,0.0,0.0,0.0,0.0,0.0,0.0,0.0,0.0,0.0,0.0,0.0,0.0,0.0,0.0,0.0,0.0,0.0,0.0,0.0,0.0,0.0,0.0,0.0,0.0,0.0,0.0,0.0,0.0,0.0,0.0,0.0,0.0,0.0,0.0,0.0,0.0,0.0,0.0,0.0,0.0,0.0,0.0,0.0,0.0,0.0,0.0,0.0,0.0,0.0,0.0,0.0,0.0,0.0,0.0,0.0,0.0,0.0,0.0,0.0,0.0,0.0,0.0,0.0,0.0,0.0,0.0,0.0,0.0,0.0,0.0,0.0,0.0,0.0,0.0,0.0
1390,0.0,0.0,0.0,0.0,0.0,0.0,0.0,0.0,0.0,0.0,0.0,0.0,0.0,0.0,0.0,0.0,0.0,0.0,0.0,0.0,0.0,0.0,0.0,0.0,0.0,0.0,0.0,0.0,0.0,0.0,0.0,0.0,0.0,0.0,0.0,0.0,0.0,0.0,0.0,0.0,0.0,0.0,0.0,0.0,0.0,0.0,0.0,0.0,0.0,0.0,0.0,0.0,0.0,0.0,0.0,0.0,0.0,0.0,0.0,0.0,0.0,0.0,0.0,0.0,0.0,0.0,0.0,0.0,0.0,0.0,0.0,0.0,0.0,0.0,0.0,0.0,0.0
1391,0.0,0.0,0.0,0.0,0.0,0.0,0.0,0.0,0.0,0.0,0.0,0.0,0.0,0.0,0.0,0.0,0.0,0.0,0.0,0.0,0.0,0.0,0.0,0.0,0.0,0.0,0.0,0.0,0.0,0.0,0.0,0.0,0.0,0.0,0.0,0.0,0.0,0.0,0.0,0.0,0.0,0.0,0.0,0.0,0.0,0.0,0.0,0.0,0.0,0.0,0.0,0.0,0.0,0.0,0.0,0.0,0.0,0.0,0.0,0.0,0.0,0.0,0.0,0.0,0.0,0.0,0.0,0.0,0.0,0.0,0.0,0.0,0.0,0.0,0.0,0.0,0.0
1392,0.0,0.0,0.0,0.0,0.0,0.0,0.0,0.0,0.0,0.0,0.0,0.0,0.0,0.0,0.0,0.0,0.0,0.0,0.0,0.0,0.0,0.0,0.0,0.0,0.0,0.0,0.0,0.0,0.0,0.0,0.0,0.0,0.0,0.0,0.0,0.0,0.0,0.0,0.0,0.0,0.0,0.0,0.0,0.0,0.0,0.0,0.0,0.0,0.0,0.0,0.0,0.0,0.0,0.0,0.0,0.0,0.0,0.0,0.0,0.0,0.0,0.0,0.0,0.0,0.0,0.0,0.0,0.0,0.0,0.0,0.0,0.0,0.0,0.0,0.0,0.0,0.0
1393,0.0,0.0,0.0,0.0,0.0,0.0,0.0,0.0,0.0,0.0,0.0,0.0,0.0,0.0,0.0,0.0,0.0,0.0,0.0,0.0,0.0,0.0,0.0,0.0,0.0,0.0,0.0,0.0,0.0,0.0,0.0,0.0,0.0,0.0,0.0,0.0,0.0,0.0,0.0,0.0,0.0,0.0,0.0,0.0,0.0,0.0,0.0,0.0,0.0,0.0,0.0,0.0,0.0,0.0,0.0,0.0,0.0,0.0,0.0,0.0,0.0,0.0,0.0,0.0,0.0,0.0,0.0,0.0,0.0,0.0,0.0,0.0,0.0,0.0,0.0,0.0,0.0
1394,0.0,0.0,0.0,0.0,0.0,0.0,0.0,0.0,0.0,0.0,0.0,0.0,0.0,0.0,0.0,0.0,0.0,0.0,0.0,0.0,0.0,0.0,0.0,0.0,0.0,0.0,0.0,0.0,0.0,0.0,0.0,0.0,0.0,0.0,0.0,0.0,0.0,0.0,0.0,0.0,0.0,0.0,0.0,0.0,0.0,0.0,0.0,0.0,0.0,0.0,0.0,0.0,0.0,0.0,0.0,0.0,0.0,0.0,0.0,0.0,0.0,0.0,0.0,0.0,0.0,0.0,0.0,0.0,0.0,0.0,0.0,0.0,0.0,0.0,0.0,0.0,0.0
1395,0.0,0.0,0.0,0.0,0.0,0.0,0.0,0.0,0.0,0.0,0.0,0.0,0.0,0.0,0.0,0.0,0.0,0.0,0.0,0.0,0.0,0.0,0.0,0.0,0.0,0.0,0.0,0.0,0.0,0.0,0.0,0.0,0.0,0.0,0.0,0.0,0.0,0.0,0.0,0.0,0.0,0.0,0.0,0.0,0.0,0.0,0.0,0.0,0.0,0.0,0.0,0.0,0.0,0.0,0.0,0.0,0.0,0.0,0.0,0.0,0.0,0.0,0.0,0.0,0.0,0.0,0.0,0.0,0.0,0.0,0.0,0.0,0.0,0.0,0.0,0.0,0.0
1396,0.0,0.0,0.0,0.0,0.0,0.0,0.0,0.0,0.0,0.0,0.0,0.0,0.0,0.0,0.0,0.0,0.0,0.0,0.0,0.0,0.0,0.0,0.0,0.0,0.0,0.0,0.0,0.0,0.0,0.0,0.0,0.0,0.0,0.0,0.0,0.0,0.0,0.0,0.0,0.0,0.0,0.0,0.0,0.0,0.0,0.0,0.0,0.0,0.0,0.0,0.0,0.0,0.0,0.0,0.0,0.0,0.0,0.0,0.0,0.0,0.0,0.0,0.0,0.0,0.0,0.0,0.0,0.0,0.0,0.0,0.0,0.0,0.0,0.0,0.0,0.0,0.0
1397,0.0,0.0,0.0,0.0,0.0,0.0,0.0,0.0,0.0,0.0,0.0,0.0,0.0,0.0,0.0,0.0,0.0,0.0,0.0,0.0,0.0,0.0,0.0,0.0,0.0,0.0,0.0,0.0,0.0,0.0,0.0,0.0,0.0,0.0,0.0,0.0,0.0,0.0,0.0,0.0,0.0,0.0,0.0,0.0,0.0,0.0,0.0,0.0,0.0,0.0,0.0,0.0,0.0,0.0,0.0,0.0,0.0,0.0,0.0,0.0,0.0,0.0,0.0,0.0,0.0,0.0,0.0,0.0,0.0,0.0,0.0,0.0,0.0,0.0,0.0,0.0,0.0
1398,0.0,0.0,0.0,0.0,0.0,0.0,0.0,0.0,0.0,0.0,0.0,0.0,0.0,0.0,0.0,0.0,0.0,0.0,0.0,0.0,0.0,0.0,0.0,0.0,0.0,0.0,0.0,0.0,0.0,0.0,0.0,0.0,0.0,0.0,0.0,0.0,0.0,0.0,0.0,0.0,0.0,0.0,0.0,0.0,0.0,0.0,0.0,0.0,0.0,0.0,0.0,0.0,0.0,0.0,0.0,0.0,0.0,0.0,0.0,0.0,0.0,0.0,0.0,0.0,0.0,0.0,0.0,0.0,0.0,0.0,0.0,0.0,0.0,0.0,0.0,0.0,0.0
1399,0.0,0.0,0.0,0.0,0.0,0.0,0.0,0.0,0.0,0.0,0.0,0.0,0.0,0.0,0.0,0.0,0.0,0.0,0.0,0.0,0.0,0.0,0.0,0.0,0.0,0.0,0.0,0.0,0.0,0.0,0.0,0.0,0.0,0.0,0.0,0.0,0.0,0.0,0.0,0.0,0.0,0.0,0.0,0.0,0.0,0.0,0.0,0.0,0.0,0.0,0.0,0.0,0.0,0.0,0.0,0.0,0.0,0.0,0.0,0.0,0.0,0.0,0.0,0.0,0.0,0.0,0.0,0.0,0.0,0.0,0.0,0.0,0.0,0.0,0.0,0.0,0.0
1400,0.0,0.0,0.0,0.0,0.0,0.0,0.0,0.0,0.0,0.0,0.0,0.0,0.0,0.0,0.0,0.0,0.0,0.0,0.0,0.0,0.0,0.0,0.0,0.0,0.0,0.0,0.0,0.0,0.0,0.0,0.0,0.0,0.0,0.0,0.0,0.0,0.0,0.0,0.0,0.0,0.0,0.0,0.0,0.0,0.0,0.0,0.0,0.0,0.0,0.0,0.0,0.0,0.0,0.0,0.0,0.0,0.0,0.0,0.0,0.0,0.0,0.0,0.0,0.0,0.0,0.0,0.0,0.0,0.0,0.0,0.0,0.0,0.0,0.0,0.0,0.0,0.0
1401,0.0,0.0,0.0,0.0,0.0,0.0,0.0,0.0,0.0,0.0,0.0,0.0,0.0,0.0,0.0,0.0,0.0,0.0,0.0,0.0,0.0,0.0,0.0,0.0,0.0,0.0,0.0,0.0,0.0,0.0,0.0,0.0,0.0,0.0,0.0,0.0,0.0,0.0,0.0,0.0,0.0,0.0,0.0,0.0,0.0,0.0,0.0,0.0,0.0,0.0,0.0,0.0,0.0,0.0,0.0,0.0,0.0,0.0,0.0,0.0,0.0,0.0,0.0,0.0,0.0,0.0,0.0,0.0,0.0,0.0,0.0,0.0,0.0,0.0,0.0,0.0,0.0
1402,0.0,0.0,0.0,0.0,0.0,0.0,0.0,0.0,0.0,0.0,0.0,0.0,0.0,0.0,0.0,0.0,0.0,0.0,0.0,0.0,0.0,0.0,0.0,0.0,0.0,0.0,0.0,0.0,0.0,0.0,0.0,0.0,0.0,0.0,0.0,0.0,0.0,0.0,0.0,0.0,0.0,0.0,0.0,0.0,0.0,0.0,0.0,0.0,0.0,0.0,0.0,0.0,0.0,0.0,0.0,0.0,0.0,0.0,0.0,0.0,0.0,0.0,0.0,0.0,0.0,0.0,0.0,0.0,0.0,0.0,0.0,0.0,0.0,0.0,0.0,0.0,0.0
1403,0.0,0.0,0.0,0.0,0.0,0.0,0.0,0.0,0.0,0.0,0.0,0.0,0.0,0.0,0.0,0.0,0.0,0.0,0.0,0.0,0.0,0.0,0.0,0.0,0.0,0.0,0.0,0.0,0.0,0.0,0.0,0.0,0.0,0.0,0.0,0.0,0.0,0.0,0.0,0.0,0.0,0.0,0.0,0.0,0.0,0.0,0.0,0.0,0.0,0.0,0.0,0.0,0.0,0.0,0.0,0.0,0.0,0.0,0.0,0.0,0.0,0.0,0.0,0.0,0.0,0.0,0.0,0.0,0.0,0.0,0.0,0.0,0.0,0.0,0.0,0.0,0.0
1404,0.0,0.0,0.0,0.0,0.0,0.0,0.0,0.0,0.0,0.0,0.0,0.0,0.0,0.0,0.0,0.0,0.0,0.0,0.0,0.0,0.0,0.0,0.0,0.0,0.0,0.0,0.0,0.0,0.0,0.0,0.0,0.0,0.0,0.0,0.0,0.0,0.0,0.0,0.0,0.0,0.0,0.0,0.0,0.0,0.0,0.0,0.0,0.0,0.0,0.0,0.0,0.0,0.0,0.0,0.0,0.0,0.0,0.0,0.0,0.0,0.0,0.0,0.0,0.0,0.0,0.0,0.0,0.0,0.0,0.0,0.0,0.0,0.0,0.0,0.0,0.0,0.0
1405,0.0,0.0,0.0,0.0,0.0,0.0,0.0,0.0,0.0,0.0,0.0,0.0,0.0,0.0,0.0,0.0,0.0,0.0,0.0,0.0,0.0,0.0,0.0,0.0,0.0,0.0,0.0,0.0,0.0,0.0,0.0,0.0,0.0,0.0,0.0,0.0,0.0,0.0,0.0,0.0,0.0,0.0,0.0,0.0,0.0,0.0,0.0,0.0,0.0,0.0,0.0,0.0,0.0,0.0,0.0,0.0,0.0,0.0,0.0,0.0,0.0,0.0,0.0,0.0,0.0,0.0,0.0,0.0,0.0,0.0,0.0,0.0,0.0,0.0,0.0,0.0,0.0
1406,0.0,0.0,0.0,0.0,0.0,0.0,0.0,0.0,0.0,0.0,0.0,0.0,0.0,0.0,0.0,0.0,0.0,0.0,0.0,0.0,0.0,0.0,0.0,0.0,0.0,0.0,0.0,0.0,0.0,0.0,0.0,0.0,0.0,0.0,0.0,0.0,0.0,0.0,0.0,0.0,0.0,0.0,0.0,0.0,0.0,0.0,0.0,0.0,0.0,0.0,0.0,0.0,0.0,0.0,0.0,0.0,0.0,0.0,0.0,0.0,0.0,0.0,0.0,0.0,0.0,0.0,0.0,0.0,0.0,0.0,0.0,0.0,0.0,0.0,0.0,0.0,0.0
1407,0.0,0.0,0.0,0.0,0.0,0.0,0.0,0.0,0.0,0.0,0.0,0.0,0.0,0.0,0.0,0.0,0.0,0.0,0.0,0.0,0.0,0.0,0.0,0.0,0.0,0.0,0.0,0.0,0.0,0.0,0.0,0.0,0.0,0.0,0.0,0.0,0.0,0.0,0.0,0.0,0.0,0.0,0.0,0.0,0.0,0.0,0.0,0.0,0.0,0.0,0.0,0.0,0.0,0.0,0.0,0.0,0.0,0.0,0.0,0.0,0.0,0.0,0.0,0.0,0.0,0.0,0.0,0.0,0.0,0.0,0.0,0.0,0.0,0.0,0.0,0.0,0.0
1408,0.0,0.0,0.0,0.0,0.0,0.0,0.0,0.0,0.0,0.0,0.0,0.0,0.0,0.0,0.0,0.0,0.0,0.0,0.0,0.0,0.0,0.0,0.0,0.0,0.0,0.0,0.0,0.0,0.0,0.0,0.0,0.0,0.0,0.0,0.0,0.0,0.0,0.0,0.0,0.0,0.0,0.0,0.0,0.0,0.0,0.0,0.0,0.0,0.0,0.0,0.0,0.0,0.0,0.0,0.0,0.0,0.0,0.0,0.0,0.0,0.0,0.0,0.0,0.0,0.0,0.0,0.0,0.0,0.0,0.0,0.0,0.0,0.0,0.0,0.0,0.0,0.0
1409,0.0,0.0,0.0,0.0,0.0,0.0,0.0,0.0,0.0,0.0,0.0,0.0,0.0,0.0,0.0,0.0,0.0,0.0,0.0,0.0,0.0,0.0,0.0,0.0,0.0,0.0,0.0,0.0,0.0,0.0,0.0,0.0,0.0,0.0,0.0,0.0,0.0,0.0,0.0,0.0,0.0,0.0,0.0,0.0,0.0,0.0,0.0,0.0,0.0,0.0,0.0,0.0,0.0,0.0,0.0,0.0,0.0,0.0,0.0,0.0,0.0,0.0,0.0,0.0,0.0,0.0,0.0,0.0,0.0,0.0,0.0,0.0,0.0,0.0,0.0,0.0,0.0
1410,0.0,0.0,0.0,0.0,0.0,0.0,0.0,0.0,0.0,0.0,0.0,0.0,0.0,0.0,0.0,0.0,0.0,0.0,0.0,0.0,0.0,0.0,0.0,0.0,0.0,0.0,0.0,0.0,0.0,0.0,0.0,0.0,0.0,0.0,0.0,0.0,0.0,0.0,0.0,0.0,0.0,0.0,0.0,0.0,0.0,0.0,0.0,0.0,0.0,0.0,0.0,0.0,0.0,0.0,0.0,0.0,0.0,0.0,0.0,0.0,0.0,0.0,0.0,0.0,0.0,0.0,0.0,0.0,0.0,0.0,0.0,0.0,0.0,0.0,0.0,0.0,0.0
1411,0.0,0.0,0.0,0.0,0.0,0.0,0.0,0.0,0.0,0.0,0.0,0.0,0.0,0.0,0.0,0.0,0.0,0.0,0.0,0.0,0.0,0.0,0.0,0.0,0.0,0.0,0.0,0.0,0.0,0.0,0.0,0.0,0.0,0.0,0.0,0.0,0.0,0.0,0.0,0.0,0.0,0.0,0.0,0.0,0.0,0.0,0.0,0.0,0.0,0.0,0.0,0.0,0.0,0.0,0.0,0.0,0.0,0.0,0.0,0.0,0.0,0.0,0.0,0.0,0.0,0.0,0.0,0.0,0.0,0.0,0.0,0.0,0.0,0.0,0.0,0.0,0.0
1412,0.0,0.0,0.0,0.0,0.0,0.0,0.0,0.0,0.0,0.0,0.0,0.0,0.0,0.0,0.0,0.0,0.0,0.0,0.0,0.0,0.0,0.0,0.0,0.0,0.0,0.0,0.0,0.0,0.0,0.0,0.0,0.0,0.0,0.0,0.0,0.0,0.0,0.0,0.0,0.0,0.0,0.0,0.0,0.0,0.0,0.0,0.0,0.0,0.0,0.0,0.0,0.0,0.0,0.0,0.0,0.0,0.0,0.0,0.0,0.0,0.0,0.0,0.0,0.0,0.0,0.0,0.0,0.0,0.0,0.0,0.0,0.0,0.0,0.0,0.0,0.0,0.0
1413,0.0,0.0,0.0,0.0,0.0,0.0,0.0,0.0,0.0,0.0,0.0,0.0,0.0,0.0,0.0,0.0,0.0,0.0,0.0,0.0,0.0,0.0,0.0,0.0,0.0,0.0,0.0,0.0,0.0,0.0,0.0,0.0,0.0,0.0,0.0,0.0,0.0,0.0,0.0,0.0,0.0,0.0,0.0,0.0,0.0,0.0,0.0,0.0,0.0,0.0,0.0,0.0,0.0,0.0,0.0,0.0,0.0,0.0,0.0,0.0,0.0,0.0,0.0,0.0,0.0,0.0,0.0,0.0,0.0,0.0,0.0,0.0,0.0,0.0,0.0,0.0,0.0
1414,0.0,0.0,0.0,0.0,0.0,0.0,0.0,0.0,0.0,0.0,0.0,0.0,0.0,0.0,0.0,0.0,0.0,0.0,0.0,0.0,0.0,0.0,0.0,0.0,0.0,0.0,0.0,0.0,0.0,0.0,0.0,0.0,0.0,0.0,0.0,0.0,0.0,0.0,0.0,0.0,0.0,0.0,0.0,0.0,0.0,0.0,0.0,0.0,0.0,0.0,0.0,0.0,0.0,0.0,0.0,0.0,0.0,0.0,0.0,0.0,0.0,0.0,0.0,0.0,0.0,0.0,0.0,0.0,0.0,0.0,0.0,0.0,0.0,0.0,0.0,0.0,0.0
1415,0.0,0.0,0.0,0.0,0.0,0.0,0.0,0.0,0.0,0.0,0.0,0.0,0.0,0.0,0.0,0.0,0.0,0.0,0.0,0.0,0.0,0.0,0.0,0.0,0.0,0.0,0.0,0.0,0.0,0.0,0.0,0.0,0.0,0.0,0.0,0.0,0.0,0.0,0.0,0.0,0.0,0.0,0.0,0.0,0.0,0.0,0.0,0.0,0.0,0.0,0.0,0.0,0.0,0.0,0.0,0.0,0.0,0.0,0.0,0.0,0.0,0.0,0.0,0.0,0.0,0.0,0.0,0.0,0.0,0.0,0.0,0.0,0.0,0.0,0.0,0.0,0.0
1416,0.0,0.0,0.0,0.0,0.0,0.0,0.0,0.0,0.0,0.0,0.0,0.0,0.0,0.0,0.0,0.0,0.0,0.0,0.0,0.0,0.0,0.0,0.0,0.0,0.0,0.0,0.0,0.0,0.0,0.0,0.0,0.0,0.0,0.0,0.0,0.0,0.0,0.0,0.0,0.0,0.0,0.0,0.0,0.0,0.0,0.0,0.0,0.0,0.0,0.0,0.0,0.0,0.0,0.0,0.0,0.0,0.0,0.0,0.0,0.0,0.0,0.0,0.0,0.0,0.0,0.0,0.0,0.0,0.0,0.0,0.0,0.0,0.0,0.0,0.0,0.0,0.0
1417,0.0,0.0,0.0,0.0,0.0,0.0,0.0,0.0,0.0,0.0,0.0,0.0,0.0,0.0,0.0,0.0,0.0,0.0,0.0,0.0,0.0,0.0,0.0,0.0,0.0,0.0,0.0,0.0,0.0,0.0,0.0,0.0,0.0,0.0,0.0,0.0,0.0,0.0,0.0,0.0,0.0,0.0,0.0,0.0,0.0,0.0,0.0,0.0,0.0,0.0,0.0,0.0,0.0,0.0,0.0,0.0,0.0,0.0,0.0,0.0,0.0,0.0,0.0,0.0,0.0,0.0,0.0,0.0,0.0,0.0,0.0,0.0,0.0,0.0,0.0,0.0,0.0
1418,0.0,0.0,0.0,0.0,0.0,0.0,0.0,0.0,0.0,0.0,0.0,0.0,0.0,0.0,0.0,0.0,0.0,0.0,0.0,0.0,0.0,0.0,0.0,0.0,0.0,0.0,0.0,0.0,0.0,0.0,0.0,0.0,0.0,0.0,0.0,0.0,0.0,0.0,0.0,0.0,0.0,0.0,0.0,0.0,0.0,0.0,0.0,0.0,0.0,0.0,0.0,0.0,0.0,0.0,0.0,0.0,0.0,0.0,0.0,0.0,0.0,0.0,0.0,0.0,0.0,0.0,0.0,0.0,0.0,0.0,0.0,0.0,0.0,0.0,0.0,0.0,0.0
1419,0.0,0.0,0.0,0.0,0.0,0.0,0.0,0.0,0.0,0.0,0.0,0.0,0.0,0.0,0.0,0.0,0.0,0.0,0.0,0.0,0.0,0.0,0.0,0.0,0.0,0.0,0.0,0.0,0.0,0.0,0.0,0.0,0.0,0.0,0.0,0.0,0.0,0.0,0.0,0.0,0.0,0.0,0.0,0.0,0.0,0.0,0.0,0.0,0.0,0.0,0.0,0.0,0.0,0.0,0.0,0.0,0.0,0.0,0.0,0.0,0.0,0.0,0.0,0.0,0.0,0.0,0.0,0.0,0.0,0.0,0.0,0.0,0.0,0.0,0.0,0.0,0.0
1420,0.0,0.0,0.0,0.0,0.0,0.0,0.0,0.0,0.0,0.0,0.0,0.0,0.0,0.0,0.0,0.0,0.0,0.0,0.0,0.0,0.0,0.0,0.0,0.0,0.0,0.0,0.0,0.0,0.0,0.0,0.0,0.0,0.0,0.0,0.0,0.0,0.0,0.0,0.0,0.0,0.0,0.0,0.0,0.0,0.0,0.0,0.0,0.0,0.0,0.0,0.0,0.0,0.0,0.0,0.0,0.0,0.0,0.0,0.0,0.0,0.0,0.0,0.0,0.0,0.0,0.0,0.0,0.0,0.0,0.0,0.0,0.0,0.0,0.0,0.0,0.0,0.0
1421,0.0,0.0,0.0,0.0,0.0,0.0,0.0,0.0,0.0,0.0,0.0,0.0,0.0,0.0,0.0,0.0,0.0,0.0,0.0,0.0,0.0,0.0,0.0,0.0,0.0,0.0,0.0,0.0,0.0,0.0,0.0,0.0,0.0,0.0,0.0,0.0,0.0,0.0,0.0,0.0,0.0,0.0,0.0,0.0,0.0,0.0,0.0,0.0,0.0,0.0,0.0,0.0,0.0,0.0,0.0,0.0,0.0,0.0,0.0,0.0,0.0,0.0,0.0,0.0,0.0,0.0,0.0,0.0,0.0,0.0,0.0,0.0,0.0,0.0,0.0,0.0,0.0
1422,0.0,0.0,0.0,0.0,0.0,0.0,0.0,0.0,0.0,0.0,0.0,0.0,0.0,0.0,0.0,0.0,0.0,0.0,0.0,0.0,0.0,0.0,0.0,0.0,0.0,0.0,0.0,0.0,0.0,0.0,0.0,0.0,0.0,0.0,0.0,0.0,0.0,0.0,0.0,0.0,0.0,0.0,0.0,0.0,0.0,0.0,0.0,0.0,0.0,0.0,0.0,0.0,0.0,0.0,0.0,0.0,0.0,0.0,0.0,0.0,0.0,0.0,0.0,0.0,0.0,0.0,0.0,0.0,0.0,0.0,0.0,0.0,0.0,0.0,0.0,0.0,0.0
1423,0.0,0.0,0.0,0.0,0.0,0.0,0.0,0.0,0.0,0.0,0.0,0.0,0.0,0.0,0.0,0.0,0.0,0.0,0.0,0.0,0.0,0.0,0.0,0.0,0.0,0.0,0.0,0.0,0.0,0.0,0.0,0.0,0.0,0.0,0.0,0.0,0.0,0.0,0.0,0.0,0.0,0.0,0.0,0.0,0.0,0.0,0.0,0.0,0.0,0.0,0.0,0.0,0.0,0.0,0.0,0.0,0.0,0.0,0.0,0.0,0.0,0.0,0.0,0.0,0.0,0.0,0.0,0.0,0.0,0.0,0.0,0.0,0.0,0.0,0.0,0.0,0.0
1424,0.0,0.0,0.0,0.0,0.0,0.0,0.0,0.0,0.0,0.0,0.0,0.0,0.0,0.0,0.0,0.0,0.0,0.0,0.0,0.0,0.0,0.0,0.0,0.0,0.0,0.0,0.0,0.0,0.0,0.0,0.0,0.0,0.0,0.0,0.0,0.0,0.0,0.0,0.0,0.0,0.0,0.0,0.0,0.0,0.0,0.0,0.0,0.0,0.0,0.0,0.0,0.0,0.0,0.0,0.0,0.0,0.0,0.0,0.0,0.0,0.0,0.0,0.0,0.0,0.0,0.0,0.0,0.0,0.0,0.0,0.0,0.0,0.0,0.0,0.0,0.0,0.0
1425,0.0,0.0,0.0,0.0,0.0,0.0,0.0,0.0,0.0,0.0,0.0,0.0,0.0,0.0,0.0,0.0,0.0,0.0,0.0,0.0,0.0,0.0,0.0,0.0,0.0,0.0,0.0,0.0,0.0,0.0,0.0,0.0,0.0,0.0,0.0,0.0,0.0,0.0,0.0,0.0,0.0,0.0,0.0,0.0,0.0,0.0,0.0,0.0,0.0,0.0,0.0,0.0,0.0,0.0,0.0,0.0,0.0,0.0,0.0,0.0,0.0,0.0,0.0,0.0,0.0,0.0,0.0,0.0,0.0,0.0,0.0,0.0,0.0,0.0,0.0,0.0,0.0
1426,0.0,0.0,0.0,0.0,0.0,0.0,0.0,0.0,0.0,0.0,0.0,0.0,0.0,0.0,0.0,0.0,0.0,0.0,0.0,0.0,0.0,0.0,0.0,0.0,0.0,0.0,0.0,0.0,0.0,0.0,0.0,0.0,0.0,0.0,0.0,0.0,0.0,0.0,0.0,0.0,0.0,0.0,0.0,0.0,0.0,0.0,0.0,0.0,0.0,0.0,0.0,0.0,0.0,0.0,0.0,0.0,0.0,0.0,0.0,0.0,0.0,0.0,0.0,0.0,0.0,0.0,0.0,0.0,0.0,0.0,0.0,0.0,0.0,0.0,0.0,0.0,0.0
1427,0.0,0.0,0.0,0.0,0.0,0.0,0.0,0.0,0.0,0.0,0.0,0.0,0.0,0.0,0.0,0.0,0.0,0.0,0.0,0.0,0.0,0.0,0.0,0.0,0.0,0.0,0.0,0.0,0.0,0.0,0.0,0.0,0.0,0.0,0.0,0.0,0.0,0.0,0.0,0.0,0.0,0.0,0.0,0.0,0.0,0.0,0.0,0.0,0.0,0.0,0.0,0.0,0.0,0.0,0.0,0.0,0.0,0.0,0.0,0.0,0.0,0.0,0.0,0.0,0.0,0.0,0.0,0.0,0.0,0.0,0.0,0.0,0.0,0.0,0.0,0.0,0.0
1428,0.0,0.0,0.0,0.0,0.0,0.0,0.0,0.0,0.0,0.0,0.0,0.0,0.0,0.0,0.0,0.0,0.0,0.0,0.0,0.0,0.0,0.0,0.0,0.0,0.0,0.0,0.0,0.0,0.0,0.0,0.0,0.0,0.0,0.0,0.0,0.0,0.0,0.0,0.0,0.0,0.0,0.0,0.0,0.0,0.0,0.0,0.0,0.0,0.0,0.0,0.0,0.0,0.0,0.0,0.0,0.0,0.0,0.0,0.0,0.0,0.0,0.0,0.0,0.0,0.0,0.0,0.0,0.0,0.0,0.0,0.0,0.0,0.0,0.0,0.0,0.0,0.0
1429,0.0,0.0,0.0,0.0,0.0,0.0,0.0,0.0,0.0,0.0,0.0,0.0,0.0,0.0,0.0,0.0,0.0,0.0,0.0,0.0,0.0,0.0,0.0,0.0,0.0,0.0,0.0,0.0,0.0,0.0,0.0,0.0,0.0,0.0,0.0,0.0,0.0,0.0,0.0,0.0,0.0,0.0,0.0,0.0,0.0,0.0,0.0,0.0,0.0,0.0,0.0,0.0,0.0,0.0,0.0,0.0,0.0,0.0,0.0,0.0,0.0,0.0,0.0,0.0,0.0,0.0,0.0,0.0,0.0,0.0,0.0,0.0,0.0,0.0,0.0,0.0,0.0
1430,0.0,0.0,0.0,0.0,0.0,0.0,0.0,0.0,0.0,0.0,0.0,0.0,0.0,0.0,0.0,0.0,0.0,0.0,0.0,0.0,0.0,0.0,0.0,0.0,0.0,0.0,0.0,0.0,0.0,0.0,0.0,0.0,0.0,0.0,0.0,0.0,0.0,0.0,0.0,0.0,0.0,0.0,0.0,0.0,0.0,0.0,0.0,0.0,0.0,0.0,0.0,0.0,0.0,0.0,0.0,0.0,0.0,0.0,0.0,0.0,0.0,0.0,0.0,0.0,0.0,0.0,0.0,0.0,0.0,0.0,0.0,0.0,0.0,0.0,0.0,0.0,0.0
1431,0.0,0.0,0.0,0.0,0.0,0.0,0.0,0.0,0.0,0.0,0.0,0.0,0.0,0.0,0.0,0.0,0.0,0.0,0.0,0.0,0.0,0.0,0.0,0.0,0.0,0.0,0.0,0.0,0.0,0.0,0.0,0.0,0.0,0.0,0.0,0.0,0.0,0.0,0.0,0.0,0.0,0.0,0.0,0.0,0.0,0.0,0.0,0.0,0.0,0.0,0.0,0.0,0.0,0.0,0.0,0.0,0.0,0.0,0.0,0.0,0.0,0.0,0.0,0.0,0.0,0.0,0.0,0.0,0.0,0.0,0.0,0.0,0.0,0.0,0.0,0.0,0.0
1432,0.0,0.0,0.0,0.0,0.0,0.0,0.0,0.0,0.0,0.0,0.0,0.0,0.0,0.0,0.0,0.0,0.0,0.0,0.0,0.0,0.0,0.0,0.0,0.0,0.0,0.0,0.0,0.0,0.0,0.0,0.0,0.0,0.0,0.0,0.0,0.0,0.0,0.0,0.0,0.0,0.0,0.0,0.0,0.0,0.0,0.0,0.0,0.0,0.0,0.0,0.0,0.0,0.0,0.0,0.0,0.0,0.0,0.0,0.0,0.0,0.0,0.0,0.0,0.0,0.0,0.0,0.0,0.0,0.0,0.0,0.0,0.0,0.0,0.0,0.0,0.0,0.0
1433,0.0,0.0,0.0,0.0,0.0,0.0,0.0,0.0,0.0,0.0,0.0,0.0,0.0,0.0,0.0,0.0,0.0,0.0,0.0,0.0,0.0,0.0,0.0,0.0,0.0,0.0,0.0,0.0,0.0,0.0,0.0,0.0,0.0,0.0,0.0,0.0,0.0,0.0,0.0,0.0,0.0,0.0,0.0,0.0,0.0,0.0,0.0,0.0,0.0,0.0,0.0,0.0,0.0,0.0,0.0,0.0,0.0,0.0,0.0,0.0,0.0,0.0,0.0,0.0,0.0,0.0,0.0,0.0,0.0,0.0,0.0,0.0,0.0,0.0,0.0,0.0,0.0
1434,0.0,0.0,0.0,0.0,0.0,0.0,0.0,0.0,0.0,0.0,0.0,0.0,0.0,0.0,0.0,0.0,0.0,0.0,0.0,0.0,0.0,0.0,0.0,0.0,0.0,0.0,0.0,0.0,0.0,0.0,0.0,0.0,0.0,0.0,0.0,0.0,0.0,0.0,0.0,0.0,0.0,0.0,0.0,0.0,0.0,0.0,0.0,0.0,0.0,0.0,0.0,0.0,0.0,0.0,0.0,0.0,0.0,0.0,0.0,0.0,0.0,0.0,0.0,0.0,0.0,0.0,0.0,0.0,0.0,0.0,0.0,0.0,0.0,0.0,0.0,0.0,0.0
1435,0.0,0.0,0.0,0.0,0.0,0.0,0.0,0.0,0.0,0.0,0.0,0.0,0.0,0.0,0.0,0.0,0.0,0.0,0.0,0.0,0.0,0.0,0.0,0.0,0.0,0.0,0.0,0.0,0.0,0.0,0.0,0.0,0.0,0.0,0.0,0.0,0.0,0.0,0.0,0.0,0.0,0.0,0.0,0.0,0.0,0.0,0.0,0.0,0.0,0.0,0.0,0.0,0.0,0.0,0.0,0.0,0.0,0.0,0.0,0.0,0.0,0.0,0.0,0.0,0.0,0.0,0.0,0.0,0.0,0.0,0.0,0.0,0.0,0.0,0.0,0.0,0.0
1436,0.0,0.0,0.0,0.0,0.0,0.0,0.0,0.0,0.0,0.0,0.0,0.0,0.0,0.0,0.0,0.0,0.0,0.0,0.0,0.0,0.0,0.0,0.0,0.0,0.0,0.0,0.0,0.0,0.0,0.0,0.0,0.0,0.0,0.0,0.0,0.0,0.0,0.0,0.0,0.0,0.0,0.0,0.0,0.0,0.0,0.0,0.0,0.0,0.0,0.0,0.0,0.0,0.0,0.0,0.0,0.0,0.0,0.0,0.0,0.0,0.0,0.0,0.0,0.0,0.0,0.0,0.0,0.0,0.0,0.0,0.0,0.0,0.0,0.0,0.0,0.0,0.0
1437,0.0,0.0,0.0,0.0,0.0,0.0,0.0,0.0,0.0,0.0,0.0,0.0,0.0,0.0,0.0,0.0,0.0,0.0,0.0,0.0,0.0,0.0,0.0,0.0,0.0,0.0,0.0,0.0,0.0,0.0,0.0,0.0,0.0,0.0,0.0,0.0,0.0,0.0,0.0,0.0,0.0,0.0,0.0,0.0,0.0,0.0,0.0,0.0,0.0,0.0,0.0,0.0,0.0,0.0,0.0,0.0,0.0,0.0,0.0,0.0,0.0,0.0,0.0,0.0,0.0,0.0,0.0,0.0,0.0,0.0,0.0,0.0,0.0,0.0,0.0,0.0,0.0
1438,0.0,0.0,0.0,0.0,0.0,0.0,0.0,0.0,0.0,0.0,0.0,0.0,0.0,0.0,0.0,0.0,0.0,0.0,0.0,0.0,0.0,0.0,0.0,0.0,0.0,0.0,0.0,0.0,0.0,0.0,0.0,0.0,0.0,0.0,0.0,0.0,0.0,0.0,0.0,0.0,0.0,0.0,0.0,0.0,0.0,0.0,0.0,0.0,0.0,0.0,0.0,0.0,0.0,0.0,0.0,0.0,0.0,0.0,0.0,0.0,0.0,0.0,0.0,0.0,0.0,0.0,0.0,0.0,0.0,0.0,0.0,0.0,0.0,0.0,0.0,0.0,0.0
1439,0.0,0.0,0.0,0.0,0.0,0.0,0.0,0.0,0.0,0.0,0.0,0.0,0.0,0.0,0.0,0.0,0.0,0.0,0.0,0.0,0.0,0.0,0.0,0.0,0.0,0.0,0.0,0.0,0.0,0.0,0.0,0.0,0.0,0.0,0.0,0.0,0.0,0.0,0.0,0.0,0.0,0.0,0.0,0.0,0.0,0.0,0.0,0.0,0.0,0.0,0.0,0.0,0.0,0.0,0.0,0.0,0.0,0.0,0.0,0.0,0.0,0.0,0.0,0.0,0.0,0.0,0.0,0.0,0.0,0.0,0.0,0.0,0.0,0.0,0.0,0.0,0.0
